OFF
10179 20352 0
-0.163138 -0.1832 0.0585951
-0.163138 -0.1832 0.0585951
-0.154288 -0.17792 0.067057
-0.161116 -0.171141 0.061543
0.235963 0.204993 0.047394
0.225822 0.204763 0.0573083
0.227737 0.187834 0.0535412
0.220731 0.356179 0.0417654
0.214059 0.351923 0.0497431
0.216852 0.360285 0.047728
0.242744 0.439539 0.0751954
0.24946 0.43353 0.0821857
0.248456 0.449451 0.0768413
0.136408 0.00291169 0.118262
0.135998 -0.0248742 0.115402
0.153071 -0.0105076 0.111496
-0.0585718 0.159434 0.00484957
-0.0419978 0.15968 0.0221528
-0.0320493 0.157899 0.00445891
0.135004 -0.0988067 -0.0652029
0.128144 -0.104671 -0.0532525
0.132649 -0.110283 -0.0630559
0.00948918 0.00521528 0.0795249
0.0219893 0.0316158 0.0901619
-0.0121099 0.029616 0.0865023
0.0462929 0.0921462 -0.0690066
0.067519 0.104824 -0.0646758
0.0683998 0.0811279 -0.0733275
0.148458 0.0853174 -0.0796289
0.14483 0.108735 -0.0685673
0.16772 0.0883109 -0.0738801
0.100716 0.000111017 0.116237
0.0901347 0.0161247 0.10853
0.0898581 0.00194223 0.110956
-0.106013 -0.0209974 0.0954809
-0.0994265 -0.0343675 0.0961554
-0.0902297 -0.0204943 0.0964936
0.127661 -0.117648 -0.0553041
0.363023 0.479694 0.0497378
0.360612 0.462654 0.0465675
0.351895 0.478509 0.0452227
0.0887032 -0.023234 0.112414
0.0802853 -0.0208373 0.104688
0.0803685 -0.033348 0.104499
0.162625 0.15639 -0.0205861
0.173436 0.180884 -0.00338131
0.188329 0.172329 -0.0126259
-0.143019 -0.0345185 -0.0637469
-0.1576 -0.035167 -0.0606758
-0.156387 -0.0477461 -0.0687254
-0.076044 0.0742336 -0.0878433
-0.0910951 0.0681389 -0.0939923
-0.0974646 0.0816609 -0.0969408
-0.316458 -0.144807 -0.0485618
-0.307897 -0.148958 -0.0414994
-0.315097 -0.154385 -0.0401811
-0.147121 -0.151448 0.0371831
-0.136165 -0.150566 0.0253913
-0.142113 -0.165846 0.0234873
-0.0946079 -0.00148587 -0.056234
-0.10606 -0.00197022 -0.0512494
-0.104069 -0.00188488 -0.0664862
-0.0352696 0.0623502 0.0861967
-0.0559663 0.0770278 0.0825031
-0.0529258 0.0608227 0.082727
0.0977073 -0.0374826 -0.0312164
0.101839 -0.032311 -0.0222648
0.0940894 -0.0327312 -0.0256934
0.256615 0.329721 0.0463564
0.251271 0.322716 0.0372325
0.253422 0.331623 0.038332
0.232757 0.1024 0.00453273
0.236927 0.116594 0.0157516
0.235557 0.101189 0.019211
-0.1464 -0.0661088 -0.088639
-0.138266 -0.0625909 -0.102633
-0.132469 -0.0517436 -0.0891512
-0.145981 0.134443 -0.0436801
-0.17332 0.123574 -0.0482296
-0.167928 0.142996 -0.00185905
0.0169892 -0.0302001 0.0173079
0.0286635 -0.0269983 0.0433662
0.00833731 -0.0187184 0.0516647
-0.0554636 0.0314238 0.078838
-0.0626227 0.0230784 0.0801297
-0.0546479 0.0223536 0.0756419
-0.130235 0.112696 -0.083189
-0.109763 0.114162 -0.0848572
-0.119243 0.0997993 -0.0943509
-0.183641 0.0608346 0.0411674
-0.195435 0.0462518 0.0321238
-0.182416 0.0479392 0.0365001
0.205 0.168628 -0.011746
0.191874 0.141889 -0.0279733
0.197664 0.18799 -0.00589422
0.150504 -0.022171 -0.0271495
0.157071 -0.0132295 -0.0222784
0.14707 -0.0175009 -0.0171507
-0.142647 -0.168661 0.0734604
-0.126893 -0.157622 0.0764218
-0.144889 -0.152723 0.0748107
0.132631 -0.106307 -0.0745305
0.127425 -0.10958 -0.0832442
0.127527 -0.0996888 -0.0824527
-0.215552 0.100059 -0.0413677
-0.227533 0.103873 -0.0206178
-0.213761 0.117414 -0.0131709
0.37436 0.464076 0.0584445
0.378002 0.463089 0.0678031
0.379847 0.452776 0.0682572
-0.0743347 -0.0741717 0.0803589
-0.0709604 -0.0877664 0.0678016
-0.0685577 -0.072513 0.0702435
-0.256256 -0.15509 -0.139501
-0.25677 -0.16304 -0.140617
-0.261525 -0.159045 -0.136313
-0.175519 -0.0546864 -0.0698118
-0.158276 -0.0616582 -0.0742957
-0.0597277 0.0145916 0.0731688
-0.067103 0.0141443 0.084942
-0.0632759 0.00208134 0.0733933
-0.197751 0.0235014 0.0284751
-0.197615 0.00671251 0.0242141
-0.1835 0.00743243 0.0305174
-0.241989 -0.0439468 -0.00309197
-0.228154 -0.0319187 -0.00547108
-0.234499 -0.0312089 0.00201248
0.164273 -0.251233 0.0665738
0.14422 -0.248816 0.061871
0.164339 -0.242199 0.0399542
0.0822424 0.00558618 0.103193
0.17114 0.105797 -0.0629776
0.1769 0.121687 -0.0483271
0.192869 0.105709 -0.0482583
0.112086 -0.0242424 0.117079
0.123414 -0.0455278 0.114142
0.0826311 0.0322915 0.101934
0.0742994 0.0171181 0.0959664
0.103147 0.025315 0.114573
0.118186 0.0122021 0.119059
0.12759 0.0317186 0.118938
-0.231313 -0.0625283 -0.112437
-0.231489 -0.0580106 -0.090587
-0.218655 -0.0444711 -0.107015
0.112514 -0.159603 0.0939825
0.125748 -0.160664 0.0973309
0.122351 -0.146074 0.0998072
0.0432804 0.0621174 -0.0786018
0.0257468 0.0779563 -0.07963
0.0708913 -0.0249439 -0.053418
0.0754464 -0.030487 -0.0438571
0.067444 -0.0241572 -0.0464802
-0.0149736 -0.00672536 -0.0588175
0.00579506 0.00291523 -0.0684853
0.0139382 -0.0108606 -0.0550569
0.297308 0.490781 0.0715367
0.293913 0.488416 0.06085
0.284103 0.485829 0.0695921
0.0952751 -0.107611 0.0977686
0.113892 -0.111663 0.103561
0.0976534 -0.0879697 0.103075
0.127101 -0.0759215 0.0669103
0.112734 -0.0711658 0.0645588
0.117964 -0.0570075 0.0653585
-0.195514 -0.116922 -0.0903304
-0.198274 -0.126806 -0.103684
-0.189669 -0.115487 -0.102322
-0.166148 -0.0790279 -0.0784306
-0.161663 -0.0855447 -0.0966189
-0.301297 -0.0588934 -0.0225668
-0.3048 -0.060091 -0.0300567
-0.305075 -0.0717303 -0.0237924
-0.205743 -0.130929 -0.0919693
-0.213764 -0.134922 -0.0817432
-0.21014 -0.141347 -0.0919505
0.277767 0.460796 0.0903443
0.26831 0.453438 0.0877219
0.283509 0.451862 0.0900227
-0.139829 -0.135391 0.0348167
-0.0929854 0.15945 0.0125021
-0.0848858 0.156472 0.0315632
-0.0743045 0.161442 0.0148808
0.129713 0.0570611 0.116372
0.139757 0.0724848 0.111898
0.120468 0.0747339 0.109867
0.104086 -0.180324 0.0736192
0.101185 -0.17541 0.0663826
0.103712 -0.183409 0.0632713
-0.0729695 0.0235693 -0.0766251
-0.0673937 0.00445297 -0.0677258
-0.0851202 0.0178825 -0.073918
-0.214458 0.0471286 -0.056735
-0.20929 0.0307661 -0.0523665
-0.218894 0.025066 -0.0513863
0.0747069 0.05601 -0.076322
0.0528524 0.0392568 -0.07663
0.103915 -0.0577455 0.0668319
-0.0991513 -0.185226 0.0164835
-0.0937286 -0.186507 0.0260994
-0.0889324 -0.194844 0.0164591
0.158298 0.123368 0.0782882
0.179085 0.115929 0.078719
0.174597 0.1479 0.0675581
-0.211314 -0.0524923 -0.124675
-0.205035 -0.070504 -0.134339
-0.222226 -0.0697148 -0.127233
0.372504 0.476648 0.077665
0.374579 0.480397 0.0697122
0.369016 0.486251 0.0747915
0.120235 -0.137752 -0.0527458
0.117924 -0.11599 -0.0477954
0.105924 -0.130217 -0.0454903
0.242753 0.285325 0.029758
0.245262 0.302611 0.0324101
0.249762 0.295874 0.0415803
0.28665 0.431441 0.0647213
0.275551 0.428679 0.0732379
0.279254 0.425181 0.0648526
0.0711418 -0.17493 -0.0841371
0.0683052 -0.175806 -0.0767241
0.0672993 -0.167397 -0.0764367
-0.145547 -0.188428 0.0707681
-0.156064 -0.191513 0.0649016
-0.077235 -0.0481561 0.0365845
-0.0777798 -0.0347634 0.0303655
-0.0651392 -0.0367769 0.0350181
-0.276932 0.0356772 -0.0154366
-0.276989 0.0200639 -0.00784575
-0.27048 0.0372542 -0.00215538
-0.171168 -0.0270239 -0.0587982
-0.186896 -0.0138 -0.0518754
-0.18853 -0.0240257 -0.064202
0.228051 0.318427 0.0287467
0.221636 0.329007 0.0340355
0.233924 0.330124 0.0301853
0.163485 0.0219261 -0.0901667
0.170446 0.0154698 -0.0843634
0.162924 0.00785852 -0.0877256
0.22792 0.15814 0.0505043
0.23842 0.169794 0.0362092
-0.128572 -0.000671616 -0.119817
-0.116422 -0.00735846 -0.109525
-0.130073 -0.0170264 -0.118948
0.115697 -0.0524164 -0.0388055
0.123911 -0.0731866 -0.0453697
0.129672 -0.0567213 -0.0407682
0.151424 -0.208097 0.0428548
0.162381 -0.20922 0.0507519
0.159424 -0.217421 0.0383103
-0.148105 0.0771429 -0.100888
-0.12429 0.0778099 -0.104508
-0.12914 0.0561158 -0.110494
0.18182 0.186749 0.0581647
0.191947 0.173562 0.0633493
0.199844 0.188744 0.0629545
0.0990679 -0.105353 -0.0435852
0.100095 -0.0806728 -0.0444699
0.0774156 -0.0858695 -0.0487881
0.139897 -0.223484 0.087936
0.149335 -0.221507 0.089086
0.148243 -0.207934 0.0886391
-0.0811231 -0.199285 0.0276748
0.224548 0.374364 0.0697283
0.221997 0.357242 0.0690036
0.228714 0.368179 0.0743178
-0.261272 -0.165391 -0.13445
0.0981859 -0.0701738 0.108046
0.0875571 -0.0741297 0.102836
-0.169759 0.0158021 0.0422094
-0.166813 0.00930741 0.048665
-0.166964 0.018781 0.0501179
0.142999 -0.0563451 -0.0457409
0.149944 -0.0572836 -0.055773
0.154833 -0.0473341 -0.0543724
0.20116 0.27638 0.0236978
0.212754 0.278938 0.0186174
0.207691 0.267484 0.017328
-0.13183 -0.00971851 0.00644303
-0.140972 -0.00811668 -0.0181128
-0.107168 -0.0106016 -0.0184152
-0.0538935 -0.0170352 0.0448919
-0.0470568 -0.0106956 0.0491264
-0.0570008 -0.0114356 0.0510929
0.329178 0.495154 0.0815653
0.310229 0.487223 0.0847286
0.324597 0.48731 0.0921381
0.232288 0.0887046 0.0239184
0.232227 0.0855188 0.0097115
-0.100767 0.0985835 -0.0932064
-0.110874 0.0881716 -0.099158
0.100208 -0.0292923 -0.0842382
0.119066 -0.0112205 -0.0893163
0.118322 -0.0330456 -0.0891017
0.215513 0.0663052 -0.0300868
0.210995 0.0529938 -0.0342097
0.203606 0.0595581 -0.0478343
-0.109697 -0.181749 0.0599284
-0.0995134 -0.178517 0.0474403
-0.102966 -0.162594 0.0585338
-0.308604 -0.154507 -0.0308437
-0.0884253 -0.146565 0.0510009
-0.0862412 -0.148939 0.0445944
-0.0845401 -0.141298 0.0458715
0.18967 0.248219 0.0242166
0.180528 0.237474 0.0304276
0.184072 0.248834 0.032588
0.218346 0.0552447 -0.0223788
-0.0578008 0.0473126 0.0823551
-0.0431143 0.0443407 0.0827323
-0.162303 -0.163823 0.0580535
-0.16373 -0.169559 0.056207
-0.0867784 -0.0708616 0.0408738
-0.106168 -0.0784534 0.0425333
-0.10486 -0.0533451 0.0363377
-0.00768131 0.15799 0.00557779
-0.00394101 0.161213 0.0157406
0.00627986 0.157989 0.00548802
0.122581 -0.215546 0.0806388
0.113645 -0.203483 0.0762685
0.114692 -0.212818 0.0727033
-0.211513 0.0673874 -0.0617193
-0.21219 0.0859686 -0.0567443
-0.196631 0.0889777 -0.0695586
-0.0379776 0.146126 -0.021478
-0.0474189 0.129204 -0.0528919
-0.0582034 0.141926 -0.0363474
0.240849 0.285316 0.0558702
0.230308 0.272917 0.0629074
0.238701 0.265881 0.0546296
-0.260558 -0.113752 -0.0835468
-0.256087 -0.104619 -0.0827477
-0.26323 -0.106695 -0.0892497
0.122539 -0.0887274 -0.0846945
0.133701 -0.0935141 -0.0745047
-0.155564 -0.20235 0.0640559
-0.146054 -0.20074 0.07061
-0.121002 -0.00555909 -0.0356642
0.18004 0.00188831 -0.0397021
0.17919 0.0115984 -0.0590888
0.191586 0.0203182 -0.0399254
0.270138 0.470153 0.0541759
0.284626 0.481401 0.0570611
0.286463 0.465467 0.0469787
0.247564 0.313855 0.0338668
0.238813 0.316217 0.0291521
-0.128039 -0.0689034 0.0914825
-0.13907 -0.0661987 0.0858658
-0.135882 -0.0773464 0.0858834
-0.170549 0.106495 0.0587591
-0.17812 0.117832 0.0453329
-0.190052 0.104746 0.0428139
0.189894 0.0259728 0.0750084
0.181802 0.00479142 0.0765631
0.187273 0.00938916 0.0562046
-0.144106 -0.0528969 -0.0775323
-0.30299 -0.060631 -0.0370622
-0.3027 -0.052404 -0.031007
0.0658388 -0.0199266 -0.0528453
0.1594 -0.0257981 -0.0690165
0.167671 -0.00764616 -0.0680229
0.169227 -0.0141278 -0.052004
-0.298998 -0.131077 -0.0476076
-0.299138 -0.142643 -0.0370754
-0.30637 -0.140996 -0.0474681
-0.0428151 -0.0210065 -0.0445674
-0.0475967 -0.00244432 -0.0629142
0.104462 -0.047481 -0.0854964
0.0901649 -0.0436485 -0.0813437
-0.194048 0.125772 -0.0218528
-0.202476 0.127228 -0.00773144
-0.189093 0.135438 -0.0013395
0.133283 -0.20879 0.0888925
0.301607 0.471093 0.0467844
0.305851 0.461519 0.0462826
0.156181 -0.0122289 -0.00838019
0.168495 -0.00676939 -0.0231012
0.120608 -0.0280859 -0.0226473
0.135635 -0.0397082 -0.0323131
0.136489 -0.0263217 -0.0228894
0.0702233 -0.159163 -0.0836804
0.207821 0.281334 0.0643409
0.210584 0.26554 0.0648948
0.218738 0.274647 0.0661077
-0.298734 -0.0892766 -0.0494223
-0.287566 -0.0783668 -0.0511499
-0.281562 -0.0914422 -0.0518845
-0.0633382 -0.0729779 0.0602664
-0.0639757 -0.0514632 0.0626592
-0.0400626 0.0237039 0.0787361
-0.0219315 0.0118522 0.0779781
-0.0559623 0.0510796 -0.0877041
-0.0462643 0.0690674 -0.0893258
-0.0241516 0.0611777 -0.0893159
0.130642 0.0630699 -0.0870464
0.152737 0.064622 -0.0854031
0.141473 0.0507726 -0.0903738
0.194622 0.253077 0.0556589
0.205371 0.235979 0.0628786
0.208555 0.253377 0.0636821
0.148296 -0.239497 0.0361367
0.0486781 0.161873 0.00993719
0.0642857 0.158591 -0.00755662
0.0433389 0.155856 -0.00698248
0.106543 0.0109428 -0.0827943
0.0833139 0.0297708 -0.0768033
0.113286 0.0304002 -0.085778
0.361878 0.488551 0.053991
0.371355 0.480657 0.0616173
0.222909 0.0562555 -0.00831369
0.228877 0.0656197 0.00948429
0.22299 0.0502032 0.0145496
0.137379 -0.076617 -0.0547339
0.135263 -0.0675567 -0.0471336
-0.294303 -0.0652055 -0.0463454
-0.283156 -0.0413744 -0.0461124
-0.272137 -0.0683526 -0.0508999
-0.0634047 0.158364 0.0284741
-0.0622714 0.161649 0.017227
0.0995775 0.0720146 0.104217
0.110013 0.060624 0.11212
-0.294128 -0.0784218 -0.0104735
-0.281272 -0.0683529 -0.00248632
-0.287532 -0.0595052 -0.00877772
0.342795 0.446875 0.101998
0.345484 0.440036 0.0979227
0.351155 0.446443 0.101758
0.0845573 -0.201638 -0.100692
0.0788164 -0.20649 -0.0927548
0.0768233 -0.190716 -0.0910062
0.115404 0.132925 0.0709753
0.0996038 0.155126 0.0376172
0.0867673 0.137172 0.0598648
0.341316 0.497566 0.0628711
0.352533 0.49294 0.053328
0.341609 0.492462 0.0526406
-0.0307047 0.0828124 0.0856296
0.126487 -0.0219229 -0.0180574
0.117312 -0.0208441 -0.0152249
-0.102967 0.0658306 -0.101649
-0.0924867 0.0539376 -0.0929974
0.0903762 -0.0310746 -0.0175739
0.0735817 -0.032281 -0.0250094
0.0839535 -0.0318295 -0.0334768
-0.0827717 0.094391 -0.0875587
-0.104725 0.150634 0.0383127
0.0758346 -0.0184969 -0.0678915
0.0731463 -0.0259223 -0.0621175
0.0705232 -0.0180543 -0.0598555
-0.0748481 0.0431296 0.0933903
-0.0638367 0.0321777 0.0835373
-0.271432 -0.0992628 -0.0384319
-0.278797 -0.103887 -0.0478719
-0.272569 -0.0945675 -0.0481977
0.282334 0.449554 0.0442949
0.269638 0.444033 0.0433532
0.271192 0.456793 0.0462923
-0.0460014 0.151146 0.04191
-0.0147662 0.156708 0.0303727
0.222464 0.0667481 -0.0177081
-0.113611 -0.0974879 0.089859
-0.111321 -0.0789894 0.0934833
-0.13202 -0.0899232 0.0867322
-0.19971 0.0186067 -0.0821304
-0.204426 0.00150096 -0.0713588
-0.206256 0.0112997 -0.0603376
0.196269 0.014094 -0.0101306
0.210418 0.0409643 -0.0246292
-0.124753 0.0266347 -0.116993
-0.11461 0.0412253 -0.11026
-0.111472 0.0265213 -0.110791
-0.124887 -0.0225319 0.0358972
-0.115528 -0.0298043 0.0366264
-0.123172 -0.0301703 0.0430164
-0.0219376 0.160745 0.01539
-0.273699 0.004491 -0.0457912
-0.279136 0.0191486 -0.037355
-0.270542 0.0173568 -0.0460353
0.21416 0.347224 0.0591727
0.216162 0.362048 0.0561423
-0.191206 -0.00808388 -0.00111323
-0.168132 -0.0057867 -0.012934
-0.176536 -0.00220041 0.0122717
-0.250613 0.0615667 -0.043874
-0.2509 0.0417498 -0.0500654
-0.266194 0.0491973 -0.0369955
-0.241183 -0.175384 -0.0910221
-0.257534 -0.17382 -0.104117
-0.243705 -0.172775 -0.120371
-0.158309 -0.167849 0.0444008
0.235895 0.154947 0.0383467
0.237041 0.17637 0.0151779
0.232661 0.157459 0.00917658
0.222915 0.174031 -0.00076587
0.138969 -0.161217 0.0952282
0.147137 -0.178105 0.0899257
0.15033 -0.16357 0.0875715
0.110046 -0.16577 -0.0986936
0.100336 -0.147515 -0.0981927
0.112238 -0.151717 -0.0964132
-0.111133 0.15132 -0.0106065
-0.0806074 0.156151 -0.00314327
-0.0735212 0.148949 -0.0216937
0.107947 -0.172499 0.0858637
0.125236 -0.188528 0.0912967
0.125531 -0.174854 0.0945393
0.156421 -0.173465 0.0786326
0.158642 -0.181398 0.0652725
0.157081 -0.170494 0.0693901
-0.158833 -0.0359613 -0.127339
-0.139344 -0.0291714 -0.123113
-0.143657 -0.0407139 -0.123565
0.162059 -0.0183943 -0.037004
0.172817 -0.00976424 -0.0387143
-0.195651 -0.0907905 -0.134026
-0.179916 -0.077825 -0.132609
-0.180056 -0.0934876 -0.124444
-0.094282 0.0242089 -0.0832885
-0.0859621 0.0382088 -0.0824435
-0.0841221 0.0279687 -0.0779354
-0.0204174 -0.00440754 0.064019
-0.0343348 -0.0113023 0.0488938
-0.015483 -0.0180484 0.0413163
-0.173175 -0.0543303 -0.131174
-0.182328 -0.0448455 -0.1293
-0.0997092 -0.00619353 0.0980441
-0.114725 -0.00030068 0.0946406
0.247957 0.395562 0.0387733
0.245338 0.378046 0.0369059
0.237794 0.388263 0.0392192
-0.235517 -0.0724438 -0.0806132
-0.226867 -0.060623 -0.0793968
-0.234435 -0.0638337 -0.0836674
0.0857371 -0.0411228 -0.0418657
0.0996132 -0.0486848 -0.0403526
-0.113657 -0.0169266 -0.0980589
-0.120915 -0.0200445 -0.109226
0.0480426 -0.0363932 -0.0180448
0.0605511 -0.0403004 -0.00353093
0.102971 0.0465855 -0.0822912
0.0953017 0.0610867 -0.078952
0.111794 0.0629428 -0.0836926
-0.0989733 -0.0856237 0.0925467
-0.243863 -0.152969 -0.144877
-0.251658 -0.143272 -0.136949
-0.236167 -0.143721 -0.139059
0.0811712 -0.143733 -0.0925426
0.0809614 -0.171442 -0.094537
0.147472 -0.0471021 -0.0734925
0.150699 -0.0287343 -0.0810329
0.371031 0.459355 0.0840368
0.375605 0.465534 0.0755019
-0.262205 0.0482361 0.0056928
-0.263435 0.0287217 0.0072392
0.15613 -0.0186531 0.0593581
0.157314 -0.0148587 0.0476901
0.170902 -0.0124685 0.0558472
0.172027 0.00633054 -0.0751739
0.215068 0.119023 -0.020754
0.21862 0.153313 -0.00768406
-0.262862 -0.0857605 -0.0270083
-0.264874 -0.0885556 -0.0120616
-0.271203 -0.101503 -0.0201999
0.0989664 -0.154698 -0.047308
0.112965 -0.172245 -0.0548659
0.116746 -0.158163 -0.0544022
-0.158524 0.0149232 0.0810651
-0.160036 -0.00390301 0.0790068
-0.147326 0.00757566 0.0885804
0.170462 -0.0115559 0.0184448
0.186337 -0.00334278 0.0188872
0.182882 -0.00527187 0.0387576
-0.233925 -0.0171247 0.00858094
-0.227836 -0.0247711 0.00381337
-0.0260029 -0.031932 -0.0155951
-0.0336955 -0.0314838 0.00427154
-0.053451 -0.0287486 -7.07502e-05
-0.157406 -0.136308 0.0588782
-0.151365 -0.13861 0.072535
-0.155925 -0.124423 0.0673875
-0.277432 -0.153688 -0.114245
-0.272156 -0.160987 -0.121645
-0.276979 -0.163788 -0.113629
0.223932 0.371898 0.0437911
0.0147098 0.151052 0.0427718
0.0239838 0.160424 0.0252808
0.00290389 0.159994 0.0246619
-0.270604 -0.170655 -0.114196
0.258826 0.344034 0.0511748
0.247039 0.334272 0.0637816
0.199651 0.111478 0.0723438
0.204065 0.087999 0.0688808
0.211546 0.103639 0.0626283
0.200092 0.0394886 -0.0463592
0.188842 0.0278481 -0.059431
0.188366 0.0430667 -0.0689377
0.186761 0.0938211 0.0805148
0.161857 0.0999113 0.0905282
0.193787 0.0682829 0.0769921
-0.251408 -0.0862135 -0.0930343
-0.25319 -0.0906402 -0.0859375
-0.25001 -0.0849879 -0.0873797
0.115011 -0.135121 -0.0932653
0.123013 -0.121101 -0.0874633
0.125678 -0.138377 -0.0840385
0.190085 0.23659 0.0540386
0.180619 0.233636 0.0435444
0.181281 0.218667 0.0498754
-0.194243 -0.117277 -0.114532
-0.193479 -0.104852 -0.125885
-0.183042 -0.10609 -0.112257
0.134733 -0.146494 0.0982451
-0.0668631 0.0584672 0.0867087
-0.0924144 -0.0733418 0.0936868
-0.0889683 -0.0848446 0.0898307
-0.0815559 -0.0748864 0.0888835
-0.122043 -0.0363283 -0.0966764
-0.129794 -0.0501629 -0.103474
0.158493 0.159013 0.0589451
0.14339 0.140979 0.0674934
0.161587 -0.203114 0.0778703
0.167547 -0.21043 0.0655026
0.163668 -0.199866 0.0679229
0.0251542 0.104503 0.0805098
0.00360434 0.100188 0.0830568
0.00972688 0.0826992 0.0881571
-0.182918 0.133412 0.0187387
-0.18924 0.121038 0.0327698
-0.167593 0.129185 0.0407671
-0.113152 -0.00529549 -0.0570536
-0.113812 -0.00329401 -0.045408
0.0520352 0.144014 0.0543544
0.0372086 0.126997 0.0680214
0.06364 0.12752 0.073256
-0.054801 -0.0297288 0.0276207
-0.058149 -0.0276398 0.0155785
-0.0421594 -0.028703 0.0176541
-0.217107 -0.0199545 -0.0329999
-0.222201 -0.0220894 -0.0431259
-0.21535 -0.0154463 -0.0448769
-0.214634 -0.0568147 -0.0747099
-0.219072 -0.0712305 -0.072485
-0.12731 -0.0350371 -0.0772462
-0.114511 -0.0228733 -0.0853741
-0.114582 -0.0138711 -0.0713436
-0.233367 0.00228178 0.0134269
-0.221913 -0.00739915 0.0126052
-0.219834 0.00582364 0.0160977
0.138995 -0.07873 -0.0694625
0.13782 -0.0881208 -0.0658685
-0.275636 -0.0803963 -0.0519166
-0.267324 -0.0777717 -0.05049
-0.270856 -0.0842707 -0.0509458
-0.18134 0.000175461 0.0224062
-0.192223 -0.000336724 0.0197465
0.0870556 -0.178197 -0.0522125
0.0763716 -0.174199 -0.0591259
0.0774125 -0.187659 -0.0620742
-0.142051 -0.189924 0.0127604
-0.127095 -0.172781 0.0136288
0.211857 0.322222 0.0633954
0.211703 0.3042 0.0654466
0.223436 0.314256 0.0687653
-0.0758977 0.0858822 0.0876803
-0.0923592 0.0945207 0.0914301
-0.090593 0.0726503 0.0955571
0.118056 -0.224187 0.0502551
0.120947 -0.236757 0.054894
0.116507 -0.223903 0.0669651
0.304782 0.487012 0.0555992
0.302822 0.492417 0.0637554
0.315267 0.495809 0.0685257
0.0698252 0.140119 0.0610777
0.0829486 0.124769 0.0736599
-0.177798 0.0275843 -0.103905
-0.186702 0.0449441 -0.094166
-0.169014 0.0462096 -0.101016
0.347859 0.462851 0.101657
0.359437 0.463881 0.0950396
0.354974 0.473305 0.0992319
-0.197578 -0.11083 -0.0785187
-0.208842 -0.121344 -0.0774607
0.0689671 0.119476 -0.0570458
0.0534419 0.110017 -0.05999
-0.0655139 -0.0870507 0.0564507
-0.0661602 -0.0813457 0.0634506
-0.102379 0.0305514 -0.0998975
-0.0934551 0.0396488 -0.0899099
0.114685 -0.00879737 0.118444
0.161213 -0.199446 0.0581794
0.155458 -0.200582 0.0497622
-0.251419 -0.088883 -0.105304
-0.25674 -0.101757 -0.112037
-0.258432 -0.0970139 -0.0916068
0.242686 0.420517 0.0451869
0.245022 0.408342 0.0404467
0.234569 0.407865 0.0462932
-0.0427362 -0.0230822 0.0346737
-0.0301149 -0.0190211 0.0359399
-0.306738 -0.0852001 -0.0413324
-0.297955 -0.0763595 -0.0475018
0.109942 -0.0271624 -0.0183416
0.111078 -0.0367755 -0.0278924
-0.253474 -0.069094 -0.0173396
-0.252559 -0.0612219 -0.005293
-0.260203 -0.0720965 -0.00305805
0.100483 -0.0735042 0.0659319
0.087208 -0.0585637 0.0740946
0.0863573 0.114998 -0.0588804
-0.0542921 -0.0255973 -0.0279804
-0.161676 -0.182619 0.0439878
-0.165689 -0.1915 0.0495306
-0.165 -0.183097 0.0510332
0.205476 0.0820297 -0.0436326
0.186562 0.0833573 -0.0646255
0.0649992 -0.146668 -0.0707974
0.0697366 -0.145274 -0.0826003
0.0657016 -0.156896 -0.0727096
0.299542 0.4519 0.0474765
-0.108815 -0.146956 0.0729304
-0.0952677 -0.120514 0.0747962
-0.112066 -0.118435 0.0850103
-0.091746 0.0491602 0.098641
-0.112728 0.0666906 0.0972477
-0.109632 0.0465728 0.099143
-0.212668 -0.0924707 -0.135188
-0.19826 -0.0800633 -0.136319
-0.0205482 0.0855469 -0.0841116
0.00456623 0.0786728 -0.0833791
-0.0721649 0.110646 -0.076564
-0.0640293 0.0894093 -0.0840285
0.125636 -0.243187 0.0669666
-0.0689841 -0.00302734 0.083827
-0.0763535 0.00193893 0.0926389
0.252355 0.309825 0.0464108
0.252425 0.3137 0.0399009
0.254496 0.319583 0.0470412
-0.224066 0.109598 0.0051091
-0.208949 0.122141 0.00459383
-0.218331 0.11684 -0.00232997
-0.124204 -0.155662 0.0190985
0.0845971 -0.10411 0.0770575
0.0809323 -0.093427 0.0835571
0.0860314 -0.0955864 0.0709915
-0.0136654 0.0955865 0.0840901
-0.0116013 0.0753671 0.0890859
-0.155535 -0.147611 0.0663075
0.101451 -0.111408 -0.0938704
0.111249 -0.121159 -0.0938585
0.0989797 -0.128691 -0.0955553
0.065314 0.150346 0.0491295
0.0452533 0.157444 0.0334509
-0.26576 -0.0853989 -0.0459458
-0.229383 -0.118194 -0.0704448
-0.220638 -0.12836 -0.0727474
-0.216757 -0.116113 -0.0706926
0.080325 -0.0625425 0.0816987
0.080703 -0.0533121 0.079708
-0.123684 -0.13459 0.0249622
-0.104876 0.141256 -0.045234
-0.0778764 0.13455 -0.056056
-0.10025 0.126757 -0.0711584
0.215604 0.258252 0.0139981
0.223626 0.27412 0.017957
0.23372 0.265114 0.0205425
-0.222017 0.0655695 0.0267055
-0.194673 0.0798062 0.0410351
-0.211572 0.0945216 0.0309247
0.158941 -0.186327 0.0772984
-0.102121 0.0467889 -0.101445
0.216791 0.193968 -0.000932613
0.210825 0.181254 -0.00619572
0.0697569 -0.158493 -0.0626696
0.0669443 -0.144052 -0.0625026
0.0654503 -0.137698 -0.0756439
-0.142867 0.135336 0.0484266
-0.124441 0.142529 0.0468553
-0.137351 0.145056 0.0338423
0.103751 -0.0640102 -0.0438411
0.123481 -0.200109 -0.0591577
0.131598 -0.195769 -0.0704226
0.120313 -0.182017 -0.0624143
0.28614 0.436546 0.0751959
0.294373 0.437147 0.0696767
0.292699 0.446151 0.0846495
-0.111728 0.0747545 -0.103678
-0.115998 0.062601 -0.107735
-0.266252 0.0610631 -0.019413
-0.259829 0.0642946 -0.0319021
-0.0874836 0.00503303 0.0984016
-0.0769865 0.0168297 0.0947324
0.305272 0.444143 0.0791411
0.302756 0.43929 0.0683635
0.310891 0.439448 0.0675559
0.0458411 -0.0267965 0.0579227
0.0619076 -0.0344518 0.0547691
0.0682614 -0.0236903 0.0712457
-0.202469 -0.115231 -0.125011
-0.202861 -0.126846 -0.115553
-0.215165 -0.12742 -0.126954
-0.0904375 0.111896 -0.0834443
-0.0909891 0.0269589 0.099421
-0.0790062 0.0316747 0.0965669
0.0794661 0.149895 0.0447166
-0.208105 6.09574e-06 0.0181806
-0.211202 0.0162367 0.0212812
0.148909 -0.0196803 0.0363359
0.128884 -0.0260514 0.0225373
0.148854 -0.0202889 0.0124155
0.238869 0.400482 0.0411269
0.0850034 0.162116 0.00228091
0.0815736 0.153731 -0.0198547
0.15351 0.081918 0.104211
0.136383 0.0918606 0.102773
-0.151727 0.0568806 -0.105435
0.221767 0.262096 0.0645102
-0.205081 0.109165 0.0293519
-0.21622 0.107094 0.0195212
0.194432 0.14165 0.0686248
0.211605 0.342248 0.0511716
0.211634 0.335175 0.0595361
-0.0947217 -0.193518 0.0534686
-0.0879686 -0.203565 0.051462
-0.0847432 -0.195268 0.0409366
0.195942 0.215642 0.0608137
0.157932 -0.219886 0.0861593
0.152028 -0.223831 0.033538
0.186218 0.203753 0.00422807
-0.206775 -0.00777343 0.0124902
-0.201294 -0.00325493 0.0168894
0.174221 0.0545991 0.101221
0.186699 0.0433744 0.0876749
0.136478 -0.0195349 -0.0137093
-0.236692 0.0939074 -0.0253618
-0.235949 0.100581 -0.0126582
-0.230858 0.0854384 -0.0440867
0.133579 0.0155437 -0.0907981
0.134515 0.0364598 -0.0911941
0.14863 0.0235299 -0.0928216
-0.0161359 -0.0259243 0.0136154
0.0106877 -0.0311798 -0.0181723
0.12037 -0.172759 0.0482615
0.11669 -0.161659 0.0505227
0.131384 -0.170856 0.049006
0.0572338 0.0225016 0.0934739
0.0689954 0.0327239 0.0962478
0.175951 0.025407 0.0979423
0.0724752 -0.034278 -0.0659146
0.0766313 -0.0274604 -0.0705876
-0.0622394 -0.02856 0.0570089
-0.0583423 -0.024908 0.0470086
-0.0598234 -0.0187464 0.0490927
-0.189136 -0.0577374 -0.133508
0.222592 0.0871549 -0.0171051
-0.196271 -0.00524616 0.0116388
0.0814177 -0.0321646 0.0521937
0.0936999 -0.0346744 0.03227
0.10019 -0.0297649 0.0529543
-0.139705 -0.0529866 -0.115014
-0.130877 -0.0336226 -0.115033
0.0773246 0.108475 0.0833502
0.0565541 0.0962071 0.0888021
-0.0735478 0.147888 0.0501308
0.091933 0.12932 -0.0496201
-0.246849 -0.099582 -0.123315
-0.25707 -0.112221 -0.12091
0.348996 0.431925 0.0876024
0.339695 0.434505 0.0811491
0.350462 0.429401 0.0713031
-0.191593 0.105934 -0.0583057
0.256664 0.45067 0.0834634
0.262933 0.443877 0.0862229
-0.219907 0.0375777 0.0236935
0.131687 0.157753 0.0489977
0.130914 0.155661 -0.0150695
0.146457 0.170565 0.000515776
0.146071 -0.0328391 0.0663515
0.143859 -0.0230418 0.0615943
-0.203621 0.119083 0.0207826
0.168613 -0.00107012 0.100544
0.174968 -0.014266 0.0862077
0.176934 0.00107168 0.089993
-0.1188 0.117136 0.0765479
-0.0938814 0.125654 0.0754676
-0.102468 0.13602 0.0633678
0.161944 0.0146104 0.109449
-0.248968 -0.0611815 -0.0381979
-0.257762 -0.0752271 -0.0390948
-0.25955 -0.0689954 -0.0487209
-0.150224 -0.0744685 -0.105784
0.175481 0.168228 0.06016
0.184475 0.247897 0.0426675
-0.0486086 0.132697 0.0628423
0.0871712 -0.202375 -0.0581418
0.105066 -0.20741 -0.0537664
0.095609 -0.191677 -0.0519369
-0.166985 0.0246706 0.0455502
-0.108426 0.0885325 0.0937133
-0.0796048 -0.098828 0.0709888
-0.081126 -0.0865957 0.0823256
-0.269093 -0.0345273 0.000789204
-0.283333 -0.0192505 -0.0115247
-0.286226 -0.0407523 -0.0111369
-0.103869 -0.00509364 -0.0413879
-0.231443 -0.132506 -0.133698
-0.219978 -0.137998 -0.12854
-0.223876 -0.145452 -0.135797
-0.126308 -0.0522422 0.0499059
-0.128319 -0.070213 0.0547001
-0.13685 -0.0644555 0.0603379
-0.241473 -0.102401 -0.076097
-0.24587 -0.0866009 -0.0816384
-0.251659 -0.0967251 -0.0813731
-0.266929 0.0299654 -0.0449367
-0.27575 0.0353228 -0.0320051
-0.135123 -0.0451138 0.0554419
-0.131342 -0.0335786 0.0498895
0.133275 -0.0230362 0.057953
0.131273 -0.0244189 0.0407985
0.144699 -0.0188173 0.0513188
-0.205735 -0.0113615 0.00355677
-0.209178 -0.016538 -0.0142222
0.187662 0.159623 0.0650797
0.200636 0.156054 0.0652574
0.295179 0.437707 0.0596313
0.0972876 -0.0864548 0.0646215
0.088611 -0.0866823 0.0688401
0.0891626 -0.0764611 0.0703043
0.144459 -0.0174028 -0.00671989
-0.092964 -0.0432541 0.0316902
0.237394 0.206906 0.0189447
0.241942 0.204404 0.0335665
0.240752 0.191274 0.0244747
-0.158728 -0.0581524 -0.125757
0.00589774 0.161671 0.0159805
0.340289 0.483325 0.0464669
0.318708 0.47772 0.0473264
0.327316 0.493509 0.0584412
-0.228157 -0.0189376 -0.0505477
-0.228646 -0.0275517 -0.0470508
0.0086021 -0.00846379 0.0674967
-0.204894 -0.0702789 -0.0678967
-0.184984 -0.0746098 -0.0671008
-0.193181 -0.0595976 -0.0689792
-0.251298 -0.0154153 0.00811534
0.0521053 0.016376 -0.07199
0.07414 0.0058496 -0.0715785
0.0611737 0.000874797 -0.0668544
0.304636 0.479112 0.0493121
-0.241645 -0.0724461 -0.0990593
-0.240203 -0.0804031 -0.117919
0.0120023 0.0602486 -0.0854736
0.342522 0.464858 0.0403515
0.127206 -0.16447 -0.0715533
0.123301 -0.172111 -0.087538
0.122546 -0.153249 -0.087805
0.353219 0.439774 0.0982474
0.349947 0.435035 0.094443
0.357246 0.433376 0.0933679
0.173282 0.0257209 -0.0843185
0.362919 0.49341 0.0665006
0.207906 0.137648 0.0648857
-0.106749 -0.00289484 -0.0927869
-0.10987 0.011352 -0.107902
0.1534 0.0604255 0.112251
0.165656 0.0705999 0.103648
0.110234 -0.188196 -0.0542618
0.289802 0.484256 0.0803659
0.143972 -0.0649623 -0.0531175
0.150254 -0.184494 0.0530021
0.135029 -0.18233 0.0475561
0.142812 -0.172417 0.0523538
-0.163672 -0.175096 0.0508833
0.176812 -0.00365728 -0.0299012
-0.177023 0.0367443 0.0374028
-0.182935 0.0240786 0.0351061
0.337903 0.491764 0.0923685
0.339391 0.498747 0.0753374
0.0946361 -0.215136 -0.0589822
-0.0617381 -0.0166033 0.0559414
-0.190703 -0.0710744 -0.135919
-0.177183 0.0520054 0.0407859
-0.175378 0.0566206 0.047993
0.116538 -0.0569707 -0.0860062
0.109851 -0.0748146 -0.0860535
0.096084 -0.0606756 -0.0842065
0.317021 0.439808 0.0730556
0.375912 0.472337 0.067679
0.064996 -0.0964104 -0.0597595
0.0647278 -0.1075 -0.0718601
0.0661052 -0.116237 -0.059142
0.210326 0.224968 0.00658534
0.202351 0.241625 0.0128965
0.221217 0.240794 0.0113707
0.242373 0.220807 0.0341859
0.235327 0.223089 0.0503674
-0.170594 -0.0681072 -0.0704869
0.138776 -0.191819 0.0919159
0.152874 -0.192555 0.0862598
-0.137884 -0.138235 0.0804526
-0.122913 -0.141249 0.0809191
-0.303974 -0.0731351 -0.0403168
0.170304 -0.00993565 0.0427008
-0.0894047 -0.159167 0.0401256
-0.0911477 -0.155561 0.0487959
-0.0951489 -0.166585 0.0470733
0.238741 0.18841 0.0394978
0.114479 -0.0326406 0.0619657
0.125493 -0.0272399 0.0611864
0.128373 -0.0341954 0.0656016
0.100078 -0.178434 -0.0504367
-0.0577825 0.0312552 -0.0823823
-0.0749833 0.0366994 -0.0814947
-0.0449837 0.0871506 -0.0847369
-0.261671 -0.0567685 0.00199432
-0.251449 -0.0518948 -0.00034422
-0.131459 -0.115237 0.0851505
0.0860739 -0.00958955 0.109118
0.0774803 -0.00813045 0.0970684
-0.0493602 0.0932816 0.0806938
-0.0660683 0.0994401 0.0803717
0.0645608 -0.093228 -0.0688122
-0.0842357 0.14442 -0.0381457
0.0110219 0.0977346 -0.0721951
-0.203834 0.0275861 -0.0614897
-0.205015 0.0402285 -0.05941
0.143893 0.0459618 0.117373
0.280958 0.426629 0.0559206
0.274051 0.425686 0.0470583
0.279429 0.436227 0.0465752
0.0698724 -0.175301 -0.0690312
0.0678081 -0.166431 -0.0680375
0.268265 0.38943 0.0499169
0.268696 0.40001 0.047399
0.271701 0.396014 0.0567865
0.234084 0.122803 0.033549
0.238403 0.123564 0.0237734
0.237412 0.132145 0.0293819
0.0752433 0.0553851 0.0980812
-0.102245 -0.186798 0.0530583
-0.0957545 -0.186717 0.04748
0.258573 0.467869 0.0714192
0.25192 0.461789 0.0691115
0.253635 0.458842 0.0765236
-0.248863 -0.115189 -0.0773038
-0.24208 -0.135753 -0.071033
-0.203378 0.0522762 -0.0667538
-0.0720543 -0.05437 0.0802559
-0.218304 -0.0193021 0.00282223
0.120108 0.0484195 -0.0876396
0.123452 -0.0746503 0.109922
-0.169826 -0.0793272 -0.126044
0.085316 -0.191271 -0.055324
-0.154373 0.143444 0.0236399
-0.0295611 0.112619 0.0756227
-0.289877 -0.1292 -0.039561
-0.226771 0.0737573 -0.0531441
-0.0171899 0.156145 0.00151083
0.318595 0.445769 0.0872827
0.304473 0.450958 0.0902812
0.087092 -0.0786339 -0.0846285
-0.0125301 0.160778 0.0198805
-0.134646 0.039717 -0.114316
0.121569 0.166843 0.0296747
0.133072 0.173473 0.0148262
0.118132 0.167737 0.0193534
0.0656049 -0.126805 -0.0757352
0.0629825 -0.131965 -0.0691316
0.0624457 -0.124571 -0.0663684
0.0778659 -0.0388384 0.0158007
0.073199 -0.0399304 0.0310313
-0.0912007 -0.0508341 0.0950235
-0.0795467 -0.0491889 0.0900722
-0.0850273 -0.0365897 0.0937492
-0.0924155 -0.218645 0.0463295
-0.104362 -0.217995 0.0503128
-0.106865 -0.215419 0.0376654
0.131224 -0.241949 0.0472785
-0.174148 0.0430562 0.03895
0.118785 -0.107296 -0.0896676
0.10267 -0.0920799 -0.0901416
0.061992 -0.0116652 -0.0592001
0.0709071 -0.00921465 -0.0657561
-0.148182 -0.0507331 0.0653419
0.0934806 -0.00825446 -0.0804338
0.0676403 0.160526 0.0326183
0.124671 0.12371 -0.058557
0.110042 0.138153 -0.043246
0.131512 0.141619 -0.0389166
0.000593036 0.0565248 0.0904458
0.151937 -0.166933 0.0607422
0.11518 -0.126907 0.0564866
0.104108 -0.11937 0.0585553
0.117489 -0.1138 0.0591527
-0.243274 -0.0306139 0.00503589
-0.198117 0.045012 -0.079077
0.0597416 -0.0393476 0.0367136
0.0711277 -0.0372647 0.0448885
0.0611921 -0.0383251 0.0460771
0.262161 0.391239 0.0434161
0.265322 0.380761 0.0479637
-0.245061 -0.13145 -0.133996
0.0653328 -0.133645 -0.0620871
0.322648 0.45899 0.0464669
0.330475 0.445148 0.0551681
0.320576 0.447204 0.0569072
-0.107054 -0.03838 0.0334713
0.328693 0.498266 0.0700568
0.369282 0.445837 0.0462947
-0.162551 -0.165818 0.0519716
-0.132797 0.0143609 0.0921752
-0.112516 0.0251331 0.097348
0.360467 0.477024 0.0933979
0.356697 0.485915 0.0935829
0.35312 0.480753 0.100112
-0.27209 -0.0227317 -0.0478597
-0.286121 -0.0253863 -0.0424292
-0.225448 -0.0294625 -0.0224356
-0.228376 -0.0301723 -0.0380346
0.108812 -0.144429 0.0964417
-0.203814 -0.0321056 -0.111858
-0.195024 -0.0409734 -0.125043
-0.0135688 0.160024 0.0108668
-0.125018 -0.0861428 0.0492852
-0.140174 -0.0840774 0.060622
-0.136012 -0.0751269 0.0604043
-0.126237 0.128517 -0.0648336
0.11396 -0.0276994 0.0402531
0.120162 -0.0250024 0.0532885
0.136103 -0.00654264 -0.0924156
0.131559 -0.0229555 -0.0916035
-0.328349 -0.12751 -0.042789
-0.326478 -0.132028 -0.0492365
-0.333203 -0.134417 -0.0448043
-0.249479 0.0107181 0.0121525
0.230463 0.134607 0.00313233
-0.244593 -0.0769339 -0.0884918
-0.229672 -0.0914738 -0.130353
-0.234147 -0.112108 -0.132414
0.123198 0.1037 0.0956823
0.110448 0.089136 0.101184
-0.29697 -0.0458969 -0.0206956
0.231052 0.261627 0.0609438
0.255386 0.466082 0.0635351
0.250202 0.459249 0.0616331
-0.0811197 0.0497596 -0.0849086
-0.0530681 0.00562075 0.0653173
-0.048217 0.0150945 0.0727305
0.104713 0.150747 -0.0235045
0.25734 0.376112 0.0409996
-0.262317 -0.0452356 -0.0504699
-0.256122 -0.0250045 -0.0508663
0.242288 0.267 0.028174
0.2429 0.254121 0.0289233
-0.113363 -0.0535853 0.094105
0.0893585 -0.120474 0.0849392
0.0928364 -0.133829 0.0853084
0.0995438 -0.12853 0.0945671
0.082373 0.0994194 -0.0663219
0.203054 0.311375 0.0534492
0.2005 0.294337 0.0571168
-0.223474 -0.0888741 -0.0701094
0.136028 -0.157413 0.0536465
-0.162224 -0.0723448 -0.122912
-0.169168 -0.068609 -0.129625
-0.0275472 0.0324192 -0.0846834
0.00426089 0.0397517 -0.0852095
-0.170655 0.0642864 -0.0974231
-0.129027 -0.113639 0.0346944
0.140756 0.129744 -0.0531219
0.157945 0.119959 -0.0582397
0.273907 0.475178 0.0810426
0.269585 0.477654 0.0668955
-0.153659 -0.11942 0.0584341
-0.140503 -0.104808 0.0503569
0.155698 -0.0368147 0.104468
0.153196 -0.0555071 0.0995808
0.159684 -0.0503734 0.0906858
0.0815129 -0.158464 -0.0511641
-0.140628 -0.0123316 -0.0462998
-0.136692 -0.00657454 -0.0337244
-0.152008 -0.00537419 -0.0328211
0.22757 0.407533 0.0584984
0.229096 0.392416 0.0465847
-0.160377 -0.158197 0.0519187
0.351772 0.495288 0.0851897
0.312182 0.44286 0.0600176
0.305662 0.440133 0.0625027
0.0488152 -0.0340057 0.0438611
0.0446917 -0.0368288 0.0270507
-0.246856 0.0277165 0.0155766
-0.252848 0.0414063 0.0145869
0.143402 -0.0571394 0.107977
0.0916538 0.142579 -0.036374
-0.118626 0.0167531 -0.115736
0.236772 0.237015 0.0204725
0.243795 0.237987 0.0357544
0.0837846 -0.0277079 -0.0776298
0.0778618 -0.037174 -0.0742814
-0.225079 -0.0176835 0.00828295
0.209228 0.318942 0.0394892
0.217904 0.318439 0.0320328
-0.247618 -0.00130041 -0.0513845
-0.261051 -0.0110692 -0.0501112
-0.261819 0.00197891 -0.0505148
-0.118686 -0.038946 0.0412404
-0.151921 0.0352439 -0.110645
0.0796954 0.0821361 0.0935457
0.102747 0.112447 0.0851814
-0.170453 0.0274866 0.0412959
0.0872532 0.0051925 -0.0761787
0.126204 -0.02025 -0.00841023
0.110247 -0.0248177 -0.00811187
0.303801 0.445225 0.0545382
0.111773 0.0428189 0.116067
0.198747 0.0465956 0.0675463
-0.200468 -0.0199664 -0.102286
-0.190995 -0.0199473 -0.11382
-0.077171 -0.00580522 -0.0580831
-0.0649222 -0.0177116 -0.0447284
-0.0835481 -0.0115372 -0.0411471
0.247305 0.454806 0.0683967
0.295125 0.479297 0.0511698
-0.151839 -0.161606 0.0697504
-0.114392 -0.162983 0.0690901
-0.0737793 -0.0188095 -0.0231298
0.0958879 -0.0401598 0.065941
0.084861 -0.0343844 0.064696
0.0893584 -0.0956846 0.0980757
0.0842956 -0.1022 0.0906279
0.133318 -0.237535 0.0816354
0.151269 -0.231355 0.0894493
-0.0875944 -0.133371 0.0570594
-0.0835621 -0.119128 0.0614791
-0.287371 -0.00840798 -0.0359572
-0.283312 0.00641103 -0.0368649
0.027252 -0.013708 0.0679913
-0.140872 0.0234298 -0.117845
0.15822 -0.0163009 -0.0809789
0.0619728 -0.0422069 0.0208061
-0.180386 -0.0662949 -0.134472
-0.247426 -0.0168984 -0.0513719
0.228277 0.1165 -0.00493105
-0.165361 0.0203181 0.0715863
-0.165617 0.00622979 0.0712115
-0.151672 -0.0119621 0.0358869
-0.128588 -0.0137038 0.022728
0.293867 0.456886 0.0920326
-0.243371 0.0826038 -0.0336787
-0.23984 0.0733504 -0.0457044
0.076437 -0.0233348 0.0941165
-0.0123672 0.128884 -0.0451411
-0.00493709 0.146777 -0.0149876
0.00567787 0.133274 -0.035981
0.198644 0.028372 0.0519756
-0.0735863 -0.0911147 0.0476078
-0.0706047 -0.0748539 0.0458328
-0.065814 -0.0816514 0.0502339
-0.231301 0.0120748 -0.0511707
-0.220702 -0.00504803 -0.0514145
0.229718 0.0989994 0.0333168
-0.234326 0.0891718 0.0141673
-0.0693205 0.0273211 0.0894608
0.0901555 -0.126014 -0.0452297
0.086635 -0.142501 -0.0469977
0.247322 0.347391 0.0678952
0.248586 0.365131 0.0712194
0.236942 0.352268 0.0746743
-0.0964693 -0.151416 0.0578573
0.0931772 -0.0996676 0.064869
0.0939614 -0.111602 0.0640135
0.0879167 -0.103838 0.0691973
0.0746416 -0.204894 -0.083429
-0.162603 0.112559 -0.072933
-0.14141 0.0971126 -0.0929938
-0.164715 0.0927355 -0.0888986
-0.0621031 -0.0107283 -0.0575993
0.237851 0.240565 0.0500588
0.223657 0.242294 0.0612806
0.227424 0.390403 0.0709628
0.236225 0.390973 0.077566
0.235016 0.402318 0.0767234
-0.298086 -0.0480743 -0.0384503
-0.127587 0.151872 0.0202711
-0.220021 -0.17467 -0.108804
-0.269678 0.0502563 -0.00848051
-0.260227 0.0676175 -0.00379657
0.105388 0.164377 0.0211672
0.117273 0.165023 0.0064754
-0.281384 0.02464 -0.0239907
-0.0936976 -0.0959092 0.0864114
0.046611 0.124596 -0.0483686
0.0537917 0.148205 -0.0250568
0.0692995 0.13718 -0.0433146
0.354324 0.453697 0.0999304
0.360424 0.444264 0.0975094
0.366972 0.448949 0.0915311
-0.258156 -0.170043 -0.125903
-0.243313 -0.172076 -0.135715
0.28212 0.471452 0.088945
-0.217496 -0.0137968 0.00966775
0.311803 0.452874 0.050862
-0.0145691 0.0127835 -0.0752821
-0.0473895 0.0172852 -0.0764587
-0.167819 0.0289144 0.0607279
-0.167819 0.0364525 0.0494554
-0.166727 0.0266966 0.0507543
0.123752 -0.184029 0.0465006
0.11479 -0.182671 0.0490414
-0.131096 -0.212096 0.0349338
-0.133124 -0.21299 0.0516462
-0.150647 -0.209178 0.044032
0.201699 0.300254 0.0345707
0.195641 0.291688 0.0396377
0.197729 0.30076 0.046222
0.193442 0.262682 0.0265096
0.200888 0.256036 0.0175636
0.0416478 0.161749 0.0212368
0.0326657 0.161865 0.0130303
-0.0936972 -0.182091 0.0415788
-0.208357 -0.0300847 -0.0928982
0.0877957 -0.0540081 -0.0456916
0.0133562 0.019732 -0.0776568
0.130432 -0.117779 -0.0780431
0.13283 -0.11901 -0.068251
0.13098 -0.129706 -0.074181
-0.108606 -0.0104584 -0.082264
0.0818861 -0.0721837 0.0789407
-0.163818 -0.0816307 -0.116845
-0.151615 -0.0662425 -0.116326
0.149602 -0.0339672 -0.0353161
-0.11942 -0.0672139 0.0470236
0.347387 0.452603 0.10321
0.338528 0.454532 0.104272
-0.0824713 -0.0171515 0.00349838
0.212982 0.0671136 0.0527329
0.158088 0.133921 -0.0443026
0.0359643 0.108553 -0.0605361
0.236543 0.252961 0.0542931
0.133662 -0.0644323 -0.0781619
-0.273617 -0.151251 -0.0839325
-0.28283 -0.150541 -0.0904742
-0.282309 -0.16014 -0.0900494
-0.119294 -0.0217312 0.0929349
-0.11591 -0.0350533 0.0936518
-0.169538 0.0381709 0.0418335
0.0827439 -0.0850599 0.0761427
-0.176029 -0.0228623 -0.120306
-0.154109 0.00368372 -0.118951
-0.146032 -0.018769 -0.123645
0.0427219 -0.0013261 -0.0637864
0.214457 0.195969 0.0614821
0.210806 0.211919 0.0630926
-0.258158 0.0152931 -0.0507488
-0.202967 -0.0128966 -0.034243
-0.195736 -0.0109068 -0.0442619
-0.185971 -0.00895748 -0.0349836
0.0749146 -0.106396 -0.0844561
0.266575 0.414533 0.0434747
0.258057 0.403751 0.0407079
0.254389 0.416749 0.0407465
0.318855 0.474566 0.097644
0.0971009 -0.219855 -0.0928959
0.105859 -0.221854 -0.0815235
0.0912662 -0.219828 -0.083968
-0.0136476 -0.0229319 -0.03889
0.33369 0.441915 0.0951309
0.331915 0.449146 0.102251
0.217844 0.0911617 0.051922
-0.153812 -0.182425 0.0309849
-0.151878 -0.195195 0.0231834
-0.15733 -0.196072 0.03384
0.265135 0.429925 0.0424493
0.0280664 0.039842 -0.0813908
0.13501 -0.0867016 0.0721201
0.125438 -0.0910199 0.0667106
-0.132103 -0.01004 0.0924319
-0.0757007 0.128062 0.0710636
-0.0805456 0.103315 0.0854656
0.113167 -0.087657 0.0632425
0.0733767 -0.143337 -0.0548903
-0.0525746 -0.0268252 0.0392662
0.234487 0.430062 0.0651993
0.233058 0.420325 0.054783
0.229685 0.420402 0.0628677
-0.158751 -0.15778 0.0623308
-0.160239 -0.150617 0.0573009
-0.105815 -0.164784 0.0195243
-0.116521 -0.1673 0.0154055
-0.113242 -0.157652 0.018589
0.240993 0.422629 0.078561
-0.22972 -0.152578 -0.146372
-0.263535 -0.132743 -0.0807262
-0.267573 -0.115848 -0.088703
-0.272828 -0.124321 -0.0908038
-0.110834 0.156981 0.0107576
0.363011 0.426789 0.0860026
0.32997 0.460238 0.104156
0.34723 0.474215 0.102556
0.336097 0.482136 0.102234
-0.171328 0.0484741 0.0553009
-0.171641 0.0464849 0.0438433
0.146046 -0.0180786 -0.0900902
0.141248 -0.0303121 -0.0875557
-0.23398 -0.159769 -0.152749
0.100763 -0.182196 -0.104725
0.0874879 -0.186979 -0.100868
0.0942789 -0.167233 -0.100322
-0.273049 0.0474094 -0.0231833
0.257566 0.462424 0.0560127
0.261408 0.470697 0.0615993
-0.254199 -0.154086 -0.0717403
-0.260686 -0.163983 -0.07438
-0.0934035 0.111357 0.0844563
-0.238784 -0.0680377 -0.0891331
-0.205215 -0.137603 -0.110995
-0.212209 -0.136194 -0.120792
0.0745878 -0.0200359 0.0826303
-0.253522 -0.168931 -0.138604
-0.116282 -0.0512911 0.040902
-0.101654 0.0099834 0.0987541
-0.21432 0.00836447 -0.0523647
0.173604 0.0631086 -0.0792481
0.189003 0.0614735 -0.0685931
-0.146313 0.0995973 0.0786299
-0.152706 0.0782458 0.0838086
-0.129721 0.0888885 0.089949
0.22387 0.112009 0.0471143
0.200386 0.267256 0.0599014
0.192031 0.265618 0.0505476
0.117783 -0.0952742 -0.0462271
0.241856 0.446135 0.0674883
-0.289529 -0.131046 -0.0213139
-0.296265 -0.141686 -0.0244682
0.250701 0.306502 0.0382001
-0.249333 -0.0349886 -0.051834
0.21534 0.331794 0.0659623
0.218173 0.340034 0.0673453
-0.24627 0.0623447 0.0164722
-0.234771 0.0747293 0.0208125
-0.248644 0.077594 0.00671058
0.341596 0.436739 0.0922838
0.101886 -0.0284497 -0.0136365
0.100894 -0.030008 -0.0023957
-0.138535 0.00982242 -0.120934
0.356672 0.450847 0.0420849
0.085479 -0.119334 -0.0918917
0.0692504 0.164238 0.0146764
-0.251208 0.0835173 -0.0109173
0.25873 0.365431 0.0616404
0.25697 0.379488 0.0681086
-0.16907 -0.0078545 -0.0401092
0.264548 0.463599 0.0836025
0.16553 0.196092 0.0426695
0.0997857 -0.0150873 0.11676
0.234941 0.301262 0.0258516
-0.0933921 -0.0291529 0.0247784
-0.107436 -0.0267851 0.0288949
-0.110564 -0.0156619 0.0167377
0.125891 -0.196005 0.0449337
0.0693039 -0.0900324 -0.076503
0.0658547 -0.0833199 -0.0662346
0.073512 -0.075878 -0.0777442
-0.135218 0.0690686 0.0925613
-0.128247 0.0430581 0.0947369
0.236235 0.367096 0.0358161
0.252071 0.357808 0.0374559
0.213655 0.044561 0.0375627
0.211512 0.0315635 0.0188426
-0.20491 -0.138556 -0.100509
0.207065 0.171693 0.0628781
0.218496 0.165473 0.0587107
-0.293409 -0.0334523 -0.0202506
-0.306452 -0.0683617 -0.0329153
-0.331289 -0.130122 -0.030388
-0.321475 -0.114481 -0.038401
0.364265 0.486964 0.0840523
0.359292 0.49264 0.0851895
-0.161699 -0.00707256 0.0463695
-0.157642 -0.0183305 0.0514146
-0.0767645 -0.0233261 0.0892552
-0.066073 -0.0227178 0.0737162
0.235874 0.365247 0.0760777
0.274338 0.442975 0.0858157
-0.192536 0.0272367 -0.094913
-0.191288 0.0108221 -0.101136
-0.10719 -0.124198 0.0262925
-0.101506 -0.145795 0.0250955
-0.114852 -0.144354 0.0213771
0.0952045 -0.154006 0.0703082
0.103442 -0.157253 0.0564404
0.0986138 -0.164425 0.0651154
0.0715642 -0.0330762 -0.0564559
-0.0802113 0.0592138 0.0943462
-0.139955 -0.0528475 0.0882714
0.16374 -0.00275169 -0.0822237
0.0741234 -0.12959 -0.0866839
0.126493 -0.18214 -0.0742622
0.021508 0.157675 0.00355904
0.230994 0.416271 0.0702942
0.23559 0.411922 0.0768105
0.128311 -0.138219 -0.0618717
0.13018 -0.127586 -0.0622767
0.210103 0.0318777 -0.00241913
-0.200861 -0.00794015 -0.0920198
-0.204261 -0.0195314 -0.0880558
-0.204567 -0.00993248 -0.0783481
0.0987564 -0.0328668 0.0107382
-0.165628 -0.00261849 0.0308042
-0.15675 -0.00498522 0.00604641
-0.147367 -0.00841867 0.0214154
0.11488 -0.220126 -0.0957713
0.23517 0.113651 0.0275105
0.142942 -0.195612 0.0458393
0.123855 -0.21229 0.0432153
0.113483 -0.202166 0.0514892
-0.12682 -0.0168574 -0.0590998
-0.0532486 -0.00476729 0.0558903
-0.0440316 -0.00352678 0.0583339
0.273607 0.467824 0.0872518
-0.203235 -0.104334 -0.0703831
-0.193466 -0.0935723 -0.0693538
-0.197335 0.0668117 -0.0783693
0.233227 0.376179 0.0762108
0.25232 0.437615 0.0459554
-0.238789 0.0447738 0.0202786
-0.156382 -0.0198519 -0.0507153
-0.156859 -0.00946177 -0.0427109
0.155315 -0.162864 0.0789198
0.313122 0.457283 0.0963495
0.117524 -0.101812 0.0617451
0.192374 0.00304575 0.0334073
0.200745 0.019092 0.0275392
0.193638 0.0150018 0.0429213
-0.0508626 0.109685 -0.072437
-0.026901 0.107562 -0.0716536
0.251866 0.453014 0.0535187
-0.165504 0.00234159 0.0448539
-0.168635 0.00549331 0.0390779
0.105408 0.118153 -0.0589587
-0.0827749 0.124017 -0.0710565
0.109452 -0.0569792 0.112391
0.0754589 -0.0369481 -0.00511454
0.087717 -0.0347845 0.000981499
-0.154451 0.121321 0.0583808
-0.125735 0.131466 0.0619353
0.187954 0.00143407 0.0467102
0.338647 0.433455 0.0710768
0.336889 0.436153 0.0623253
-0.185862 0.0830886 -0.0840382
-0.186029 0.0669951 -0.090349
-0.243038 -0.162775 -0.150207
-0.254797 -0.041234 0.00399259
0.0707874 -0.189504 -0.0765359
0.139257 -0.22679 0.0348181
0.137883 -0.212385 0.0395282
0.221512 0.222879 0.061192
0.0958608 0.0495774 0.108473
0.352147 0.499071 0.0712161
0.0725794 -0.0321926 0.0619839
0.267849 0.385672 0.0580179
0.262062 0.396924 0.0696538
0.177699 0.0191348 -0.0755925
-0.266787 -0.158564 -0.130309
-0.166859 0.030877 0.0456737
-0.0883705 0.0453313 -0.0865679
-0.17904 0.0688791 0.0505476
-0.165706 0.0634377 0.0736144
-0.172938 0.0625369 0.060418
-0.16918 0.0514424 0.0668269
0.127627 -0.121581 0.0604126
-0.257718 -0.132816 -0.130022
-0.270439 -0.139126 -0.120149
-0.262059 -0.122957 -0.121742
-0.250758 -0.11675 -0.127874
-0.230008 -0.173601 -0.132547
0.118796 -0.0262421 0.0062815
0.137659 -0.0212164 0.00149706
0.122793 -0.165029 -0.0613135
0.126013 -0.152866 -0.0623981
0.235685 0.324382 0.0688236
0.222112 0.329339 0.0699014
0.152478 -0.0526984 -0.0639146
0.228565 0.0721693 0.0239979
-0.276425 -0.133078 -0.104214
0.0999998 -0.168405 0.0749967
-0.141381 -0.00369526 -0.122687
0.294531 0.477919 0.0888495
0.292488 0.467383 0.0925469
0.30402 0.469388 0.0943871
0.154076 -0.011372 -0.088418
-0.0833531 -0.204933 0.0444567
-0.0859459 -0.211463 0.0493552
-0.0897548 -0.187751 0.0352702
-0.093567 -0.179714 0.0340261
0.078238 -0.0491814 0.0986503
0.0763486 -0.037372 0.0928263
-0.167808 0.0123634 0.0580914
0.0587657 -0.0200366 -0.049301
0.379302 0.441569 0.0810427
0.37377 0.43898 0.0883511
0.133148 -0.107144 0.102011
0.0477916 -0.00489577 0.0807102
0.0680741 -0.00733949 0.0847501
-0.216611 -0.155267 -0.142945
0.115853 -0.192069 0.0480253
-0.203224 -0.10121 -0.132737
-0.0536054 0.110309 0.0756058
0.0790767 -0.08297 0.0857614
0.196552 0.00666458 0.0123833
0.202959 0.0200782 0.0103127
-0.155608 -0.14769 0.0487002
-0.271404 -0.150381 -0.123724
-0.26294 -0.149245 -0.132563
0.102252 0.0773167 -0.0764694
-0.268982 -0.0131913 0.000247259
-0.281218 -0.167052 -0.102791
-0.283539 -0.158374 -0.103379
0.0929993 -0.206751 -0.10846
0.0875936 -0.20973 -0.103972
0.360551 0.495043 0.0779272
-0.128427 -0.0449616 0.0930829
0.0548699 0.0696709 0.0948636
0.034502 0.0811907 0.0897926
0.257348 0.338927 0.0415958
-0.142566 -0.0752837 0.0672556
0.366023 0.43699 0.0935435
0.148946 -0.0662198 0.0992016
0.213324 0.151683 0.0615072
-0.228045 0.108612 -0.00736362
-0.200186 -0.0463153 -0.0739881
-0.183835 -0.0373725 -0.0708113
-0.203187 -0.0334503 -0.0764152
-0.250291 -0.0929134 -0.115435
-0.238237 0.0976525 -0.00226547
-0.161847 0.0402107 0.0778253
-0.15072 0.0570338 0.0874177
0.0644306 -0.0268951 -0.038513
0.348964 0.487825 0.0970745
-0.0601958 -0.004722 0.0614246
0.225345 0.293187 0.0663284
0.15217 0.0299778 0.115933
0.166043 0.0312652 0.108875
0.238798 0.149497 0.0264682
0.238139 0.134082 0.0189655
0.181263 0.052137 -0.0769928
0.0770749 -0.202519 -0.068466
0.0855268 -0.212547 -0.0636509
-0.21302 -0.0986472 -0.0673711
-0.205166 -0.0867984 -0.0665655
-0.0600028 0.00350217 0.0662073
-0.197834 -0.0137855 -0.0585413
0.0894604 -0.0441004 0.111162
0.15494 0.0399855 -0.0906901
0.171428 -0.21637 0.0533404
0.230388 0.135365 0.0431279
0.190826 0.00313511 -0.000402787
-0.249848 -0.168301 -0.144504
-0.266511 -0.111705 -0.0978683
-0.0694648 -0.0280494 0.0219059
0.0779913 -0.0326466 0.073757
-0.266117 0.00973225 0.00448181
0.197445 0.0718043 -0.0573069
0.0808021 -0.00788279 -0.0733333
0.0103278 0.131802 0.0627738
-0.0941011 0.00627801 -0.0725999
-0.212207 -0.146485 -0.125879
0.0478555 -0.0260835 -0.0387448
-0.166434 0.000175554 0.0519823
0.218627 0.130666 0.0572772
0.190259 0.225328 0.0126367
-0.116899 0.102078 0.0872945
0.116737 -0.194765 0.0835576
-0.181247 0.100429 -0.0756281
-0.178463 0.111189 -0.0660431
-0.178233 -0.0999732 -0.0922746
0.147335 -0.0066208 -0.0922223
-0.0663331 0.123573 -0.0647509
0.198472 0.281439 0.0567196
-0.275329 -0.0577596 -0.000546403
-0.141898 -0.120549 0.081521
-0.150153 -0.123754 0.0752772
0.354797 0.486599 0.0471754
-0.110068 -0.177115 0.0139465
-0.23639 0.0292733 -0.0533305
-0.283614 -0.149251 -0.0994648
-0.220472 -0.0443513 -0.0888102
0.178539 -0.00268618 -0.00533896
0.112283 -0.194398 -0.112265
0.11894 -0.184044 -0.0999229
-0.177058 0.000333847 -0.112067
-0.263631 -0.114713 -0.11249
-0.0236615 0.152445 -0.00694461
0.0710817 -0.0266309 -0.0403676
0.0169116 0.16193 0.0153853
-0.149485 -0.2088 0.0612567
-0.157233 -0.207937 0.0517722
-0.16407 0.0894611 0.0716938
-0.321301 -0.124325 -0.0477978
-0.212562 -0.110808 -0.132054
-0.222583 -0.107208 -0.134089
0.124347 -0.234271 0.0449909
0.240711 0.349252 0.0324645
0.228856 0.351323 0.0349266
0.34518 0.44542 0.0442204
0.358471 0.438935 0.0446336
-0.191301 -0.0105338 -0.0192321
-0.207023 -0.0278529 -0.0825471
0.0825074 -0.0879069 0.0944386
0.0806535 -0.0754559 0.0948989
0.160199 -0.0356773 -0.0588236
0.0887886 -0.100439 -0.0903226
0.129833 -0.144254 -0.0716469
0.086328 0.162144 0.0220607
0.186922 0.00676722 -0.0244295
-0.123649 -0.00732283 -0.0482181
0.223169 0.287068 0.0204327
0.0410894 -0.0161393 -0.0504747
0.0857248 0.0768661 -0.0739016
0.0943923 0.0902629 -0.06931
0.241329 0.178894 0.0277956
0.240089 0.167158 0.0234451
0.0775944 -0.0426454 0.0815368
0.0767542 -0.0531121 0.087517
-0.142569 -0.0744847 0.076752
-0.141353 -0.083962 0.0787125
0.0200405 0.14283 -0.0213436
0.0214249 0.121597 -0.049632
0.147081 -0.063529 -0.0630818
-0.00454264 0.115193 0.075191
0.0851344 -0.218149 -0.0719196
0.0953286 -0.221854 -0.0715556
0.230168 0.188498 0.00704757
-0.00437163 0.0260751 -0.0822862
-0.238479 -0.0456408 -0.0135863
0.171424 0.218758 0.0342898
0.174408 0.211683 0.0177875
0.163265 0.204188 0.0298574
0.027503 0.0587118 0.0919962
0.100272 -0.157149 0.084261
0.242389 0.443084 0.0572328
0.260168 0.451082 0.0474138
0.229713 0.339801 0.0327105
0.2152 0.338901 0.0422928
-0.166913 -0.00160763 0.0613301
-0.164279 -0.00885595 0.0557108
-0.163695 -0.0111697 0.0688103
-0.000453821 0.121505 -0.0525589
-0.0157733 0.117394 -0.0607374
0.0705769 0.148784 -0.0295565
-0.148295 -0.209003 0.0332229
0.0991566 -0.200078 -0.111193
-0.192314 -0.00677642 -0.107578
-0.115191 -0.213209 0.0237839
-0.147696 -0.0926768 0.0642261
-0.147822 -0.0244225 0.05086
-0.145105 -0.03677 0.0569809
-0.171293 -0.0950022 -0.108694
0.347333 0.488577 0.0474499
0.0933869 -0.124334 0.0649966
0.287071 0.434009 0.0556361
0.0509329 0.0463082 0.0952253
0.0844392 -0.0430695 0.0725394
0.127726 -0.107929 0.0648167
0.139228 -0.104602 0.0751695
-0.285768 0.00869539 -0.0244636
-0.278937 0.000776767 -0.00849595
-0.237885 -0.0428689 -0.0426271
-0.23633 -0.0426244 -0.028011
-0.243829 -0.0539198 -0.0204174
-0.104959 -0.0982129 0.0376788
-0.0976199 -0.111689 0.0324087
-0.11485 -0.110135 0.0316296
0.243722 0.326414 0.0314081
0.0745744 -0.028245 -0.0352212
0.163834 -0.0202672 0.101407
-0.0728647 -0.0386149 0.0833835
-0.0398281 0.00637717 0.0692012
0.193252 0.277147 0.0343256
0.199876 0.289097 0.0307172
0.2085 0.290592 0.0241525
0.117534 -0.148007 0.0526563
-0.225478 -0.173525 -0.145658
-0.236042 -0.172935 -0.144935
0.129028 -0.0846547 -0.0496742
0.0886157 0.0474929 -0.0780712
-0.222822 -0.118917 -0.132734
0.233991 0.280731 0.0224153
0.131823 -0.123369 0.100843
-0.306231 -0.122314 -0.0514436
-0.313274 -0.114309 -0.0488922
0.111152 -0.0301709 0.023107
0.3702 0.48624 0.0670777
-0.223994 -0.105576 -0.0691006
0.15858 -0.0318072 -0.0452049
0.248435 0.419051 0.0818274
0.268594 0.415963 0.0704794
0.255403 0.413527 0.0796747
0.0767108 -0.0298892 0.0850747
-0.174769 -0.0778221 -0.0708984
-0.18131 -0.0911933 -0.0748959
0.341582 0.488023 0.0995743
0.108245 -0.0397167 0.114965
-0.14665 0.0361288 0.0891344
-0.086475 -0.136873 0.0376677
-0.0881391 -0.148122 0.037233
0.142885 0.108041 0.0922548
-0.164282 -0.175726 0.0567037
-0.208747 0.019215 -0.052634
0.151083 0.00793021 -0.0919537
0.15647 -0.000835795 -0.0894772
0.130064 -0.0484086 0.0661017
0.146447 -0.0567206 0.0711577
0.105944 -0.105431 0.0603225
0.323319 0.449625 0.0989518
0.109613 0.100321 -0.0683773
-0.0939524 -0.173839 0.0417651
0.136809 -0.028371 0.0644844
0.0635378 -0.138488 -0.0683327
-0.245828 -0.0539 -0.00876083
0.257522 0.35418 0.0587193
0.175229 0.0798947 0.0919258
-0.244101 -0.0260955 -0.0519755
-0.266138 -0.166176 -0.127219
-0.150644 0.148782 0.00800228
-0.187718 -0.0487234 -0.0716025
0.0892167 -0.125455 0.0751001
0.0876155 -0.114331 0.0726601
0.24928 0.32229 0.0570943
-0.308388 -0.132378 -0.0512521
-0.233676 0.0548972 -0.0538971
-0.0911561 -0.0892231 0.0418214
0.229503 0.357523 0.0746213
-0.229932 0.0211419 0.0180088
-0.147144 -0.00987852 0.0892615
-0.0805913 -0.0626128 0.0901041
0.188372 0.264346 0.0389875
-0.174294 0.0778938 -0.0926635
0.243959 0.251453 0.0426931
-0.0957494 -0.159588 0.0282871
-0.0983478 -0.171211 0.0249507
0.291491 0.442672 0.0491499
-0.0669296 -0.022684 0.00649099
-0.27965 -0.139241 -0.0906515
-0.176546 0.0819057 0.0577924
0.134003 -0.0912854 -0.0571518
0.302836 0.459355 0.0947499
0.056007 0.162697 0.0218842
-0.0933032 -0.171012 0.0339415
-0.145527 -0.108804 0.0790478
0.261025 0.429427 0.0826999
-0.162032 -0.197976 0.0577141
0.2714 0.406395 0.0631093
0.0780725 -0.0874284 -0.0832312
0.124913 0.0842051 -0.0788414
0.118548 -0.0424792 0.0658289
-0.193047 0.0566044 -0.0865722
0.0494992 -0.0405271 0.00913579
-0.280688 -0.0145192 -0.0438759
-0.161914 -0.0178987 0.0597115
0.238419 0.340833 0.0723111
-0.169132 -0.041015 -0.0668606
0.159938 -0.0407795 0.073182
0.106236 -0.222595 -0.0666489
0.356874 0.430412 0.0546817
0.11576 -0.205292 -0.0541792
0.110406 -0.206822 0.0653099
0.084625 -0.0623916 0.104332
-0.16251 -0.0870299 -0.107616
-0.261417 -0.0774155 -0.0467498
-0.212088 -0.0361125 -0.0841513
0.243776 0.410475 0.08035
0.228374 0.40533 0.0691594
0.239899 0.160174 0.0303392
0.131985 -0.0447247 -0.0854117
-0.0564803 -0.0347386 0.0379802
0.160367 0.0449678 0.112166
-0.226567 -0.176024 -0.0832588
0.0783269 -0.106874 -0.0483675
0.110372 -0.172747 0.0514286
0.16747 -0.0328783 0.0899007
0.17057 -0.031232 0.0763906
0.0255727 -0.0252587 -0.0366101
0.0953908 0.10317 -0.0642244
-0.24879 -0.162454 -0.146416
0.228038 0.342623 0.0730805
0.208181 0.328178 0.050868
0.223768 0.212044 0.00673051
-0.0703343 -0.0983958 0.0597268
0.166886 -0.216692 0.0435874
0.217869 0.368084 0.0499772
-0.280017 -0.114991 -0.0346618
-0.142817 0.147494 -0.00600259
-0.145533 -0.0926319 0.0760243
-0.145069 -0.0838778 0.0701446
-0.159873 -0.0245557 0.0675962
-0.162233 -0.192554 0.0414321
0.274156 0.414422 0.0500569
-0.307279 -0.129026 -0.0105898
-0.318947 -0.134061 -0.0170586
-0.306792 -0.138958 -0.0112583
-0.0903223 -0.188287 0.0431108
-0.239777 -0.167352 -0.152821
-0.1602 -0.206344 0.0460874
-0.319968 -0.115562 -0.0245869
-0.307597 -0.117003 -0.0126832
-0.311857 -0.105326 -0.0195513
-0.121129 -0.187749 0.0054767
0.168168 -0.218455 0.0778301
0.177934 -0.22159 0.0665483
0.126509 -0.221866 -0.0752135
0.262674 0.363157 0.0468678
0.102513 -0.21918 -0.101748
0.127296 -0.184717 -0.0868855
0.154112 0.190384 0.0307318
0.156009 0.175957 0.0467173
0.234149 0.305325 0.0653372
-0.12592 0.153503 0.00343393
-0.127422 -0.209184 0.0139743
0.244753 0.306143 0.0566198
-0.259335 -0.100665 -0.0862191
0.227717 0.0732021 -0.00329126
0.179545 -0.000706454 -0.0187366
-0.0996601 -0.214933 0.0215033
-0.116944 -0.215896 0.0514671
0.173538 0.0382152 -0.0833539
0.10788 -0.193472 0.0718207
0.365804 0.421898 0.073285
0.181294 0.0309832 -0.075925
-0.0170336 0.13402 0.0603838
0.0781253 -0.0644361 0.0907952
0.0785453 -0.0729229 0.0866554
0.145411 -0.145921 0.0917655
0.246886 0.394519 0.0780112
-0.10164 -0.194896 0.0620677
-0.146418 -0.0583627 0.0775162
0.106656 -0.193164 0.0621696
-0.127098 -0.181155 0.0720258
0.163459 0.195854 0.0164429
0.203535 0.204538 0.000189106
-0.309465 -0.0816786 -0.0312957
0.21992 0.379006 0.0562741
-0.255203 0.0655185 0.00717735
0.102906 -0.173475 0.0584496
0.0995802 -0.0277441 0.116195
0.0764739 -0.123749 -0.0502724
0.224877 0.083794 0.0378027
0.329963 0.436396 0.0749171
-0.147551 -0.199039 0.0155867
-0.216395 -0.173601 -0.127104
0.108346 -0.187388 0.0542722
0.178329 0.224683 0.0226092
0.112776 -0.131373 0.100536
0.0791952 -0.211764 -0.070234
0.219826 0.302677 0.0247825
0.135137 0.123084 0.0814761
0.167102 -0.0223935 0.0650289
0.149731 0.182616 0.0143896
-0.332029 -0.141151 -0.0215153
-0.303547 -0.14713 -0.0161128
-0.319498 -0.151458 -0.0179924
0.12721 -0.0944883 -0.0505041
0.165001 -0.230991 0.088382
-0.126126 -0.201145 0.0763339
-0.113418 -0.196062 0.0703416
-0.244238 -0.170793 -0.146553
0.246537 0.268319 0.0392095
0.361834 0.424016 0.0633095
-0.143021 -0.206982 0.0177571
-0.0892787 -0.216987 0.0342469
0.130035 -0.229373 0.0385277
-0.32905 -0.140013 -0.0499857
-0.32695 -0.149405 -0.048375
0.187916 0.00421965 -0.0123956
0.210487 0.308173 0.0307621
-0.212907 -0.0438829 -0.0781414
0.095857 -0.057027 0.111285
-0.285694 -0.155543 -0.0949982
-0.269904 -0.172467 -0.0952899
-0.279467 -0.168981 -0.0930068
-0.269687 -0.166945 -0.0822862
-0.281364 -0.0791731 -0.00172367
-0.0938593 -0.127059 0.030336
0.239794 0.338379 0.0311772
0.249583 0.338637 0.0350479
0.258984 0.350537 0.0429272
0.223782 0.394192 0.0588143
0.243466 0.378345 0.0765561
-0.246683 -0.167158 -0.148563
0.141013 0.177828 0.0303314
0.139249 -0.119615 0.0682381
-0.285056 -0.164289 -0.096096
-0.248199 -0.0508575 -0.0497204
-0.0849091 -0.118615 0.0387229
-0.0798169 -0.122704 0.0497125
-0.0825451 -0.132162 0.0466214
-0.29167 -0.0165003 -0.0240363
-0.143804 -0.212329 0.0680298
-0.147956 -0.207146 0.068599
-0.136457 -0.215184 0.0653635
-0.0819828 -0.213125 0.0443439
-0.134212 -0.200083 0.00456198
-0.109369 -0.210889 0.00851593
-0.127214 -0.206049 0.00495904
-0.120951 -0.201935 -0.000340004
-0.300331 -0.125097 -0.0072973
-0.222019 -0.16361 -0.0663671
-0.222556 -0.170503 -0.0650004
-0.215723 -0.171945 -0.065946
-0.211071 -0.1666 -0.0664652
-0.21116 -0.158959 -0.0708632
-0.223755 -0.161896 -0.154139
-0.215134 -0.162272 -0.150475
-0.21614 -0.17313 -0.139289
-0.232667 -0.166111 -0.15575
-0.231326 -0.172169 -0.153932
-0.225849 -0.168449 -0.156971
-0.219293 -0.167135 -0.15642
-0.22077 -0.172762 -0.155164
-0.186017 -0.167162 -0.115079
-0.190914 -0.164766 -0.121352
-0.191502 -0.159803 -0.113135
-0.187818 -0.171468 -0.11401
-0.190641 -0.170314 -0.119379
-0.194733 -0.172072 -0.115126
-0.191582 -0.171818 -0.109309
-0.183624 -0.16702 -0.110963
-0.18333 -0.170471 -0.113227
-0.185906 -0.170463 -0.10956
-0.186788 -0.164066 -0.108567
0.193639 0.28316 0.0464497
-0.295779 -0.030678 -0.0303764
-0.291751 -0.0217219 -0.0348303
-0.292499 -0.0350261 -0.0394913
-0.308162 -0.0923528 -0.0204262
-0.144751 -0.0660813 0.0689993
-0.154996 -0.0271985 0.0799291
-0.143715 -0.0348231 0.0894189
-0.131334 -0.0276764 0.0929221
-0.312495 -0.103329 -0.0442759
-0.303155 -0.10918 -0.0512331
-0.290069 -0.106784 -0.0513866
-0.293428 -0.120357 -0.0493603
-0.336859 -0.151023 -0.0475673
-0.324328 -0.156863 -0.0425292
-0.33592 -0.161242 -0.0407564
-0.340074 -0.138473 -0.0364804
-0.339145 -0.141204 -0.0462959
-0.347549 -0.143352 -0.0398325
-0.286083 -0.0930424 -0.00249499
-0.291379 -0.106951 -0.00393401
-0.283792 -0.105096 -0.00199443
-0.279039 -0.109525 -0.00707012
-0.274497 -0.0981402 -0.00322777
0.142178 -0.0753755 0.0744185
0.149667 -0.0653814 0.0768645
0.142202 -0.078907 0.100515
0.164884 -0.0429817 0.0830877
0.141891 -0.119817 0.0947504
0.142622 -0.0899655 0.0816346
0.142944 -0.104704 0.0900855
0.102069 -0.138945 0.0573521
0.0982321 -0.142963 0.0891265
0.137045 -0.133166 0.0615179
0.147184 -0.145198 0.0645918
0.125902 -0.134578 0.0560772
0.0740648 -0.206648 -0.075462
0.0768373 -0.212903 -0.0857957
0.17915 -0.247713 0.0574479
0.180203 -0.230322 0.0799628
0.173432 -0.241854 0.0939563
0.184825 -0.253001 0.074661
0.158233 -0.255717 0.0812387
0.143291 -0.252409 0.0822126
0.136394 -0.237626 0.0362503
0.156464 -0.057228 0.0802114
-0.312882 -0.15744 -0.0224959
-0.320872 -0.158698 -0.0229693
-0.2025 -0.0210603 -0.0700946
-0.206809 -0.0154351 -0.0735791
-0.206132 -0.00900057 -0.0514629
0.276356 0.415931 0.05917
0.32326 0.43916 0.0636137
0.37858 0.424871 0.0531943
0.376972 0.435313 0.0491473
0.386789 0.432722 0.0540262
0.387145 0.438623 0.0641811
0.391763 0.432062 0.0603125
0.372195 0.419695 0.0623411
0.366922 0.425086 0.0550676
0.391294 0.430023 0.0677656
-0.0607095 -0.0638773 0.0484562
-0.0836202 -0.100952 0.041416
-0.0753585 -0.111102 0.0562064
-0.0729375 -0.102809 0.0501341
-0.0628689 -0.0793378 0.0561947
-0.0616977 -0.074962 0.0509703
-0.235935 -0.157922 -0.0675529
-0.224474 -0.147828 -0.0720691
-0.250181 -0.165373 -0.0693628
0.168543 -0.223592 0.0348193
0.175723 -0.221309 0.0437014
0.168867 -0.238673 0.0304137
0.180318 -0.242538 0.0399954
0.183525 -0.224679 0.0526473
0.189034 -0.231823 0.0746662
0.190246 -0.230894 0.0656995
0.185374 -0.22789 0.0377113
0.182941 -0.231806 0.0294374
0.174598 -0.234389 0.0274159
0.193469 -0.234042 0.0343494
0.193421 -0.231874 0.0467305
0.184484 -0.244602 0.0910646
0.192363 -0.239978 0.0799537
0.188119 -0.255561 0.0850839
0.181519 -0.256341 0.0872232
0.190176 -0.248675 0.0635851
0.196264 -0.24031 0.0728021
0.165358 -0.248962 0.0955102
0.151804 -0.245021 0.090832
0.159981 -0.256167 0.0917246
0.170133 -0.256998 0.0876959
0.160933 -0.239789 0.0932129
0.16744 -0.255835 0.0950267
0.176553 -0.251987 0.0965757
0.173825 -0.257091 0.0941497
0.37923 0.433233 0.0852389
0.385301 0.431229 0.0784584
-0.0690929 -0.096153 0.0529252
-0.10683 -0.188237 0.0059135
-0.0812474 -0.201776 0.016847
-0.086937 -0.21554 0.0181273
-0.105464 -0.203619 -0.00291151
-0.103606 -0.195619 -0.000140684
-0.0902942 -0.203858 -0.00158393
-0.0944483 -0.194373 0.00478995
-0.0973555 -0.209487 -0.00206791
-0.0813456 -0.202308 0.00700415
-0.0934371 -0.213719 0.00562628
-0.0823969 -0.215652 0.0104339
-0.0809851 -0.207015 0.00129694
-0.082401 -0.213162 0.00215624
-0.0730007 -0.207301 0.0296009
-0.0761403 -0.20865 0.0210938
-0.0765942 -0.216702 0.0257293
-0.0762179 -0.217387 0.0333531
-0.0754041 -0.213903 0.0216021
-0.0724803 -0.215644 0.024998
-0.0715877 -0.212863 0.0265658
-0.0715732 -0.217065 0.0281727
-0.102012 -0.203691 0.0679542
-0.126021 -0.217616 0.0638049
-0.111759 -0.208207 0.0767127
-0.122919 -0.213546 0.0786496
-0.114608 -0.221114 0.0738564
-0.112634 -0.216053 0.078527
-0.118412 -0.218304 0.0781042
-0.122554 -0.220288 0.0714155
-0.115108 -0.219339 0.0628692
-0.108628 -0.220466 0.0760691
-0.105583 -0.216065 0.0755401
-0.10251 -0.218006 0.070581
-0.104675 -0.220066 0.065215
-0.0949957 -0.220607 0.0563355
-0.162579 -0.201122 0.0428014
-0.163412 -0.203162 0.0509617
-0.157029 -0.205645 0.0387938
0.185664 -0.25279 0.094483
0.18109 -0.256399 0.0935047
-0.339477 -0.13924 -0.0273155
-0.332679 -0.153118 -0.021642
-0.330075 -0.161864 -0.0287182
-0.318984 -0.161634 -0.0295362
-0.327382 -0.163551 -0.0367427
-0.32004 -0.160618 -0.0364109
-0.348602 -0.163321 -0.0369286
-0.357366 -0.159706 -0.0451787
-0.346783 -0.157165 -0.045608
-0.318207 -0.131672 -0.0512785
0.192594 -0.253355 0.0792425
0.19365 -0.250968 0.0710842
0.193869 -0.252096 0.086065
0.197924 -0.247004 0.0791404
0.200729 -0.25021 0.0723449
0.200392 -0.246736 0.0746793
0.200491 -0.250651 0.0773888
-0.206018 -0.173719 -0.112377
-0.198569 -0.150788 -0.110883
-0.202726 -0.150361 -0.0961352
-0.211452 -0.148327 -0.0824976
-0.20913 -0.174945 -0.098979
-0.193788 -0.162024 -0.0945321
-0.192331 -0.159871 -0.104719
-0.196867 -0.159524 -0.0857937
-0.197557 -0.173456 -0.0946262
-0.193279 -0.17101 -0.0992236
-0.192715 -0.168421 -0.0937187
-0.197264 -0.172994 -0.103722
-0.199445 -0.160719 -0.0764599
-0.193668 -0.169593 -0.0722971
-0.192544 -0.164852 -0.0788163
-0.198981 -0.176584 -0.078895
-0.205099 -0.176805 -0.0745122
-0.208608 -0.175936 -0.0856089
-0.203641 -0.169605 -0.0672236
-0.25354 -0.173136 -0.0769204
-0.199551 -0.166036 -0.139138
-0.196791 -0.170862 -0.137547
-0.203358 -0.170511 -0.138325
-0.197612 -0.172043 -0.132203
-0.237599 -0.171322 -0.0671651
-0.225531 -0.175491 -0.068191
-0.229448 -0.167563 -0.0654627
-0.239008 -0.175948 -0.076624
-0.242349 -0.0414605 -0.0510782
-0.235986 -0.0365043 -0.0486071
-0.242164 -0.0345495 -0.0521897
0.146213 -0.118057 0.080886
0.147706 -0.131285 0.0873362
0.137978 -0.134047 0.0976192
-0.205304 -0.156823 -0.136554
-0.210177 -0.160329 -0.143362
-0.21085 -0.169009 -0.1536
-0.214823 -0.17118 -0.157096
-0.210023 -0.171366 -0.147435
-0.209399 -0.172874 -0.152453
-0.213376 -0.173552 -0.152763
-0.21048 -0.173005 -0.156056
-0.210402 -0.165672 -0.148358
0.0690628 -0.0421982 -0.0599192
0.073283 -0.0406228 -0.051054
0.0712108 -0.0459955 -0.0686572
0.129793 -0.219871 -0.0956479
0.125617 -0.218007 -0.107166
0.141782 -0.217636 -0.102632
0.147225 -0.217581 -0.0938216
0.139544 -0.22007 -0.0801992
0.12269 -0.223509 -0.0629334
0.104495 -0.218718 -0.056823
0.113021 -0.215071 -0.0533201
0.139828 -0.208796 -0.0616372
0.125637 -0.210516 -0.0545661
0.134444 -0.223402 -0.0611731
0.13847 -0.221587 -0.0699114
0.143779 -0.222339 -0.0616408
0.136855 -0.2154 -0.0547553
0.149668 -0.213522 -0.0631399
0.146915 -0.205208 -0.0727299
0.147065 -0.220928 -0.0681581
0.145457 -0.214926 -0.0586118
0.108178 -0.202853 -0.117236
0.103348 -0.210944 -0.116847
0.0985358 -0.212672 -0.113013
0.080774 -0.0664662 -0.0473731
0.0879687 -0.219683 -0.0935693
0.0921857 -0.219141 -0.10054
0.111339 -0.218315 -0.108933
0.109278 -0.209094 -0.120019
0.117628 -0.204202 -0.120679
0.135907 -0.193135 -0.0834039
0.138362 -0.196476 -0.0988
0.126316 -0.196908 -0.110192
0.129003 -0.2055 -0.11969
0.139704 -0.207584 -0.112091
0.137516 -0.213661 -0.118538
0.129475 -0.21542 -0.117257
0.12312 -0.212183 -0.124283
0.130555 -0.21139 -0.122991
0.121078 -0.21665 -0.117446
0.149653 -0.206783 -0.103828
0.152481 -0.206478 -0.0957735
0.146938 -0.213484 -0.107814
0.153338 -0.212182 -0.105647
0.148935 -0.2187 -0.0825534
0.149464 -0.201506 -0.0870974
0.151963 -0.204296 -0.0796546
0.155488 -0.207116 -0.0857498
0.143439 -0.198631 -0.0793064
0.148053 -0.219847 -0.0750242
0.154354 -0.211638 -0.0730501
0.158098 -0.210589 -0.0797552
0.122422 -0.219343 -0.0526524
0.121345 -0.223746 -0.0567129
0.12949 -0.223874 -0.0540874
0.147557 -0.130842 0.0725474
-0.134925 -0.206288 0.00910964
-0.141975 -0.201862 0.0100568
-0.150328 -0.0442604 0.0792963
-0.156899 -0.0268474 0.0577286
-0.155901 -0.0351773 0.065286
-0.188401 -0.170674 -0.0799382
-0.189573 -0.175282 -0.0783011
-0.193986 -0.174912 -0.0849691
-0.209371 -0.174909 -0.0693577
-0.204146 -0.175489 -0.067752
-0.207522 -0.172668 -0.066243
-0.190087 -0.167687 -0.0852795
-0.187505 -0.173533 -0.0839384
-0.190813 -0.171932 -0.0885299
-0.369324 -0.16294 -0.0430736
-0.360811 -0.16522 -0.0370189
-0.368354 -0.166885 -0.0370707
-0.367488 -0.150265 -0.0389715
-0.374062 -0.154906 -0.0432485
-0.375062 -0.151792 -0.0365
-0.364946 -0.15481 -0.0459265
0.132613 -0.219528 -0.0522229
0.138207 -0.222832 -0.053498
-0.301599 -0.103689 -0.0107453
-0.281344 -0.118572 -0.0189477
0.0674183 -0.0668827 -0.0541875
0.0687221 -0.0783991 -0.0542212
0.0658796 -0.0712553 -0.0687128
0.0682942 -0.0587058 -0.0695359
0.075632 -0.0540195 -0.0496368
0.0784956 -0.0545296 -0.0773825
0.263546 0.372118 0.046493
-0.343179 -0.154229 -0.0235643
-0.340319 -0.160426 -0.0280733
0.377944 0.425107 0.0835916
0.377878 0.418072 0.0716445
0.370283 0.422121 0.0816024
0.393321 0.425265 0.0586096
0.39445 0.424969 0.0649345
0.390967 0.419816 0.0596284
0.386874 0.422169 0.0560038
0.388145 0.421957 0.0726801
0.38438 0.416949 0.0619172
0.391886 0.419451 0.0650329
-0.382724 -0.155849 -0.0406775
-0.385325 -0.15453 -0.0319478
-0.402212 -0.156577 -0.0360425
-0.408117 -0.160151 -0.0366421
-0.406434 -0.156038 -0.0316749
-0.405543 -0.164963 -0.0332324
-0.404694 -0.163372 -0.0377308
-0.400369 -0.165503 -0.0379325
-0.39871 -0.167242 -0.0320552
-0.403251 -0.163963 -0.0278501
-0.379782 -0.167427 -0.0374704
-0.369799 -0.165127 -0.0302463
-0.395509 -0.155271 -0.0307432
-0.395135 -0.161589 -0.0269746
-0.391328 -0.166777 -0.0304911
-0.393262 -0.167342 -0.0372469
-0.383551 -0.166675 -0.0308319
0.102323 -0.217685 -0.110916
0.107915 -0.217243 -0.115504
0.103176 -0.216223 -0.115706
-0.0813527 -0.217123 0.0402949
-0.0752574 -0.212017 0.0386039
-0.0931301 -0.2017 0.0612766
0.366845 0.432055 0.0481947
0.380423 0.444972 0.0542377
-0.299609 -0.0428006 -0.0298392
0.0934873 -0.146063 0.0792667
0.091055 -0.135574 0.0750389
0.0942122 -0.14243 0.0661245
-0.0889106 -0.221663 0.0560148
-0.0903689 -0.221268 0.0614512
-0.0918525 -0.215376 0.0645278
-0.0865867 -0.215061 0.061127
-0.0974387 -0.218093 0.0654985
-0.100177 -0.212617 0.0689514
0.274805 0.405592 0.0535324
0.152153 -0.219651 -0.0689572
0.145208 -0.219271 -0.0560137
0.149681 -0.220201 -0.0575307
0.150352 -0.21711 -0.0595759
0.150558 -0.221049 -0.0610972
-0.221698 -0.0499692 -0.0800934
-0.293564 -0.119329 -0.00563321
-0.289391 -0.127835 -0.0106168
-0.283712 -0.119114 -0.00881676
0.185928 -0.257431 0.0907644
0.188137 -0.256299 0.0936287
0.190872 -0.254008 0.0917509
0.142118 -0.213355 -0.1142
0.139127 -0.216088 -0.110485
0.160406 -0.238207 0.031722
0.15168 -0.232775 0.0305865
0.143511 -0.233307 0.0325497
-0.0700248 -0.214572 0.0319628
-0.0728328 -0.207519 0.0354593
-0.403219 -0.158543 -0.0266884
-0.412325 -0.157364 -0.0315651
-0.4104 -0.158097 -0.0279922
-0.411715 -0.158964 -0.0346973
-0.413479 -0.159951 -0.0323738
-0.411065 -0.161933 -0.0326474
0.149606 -0.220912 -0.0647521
0.153277 -0.217069 -0.0627587
-0.15427 -0.11495 0.0694418
0.188243 -0.245412 0.0542564
0.195604 -0.238452 0.0636506
-0.0573145 -0.0354603 0.0471949
-0.113386 -0.194626 -0.000219388
-0.33472 -0.163965 -0.0345889
0.0766186 -0.214556 -0.0778098
0.0817764 -0.218742 -0.0863489
-0.256339 -0.0963038 -0.0847684
-0.15179 -0.104476 0.066437
0.371578 0.430629 0.0888959
-0.209179 -0.00034321 -0.058559
0.0984156 -0.221338 -0.0619529
0.0918006 -0.21969 -0.0647685
0.182361 -0.0061864 0.0536318
-0.151494 -0.204827 0.0250196
-0.159818 -0.205112 0.0572232
-0.0587044 -0.0475456 0.0444668
-0.123961 -0.219234 0.0769213
-0.130858 -0.217757 0.0733244
-0.36055 -0.152867 -0.0268689
-0.351752 -0.146346 -0.0291389
-0.359143 -0.147512 -0.0346499
-0.359914 -0.161982 -0.0284084
-0.350243 -0.158199 -0.026342
-0.0768481 -0.214971 0.00688074
-0.0777602 -0.211214 0.00239109
-0.0759133 -0.208916 0.00541731
-0.269708 -0.0843172 -0.000552228
-0.271497 -0.0715379 0.000938041
-0.277065 -0.0898625 0.000576419
-0.235754 -0.0294184 -0.051591
-0.408994 -0.162015 -0.0280036
0.191178 -0.242584 0.0386737
0.19085 -0.24307 0.0460737
-0.295549 -0.129733 -0.00740351
-0.286143 -0.11323 -0.0036821
0.151459 -0.0687649 0.0868152
-0.368124 -0.157867 -0.0265434
0.345738 0.48297 0.102794
-0.0907935 -0.209001 0.0632732
-0.216191 -0.173485 -0.147471
-0.208325 -0.172175 -0.134847
-0.201425 -0.17243 -0.123505
-0.198967 -0.156423 -0.12562
0.154429 -0.157119 0.0711885
0.26543 0.371686 0.0548763
0.263332 0.362745 0.0549932
-0.346431 -0.147608 -0.0477254
-0.352751 -0.15263 -0.0475951
-0.355673 -0.147652 -0.0434223
0.0667148 -0.0530055 -0.0579583
0.0642634 -0.0639632 -0.0624239
-0.215097 -0.175791 -0.0746888
0.15227 -0.145104 0.0788221
-0.0794125 -0.215009 0.0181968
-0.0764884 -0.207623 0.0112543
-0.0741471 -0.212081 0.00840865
-0.0756337 -0.212913 0.013318
-0.296717 -0.136291 -0.0110293
-0.302112 -0.133014 -0.00858489
-0.239368 -0.17188 -0.150099
0.152844 -0.216999 -0.101859
0.151386 -0.216177 -0.106187
0.156752 -0.215784 -0.105591
0.155694 -0.213041 -0.102133
-0.193701 -0.170682 -0.124929
-0.19132 -0.16568 -0.129034
-0.190915 -0.171676 -0.131693
-0.189591 -0.167968 -0.133403
-0.195159 -0.162218 -0.134377
-0.192166 -0.172515 -0.135682
-0.191945 -0.168616 -0.13708
-0.20637 -0.166694 -0.14238
-0.208336 -0.170964 -0.140295
-0.189805 -0.169757 -0.10404
-0.188005 -0.165758 -0.104588
-0.191384 -0.165836 -0.0996727
-0.185344 -0.167389 -0.107505
-0.349785 -0.151614 -0.0244151
-0.344345 -0.146331 -0.02455
-0.345548 -0.14214 -0.0312864
0.11634 -0.211169 -0.123754
0.11398 -0.216405 -0.120286
0.118784 -0.215621 -0.124119
-0.316053 -0.101233 -0.0307114
-0.087128 -0.20975 0.0571205
-0.0836184 -0.218289 0.048142
0.0941518 -0.215562 -0.108249
0.0839891 -0.214327 -0.0990608
0.07993 -0.214498 -0.092523
-0.206308 -0.00947755 -0.0651408
0.195708 -0.241284 0.05573
0.193999 -0.232618 0.0567083
0.196663 -0.236349 0.0515716
0.178227 -0.0142735 0.0671893
0.197449 -0.245466 0.0675097
-0.188327 -0.171835 -0.135729
0.153027 -0.219818 -0.0633706
0.152983 -0.219042 -0.0601706
-0.0784584 -0.112148 0.0458716
-0.0773418 -0.202562 0.0369526
0.162261 -0.232228 0.0290767
-0.137753 -0.210234 0.0736817
-0.283568 -0.114473 -0.0458766
0.114005 -0.222627 -0.0576254
0.155985 -0.216461 -0.0847508
0.15478 -0.212561 -0.0912708
0.157025 -0.217645 -0.0762443
0.125321 -0.132829 0.1013
-0.198655 -0.176233 -0.0703562
-0.378525 -0.162056 -0.0434868
0.0641722 -0.0725975 -0.060705
0.129517 -0.237432 0.0407039
-0.0896833 -0.211021 -0.00118316
-0.366243 -0.150505 -0.0318059
-0.374128 -0.153636 -0.0296441
-0.381165 -0.160971 -0.0265625
-0.387328 -0.163414 -0.0420709
-0.395367 -0.156365 -0.0373371
-0.390287 -0.157964 -0.0407522
-0.0849082 -0.218786 0.0571027
0.262534 0.355261 0.0511646
-0.218286 -0.0434178 -0.0822393
-0.401532 -0.160506 -0.0396376
0.153637 -0.214053 -0.0971598
0.1617 -0.215593 -0.0811443
0.159499 -0.212437 -0.0845913
-0.279913 -0.0960079 -0.000300418
0.327188 0.435725 0.0679827
-0.165538 -0.198223 0.0476773
0.196493 -0.237193 0.0455243
0.195307 -0.241388 0.0497723
0.188753 -0.238055 0.0281526
0.180806 -0.239877 0.0307078
0.087971 -0.216859 -0.102789
0.0864701 -0.219008 -0.0983078
0.190064 -0.257315 0.0905181
-0.41351 -0.160538 -0.0291161
0.0830101 -0.218311 -0.0948912
0.15523 -0.217152 -0.0676095
0.106489 -0.214676 -0.118639
0.194762 -0.244224 0.0612081
0.19548 -0.24163 0.0445559
0.197584 -0.25224 0.0812064
0.333234 0.434346 0.0682819
-0.138872 -0.214962 0.0705128
-0.0749138 -0.212788 0.00489146
-0.395888 -0.161884 -0.0411558
0.394445 0.421794 0.0618393
0.196944 -0.240652 0.0383681
-0.12018 -0.220995 0.0754205
0.195083 -0.24 0.0316248
-0.0869227 -0.2218 0.0596864
0.181188 -0.236308 0.02654
-0.186524 -0.173865 -0.0807639
-0.159183 -0.18065 0.0629648
-0.157943 -0.174381 0.0643919
-0.16209 -0.177098 0.0605262
0.231389 0.204419 0.0528924
0.226968 0.197965 0.055798
0.232305 0.197279 0.0509138
0.21635 0.352913 0.0456452
0.21549 0.356565 0.0487144
0.218196 0.358546 0.0450615
0.245474 0.436555 0.0790712
0.248693 0.442225 0.0799818
0.245536 0.444436 0.0761745
0.135444 -0.0112876 0.117384
0.14508 -0.0174286 0.114073
0.145432 -0.00464232 0.115332
-0.0497484 0.160555 0.0141991
-0.0372076 0.159828 0.0135918
-0.0439171 0.158403 0.00485478
0.132492 -0.101762 -0.0592144
0.130978 -0.107952 -0.058161
0.133601 -0.104917 -0.0640787
0.0162131 0.016778 0.0854644
0.0050158 0.0299384 0.088403
-4.07874e-05 0.0174232 0.0842676
0.0583532 0.0982271 -0.0666792
0.0674855 0.0940578 -0.0690461
0.0577529 0.0858411 -0.0714251
0.148132 0.0962466 -0.0749477
0.158525 0.0993056 -0.0716223
0.157759 0.0881189 -0.0769641
0.0961858 0.00902698 0.113368
0.0907276 0.00780552 0.110387
0.0938002 0.000731843 0.113263
-0.102449 -0.0278801 0.0959292
-0.0947801 -0.028277 0.0965003
-0.0983944 -0.0216284 0.0966459
0.12751 -0.111558 -0.0536797
0.130557 -0.113379 -0.0589641
0.362423 0.471507 0.0487166
0.355644 0.470901 0.0453422
0.357636 0.478662 0.0467835
0.0837869 -0.0218602 0.108706
0.0804153 -0.026438 0.104891
0.0843411 -0.0291615 0.109177
0.169192 0.169356 -0.0109944
0.18176 0.17655 -0.00941195
0.178215 0.164644 -0.0161709
-0.15115 -0.0353025 -0.0615541
-0.156182 -0.0410146 -0.0646687
-0.149417 -0.04274 -0.0671258
-0.0855125 0.0709473 -0.0907285
-0.0937033 0.0747715 -0.0958674
-0.0874091 0.079629 -0.0920368
-0.311573 -0.14741 -0.0453388
-0.311435 -0.151659 -0.0408117
-0.315526 -0.15068 -0.0441562
-0.141135 -0.150776 0.0298221
-0.138561 -0.157042 0.0244816
-0.145143 -0.157913 0.0309628
-0.101155 -0.00154928 -0.0536332
-0.10454 -0.00151059 -0.0582584
-0.0994808 0.000204725 -0.0618493
-0.0463217 0.0704082 0.0840515
-0.0545225 0.0673176 0.0828809
-0.0469682 0.0624845 0.0837823
0.100941 -0.0349519 -0.0263843
0.0974602 -0.0329047 -0.0239551
0.095629 -0.0344144 -0.0280795
0.254633 0.32602 0.0413543
0.252152 0.327541 0.0375392
0.255862 0.330736 0.0412745
0.234948 0.10951 0.010001
0.23664 0.108447 0.0176568
0.235029 0.101807 0.0124418
-0.140659 -0.064226 -0.0958873
-0.134911 -0.0579871 -0.0954381
-0.138826 -0.0587328 -0.0887874
-0.162089 0.128675 -0.0465289
-0.170629 0.134 -0.0264082
-0.158193 0.138745 -0.0243084
0.022389 -0.0285485 0.0319441
0.0189957 -0.0229665 0.0466152
0.0104509 -0.0244239 0.0362813
-0.0596515 0.0267093 0.0789659
-0.059045 0.0228045 0.0770106
-0.0549563 0.0260137 0.0773093
-0.119804 0.114379 -0.083568
-0.114286 0.107195 -0.0900596
-0.124325 0.1068 -0.0893941
-0.189383 0.0563309 0.0367383
-0.187056 0.0473284 0.0348603
-0.18396 0.053634 0.0379052
0.200021 0.157485 -0.0179919
0.189423 0.159432 -0.0192426
0.196481 0.1703 -0.0132466
0.186699 0.185775 -0.00530407
0.192455 0.180201 -0.00890656
0.154234 -0.0174509 -0.0253386
0.152399 -0.015273 -0.0192239
0.148404 -0.0197615 -0.0221663
-0.135 -0.163932 0.0751694
-0.136673 -0.155149 0.0765195
-0.142811 -0.160198 0.0745278
0.130096 -0.107782 -0.0794456
0.127479 -0.104689 -0.0829243
0.130443 -0.102117 -0.0788602
-0.222785 0.102272 -0.0296543
-0.221208 0.109372 -0.01887
-0.213816 0.110182 -0.0270034
0.377261 0.463425 0.0643645
0.378601 0.459292 0.0678278
0.378324 0.457469 0.0626629
-0.0727854 -0.0816318 0.07438
-0.0697328 -0.0806387 0.069646
-0.0711706 -0.0733428 0.0751325
-0.25677 -0.159448 -0.140359
-0.259544 -0.160925 -0.138228
-0.259614 -0.157065 -0.137712
-0.165887 -0.0580783 -0.0712086
-0.157475 -0.0547612 -0.0718155
-0.16529 -0.051332 -0.0695745
-0.0634225 0.0147686 0.0785281
-0.0647486 0.00854619 0.0791086
-0.0621224 0.00921708 0.0734827
-0.197088 0.0144248 0.0267274
-0.191717 0.00780008 0.0270347
-0.190598 0.0152026 0.0298061
-0.235481 -0.0391869 -0.00464446
-0.232116 -0.0329919 -0.00110621
-0.237473 -0.0370245 -0.000605391
0.154774 -0.250126 0.0634213
0.154202 -0.245403 0.0499397
0.163106 -0.24683 0.0534887
0.0862862 0.00381073 0.107556
0.0852942 0.0116337 0.105276
0.174709 0.1136 -0.0555799
0.184945 0.115572 -0.0481711
0.18222 0.104557 -0.0569029
0.118822 -0.0334554 0.115874
0.129833 -0.0362229 0.114758
0.12277 -0.0244119 0.116747
0.0782232 0.0252554 0.0990227
0.0821443 0.0186111 0.101976
0.0867323 0.0240205 0.105147
0.111837 0.0183398 0.117669
0.122456 0.0206196 0.119102
0.11515 0.0282666 0.117632
-0.232213 -0.0598428 -0.101823
-0.226062 -0.0515824 -0.099608
-0.225175 -0.0536512 -0.110255
0.119542 -0.160956 0.0963591
0.124232 -0.153872 0.0984125
0.117541 -0.15293 0.0974634
0.0459541 0.0774434 -0.0744522
0.0334772 0.0711405 -0.0791544
0.0349013 0.0836936 -0.0748466
0.0724201 -0.0277653 -0.0491438
0.0714295 -0.0267621 -0.0453226
0.0694439 -0.0245467 -0.049446
-0.00336531 -0.00101199 -0.0647741
0.0107457 -0.00383382 -0.0624764
-0.00146239 -0.00877132 -0.0569609
0.294522 0.49016 0.066309
0.289248 0.487895 0.0648599
0.290311 0.488591 0.0705182
0.102894 -0.109121 0.10094
0.106488 -0.0974635 0.10418
0.097474 -0.0988043 0.101103
0.118856 -0.0742138 0.0650611
0.115157 -0.0646039 0.0650959
0.121896 -0.0653961 0.0656179
-0.196535 -0.122134 -0.097036
-0.193918 -0.120782 -0.102858
-0.191187 -0.115602 -0.096542
-0.156348 -0.0727234 -0.0833298
-0.163123 -0.0827162 -0.0876366
-0.154046 -0.0760539 -0.0923321
-0.304026 -0.0591703 -0.0270941
-0.305117 -0.064542 -0.027142
-0.303008 -0.0654035 -0.0227149
-0.209887 -0.132588 -0.0866386
-0.211729 -0.138398 -0.0873907
-0.208779 -0.136654 -0.0922767
0.272581 0.45719 0.0889355
0.275886 0.452545 0.0892619
0.280842 0.455845 0.0906487
-0.142982 -0.144854 0.0346228
-0.136785 -0.143951 0.0284205
-0.0894479 0.158368 0.0235124
-0.0798914 0.159654 0.0228181
-0.0830499 0.160596 0.0133343
0.135601 0.0654291 0.114341
0.130915 0.0738152 0.111358
0.124914 0.0663919 0.113554
0.102017 -0.177574 0.0694475
0.102308 -0.178995 0.0646234
0.103455 -0.182256 0.0681526
-0.0693163 0.0146642 -0.0727079
-0.0779406 0.011839 -0.0712889
-0.0792604 0.0197435 -0.074425
-0.211312 0.0382314 -0.05389
-0.213271 0.029253 -0.0515943
-0.217779 0.0356116 -0.05349
0.0630479 0.0469047 -0.0765815
0.0478307 0.0495102 -0.0781151
0.0593218 0.0587234 -0.0770891
0.111926 -0.0568308 0.0657189
0.108306 -0.0648157 0.0653995
-0.0963302 -0.185063 0.0215372
-0.091521 -0.191236 0.0215984
-0.0943554 -0.190182 0.0163846
0.168992 0.12008 0.0787591
0.177538 0.132254 0.0733703
0.166041 0.134589 0.0725617
-0.207885 -0.0614746 -0.130541
-0.213546 -0.0697169 -0.13122
-0.217709 -0.0610563 -0.126037
0.374294 0.478853 0.0727377
0.372531 0.482728 0.0724591
0.371249 0.482099 0.0762417
0.119217 -0.126402 -0.0497227
0.112549 -0.122732 -0.0464196
0.112902 -0.134115 -0.0480975
0.244003 0.295097 0.0312077
0.248114 0.298638 0.035957
0.246964 0.289468 0.0351278
0.281791 0.429852 0.068952
0.277695 0.426068 0.0684849
0.282425 0.428376 0.0648118
0.0690483 -0.175739 -0.079726
0.0680112 -0.172078 -0.0767963
0.0687583 -0.17006 -0.0805457
-0.150727 -0.182728 0.0689926
-0.155578 -0.184985 0.0656857
-0.151674 -0.190068 0.0679821
-0.0784669 -0.0394696 0.0329321
-0.0715169 -0.0356159 0.0323482
-0.0710664 -0.0410153 0.0360339
-0.277521 0.0281869 -0.0116663
-0.273439 0.0293639 -0.00435847
-0.274075 0.0362283 -0.00813019
-0.17899 -0.0193024 -0.05511
-0.186821 -0.0190678 -0.0584462
-0.180233 -0.0257556 -0.0617287
0.225054 0.324651 0.0312527
0.228034 0.330147 0.0315716
0.230901 0.324703 0.0297192
0.167533 0.018192 -0.0876946
0.167064 0.0119741 -0.0858969
0.162893 0.0140311 -0.0895638
0.233701 0.166127 0.0437934
0.23404 0.178463 0.0449443
0.228757 0.173152 0.051223
-0.122007 -0.00424986 -0.115471
-0.123014 -0.0117467 -0.114836
-0.129594 -0.0086859 -0.119543
0.119247 -0.0623427 -0.042197
0.126495 -0.0637366 -0.0428315
0.124052 -0.054425 -0.0394002
0.157069 -0.208356 0.0461898
0.16038 -0.213102 0.0437914
0.155651 -0.213576 0.0403835
-0.134974 0.0771279 -0.103577
-0.12722 0.0667488 -0.108034
-0.137514 0.0665766 -0.106452
-0.152108 -0.0643657 -0.080283
-0.160758 -0.0695146 -0.0762774
0.187291 0.179202 0.0616201
0.195408 0.179885 0.0630154
0.191838 0.187845 0.0617218
0.098847 -0.092052 -0.0440365
0.0879527 -0.0828941 -0.0458962
0.0877136 -0.0943582 -0.0455093
0.14586 -0.222326 0.0890907
0.148872 -0.216375 0.0889433
0.143618 -0.216119 0.0890946
-0.0854911 -0.196674 0.0219559
-0.087961 -0.192943 0.0266382
0.222963 0.366415 0.068996
0.225615 0.364318 0.0722491
0.226947 0.371016 0.0729099
-0.261755 -0.162178 -0.135719
-0.259087 -0.164344 -0.137846
0.0919696 -0.0724831 0.105521
0.0915585 -0.0800126 0.102905
0.0994066 -0.0778705 0.10609
-0.167413 0.0122826 0.0455508
-0.167002 0.0139835 0.0495182
-0.167266 0.0170709 0.0463872
0.147434 -0.0575194 -0.0515919
0.15199 -0.05352 -0.0558707
0.149564 -0.0516429 -0.0497315
0.206876 0.277661 0.0203329
0.210696 0.2736 0.01786
0.203753 0.271376 0.020287
-0.136017 -0.00886906 -0.00602526
-0.12531 -0.00914894 -0.0179125
-0.121449 -0.0102898 -0.00462319
-0.0502797 -0.0141029 0.0460437
-0.0524874 -0.0106712 0.0501178
-0.0553971 -0.0137387 0.0480824
0.320725 0.492174 0.0826794
0.318865 0.487365 0.0887799
0.326533 0.49126 0.0874971
0.233967 0.0943653 0.0214184
0.233171 0.0874429 0.0178845
0.234371 0.0941127 0.0146624
-0.106326 0.0932754 -0.096426
-0.114525 0.0932359 -0.0975113
-0.109934 0.100084 -0.0939194
0.108788 -0.0203519 -0.0867077
0.118528 -0.0226322 -0.0896951
0.109921 -0.0303784 -0.0872578
0.213274 0.059116 -0.0324795
0.208097 0.0556761 -0.0398498
0.210072 0.0639246 -0.0383041
-0.104475 -0.179278 0.0532287
-0.10174 -0.171547 0.0526519
-0.106694 -0.17169 0.05869
-0.312328 -0.155244 -0.0364156
-0.307633 -0.151742 -0.0367347
-0.0870403 -0.147861 0.0477157
-0.0854305 -0.145479 0.0450394
-0.0861374 -0.143221 0.0490028
0.184844 0.242398 0.0266657
0.182357 0.244002 0.0320114
0.185962 0.248889 0.028923
0.217403 0.0600575 -0.0258472
0.214869 0.0539417 -0.0279572
-0.0549027 0.054397 0.0823785
-0.0511097 0.0469804 0.0815316
-0.0481742 0.0543846 0.0828198
-0.161987 -0.16672 0.0600083
-0.163083 -0.166851 0.0572704
-0.16308 -0.170286 0.0586823
-0.0964873 -0.0743857 0.0411553
-0.104955 -0.06599 0.040042
-0.0963508 -0.0611691 0.0377234
-0.00571116 0.160119 0.0108718
0.00054421 0.160441 0.0115802
-0.00165305 0.157818 0.00530774
0.117285 -0.207942 0.0788247
0.11437 -0.208748 0.0744385
0.11732 -0.213968 0.0756809
-0.211811 0.077778 -0.0597072
-0.203573 0.0879182 -0.062718
-0.204185 0.0785141 -0.0659805
-0.0412329 0.137465 -0.0380726
-0.0537075 0.137478 -0.0424922
-0.0498979 0.143254 -0.0304278
0.235257 0.278789 0.0601343
0.234958 0.2703 0.0593819
0.239921 0.274008 0.0547923
-0.258169 -0.109206 -0.083265
-0.260294 -0.105999 -0.085963
-0.262407 -0.109908 -0.0865046
0.12931 -0.0909748 -0.0794294
0.130041 -0.0965735 -0.0791104
0.125173 -0.0957849 -0.084039
-0.151724 -0.20113 0.0673655
-0.151654 -0.196047 0.0677318
-0.155966 -0.197552 0.0645578
-0.129379 -0.00728845 -0.0271193
-0.116354 -0.00751869 -0.0283245
0.18001 0.0067884 -0.0486104
0.185309 0.0165426 -0.0499923
0.185189 0.0109227 -0.040447
0.277422 0.475676 0.0554077
0.284721 0.474484 0.0514821
0.27762 0.468448 0.0500313
0.246322 0.308589 0.0331056
0.242085 0.308974 0.0302867
0.243484 0.314726 0.0312311
-0.134438 -0.0675263 0.0890602
-0.136864 -0.0719587 0.0861945
-0.132477 -0.0748821 0.0888999
-0.175102 0.113361 0.0511996
-0.183937 0.11267 0.0441656
-0.180149 0.105421 0.0508311
0.185176 0.0161285 0.0766967
0.184722 0.00725049 0.0657447
0.188984 0.0170296 0.0652133
-0.137686 -0.0525783 -0.083028
-0.144678 -0.0592449 -0.0827065
-0.304354 -0.0598405 -0.0333594
-0.303917 -0.0565359 -0.0308156
-0.303002 -0.0557256 -0.0343126
0.0660673 -0.0220863 -0.0498875
0.0684208 -0.0221124 -0.0528916
0.163748 -0.0166605 -0.0678153
0.168972 -0.00996798 -0.060632
0.164722 -0.0202854 -0.0610051
-0.298222 -0.136682 -0.0426897
-0.302547 -0.141857 -0.0428637
-0.302731 -0.136439 -0.0473375
-0.0299505 -0.0143027 -0.0516299
-0.0453521 -0.0120376 -0.054793
-0.0312411 -0.00482904 -0.0607119
0.102679 -0.0388578 -0.0850806
0.0975257 -0.0462076 -0.0837639
0.094731 -0.0374156 -0.082707
-0.199185 0.127668 -0.0123745
-0.196939 0.13079 -0.0055793
-0.189819 0.133562 -0.00900942
0.136549 -0.216577 0.0880831
0.128101 -0.212704 0.0854744
0.131499 -0.22139 0.084899
0.303107 0.466926 0.0461979
0.296606 0.462462 0.0461835
0.294797 0.468341 0.0466939
0.156219 -0.0119536 -0.016629
0.161785 -0.0103284 -0.0227249
0.162849 -0.00841139 -0.0156654
0.127937 -0.0329734 -0.0267631
0.136799 -0.0322337 -0.0274235
0.128628 -0.0280064 -0.0232675
0.0709457 -0.167372 -0.084499
0.0679324 -0.163723 -0.079683
0.208725 0.272003 0.0647015
0.214437 0.269923 0.0656797
0.213947 0.277845 0.0659062
-0.292827 -0.0829186 -0.0505665
-0.285383 -0.0847051 -0.0517996
-0.290153 -0.0903247 -0.0512782
-0.0636005 -0.0648016 0.0611875
-0.0666775 -0.0630736 0.0675459
-0.0659277 -0.0722848 0.0653889
-0.0300904 0.017739 0.0789143
-0.0158683 0.0184696 0.0825586
-0.0269159 0.0263315 0.0829082
-0.0507878 0.0611717 -0.0894021
-0.0366819 0.0652665 -0.0898125
-0.0404706 0.0550053 -0.0894057
0.142086 0.0641849 -0.0867672
0.146442 0.0558995 -0.088925
0.136102 0.0562631 -0.0890129
0.199262 0.245429 0.0597195
0.206952 0.245541 0.0630996
0.201294 0.253225 0.0605009
0.146265 -0.243918 0.0470854
0.155847 -0.241192 0.0382632
0.0561636 0.160682 0.00186327
0.05408 0.157284 -0.0077463
0.0467931 0.159454 0.00139046
0.0962387 0.020085 -0.0797383
0.0997288 0.0298217 -0.0814644
0.110035 0.021196 -0.084154
0.362435 0.48496 0.0512367
0.36669 0.485057 0.0574752
0.367653 0.480365 0.0554003
0.226585 0.0609358 0.00204515
0.22697 0.0590987 0.0114886
0.223095 0.0521825 0.00306262
0.13165 -0.0753885 -0.0492437
0.135966 -0.0717872 -0.0501063
0.130852 -0.0699277 -0.0463037
-0.288313 -0.0542759 -0.0463391
-0.277206 -0.0551296 -0.0489461
-0.283403 -0.0659327 -0.0492737
-0.0621168 0.160701 0.0213901
-0.0673467 0.161834 0.0161372
-0.070227 0.160431 0.0220024
0.105535 0.0664451 0.108651
0.114741 0.0674945 0.111294
0.110217 0.0745528 0.107398
-0.286741 -0.0721523 -0.00566934
-0.2838 -0.0650961 -0.00468483
-0.290542 -0.0678735 -0.00962331
0.34411 0.443342 0.100024
0.348445 0.443086 0.10029
0.347283 0.44645 0.102061
0.0808817 -0.203667 -0.0963952
0.0778175 -0.199592 -0.0920766
0.0804733 -0.196234 -0.096034
0.107584 0.144377 0.0546674
0.0930298 0.144679 0.0504779
0.0988735 0.134809 0.0646695
0.347382 0.495734 0.058215
0.346493 0.493043 0.0525253
0.341389 0.495077 0.0570206
-0.0338879 0.0729115 0.0864459
-0.0433966 0.0785102 0.0840959
0.123496 -0.0244185 -0.0203467
0.121893 -0.0211118 -0.0166851
0.117987 -0.0236964 -0.0188977
-0.0968634 0.0680469 -0.097905
-0.0918995 0.0610488 -0.0936404
-0.0974483 0.0598676 -0.0978675
0.0819741 -0.0317901 -0.021843
0.080077 -0.0308444 -0.0295951
0.0865039 -0.0310695 -0.0263841
-0.089742 0.0878422 -0.0921884
-0.0801261 0.0851434 -0.0881528
-0.0931304 0.153809 0.0356293
-0.0988199 0.156254 0.0250498
0.0743522 -0.0220233 -0.0649121
0.0723475 -0.0218059 -0.0607688
0.0729749 -0.0178752 -0.0636463
-0.0661622 0.0453255 0.0873305
-0.0682219 0.0373735 0.0881465
-0.0615225 0.0391561 0.0830498
-0.275189 -0.102747 -0.0434851
-0.275556 -0.098825 -0.0480607
-0.271872 -0.0971192 -0.0446916
0.27608 0.446789 0.0435998
0.271054 0.450363 0.0442031
0.276977 0.453496 0.0443606
-0.0301151 0.153106 0.0370162
-0.0290161 0.158567 0.0265682
-0.0431574 0.156794 0.0312917
0.220581 0.055498 -0.017002
0.220642 0.0605674 -0.0199634
0.223435 0.0623112 -0.0134604
-0.112817 -0.0883607 0.0918378
-0.121149 -0.0843788 0.0909209
-0.122722 -0.0945003 0.0890593
-0.20238 0.00854301 -0.0766164
-0.205054 0.00726127 -0.0662075
-0.203151 0.0152247 -0.0698324
0.13233 -0.0630247 -0.0439851
0.194865 0.0183525 -0.0253234
0.200803 0.029984 -0.0320314
0.202922 0.0269905 -0.0186439
-0.119583 0.033847 -0.114008
-0.112293 0.0329061 -0.11029
-0.116751 0.0275843 -0.114005
-0.118495 -0.026328 0.0362786
-0.119888 -0.0297214 0.0399285
-0.123662 -0.027266 0.0409169
-0.0295208 0.1603 0.018931
-0.0198652 0.160047 0.0221579
-0.27707 0.012331 -0.0420091
-0.274245 0.018277 -0.0429944
-0.271804 0.0127377 -0.0459919
0.215167 0.354379 0.0578977
0.214499 0.356148 0.0528051
0.213536 0.350267 0.0542259
-0.180041 -0.00656682 -0.00505215
-0.171792 -0.00401616 0.00122447
-0.182906 -0.00474967 0.00500521
-0.250566 0.0522441 -0.0474092
-0.258656 0.0462339 -0.0445538
-0.258561 0.054823 -0.0413566
-0.249641 -0.174615 -0.0970711
-0.251232 -0.173184 -0.112192
-0.241903 -0.17418 -0.10599
-0.150723 -0.166168 0.0340995
-0.152639 -0.159344 0.040623
0.232841 0.155881 0.0437141
0.236993 0.161523 0.037822
0.234463 0.168127 0.0115448
0.228094 0.166023 0.00353917
0.230773 0.174398 0.0069546
0.142096 -0.169777 0.0931658
0.148915 -0.170667 0.0892206
0.145393 -0.162633 0.0920247
0.10446 -0.157365 -0.0992723
0.107521 -0.149856 -0.0977066
0.111168 -0.157228 -0.0973117
-0.0936053 0.154076 -0.00639631
-0.0793062 0.15293 -0.0113903
-0.0915019 0.150122 -0.0174904
0.117048 -0.180918 0.0893387
0.124479 -0.181809 0.0927961
0.115907 -0.173532 0.0913056
0.158289 -0.177093 0.0720065
0.15765 -0.174633 0.0673255
0.157404 -0.172268 0.0733048
-0.147152 -0.0314291 -0.125537
-0.141527 -0.0343953 -0.123557
-0.150161 -0.0389181 -0.126098
0.168354 -0.0133532 -0.0387802
0.170605 -0.00889894 -0.0321087
0.165475 -0.011808 -0.0307001
-0.187659 -0.0845601 -0.133315
-0.180029 -0.0857659 -0.129456
-0.187742 -0.0922286 -0.130122
-0.0894849 0.0326684 -0.0820352
-0.0850471 0.032761 -0.0800589
-0.0884147 0.0271697 -0.0789173
-0.0292384 -0.00807313 0.0556611
-0.0258942 -0.0134343 0.0473284
-0.0181552 -0.0120511 0.0529997
-0.167135 -0.0460569 -0.12946
-0.177354 -0.0490696 -0.13086
-0.172291 -0.0398422 -0.128197
-0.10267 -0.0132712 0.0967505
-0.106393 -0.0034771 0.0966264
-0.109992 -0.0113595 0.0950113
0.24639 0.386638 0.0378188
0.241614 0.383949 0.0374094
0.242594 0.392802 0.0385689
-0.230647 -0.0662379 -0.0794143
-0.231664 -0.0625294 -0.0819846
-0.235114 -0.0668827 -0.0824821
0.0928409 -0.0451087 -0.0408774
0.0988019 -0.0423288 -0.0357127
0.092194 -0.0393746 -0.0366219
-0.11419 -0.0118107 -0.103734
-0.117113 -0.0187963 -0.104122
-0.118606 -0.013738 -0.109644
0.0623162 -0.0349374 -0.0224783
0.0655085 -0.0368363 -0.0149811
0.056142 -0.0392065 -0.0111283
0.0791976 0.0110378 0.0997825
0.0998095 0.0541586 -0.0808878
0.10355 0.0619524 -0.0812901
0.107587 0.0548149 -0.0834638
-0.0599267 0.0319236 0.080471
-0.0631255 0.0272975 0.0819254
-0.105178 -0.0904654 0.0915576
-0.104015 -0.0831846 0.0934482
-0.247864 -0.147951 -0.140521
-0.24398 -0.143109 -0.138416
-0.240079 -0.147965 -0.142015
0.0809808 -0.158633 -0.0937206
0.0753656 -0.163832 -0.08934
0.0746877 -0.152481 -0.0883985
0.149283 -0.0365584 -0.0776789
0.154566 -0.0288659 -0.0756745
0.154032 -0.0363037 -0.0708958
0.371228 0.468839 0.0818788
0.374122 0.462784 0.0787586
0.374311 0.470276 0.0767087
-0.266937 0.0417416 0.00175716
-0.268172 0.0334136 0.00217659
-0.263458 0.0382623 0.00685643
0.157064 -0.015896 0.0534222
0.164092 -0.013152 0.051386
0.163815 -0.0154122 0.057514
0.175406 0.00874114 -0.0680878
0.173122 0.001188 -0.0632285
0.170729 0.000393871 -0.0707522
0.204908 0.130637 -0.0252942
0.207126 0.147602 -0.0175648
0.216505 0.137915 -0.0133686
-0.26321 -0.087142 -0.0189734
-0.267757 -0.0948501 -0.015875
-0.266697 -0.0935639 -0.0236399
0.106291 -0.164501 -0.0506906
0.114312 -0.164384 -0.0542481
0.109495 -0.156004 -0.0506028
-0.159484 0.00496719 0.0799971
-0.154388 0.00215688 0.0841871
-0.153316 0.0120688 0.0850707
0.179743 -0.00710765 0.0184889
0.184263 -0.00490389 0.0293335
0.177897 -0.00817964 0.0295764
-0.234451 -0.0250895 0.00533
-0.231058 -0.027684 0.00276663
-0.230608 -0.0219419 0.00613258
-0.0300649 -0.0320202 -0.00239745
-0.0416174 -0.0312854 0.00254045
-0.0405507 -0.0313744 -0.00794125
-0.155742 -0.136849 0.0666118
-0.154354 -0.130973 0.0697216
-0.156984 -0.12938 0.064156
-0.274774 -0.157839 -0.118786
-0.274435 -0.162971 -0.117594
-0.277306 -0.1598 -0.114511
0.219546 0.364482 0.0454735
0.222741 0.363569 0.0421052
0.0193226 0.157487 0.0324367
0.0133472 0.159847 0.0260507
0.00709549 0.157244 0.0320523
-0.274793 -0.167261 -0.114118
-0.271677 -0.166296 -0.119014
0.253278 0.33874 0.057528
0.252946 0.332067 0.0550052
0.257736 0.336591 0.0489391
0.20093 0.098461 0.0722089
0.207696 0.0961841 0.0661544
0.206541 0.106622 0.0676916
0.193975 0.0328439 -0.053149
0.189604 0.0352075 -0.0637156
0.194979 0.0413291 -0.057156
0.182277 0.103955 0.0808459
0.170924 0.107278 0.0839153
0.175222 0.0970929 0.0856396
0.19981 0.0785993 0.0714077
0.196027 0.0905311 0.0752352
0.191004 0.0820719 0.0786342
-0.253182 -0.0892136 -0.0893194
-0.25139 -0.0874259 -0.0868209
-0.250685 -0.0853975 -0.0896069
0.119113 -0.127799 -0.0906857
0.124293 -0.130349 -0.0859471
0.121424 -0.136756 -0.0889318
0.184655 0.235407 0.0486452
0.180766 0.227735 0.0465128
0.186488 0.228423 0.0524886
-0.00388243 -0.0186039 0.0456741
-0.00145539 -0.0238242 0.0303455
-0.193487 -0.111385 -0.120262
-0.187906 -0.106084 -0.119767
-0.189063 -0.111947 -0.113851
0.130709 -0.154007 0.098054
0.12866 -0.146545 0.0995099
-0.0624544 0.0523496 0.0849582
-0.0592595 0.0599172 0.0836622
-0.0898936 -0.0802705 0.0919308
-0.0851803 -0.0800618 0.0894927
-0.0855302 -0.0744064 0.091555
-0.126783 -0.0447111 -0.0918309
-0.129962 -0.0514694 -0.0965799
-0.126407 -0.0441609 -0.100429
0.151327 0.150885 0.06217
0.159096 0.144528 0.0673993
0.166014 0.154618 0.0634232
0.165413 -0.207243 0.0719836
0.165283 -0.205288 0.0670002
0.163531 -0.20115 0.0722384
0.0123447 0.101717 0.0820781
0.00633523 0.0937832 0.0852309
0.0185221 0.0930514 0.0851409
-0.186208 0.12728 0.0272186
-0.1792 0.125696 0.0361654
-0.174434 0.132067 0.0301341
-0.109176 -0.00273725 -0.0541178
-0.109751 -0.00265517 -0.0477324
-0.113557 -0.0037505 -0.0506091
0.0437175 0.13717 0.0604138
0.0517861 0.126337 0.0716284
0.0575687 0.136455 0.0642586
-0.0564184 -0.0287181 0.0209137
-0.0515866 -0.0288839 0.0157917
-0.0489772 -0.0290001 0.0223791
-0.220068 -0.021217 -0.0389385
-0.219174 -0.0190376 -0.0437705
-0.215385 -0.0176322 -0.0390058
-0.0679305 0.16121 0.00971252
-0.0607859 0.161602 0.0135502
-0.221373 -0.0586627 -0.0768171
-0.223843 -0.0649917 -0.0762498
-0.217533 -0.0638848 -0.0736374
-0.119532 -0.0284921 -0.0818458
-0.114684 -0.0192264 -0.0787172
-0.120502 -0.0233556 -0.0736626
-0.280544 -0.0739186 -0.0511334
-0.289902 -0.0723413 -0.0495377
-0.227526 -0.00268346 0.0129515
-0.220828 -0.000499544 0.0145815
-0.226067 0.00521634 0.01488
-0.108407 -0.00375957 -0.0618502
0.138706 -0.0838318 -0.0670529
0.136767 -0.0904608 -0.0699479
0.135691 -0.086744 -0.0729393
-0.271268 -0.0785108 -0.0514455
-0.269219 -0.081014 -0.0507939
-0.27327 -0.08251 -0.0516776
-0.178869 -0.0009284 0.0191676
-0.186111 0.000330766 0.0209097
-0.185589 -0.00139716 0.0163729
0.0813337 -0.176405 -0.0552568
0.0772108 -0.180572 -0.0600966
0.0816226 -0.183438 -0.0567832
-0.142248 -0.177856 0.0179188
-0.134683 -0.169705 0.0170473
-0.134432 -0.180348 0.0126108
0.211684 0.313495 0.0644759
0.217844 0.309476 0.0675767
0.217247 0.318149 0.0671664
-0.0839224 0.0907583 0.0902475
-0.0906949 0.0846904 0.0934171
-0.0832246 0.0795524 0.0921667
0.119024 -0.231236 0.0529701
0.118159 -0.231537 0.0602468
0.115791 -0.223848 0.0585636
0.303419 0.490684 0.0604526
0.307251 0.493829 0.0652488
0.310686 0.49255 0.0613807
0.0778566 0.137737 0.0609095
0.0748449 0.132372 0.0676379
0.0856557 0.13093 0.0676405
-0.183339 0.0362681 -0.09868
-0.177952 0.0451843 -0.0980949
-0.173313 0.0382422 -0.10196
0.354052 0.463973 0.0986399
0.356726 0.469523 0.0973899
0.352392 0.468811 0.100075
-0.196584 -0.114112 -0.0842329
-0.203394 -0.116155 -0.077986
-0.202467 -0.119808 -0.0837193
0.068482 0.112482 -0.0610487
0.0598849 0.107356 -0.0625991
0.0601857 0.114462 -0.0588103
-0.0654869 -0.0840031 0.0604638
-0.067964 -0.0841552 0.0650314
-0.0674718 -0.0882044 0.0617288
-0.0974432 0.0348787 -0.093796
-0.093461 0.0330879 -0.0865815
-0.0984595 0.0272914 -0.0924765
0.125224 -0.00448054 0.118813
0.12467 -0.0153604 0.117713
0.162216 -0.204945 0.0553195
0.158805 -0.204801 0.0504231
0.158451 -0.199841 0.0533345
-0.254579 -0.0953287 -0.107939
-0.258164 -0.099311 -0.101674
-0.2553 -0.0933047 -0.099014
0.243699 0.413534 0.0421856
0.23961 0.408783 0.0427586
0.238317 0.413758 0.0454613
-0.0420999 -0.0265141 0.0266079
-0.0345328 -0.0239648 0.0267842
-0.0363825 -0.0209833 0.0350975
-0.303584 -0.0865955 -0.0458292
-0.301918 -0.0798769 -0.0449937
-0.298215 -0.0813076 -0.0484051
0.114378 -0.0273984 -0.0207272
0.110427 -0.0311537 -0.0226757
0.117222 -0.032249 -0.0249469
-0.252338 -0.0646622 -0.00963995
-0.255894 -0.0658482 -0.004506
-0.256661 -0.0716974 -0.00918865
0.101301 -0.0658256 0.0668397
0.0939349 -0.0662374 0.0697217
0.0951838 -0.0578083 0.0697199
0.0783897 0.117606 -0.0580002
0.0766086 0.110831 -0.0616117
-0.0418809 -0.0293447 -0.0219698
-0.0481963 -0.0249064 -0.0354652
-0.0344998 -0.0277725 -0.03095
-0.164097 -0.187776 0.0462503
-0.165339 -0.186861 0.0501619
-0.163909 -0.183493 0.0477105
0.196032 0.0835685 -0.0549924
0.189695 0.093691 -0.0570592
0.199884 0.094429 -0.0464796
0.0665111 -0.146217 -0.0764757
0.0671116 -0.151357 -0.0776124
0.0656003 -0.151816 -0.0717903
0.293162 0.457652 0.0462122
0.302205 0.456687 0.0468889
-0.102103 -0.132949 0.0742399
-0.103523 -0.12007 0.0810831
-0.110707 -0.133211 0.079886
-0.14543 -0.195408 0.0708238
-0.101819 0.0584877 0.0985697
-0.111429 0.0550528 0.0985533
-0.101485 0.0485957 0.0994093
-0.204003 -0.0916096 -0.135599
-0.205069 -0.0854147 -0.136247
-0.197145 -0.0850822 -0.135683
-0.022892 0.0742099 -0.0876197
-0.00687477 0.0824561 -0.0836945
-0.00915269 0.0716726 -0.0867602
-0.0898858 0.0383896 -0.0853195
-0.0678388 0.100748 -0.0801576
-0.0738483 0.0921352 -0.0849245
-0.0771717 0.102329 -0.0824408
0.120563 -0.234674 0.0673205
0.121985 -0.2393 0.0600877
-0.0679986 0.00602384 0.0844022
-0.0714544 0.00913461 0.0893625
-0.0720622 -0.000142115 0.0883641
0.253018 0.311683 0.0429329
0.253596 0.316371 0.0432714
0.253527 0.315329 0.0475608
-0.217008 0.115748 0.00586303
-0.215151 0.118888 -1.80315e-05
-0.220468 0.114671 0.000913631
-0.132853 -0.160573 0.0201003
-0.130936 -0.152733 0.0221214
0.082714 -0.0986162 0.0802678
0.0831237 -0.0945854 0.076834
0.084847 -0.0992498 0.0738055
-0.0215826 0.0899243 0.0850683
-0.0213425 0.0783051 0.0877808
-0.0120099 0.0845866 0.0873745
-0.153523 -0.143338 0.0692739
-0.150848 -0.14996 0.0710629
-0.148022 -0.145595 0.0742572
0.107037 -0.116875 -0.094226
0.105906 -0.124454 -0.0950869
0.0998476 -0.120011 -0.0949137
0.0594272 0.147732 0.0513156
0.0568028 0.153804 0.0421821
0.0470682 0.151251 0.0438954
-0.268292 -0.0849113 -0.0494436
-0.266319 -0.0813216 -0.0491407
-0.225097 -0.124074 -0.0707457
-0.218391 -0.122292 -0.0718886
-0.222303 -0.118109 -0.0701249
0.0828242 -0.0607458 0.0783223
0.0806777 -0.0576992 0.0806471
0.0832336 -0.0551572 0.0772294
-0.131335 -0.135437 0.0278197
-0.130454 -0.144141 0.0245893
-0.0908771 0.138361 -0.0518309
-0.0905272 0.131614 -0.0632841
-0.102039 0.134613 -0.0587385
0.220598 0.266843 0.0161822
0.228751 0.271095 0.0189352
0.22491 0.262202 0.0163744
-0.207473 0.0737416 0.0334632
-0.203353 0.0889551 0.0364342
-0.215967 0.0808783 0.0299888
0.157295 -0.179217 0.0779353
0.15975 -0.183971 0.0714618
-0.107258 0.0357904 -0.105415
-0.107891 0.0442562 -0.105755
-0.101916 0.0382676 -0.10051
0.213439 0.186776 -0.00384442
0.20569 0.18417 -0.00656691
0.207385 0.192043 -0.00379487
0.0665467 -0.152503 -0.066855
0.0682799 -0.150262 -0.0624138
0.0657568 -0.145994 -0.066136
0.0649692 -0.142149 -0.0738691
0.0678784 -0.1409 -0.079624
-0.13295 0.138856 0.0489106
-0.13203 0.144204 0.0391145
-0.139766 0.141064 0.0404189
0.110354 -0.0592739 -0.041969
0.113551 -0.0686192 -0.0439153
0.127657 -0.197908 -0.0640607
0.124726 -0.189758 -0.0660797
0.120968 -0.191655 -0.0608569
0.290438 0.436724 0.072381
0.294117 0.441072 0.0769714
0.288605 0.440993 0.0795797
-0.117189 0.0757677 -0.104746
-0.114554 0.069762 -0.105867
-0.120457 0.0690127 -0.107424
-0.263564 0.0627914 -0.0257353
-0.263504 0.0568989 -0.0348059
-0.267521 0.0551475 -0.028562
-0.124262 0.139125 -0.0436025
-0.129042 0.143431 -0.0270844
-0.11011 0.145802 -0.0298886
-0.0817287 0.00285504 0.0960458
-0.0762969 0.0101795 0.0936744
-0.0818958 0.0118029 0.0969575
0.303688 0.44109 0.0729494
0.306656 0.439793 0.0688485
0.308276 0.441391 0.0730799
0.0547857 -0.031318 0.0560847
0.0644678 -0.0297359 0.0624488
0.057399 -0.0250494 0.0649967
-0.202594 -0.121516 -0.120181
-0.208307 -0.127171 -0.121351
-0.208227 -0.121155 -0.125452
-0.0860277 0.103519 -0.0858698
-0.0813974 0.111276 -0.0800552
-0.0828658 0.0207295 0.0976918
-0.0777541 0.0243764 0.0957395
-0.0838711 0.0298374 0.098204
0.0746487 0.144414 0.0541526
0.0720436 0.149941 0.0482157
0.0675734 0.145738 0.0549543
-0.208799 0.00743066 0.0200133
-0.215793 0.0107434 0.0183901
-0.214159 0.00274776 0.0170869
0.138542 -0.0236457 0.0291512
0.139925 -0.023383 0.0182586
0.14911 -0.020656 0.0244721
0.238617 0.395438 0.0403326
0.242727 0.39924 0.0395026
0.0820448 0.157798 -0.0104409
0.0732593 0.156636 -0.0138004
0.0736596 0.160879 -0.00240988
0.146036 0.0876825 0.103598
0.138026 0.0817054 0.107991
0.146056 0.0772475 0.10889
-0.140405 0.0569577 -0.108453
-0.149678 0.0666096 -0.103583
0.226175 0.267683 0.0640683
0.224483 0.274543 0.0652076
0.220462 0.268537 0.0653895
-0.207063 0.103649 0.0309884
-0.210673 0.1078 0.0251858
-0.215181 0.100875 0.0254546
0.187356 0.128926 0.0732833
0.18939 0.113082 0.0764559
0.196613 0.126229 0.0713693
0.212493 0.344722 0.0548767
0.211092 0.338821 0.0549797
0.212876 0.341011 0.0593589
-0.0908609 -0.198538 0.0527076
-0.0867677 -0.199157 0.0468707
-0.0894574 -0.194349 0.0474039
0.200636 0.226643 0.0620014
0.196924 0.236833 0.0591379
0.193307 0.227701 0.057914
0.155527 -0.204928 0.0841185
0.15389 -0.213385 0.0868651
0.159808 -0.211515 0.0823645
0.0310747 0.154875 0.0376107
0.0350732 0.147439 0.0483608
-0.2053 0.120708 -0.0187415
-0.206936 0.123574 -0.009629
0.156582 -0.219846 0.035775
0.151049 -0.215575 0.0379486
0.191719 0.19563 -0.0018629
0.180916 0.192625 0.000659883
-0.207834 -0.00477273 0.015404
-0.203392 -0.00539454 0.014717
-0.203851 -0.00203212 0.0178746
0.18422 0.0619679 0.0892386
0.181784 0.0488304 0.0939712
0.189781 0.0546436 0.083234
0.141887 -0.0216503 -0.0200315
0.14141 -0.0189345 -0.0156526
0.136053 -0.0220562 -0.018359
-0.231405 0.0991461 -0.0239696
-0.237466 0.0972052 -0.0174521
-0.23213 0.102474 -0.0163798
-0.21328 0.0927563 -0.0515816
-0.221838 0.085514 -0.0506
-0.223977 0.0913443 -0.0440633
0.133816 0.0270545 -0.0910808
0.142205 0.0296709 -0.0923755
0.142347 0.0206619 -0.0922624
-0.000644793 -0.0270041 0.0144937
-0.00187499 -0.0293245 -0.00235821
0.0150528 -0.0312992 -0.00209548
0.118634 -0.167444 0.0492335
0.124918 -0.165556 0.0496677
0.12511 -0.171501 0.0483133
0.0667248 0.0191761 0.0938075
0.0712423 0.0258215 0.0960333
0.0635774 0.02905 0.0954962
0.188336 0.0348 0.0829909
0.181556 0.03626 0.0933847
0.183549 0.0260142 0.0868072
0.0729987 -0.0299492 -0.0639789
0.074783 -0.026272 -0.0665584
0.07468 -0.0304369 -0.0684597
-0.0602826 -0.026739 0.0511071
-0.0593824 -0.0217572 0.0483797
-0.06121 -0.0227436 0.0523968
-0.185641 -0.0511863 -0.131546
-0.180874 -0.0558678 -0.132908
0.159873 -0.0149564 -0.0289888
0.232343 0.0942809 0.00578126
0.228486 0.0865642 -0.00307776
0.228486 0.0962937 -0.00515187
-0.084615 0.038952 0.0980065
-0.0779332 0.0375084 0.0956846
-0.0830747 0.0456386 0.0969741
-0.19368 -0.00288502 0.0155934
-0.197568 -0.00174683 0.0182505
-0.199418 -0.00456778 0.0146686
0.0871047 -0.0332918 0.0434152
0.0975337 -0.0313115 0.0431975
0.0900009 -0.0310879 0.0516654
-0.134816 -0.0436051 -0.11515
-0.129735 -0.0428364 -0.108822
-0.133653 -0.0514009 -0.109185
0.0705964 0.11688 0.0795462
0.0603238 0.113291 0.0812179
0.0686543 0.102099 0.0865772
-0.0905238 0.148837 0.0466415
-0.0806267 0.153122 0.0401986
0.0895796 0.12183 -0.0550036
0.0802354 0.12487 -0.0533304
-0.252934 -0.106754 -0.121962
-0.256801 -0.10713 -0.117593
-0.252676 -0.100962 -0.118467
0.34414 0.433141 0.0838055
0.34443 0.432021 0.0764742
0.349719 0.430459 0.0803655
-0.204408 0.112759 -0.0336315
-0.19304 0.11544 -0.0418247
-0.203184 0.103204 -0.0495299
0.259541 0.446605 0.0852888
0.265502 0.448904 0.0869659
0.262328 0.452833 0.0858005
-0.221414 0.0508159 0.0251492
-0.209038 0.0426226 0.0273941
-0.20902 0.0570158 0.0296822
-0.0296409 0.0378648 0.0847232
-0.0399296 0.0333639 0.0815039
0.123099 0.145227 0.0592715
0.115247 0.155093 0.0442695
0.145133 0.155763 -0.0181307
0.13916 0.1627 -0.00662214
0.154935 0.164663 -0.00971981
-0.222234 -0.0568495 -0.119159
-0.227379 -0.0650229 -0.120727
0.152389 -0.0244101 0.0633425
0.145425 -0.0266157 0.0639644
0.149124 -0.021375 0.0606716
-0.205865 0.120734 0.0141319
-0.21368 0.114786 0.0125276
-0.210261 0.113601 0.0196611
0.171956 -0.00864352 0.0941246
0.176502 -0.00536612 0.0881439
0.173847 0.000629477 0.0945773
-0.103446 0.121969 0.0766376
-0.0973127 0.129804 0.0711293
-0.110034 0.126998 0.0709652
0.165769 0.0075537 0.105327
0.156717 0.002083 0.110809
0.161327 -0.00501488 0.106598
-0.205167 0.113991 0.0252012
-0.198007 0.11468 0.0309885
-0.19662 0.120816 0.026071
-0.254217 -0.0693658 -0.0382778
-0.257805 -0.0723853 -0.044423
-0.254185 -0.0661136 -0.044872
-0.154724 -0.0794938 -0.10067
-0.147099 -0.0709511 -0.0978407
0.17547 0.159346 0.063362
0.167293 0.163679 0.0591468
0.183198 0.248089 0.0366776
0.181537 0.242404 0.0367178
-0.0590586 0.149794 0.0459188
-0.0606898 0.141536 0.056522
-0.0473588 0.142367 0.053282
0.0961122 -0.205255 -0.055347
0.100395 -0.198859 -0.0529554
0.0920912 -0.197968 -0.054346
-0.166855 0.0216505 0.0473049
-0.167686 0.0209474 0.0443236
-0.110172 0.0792309 0.0955081
-0.10066 0.0692659 0.0971122
-0.0994912 0.0808056 0.0951858
-0.0748049 -0.0926954 0.0697045
-0.0759631 -0.0874769 0.075175
-0.0803462 -0.091681 0.0772375
-0.293867 -0.0768702 -0.0495867
-0.276971 -0.0260013 -0.00537686
-0.284763 -0.0298758 -0.0114332
-0.278578 -0.0373867 -0.00534212
-0.0979318 -0.00385676 -0.0482783
-0.104856 -0.00290929 -0.0468967
-0.225085 -0.135933 -0.131294
-0.22216 -0.141375 -0.131502
-0.228221 -0.139839 -0.134594
-0.269317 -0.0908185 -0.0472533
-0.268257 -0.0922842 -0.0417768
-0.127397 -0.0626473 0.052837
-0.131996 -0.0671266 0.0572133
-0.131184 -0.058363 0.0550468
-0.243095 -0.0940854 -0.0781281
-0.249236 -0.0927715 -0.0813159
-0.248328 -0.0989178 -0.0794934
-0.272017 0.0332524 -0.0389716
-0.271436 0.0418013 -0.0350302
-0.266093 0.0397108 -0.0418313
-0.130878 -0.0479679 0.0530584
-0.133182 -0.0395355 0.0529937
-0.128149 -0.0418695 0.0497545
0.132231 -0.0231115 0.0498901
0.138488 -0.0215271 0.0459906
0.138546 -0.0210023 0.0543503
-0.199476 -0.00977217 0.00087576
-0.206547 -0.0135284 -0.00399697
-0.199795 -0.0117251 -0.00761572
0.189303 0.166366 0.0640549
0.194039 0.15837 0.0654812
0.19636 0.165362 0.064556
0.123117 -0.0380226 -0.0298023
0.299129 0.43819 0.064315
0.298801 0.438448 0.0688192
0.294475 0.436294 0.0644213
0.0920839 -0.0861238 0.0667211
0.0888247 -0.0820035 0.0694875
0.0931997 -0.080556 0.0670516
0.148925 -0.015662 -0.00695142
0.145582 -0.0167203 -0.0122733
0.150777 -0.0145955 -0.0136013
-0.0855895 -0.045874 0.033575
-0.0855777 -0.0379641 0.0305713
0.125821 0.00816782 0.119413
0.116761 0.00162634 0.118967
0.160605 0.111527 0.0847107
0.241047 0.205918 0.0267277
0.241606 0.198233 0.0293614
0.239112 0.198059 0.0210473
-0.158789 -0.0469768 -0.127586
-0.165822 -0.0554415 -0.12901
0.00171426 0.161399 0.0162331
0.00632603 0.16099 0.0124345
0.331277 0.480927 0.0467615
0.322952 0.486589 0.052372
0.333486 0.488416 0.0517376
-0.22318 -0.0209266 -0.0469943
-0.225389 -0.0246606 -0.0450696
-0.227274 -0.0239916 -0.0488754
-0.256163 0.063097 -0.0383193
-0.00616137 0.000724408 0.0728618
-0.00267333 -0.00664612 0.066367
0.00855282 -0.00342775 0.0726553
-0.19561 -0.0727638 -0.0665659
-0.18858 -0.0661953 -0.0673161
-0.199216 -0.0653484 -0.0682307
-0.109996 -0.00362208 -0.0430451
-0.241795 -0.0055247 0.0111583
-0.241304 -0.0156686 0.00907377
-0.234155 -0.00765042 0.0111943
0.0658144 0.0117304 -0.0714054
0.0664912 0.00346668 -0.0691396
0.0578371 0.00683128 -0.0687417
0.140957 -0.018238 -0.0102976
0.312009 0.48392 0.0516931
0.309597 0.47904 0.0486437
0.304406 0.482117 0.0512962
0.123491 0.0235384 -0.0883097
0.124355 0.0333502 -0.0890154
0.0901205 -0.0323961 -0.0287309
0.092532 -0.0315725 -0.0233606
-0.246648 -0.0809731 -0.103013
-0.241365 -0.0756559 -0.108821
-0.24627 -0.0839656 -0.111002
-0.00488299 0.06093 -0.0876904
0.00666018 0.0700536 -0.0850676
0.352402 0.463474 0.0425954
0.348199 0.471839 0.0426278
0.125866 -0.16813 -0.079885
0.122663 -0.16325 -0.0877426
0.126293 -0.158553 -0.0797427
-0.0572499 0.0191572 0.0745002
-0.0615851 0.0191551 0.0772287
0.351715 0.436885 0.0964118
0.353118 0.433925 0.093845
0.355386 0.436913 0.0960525
0.169442 0.0245502 -0.087231
0.17168 0.0205931 -0.084814
0.362454 0.491232 0.0595397
0.357595 0.49092 0.0528285
0.358019 0.493884 0.0596976
0.204933 0.12653 0.0677372
0.201857 0.138726 0.0671883
-0.111329 -0.00540449 -0.102152
-0.113906 0.000588408 -0.109293
-0.107452 0.00428796 -0.100029
0.153069 0.0713974 0.109073
0.160917 0.0663302 0.10748
0.160613 0.0755265 0.104032
-0.0744605 0.157299 0.0308181
0.115532 -0.185018 -0.057758
0.116738 -0.177232 -0.0583744
0.111427 -0.179937 -0.0548677
0.28634 0.485482 0.0752304
0.293916 0.488163 0.0760844
0.141223 -0.0697781 -0.0538379
0.139812 -0.0669146 -0.0500188
0.249014 0.318556 0.0349175
0.251806 0.31779 0.0385549
0.250477 0.313729 0.0367555
0.142521 -0.182987 0.0496128
0.139498 -0.177017 0.0499488
0.146124 -0.177292 0.0527524
-0.164337 -0.17962 0.0506568
-0.16272 -0.178465 0.047482
0.17475 -0.00641713 -0.0341696
0.173223 -0.00539965 -0.0272532
-0.18513 0.0396665 0.0346084
-0.188815 0.0333573 0.0331212
-0.180379 0.031251 0.0362641
0.102873 -0.19015 -0.0522666
0.10767 -0.197688 -0.0532884
0.333505 0.493774 0.0866731
0.338901 0.495863 0.0836794
0.334377 0.497181 0.0789727
0.0915999 -0.209532 -0.0582612
0.0991466 -0.211851 -0.0562146
-0.0608111 -0.0179279 0.0519197
-0.0586571 -0.0151439 0.0494053
-0.0598302 -0.0132649 0.0528625
-0.190161 -0.0654893 -0.135422
-0.197115 -0.0705338 -0.135762
-0.197644 -0.063553 -0.133973
-0.124401 -0.0184707 -0.114173
-0.180013 0.0560179 0.0410523
-0.176414 0.0544219 0.043603
-0.17889 0.0595173 0.0446959
0.11389 -0.0658846 -0.0853146
0.1024 -0.0683683 -0.0855058
0.106389 -0.0603391 -0.0856434
0.313551 0.439861 0.0705203
0.311448 0.442451 0.0767459
0.375914 0.469422 0.0721326
0.37514 0.474495 0.0723115
0.0637748 -0.102712 -0.0658096
0.0639857 -0.111897 -0.0651536
0.0656746 -0.10677 -0.0595733
0.2062 0.233261 0.00959236
0.211801 0.241149 0.0109384
0.215655 0.231526 0.00842053
-0.0971883 0.0423545 -0.0958171
0.239896 0.213416 0.0415286
0.240286 0.221901 0.0421901
0.235873 0.213257 0.0486688
-0.165437 -0.0650869 -0.0722236
-0.167554 -0.072481 -0.0732026
0.143598 -0.200017 0.0902955
0.150894 -0.199091 0.0873268
0.14653 -0.192151 0.0897407
-0.132213 -0.148803 0.0789269
-0.124059 -0.149662 0.0786567
-0.129781 -0.140554 0.0812143
-0.300032 -0.0694077 -0.0436162
-0.303255 -0.0669915 -0.0391825
-0.299946 -0.062585 -0.0415219
0.160146 -0.0160329 0.0280098
0.170177 -0.0110251 0.0324463
0.160628 -0.0143567 0.0386488
-0.089454 -0.15696 0.0445085
-0.0933689 -0.1609 0.04804
-0.0918102 -0.163151 0.0439587
0.238284 0.179679 0.0385966
0.234621 0.18866 0.0461901
0.120684 -0.029567 0.0613392
0.126382 -0.0303882 0.0636629
0.121605 -0.0335457 0.0641994
0.091367 -0.185457 -0.0516724
0.097818 -0.184952 -0.051004
0.0939582 -0.177645 -0.0502258
-0.209902 -0.0639393 -0.0709269
-0.212141 -0.0708577 -0.0698863
-0.0559425 0.0395171 -0.0851329
-0.0668246 0.0346415 -0.0821498
-0.0667609 0.043018 -0.084534
0.211984 0.263408 0.0153021
0.215778 0.270416 0.0166931
-0.0452653 0.0779642 -0.0877568
-0.0565963 0.0779152 -0.087307
-0.0539884 0.0868943 -0.0847231
-0.256314 -0.0598577 -0.00121381
-0.25205 -0.0563742 -0.00257744
-0.255939 -0.0539012 0.00122666
-0.126921 -0.129098 0.0834651
-0.134321 -0.128078 0.0831217
0.0824744 -0.0156537 0.106709
0.0811183 -0.00871904 0.103503
0.0791145 -0.0152397 0.10146
-0.0524107 0.085546 0.0817819
-0.0578086 0.0947075 0.080275
-0.0619219 0.0884572 0.0816476
0.0638666 -0.0949314 -0.0655212
0.0645446 -0.0983865 -0.0702749
-0.0966599 0.147758 -0.0263509
-0.0939677 0.143861 -0.0398976
0.0213342 0.0866119 -0.0770273
0.0156258 0.0786273 -0.0815614
0.00834331 0.0865248 -0.0796951
-0.206362 0.0287626 -0.0552515
-0.207282 0.0357114 -0.055131
-0.204116 0.0347502 -0.0603451
0.128297 0.0448681 0.118183
0.136753 0.0404607 0.118457
0.137452 0.0507607 0.117406
0.124417 -0.144659 -0.0854837
0.119484 -0.144196 -0.09102
0.241467 0.404444 0.0407602
0.24651 0.402828 0.0393564
0.277698 0.426273 0.0507254
0.276176 0.430656 0.0470053
0.280653 0.431129 0.0511924
0.0690316 -0.170564 -0.0682428
0.0669315 -0.166417 -0.0720155
0.0679741 -0.170813 -0.0727409
0.268456 0.393803 0.0487387
0.271213 0.397187 0.0517031
0.270351 0.392232 0.0530041
0.23687 0.12321 0.0279773
0.238108 0.127763 0.0262409
0.235825 0.127633 0.0317781
0.0791913 0.0430285 0.0999471
0.0708842 0.0424006 0.0970533
0.0751926 0.0328035 0.097911
-0.101738 -0.183241 0.0501739
-0.098973 -0.186699 0.0500969
-0.0977326 -0.183395 0.0468217
0.24074 0.215618 0.0262537
0.242024 0.211738 0.0337963
0.254364 0.464267 0.0702057
0.252378 0.460633 0.0724466
0.255854 0.463265 0.0745969
-0.239301 -0.11674 -0.0733539
-0.24608 -0.12487 -0.0740106
-0.235293 -0.125502 -0.070922
-0.213575 0.0571942 -0.0594702
-0.20655 0.0591005 -0.0648649
-0.207836 0.0512435 -0.0611905
-0.0730484 -0.0644669 0.0805407
-0.0698423 -0.062979 0.0746346
-0.0803265 0.140395 -0.0467673
-0.221951 -0.024632 -0.00170363
-0.219153 -0.0240897 -0.0097428
-0.214078 -0.0184571 -0.0044105
-0.297771 -0.0675963 -0.0164631
-0.301041 -0.0749835 -0.0178447
0.131243 0.0498006 -0.0895039
0.124732 0.0554118 -0.0879486
0.109913 -0.0829393 0.107115
0.118357 -0.0938582 0.106864
-0.173847 -0.0791398 -0.129127
-0.174046 -0.0853675 -0.125611
0.0893306 -0.191656 -0.0534986
0.0857316 -0.195558 -0.0564537
-0.143237 0.144816 0.0295919
-0.149171 0.139113 0.0370288
-0.0210558 0.103896 0.0802474
-0.0298458 0.0970853 0.0815888
-0.294493 -0.136437 -0.037926
-0.294225 -0.130698 -0.0441729
-0.22012 0.0789682 -0.0547271
-0.220094 0.0704472 -0.0570172
-0.0203842 0.159018 0.00821019
-0.0239368 0.157328 0.0033705
-0.0271741 0.159738 0.0108867
0.153057 -0.175603 0.0844497
0.154126 -0.182037 0.0837488
-0.159735 -0.187214 0.0620198
0.311596 0.445447 0.0833143
0.311032 0.448869 0.0888492
0.305003 0.447463 0.0856045
0.0912846 -0.0687346 -0.083925
0.0980057 -0.0769608 -0.0860503
-0.118381 -0.131051 0.0827952
-0.116807 -0.144613 0.0785192
-0.0125882 0.159854 0.0235917
-0.0169247 0.160849 0.0182879
-0.131686 0.0474508 -0.112317
-0.142615 0.0481848 -0.110438
0.113508 -0.0236599 -0.0164994
0.12812 0.171191 0.0226503
0.124074 0.169829 0.0172402
0.119628 0.167755 0.0234574
0.150531 -0.0180578 0.0555292
0.151045 -0.0169369 0.0490562
0.0635702 -0.130536 -0.0718029
0.0626328 -0.12901 -0.0676568
0.0632012 -0.125206 -0.0706068
0.0864562 -0.0371409 0.0235075
0.0820228 -0.0379885 0.0311975
0.0762751 -0.0397063 0.0248955
-0.0845045 -0.0500777 0.0930633
-0.0820725 -0.0434348 0.0919178
-0.08824 -0.0429523 0.0948041
-0.0987931 -0.218201 0.0473557
-0.10515 -0.216651 0.0445253
-0.0990086 -0.217053 0.0420648
-0.104715 0.106382 -0.0900507
-0.0999104 0.112973 -0.085071
-0.0951963 0.104974 -0.088788
0.127931 -0.243633 0.0574566
0.136485 -0.245247 0.0539424
0.133607 -0.247418 0.0652979
0.138806 -0.0227596 0.0380045
0.12986 -0.0255467 0.0325915
-0.177916 0.045029 0.0376383
-0.175764 0.0473724 0.0395304
-0.179748 0.0506799 0.0385938
0.119402 -0.0979752 -0.087936
0.111049 -0.0997298 -0.0904903
0.11238 -0.0906302 -0.088518
0.0668198 -0.0101434 -0.0627414
0.070503 -0.0141117 -0.062787
0.0674033 -0.0147677 -0.0595043
-0.141434 -0.0483914 0.0595858
-0.135769 -0.0539937 0.0575128
-0.142285 -0.0577103 0.0624436
0.0882689 -0.00285508 0.110218
0.0933768 -0.00610242 0.113438
-0.150913 -0.057825 -0.0764618
-0.0684335 -0.0531196 0.0727522
0.0970306 -0.0188684 -0.0826934
0.105489 -0.00942686 -0.0847772
0.0659762 0.155354 0.0415594
0.0745413 0.155704 0.0386127
0.118079 0.131505 -0.0509231
0.119262 0.140101 -0.0413775
0.127419 0.13356 -0.0493055
-0.00671562 0.0676082 0.0897969
-0.0220629 0.0690107 0.0883364
-0.0167707 0.0578914 0.0887371
0.155714 -0.169161 0.0654014
0.15559 -0.174609 0.062245
0.236576 0.403595 0.0431799
0.10944 -0.12339 0.0572391
0.110959 -0.116316 0.0581976
0.116403 -0.119759 0.0578706
-0.238541 -0.0311741 0.00351419
-0.239469 -0.0236991 0.00685364
-0.201871 0.0424599 -0.067442
-0.20124 0.0356467 -0.0700785
-0.0674839 0.154144 0.0387693
0.0656615 -0.0390115 0.0405517
0.0649714 -0.0383353 0.0457741
0.060347 -0.0386024 0.0424661
0.26597 0.390071 0.046641
0.266817 0.385658 0.0490502
0.263902 0.385251 0.0453011
-0.248429 -0.137696 -0.135399
-0.240963 -0.138156 -0.136429
-0.176261 0.0186745 0.0381522
-0.183703 0.016009 0.0334407
-0.176253 0.0117337 0.036619
0.0634949 -0.120992 -0.0635353
0.063189 -0.128619 -0.0641001
0.0657737 -0.125232 -0.0600054
0.327803 0.451142 0.0504115
0.325177 0.446669 0.0562926
0.321167 0.452625 0.0520444
-0.105867 -0.0449491 0.0343534
-0.10029 -0.0402685 0.0315837
-0.0986256 -0.0483887 0.0337547
-0.0984875 0.090507 -0.0952665
-0.104811 0.0857081 -0.098518
0.334301 0.498184 0.0666419
0.333874 0.498708 0.0723167
0.34027 0.499081 0.0690053
0.372223 0.454684 0.0516218
0.365705 0.454517 0.0469559
0.36779 0.463271 0.0515642
-0.162639 -0.16423 0.0548769
-0.163309 -0.16772 0.0540903
-0.123872 0.00667642 0.0934251
-0.114479 0.0128451 0.0958381
-0.122777 0.0197535 0.0946409
0.358335 0.482147 0.0943354
0.354938 0.483029 0.0974577
0.356344 0.479476 0.0977001
-0.277166 -0.0312775 -0.0470308
-0.284549 -0.0312625 -0.0443616
-0.280338 -0.0237148 -0.0451888
-0.226578 -0.0293901 -0.0303849
-0.222878 -0.0247091 -0.0349936
-0.220455 -0.0236872 -0.0275776
0.115574 -0.145197 0.0988156
0.110836 -0.151976 0.0951734
-0.200213 -0.0364679 -0.119367
-0.202184 -0.0465904 -0.125486
-0.207799 -0.0417747 -0.118689
-0.013604 0.160808 0.0154157
-0.00830049 0.161057 0.0182238
-0.00941628 0.160702 0.0134036
-0.133958 -0.0850659 0.0556817
-0.137543 -0.0790829 0.0605911
-0.131668 -0.0789891 0.056445
-0.11184 0.128913 -0.0672861
-0.116829 0.135581 -0.0550286
0.116812 -0.0258595 0.0473125
0.111148 -0.0270995 0.052971
0.107201 -0.0282841 0.0462763
0.133133 -0.0994971 -0.0746292
0.128836 -0.0079542 -0.0916049
0.133026 -0.0148614 -0.0921986
0.125937 -0.0177079 -0.0913752
-0.327744 -0.129959 -0.04659
-0.329729 -0.133347 -0.0477067
-0.330761 -0.131072 -0.0434205
-0.241035 0.00572893 0.0132066
-0.250215 -0.000657609 0.0104057
0.225185 0.143916 -0.00272959
0.226349 0.156293 0.000597413
0.231258 0.146093 0.00596631
-0.245478 -0.0805571 -0.0848919
-0.248001 -0.0819639 -0.0878235
-0.248945 -0.0850184 -0.0852296
-0.232182 -0.101478 -0.131377
-0.240241 -0.104544 -0.128541
-0.23813 -0.0948426 -0.126969
0.116976 0.0974871 0.0984611
0.123176 0.0903339 0.103126
0.128668 0.0977526 0.0997656
-0.294857 -0.059601 -0.0155034
-0.29271 -0.0516905 -0.0149539
-0.298987 -0.0523785 -0.0216189
0.230888 0.266867 0.0618986
0.234711 0.264301 0.0586013
0.253008 0.463246 0.0626496
0.250896 0.460966 0.0656982
0.253531 0.464193 0.0663961
-0.0495637 0.0377114 0.0804132
-0.055802 0.039425 0.0803342
-0.0767255 0.0429104 -0.083076
-0.0812274 0.037673 -0.081388
-0.0831913 0.0427459 -0.0830404
-0.0561437 0.0106294 0.0691606
-0.0503221 0.0108311 0.0696248
-0.0539342 0.0152842 0.0722791
0.160018 0.17428 -0.00227708
0.118436 0.152808 -0.0191117
0.131183 0.149333 -0.0264517
0.11802 0.146293 -0.031637
0.255656 0.393195 0.0405786
0.259234 0.38486 0.0420315
0.25262 0.386036 0.0393946
0.123407 -0.117745 -0.051075
0.123142 -0.109847 -0.049891
-0.267842 -0.0328032 -0.049203
-0.263441 -0.0239424 -0.0497361
-0.259563 -0.0332012 -0.0506192
0.23897 0.266852 0.0247326
0.242831 0.261232 0.028592
0.239305 0.259078 0.0243666
-0.112185 -0.0675172 0.0939399
-0.102122 -0.0753345 0.0941634
-0.102731 -0.0641132 0.0943452
0.0915497 -0.127978 0.0854109
0.0951699 -0.131759 0.0897225
0.0938776 -0.124676 0.0903677
0.0758355 0.0911864 -0.0699467
0.075399 0.10253 -0.0655421
0.201484 0.302832 0.0557706
0.205521 0.298764 0.0616132
0.206323 0.308118 0.0602203
-0.235748 -0.0874879 -0.0759955
-0.232892 -0.0957912 -0.0730435
0.140938 -0.166567 0.0530363
0.137541 -0.171207 0.0504403
0.133583 -0.165292 0.0508601
-0.101431 -0.0520521 0.0950208
-0.096151 -0.0423193 0.09582
-0.106408 -0.0428179 0.0951601
-0.160821 -0.0665645 -0.12438
-0.165097 -0.0706256 -0.126294
-0.165 -0.0640073 -0.127938
-0.0267608 0.0464932 -0.0879173
-0.00971002 0.0497355 -0.0877004
-0.011237 0.0374353 -0.0857563
0.0666286 -0.157876 -0.0678779
-0.0770534 -0.0811208 0.0808822
-0.160986 0.0622185 -0.101108
-0.160147 0.0712407 -0.0992919
-0.0958658 0.119379 -0.0789035
-0.105909 0.120753 -0.078364
-0.126534 -0.124166 0.0291428
-0.133202 -0.124158 0.0330874
0.142317 0.121279 -0.0605286
0.149199 0.124821 -0.0562204
0.152501 0.115957 -0.0629839
0.278895 0.481376 0.0754531
0.276966 0.481964 0.0687726
0.270948 0.477095 0.0739381
-0.147308 -0.12637 0.047154
-0.147199 -0.114086 0.0529168
-0.139669 -0.119984 0.0414753
0.154391 -0.0480433 0.102126
0.156275 -0.0529869 0.0955436
0.158916 -0.0439881 0.0972197
0.0848821 -0.167561 -0.0511072
0.0790276 -0.167578 -0.0549387
-0.138209 -0.00802394 -0.0395137
-0.143752 -0.00630194 -0.0325927
-0.146229 -0.00770763 -0.0391802
0.230398 0.407072 0.0516805
0.23191 0.400988 0.0465628
0.228023 0.39994 0.0519759
-0.16152 -0.166618 0.049468
-0.161838 -0.162663 0.0519073
-0.159141 -0.161756 0.0479948
0.345389 0.497598 0.0803497
0.344661 0.494016 0.0884688
0.312157 0.440154 0.0636156
0.308245 0.439623 0.0649192
0.308584 0.441343 0.0613854
0.0392374 -0.0309036 0.0428013
0.034986 -0.0320358 0.0334865
0.0458834 -0.0349448 0.0360796
0.0769673 0.0430977 -0.0763774
0.0663812 0.034732 -0.075708
-0.250415 0.0346664 0.0152435
-0.257975 0.0353841 0.0113015
-0.254722 0.0274176 0.0122247
-0.155058 -0.128005 0.0570097
-0.150361 -0.135686 0.0473047
0.134549 -0.0648819 0.109629
0.133514 -0.0513768 0.111954
0.12503 -0.0589947 0.112367
0.10837 0.144484 -0.0347578
0.10135 0.140901 -0.038928
0.0981687 0.146426 -0.031029
-0.0109649 0.159253 0.00844543
-0.0118173 0.156389 0.00225537
-0.0154877 0.158511 0.00678074
-0.114165 0.0217403 -0.113274
-0.121364 0.0214343 -0.116512
0.24019 0.247939 0.0247615
0.24358 0.245732 0.0312249
0.241883 0.238209 0.028132
0.0872565 -0.0359722 -0.079896
0.0831939 -0.0403729 -0.0780106
0.0811717 -0.0335624 -0.0764459
-0.226457 -0.0209341 0.00622066
-0.228707 -0.0172433 0.00856847
0.215562 0.325703 0.0367352
0.219485 0.323519 0.0333513
0.214266 0.319795 0.034979
-0.254842 -0.00629684 -0.0511009
-0.261229 -0.00315465 -0.050343
-0.256996 0.00104903 -0.051108
-0.116378 -0.0339923 0.038612
-0.111351 -0.0335646 0.0349058
-0.113275 -0.0391369 0.0372654
-0.16124 0.0418737 -0.105226
-0.160898 0.0520858 -0.102992
-0.151604 0.0464804 -0.107869
0.0959404 0.0865846 0.0969883
0.104939 0.0992853 0.0938279
0.090991 0.0975063 0.0897368
-0.121635 0.0590958 -0.109808
-0.170496 0.0218881 0.0415793
-0.175654 0.0252362 0.038601
0.0948834 0.00869612 -0.078944
0.0864418 0.0154727 -0.0763005
-0.201128 -0.123971 -0.091004
-0.201388 -0.128759 -0.0974996
0.145741 -0.0193786 0.0442658
-0.193344 -0.0499715 -0.129914
-0.188664 -0.0435227 -0.127902
0.118063 -0.0221804 -0.00734487
0.114149 -0.0221472 -0.0120318
0.120884 -0.0201283 -0.0122219
-0.266176 0.00311953 -0.0491828
-0.267961 -0.00392978 -0.0483665
0.299306 0.441465 0.0565315
0.304677 0.442087 0.0589011
0.301121 0.439494 0.0611163
0.120397 0.0128666 -0.0871913
0.118589 0.0379212 0.11776
0.107929 0.0349412 0.115619
0.125837 -0.160028 0.0511192
0.194165 0.0362186 0.0721417
0.192452 0.0452922 0.0784949
-0.201415 -0.0252307 -0.106279
-0.196318 -0.0196475 -0.108885
-0.197522 -0.0267122 -0.113316
-0.0710141 -0.0122517 -0.0515078
-0.0736245 -0.0147635 -0.0431088
-0.0793442 -0.00935941 -0.0501503
0.247763 0.452984 0.0727072
0.251144 0.454336 0.0769734
0.250205 0.456958 0.0729147
0.290196 0.480397 0.0535171
0.290832 0.473467 0.0490477
0.0363537 -0.0268156 0.0513558
0.0459671 -0.0312342 0.0497269
-0.148504 -0.157087 0.0723696
-0.147664 -0.164713 0.0721936
-0.117877 -0.153285 0.07552
-0.119674 -0.160866 0.0732582
-0.112423 -0.155989 0.0710544
0.336124 0.493143 0.0553976
0.334691 0.496318 0.0610459
-0.227017 -0.071942 -0.075908
0.219991 0.368587 0.0630832
0.218661 0.360058 0.0630194
-0.0797878 -0.0152987 -0.0333968
-0.0691782 -0.018713 -0.0357347
0.0901974 -0.0364254 0.0649305
0.0911797 -0.0323012 0.0591298
0.0976665 -0.0337097 0.0604354
0.0919023 -0.09986 0.0983515
0.0867515 -0.098595 0.0953479
0.0892536 -0.105786 0.0942184
0.136376 -0.230128 0.0852415
0.142876 -0.235201 0.0868484
0.144644 -0.22854 0.0883808
-0.200445 -0.00809671 0.00736158
-0.201735 -0.00683665 0.0117491
-0.205978 -0.00964685 0.00876075
0.15189 0.133515 0.0726241
0.141823 0.0589111 0.115322
0.145687 0.0668566 0.112726
-0.0925126 -0.128692 0.0665231
-0.0856532 -0.125341 0.0597288
-0.0882785 -0.119439 0.0674858
-0.28146 -0.00274251 -0.0413698
-0.284826 0.000398285 -0.036518
-0.280117 0.00565627 -0.0407701
0.0170044 -0.0101841 0.0684574
0.021929 -0.00493265 0.075354
-0.133776 0.0250586 -0.118115
-0.137647 0.031717 -0.116185
-0.128825 0.0329242 -0.116133
-0.191614 -0.117206 -0.108386
-0.19581 -0.122298 -0.10906
0.154348 -0.0226774 -0.081052
0.15909 -0.0206711 -0.0750491
0.0632374 -0.132789 -0.0661087
-0.257241 0.0194987 0.0101538
-0.247979 0.0198614 0.0138863
0.0531448 -0.0385246 0.031935
0.0543179 -0.0404836 0.0237898
0.060634 -0.0409518 0.0292785
-0.18373 -0.0622402 -0.134679
-0.18518 -0.0687222 -0.135362
-0.251954 -0.0204148 -0.0512014
-0.258398 -0.0183119 -0.0505299
-0.253536 -0.0139663 -0.0510802
0.223227 0.117432 -0.0119354
0.225168 0.104482 -0.0115871
0.218662 0.102146 -0.021079
-0.162623 0.0182947 0.0766218
-0.165409 0.0135468 0.0715226
-0.16277 0.00945084 0.0763727
-0.138567 -0.0171962 0.0357906
-0.138974 -0.0130944 0.0285911
-0.12654 -0.016964 0.0283925
0.288656 0.454227 0.090846
0.287894 0.449354 0.0884357
0.294042 0.451658 0.089355
-0.247689 0.0723543 -0.0393015
-0.2415 0.0784319 -0.0408164
-0.244328 0.0682897 -0.0448124
0.0780493 -0.0218861 0.0999349
0.0769057 -0.016529 0.0952632
-0.121868 0.0486158 -0.111488
-0.124434 0.0403083 -0.113509
0.116962 -0.160237 -0.0937971
0.117849 -0.168879 -0.0940164
-0.00838988 0.137347 -0.0309588
0.00210752 0.138904 -0.0273691
-0.00187501 0.131253 -0.0398603
0.192607 0.0193227 0.0550388
0.194474 0.0274858 0.0636098
-0.0726933 -0.0829502 0.0466816
-0.0678162 -0.080135 0.0481919
-0.0688596 -0.0858232 0.0492902
-0.240029 0.00580923 -0.0512416
-0.226725 0.00343077 -0.0511958
-0.23343 -0.00306525 -0.0513083
-0.0977272 -0.139652 0.0657734
-0.126047 -0.0311575 0.0454634
-0.121411 -0.0335723 0.0426503
-0.124759 -0.0368824 0.0460272
-0.0562122 0.148314 -0.0208552
-0.0649706 0.153803 -0.00981589
-0.0495005 0.153676 -0.00790707
0.106583 0.0383814 -0.0837381
0.0949653 0.0384984 -0.079978
0.231406 0.0935913 0.0281953
0.233624 0.100524 0.0256234
-0.224091 0.0912072 0.0228775
-0.224492 0.0984131 0.0178205
-0.088643 -0.014311 -0.0219528
-0.093481 -0.0114853 -0.0310082
0.205112 0.0397266 -0.0362473
0.197004 0.0306656 -0.0434034
-0.0681031 0.020833 0.0874987
-0.0647474 0.0194718 0.08233
-0.0656352 0.0246936 0.0846028
0.0890997 -0.134026 -0.0459735
0.0962795 -0.138021 -0.0455946
0.0977078 -0.128254 -0.044799
0.247715 0.355621 0.0697133
0.242347 0.358351 0.073574
0.24213 0.350392 0.0723713
-0.0966499 -0.158959 0.0533783
-0.0940996 -0.154171 0.0535099
-0.10016 -0.156151 0.0591577
0.0680055 -0.0188032 -0.0561426
0.0646408 -0.0164725 -0.055722
0.116655 -0.152295 -0.0937012
0.113481 -0.144824 -0.0949772
0.0574301 0.0715752 -0.0756408
0.0941314 -0.105979 0.0640706
0.0902936 -0.107493 0.0669506
0.0902612 -0.102339 0.0667281
0.0750889 -0.197967 -0.0868109
0.076515 -0.204981 -0.0882872
-0.15227 0.104704 -0.0843034
-0.153449 0.095522 -0.0908429
-0.164315 0.101963 -0.0825015
-0.231347 -0.0740109 -0.122887
-0.235681 -0.0707655 -0.115186
-0.102925 0.0566844 -0.101855
-0.109122 0.0545868 -0.105522
-0.109562 0.0639878 -0.104929
-0.056675 -0.00786571 -0.0594583
-0.0643106 -0.00420182 -0.062421
-0.0577294 0.00074797 -0.0655226
0.231885 0.240084 0.0556374
0.229665 0.231737 0.0564825
0.236477 0.233248 0.0501962
0.23201 0.391156 0.0753999
0.235465 0.396566 0.0771098
0.230972 0.397634 0.0742193
-0.211738 -0.128208 -0.0799368
-0.206939 -0.126217 -0.0848063
-0.296353 -0.0551527 -0.0424768
-0.291811 -0.0451599 -0.0427195
-0.133676 0.148142 0.0280313
-0.124847 0.148018 0.0339962
-0.230969 -0.17505 -0.099534
-0.232121 -0.173879 -0.114534
0.0321203 -0.0339073 0.022523
-0.268284 0.0565627 -0.0137659
-0.265307 0.0585395 -0.00632484
-0.26325 0.0658699 -0.0110523
-0.0730716 -0.00148091 -0.0636151
-0.0688161 -0.00849373 -0.0581479
0.120926 -0.0272576 0.0318154
0.122896 -0.0260133 0.0398025
0.096179 0.163969 0.0127707
0.109067 0.16522 0.0144148
0.10096 0.162739 0.00390739
-0.259451 0.0354777 -0.0476839
-0.279379 0.0295837 -0.0197597
-0.280581 0.0221905 -0.0167658
-0.197969 -0.116417 -0.120071
-0.197989 -0.109979 -0.125471
-0.0862334 -0.0908039 0.0842575
-0.0863323 -0.0973826 0.0794934
0.0489696 0.137431 -0.0360282
0.0607169 0.142299 -0.0355272
0.0585261 0.131532 -0.0457508
0.124061 -0.102541 -0.086101
0.124261 -0.108832 -0.0865251
0.357969 0.449021 0.0987215
0.363347 0.44672 0.0953365
0.360378 0.452264 0.0960636
0.177041 0.1502 -0.0255012
-0.251606 -0.171592 -0.123348
-0.250161 -0.171098 -0.130699
-0.243858 -0.172286 -0.129024
0.278599 0.473955 0.0856226
0.285222 0.477947 0.0850919
0.281978 0.48011 0.080821
-0.224668 -0.0135144 0.0103201
-0.221699 -0.0156323 0.00918955
-0.219537 -0.0114857 0.0112818
-0.21273 -0.118874 -0.0730664
-0.214615 -0.124958 -0.0748804
0.312141 0.447691 0.0555512
0.316523 0.450563 0.0538514
0.316734 0.44487 0.0586264
-0.0209937 0.0219718 -0.0805605
-0.0318145 0.0149792 -0.0760387
-0.0366378 0.0238387 -0.0808586
-0.168023 0.0330586 0.0547923
-0.166997 0.0307395 0.0509438
-0.167269 0.0267799 0.0545451
0.122668 -0.177987 0.0474008
0.118847 -0.18354 0.0475109
0.117573 -0.177778 0.048408
-0.132157 -0.212614 0.044025
-0.141684 -0.210862 0.0472506
-0.1414 -0.210843 0.0399497
-0.187632 -0.0996917 -0.125539
-0.194256 -0.0976519 -0.130589
0.198086 0.296139 0.0375934
0.196104 0.295606 0.0428252
0.199528 0.301882 0.0403443
0.191119 0.255301 0.0257203
0.197163 0.259311 0.0214957
0.1953 0.252793 0.0208374
0.0340551 0.161141 0.0233898
0.0368072 0.162127 0.0177277
0.0284361 0.161883 0.0193546
-0.0945545 -0.184317 0.0445265
-0.0961916 -0.180532 0.0441434
-0.206458 -0.030285 -0.102628
-0.204027 -0.0247821 -0.0978142
0.0868407 -0.0481544 -0.0443118
0.0937704 -0.0517677 -0.0436703
0.185438 0.144629 0.0687699
0.0912887 -0.0287296 -0.0812124
0.00962473 0.0100555 -0.0730282
-0.00361762 0.00765014 -0.07192
-0.000671736 0.016035 -0.0771355
0.132266 -0.118695 -0.0736244
0.132384 -0.124244 -0.0712931
0.130617 -0.123134 -0.0768822
-0.08864 -0.00636732 -0.0491559
-0.0864134 -0.003097 -0.0575359
0.104865 -0.182755 -0.052198
-0.111729 -0.0166138 -0.0843165
-0.110837 -0.0121619 -0.0768834
-0.204097 0.046197 -0.0635044
-0.208223 0.0438261 -0.0575241
0.0884344 -0.0684379 0.0722963
0.0851201 -0.0734762 0.0745985
0.084116 -0.0657912 0.0765787
-0.162381 -0.0762122 -0.120264
-0.158012 -0.069581 -0.120307
-0.157107 -0.0734946 -0.116468
0.144238 -0.0247063 -0.024961
0.143197 -0.0300535 -0.0284256
0.149858 -0.0266093 -0.0305069
-0.127004 -0.0763263 0.053339
-0.124462 -0.0693905 0.0512252
-0.121449 -0.0762146 0.0492514
0.304178 0.439223 0.0652095
-0.173618 0.0315461 0.0391675
0.34734 0.457107 0.102658
0.341871 0.458298 0.103587
0.343482 0.453935 0.103719
-0.079308 -0.0167487 -0.0103466
-0.0936624 -0.0135799 -0.00733557
0.203454 0.0669519 0.0655617
0.208245 0.0771958 0.0620969
0.169355 0.128242 -0.046159
0.167086 0.120522 -0.053885
0.157656 0.126431 -0.0520681
0.155658 -0.0261843 -0.0359273
0.155888 -0.020898 -0.0316954
-0.152654 -0.169781 0.0687337
-0.148855 -0.173501 0.0706905
0.10948 -0.0721553 0.109332
0.0395509 0.101112 -0.0649326
0.0452117 0.109065 -0.0598412
0.0507504 0.102721 -0.063649
0.219708 0.0670438 -0.0232175
0.23351 0.257182 0.0580615
0.238004 0.25917 0.0541848
0.12766 -0.0767093 -0.0811507
0.137245 -0.072279 -0.0736663
0.131933 -0.0828139 -0.0773647
0.113531 0.166192 0.020698
0.112481 0.164931 0.0265204
-0.0293093 0.129346 -0.0483407
-0.0242897 0.136839 -0.0347395
-0.279903 -0.150122 -0.0879964
-0.282758 -0.154689 -0.0899445
-0.278649 -0.156102 -0.0870506
0.234429 0.125478 0.00967625
0.232986 0.117693 0.00529357
0.229188 0.124975 -0.00116228
-0.113043 -0.021078 0.0939163
-0.117597 -0.0283738 0.0932269
-0.110293 -0.0284849 0.0944419
-0.169784 0.0331612 0.0414397
-0.17219 0.0369644 0.0396172
-0.0374165 -0.0302184 0.0099442
-0.0481363 -0.0297516 0.00949761
0.0857393 -0.0856454 0.0718499
0.087278 -0.0912122 0.0695488
0.0841195 -0.0903697 0.0738033
-0.104809 -0.00789969 -0.032264
-0.094651 -0.00797519 -0.0405096
-0.164118 -0.0102189 -0.119416
-0.15113 -0.00970405 -0.122066
-0.159857 -0.0200475 -0.122385
-0.11786 -0.0295492 -0.0902849
-0.123714 -0.0371606 -0.0867818
-0.123033 -0.105538 0.087712
-0.121541 -0.117049 0.0859122
-0.113036 -0.106834 0.0879338
0.0466611 0.00735925 -0.0684802
0.0287354 0.00890607 -0.0707884
0.0330881 0.0177419 -0.0743677
0.220309 0.20069 0.0596167
0.218573 0.208206 0.060953
0.212788 0.202753 0.0623202
-0.262505 0.0239397 -0.0487632
-0.266398 0.0163018 -0.0482775
-0.268997 0.0221077 -0.0458461
-0.198452 -0.011098 -0.0396901
-0.191974 -0.0104171 -0.0403904
-0.194321 -0.0107956 -0.0340878
0.0697554 -0.117379 -0.0804609
0.0653008 -0.117446 -0.0744665
0.0688727 -0.106888 -0.0784228
0.262482 0.408478 0.0420393
0.256232 0.409915 0.0403114
0.260848 0.4154 0.0413389
0.314388 0.480867 0.0920174
0.321624 0.482338 0.0949239
0.101634 -0.220726 -0.0880362
0.097855 -0.220917 -0.0829738
0.0942479 -0.219938 -0.0885206
0.136531 -0.200718 0.0909222
0.140729 -0.20911 0.0896702
-0.0282388 -0.0225395 -0.0407626
-0.019929 -0.0286315 -0.0284691
0.147107 0.132035 -0.0491633
0.33855 0.444202 0.0997248
0.337021 0.447786 0.102019
0.332554 0.445813 0.0999376
-0.143419 0.0387176 -0.112737
0.0679383 -0.0413235 0.026681
0.0689884 -0.0411931 0.0181351
0.211272 0.0880374 0.060611
0.215385 0.0798007 0.0530272
-0.15241 -0.189561 0.0259544
-0.154475 -0.195127 0.0283416
-0.156027 -0.18971 0.032318
-0.163487 0.00117055 0.0750818
0.27041 0.427646 0.0443056
0.270391 0.42083 0.0451536
0.26546 0.422061 0.0425761
-0.229738 0.0997572 0.00956066
-0.220897 0.107983 0.0121798
0.188472 0.217178 0.0561572
0.0410123 0.0390913 -0.0784309
0.0341388 0.0504694 -0.080903
-0.0674376 -0.0785784 0.0666918
-0.0650581 -0.0775679 0.062864
0.236978 0.196684 0.0444725
0.131345 -0.0821526 0.0694379
0.130649 -0.0884905 0.0696058
0.125364 -0.0844811 0.0666899
-0.140524 0.0110857 0.0906715
-0.14008 -0.000905147 0.0909741
-0.132648 0.0011374 0.0920616
-0.0783517 0.114341 0.0794579
-0.0740114 0.103055 0.0823837
-0.0701156 0.113164 0.0766618
0.099256 -0.0801634 0.0651404
0.106669 -0.0803953 0.0640824
0.104768 -0.0875792 0.0633279
0.0940756 -0.0742858 0.0679968
0.0693126 -0.144381 -0.0592278
0.0718635 -0.151464 -0.0581228
-0.145178 0.0279676 -0.115232
-0.146635 0.0151247 -0.118503
-0.1535 0.0208627 -0.114383
0.125323 -0.114326 -0.0855253
0.121007 -0.114402 -0.0892437
-0.0565984 -0.020873 0.0454587
-0.0554722 -0.0256479 0.0436945
-0.0525239 -0.0220386 0.0416418
-0.107301 -0.00757691 -0.0873526
-0.110989 -0.0141976 -0.0905014
-0.110726 -0.0106762 -0.0961099
-0.275228 -0.0876008 -0.051525
-0.271592 -0.0892 -0.0498605
-0.276088 -0.0935799 -0.0503918
-0.18962 -0.0789545 -0.135062
-0.19424 -0.0751854 -0.136054
-0.185724 -0.0740855 -0.134949
0.233321 0.426643 0.0595114
0.230552 0.420141 0.0594594
0.231211 0.423935 0.0635516
-0.157015 -0.152831 0.0644175
-0.158665 -0.148289 0.0614587
-0.15955 -0.153876 0.0596885
-0.225195 -0.0116174 -0.0506197
-0.236815 -0.0101668 -0.0513511
-0.111342 -0.167214 0.0166825
-0.115033 -0.162647 0.0169861
-0.109594 -0.160994 0.018731
0.0480799 0.15251 -0.0158499
0.0591739 0.154236 -0.0166503
0.244936 0.427658 0.0806576
0.241791 0.431664 0.0767629
-0.232842 -0.148312 -0.142395
-0.236522 -0.152099 -0.146004
-0.262125 0.057992 0.000550768
-0.266422 0.0497105 -0.0013807
-0.266315 -0.122976 -0.0849725
-0.269652 -0.119803 -0.0893778
-0.270005 -0.128123 -0.0861288
-0.100834 0.156851 0.00195636
-0.110879 0.15595 0.00237698
-0.103014 0.157935 0.0119262
-0.26446 -0.115508 -0.0859099
-0.261344 -0.121446 -0.0820504
0.117928 0.167314 0.0149841
0.359512 0.438519 0.0958075
0.356703 0.441734 0.0982328
0.353785 0.431523 0.0907832
0.349291 0.433472 0.0918125
0.355587 0.429145 0.0862194
0.359833 0.430092 0.0903846
-0.0655026 -0.0843068 0.0527213
-0.0682058 -0.0893513 0.0517806
-0.190273 0.0241028 0.0316844
0.339631 0.468086 0.103812
0.341471 0.477003 0.103561
0.333113 0.471801 0.103789
-0.173131 0.0533513 0.0516824
-0.173531 0.0514485 0.0458949
-0.171406 0.0476307 0.0490672
0.148957 -0.0234405 -0.0858908
0.146134 -0.0300735 -0.0844304
0.143169 -0.0239773 -0.089326
-0.232021 -0.156095 -0.150202
-0.238248 -0.156257 -0.149122
0.0938941 -0.184513 -0.103747
0.0907831 -0.177582 -0.100853
0.0974165 -0.175226 -0.102372
-0.270105 0.0534979 -0.0218287
-0.272069 0.0490125 -0.0160614
0.152862 -0.220766 0.0882879
0.255834 0.46508 0.0602772
0.258086 0.468251 0.0625742
0.259687 0.467479 0.0587589
-0.113675 -0.0209033 -0.0916218
-0.263956 -0.152152 -0.077515
-0.26643 -0.158433 -0.0784208
-0.258654 -0.159655 -0.0731975
-0.10525 0.113827 0.0819471
-0.0931394 0.120002 0.0793102
-0.0918101 0.0964346 -0.0909474
-0.236451 -0.0655702 -0.0860911
-0.238387 -0.0699547 -0.0853817
-0.208831 -0.136975 -0.116435
-0.208056 -0.131955 -0.117897
-0.204073 -0.13204 -0.112397
0.133726 0.127446 -0.0557923
0.132663 0.116788 -0.0637961
0.0907959 -0.0349546 -0.0328504
0.0752306 -0.0143443 0.0895132
0.0756884 -0.0204016 0.0886467
0.0704421 0.0682546 -0.0755651
-0.255034 -0.16954 -0.133357
-0.260079 -0.167893 -0.131248
-0.257596 -0.167361 -0.136442
-0.112319 -0.06084 0.0413289
-0.117861 -0.0582299 0.0437937
-0.11152 -0.0517072 0.0383287
-0.100908 0.00195887 0.0983813
-0.107888 0.00625677 0.0970355
-0.221344 0.0099291 -0.0512013
-0.224771 0.0185597 -0.0512489
-0.21699 0.0162141 -0.0511794
0.236197 0.323501 0.0293229
0.233754 0.317649 0.0284323
0.180404 0.0743819 -0.0724002
0.187555 0.0714723 -0.0678904
0.182213 0.0639498 -0.0740374
0.163018 0.0641857 -0.0828722
0.161428 0.0765976 -0.0798619
0.171608 0.076151 -0.0765105
-0.149989 0.0889786 0.0820276
-0.141981 0.0845915 0.0870968
-0.138015 0.0938116 0.085387
0.220465 0.101059 0.049951
0.217358 0.107742 0.0558327
0.214211 0.097269 0.0583655
0.19746 0.26039 0.0577141
0.195826 0.266864 0.0556133
0.192419 0.259057 0.0526346
-0.0315844 -0.0156826 0.0425841
-0.0238161 -0.0177753 0.038581
0.108634 -0.0999824 -0.0443759
0.109635 -0.0883843 -0.0446019
0.24503 0.448719 0.0721509
0.241848 0.443296 0.0711938
-0.289232 -0.130502 -0.030366
-0.292832 -0.136285 -0.0228047
-0.292863 -0.136342 -0.0314817
0.248614 0.304413 0.0356834
0.250756 0.30253 0.0394826
-0.252991 -0.030608 -0.0514064
-0.25484 -0.0392868 -0.0512592
0.213467 0.332917 0.0635115
0.216582 0.334989 0.0665361
0.214473 0.337814 0.0634139
0.182806 0.155295 0.0657043
0.182065 0.163946 0.063279
-0.23998 0.0692216 0.0187824
-0.242548 0.0751167 0.0145746
-0.247528 0.0704279 0.0126724
0.347753 0.437296 0.0960976
0.342834 0.438181 0.0953305
0.345873 0.435697 0.0934522
-0.108898 -0.162368 0.0648354
-0.106299 -0.155585 0.0660612
0.0973295 -0.0297595 -0.015037
0.100793 -0.0288649 -0.00883992
0.095358 -0.0306317 -0.00916906
-0.136707 0.131107 -0.0565748
-0.230412 -0.132007 -0.0710993
-0.111991 -0.00527866 -0.0373542
0.0881346 -0.0183469 -0.0792131
0.127062 -0.0237977 0.054934
0.125303 -0.0245588 0.0472086
0.161801 -0.19316 0.0719885
0.160637 -0.194538 0.077168
-0.134107 0.00457416 -0.121109
-0.128123 0.0133806 -0.118806
-0.123644 0.008507 -0.117866
-0.26412 -0.0859092 -0.0372703
-0.267143 -0.0927692 -0.0326925
-0.170743 -0.0616395 -0.130663
0.362695 0.448493 0.0438198
0.358487 0.455936 0.0435958
0.179281 0.235617 0.0375529
0.182591 0.240151 0.0429814
0.0916555 -0.124516 -0.0940214
0.093506 -0.115184 -0.0934576
0.066511 0.162372 0.00454474
0.0760932 0.163539 0.0083288
-0.247751 0.0835022 -0.0228399
-0.251827 0.0736749 -0.0320664
-0.256499 0.0733479 -0.0222883
0.25792 0.371414 0.0646242
0.252652 0.372721 0.0700448
0.2546 0.365741 0.0660256
-0.277369 0.0275484 -0.0351794
-0.281276 0.0224025 -0.030408
-0.279185 0.0296964 -0.027995
-0.161061 -0.00526735 -0.0344087
-0.158541 -0.00530285 -0.0238732
-0.168292 -0.00553374 -0.0275359
-0.0656655 0.0621221 -0.0875644
-0.0608249 0.0706724 -0.0881769
0.177116 0.086354 -0.0701145
0.260204 0.457342 0.0835931
0.258274 0.461164 0.0797649
0.255139 0.455447 0.0804842
0.181717 0.203345 0.054255
0.173776 0.206249 0.0466225
0.172307 0.191346 0.0505876
0.0929657 -0.0123176 0.113708
0.100088 -0.0086283 0.116533
0.239331 0.293391 0.02721
0.240734 0.302038 0.0289263
-0.0523441 0.0249955 -0.0801914
-0.0448 0.0318348 -0.0837705
-0.102136 -0.02778 0.0265778
-0.108517 -0.0217996 0.0248368
-0.100431 -0.0216771 0.0202453
0.124484 -0.189477 0.0457539
0.128958 -0.183152 0.0466011
0.130562 -0.188825 0.0458588
0.0675942 -0.0860286 -0.0719631
0.0691181 -0.0802998 -0.0726739
0.0714967 -0.0833455 -0.0771716
-0.131573 0.057255 0.0939836
-0.120809 0.0554046 0.0966093
-0.124886 0.0680587 0.0950363
0.0772704 -0.0315772 -0.0726435
0.0792877 -0.0279889 -0.0739268
0.241777 0.373301 0.0361841
0.248419 0.368398 0.0369387
0.244359 0.362719 0.0355176
-0.212065 -0.0151146 0.00224962
-0.200083 -0.0552706 -0.130306
0.213285 0.0368521 0.0269311
0.216938 0.0398465 0.0174014
0.220204 0.0485482 0.025399
0.106126 -0.17472 -0.0518875
0.22692 0.261377 0.0630306
-0.207615 -0.140123 -0.0959788
-0.20552 -0.134671 -0.096855
0.140172 -0.0771662 -0.0621028
0.137932 -0.0830349 -0.0610128
0.0671936 -0.0983402 -0.0753418
0.0716678 -0.0969453 -0.0803712
0.213987 0.168029 0.0607205
0.222034 0.17469 0.0568212
0.217028 0.180759 0.0593356
-0.289136 -0.0262809 -0.016436
-0.290477 -0.0356789 -0.0159518
0.249842 0.458751 0.0691003
0.248075 0.456681 0.0646979
-0.172587 0.0447676 0.0408032
-0.17176 0.0408412 0.0400712
-0.170205 0.0421027 0.0425814
-0.305575 -0.0640127 -0.0313324
-0.30645 -0.0696786 -0.0287995
-0.329878 -0.127703 -0.0377029
-0.326427 -0.121508 -0.033994
-0.325728 -0.122076 -0.0402341
0.119899 -0.0825941 0.0648484
0.113453 -0.0789193 0.0640618
0.112799 -0.12689 -0.0936736
0.117103 -0.120852 -0.0915788
0.363118 0.456664 0.0929632
0.356786 0.458501 0.0974214
-0.273461 0.0250963 -0.0413204
0.361395 0.490475 0.0849345
0.358303 0.489854 0.0887149
0.360476 0.486177 0.0895584
-0.158576 -0.00959174 0.0411888
-0.155643 -0.0153159 0.0447618
-0.159321 -0.0126086 0.048342
-0.0712053 -0.0235094 0.0829302
-0.0679067 -0.0124799 0.0801083
-0.0723417 -0.0126649 0.0863425
0.236666 0.359077 0.0754078
0.241691 0.365428 0.0747857
-0.0874315 0.158249 0.00327426
0.279418 0.44824 0.0884127
0.271369 0.448678 0.0878625
-0.19605 0.0241993 -0.0900216
-0.191867 0.0198737 -0.0977805
-0.196131 0.0136606 -0.0930904
0.0586006 0.121707 -0.053793
0.0507706 0.115951 -0.0559841
0.36493 0.461927 0.0903839
0.369281 0.453503 0.0879345
-0.104438 -0.134317 0.0250871
-0.109081 -0.14423 0.0223746
-0.11153 -0.13491 0.0236274
0.0978481 -0.154575 0.0632698
0.0999666 -0.161063 0.0611101
0.0971277 -0.159367 0.0670883
0.071471 -0.0337448 -0.0613274
0.0720857 -0.0295854 -0.0594561
-0.0785982 0.0508452 0.0946546
-0.0854275 0.0541991 0.096878
-0.139216 -0.060425 0.0871499
-0.133792 -0.0601285 0.0905124
0.167936 0.00137123 -0.0782903
0.166105 -0.00520656 -0.0754913
0.299104 0.48654 0.0818799
0.303391 0.490201 0.0772913
0.215705 0.360513 0.0510725
0.109898 -0.145386 -0.0490062
0.117223 -0.149788 -0.0532737
0.0324854 0.158961 0.0294696
0.0697934 -0.127517 -0.0814708
0.0692566 -0.134656 -0.0812825
0.0657191 -0.132939 -0.0761656
0.12417 -0.18191 -0.0681524
0.127956 -0.188697 -0.0719165
0.0277001 0.160235 0.00800862
0.0378206 0.159453 0.00371912
0.0310389 0.156017 -0.0023369
0.17641 0.0108584 0.0933692
0.178932 0.00339935 0.0856492
0.180111 0.0156313 0.087298
-0.15454 -0.00658038 -0.0147582
-0.148116 -0.00642179 -0.0249956
0.204796 0.146822 0.0651405
0.198286 0.149656 0.0664052
0.235543 0.419745 0.0744089
0.233353 0.414107 0.0743044
0.238214 0.4164 0.0780254
0.125496 -0.138762 -0.0577357
0.128954 -0.132979 -0.0619032
0.126375 -0.13146 -0.0572539
0.203439 0.0235265 -0.00686923
0.210416 0.0359276 -0.0133585
-0.202659 -0.0152309 -0.0907436
-0.204241 -0.0142456 -0.0834045
-0.203162 -0.00985307 -0.084363
0.223734 0.129861 -0.00781092
0.0889051 -0.0358966 0.0142148
0.0964573 -0.0342908 0.0203735
0.113529 -0.0168495 0.117781
0.106381 -0.0120952 0.117912
0.105642 -0.0187973 0.117523
-0.161478 -0.00393951 0.0184075
-0.151729 -0.00639763 0.0150613
-0.156393 -0.00612746 0.0254494
0.105486 -0.220166 -0.0938003
0.111217 -0.221133 -0.0877864
0.157129 -0.196969 0.0822977
0.237227 0.114356 0.0217214
0.235758 0.107727 0.0233639
0.138492 -0.188593 0.0469055
0.134614 -0.195534 0.0447211
0.124518 -0.204314 0.0439731
0.118779 -0.207839 0.0468629
0.119047 -0.199606 0.0471594
-0.179449 -0.0715598 -0.133831
-0.119391 -0.0102412 -0.0583009
-0.120389 -0.0159008 -0.0652836
-0.113703 -0.00870849 -0.0639331
-0.0533569 -0.000191522 0.0602
-0.0495442 -0.00377669 0.056857
-0.0487492 0.00107154 0.0618377
-0.130213 -0.0444844 -0.0837034
0.274495 0.464807 0.0886506
0.270238 0.466546 0.0859223
0.27036 0.461936 0.0874763
-0.201048 -0.108727 -0.0737888
-0.19541 -0.102462 -0.073239
-0.198525 -0.099013 -0.0698846
-0.2034 0.0680435 -0.0696884
-0.201192 0.0586432 -0.0723211
0.230887 0.3716 0.0753169
0.228917 0.376341 0.0738104
0.259274 0.423657 0.0415736
0.252746 0.426309 0.0427964
0.258744 0.433135 0.0430902
-0.235414 0.0639177 0.0217446
-0.242068 0.0546193 0.0194307
-0.232152 0.0549859 0.0228476
0.283963 0.484763 0.0633059
0.276981 0.480356 0.0619338
-0.163301 -0.0137255 -0.0463088
-0.15675 -0.0129067 -0.0456139
-0.161655 -0.00826977 -0.0414222
-0.0880503 -0.141089 0.0534445
-0.085087 -0.137388 0.0507645
0.184748 0.0206387 -0.0588689
0.190508 0.0245748 -0.0504874
0.156491 -0.166972 0.0743948
0.155838 -0.168329 0.0791159
0.107167 -0.0727007 0.0647342
-0.160506 -0.154534 0.0548219
-0.16047 -0.157797 0.0575198
0.309105 0.453404 0.0930321
0.315249 0.451061 0.0926487
0.0853763 -0.035441 -0.0378441
0.0797854 -0.0315253 -0.0387068
0.0804192 -0.0353643 -0.0425007
-0.034113 0.0860754 -0.0847341
-0.033771 0.0756508 -0.0879551
0.119821 -0.0890062 0.0644842
0.120894 -0.0961183 0.0639047
0.115475 -0.0957897 0.062315
0.196248 0.0101542 0.0295468
0.196787 0.0169704 0.0364407
0.193501 0.00937086 0.0382085
0.0547224 -0.0344818 0.0498365
-0.0475218 0.0978178 -0.0792735
-0.0402089 0.109437 -0.0713597
-0.0361668 0.0973386 -0.0790162
0.158599 -0.0166497 0.0152757
0.254335 0.457776 0.0548525
0.250537 0.456323 0.0574667
0.253253 0.461302 0.0589986
-0.165184 -0.000186172 0.0396252
-0.166509 0.00393572 0.0417139
-0.168468 0.00188272 0.0358681
0.101615 0.133802 -0.0463386
0.108822 0.128535 -0.0519511
0.0998044 0.124783 -0.0536199
0.0021624 0.152352 -0.00483423
-0.00566581 0.153777 -0.00243469
-0.086678 0.11869 -0.0770923
-0.0777794 0.118276 -0.0737323
0.116642 -0.0521483 0.113445
0.115604 -0.0634973 0.111786
0.0750444 -0.0384389 0.00472434
0.0815589 -0.036077 -0.00129265
0.0833208 -0.0367914 0.00795953
0.0205799 0.050363 -0.0839594
0.0160773 0.0400286 -0.0836858
0.00703921 0.0502645 -0.0861529
-0.148569 0.129082 0.0537565
-0.138087 0.126791 0.0612757
-0.134819 0.13326 0.0558877
0.187348 0.00448488 0.0505344
0.190581 0.00797693 0.0451139
0.190765 0.0131029 0.0492192
0.342944 0.432209 0.071014
0.338444 0.434026 0.067509
0.344204 0.432438 0.0657675
-0.143808 0.0873616 -0.0977729
-0.132537 0.0877595 -0.0994552
-0.186754 0.0748317 -0.0872647
-0.191585 0.0680166 -0.0851856
-0.192207 0.076111 -0.0814307
-0.239091 -0.160956 -0.151398
-0.243113 -0.158565 -0.148339
0.156389 -0.19181 0.0556289
0.153109 -0.193859 0.0511732
0.270501 0.463605 0.0498159
0.264082 0.459898 0.0507543
0.263647 0.465976 0.0545938
0.234631 0.397217 0.0429698
-0.253242 -0.0481003 0.00191163
-0.259049 -0.0481617 0.00322208
0.10943 0.158172 -0.00784524
0.124045 0.160433 -0.00520998
0.16371 0.113676 -0.0610246
0.0700866 -0.181742 -0.0718434
0.0730546 -0.188409 -0.0691406
0.0731378 -0.181322 -0.0657244
0.211262 0.0476946 -0.0307403
0.216082 0.0500914 -0.0230691
-0.0959528 -0.0807358 0.0933891
-0.0934432 -0.0853058 0.0914184
-0.0669091 0.0301666 0.0865383
-0.0720438 0.0345727 0.0917896
0.261897 0.379033 0.0441161
0.139148 -0.221056 0.0364582
0.145176 -0.21782 0.0366899
0.144454 -0.224661 0.0341637
0.222069 0.231482 0.0611252
0.214168 0.238808 0.0632676
0.214259 0.229222 0.0630753
0.1039 0.0451876 0.113056
0.0984232 0.0372506 0.111331
-0.305869 -0.0707683 -0.0362687
-0.304997 -0.0646747 -0.0352167
0.0822426 -0.0338963 -0.0117877
0.0745585 -0.0349389 -0.0147674
0.346917 0.498621 0.0662657
0.352746 0.496585 0.062373
0.0677911 -0.0330357 0.0587336
0.0709242 -0.0292563 0.0665122
-0.22979 -0.144424 -0.138115
-0.22645 -0.149197 -0.141252
0.265288 0.390127 0.0638709
0.259013 0.388131 0.069207
0.263397 0.382902 0.0630641
-0.0217261 0.0962326 -0.078743
-0.247256 -0.0102387 -0.0513657
-0.0976999 -0.171991 0.0475488
-0.0982781 -0.165166 0.0516771
0.175158 0.0127131 -0.0749066
0.171376 0.0110413 -0.0804077
0.173808 0.016659 -0.0807096
-0.263896 -0.158752 -0.133749
-0.264222 -0.16241 -0.132655
-0.168067 0.0254988 0.0435156
-0.166906 0.0277548 0.0456378
-0.168028 0.0297131 0.0434699
-0.0931947 0.0467357 -0.091951
-0.0896272 0.0486212 -0.088915
-0.090473 0.0434396 -0.0878719
0.0808992 0.133047 -0.0470077
0.0810984 0.139896 -0.0404716
0.0926101 0.136586 -0.043104
0.153558 -0.162882 0.0828741
0.153346 -0.169555 0.0840715
-0.181766 0.0662284 0.0456866
-0.185129 0.0745841 0.0469093
-0.188748 0.0685765 0.0411905
-0.170369 0.0634661 0.066511
-0.170836 0.0575132 0.0643377
-0.167874 0.0562228 0.0704688
0.122645 -0.117378 0.059706
0.121483 -0.123373 0.0580634
-0.264073 -0.135486 -0.125715
-0.266839 -0.130862 -0.120241
-0.259944 -0.127172 -0.126087
-0.256472 -0.119856 -0.125688
-0.25895 -0.117049 -0.121833
-0.254336 -0.113662 -0.124316
-0.237383 -0.173033 -0.133942
-0.235933 -0.173202 -0.126416
-0.255428 -0.0725758 -0.0291533
-0.251182 -0.0656131 -0.0284969
0.129364 -0.0234406 0.00461975
0.134049 -0.0238939 0.0113285
0.124419 -0.0262696 0.0139168
0.142531 -0.0213699 0.0073599
0.120331 -0.162034 -0.0579908
0.124622 -0.159585 -0.0622783
0.121858 -0.155282 -0.0580444
0.228171 0.327212 0.07058
0.222952 0.322301 0.0693134
0.229203 0.319029 0.0693636
0.151621 -0.0555245 -0.0601574
0.154648 -0.0499569 -0.0600447
-0.0157771 -0.0152876 -0.049355
-0.0482511 -0.0198176 0.0402386
-0.0484856 -0.025013 0.0360156
0.221998 0.0588428 0.0310727
0.221544 0.0682489 0.037717
0.214228 0.0560475 0.0455034
-0.269371 -0.127553 -0.113815
-0.27377 -0.136753 -0.113112
0.224047 0.0957051 0.0426855
0.226698 0.104625 0.0403383
0.0945809 -0.117066 -0.0441223
0.103978 -0.118591 -0.0442051
0.368567 0.472656 0.0540106
0.102005 -0.174315 0.0746913
0.100527 -0.172521 0.0704193
-0.237418 0.0852915 -0.0381397
-0.236013 0.0798282 -0.0446572
-0.136092 -0.0102917 -0.121674
-0.136143 -0.00280608 -0.121998
0.293034 0.472607 0.0912684
0.298171 0.468469 0.0935802
0.299331 0.474721 0.0913857
-0.158333 -0.181603 0.0386759
-0.160139 -0.175948 0.0439386
-0.155525 -0.174356 0.0371135
0.161481 -0.00952889 -0.0810863
0.156128 -0.0135652 -0.085556
0.158867 -0.0075903 -0.0856789
0.131828 -0.123289 -0.0652289
0.131004 -0.118215 -0.0616032
0.128903 -0.123427 -0.0587248
-0.0858255 -0.203895 0.047378
-0.0868447 -0.207594 0.0502762
-0.0853543 -0.207986 0.0470761
-0.091156 -0.18778 0.0307017
-0.0941083 -0.182238 0.0300812
-0.0923292 -0.183882 0.0344579
0.0794408 -0.0412008 0.102165
0.0776249 -0.0352682 0.0986157
0.07685 -0.0430247 0.0960096
-0.167766 0.019898 0.0595624
-0.167055 0.0168021 0.0652034
-0.166559 0.0244922 0.0669811
0.0630094 -0.0194126 -0.0515714
0.059353 -0.0161571 -0.0540285
0.373316 0.44584 0.0864517
0.37121 0.443083 0.0894626
0.376282 0.440299 0.085705
0.12453 -0.10808 0.104181
0.128867 -0.092186 0.10628
0.261311 0.466306 0.0779864
0.0519481 0.00954497 0.088229
0.0605796 -0.00631914 0.0828111
0.0630604 0.00699362 0.0890908
0.349725 0.439875 0.0983897
0.130639 0.137146 0.0695313
0.136688 0.14817 0.0601838
-0.169526 0.0421955 0.0466593
-0.168279 0.0380353 0.0451059
-0.122589 -0.0446387 0.0453094
-0.223166 -0.153941 -0.145274
-0.220274 -0.150342 -0.138767
0.0919153 -0.115196 0.0920202
0.0978849 -0.117957 0.0961012
0.114625 -0.196221 0.0492812
0.119798 -0.193961 0.046602
-0.198559 -0.10272 -0.130139
-0.200595 -0.0962345 -0.133729
0.0874545 -0.0164408 0.111123
-0.0428831 0.111748 0.0750804
-0.0376673 0.123144 0.0693495
-0.0510923 0.121383 0.0703188
0.0803604 -0.0841544 0.0810347
0.0799827 -0.0781473 0.0820942
0.0822983 -0.0788961 0.0775431
0.218008 0.276736 0.0178541
0.199692 0.013607 0.0107
0.202317 0.0190201 0.0180267
0.198537 0.0115696 0.0198219
-0.120631 0.0330507 0.0961916
-0.130675 0.0284838 0.0934415
0.215744 0.26353 0.0651461
-0.151001 -0.148741 0.0428396
-0.148559 -0.142639 0.0420569
-0.114559 0.0140127 -0.113434
-0.109807 0.0201276 -0.109639
-0.26914 -0.154158 -0.127161
-0.267901 -0.14928 -0.127673
-0.265461 -0.154245 -0.131555
-0.262269 -0.155195 -0.135015
-0.274015 -0.0758646 -0.0516571
-0.280518 -0.0797638 -0.0518846
0.107527 0.0703653 -0.0803379
0.0987255 0.0689037 -0.0782985
-0.268522 -0.0226194 0.000534963
-0.275804 -0.0159168 -0.00511656
-0.283017 -0.162919 -0.103455
-0.280347 -0.161107 -0.108989
-0.279301 -0.165465 -0.108757
-0.28076 -0.156703 -0.108824
-0.172375 0.0558348 0.058153
-0.174266 0.0595198 0.0541298
0.0895632 -0.203891 -0.105346
0.0898384 -0.207764 -0.105992
0.086105 -0.206398 -0.102542
0.361901 0.494733 0.0726801
0.364832 0.490969 0.0762656
0.366412 0.490326 0.0715168
-0.115235 -0.0427925 0.0939889
-0.122236 -0.040148 0.0935122
-0.121876 -0.0494992 0.0935409
0.109852 -0.108897 -0.0924163
0.114752 -0.115039 -0.0921563
0.0566202 0.0816107 0.0931607
0.0450841 0.0874196 0.0901458
0.0442402 0.075476 0.0925701
0.25793 0.335016 0.0435271
0.259126 0.341277 0.0452246
-0.0916201 0.03858 0.0993615
-0.174265 0.0495073 0.0420411
0.0813672 -0.0895605 0.0796364
0.116824 -0.193754 -0.0568242
-0.141715 -0.079228 0.0645502
-0.1397 -0.0748943 0.0635791
0.369926 0.438652 0.0913164
0.366908 0.442941 0.0930916
-0.0836524 -0.200125 0.0430731
0.147178 -0.0635572 0.103229
0.150756 -0.0616282 0.0992141
0.149927 -0.0557645 0.103959
0.351436 0.458596 0.100695
0.350327 0.45351 0.102137
0.206947 0.153494 0.0640238
0.21095 0.144147 0.0629116
-0.134014 -0.0820873 0.0866322
-0.128266 -0.0796558 0.0899215
-0.132738 0.0788853 0.0915933
-0.144039 0.0742735 0.0888199
-0.227686 0.107023 -0.0136298
-0.221729 0.11287 -0.0102733
-0.192796 -0.0411133 -0.0733171
-0.193788 -0.0347809 -0.0731336
-0.201505 -0.0397763 -0.0754499
0.234333 0.118326 0.0312077
0.237287 0.119051 0.0249243
-0.246633 -0.088218 -0.116482
-0.250832 -0.0910981 -0.111778
0.0962379 0.116746 -0.0584798
0.0729145 -0.175552 -0.0638537
0.0713909 -0.170186 -0.0638679
0.0672152 -0.157445 -0.0782105
0.070075 -0.151479 -0.0832617
-0.23271 0.104439 -0.00494327
-0.232359 0.104405 -0.0104217
-0.237615 0.0996751 -0.00798825
0.263838 0.473189 0.0698734
0.264521 0.473671 0.0638718
0.259921 0.470275 0.0659242
-0.150105 -0.0507367 -0.0723586
-0.163471 0.0522813 0.0766479
-0.156876 0.0498193 0.083113
-0.158945 0.0597492 0.0811984
-0.178674 -0.0113381 -0.0466157
-0.170444 -0.0166423 -0.0500037
-0.240424 0.0888651 -0.0283181
-0.233444 0.0903224 -0.0355806
-0.152694 0.0674476 0.0856126
-0.142973 0.0630215 0.0905111
-0.139923 0.0509072 0.0916813
-0.116908 -0.0188885 0.0264912
-0.114353 -0.0239467 0.030992
0.226404 0.0603905 0.0201593
0.2297 0.0688808 0.0156867
0.0584313 -0.0318214 -0.0297928
0.0682837 -0.0300499 -0.0314958
0.351445 0.48429 0.0991957
0.353136 0.486972 0.0954659
0.199132 0.172192 0.0637778
0.202987 0.16294 0.0642773
-0.111414 0.0811253 -0.101651
-0.105546 0.0779608 -0.100891
-0.0587324 -0.00829682 0.0554136
-0.0550476 -0.00789936 0.0534481
-0.0566951 -0.00386983 0.057985
0.0688928 0.128013 -0.0509513
0.205261 0.035777 0.0458193
0.200774 0.0251972 0.0394854
0.207073 0.0308648 0.0329625
0.0647036 -0.089202 -0.0624656
0.065039 -0.0892763 -0.0675693
0.22148 0.282592 0.0662667
0.228767 0.282386 0.0643562
0.156859 0.0213509 0.113244
0.164846 0.023959 0.109053
0.160519 0.0301535 0.112442
-0.0916598 -0.0352433 0.0958254
-0.137127 -0.0374536 -0.120016
-0.134954 -0.0304526 -0.120214
0.237908 0.139247 0.0286718
0.238699 0.133479 0.0244864
0.238495 0.142433 0.0217476
0.184275 0.0559951 -0.0740041
0.178552 0.0563503 -0.0781768
0.0705607 -0.0217266 -0.056735
0.0718953 -0.0254649 -0.057837
0.115416 0.0553035 -0.0859436
0.111451 0.0472759 -0.0851593
0.0813007 -0.202177 -0.063176
0.0813912 -0.207734 -0.0654332
0.0858231 -0.208095 -0.0611428
-0.25593 -0.114756 -0.0806761
-0.252453 -0.108869 -0.0801214
-0.216484 -0.0939779 -0.0674163
-0.209431 -0.0933383 -0.0668355
-0.213918 -0.0872811 -0.0675665
-0.0614291 0.00337131 0.0686148
-0.0598756 0.00810762 0.0690947
0.329559 0.485 0.0973903
0.327396 0.47776 0.100564
0.0770191 0.0163066 -0.0738332
0.0812834 0.00657956 -0.0739794
-0.140345 0.0160078 -0.119722
-0.145663 0.00669919 -0.120936
-0.192656 -0.0142028 -0.0552688
-0.193194 -0.01831 -0.0613679
0.150689 -0.014713 -0.089299
0.152589 -0.0182186 -0.0859731
0.0840803 -0.0386179 0.108136
0.0827021 -0.0474188 0.105311
0.147653 0.046244 -0.0909329
0.154561 0.0528311 -0.0882204
0.166879 -0.212651 0.0527167
0.165547 -0.209432 0.0579059
0.169563 -0.213711 0.0593561
0.231762 0.126832 0.0388683
0.226549 0.123689 0.0462357
0.229673 0.118595 0.0396869
-0.16711 0.00977222 0.0651364
0.192026 0.00105831 0.0162231
0.188864 -7.93783e-05 0.0081025
0.193708 0.00429553 0.00535782
-0.251306 -0.168724 -0.141513
-0.246845 -0.17055 -0.140846
-0.249182 -0.170612 -0.136993
0.0669051 0.0226426 -0.0737501
-0.262142 -0.103873 -0.0956176
-0.261502 -0.106002 -0.104567
-0.227571 -0.0282011 0.000251749
-0.0617781 -0.0296805 0.0250381
-0.0605028 -0.0328028 0.0313049
-0.0665907 -0.0323497 0.0292088
-0.200493 -0.0149613 -0.0980635
-0.202813 -0.0200832 -0.0949305
0.228944 0.145867 0.047643
0.233242 0.146999 0.0409541
0.0741448 -0.0276407 0.0724822
0.0758443 -0.0262374 0.0777829
0.0726729 -0.021587 0.0770545
-0.258278 0.00996364 0.00879128
-0.265341 0.0194304 0.00561637
0.193466 0.0762822 -0.0606791
0.194032 0.0676545 -0.0619681
0.162968 -0.0127662 -0.0746396
0.233266 0.390008 0.0421431
-0.266883 -0.00252293 0.00261152
-0.261452 -0.0144142 0.0045506
-0.258772 -0.00209311 0.00708001
-0.257643 0.0443427 0.0110701
-0.22841 -0.0288699 -0.0434613
-0.224528 -0.0252641 -0.0405342
-0.194827 0.00252351 0.0227033
-0.199664 0.000767939 0.020425
0.0782127 -0.0011652 -0.0720526
0.0757582 -0.00800983 -0.0694192
0.0723754 -0.00225861 -0.0689005
-0.059712 -0.0218856 -0.0369809
-0.0551728 -0.020193 -0.0449289
0.214 0.328264 0.0650698
0.211126 0.328976 0.0609346
0.222441 0.3186 0.0301391
0.116594 0.0397355 -0.0869408
0.0326063 0.115265 0.0750886
0.0226798 0.13041 0.0639189
0.0180839 0.119874 0.0711684
-0.0938675 0.00213761 -0.0643671
-0.0999561 0.00141006 -0.0699491
-0.213024 -0.140598 -0.122183
-0.208443 -0.142415 -0.117356
0.0559474 -0.027094 -0.03809
0.0531435 -0.0226426 -0.0445785
0.0608919 -0.0235258 -0.0443915
-0.239014 -0.0171099 -0.0514307
-0.166333 0.00543224 0.0468804
-0.165695 0.00134997 0.0485202
-0.166784 0.00531097 0.0506749
0.351801 0.473662 0.100981
0.354376 0.477151 0.0997731
0.350932 0.477918 0.10161
0.217147 0.142873 0.0590016
0.212602 0.133423 0.0623478
-0.15494 -0.00703431 -0.0392784
-0.150161 -0.0106447 -0.0437913
0.0637637 -0.134535 -0.072123
0.230139 0.112375 0.0365849
0.201055 0.224584 0.00806777
0.196598 0.234299 0.0129424
-0.105112 0.10642 0.0864337
-0.103771 0.0991709 0.0899636
-0.0935515 0.102587 0.0886845
0.120549 -0.205628 0.0828892
0.125198 -0.202931 0.0868989
-0.173444 0.105567 -0.0757346
-0.179843 0.106853 -0.0703655
-0.173685 0.111919 -0.0685859
-0.159959 0.0709253 0.0793384
-0.169113 -0.0917715 -0.0940013
-0.171376 -0.0893659 -0.0848578
0.126652 -0.0201688 -0.0139711
0.131305 -0.0209638 -0.0163703
0.132029 -0.0196794 -0.0109449
0.249383 0.309388 0.0359204
-0.181686 -0.100772 -0.118691
-0.157983 -0.152839 0.0499157
-0.159415 -0.149293 0.0538069
0.118664 -0.169114 -0.0582048
0.145995 -0.0120571 -0.0916632
0.150504 -0.00973091 -0.0907471
-0.165793 -0.0760032 -0.124236
-0.169117 -0.0743323 -0.127991
-0.167716 -0.0813253 -0.122198
0.0985615 -0.166044 0.0698299
0.0998533 -0.170295 0.0659409
0.169473 0.0648391 0.102871
0.164328 0.0577663 0.107812
-0.0594347 0.126311 -0.0597535
-0.071056 0.129134 -0.0608162
-0.0633171 0.132899 -0.0533725
0.202128 0.281562 0.0605864
0.1992 0.274778 0.0584165
0.203597 0.273836 0.062195
0.175504 0.0225684 -0.0810045
0.0720178 -0.0150886 0.0830439
0.067831 -0.0160946 0.0784455
-0.0705448 0.093169 0.0838418
-0.0784321 0.0959738 0.0868939
-0.197139 0.0639479 0.035702
0.0663648 -0.04018 0.0340266
-0.296399 -0.072072 -0.0473536
-0.300892 -0.0746497 -0.0444128
-0.272626 -0.0470807 -0.000206734
-0.268699 -0.0570051 0.00168564
-0.265346 -0.0467664 0.00242286
0.109866 -0.111222 -0.0449416
0.116976 -0.105953 -0.0467192
-0.140201 -0.127173 0.08145
-0.145483 -0.12229 0.0790389
-0.144894 -0.130997 0.0781854
-0.183337 0.119382 0.0395081
-0.173592 0.123174 0.0438031
0.357948 0.487769 0.049371
0.353788 0.489665 0.0489661
0.358353 0.483947 0.0476679
-0.0174076 0.160343 0.0124044
-0.000515179 -0.0165953 -0.0476336
0.153609 -0.0165847 0.0434032
-0.10768 -0.170943 0.0172161
-0.114054 -0.171949 0.0146784
-0.235129 0.0197933 -0.0520057
-0.244742 0.013415 -0.0514439
-0.246713 0.0222156 -0.0521636
-0.278088 -0.144556 -0.109302
-0.281123 -0.151062 -0.106484
-0.281114 -0.14307 -0.101726
-0.220098 -0.0440887 -0.0968381
-0.225474 -0.0504187 -0.0902
0.174482 -0.00728999 0.0055639
0.182658 -0.00345098 0.0073407
-0.163355 -0.0229526 -0.0535351
-0.163472 -0.0314857 -0.0594027
-0.156627 -0.0284815 -0.0565273
0.106614 -0.188841 -0.108233
0.109381 -0.182117 -0.103243
0.114957 -0.18901 -0.106569
-0.18396 0.00754562 -0.107016
-0.185363 0.0189656 -0.103008
-0.176111 0.0134642 -0.108585
-0.0486528 0.0290526 0.0787785
-0.300772 -0.0550884 -0.0380562
-0.301384 -0.0504689 -0.0345182
-0.269316 -0.122173 -0.108549
-0.263656 -0.119257 -0.116673
0.0201141 0.0694065 -0.0828977
0.0269897 0.0603774 -0.0824346
-0.027663 0.154689 -0.00292032
-0.0199855 0.153975 -0.0033104
0.29897 0.449077 0.0875885
0.299205 0.453637 0.0913534
-0.202291 -0.0769715 -0.136082
-0.120489 -0.0145883 0.0203929
0.0657909 -0.0246237 -0.0436105
0.0695153 -0.0258461 -0.0428936
0.0687355 -0.0262186 -0.0400253
-0.144674 0.113227 -0.0784848
-0.144721 0.121954 -0.0678821
-0.129952 0.120179 -0.0748119
0.209758 0.260113 0.0643265
0.215713 0.256534 0.0645198
-0.173651 0.0971866 -0.0822482
-0.187305 0.0275362 -0.0993347
-0.190214 0.0352151 -0.094438
0.0111441 0.161296 0.0203958
0.0102381 0.161734 0.0157231
0.00477859 0.161286 0.0195582
-0.118684 0.108435 0.0829269
0.175401 -0.00434624 -0.0464641
0.174549 -0.000799831 -0.0551086
-0.154172 -0.208304 0.0555346
-0.154695 -0.208594 0.0489958
-0.149484 -0.209258 0.0524268
-0.0949976 0.0146128 -0.0782971
-0.0900199 0.0210668 -0.0767341
-0.0882049 0.0133927 -0.0732265
-0.157434 0.0946814 0.0751073
-0.158925 0.0836918 0.0779299
-0.162527 -0.00485356 0.0396688
-0.164019 -0.00197779 0.0452713
-0.100802 0.0912555 0.0928973
-0.112771 0.095833 0.090885
-0.118323 0.0894899 0.0922789
-0.121203 0.0794094 0.0940771
-0.321837 -0.119453 -0.0438869
-0.325382 -0.125514 -0.0451706
-0.062486 -0.0221271 0.0574315
-0.0634336 -0.0191845 0.0636532
-0.0640424 -0.0281552 0.0647034
-0.125681 -0.0353477 -0.106378
-0.141751 -0.0465786 -0.120105
-0.228862 0.0722197 0.0242787
-0.155637 0.123751 -0.0603555
-0.217651 -0.10889 -0.133691
-0.218728 -0.101081 -0.134542
-0.212843 -0.102796 -0.134216
0.125095 -0.240205 0.0519431
0.122569 -0.235709 0.0493583
0.126674 -0.238224 0.0460774
0.239441 0.357844 0.0337839
0.234772 0.351515 0.0329786
0.232399 0.358461 0.034936
0.356647 0.493847 0.0854204
0.35978 0.494088 0.082153
0.356382 0.496408 0.0808789
0.0411424 0.100208 0.0846553
0.0472404 0.112009 0.0795339
0.351378 0.448671 0.0414749
0.357719 0.444658 0.0428761
0.353321 0.441181 0.044021
0.0326734 -0.035108 -0.00190477
0.0293953 -0.0337186 -0.0173797
-0.197287 -0.0119282 -0.0263489
-0.199489 -0.0126627 -0.0170329
-0.205566 -0.0145702 -0.0247599
-0.207341 -0.0978746 -0.134642
-0.207584 -0.02879 -0.0872827
-0.206078 -0.0238092 -0.085044
-0.205375 -0.0245537 -0.0907597
0.328851 0.49759 0.0751445
-0.243541 -0.0746073 -0.0930704
-0.241258 -0.072005 -0.0892029
-0.239876 -0.0690442 -0.0929785
0.222858 0.163728 0.0557012
0.215966 0.159128 0.0599651
0.220504 0.153359 0.0567975
-0.259388 -0.152225 -0.136451
0.261032 0.441026 0.0441332
0.267003 0.437284 0.0429608
-0.0510713 0.0191746 0.0744727
0.197255 0.0568637 0.0722365
0.205518 0.0561189 0.0601917
-0.0279135 0.150236 -0.0120108
-0.0168874 0.150019 -0.0106994
-0.0195986 0.144831 -0.0205179
0.110889 -0.0409695 -0.0872037
0.16388 0.00278936 -0.0848054
0.167724 0.00665714 -0.0820738
0.0812796 -0.0812434 0.0947453
0.0794139 -0.0802005 0.0904457
0.0798152 -0.0857838 0.0899429
-0.278142 -0.0640837 -0.00122675
-0.281417 -0.0584285 -0.00424071
0.16017 -0.0305989 -0.0633588
0.154862 -0.0414749 -0.0661144
0.21516 0.247629 0.0637519
0.222061 0.253265 0.0634846
0.205598 0.266117 0.0631066
0.0886866 -0.0330313 -0.00736178
-0.0636862 -0.0227018 -0.0263144
0.095001 -0.106081 -0.0926178
0.0950572 -0.0959479 -0.0907245
0.102354 -0.101937 -0.0922267
0.128355 -0.141389 -0.078432
0.128514 -0.134023 -0.0795415
0.130543 -0.136938 -0.0725512
0.127587 -0.125934 -0.0815042
0.12723 -0.14905 -0.0791498
-0.278671 -0.0848917 -0.0521096
0.0771474 0.161313 0.0276795
0.0780392 0.163886 0.0178362
0.0697002 0.16352 0.0236143
-0.0152868 0.00248681 -0.0672918
-0.141657 0.0025085 -0.122184
-0.146461 -0.00146403 -0.122073
-0.117137 -0.025909 -0.0977628
0.191298 0.0105997 -0.0191917
0.189118 0.0122899 -0.0307405
-0.131466 -0.00971462 -0.0470737
-0.130141 -0.00701316 -0.0408782
0.120616 0.0630792 -0.0857277
0.223984 0.280367 0.0190264
0.217697 0.282603 0.0192108
-0.248419 -0.0432673 0.00105898
-0.247518 -0.0483994 -0.0016398
0.309424 0.456865 0.0476931
0.306346 0.45263 0.0490604
-0.0387216 -0.00712191 0.0544809
-0.0454924 -0.00710858 0.0534197
-0.0412151 -0.0111438 0.0485165
0.0509296 -0.0181776 -0.0499785
0.0435376 -0.021627 -0.0442043
-0.0878425 -0.0296125 0.0952192
0.0938686 0.076154 -0.075151
0.0903067 0.0844915 -0.0715
0.0976567 0.0841934 -0.072528
0.147852 0.0527156 0.115494
0.240412 0.178373 0.0222368
0.240866 0.173401 0.0254768
0.238938 0.171499 0.0190864
-0.109212 -0.00719828 -0.069455
-0.300835 -0.0491128 -0.0262861
-0.302685 -0.0543687 -0.0272026
0.146404 -0.189962 0.0489011
0.217312 0.325255 0.0674152
0.195782 0.0208015 0.0459765
0.0900875 0.0681626 -0.0765753
0.167556 -0.00742701 -0.00668314
0.16348 -0.0120215 0.00389339
-0.267879 -0.113357 -0.092561
-0.270882 -0.118772 -0.0943985
0.0406481 0.161591 0.0107801
0.0444946 0.162242 0.0163352
0.110767 0.0519556 0.114257
0.10316 0.0561989 0.110617
0.367098 0.486716 0.0790518
0.368139 0.482281 0.0815229
0.00801733 -0.0129222 0.0617813
-0.00596519 -0.0122715 0.0577715
0.0791422 -0.0485358 0.0804323
0.0784274 -0.0536648 0.0831802
0.0768906 -0.0477895 0.0850122
-0.0503914 -0.00753311 0.0528706
-0.0613757 -0.0117692 0.0588203
-0.255517 -0.166366 -0.140236
-0.17484 -0.0671828 -0.13244
-0.173596 -0.0730454 -0.131206
-0.141847 -0.0799526 0.0777097
-0.138385 -0.0811383 0.0824042
-0.139339 -0.0760198 0.0819442
0.139801 -0.24181 0.0424897
0.0337495 0.1335 -0.0359533
0.0329376 0.123204 -0.0479092
0.0215409 0.131396 -0.0371666
0.14706 -0.0569146 -0.0688558
0.142413 -0.0636191 -0.0704451
0.141074 -0.0560395 -0.0752905
0.344555 0.434417 0.0897881
-0.246483 -0.0247313 0.00710553
0.00314613 0.12362 0.069141
0.0101488 0.111779 0.0767578
-0.20315 -0.0954622 -0.0677665
-0.207992 -0.101061 -0.0683447
-0.234294 -0.138743 -0.136255
-0.238295 -0.131578 -0.134616
-0.249796 -0.104074 -0.07953
-0.244771 -0.10889 -0.0767266
-0.175524 -0.010564 -0.116122
-0.184947 -0.0212112 -0.117183
-0.183487 -0.010619 -0.113419
0.131441 -0.12857 -0.0676437
-0.101411 -0.149806 0.0642192
0.0879652 -0.219466 -0.0780408
0.0935257 -0.220792 -0.0776462
0.090249 -0.220301 -0.0719769
0.226991 0.181461 0.00319616
0.233713 0.181679 0.0107204
0.091223 -0.145492 -0.0964025
0.0966841 -0.156705 -0.0991766
0.0880918 -0.156169 -0.0969731
0.0872118 -0.168865 -0.0980514
0.00210039 0.0238791 -0.080775
-0.000439123 0.0312307 -0.0836548
0.00991205 0.0305824 -0.0822258
-0.170637 0.0497925 0.0613372
-0.0725755 0.0221136 0.0920723
-0.0717661 0.0155845 0.0905349
0.0838694 -0.104147 0.0838954
0.0818 -0.0974778 0.0871825
-0.239745 -0.0455932 -0.00801506
-0.233824 -0.0393614 -0.0100228
-0.0802261 0.0319488 -0.0793374
0.171551 0.214966 0.0257638
0.167666 0.207921 0.0241491
0.166884 0.209887 0.0319054
0.151076 0.0304301 -0.0924406
0.144652 0.0377884 -0.0919694
0.0182157 0.0699008 0.0903192
0.0309307 0.0707766 0.0911723
0.023015 0.0817772 0.088519
-0.212515 -0.0792377 -0.068681
-0.220487 -0.0797525 -0.0710183
-0.26046 -0.108608 -0.112337
-0.260113 -0.113112 -0.117402
-0.275224 0.0420509 -0.0195077
-0.274471 0.0419965 -0.0276846
-0.277299 0.0358317 -0.0238521
0.281084 0.439339 0.0806158
0.274174 0.435148 0.0798263
0.28094 0.433265 0.0742988
0.176013 -0.00559193 -0.039778
0.171688 -0.0114021 -0.0443671
-0.258504 -0.0783645 -0.0221958
-0.259738 -0.0795107 -0.0326146
-0.121083 -0.0276156 -0.104206
-0.2176 -0.0162378 0.00685357
-0.222072 -0.0189606 0.00641426
-0.108303 0.155096 0.0227936
-0.117356 0.155034 0.0157724
-0.11642 0.15157 0.0294146
0.104661 -0.1513 0.0911311
0.106005 -0.158547 0.0897613
0.247673 0.449206 0.0549695
0.251289 0.446362 0.0501167
0.246506 0.440217 0.0508526
0.256797 0.44557 0.0466134
0.255473 0.452024 0.0503435
0.225096 0.334592 0.0337874
0.218026 0.332923 0.0377216
0.222494 0.339296 0.036668
-0.133216 -0.0156118 -0.0530874
-0.125168 -0.010809 -0.053287
0.0186642 -0.0167982 0.0598702
0.0703009 0.00542146 0.0908479
0.118646 0.0591981 0.114533
-0.25166 -0.0871923 -0.0982226
-0.247089 -0.0799715 -0.096238
-0.165986 -0.00547887 0.05878
-0.164667 -0.00970058 0.0617676
-0.165768 -0.00530111 0.0649297
0.00455544 0.111508 -0.0614263
-0.0046225 0.108671 -0.0664216
-0.00679749 0.118107 -0.0576471
-0.250638 0.0819081 -0.00149206
-0.244306 0.0876283 0.00203222
-0.244691 0.0913679 -0.00518648
0.224733 0.353734 0.0380604
0.227809 0.361983 0.0383006
0.179484 0.095406 -0.0640971
0.169393 0.0977898 -0.0685606
0.127794 0.0830723 0.107053
0.116209 0.0821972 0.105863
0.0701617 0.144075 -0.0360233
0.0800528 0.145532 -0.0336745
0.200334 0.0753482 -0.0523999
0.0914032 0.152333 -0.0213543
0.0943422 0.157384 -0.0100282
0.0872397 0.14842 -0.0284464
0.0635945 -0.0221095 -0.0477713
0.161541 -0.191593 0.0664915
0.232383 0.106692 0.0306004
0.0761511 0.151294 -0.0248244
0.0671755 0.153671 -0.0198768
0.0768219 -0.195326 -0.0658869
0.0734006 -0.196392 -0.0719178
0.000640349 0.106321 0.0801363
0.0886046 0.040907 0.105271
0.0865482 0.053069 0.102991
-0.187448 -0.00344752 0.0118027
-0.193206 -0.00641625 0.00642103
0.125212 -0.0454795 -0.0350787
0.114012 -0.0440443 -0.0338798
0.09421 -0.0324428 -0.00127689
0.116262 -0.0281946 0.0577839
0.122912 -0.0258009 0.058105
-0.0852159 0.0232819 -0.0761617
-0.0800239 0.0262064 -0.0771039
-0.149061 -0.209256 0.0383564
-0.141975 -0.210267 0.0336321
0.0414505 0.0266559 0.0919984
0.0347286 0.013495 0.0867385
0.095253 -0.204118 -0.109633
0.0912302 -0.199889 -0.105893
-0.0745252 0.0302081 -0.0792492
-0.0655612 0.0274498 -0.0795998
0.0789368 -0.181344 -0.0932958
0.0740107 -0.182167 -0.0874724
0.0754255 -0.173619 -0.0894721
0.0858614 -0.186445 -0.0541768
0.260005 0.397612 0.0418859
0.263905 0.401612 0.0435452
0.265245 0.395476 0.045132
0.0860854 -0.0083714 -0.0769046
0.0838772 -0.00127286 -0.0749298
0.0904993 -0.000608449 -0.078022
0.106138 -0.0301795 -0.0203766
0.105976 -0.0338597 -0.024609
-0.191268 0.000908662 -0.104859
-0.196906 -0.00754836 -0.101232
-0.196576 0.00180227 -0.0970901
0.12892 -0.113534 -0.0809587
0.131606 -0.112631 -0.0763837
-0.122097 -0.212736 0.0287359
-0.112143 -0.21423 0.0303404
-0.118329 -0.214011 0.0369741
0.127214 -0.226622 0.0804726
0.121198 -0.191528 0.088229
0.112266 -0.183164 0.0847172
-0.139385 -0.0925944 0.0556139
-0.145074 -0.0973571 0.0582885
-0.144233 -0.0891917 0.0617028
0.0264804 0.140189 0.0555248
-0.13895 -0.0287122 0.0505628
-0.138625 -0.0347405 0.0538893
-0.146285 -0.0305744 0.054573
0.0142388 0.05709 0.0911333
0.00622747 0.0691583 0.0901063
-0.166579 0.0290752 0.0481197
-0.16664 0.025532 0.0480181
-0.177131 -0.100378 -0.110219
-0.175233 -0.0951925 -0.116544
-0.0419701 0.0426097 -0.0869932
0.23539 0.142426 0.0349898
0.23464 0.13373 0.035277
0.34039 0.489059 0.049992
0.344734 0.490457 0.0494318
0.344678 0.48627 0.0469189
0.0937085 -0.117161 0.0642491
0.0989054 -0.115292 0.0609928
0.0981719 -0.122118 0.0608358
-0.19768 0.07815 -0.073943
0.363133 0.491289 0.0806751
0.284145 0.434865 0.0512561
0.284132 0.430971 0.0559971
0.0614579 -0.00515328 -0.0636401
0.0665133 -0.0038573 -0.0661731
-0.23679 -0.0648562 -0.0957416
-0.236339 -0.0640024 -0.0899041
0.0527165 0.0579633 0.095402
0.0629683 0.0510854 0.0963746
0.0649731 0.0629692 0.0960789
0.087425 0.064894 0.100861
0.0966328 0.061416 0.106123
0.0909293 -0.048955 0.0702875
0.0858967 -0.0494605 0.0733929
0.0885809 -0.0420697 0.0692884
0.123356 -0.146675 -0.0574007
-0.217065 -0.141874 -0.127244
-0.215948 -0.137302 -0.124937
-0.1492 -0.0267144 -0.0562193
0.15008 -0.225621 0.0891251
0.126731 -0.0995752 0.0662608
0.132221 -0.0971953 0.0703835
0.133532 -0.106082 0.069444
0.0874602 -0.109831 -0.0913635
0.147476 0.0386694 0.117085
0.140236 0.0297776 0.118271
-0.283381 0.00473148 -0.0158608
-0.277878 0.0107098 -0.00788411
-0.281922 0.0143179 -0.015864
-0.158561 -0.00709678 0.0336916
-0.233291 -0.0366684 -0.0397984
-0.231783 -0.0355874 -0.032655
-0.236933 -0.0428988 -0.0357832
-0.24077 -0.0493642 -0.0243369
-0.236911 -0.0437733 -0.0204606
-0.241216 -0.0496959 -0.0168841
-0.100997 -0.105314 0.0345197
-0.10624 -0.110582 0.0311362
-0.110642 -0.103115 0.0352857
0.203965 0.288899 0.0615684
0.199508 0.287291 0.057041
0.240847 0.321419 0.0300597
0.238761 0.328339 0.0300778
-0.118562 -0.139624 0.0225777
-0.11526 -0.128094 0.0252762
0.0747955 -0.02948 -0.0319221
0.0782824 -0.0298258 -0.0345698
-0.258431 -0.172071 -0.116095
-0.264618 -0.172811 -0.109838
-0.264411 -0.170811 -0.119394
0.159029 -0.0163759 0.10671
0.165689 -0.0114761 0.101263
-0.00819645 0.0209405 -0.080065
0.211325 0.0315045 0.00913435
0.21712 0.0409585 0.00562284
-0.100939 0.0736216 -0.0999691
0.159454 0.10756 -0.0666708
-0.144322 -0.178859 0.071754
-0.0683432 -0.0436252 0.0742538
-0.0718675 -0.0463682 0.0809001
-0.0209422 0.00422492 0.0725438
-0.0316244 0.00903683 0.0734568
-0.0321243 0.0013271 0.067217
-0.291858 -0.043581 -0.0156868
-0.286696 -0.0506924 -0.00978161
0.15532 -0.182489 0.0587978
0.159716 -0.190904 0.0610749
-0.190698 0.113796 0.0375458
-0.198667 0.10784 0.0352148
0.076745 0.0686844 0.0964059
0.0666224 0.0748376 0.0944942
-0.223755 -0.0229943 0.00337224
0.0687261 -0.163845 -0.0654567
0.0734106 -0.166643 -0.0603246
0.196492 0.276189 0.0286641
0.196622 0.283569 0.0322891
0.200322 0.283049 0.0273067
0.203293 0.289629 0.027345
0.20478 0.283301 0.0234499
0.210696 0.283719 0.0207711
0.215781 0.288685 0.0213613
0.117343 -0.155747 0.0515945
0.110118 -0.15951 0.0523969
0.110071 -0.152712 0.0534838
-0.136176 -0.0450024 -0.0772936
0.185916 0.000409711 -0.00183365
-0.227783 -0.173546 -0.139825
-0.233599 -0.1733 -0.139326
-0.230946 -0.173322 -0.145109
-0.231522 0.103312 0.00160145
-0.237665 0.0930641 0.00554757
0.0415237 0.063624 0.0936043
0.0386325 0.0518284 0.0936776
-0.142622 -0.0103172 -0.122907
-0.12396 -0.00570902 0.0931131
0.264377 0.447562 0.0448322
0.119499 -0.220706 0.0745615
0.123254 -0.23079 0.074231
-0.0116453 0.152339 -0.00545442
0.0997221 -0.04895 0.0673824
-0.195275 0.125707 0.0196339
-0.126573 -0.164295 0.0165867
0.353688 0.48342 0.0462617
-0.100843 0.0101656 -0.0879995
-0.101281 0.00273356 -0.0825371
0.2003 0.306312 0.0495289
0.198027 0.297687 0.0517
0.140707 -0.0477062 -0.0385123
0.132838 -0.0490922 -0.0375478
0.136073 -0.0563362 -0.0422052
0.138298 -0.0627626 -0.0464329
0.143376 -0.0619999 -0.0499429
-0.0488008 0.0233899 0.0767922
0.366904 0.476537 0.0855196
0.362864 0.482336 0.0886441
0.150314 -0.186063 0.0879338
0.142172 -0.184692 0.091634
0.00283821 0.127505 -0.0447793
0.012683 0.129049 -0.041199
0.00977557 0.120668 -0.0517712
-0.243153 -0.0898986 -0.121607
-0.234995 -0.0845501 -0.125063
0.156355 -0.189226 0.0824054
-0.0143086 -0.0220596 0.0282768
-0.0244848 -0.0218322 0.0273409
-0.110781 -0.117411 0.0281381
-0.10259 -0.116902 0.0291332
0.127444 -0.0804188 -0.0478594
0.132668 -0.0806887 -0.0515495
0.0944376 0.0465925 -0.0796203
0.091454 0.053409 -0.0786547
0.0379422 0.0278744 -0.0768999
0.0526183 0.0286661 -0.0750282
-0.237125 -0.0675508 -0.105358
0.178831 -0.00153455 -0.034012
-0.233459 -0.0615102 -0.085855
0.0482984 -0.0311535 -0.0305924
-0.21337 -0.119074 -0.129483
-0.219788 -0.123369 -0.130726
-0.217741 -0.115775 -0.132215
-0.222654 -0.113078 -0.133533
-0.207663 -0.105291 -0.132432
-0.0441425 -0.0163727 0.0426003
0.234329 0.273518 0.0217781
0.238581 0.273788 0.0250845
0.124381 -0.118783 0.102615
0.131734 -0.116854 0.101351
-0.314354 -0.123183 -0.0502148
-0.316877 -0.119001 -0.0480749
-0.310105 -0.11777 -0.0507668
0.1048 -0.0308862 0.037035
0.10391 -0.0322589 0.027018
0.112234 -0.0294161 0.0314277
0.0857459 0.163579 0.0130204
0.107239 -0.140394 -0.0963484
0.0989159 -0.137734 -0.096528
0.106978 -0.131802 -0.0953194
0.372775 0.483328 0.068833
0.370159 0.486297 0.0709172
0.127849 -0.241079 0.0747459
-0.231143 -0.104067 -0.0715902
-0.223807 -0.0979305 -0.0691405
0.160048 -0.0251735 -0.0414925
0.154988 -0.0332302 -0.040808
0.0729953 -0.0277657 -0.0413833
0.0998844 -0.222035 -0.0764206
0.0994436 -0.190926 -0.108139
0.105604 -0.196016 -0.112247
-0.202665 -0.0020135 -0.0814617
-0.204354 -0.00519248 -0.0755778
0.124065 -0.0884906 -0.0475394
0.120002 -0.0841073 -0.0457812
0.244874 0.420212 0.0810534
0.248624 0.424938 0.0821874
0.261873 0.414847 0.0758926
0.258349 0.405298 0.0753712
0.264653 0.406943 0.0708352
0.0764388 -0.0403592 0.0871328
0.0764301 -0.032996 0.0888899
0.0770012 -0.0359469 0.0833315
-0.242121 0.082823 0.0101857
-0.234937 0.0813139 0.0183001
0.0773012 -0.15095 -0.0528523
0.0840226 -0.150414 -0.0486159
0.0793478 -0.142749 -0.0502723
0.0808398 0.0672348 -0.0754903
0.0858603 0.059239 -0.0771896
0.0666436 0.135179 0.0668178
0.0623459 0.142082 0.0589735
-0.171436 -0.0787201 -0.0734119
-0.176972 -0.0828981 -0.0722631
-0.173907 -0.0863181 -0.0771132
-0.0874374 0.0527548 -0.0887117
-0.0859462 0.0602385 -0.08926
-0.077926 0.0615374 -0.0866663
0.0783787 0.0964203 0.0882212
0.0875772 0.109338 0.0837315
-0.0815314 0.128998 -0.0650306
-0.0905012 0.125333 -0.0718451
-0.00167687 0.160992 0.0202805
0.339573 0.486444 0.100936
0.340128 0.489328 0.0973961
0.335906 0.487812 0.0979196
0.11091 -0.0318598 0.116198
0.115379 -0.0412698 0.114915
0.372646 0.474024 0.0599586
0.331134 0.489684 0.0927326
0.344178 0.490525 0.0947123
0.344479 0.48814 0.0985225
0.350072 0.491224 0.0920219
0.354625 0.490651 0.0903336
-0.138449 0.039496 0.0919478
-0.139759 0.0259763 0.0911491
-0.268503 -0.0742033 -0.0510997
0.11385 0.000792881 -0.086225
0.100554 0.000753177 -0.0817395
0.346983 0.468275 0.102172
-0.180639 0.0425595 0.0362608
-0.179797 -0.0960631 -0.0821406
0.357783 0.496751 0.0683065
0.356848 0.497676 0.0752378
-0.165316 0.0165467 -0.111636
-0.16404 0.0309628 -0.107698
-0.118005 -0.156796 0.0182956
-0.120295 -0.16241 0.0165616
0.13269 -0.114269 -0.0654735
0.256363 0.467074 0.0667018
-0.21083 -0.0378576 -0.110098
-0.212991 -0.0365705 -0.100189
0.214424 0.0854758 -0.030422
0.218093 0.0753864 -0.0260655
0.211496 0.0732973 -0.0361982
-0.208143 0.0310289 0.0260952
-0.2157 0.0262277 0.0224917
-0.205222 0.0207128 0.0248182
-0.0928735 -0.140832 0.0316295
-0.0877339 -0.14302 0.037136
-0.0937023 -0.147354 0.031222
0.151233 0.104905 0.0917099
0.140094 0.100487 0.0974113
0.148861 0.09639 0.0974899
0.0834549 0.156865 0.0329964
-0.163345 -0.174102 0.0589177
-0.164095 -0.178622 0.0575218
0.217016 0.0442316 -0.00622778
0.217225 0.0482112 -0.0161841
-0.0160688 0.123203 -0.0541635
-0.00578253 0.125007 -0.0496016
0.17552 0.0401704 0.10075
-0.21126 0.0142104 -0.0523781
-0.207406 0.015269 -0.0555175
-0.209649 0.00900818 -0.0553012
-0.0968076 -0.0159257 0.00868872
-0.108715 -0.0122483 0.000652806
0.0172299 0.110179 -0.0609276
0.327747 0.497081 0.0649534
0.104141 0.080443 0.102985
0.090032 0.0757882 0.0989761
-0.086004 -0.193005 0.0317898
-0.260987 -0.0378712 0.00390071
-0.175 0.0402874 0.0381946
-0.225628 -0.173998 -0.1218
-0.241283 -0.0747864 -0.0848769
-0.240015 -0.0798411 -0.0806778
0.205636 0.0700203 -0.0451231
0.20046 0.0670168 -0.0532295
0.20193 0.0489416 -0.0478536
0.206411 0.0472171 -0.039401
-0.0932069 -0.180998 0.0381094
-0.0918012 -0.184409 0.0384488
0.189995 0.00237032 0.0412084
0.186192 -0.00244113 0.043903
0.187794 -0.00180149 0.0366746
0.150945 0.0755877 -0.0824785
-0.203019 0.00371209 0.0211713
-0.203381 0.0115849 0.0232614
0.0746365 -0.0353022 -0.0702549
-0.154547 0.0393714 0.084486
-0.14812 0.0472367 0.0886245
0.334738 0.456553 0.104548
0.339583 0.461845 0.103684
-0.149749 -0.00692103 -0.00569816
-0.161472 -0.00500106 -0.00298118
0.154307 0.002908 -0.0909448
0.151938 -0.00345603 -0.0911164
0.148357 -0.000389326 -0.0922552
-0.209116 0.0247932 -0.0521896
-0.21302 0.0213403 -0.051217
-0.16434 -0.00360536 0.0496063
0.0753179 -0.159173 -0.0565077
-0.16173 -0.161036 0.0557497
-0.160851 -0.1615 0.0599372
-0.00933719 0.102338 -0.0729961
-0.00506293 0.0920682 -0.0790812
0.349369 0.490818 0.0491954
-0.280137 -0.098661 -0.0507329
0.137654 -0.0412243 0.0666775
0.146264 -0.0443705 0.0688399
0.137981 -0.0529253 0.0678899
0.149412 -0.0460367 0.107192
0.112755 -0.103729 0.0605235
0.117512 -0.107871 0.0605056
0.111877 -0.110369 0.0592132
0.250823 0.376895 0.0382339
0.324023 0.46751 0.101672
0.315691 0.46534 0.0981696
0.320603 0.458734 0.100642
0.318912 0.452905 0.0976784
0.3247 0.45363 0.101898
0.126242 0.105104 -0.0690709
0.118622 0.112377 -0.064482
0.34544 0.449785 0.103155
0.340461 0.450709 0.10346
0.329976 0.453216 0.103659
0.334868 0.451907 0.103723
0.25207 0.307174 0.0416416
0.251591 0.310151 0.0390494
0.147122 -0.0609577 -0.0542124
-0.0962788 -0.176127 0.0443128
-0.0944521 -0.17017 0.0443523
0.140428 -0.0301093 0.065504
0.140527 -0.0261088 0.0635139
0.0738269 -0.0136144 -0.0664881
0.0780514 -0.014185 -0.0708584
-0.00565915 0.0431886 0.0891762
0.00978757 0.0439323 0.0906345
0.0694517 -0.137455 -0.0579166
0.0662756 -0.139626 -0.0620618
0.0639824 -0.136821 -0.0655698
0.0648638 -0.140926 -0.0655023
-0.154799 -0.154971 0.0452945
-0.190587 -0.00966252 -0.0104208
-0.181238 -0.00814338 -0.0158019
0.267452 0.382562 0.0526912
0.268932 0.387553 0.0534244
-0.249362 -0.0581472 -0.00717053
-0.248041 -0.052784 -0.00409418
0.0662898 -0.161944 -0.0699872
0.108905 -0.028345 0.00218543
0.106168 -0.0274675 -0.00443472
0.114369 -0.0253044 -0.0015918
0.252873 0.35101 0.0629749
0.253172 0.358738 0.0651546
0.123744 -0.022773 -0.0014457
0.13217 -0.0207163 -0.00374363
-0.163979 -0.172572 0.0566549
0.230677 0.108658 -0.000790861
-0.0575702 0.0992229 -0.07918
0.176926 0.068371 0.0951484
0.169621 0.0743213 0.0990292
-0.247732 -0.0808224 -0.0913744
0.184722 0.0746179 0.0852702
-0.250069 -0.0252936 -0.0515254
-0.247707 -0.0296992 -0.0519536
-0.0933198 -0.143523 0.0584911
0.186803 0.242813 0.0486543
0.206425 0.0459857 0.0534922
0.199672 0.0373678 0.0600582
0.235668 0.145003 0.014009
0.235148 0.134742 0.0119411
-0.263395 -0.168373 -0.12649
-0.263624 -0.165766 -0.130771
-0.172459 -0.0625943 -0.069885
-0.172899 -0.0734723 -0.0704973
0.301074 0.482108 0.0870942
0.292817 0.481576 0.0851133
-0.0362088 0.15355 -0.0063068
-0.0843626 -0.0325653 0.0276255
-0.0935582 -0.0360186 0.0289657
-0.0563098 -0.0279029 0.00968118
-0.118655 -0.175443 0.0126558
-0.120948 -0.169181 0.0145699
-0.152924 0.147223 0.0141747
-0.158743 0.147013 0.00596649
-0.163103 0.144401 0.0129368
-0.200601 0.0500623 -0.0720335
-0.183118 -0.0508155 -0.0707064
-0.189524 -0.0534408 -0.0704632
-0.184335 -0.0583533 -0.0689323
0.0903446 -0.124273 0.0702824
0.0884363 -0.120343 0.0737665
0.090171 -0.118447 0.0686379
-0.25071 -0.153509 -0.142062
-0.254518 -0.149408 -0.13834
-0.148614 -0.0170108 -0.0491993
-0.260762 -0.141058 -0.131087
-0.266692 -0.143384 -0.126593
0.253185 0.320951 0.0514104
0.251064 0.315485 0.0521587
0.111464 0.16158 0.0332376
0.10232 0.161665 0.0275602
0.0793956 -0.0222222 -0.0728928
0.0767263 -0.0236086 -0.0695572
-0.0897238 -0.151079 0.0500222
-0.0879504 -0.152028 0.0462027
0.126834 0.0424203 -0.0894378
0.138242 0.0441888 -0.0909995
-0.0952708 -0.0131189 0.0977268
0.0879572 0.152039 0.0399572
0.0826474 0.143767 0.0518799
-0.307447 -0.136846 -0.0499103
-0.303896 -0.131262 -0.0501048
-0.197544 -0.0899498 -0.0672792
0.253325 0.344908 0.0600299
0.247285 0.340876 0.0659126
-0.0297877 0.122799 -0.0575267
0.231615 0.335213 0.0313207
0.289712 0.485524 0.0589513
0.29433 0.484525 0.0556375
-0.169511 0.0414195 0.05234
0.120014 0.049087 0.11675
-0.244426 0.0347792 -0.0525999
-0.242499 0.0475321 -0.0520581
-0.234745 0.04193 -0.0542075
-0.0611634 0.0200828 -0.0764853
-0.0578611 0.0105136 -0.0715913
-0.250556 -0.0888721 -0.083921
-0.15459 -0.0627518 -0.121141
0.345916 0.499487 0.07324
0.27997 0.46601 0.0903382
0.27695 0.468959 0.0882552
-0.0887947 -0.0821794 0.0424736
-0.0982718 -0.0846857 0.0414854
0.231842 0.36678 0.0756217
0.22884 0.363042 0.0743619
0.232366 0.36103 0.0755602
-0.167283 0.00191453 -0.115105
-0.255271 -0.123903 -0.0783016
-0.231742 0.0114242 0.0155766
-0.239509 0.0153692 0.0152277
-0.30502 -0.0786472 -0.0407978
0.130095 -0.0240458 -0.0201876
-0.139884 -0.00934906 0.0914508
-0.147612 -0.00121118 0.0887174
-0.0557082 0.155561 0.0350443
-0.103232 0.143836 0.0519951
-0.0882938 0.142326 0.0572785
-0.0703902 0.0512357 -0.0856006
-0.107443 0.0279729 -0.106352
-0.0854868 -0.0579518 0.0931781
-0.0801179 -0.055135 0.090163
0.091755 -0.166622 -0.0489332
0.0887541 -0.156912 -0.0480475
0.0924371 -0.14767 -0.0463291
0.196118 0.0595994 -0.0594723
0.221135 0.120612 0.0530504
0.225073 0.133404 0.0504095
0.190775 0.271244 0.0366352
0.193005 0.269772 0.0304918
0.189749 0.263265 0.0328752
-0.270609 0.0245171 0.00049186
-0.27214 0.0158437 -0.000731884
-0.0629312 -0.0148308 -0.0519971
-0.039218 0.0145741 0.0744743
-0.0447802 0.0184082 0.0751316
-0.0445219 0.0114547 0.0712569
-0.0298159 -0.0267596 0.0170611
0.129856 -0.0397671 0.0660179
0.136159 -0.0342829 0.066171
0.255263 0.324102 0.0468234
0.253683 0.321229 0.0422018
0.147188 -0.2023 0.0444301
0.150004 -0.197582 0.0476985
0.153576 -0.203664 0.046841
0.25129 0.406171 0.0397478
0.252989 0.400218 0.0396584
-0.180113 0.0805093 -0.0889584
-0.180771 0.0732092 -0.0915348
-0.280345 -0.0491401 -0.00508552
0.166113 -0.017468 -0.0444611
-0.11707 0.0839729 -0.101738
0.0631787 0.14934 -0.0271599
0.11254 -0.0777816 -0.0446842
0.102643 -0.0717915 -0.0443725
0.105292 -0.083428 -0.0879377
0.0950363 -0.085789 -0.0879912
0.241572 0.245508 0.0460055
0.240557 0.252282 0.0493203
0.236836 0.246579 0.0524186
0.231134 0.248249 0.0577922
-0.254927 -0.138422 -0.13371
-0.257635 -0.145768 -0.135115
-0.272718 0.00606306 -0.00148393
-0.27398 -0.00544904 -0.00336958
-0.100641 -0.161366 0.0234971
-0.0974793 -0.165319 0.0263116
-0.102092 -0.167549 0.0217441
0.204571 0.296096 0.0292218
0.200731 0.294241 0.0322684
0.13341 -0.0309037 0.0652564
0.293686 0.440041 0.0540521
0.297916 0.44426 0.0517416
-0.069765 -0.0207772 -0.00641911
-0.0728421 -0.0197845 0.00379415
-0.16626 0.0463505 0.0716726
0.229927 0.413604 0.0560904
0.233453 0.413521 0.0503789
-0.15621 -0.142474 0.0520948
0.0574892 0.159103 0.0337103
0.0274598 -0.0210781 0.0560813
0.0328203 0.150273 -0.0137589
0.0384469 0.144668 -0.0242041
-0.282518 -0.14376 -0.0952654
-0.279769 -0.136347 -0.0963336
0.135124 -0.0253914 0.0621653
0.131084 -0.027787 0.0630615
0.128975 -0.0249535 0.0600234
-0.167482 0.0162412 0.053806
-0.167317 0.0106504 0.0526311
-0.100564 -0.0341413 0.0293819
-0.162799 -0.00837546 0.0512252
-0.165495 -0.00454433 0.053584
0.375299 0.477034 0.0685753
-0.106097 -0.031906 0.0309154
-0.178787 0.0744319 0.0537864
-0.17558 0.0664014 0.0553375
-0.174053 0.070406 0.0603279
0.031423 0.0916283 0.0864268
-0.218164 -0.0230509 -0.0187911
-0.226091 -0.0308385 -0.0138568
0.0747983 -0.118825 -0.0860336
0.0291509 -0.0134402 -0.0524612
0.0284915 -0.00635779 -0.0598143
0.0424809 -0.00961657 -0.057076
0.0890547 -0.123947 0.0796129
0.0904948 -0.12953 0.0803401
0.135558 -0.0843744 -0.0562897
0.132034 -0.0870704 -0.0530888
0.0705798 -0.182195 -0.0813249
0.0689999 -0.180595 -0.0766351
0.307061 0.458207 0.0952579
0.30387 0.455227 0.0933533
0.105261 -0.0269491 -0.0105773
0.0621041 0.163753 0.0192423
0.0611763 0.162328 0.0266506
0.142586 -0.00649225 -0.0925542
0.142705 0.00159684 -0.092412
-0.281265 -0.00958933 -0.0103261
0.127466 -0.119266 -0.0823065
-0.0953016 -0.170564 0.0298185
-0.0940774 -0.165461 0.031153
0.0896659 -0.213608 -0.0609588
-0.213296 -0.132445 -0.123293
-0.218947 -0.133578 -0.12768
0.207032 0.316656 0.0585702
-0.107813 0.0708913 -0.103277
0.0997234 -0.163253 0.0793498
0.102577 -0.169908 0.0802146
0.103381 -0.164548 0.0849446
-0.138898 -0.0069124 -0.0275022
0.0932471 0.119303 0.0791179
0.0802924 0.11763 0.0786334
-0.117003 0.122137 -0.0754474
-0.187811 -0.00956892 -0.0264331
-0.177315 -0.00720486 -0.0248827
-0.138735 -0.110127 0.0832287
-0.143495 -0.11558 0.0808074
-0.138234 -0.118798 0.0831517
0.264774 0.422543 0.0770151
0.25816 0.421307 0.0808824
-0.159031 -0.200135 0.0612742
-0.159393 -0.194404 0.0616747
0.229795 0.41879 0.0658956
0.232551 0.422756 0.0685928
0.237115 0.426804 0.0723758
0.267476 0.402307 0.0663044
0.269803 0.40995 0.0665202
0.271509 0.423086 0.0721391
0.268584 0.429103 0.0784196
0.0880971 -0.0898503 -0.0877386
0.0828554 -0.0933304 -0.0866835
0.0818131 -0.0840109 -0.0841619
-0.179739 -0.103761 -0.103051
-0.173523 -0.0975047 -0.101358
-0.187967 -0.109498 -0.0909197
-0.184552 -0.108732 -0.0980888
0.321276 0.447966 0.0941981
0.327778 0.449178 0.101091
0.336175 0.437723 0.087441
0.340162 0.435939 0.087994
0.338276 0.438838 0.0934805
-0.131832 -0.102285 0.086183
0.117633 0.0725829 -0.0820942
0.128047 0.0734129 -0.0834695
0.110593 -0.0492914 0.0662123
0.118535 -0.0495193 0.0656975
-0.119267 -0.149365 0.0201512
-0.114074 -0.151492 0.0199294
-0.118282 -0.00664326 -0.0529141
0.228171 0.222336 0.0571278
0.245256 0.319685 0.0321363
0.247861 0.324035 0.033936
-0.113694 -0.0723181 0.0446944
-0.0778885 -0.0732559 0.043273
-0.079684 -0.082806 0.0445276
-0.195127 0.0526314 -0.0840692
-0.190939 0.0516716 -0.0894759
-0.193136 0.044136 -0.0881056
0.137111 -0.153493 0.0966732
0.13174 -0.161346 0.0967857
0.192382 0.244885 0.054576
0.047459 -0.0392463 -0.00205127
0.0365133 -0.0365071 0.0110911
-0.129846 -0.0248254 -0.117397
-0.125486 -0.0262192 -0.111776
-0.135098 -0.0359478 -0.0701872
-0.127384 -0.0257692 -0.0676748
-0.134508 -0.0256268 -0.0613082
-0.1904 0.0606367 -0.0884551
-0.194766 0.0608994 -0.0835357
-0.276874 -0.00622854 -0.0450564
-0.284615 -0.0115222 -0.0403661
-0.145329 -0.139217 0.0769707
-0.140754 -0.146866 0.0776779
-0.150372 -0.131518 0.0742974
-0.153724 -0.12422 0.0712275
0.226122 0.357398 0.0726798
0.040627 0.115899 -0.055151
0.0292411 0.113824 -0.0569211
-0.226767 0.0274552 -0.0526248
-0.163167 -0.0148335 0.0637465
-0.16299 -0.0135385 0.0579864
-0.272432 -0.0433121 -0.0488302
-0.060652 0.105445 0.0777578
-0.0510447 0.10157 0.0785537
0.150077 -0.0574596 -0.0640726
0.149331 -0.0600411 -0.0589867
0.237399 0.346148 0.0736284
0.242339 0.343863 0.0709767
-0.0856663 -0.0673751 0.0926416
-0.092585 -0.0616376 0.0944562
-0.0659181 -0.0005678 0.079021
0.15101 -0.0509856 -0.0673427
-0.0872204 0.0424332 -0.0847404
-0.0858319 0.0466051 -0.0855008
-0.171961 -0.0466228 -0.0690207
-0.175573 -0.0393896 -0.0684351
-0.179347 -0.0453206 -0.0705837
0.0685196 -0.175676 -0.0736445
-0.177686 -0.00744284 -0.0364819
-0.186096 -0.0441821 -0.071914
-0.0124902 0.0281527 -0.0833068
-0.0174615 -0.0302355 -0.00224728
-0.0264951 -0.0294473 0.00737257
0.229709 0.370501 0.0393122
0.189779 -0.000975261 0.0271721
0.135196 -0.0963186 -0.0702176
0.134225 -0.10226 -0.0698808
-0.177005 0.0625568 0.0496949
0.207352 0.256426 0.0147903
0.2042 0.261452 0.0173051
0.153353 -0.0478548 0.072259
0.154207 -0.0370258 0.0692346
0.100242 -0.222494 -0.0696454
0.106735 -0.22246 -0.0739381
0.0772323 -0.0311881 0.0798499
0.0760464 -0.0250893 0.0835508
0.0761597 -0.0263616 0.0890687
0.0480875 -0.0178739 0.0695522
0.0366901 -0.0103501 0.0744108
0.0369138 -0.0200517 0.0631328
0.35094 0.437034 0.0493713
0.347239 0.43371 0.0580719
0.341856 0.439753 0.0529221
0.333847 0.440829 0.057683
0.336274 0.445763 0.0499127
0.111181 -0.205772 -0.0534943
0.113418 -0.198025 -0.054421
-0.0599605 0.000539128 0.0644231
-0.0621198 -0.00287887 0.067657
0.143566 -0.0387203 -0.081718
0.0797364 -0.0882703 0.0850426
0.0805648 -0.0913996 0.0891503
-0.102041 0.0273021 0.0990587
-0.105986 0.0169673 0.0981656
-0.0965903 0.017788 0.0993567
0.0923732 0.0295384 0.108384
0.0956509 0.0196327 0.1116
-0.218373 -0.146147 -0.131774
0.0735963 -0.0882231 -0.0804629
0.0769747 -0.0953934 -0.0841641
-0.186177 -0.0101777 -0.0436782
0.116433 -0.0813049 -0.0859692
0.121818 -0.0705466 -0.083247
-0.23529 -0.110393 -0.0728527
-0.248315 -0.108491 -0.126028
-0.198381 -0.121991 -0.114699
0.112484 -0.210533 0.0698235
0.111306 -0.204358 0.0715758
0.163188 -0.199927 0.0633591
0.102902 -0.14143 -0.0462072
0.0906407 -0.0664056 0.106899
0.0863741 -0.068767 0.103834
0.0757422 -0.0289945 -0.0384707
0.072458 -0.0273359 -0.0381565
0.308601 0.4636 0.0961148
0.303204 0.463371 0.0951688
-0.220135 0.0195424 0.0195849
-0.223648 0.0126918 0.0170552
0.298899 0.483335 0.053234
0.29839 0.487594 0.0576534
0.300309 0.479089 0.0500269
0.297421 0.474235 0.048255
0.304 0.475766 0.0479718
0.311113 0.471908 0.0953716
-0.267314 -0.0572562 -0.0504223
0.192644 0.101358 0.0769188
0.127045 0.169802 0.0108939
-0.155931 0.0862965 -0.0951628
-0.138044 -0.0229176 0.0439109
-0.149204 -0.0182452 0.043683
-0.063792 -0.0240334 -0.0117043
-0.0621803 -0.0251315 0.00273023
-0.202492 0.0955429 -0.0583815
-0.115314 0.133028 0.0637012
-0.123231 0.125373 0.0684324
-0.0875374 0.135063 0.0663897
-0.086882 0.128048 0.0734686
-0.167288 -0.0919443 -0.102028
-0.16622 -0.0903737 -0.107967
-0.161842 -0.0869156 -0.103434
-0.317552 -0.113875 -0.0446053
0.136877 -0.0270455 -0.0902689
0.138596 -0.019796 -0.0915836
0.0952959 0.16303 0.0204699
0.268145 0.469454 0.082282
0.273486 0.470768 0.0854132
-0.263056 -0.0803846 -0.0466801
-0.259898 -0.0767883 -0.0444979
-0.261532 -0.0806407 -0.0419831
-0.150049 -0.0704183 -0.111215
-0.156413 -0.0776175 -0.111864
-0.210883 -0.033389 -0.087551
-0.208862 -0.032058 -0.0841273
0.242432 0.416115 0.0801965
0.246412 0.415065 0.0811506
0.0740763 -0.143937 -0.0876507
0.0722838 -0.138071 -0.0855171
0.0771616 -0.135063 -0.0897923
0.25181 0.417273 0.0815726
0.249173 0.411098 0.0807178
0.239353 0.411578 0.0789878
0.127078 -0.144777 -0.0615298
0.23963 0.405831 0.0788121
0.235205 0.407678 0.0767215
0.0899363 -0.134896 -0.0946097
0.231848 0.40917 0.0734862
0.231162 0.403928 0.0734711
-0.0740791 0.0295312 0.0936838
-0.063703 0.145352 -0.0298398
-0.0708315 0.142971 -0.0385588
-0.0804418 0.146524 -0.0299287
-0.182623 -0.0835735 -0.0700649
-0.17832 -0.0767118 -0.0691362
-0.131994 -0.0733118 0.0575575
-0.136407 -0.0709341 0.0609266
0.124638 -0.0445378 0.065807
0.123887 -0.0381664 0.0656767
0.239547 0.16374 0.0322963
0.240359 0.162964 0.0275697
0.24041 0.168667 0.0291887
0.239737 0.156498 0.0286635
0.238514 0.158009 0.0335814
0.237336 0.151375 0.0335417
-0.243314 0.0579774 -0.0492359
0.125049 -0.0511265 -0.0855977
0.13324 -0.0546489 -0.0813327
0.124812 -0.0609499 -0.083121
-0.271188 -0.011963 -0.0474909
0.30257 0.448397 0.0504563
0.295567 0.447205 0.0479516
0.156918 0.090695 0.0977222
-0.144795 -0.00739487 0.00519089
-0.266604 -0.0169249 -0.0489678
-0.2119 -0.0129374 0.00720215
0.267608 0.443846 0.0867806
0.116102 -0.0370234 0.0647343
-0.243019 -0.0377821 0.00143468
-0.248755 -0.0352047 0.00449968
-0.0562215 -0.0319245 0.0335988
-0.0595205 -0.0364813 0.0366491
-0.0631069 -0.0121676 0.0670344
0.0522771 0.0348788 0.0949263
0.0367852 0.0400062 0.0932456
-0.22856 -0.0110001 0.0108119
-0.0916313 -0.148419 0.05401
0.232572 0.354429 0.0751811
0.215923 0.343877 0.0637816
0.0726799 0.126404 0.0734397
0.156886 0.0380661 0.114287
0.152632 0.0456839 0.115175
0.170521 0.0300063 0.104901
0.169252 0.0198717 0.104656
0.054873 0.000194263 -0.0652599
-0.169888 -0.0350146 -0.0639215
-0.163139 -0.0382895 -0.0637163
-0.180521 -0.0354598 -0.125221
-0.187511 -0.0327421 -0.122558
-0.223395 -0.175451 -0.0948416
-0.233651 -0.175852 -0.0870395
-0.129848 -0.00615911 -0.0342168
-0.0763956 -0.0439587 0.087332
-0.0756108 -0.0507951 0.0859621
-0.217598 0.00201533 -0.0522301
0.26471 0.470893 0.0584094
0.077789 -0.0965476 -0.0486937
0.087555 -0.105723 -0.0451834
0.351722 0.498357 0.0780738
0.11537 -0.17225 0.049427
0.112316 -0.166226 0.0507614
0.112848 -0.178461 0.0501578
-0.0845291 0.0657479 0.0950737
-0.0919651 0.0606854 0.0974937
0.203543 0.260014 0.0618353
-0.30388 -0.14689 -0.0390266
-0.307093 -0.145178 -0.0446071
-0.302936 -0.148639 -0.0333255
0.132627 0.0178336 0.119174
0.144785 0.0177112 0.117167
0.105689 -0.0357051 0.0631563
0.107211 -0.0308649 0.0581386
0.315907 0.456333 0.048912
-0.154124 -0.00644014 0.0844335
0.298927 0.458441 0.0934669
0.10935 -0.186076 0.0789508
0.105478 -0.176918 0.0796948
0.169989 -0.031913 0.0832349
0.173602 -0.0236857 0.0804322
0.171116 -0.0242775 0.0882238
0.0388871 -0.0264102 -0.0366773
0.0324754 -0.0203301 -0.0441787
0.0661549 -0.0919319 -0.072026
0.101165 0.101643 -0.0658833
0.100102 0.109505 -0.0623688
0.107791 0.109823 -0.0637781
-0.253028 -0.162604 -0.143571
-0.252251 -0.158674 -0.143139
-0.137867 -0.0863014 0.0826079
0.233703 0.340981 0.0732834
0.232445 0.347586 0.0744847
-0.216189 -0.0475076 -0.116328
-0.0400386 0.101421 0.0790447
0.209656 0.331897 0.0555324
0.208523 0.324666 0.0570363
0.217768 0.330756 0.0678432
-0.228801 0.0797699 -0.0494819
-0.161907 -0.172254 0.0483314
0.0819927 -0.103101 -0.0881669
0.0804154 -0.112892 -0.0889863
-0.111694 -0.0284744 0.0330043
-0.167451 0.00559003 0.0546459
0.237059 0.153322 0.0178715
-0.145886 -0.0600279 -0.115667
-0.14885 -0.0556466 -0.120798
0.222484 0.0747088 -0.0181365
0.370779 0.484117 0.0641465
0.373754 0.480514 0.0662584
0.12962 -0.140801 -0.0662064
0.128722 -0.149021 -0.0664728
0.132886 -0.168784 0.0954036
0.136715 -0.176862 0.0935147
0.220009 0.201365 0.00232647
0.227251 0.199246 0.00628029
0.223927 0.191432 0.0021696
-0.0738283 -0.0983302 0.0647862
-0.0704003 -0.0933073 0.0636051
0.238768 0.435392 0.0707356
-0.0764885 0.159618 0.00586135
-0.0704648 0.157698 -0.000439262
-0.209749 -0.0802966 -0.134858
0.280844 0.443011 0.0448124
0.274684 0.44019 0.0438553
-0.0743105 0.139311 0.0611565
-0.0622386 0.131775 0.0657343
-0.19261 -0.0475325 -0.0723525
-0.0546221 0.160808 0.0193708
-0.0530566 0.159005 0.0261308
-0.162694 -0.0849758 -0.111361
-0.168544 -0.0895032 -0.113796
0.100341 0.0935431 -0.0690729
0.0948345 0.0970259 -0.0666956
0.163368 -0.216926 0.0407941
0.164702 -0.213592 0.046748
0.0891214 0.102195 -0.0645944
0.0887078 0.0942434 -0.0677812
-0.164375 -0.175724 0.0539412
-0.163932 -0.171895 0.0537732
0.288452 0.47526 0.0887548
0.0461284 -0.0389288 0.0182276
0.216635 0.365938 0.0523404
0.217483 0.364411 0.0487814
-0.163434 -0.0446895 -0.0672954
0.190969 0.15227 0.0665696
0.0791709 -0.124115 -0.0898418
-0.0780391 -0.0743363 0.0854097
-0.0811224 -0.0803856 0.0860385
-0.0768277 -0.0672777 0.0855474
-0.0809165 -0.0696582 0.0895732
0.162336 -0.0351392 0.0971692
0.166067 -0.0265346 0.095998
0.160055 -0.0273068 0.103345
-0.275305 -0.106476 -0.036469
-0.278591 -0.108955 -0.0422096
-0.233444 -0.122984 -0.133604
-0.227885 -0.116414 -0.133345
-0.22711 -0.124696 -0.132759
-0.271427 -0.145804 -0.122111
0.299091 0.445151 0.0819376
-0.276122 -0.01779 -0.0462562
-0.130096 0.148561 -0.00991483
-0.144598 0.142499 -0.0211274
0.107645 -0.00424327 0.118065
0.0865056 0.0416257 -0.077589
-0.141704 -0.211054 0.05603
-0.14963 -0.00936224 0.0281183
-0.138126 -0.0110053 0.0218705
0.0677702 0.0874034 0.0917556
0.11518 -0.200143 0.0797881
0.238314 0.120458 0.0208212
0.265899 0.458268 0.0862986
0.143188 0.0114688 -0.0920724
0.135306 0.00342792 -0.0918586
-0.182978 0.10963 -0.0632756
-0.186495 0.103055 -0.0681572
0.183925 0.171934 0.0619777
-0.0680901 -0.0242801 0.0139691
-0.0756891 -0.0227026 0.0136576
-0.142766 -0.0877475 0.0778163
-0.143907 -0.0839776 0.0746616
-0.145772 -0.088004 0.0728497
-0.0760751 -0.0584238 0.0857092
-0.115294 -0.0823473 0.0457493
-0.161256 -0.0207709 0.0637257
-0.161353 -0.0192451 0.0691971
0.0776383 0.0785909 -0.0735075
0.0289709 0.00169012 0.0811745
0.236422 0.189506 0.0154843
0.233655 0.197219 0.0125283
-0.247202 -0.157982 -0.145814
0.286634 0.46949 0.0910151
-0.245739 -0.162384 -0.1484
-0.161608 -0.187596 0.0419571
-0.164553 -0.192213 0.0453905
-0.25315 -0.134634 -0.0748564
0.162892 -0.012708 0.0453291
0.27427 0.420418 0.0486371
0.270806 0.413999 0.0465439
0.115131 -0.0286171 0.0152348
0.105604 -0.0314517 0.0169894
0.108665 -0.0296953 0.00871814
0.100685 -0.0313592 0.00388396
0.0921753 -0.034187 0.00596234
-0.204643 0.0191415 -0.0614888
-0.206176 0.0223702 -0.055709
-0.311835 -0.130933 -0.0130027
-0.313026 -0.138074 -0.0136286
-0.30772 -0.133959 -0.0108946
-0.154014 -0.0211933 0.0506842
-0.0956828 -0.189599 0.0502683
-0.0991184 -0.190177 0.0539686
-0.0918657 -0.190709 0.0475497
-0.0929798 -0.187651 0.0457904
0.265297 0.453737 0.0468554
-0.18285 0.116065 -0.0523722
-0.176381 0.115708 -0.0604261
-0.117885 0.0454457 0.0975061
-0.0741025 -0.0315907 0.0274587
0.197485 0.269818 0.0248556
-0.241361 -0.164836 -0.151793
-0.236992 -0.163629 -0.15351
-0.218508 -0.102062 -0.0680357
-0.158783 -0.207297 0.0485413
-0.15669 -0.2078 0.0449336
-0.314492 -0.116444 -0.0183869
-0.310213 -0.110239 -0.0163534
-0.315483 -0.109601 -0.0218885
-0.297373 -0.142707 -0.0313846
-0.301608 -0.148036 -0.0269777
0.18979 0.201356 0.05973
0.197763 0.20101 0.0622801
0.0784717 -0.05853 0.0844247
0.0859921 -0.103629 0.0723413
0.0874614 -0.10837 0.0708391
0.0860968 -0.109706 0.0751619
-0.191961 -0.011684 -0.0477953
-0.165443 0.0773066 0.0725633
0.0198671 0.161607 0.0201999
-0.0923048 -0.153346 0.0323598
-0.0984069 -0.153655 0.0262868
0.00689178 0.145007 -0.0172151
0.010937 0.151114 -0.0067521
0.189063 0.250881 0.0496256
-0.156425 -0.166861 0.0658609
0.0141279 0.157254 0.00379989
0.0203183 0.151942 -0.00660403
0.0924659 0.159231 0.0286845
-0.191282 0.0864162 -0.0771974
0.0900452 -0.112912 0.0679706
0.128058 -0.115099 0.0626226
0.122764 -0.110969 0.0614865
-0.201759 0.0250177 -0.0712429
-0.198817 0.0319673 -0.0807323
0.157972 0.0521689 0.112173
0.122138 -0.104059 0.0629514
-0.124517 -0.180631 0.00991403
-0.115466 -0.181672 0.00938489
0.0177003 -0.0182944 -0.0458763
0.155328 -0.226056 0.0884479
0.173106 -0.21958 0.0721925
0.171954 -0.216079 0.0660014
0.168388 -0.2137 0.0720255
0.174485 -0.218239 0.059546
0.0563245 -0.0367003 0.0454032
0.0613855 -0.0370075 0.0492985
0.0538086 -0.0370151 0.0395896
0.084525 -0.179751 -0.0978191
0.0816855 -0.188599 -0.0964879
-0.216707 -0.131843 -0.0764698
-0.22368 -0.130259 -0.130608
-0.301482 -0.12629 -0.0502899
-0.307002 -0.127603 -0.0515052
-0.10591 -0.00534564 -0.074296
-0.148784 -0.174699 0.0268988
-0.166323 -0.00315082 0.00935596
0.115582 -0.221966 -0.0788384
0.120759 -0.221103 -0.0863251
-0.104796 0.0218133 -0.102631
0.259976 0.368022 0.0431484
0.258317 0.360514 0.0418593
0.254953 0.367048 0.0394015
-0.227542 0.0958587 -0.0343553
-0.215946 -0.0393235 -0.0865979
-0.214738 -0.0375554 -0.0915391
-0.222392 0.113499 -0.00443126
-0.216696 0.117549 -0.0060263
-0.211633 0.121054 -0.00434144
-0.205284 0.125678 -0.00304028
0.0596519 -0.0161867 0.075145
-0.186004 -0.110949 -0.106458
-0.0467977 0.00751508 -0.0702473
-0.0855314 -0.0858779 0.0870064
-0.0906645 -0.089179 0.088597
0.144393 -0.020176 0.057533
0.139121 -0.0226925 0.0602215
0.114921 -0.216369 0.0705344
0.100443 -0.219636 -0.09727
0.107822 -0.219652 -0.0990555
0.124577 -0.179281 -0.086801
0.124573 -0.184106 -0.0930705
0.120532 -0.177335 -0.0937376
0.125576 -0.17648 -0.0800184
0.127137 -0.183096 -0.0808491
0.113577 -0.175292 -0.0989921
0.105047 -0.174186 -0.101799
0.214369 0.115281 0.0604973
0.0821123 -0.18996 -0.0576565
0.107023 -0.0507154 -0.0392346
0.10183 -0.0561738 -0.0427485
-0.0488433 0.119779 -0.0635843
-0.0583184 0.118157 -0.0673651
0.158894 0.19218 0.0373217
0.153825 0.184207 0.0381415
0.161565 0.185554 0.04481
0.105775 -0.0277156 -0.0158182
0.10159 -0.0299258 -0.0180637
0.255569 0.334969 0.0400185
-0.0877011 -0.022133 0.0155765
-0.0806714 -0.0278947 0.0222744
-0.0615985 0.109935 -0.074259
0.357264 0.475156 0.0973041
-0.243952 -0.0493528 -0.00604497
-0.230105 -0.0799636 -0.0752093
-0.12032 -0.0119322 0.0100979
-0.128874 -0.0116759 0.0159972
0.22921 0.310003 0.0679461
0.234678 0.313867 0.0669134
0.22263 0.341646 0.0706559
0.220409 0.335184 0.069396
0.225395 0.334996 0.0714919
0.259017 0.45659 0.0511586
0.163861 0.0385781 0.110487
-0.168256 0.118966 -0.0611999
0.07622 -0.0819202 -0.080991
0.0794047 -0.0759686 -0.0814604
-0.13376 0.150862 -0.000614521
-0.12054 0.153225 -0.00132321
-0.226067 -0.0805701 -0.128894
-0.239393 0.0248514 0.0169988
0.229513 0.410745 0.0696834
-0.0575997 -0.017309 0.0471493
-0.121174 -0.211398 0.0192744
-0.129701 -0.210591 0.023236
-0.242434 -0.0501421 -0.0109373
0.164596 -0.205585 0.0614055
-0.188997 0.0957314 -0.0728395
-0.194374 0.0974031 -0.0652215
0.252013 0.449311 0.0804596
-0.0630008 -0.0273891 0.0187648
-0.0625238 -0.025695 0.0120767
0.243263 0.296403 0.0557582
0.246613 0.289601 0.0483761
0.248081 0.300135 0.0494198
-0.202617 -0.10784 -0.129388
-0.207574 -0.113331 -0.129047
-0.103772 -0.0973166 0.0891157
-0.0970592 -0.0902349 0.0902984
-0.261295 0.0069018 -0.050571
-0.25293 0.00720019 -0.051266
-0.0845521 -0.139785 0.0420624
-0.0854393 -0.144355 0.041607
0.340118 0.44093 0.0973958
0.327352 0.445918 0.0974494
0.326338 0.44351 0.0907856
0.0836401 0.107872 -0.0624555
0.091811 0.109334 -0.0614975
-0.261767 -0.102602 -0.0903307
-0.260844 -0.102989 -0.0875166
-0.259405 -0.0991231 -0.0877635
0.125238 -0.0273697 -0.0905184
0.134046 0.0968359 -0.0742182
0.118013 0.0927822 -0.0736207
0.150333 0.00864559 0.114413
0.137843 0.0859411 -0.0793978
0.257775 0.360181 0.0607264
0.226022 0.0790704 -0.00911558
0.225046 0.0704545 -0.0112398
0.227048 0.406267 0.064106
0.228442 0.412192 0.0652257
0.170991 -0.0104441 0.0496403
-0.124945 0.0964815 0.0884404
-0.130744 0.101375 0.0839782
-0.00297834 0.0891227 0.0865969
-0.00428328 0.0984942 0.0835002
0.205521 0.0243261 0.0039695
0.200175 0.0168389 0.00141425
-0.0683709 0.117786 -0.0705029
0.172128 -0.00440579 -0.0143745
0.174656 -0.00337876 -0.0201242
0.17905 -0.00130071 -0.0135821
-0.103007 -0.215229 0.0296839
-0.10741 -0.214153 0.022948
-0.122563 -0.214121 0.0439458
-0.112738 -0.215426 0.0442816
0.178207 0.04696 -0.0795247
0.17239 0.0495901 -0.0825675
0.111402 -0.19354 0.0776488
0.111069 -0.198773 0.0746847
0.180911 0.040449 -0.0773869
0.183904 0.0479387 -0.0748023
0.242093 0.337205 0.0693517
0.0189853 -0.0293943 -0.0286739
0.0366183 -0.0315818 -0.0277949
0.145953 0.158271 0.0548351
0.363716 0.423944 0.0792647
0.356961 0.427293 0.0791729
0.358951 0.425285 0.0727976
-0.183315 0.0920965 -0.0803084
-0.176168 0.0884499 -0.0865979
0.18526 0.0298447 -0.0687379
0.184221 0.0359155 -0.073036
0.178241 0.0343035 -0.0797809
0.237197 0.309784 0.0279185
0.231354 0.310486 0.0269108
0.0518068 0.160837 0.0270018
-0.213171 -0.0183616 -0.0248855
-0.210516 -0.0161422 -0.0326734
0.366996 0.489605 0.0665823
-0.00156662 0.15339 0.0373951
-0.0154758 0.146791 0.045035
-0.0017884 0.143548 0.0507102
0.124693 0.163493 0.038022
0.240539 0.18255 0.033199
0.241268 0.184736 0.0267869
0.240969 0.190288 0.0323418
0.0783717 -0.0693753 0.0883537
0.0789302 -0.0747885 0.0903281
0.0794464 -0.0700435 0.0933854
0.0772362 -0.0586667 0.0889561
0.0785395 -0.0638437 0.0858377
0.142828 -0.15361 0.0938635
0.140318 -0.146199 0.0957304
0.349082 0.484397 0.0461231
0.346282 0.480111 0.0447041
0.0113026 0.137288 -0.0292213
0.150654 0.114893 0.0855376
-0.141631 0.148438 0.0205812
-0.154919 0.14553 -0.0056233
-0.148356 0.148653 0.00186316
0.0856611 -0.194711 -0.100812
-0.180986 0.135523 -0.0127143
-0.182656 0.125879 -0.0335845
0.0926775 -0.193374 -0.105586
-0.0786596 -0.0373063 0.0895213
-0.167853 0.0342489 0.043956
-0.167008 0.0334171 0.0472235
0.109711 0.00650355 0.118064
-0.114263 0.139809 0.0552843
-0.124058 0.136912 0.0560072
0.252051 0.38659 0.0737306
0.254577 0.39525 0.0746819
-0.270852 0.0486166 -0.0295417
0.130393 -0.134208 -0.0673043
-0.102267 -0.190235 0.0573979
-0.098196 -0.194238 0.0583528
-0.00168821 0.0785404 0.0889471
0.206762 0.0262706 0.0232897
0.206903 0.0253484 0.0144165
-0.141024 -0.0698647 0.0818264
-0.144064 -0.0552508 0.0832809
-0.142887 -0.0623629 0.0822258
0.0426813 0.160379 0.0260955
0.105249 -0.188442 0.0628041
0.106536 -0.193348 0.0667515
0.105139 -0.187852 0.0675634
0.106433 -0.187184 0.0729088
-0.118028 -0.00486137 -0.0470882
-0.252437 -0.0930542 -0.0832905
0.240546 0.174787 0.0315431
0.352546 0.443042 0.100049
-0.217633 -0.0804789 -0.132141
0.361928 0.43469 0.0936367
0.364885 0.431252 0.090999
-0.136738 -0.185427 0.0725343
-0.135793 -0.174598 0.0734063
0.160121 -0.00158907 -0.0867339
0.159366 0.00344794 -0.0888094
-0.183244 0.0940636 0.0504013
-0.19274 0.0930436 0.0429431
-0.185375 0.0830878 0.0490985
0.174674 0.199508 0.00932753
0.169521 0.203944 0.0169716
0.179778 0.20887 0.0110941
-0.140102 -0.00905509 0.0144839
0.216698 0.219085 0.00565031
0.213872 0.207629 0.0023035
0.207228 0.214864 0.00373304
-0.307099 -0.077082 -0.0362206
-0.308913 -0.0839414 -0.0361765
-0.00418451 0.158563 0.0279714
0.219716 0.369538 0.047693
0.221385 0.376216 0.0491972
0.218279 0.371971 0.0521047
-0.231252 -0.0359515 -0.0251094
-0.129437 0.0982509 -0.0943391
-0.13699 0.1058 -0.0876853
0.0835134 0.0501432 -0.0771122
0.18964 0.0526648 -0.0683893
-0.206275 -0.0305916 -0.0796963
-0.208724 -0.0348612 -0.0808324
0.143414 -0.0375357 -0.0331766
-0.252681 0.0707457 0.00706672
-0.252206 0.0643719 0.0110795
-0.131629 -0.188398 0.00828393
-0.242719 0.0350293 0.0179878
-0.246475 0.0437776 0.0176639
-0.234452 0.033183 0.0195222
-0.229919 0.0423776 0.0220646
-0.225564 0.0300252 0.0207917
-0.258014 0.058711 0.00672444
-0.257563 0.0664389 0.00266257
0.229658 0.0788601 0.00223112
-0.254737 0.0740376 0.000849687
-0.256884 0.0753338 -0.0064136
-0.156341 -0.122096 0.0635843
0.136529 -0.089333 -0.061646
0.200328 0.26527 0.0210345
-0.120147 -0.0739955 0.0926164
0.0551562 -0.0413748 0.00200645
0.0683376 -0.0384933 -0.00476472
-0.105202 -0.185102 0.0553996
0.103198 -0.179221 0.060349
0.101462 -0.174492 0.0625429
0.136483 0.13494 -0.0475202
0.103088 -0.166026 0.0570439
0.100564 -0.168111 0.0614606
-0.148115 -0.184919 0.0213696
-0.244776 -0.0544578 -0.0142834
0.0941509 -0.0258919 0.114911
0.0997059 -0.0213575 0.116715
0.0938145 -0.0184309 0.114756
0.156685 -0.0392503 -0.0492028
0.158102 -0.042017 -0.0567389
0.160598 -0.0332381 -0.05171
0.112522 0.0807547 -0.0777174
-0.0522924 -0.0284602 0.0335879
-0.0545028 -0.0308396 0.0380297
0.105736 0.0879997 -0.0729095
-0.174608 0.0957456 0.0580918
-0.170058 0.0861345 0.0652879
-0.166476 0.0977489 0.0661767
0.201204 0.249784 0.0156896
0.195052 0.24444 0.0179374
0.0218025 0.029433 -0.0800045
0.105312 -0.112834 0.0592456
0.0995725 -0.109429 0.061451
-0.243685 0.0904849 -0.0177393
-0.074235 0.0590119 0.090933
-0.0709318 0.0503369 0.0902316
0.109306 -0.0965997 0.0615772
0.166306 0.0489813 0.108164
0.0702253 -0.12834 -0.0560985
0.071017 -0.119195 -0.0541925
0.0122928 0.160718 0.0109092
0.0191997 0.160626 0.0102185
0.34052 0.475062 0.0427596
-0.129702 -0.0274347 0.0446307
0.226649 0.0784506 0.0321201
0.220272 0.0763003 0.0437427
0.221455 0.0862891 0.0447655
0.22707 0.0911935 0.0360316
0.2128 0.346732 0.0503984
0.23113 0.0821848 0.0232914
0.229219 0.0863896 0.0301656
0.231748 0.079256 0.0165705
0.335098 0.43435 0.0726784
0.339478 0.43347 0.0749462
0.33518 0.435583 0.0785782
0.164194 0.082773 0.0980442
0.169236 0.0900481 0.0914136
-0.0915635 -0.159218 0.0342256
-0.088346 -0.153278 0.038184
0.231534 0.209297 0.0121385
0.166534 0.172052 0.0546724
0.156433 0.166495 0.0532714
0.24698 0.429041 0.045764
0.24823 0.418825 0.0421887
0.249658 0.411951 0.0403803
-0.173984 0.00591943 0.0351715
-0.169829 0.00974433 0.0404892
-0.170125 -0.0021529 0.0203298
0.269977 0.47517 0.0601058
-0.274152 -0.151647 -0.11968
-0.272215 -0.155437 -0.122773
0.159744 0.0301058 -0.0908671
0.155818 0.0224982 -0.0921583
0.313843 0.461858 0.0464297
0.31195 0.468813 0.0463063
0.32089 0.468118 0.0452594
0.105241 -0.0432537 -0.0344153
0.103735 -0.0378751 -0.029541
-0.264943 -0.1081 -0.0927696
-0.265561 -0.113637 -0.105913
0.177625 0.176233 0.0587251
-0.252908 -0.0966268 -0.114485
-0.258639 -0.102364 -0.0850252
-0.124918 -0.214572 0.0510503
0.21745 0.351807 0.0637807
0.123586 -0.0536176 0.065599
0.363497 0.440875 0.0953711
0.238791 0.12725 0.0218226
-0.122723 -0.00567537 -0.0419831
-0.145955 -0.195648 0.0139284
-0.149551 -0.197342 0.0187762
-0.148427 -0.192512 0.0185951
0.352901 0.449814 0.101421
0.355762 0.446004 0.100092
-0.222641 -0.173809 -0.12898
-0.217728 -0.174162 -0.119305
0.107145 -0.190828 0.0580461
0.105272 -0.185049 0.0588672
0.0264834 0.103112 -0.0656301
0.229343 0.277669 0.0199448
0.168926 -0.215923 0.0480526
0.176986 0.0285228 -0.0807331
0.173191 0.0306042 -0.0844326
0.182587 0.22532 0.0184564
0.17925 0.229779 0.0256103
0.184651 0.233389 0.0217554
0.0872656 -0.100018 0.0696093
0.0892753 -0.0972656 0.067509
0.227668 0.398548 0.069789
0.11244 -0.123345 0.101632
0.105368 -0.119967 0.0995191
0.10669 -0.129359 0.0984938
0.179229 0.01643 -0.0677633
0.180081 0.0254248 -0.0755215
0.100837 -0.0541514 -0.0848282
0.109843 -0.0519607 -0.0863419
0.226207 0.0654586 -0.00529066
0.228768 0.0695555 0.00341889
-0.25322 -0.100617 -0.0815201
-0.27084 -0.100409 -0.0297632
-0.0369348 0.118706 -0.0630003
-0.0206016 0.113396 -0.0656671
0.122845 -0.101774 -0.0490191
-0.17441 0.140462 0.0108236
-0.180252 0.139425 0.000159792
-0.186123 0.135581 0.00751415
-0.168409 0.138988 0.0215381
0.0781744 -0.208027 -0.0693904
0.0820042 -0.211976 -0.0671242
0.0853338 -0.21579 -0.0668941
0.0817205 -0.214957 -0.0702319
-0.161285 0.136212 0.0332438
-0.155004 0.132308 0.0450282
0.277719 0.460868 0.046331
-0.0624867 0.0686214 0.0841059
-0.152693 -0.0267505 -0.125161
-0.141756 -0.0248406 -0.123864
0.323381 0.497526 0.0695851
0.320124 0.495411 0.0632979
-0.263844 -0.0777175 -0.0486607
-0.0693827 0.0817805 -0.0864236
-0.185431 -0.00293253 -0.110135
0.221563 0.294561 0.0223603
0.227268 0.302279 0.0245792
0.229033 0.29379 0.0227303
0.214349 0.29622 0.0239153
0.197429 0.290676 0.0351634
-0.28378 -0.154056 -0.102196
0.237146 0.163173 0.0167757
0.177246 -0.00769972 0.0402104
-0.177273 -0.0608317 -0.133054
0.0875482 -0.117435 0.078096
0.0749005 -0.133748 -0.0524742
0.139381 -0.0473143 -0.0804133
0.137201 -0.0370602 -0.0863717
0.220826 0.164308 -0.00380247
-0.103592 -0.173715 0.0192083
-0.170225 0.0545938 -0.0990942
0.114765 0.108222 0.0909797
0.146961 0.124241 0.0794129
0.140098 0.115472 0.0872252
-0.204546 -0.0775676 -0.0669726
0.161754 -0.0199782 0.0620768
0.157493 -0.0272774 0.0657052
0.157084 0.188478 0.0151301
0.151019 0.187226 0.02287
0.156989 0.193624 0.0237511
-0.167546 0.00478204 0.0599317
-0.166985 -0.00063023 0.0564274
-0.166688 0.00202834 0.0659056
0.23753 0.421029 0.0497781
0.105226 -0.0254513 0.116929
0.153307 -0.0162681 0.00266849
0.146749 -0.0186052 0.00136574
-0.229293 -0.0584514 -0.0835162
-0.199696 -0.127025 -0.109987
0.181068 0.0866541 0.0852961
-0.108036 -0.0350074 0.0949457
-0.325167 -0.122826 -0.0272528
-0.325988 -0.131476 -0.0230583
-0.320064 -0.124581 -0.0206889
-0.325949 -0.138736 -0.0198969
-0.331602 -0.135579 -0.0244699
-0.322049 -0.114471 -0.0311597
-0.299589 -0.144844 -0.0194457
-0.304964 -0.151064 -0.0228438
0.0830593 -0.0322862 0.0588147
0.240499 0.196977 0.0371137
0.109345 -0.165721 0.0900043
0.124836 -0.167065 0.0961642
0.374429 0.475935 0.0645414
0.375652 0.469404 0.0635349
0.0664966 -0.0363999 0.0510047
0.0732172 -0.0387284 0.0370854
-0.221625 -0.0912461 -0.133057
-0.0748786 0.124307 -0.0673915
0.14606 -0.0648688 -0.0571245
0.143052 -0.0704901 -0.0588404
0.317481 0.442287 0.0793779
0.114404 0.120603 -0.0590888
0.0854951 -0.0803712 0.0731203
0.290812 0.434343 0.0620263
0.287364 0.432306 0.059862
0.290555 0.435833 0.0573741
-0.333269 -0.132357 -0.0382445
-0.326272 -0.146303 -0.019233
-0.319782 -0.143414 -0.0168832
0.229127 0.284836 0.0210078
-0.0856051 0.0986649 0.0889305
0.308234 0.444655 0.0572423
0.0237801 0.0464175 0.0918077
-0.185611 -0.0302454 -0.067836
-0.177032 -0.0323791 -0.0655567
0.307917 0.449045 0.0527362
-0.190809 -0.0122058 -0.110618
-0.196572 -0.0137215 -0.105389
-0.244935 -0.0216732 -0.0516
-0.0537942 -0.0275038 -0.0151963
-0.266693 -0.16274 -0.129104
-0.269213 -0.164096 -0.124457
-0.269619 -0.159262 -0.126111
-0.251754 -0.131657 -0.132348
0.284117 0.456803 0.04513
0.169469 -0.0174885 0.0946788
0.0987017 -0.1025 0.0624049
-0.229617 0.0654958 -0.0538788
-0.238057 0.0647962 -0.0497996
-0.233928 0.0730359 -0.0494743
-0.166834 0.0231859 0.0509408
-0.047877 -0.0275348 0.0294513
-0.117656 0.155544 0.00594078
-0.126728 0.153656 0.0100935
0.14527 -0.20958 0.0407214
0.139985 -0.202992 0.0428144
0.140169 -0.0131706 -0.0920618
0.157934 0.00846976 -0.0904861
0.30687 0.478104 0.090876
-0.0237282 0.123739 0.0693686
-0.016901 0.11519 0.0751058
-0.0106785 0.124193 0.0691148
-0.00179909 0.133646 0.0613193
-0.197817 0.0337786 0.0298421
-0.11543 0.14615 0.0436023
-0.0339289 0.132819 0.0620323
-0.0320094 0.142968 0.050908
0.211234 0.160864 -0.0110666
-0.110195 -0.216931 0.0504504
0.12379 -0.0951148 -0.0485814
0.127726 -0.0902152 -0.0501152
0.352738 0.429445 0.0626929
0.133237 0.105889 0.0946293
0.288818 0.437922 0.0521912
0.161055 -0.225725 0.0869284
0.158365 -0.231004 0.089656
0.164642 -0.211304 0.0774475
0.163153 -0.218755 0.0825322
-0.0629195 0.119157 0.0728668
0.167065 -0.224834 0.0833615
-0.274767 -0.145668 -0.116404
-0.246061 -0.0575396 -0.0280953
-0.248045 -0.0604784 -0.0195688
-0.153207 -0.154138 0.0686482
-0.155761 -0.159183 0.0662165
-0.162724 0.0785022 -0.0962843
-0.169167 0.0844666 -0.091669
-0.179129 0.0548141 -0.0959099
-0.179428 0.0652032 -0.0940542
-0.171977 0.0720873 -0.095265
0.121678 -0.23098 0.0467717
0.110075 0.123225 0.0791133
0.119937 0.119104 0.0834879
0.126425 0.127931 0.0773552
0.127956 0.113108 0.0890291
-0.119147 -0.1981 0.0744752
-0.119984 -0.189889 0.0708222
-0.127093 -0.192106 0.0740534
0.098975 -0.168518 -0.049039
-0.161928 0.125876 0.0494027
0.127351 -0.0985765 -0.0513946
0.101756 -0.166285 -0.100721
-0.0862105 -0.148525 0.0415363
-0.117227 -0.0124287 0.093508
-0.124858 -0.0167528 0.0928578
0.0813017 -0.0666834 0.0801801
0.375143 0.449746 0.0821597
-0.116472 -0.00425863 -0.0416976
0.246175 0.352866 0.0344537
0.119195 -0.20221 -0.0559555
0.239154 0.183878 0.0194192
-0.1128 -0.171819 0.064535
0.0706006 -0.0275094 -0.0361456
-0.120251 -0.171243 0.0702484
-0.11783 -0.18147 0.0666913
0.360446 0.470039 0.0941543
0.133445 -0.108591 -0.0685889
-0.226661 -0.111862 -0.0699622
0.220345 0.192694 0.0587035
0.0728525 -0.189976 -0.0839431
-0.0971046 0.050779 -0.0971179
-0.220496 -0.111088 -0.0692621
-0.140146 -0.0921018 0.0814514
0.126002 -0.152579 0.0523333
-0.137383 -0.0179801 -0.122165
-0.225498 -0.10021 -0.13326
-0.227507 -0.108611 -0.133432
-0.176569 -0.0697025 -0.0685143
0.380099 0.446896 0.0744023
0.376284 0.454786 0.0767479
0.0869613 -0.110939 0.087911
-0.249084 -0.0948601 -0.11869
0.0732509 -0.00697208 0.0900443
0.202795 0.180183 0.063258
0.168224 0.189326 0.00670792
0.160037 0.181889 0.00562046
-0.133984 0.108582 0.0776888
0.118955 -0.0281758 0.0231607
-0.238839 -0.172713 -0.140037
-0.243425 -0.171638 -0.141844
-0.240688 -0.17216 -0.145221
0.139303 0.131599 0.0745003
-0.0109935 0.106345 0.079813
-0.143082 -0.0446349 -0.0716182
0.244937 0.276942 0.0476316
0.24329 0.266651 0.047662
0.359432 0.426562 0.0598438
0.357122 0.426249 0.0663459
0.145558 0.13883 -0.0413594
0.155362 -0.00616543 -0.0889201
0.239899 0.205097 0.0402977
0.103771 -0.0330758 0.115767
-0.161162 -0.0136631 0.0533367
0.168323 0.208141 0.0390862
0.174961 0.218622 0.0425377
-0.0944948 0.00807402 0.0991627
-0.0938614 -0.00198086 0.0986686
-0.082511 -0.0899363 0.0440542
0.3634 0.44164 0.0444501
0.357522 0.434712 0.0481428
0.1304 -0.0933511 -0.0531723
-0.0466811 0.00588831 0.0668156
-0.0417177 0.00077393 0.0638034
-0.0864402 -0.191544 0.037152
-0.0822742 -0.196585 0.0344553
-0.0881061 -0.19098 0.042278
-0.0708281 0.0714498 0.0871805
-0.0664168 0.0818023 0.0841065
-0.08567 0.108019 0.085142
-0.310651 -0.142625 -0.0485344
-0.0895663 -0.187702 0.0393968
-0.13391 -0.10942 0.0412553
0.214309 0.170363 -0.0069028
0.208363 0.176145 -0.00824022
0.215809 0.178473 -0.00459136
-0.133037 -0.0953024 0.0494385
-0.0405749 0.0886093 0.0827046
0.200754 0.178361 -0.00932494
0.0111488 0.140757 0.0546456
-0.157486 -0.14198 0.063429
0.0776006 -0.115514 -0.0489503
0.0832113 -0.12486 -0.0469139
0.085253 -0.116258 -0.0458895
-0.167428 0.0220089 0.0550246
0.0712856 -0.110743 -0.0533861
-0.0811891 -0.0308178 0.0918227
-0.0748829 -0.0313117 0.0865271
-0.0694743 -0.0328066 0.0788781
-0.167362 -0.0295872 -0.124501
-0.122662 0.08979 -0.0993228
0.0617902 0.0392897 0.0959326
-0.0664998 0.138432 -0.046029
0.104721 -0.0644083 0.110546
0.216316 0.218143 0.062428
0.224121 0.21371 0.0591708
-0.00839087 0.00921959 0.078966
0.0541731 -0.00690635 -0.0608575
0.0557969 -0.0418389 0.0143962
0.230774 0.212705 0.0543105
-0.108469 -0.152982 0.0208061
-0.0830117 -0.022246 0.0935637
0.197182 0.214222 0.00501226
0.210443 0.199228 -0.00102194
0.200664 0.196598 -0.00278227
0.194888 0.204598 0.00138734
0.174698 0.222718 0.0272603
0.177059 0.219107 0.0202398
0.142014 -0.0192705 -0.00252339
0.182379 0.217644 0.0138336
-0.110922 0.0367916 0.0984699
0.0705225 -0.101178 -0.0536501
0.0700965 -0.0909818 -0.0534231
-0.138028 -0.209675 0.0254517
-0.135356 -0.20845 0.0163928
-0.270281 0.0434827 -0.00460667
0.0862304 -0.111963 0.0809226
-0.246998 -0.169905 -0.145021
-0.0951374 -0.215952 0.0283452
-0.0977848 -0.216341 0.0360302
0.0832606 0.0882101 -0.0703439
0.216246 0.287865 0.0662861
0.109505 -0.0484284 0.113722
0.150305 0.0163404 -0.0924291
-0.112506 -0.189298 0.0654147
0.233586 0.28934 0.0623188
0.135182 -0.227804 0.0362221
0.133458 -0.220924 0.0383095
-0.0389453 0.0521363 0.0846666
-0.33173 -0.13679 -0.0483628
-0.327436 -0.135209 -0.0499685
-0.0917369 -0.21756 0.0405633
0.0990575 -0.0420425 0.113849
0.0954247 -0.0349195 0.114387
-0.322723 -0.147734 -0.0484525
-0.32797 -0.145579 -0.0494839
-0.322781 -0.141944 -0.0500598
0.0778974 -0.0283401 0.0995086
-0.163832 0.0281362 0.0745643
-0.165796 0.0345861 0.0698121
0.107746 -0.041473 0.0657343
0.191523 0.00777795 -0.0115407
0.188038 0.00587395 -0.0173461
0.183863 0.00189065 -0.0154547
0.183297 0.00241972 -0.0212961
0.18395 0.00534005 -0.0324203
0.163095 0.201032 0.0358643
0.188824 0.213507 0.00761252
-0.160141 -0.0185323 0.0556812
0.0806345 -0.0431442 0.0766269
0.0824854 -0.0488849 0.0764387
0.184271 0.00113318 -0.00951673
0.24448 0.450388 0.0675934
0.286548 0.433279 0.0699364
0.149377 0.177107 0.00683718
-0.0576739 0.00489349 0.0657343
0.0921328 -0.0929863 0.0999208
0.0863843 -0.0925359 0.096693
0.0889116 -0.0870628 0.0992966
-0.106784 -0.0888274 0.0411798
-0.0977586 -0.0933607 0.0397825
-0.114557 -0.0925961 0.0420665
-0.0945797 -0.107703 0.0810919
-0.0875408 -0.108572 0.0738157
-0.117193 -0.0454856 0.0407904
-0.12102 -0.0524167 0.0450449
-0.123085 -0.0605198 0.048625
-0.121176 -0.0615966 0.0932277
-0.226724 0.109493 -0.00133486
0.23931 0.305313 0.0618226
0.24061 0.314816 0.0631261
0.246549 0.314999 0.0575805
0.243211 0.322882 0.0633533
0.249385 0.308035 0.0510131
0.214315 0.305267 0.027434
0.214187 0.313688 0.0316079
0.218787 0.311545 0.028476
0.2098 0.313542 0.0345716
0.119551 -0.188886 0.0467636
0.145151 -0.162023 0.0569873
0.147226 -0.170148 0.055646
0.133522 -0.176617 0.0482547
-0.207685 -0.0450511 -0.0760565
-0.213959 -0.0496898 -0.0765181
-0.207188 -0.0516416 -0.0742555
-0.204114 -0.0584201 -0.0713818
-0.19769 -0.0530817 -0.0716658
0.102339 -0.0568637 0.111948
0.0961239 -0.0635605 0.109613
0.0901293 -0.059885 0.1088
-0.285279 -0.156607 -0.0985888
-0.285048 -0.152678 -0.0969112
-0.284598 -0.153179 -0.0927716
-0.283843 -0.149284 -0.0940701
-0.28489 -0.157696 -0.0925285
-0.263685 -0.173652 -0.0986286
-0.270762 -0.17221 -0.104783
-0.280826 -0.16557 -0.0908667
-0.275129 -0.168448 -0.0882222
-0.276709 -0.163119 -0.0863381
-0.275369 -0.170717 -0.093678
-0.269012 -0.170937 -0.0869969
-0.272173 -0.15978 -0.0826205
-0.264787 -0.165273 -0.0776911
-0.276442 -0.17035 -0.1003
-0.280727 -0.168725 -0.0974018
-0.277147 -0.14396 -0.0869938
-0.281709 -0.145784 -0.0905211
-0.268989 -0.143266 -0.0820075
-0.272933 -0.1364 -0.0857346
-0.258917 -0.144339 -0.0758107
-0.287032 -0.0787105 -0.00496665
-0.281972 -0.0734728 -0.00244564
-0.0972415 -0.135 0.0280538
-0.0901492 -0.132253 0.0331968
-0.0999385 -0.125331 0.0278686
-0.0953659 -0.119221 0.0310459
-0.243018 -0.11393 -0.130117
0.24769 0.328226 0.0607588
0.24162 0.329848 0.0672158
0.236983 0.334049 0.0711127
0.253164 0.326407 0.0528401
0.235481 0.339754 0.0313077
0.236912 0.33468 0.0305857
0.235231 0.344864 0.0319971
0.240358 0.342981 0.0317551
0.228951 0.345314 0.0340131
0.222252 0.345615 0.0380881
0.217936 0.348195 0.0421538
0.244103 0.337963 0.0323369
0.245596 0.344194 0.0333268
0.254678 0.344899 0.0386819
0.257808 0.344113 0.0419719
0.254322 0.338815 0.0385493
0.26018 0.347638 0.0463095
0.251501 0.334002 0.0364881
0.248968 0.329176 0.0347718
0.24641 0.33234 0.0330218
0.241563 0.332894 0.0310262
0.258208 0.348995 0.055469
-0.255699 -0.0929696 -0.0881056
-0.254888 -0.0914066 -0.0925481
0.225943 0.381792 0.0702911
0.230344 0.383231 0.0743916
0.221452 0.377043 0.0636433
0.222938 0.384889 0.0641332
0.223591 0.384812 0.0507442
0.226745 0.382322 0.0450403
0.222256 0.387497 0.0574739
0.225157 0.392927 0.0529865
0.225564 0.400176 0.0580944
0.22562 0.399739 0.0640012
0.224447 0.392397 0.0644013
0.246331 0.372333 0.0741849
0.249864 0.379177 0.0734534
0.245476 0.385895 0.0770232
0.240691 0.392472 0.0782685
0.239828 0.385066 0.0777896
0.240344 0.399028 0.0784005
0.245188 0.403584 0.0797125
-0.248897 -0.145571 -0.0710792
-0.245022 -0.165307 -0.149696
-0.247523 -0.165361 -0.147893
-0.0236022 0.0464857 0.0869824
-0.140079 0.150534 0.0128888
0.0486866 0.161972 0.021431
0.052864 0.162869 0.0165149
-0.00641448 0.16036 0.0227211
0.0244889 0.162004 0.0147557
0.14453 0.181623 0.0221497
0.141765 0.177856 0.0142322
0.136943 0.176374 0.0218899
0.138703 0.173139 0.00826625
0.136595 0.169127 0.0392724
0.144616 0.167258 0.0469799
0.146673 0.176908 0.0386013
-0.163968 0.11373 0.0590162
-0.168609 0.119813 0.0509083
0.112983 -0.215681 0.0649909
0.139491 -0.112715 0.0718867
0.13379 -0.113663 0.0666315
0.133484 -0.120486 0.063778
-0.283028 -0.166899 -0.094845
-0.283882 -0.165694 -0.0989475
-0.284385 -0.162876 -0.0931781
-0.284957 -0.161437 -0.0992088
-0.214479 -0.107069 -0.0688838
-0.209821 -0.110566 -0.0706838
-0.193054 -0.0301121 -0.11903
-0.249181 -0.0428746 -0.0513894
-0.254664 -0.049499 -0.0507885
-0.26038 -0.0588719 -0.050385
-0.264817 -0.0683384 -0.0505827
-0.254059 -0.0596633 -0.0490802
-0.248408 -0.057153 -0.0454956
-0.0894335 -0.122821 0.034059
-0.090298 -0.114086 0.0350013
-0.0826004 -0.127397 0.0532036
-0.0811415 -0.12189 0.0555096
-0.0814462 -0.121033 0.044146
-0.0815263 -0.127425 0.0479714
-0.0830102 -0.126549 0.0427756
-0.0834208 -0.132453 0.050901
-0.103085 -0.106737 0.0860876
-0.283443 0.0150101 -0.0308816
-0.281668 0.0117469 -0.0369456
-0.285168 0.00742771 -0.0321673
-0.287902 -0.00131449 -0.0304104
-0.290664 -0.0120363 -0.0300362
-0.288614 -0.00390531 -0.02373
-0.285828 -0.00688976 -0.0164826
-0.288082 -0.0170453 -0.0172182
-0.157397 -0.081857 -0.107011
-0.146104 -0.210849 0.0657308
-0.145933 -0.209876 0.0684132
-0.149499 -0.20782 0.0658995
-0.141948 -0.212225 0.062975
-0.141305 -0.213695 0.0666738
-0.151462 -0.204806 0.0666225
-0.153564 -0.205718 0.0633567
-0.147387 -0.204592 0.0697545
-0.134919 -0.213981 0.0592955
-0.0842078 -0.212104 0.0465412
-0.0825949 -0.209477 0.0445379
-0.129022 -0.194408 0.00439671
-0.137418 -0.19556 0.0075109
-0.118805 -0.210199 0.0117083
-0.112222 -0.212499 0.0167777
-0.126311 -0.207857 0.00855051
-0.11974 -0.208183 0.00640236
-0.115652 -0.206774 0.00278612
-0.124441 -0.204747 0.00230457
-0.195248 0.0351603 -0.0881569
-0.253884 -0.0299721 0.00607195
-0.260391 -0.0259499 0.00473632
-0.30788 -0.124033 -0.0114479
-0.313562 -0.124691 -0.0151583
-0.303975 -0.126299 -0.00897949
-0.302855 -0.121237 -0.00901905
-0.127872 -0.0563364 0.0925686
-0.134494 -0.0495818 0.0913385
-0.222458 -0.167859 -0.0652333
-0.219965 -0.1712 -0.0651469
-0.218414 -0.168101 -0.0654629
-0.213478 -0.168923 -0.0657607
-0.215718 -0.16508 -0.0665025
-0.211127 -0.163467 -0.0678505
-0.216829 -0.160486 -0.0683693
-0.220395 -0.15845 -0.149256
-0.226121 -0.157257 -0.150502
-0.21595 -0.159215 -0.14753
-0.218954 -0.16181 -0.152293
-0.221336 -0.173507 -0.141718
-0.223054 -0.173564 -0.136134
-0.228675 -0.164078 -0.155649
-0.232929 -0.163201 -0.154775
-0.228915 -0.160389 -0.153733
-0.232599 -0.169183 -0.155539
-0.229241 -0.16739 -0.15644
-0.228212 -0.170553 -0.156206
-0.221304 -0.164641 -0.155619
-0.222679 -0.167699 -0.156938
-0.22509 -0.165571 -0.156395
-0.22378 -0.170738 -0.156678
-0.220293 -0.170061 -0.156904
-0.228371 -0.173294 -0.150384
-0.225825 -0.172732 -0.154648
-0.223208 -0.173492 -0.15091
-0.188589 -0.165781 -0.117864
-0.191252 -0.161883 -0.117733
-0.188391 -0.163557 -0.114068
-0.186421 -0.169935 -0.115268
-0.189326 -0.170957 -0.116658
-0.188258 -0.168891 -0.117728
-0.192199 -0.171421 -0.118039
-0.191075 -0.171812 -0.114632
-0.190339 -0.168079 -0.120563
-0.189806 -0.171805 -0.111888
-0.193011 -0.172106 -0.111431
-0.184194 -0.167009 -0.11271
-0.183255 -0.168883 -0.11235
-0.184102 -0.169246 -0.114106
-0.184219 -0.170595 -0.11174
-0.184103 -0.168769 -0.110285
-0.184993 -0.170991 -0.113525
-0.186682 -0.171408 -0.11169
-0.186199 -0.164969 -0.111755
-0.184802 -0.165636 -0.110038
-0.265718 -0.111036 -0.0897027
0.20334 0.214122 0.0629276
0.208212 0.223704 0.0634543
0.205302 0.201389 0.0631249
0.20734 0.192038 0.0628636
0.240924 0.230422 0.0426359
0.24158 0.238565 0.0435938
0.229395 0.239774 0.0147772
0.227779 0.253332 0.0158734
0.235197 0.252151 0.02008
0.218461 0.250844 0.0128932
0.230474 0.224455 0.0132358
0.223256 0.227422 0.00931812
0.187978 0.255376 0.0301236
0.185946 0.255523 0.0354063
0.185945 0.255977 0.0408123
0.227792 0.253469 0.0613402
0.234462 0.290382 0.0238518
0.238481 0.283154 0.0257279
0.192622 0.274198 0.048488
0.195449 0.274474 0.0538107
0.195879 0.282557 0.0522891
0.194194 0.288102 0.0426945
0.194424 0.285071 0.0375641
0.192459 0.279705 0.0402027
0.173948 0.13778 -0.0365503
0.160642 0.143869 -0.0334718
0.183159 0.12892 -0.0403015
0.203491 0.111697 -0.0354403
0.194076 0.122535 -0.0379596
-0.294163 -0.026145 -0.0324244
-0.292227 -0.0281712 -0.0372198
-0.29487 -0.0329166 -0.0349222
-0.28917 -0.0301542 -0.041263
-0.289178 -0.0236035 -0.0391273
-0.3059 -0.0817225 -0.0214593
-0.302004 -0.0863919 -0.0155518
-0.309895 -0.0872296 -0.025919
-0.307734 -0.0773034 -0.0270863
0.16349 -0.0241764 -0.0480212
0.164257 -0.0255011 -0.055325
0.152303 -0.0420789 -0.0451096
-0.275276 -0.10844 -0.0281463
-0.144176 -0.0699601 0.0727832
-0.143145 -0.0709634 0.0683588
-0.14346 -0.0753935 0.0716295
-0.140173 -0.0706637 0.0642801
-0.142148 -0.0655525 0.0649593
-0.14964 -0.0307106 0.0856665
-0.145585 -0.0225072 0.0895476
-0.151878 -0.0181731 0.0854272
-0.139404 -0.0187005 0.0917349
-0.137974 -0.0302183 0.0918094
-0.132076 -0.0189861 0.0926769
-0.150728 -0.0484824 -0.124686
0.204665 0.315245 0.0465212
0.205743 0.319911 0.0517082
0.208253 0.324104 0.0454133
-0.127337 -0.100639 0.0416572
-0.119548 -0.0991665 0.0393612
-0.122698 -0.11108 0.0332585
-0.119028 -0.12129 0.0278756
0.241988 0.258787 0.0483756
0.245225 0.258838 0.0407971
0.245037 0.266472 0.0324091
0.242466 0.274627 0.0290319
0.245811 0.276897 0.0340374
-0.306257 -0.0959106 -0.0470675
-0.3017 -0.099988 -0.050265
-0.308114 -0.105237 -0.0486867
-0.296793 -0.107581 -0.0515199
-0.294407 -0.0983161 -0.0511988
-0.313249 -0.109634 -0.0467995
-0.317079 -0.108663 -0.0411488
-0.308606 -0.111912 -0.0504008
-0.29594 -0.125922 -0.0484085
-0.29081 -0.12466 -0.0457753
-0.299381 -0.121128 -0.0507295
-0.330738 -0.154762 -0.0450844
-0.33028 -0.159311 -0.0417409
-0.336331 -0.156835 -0.0443103
-0.33101 -0.150148 -0.0480165
-0.325658 -0.152462 -0.046235
-0.339879 -0.139402 -0.0419815
-0.343234 -0.142067 -0.0434581
-0.343472 -0.140964 -0.0385722
-0.289772 -0.100902 -0.00358722
-0.287593 -0.105706 -0.00263596
-0.285064 -0.0997875 -0.00175016
-0.276716 -0.104026 -0.00550893
-0.279386 -0.102599 -0.00205388
-0.281274 -0.107579 -0.003432
-0.275136 -0.105962 -0.0126193
-0.27217 -0.0998893 -0.0107064
0.136816 -0.0662259 0.0689474
0.129119 -0.0615617 0.0665402
0.143304 -0.0675045 0.0721764
0.13592 -0.0757568 0.0704812
0.148801 -0.062463 0.0743936
0.146838 -0.0689118 0.075893
0.0793052 -0.068053 0.0840421
0.0797103 -0.0726674 0.0830181
0.0822518 -0.069048 0.0994388
0.0802336 -0.0634914 0.0973958
0.0836414 -0.0744534 0.0995416
0.137029 -0.0925503 0.10221
0.135033 -0.0772533 0.106699
0.142121 -0.068408 0.105424
0.146506 -0.0701578 0.0999565
0.16359 -0.0413616 0.0910281
0.162844 -0.0466265 0.0866311
0.16676 -0.0386954 0.0858317
0.147282 -0.0315564 0.110747
0.14079 -0.0414902 0.111727
0.137119 -0.121981 0.0987299
0.137917 -0.114855 0.0982017
0.142756 -0.0969573 0.086316
0.142731 -0.105367 0.082364
0.140945 -0.0981452 0.0787589
0.142529 -0.112697 0.092592
0.139365 -0.105495 0.0970643
0.102893 -0.148311 0.0566297
0.109423 -0.144044 0.0545721
0.0993624 -0.14957 0.087178
0.102718 -0.143783 0.0926155
0.142117 -0.1396 0.0624435
0.142731 -0.151113 0.0588068
0.136736 -0.14421 0.0575658
0.122826 -0.14132 0.0539388
0.13038 -0.145009 0.0547349
0.131317 -0.134456 0.0580951
0.0747878 -0.204143 -0.0725299
0.0763029 -0.209608 -0.0728102
0.0726698 -0.197811 -0.0808573
0.0736977 -0.205611 -0.0789669
0.0724273 -0.199751 -0.0761541
0.0773792 -0.209811 -0.0889413
0.0757846 -0.209747 -0.0846225
0.131597 -0.190808 0.0923536
0.129504 -0.19842 0.0902717
0.171964 -0.245071 0.0486217
0.172095 -0.249072 0.0607299
0.173678 -0.224257 0.0782118
0.172459 -0.230308 0.0845515
0.17915 -0.224971 0.0734448
0.169741 -0.236328 0.0908503
0.176818 -0.236158 0.0878729
0.181414 -0.250485 0.0661446
0.174637 -0.252355 0.0711981
0.160068 -0.253861 0.0747182
0.151365 -0.253065 0.0732695
0.142161 -0.251704 0.0737713
0.151179 -0.255044 0.0818317
0.134836 -0.240332 0.0402205
0.141228 -0.238989 0.0359829
0.137287 -0.232498 0.0349723
0.133402 -0.234228 0.0367079
0.163189 -0.0427786 0.0783291
0.160975 -0.0496977 0.081971
0.158087 -0.0497258 0.0767863
0.158574 -0.0552033 0.0853125
0.152821 -0.0565765 0.0753476
0.165976 -0.0357901 0.0743606
0.167428 -0.0376785 0.0801845
-0.308865 -0.153165 -0.0197526
-0.310404 -0.156473 -0.0255606
-0.315161 -0.15539 -0.01968
-0.310742 -0.149934 -0.0161976
-0.320631 -0.156207 -0.0205002
-0.316833 -0.158614 -0.0226691
0.102701 -0.128421 0.0579962
0.0973145 -0.131417 0.0607631
0.108576 -0.133268 0.0561249
-0.202148 -0.0271735 -0.0736749
-0.195109 -0.0286322 -0.0705326
-0.196369 -0.0227532 -0.0672316
-0.205805 -0.0175176 -0.0804071
-0.205935 -0.0124743 -0.0755182
-0.205755 -0.0180848 -0.0716366
-0.206583 -0.0213849 -0.0780221
-0.205339 -0.0248938 -0.07631
-0.204552 -0.0113188 -0.043126
-0.200502 -0.0104286 -0.0471299
0.300815 0.492374 0.0669772
0.298642 0.49065 0.062491
0.253141 0.442643 0.0829631
0.256624 0.438765 0.0845089
0.261926 0.43759 0.0852952
0.254734 0.430965 0.0835411
0.27341 0.415873 0.0645755
0.27767 0.421069 0.0622801
0.274661 0.421012 0.067195
0.27377 0.411165 0.0613819
0.317421 0.440866 0.0621025
0.316548 0.439132 0.0656473
0.319643 0.438618 0.0680751
0.322213 0.442787 0.0601751
0.298327 0.463441 0.0940088
0.292828 0.462118 0.0927659
0.28637 0.459066 0.0917367
0.285461 0.464187 0.0916837
0.330809 0.471875 0.0431474
0.331971 0.462349 0.0423129
0.377903 0.430362 0.0504425
0.381796 0.434202 0.0512975
0.38307 0.42867 0.0525924
0.389888 0.435033 0.061144
0.390031 0.432847 0.0573737
0.387437 0.436793 0.0576882
0.375586 0.421304 0.0574257
0.369528 0.422406 0.0582671
0.37207 0.424791 0.0537849
0.389708 0.434007 0.0663336
0.391869 0.431622 0.0637268
0.237267 0.436284 0.0606394
0.238393 0.439462 0.065745
0.241212 0.445032 0.0629899
-0.0828186 -0.0589317 0.0382415
-0.0745658 -0.0625813 0.0414274
-0.0676937 -0.0567463 0.0421752
-0.0656845 -0.0681502 0.0458581
-0.0784749 -0.0960722 0.0448433
-0.0874344 -0.094845 0.0416718
-0.0822507 -0.110259 0.0662999
-0.0766998 -0.105484 0.0631033
-0.0729075 -0.104261 0.0587668
-0.0735228 -0.107302 0.0530077
-0.0711208 -0.101919 0.0549194
-0.223727 0.0508302 -0.0562469
-0.222055 0.0609192 -0.0573478
-0.0641983 -0.0804063 0.0598191
-0.0629752 -0.0769912 0.0583282
-0.0609481 -0.0682519 0.0548827
-0.0606425 -0.0595821 0.0545371
-0.0614817 -0.073866 0.0548735
-0.0609931 -0.0710694 0.0500674
-0.064702 -0.0750598 0.0483047
-0.0621402 -0.0771074 0.0537154
-0.245066 -0.155261 -0.0689459
-0.239442 -0.147822 -0.0692115
-0.232922 -0.142145 -0.0706344
-0.230907 -0.152377 -0.0690681
-0.251494 -0.160751 -0.0698482
-0.243639 -0.162145 -0.0680357
0.188237 0.256933 0.046631
0.189417 0.264986 0.0448219
0.167252 -0.219463 0.0394308
0.170911 -0.21888 0.0436035
0.172971 -0.221881 0.0394197
0.167423 -0.24012 0.0335786
0.173784 -0.24058 0.0339889
0.172843 -0.242091 0.0390845
0.162476 -0.220365 0.0364067
0.16017 -0.22381 0.033583
0.176953 -0.220291 0.0532565
0.179421 -0.222555 0.0472731
0.173841 -0.219016 0.0482071
0.178956 -0.24477 0.0478838
0.185343 -0.230309 0.0761733
0.184089 -0.227078 0.0712992
0.184557 -0.22627 0.0657382
0.189464 -0.231127 0.0706981
0.184048 -0.229389 0.0330125
0.176713 -0.227961 0.0318264
0.177718 -0.225479 0.0358525
0.178047 -0.232303 0.0282343
0.17168 -0.2293 0.0301622
0.179981 -0.224355 0.0408524
0.190035 -0.230949 0.035629
0.188596 -0.232605 0.0311598
0.190028 -0.229776 0.0419874
0.193621 -0.232604 0.04049
0.182732 -0.237453 0.0858619
0.188431 -0.241446 0.0850309
0.187045 -0.235067 0.080151
0.178999 -0.242492 0.0924811
0.187078 -0.25448 0.080561
0.185237 -0.255837 0.0852292
0.182999 -0.255098 0.0821397
0.190904 -0.235409 0.0771615
0.185309 -0.248803 0.0617693
0.187797 -0.250735 0.0678472
0.1948 -0.239895 0.0765124
0.192983 -0.235916 0.0740625
0.159023 -0.247339 0.0936341
0.1555 -0.251425 0.0915823
0.161992 -0.252721 0.0941583
0.164163 -0.256547 0.0844208
0.16473 -0.257494 0.0905865
0.159231 -0.256914 0.0873276
0.169598 -0.245784 0.0957603
0.166851 -0.240922 0.0940779
0.163067 -0.244219 0.0945437
0.156686 -0.241748 0.0926062
0.166624 -0.253173 0.0956235
0.171193 -0.254105 0.096292
0.171078 -0.250376 0.0965385
0.170619 -0.256571 0.0948537
0.174694 -0.255405 0.0958726
0.172173 -0.257409 0.0919131
0.167889 -0.257226 0.092765
0.0612626 -0.0418699 0.00939341
0.0677945 -0.0402636 0.00682153
0.244228 0.244921 0.03865
0.244722 0.252162 0.035417
0.376965 0.467072 0.0676311
0.377278 0.463915 0.0712856
0.34314 0.454941 0.0406614
0.350728 0.456621 0.0407851
0.379993 0.436528 0.0835889
0.381925 0.432248 0.0827929
0.383145 0.435933 0.0791999
0.386708 0.435144 0.072158
0.383811 0.440234 0.0727063
0.362993 0.422979 0.0680564
0.366591 0.487805 0.0611707
-0.0675598 -0.092437 0.0543233
-0.0701995 -0.0946441 0.0508063
-0.102156 0.016964 -0.0956395
-0.102916 -0.00207025 -0.0782188
0.0954451 -0.0936542 0.0643448
0.0908546 -0.0924608 0.0667129
-0.104032 -0.213528 0.0151624
-0.102746 -0.186505 0.0107791
-0.10852 -0.183473 0.0100376
-0.104022 -0.180734 0.0155023
-0.113071 -0.186991 0.00562096
-0.0813049 -0.200964 0.021516
-0.0842357 -0.198711 0.0168362
-0.0929281 -0.215328 0.0195941
-0.0881765 -0.216218 0.0258713
-0.104122 -0.19939 -0.00225874
-0.097362 -0.199438 -0.00122739
-0.0978783 -0.203648 -0.00316788
-0.0916832 -0.199014 0.00113552
-0.0990627 -0.194848 0.00156749
-0.0941317 -0.20715 -0.00314451
-0.100612 -0.207072 -0.00237604
-0.102139 -0.210312 0.00220147
-0.107483 -0.20752 0.00122462
-0.0850198 -0.202511 0.00222848
-0.08757 -0.19847 0.00555939
-0.0873493 -0.21495 0.00790652
-0.0852382 -0.215513 0.0133697
-0.0906168 -0.214874 0.0120852
-0.0805574 -0.204749 0.00339604
-0.0846471 -0.205604 6.23685e-05
-0.0854313 -0.19829 0.0113021
-0.08136 -0.201591 0.0122902
-0.0875321 -0.213806 0.0032005
-0.0828165 -0.214933 0.00587202
-0.0913069 -0.194292 0.0104262
-0.0762654 -0.204014 0.0286253
-0.0745613 -0.20772 0.0257149
-0.0778665 -0.204493 0.0241171
-0.0768109 -0.217483 0.0300871
-0.0818169 -0.21747 0.0341035
-0.0823573 -0.216977 0.0294753
-0.0755946 -0.215473 0.0231788
-0.0737334 -0.214886 0.0238656
-0.0736193 -0.216285 0.0251268
-0.0719863 -0.214588 0.0255491
-0.0735914 -0.213104 0.0239031
-0.0718222 -0.210483 0.0277163
-0.0737457 -0.210774 0.0243364
-0.0719226 -0.216308 0.0263338
-0.0734217 -0.217255 0.0273701
-0.0708643 -0.215315 0.0276263
-0.0731886 -0.217524 0.0302657
-0.0752864 -0.211803 0.0210104
-0.138354 -0.0586144 -0.109057
-0.144113 -0.064455 -0.109959
-0.146852 0.0213004 0.0889311
-0.153063 0.026002 0.0853872
-0.133406 -0.0564984 -0.102578
-0.101938 -0.199379 0.0656082
-0.107075 -0.195263 0.0658782
-0.107649 -0.200395 0.0696326
-0.127345 -0.168674 0.0740411
-0.131222 -0.216517 0.0643399
-0.128316 -0.215455 0.0577638
-0.118053 -0.204872 0.0772916
-0.112914 -0.202267 0.0740965
-0.123836 -0.208063 0.0780321
-0.117531 -0.210357 0.0787129
-0.113428 -0.219076 0.0770677
-0.115953 -0.217151 0.078399
-0.11635 -0.219732 0.0766421
-0.11849 -0.221048 0.0719952
-0.119407 -0.219981 0.0676807
-0.114677 -0.220655 0.0685531
-0.11108 -0.220864 0.0751778
-0.110423 -0.218761 0.0776929
-0.108921 -0.215826 0.0776271
-0.107001 -0.218547 0.0763555
-0.105396 -0.219512 0.0733148
-0.103736 -0.217298 0.0731868
-0.109741 -0.219883 0.0634819
-0.110144 -0.220972 0.0699518
-0.164755 -0.179432 0.0541316
-0.164925 -0.183279 0.0543214
-0.09904 -0.219386 0.0529867
-0.0941163 -0.219865 0.0514241
-0.161788 -0.204192 0.0446983
-0.162037 -0.204936 0.0483689
-0.163693 -0.202351 0.0468365
-0.160692 -0.205922 0.0514464
-0.160127 -0.203171 0.0408591
-0.158955 -0.20614 0.04295
-0.154883 -0.207746 0.0410979
0.0783975 -0.032956 0.0639177
0.0760516 -0.0326998 0.0571326
0.071049 -0.0345504 0.0537453
0.077042 -0.0343897 0.0482436
0.0815409 -0.0363703 0.038814
-0.224311 0.0829568 0.0255214
-0.275982 -0.131629 -0.0905446
-0.275573 -0.127662 -0.0960509
0.180405 -0.247935 0.0949292
0.181774 -0.252067 0.0954458
0.184968 -0.249478 0.0937601
0.178973 -0.254772 0.0954283
0.183298 -0.254742 0.0946199
-0.335959 -0.135665 -0.0282857
-0.3366 -0.139283 -0.0245362
-0.339738 -0.138262 -0.0312471
-0.336335 -0.134879 -0.033755
-0.332483 -0.147264 -0.0208134
-0.326338 -0.152385 -0.0198225
-0.324423 -0.162282 -0.0292739
-0.319649 -0.160632 -0.0258689
-0.325313 -0.160015 -0.0254714
-0.325978 -0.156405 -0.0219671
-0.331256 -0.158149 -0.0247369
-0.328454 -0.163522 -0.0328634
-0.323679 -0.163096 -0.0332673
-0.323493 -0.162316 -0.0367742
-0.319306 -0.161485 -0.0333073
-0.322013 -0.159551 -0.0392918
-0.326174 -0.161199 -0.0395748
-0.0313893 0.00506298 -0.0690219
-0.084734 0.00109145 -0.0648473
-0.0806489 0.00572112 -0.0690521
-0.353249 -0.161945 -0.0418176
-0.351772 -0.158598 -0.0453438
-0.347658 -0.160986 -0.042145
-0.324319 -0.128775 -0.0485892
-0.323206 -0.131886 -0.050478
-0.319414 -0.127819 -0.0501475
-0.323287 -0.136195 -0.0508449
-0.317602 -0.137509 -0.0507519
0.093071 -0.0515193 0.111507
0.101764 -0.0488461 0.11324
0.189393 -0.253362 0.0770298
0.190079 -0.254285 0.0818274
0.189901 -0.251945 0.0721406
0.19283 -0.252337 0.0751183
0.19131 -0.254694 0.0857617
0.193343 -0.253518 0.0830315
0.19337 -0.245972 0.0836362
0.196283 -0.24905 0.0823652
0.195687 -0.244049 0.0794516
0.201122 -0.248702 0.0733979
0.201224 -0.248771 0.0763785
0.200892 -0.2505 0.0745828
0.199978 -0.249032 0.0785797
0.199445 -0.246481 0.0768007
0.197396 -0.251333 0.0745497
0.198012 -0.250463 0.0715669
-0.211309 -0.173735 -0.119113
-0.211956 -0.174354 -0.111133
-0.203148 -0.143967 -0.11105
-0.204616 -0.148323 -0.118226
-0.207837 -0.145092 -0.0936888
-0.211325 -0.143988 -0.0879529
-0.20727 -0.149016 -0.0893566
-0.207372 -0.174364 -0.105853
-0.213979 -0.174975 -0.10235
-0.197509 -0.156839 -0.0954982
-0.193885 -0.160229 -0.099531
-0.19712 -0.15529 -0.101221
-0.203741 -0.153887 -0.0848253
-0.200626 -0.154825 -0.090496
-0.195186 -0.172174 -0.0975187
-0.193288 -0.169804 -0.0967439
-0.194307 -0.171143 -0.0943535
-0.203269 -0.174467 -0.0967701
-0.202754 -0.174073 -0.101906
-0.198143 -0.173434 -0.0992044
-0.194766 -0.172237 -0.100792
-0.19625 -0.165416 -0.0734854
-0.19278 -0.166562 -0.0755559
-0.19515 -0.162883 -0.0778
-0.202374 -0.176878 -0.0770329
-0.207097 -0.176533 -0.0797195
-0.203078 -0.1763 -0.0820148
-0.194085 -0.162687 -0.0818217
-0.198444 -0.15912 -0.0812318
-0.205354 -0.159276 -0.0738438
-0.206541 -0.164116 -0.0690399
-0.201285 -0.164915 -0.0712525
-0.207576 -0.167576 -0.0666721
-0.217649 -0.14753 -0.0768904
-0.214525 -0.14172 -0.0822671
-0.21881 -0.140415 -0.0769413
-0.247971 -0.175017 -0.0837127
-0.255753 -0.174282 -0.0899131
-0.257832 -0.168781 -0.0741025
-0.262254 -0.170513 -0.0790619
-0.197987 -0.168939 -0.13867
-0.199833 -0.170609 -0.137717
-0.201568 -0.168663 -0.139381
-0.201054 -0.171508 -0.135613
-0.197286 -0.171747 -0.135523
-0.231736 -0.173923 -0.0674184
-0.227894 -0.171899 -0.065797
-0.232566 -0.169138 -0.0657678
-0.238532 -0.174646 -0.0712973
-0.232497 -0.176087 -0.0724907
-0.234162 -0.176271 -0.0791419
-0.227011 -0.17639 -0.0747495
0.220017 0.347747 0.0681664
0.224441 0.34978 0.0716027
0.23736 0.296224 0.0612669
0.230671 0.299953 0.0657255
0.218125 0.299171 0.067114
0.210301 0.292993 0.0651981
-0.240027 -0.0427259 -0.047877
-0.239336 -0.0396425 -0.0499105
-0.236187 -0.0389141 -0.0456717
-0.242443 -0.0379625 -0.0518849
-0.239275 -0.0362839 -0.0511817
-0.245367 -0.034194 -0.0522122
-0.245607 -0.0391307 -0.0519114
-0.24342 -0.0306081 -0.0522581
-0.260773 -0.0746124 -0.0474383
-0.286531 -0.0988626 -0.0517069
-0.283739 -0.10518 -0.0503667
0.145239 -0.118445 0.0882636
0.144884 -0.125373 0.091211
0.147475 -0.124516 0.0841463
0.143402 -0.13263 0.0933434
0.140267 -0.127066 0.0963996
-0.210917 -0.154999 -0.138678
-0.208318 -0.158633 -0.140439
-0.212425 -0.157934 -0.143253
-0.217706 -0.173385 -0.133819
-0.209006 -0.151945 -0.131963
-0.214723 -0.150783 -0.134868
-0.212917 -0.17005 -0.156203
-0.216877 -0.169465 -0.156959
-0.214926 -0.167552 -0.155203
-0.209661 -0.170104 -0.150717
-0.209685 -0.17224 -0.150702
-0.20937 -0.171494 -0.152915
-0.210774 -0.173396 -0.152399
-0.21164 -0.172941 -0.149975
-0.209824 -0.173024 -0.154335
-0.210275 -0.171509 -0.155395
-0.211699 -0.173435 -0.154895
-0.212186 -0.172154 -0.156568
-0.214434 -0.172751 -0.155623
-0.213193 -0.16555 -0.152398
-0.212218 -0.163816 -0.149367
-0.21071 -0.167114 -0.150826
-0.209566 -0.168479 -0.148264
-0.217304 -0.164606 -0.153985
-0.253195 -0.165778 -0.143151
-0.250017 -0.165606 -0.145923
-0.235821 -0.166579 -0.154732
-0.24005 -0.122333 -0.133032
-0.247673 -0.123527 -0.131227
0.251283 0.303731 0.044466
0.165082 0.0390824 -0.0874819
0.167648 0.0302329 -0.0877772
0.126349 0.00239207 -0.0900382
0.1558 -0.0453602 -0.0625405
0.134774 -0.0954076 -0.0610566
0.136513 -0.0932355 -0.0661228
0.0704535 -0.0386071 -0.06301
0.0703705 -0.0376938 -0.0583561
0.0720892 -0.036448 -0.0533104
0.0700701 -0.0416492 -0.0557304
0.0719385 -0.0398201 -0.0675996
0.0694832 -0.0441704 -0.0639052
0.0744459 -0.0415795 -0.0718379
0.122856 -0.220146 -0.0955431
0.119972 -0.219155 -0.102117
0.12701 -0.219103 -0.101722
0.133527 -0.218026 -0.104456
0.135173 -0.218769 -0.100125
0.138383 -0.218962 -0.094839
0.142228 -0.219044 -0.0876515
0.134722 -0.220069 -0.0873472
0.115877 -0.222476 -0.0710317
0.124239 -0.222789 -0.0677624
0.115319 -0.223065 -0.0653978
0.104844 -0.214273 -0.0548577
0.108639 -0.217043 -0.0545837
0.109478 -0.212173 -0.05341
0.114437 -0.210321 -0.0534407
0.100008 -0.21687 -0.0573677
0.131389 -0.204685 -0.0608132
0.125331 -0.205919 -0.0569459
0.132486 -0.209115 -0.0576719
0.135901 -0.202667 -0.0661166
0.136104 -0.222539 -0.0658785
0.140606 -0.222213 -0.0656141
0.138926 -0.223095 -0.0611611
0.132193 -0.212771 -0.0548764
0.137961 -0.212117 -0.0576014
0.145814 -0.211176 -0.0627607
0.148544 -0.209715 -0.0676803
0.143596 -0.206669 -0.0672953
0.145035 -0.221706 -0.0656106
0.143281 -0.221278 -0.0689974
0.143448 -0.212624 -0.0596273
0.147306 -0.214064 -0.0603801
0.139886 -0.201126 -0.071752
0.110036 -0.199186 -0.115654
0.104854 -0.201674 -0.11486
0.105254 -0.206443 -0.116988
0.101872 -0.206434 -0.114799
0.100848 -0.21165 -0.114951
0.0988382 -0.207265 -0.112774
0.133002 -0.113207 -0.0714633
0.125342 -0.165172 -0.0653867
0.121458 -0.172288 -0.0619981
0.124084 -0.173471 -0.0666214
0.0813871 -0.133417 -0.0482112
0.0790318 -0.0757232 -0.0479453
0.0899162 -0.0730143 -0.0455613
0.177819 -0.00205293 -0.0242602
0.0917752 -0.219686 -0.0931687
0.0902226 -0.219601 -0.0969346
0.0943219 -0.21956 -0.0969693
0.063252 -0.117681 -0.0687415
0.117921 -0.218265 -0.107608
0.11316 -0.219157 -0.102759
0.108693 -0.205974 -0.118869
0.106005 -0.209788 -0.118455
0.112807 -0.2064 -0.120859
0.112346 -0.20286 -0.118912
0.137653 -0.194262 -0.0905438
0.131399 -0.189761 -0.0924988
0.131472 -0.188825 -0.0851471
0.123245 -0.191182 -0.105058
0.128162 -0.190006 -0.0992225
0.131831 -0.196016 -0.10497
0.127853 -0.201555 -0.115384
0.123491 -0.204262 -0.120197
0.121709 -0.199948 -0.115914
0.134001 -0.206054 -0.11599
0.138508 -0.210927 -0.116547
0.134155 -0.209554 -0.119534
0.126156 -0.214115 -0.121342
0.127403 -0.211449 -0.123559
0.130262 -0.213477 -0.121172
0.125483 -0.208243 -0.122958
0.13007 -0.209061 -0.12227
0.133514 -0.212293 -0.12115
0.134317 -0.214913 -0.118097
0.125076 -0.215988 -0.1171
0.122706 -0.21503 -0.121512
0.128014 -0.216752 -0.112488
0.122525 -0.217289 -0.112373
0.145012 -0.20238 -0.102301
0.146962 -0.201658 -0.0972707
0.150757 -0.205704 -0.100142
0.148505 -0.209929 -0.106545
0.144428 -0.210747 -0.110084
0.144762 -0.206626 -0.107202
0.139156 -0.201817 -0.106275
0.15203 -0.209947 -0.104783
0.150635 -0.212383 -0.106421
0.144849 -0.219287 -0.0819218
0.147809 -0.218274 -0.0872248
0.15113 -0.202706 -0.0830294
0.15406 -0.205356 -0.082628
0.153196 -0.20449 -0.0865072
0.146529 -0.199638 -0.0828782
0.148147 -0.201407 -0.0797394
0.148545 -0.219286 -0.0787844
0.143759 -0.220007 -0.0770217
0.151154 -0.208516 -0.072754
0.153264 -0.207644 -0.0764296
0.149709 -0.204462 -0.0765997
0.144598 -0.20108 -0.0762891
0.155143 -0.207357 -0.0795302
0.156223 -0.210938 -0.0766966
0.156853 -0.208278 -0.0824145
0.127966 -0.220846 -0.0862726
0.133542 -0.220985 -0.0781886
0.121632 -0.22231 -0.0545069
0.124676 -0.223736 -0.0555926
0.126356 -0.221996 -0.0528364
0.12678 -0.224016 -0.0584458
0.121892 -0.223951 -0.0591361
0.12356 -0.215086 -0.0528638
0.118728 -0.212489 -0.0533903
0.117721 -0.217112 -0.05308
0.196115 0.0508011 -0.0584937
0.104294 -0.136727 0.0959251
0.110967 -0.137522 0.0989529
0.0989043 -0.136781 0.0920038
0.126376 -0.127504 0.0582514
0.120783 -0.130534 0.0560903
0.138271 -0.126023 0.0649179
0.143738 -0.125172 0.0701748
0.142829 -0.131514 0.0664742
0.136425 -0.140136 0.0980935
0.141912 -0.139604 0.094791
-0.0645192 -0.00875852 0.0737788
-0.13842 -0.206799 0.0124082
-0.132227 -0.207618 0.01072
-0.142881 -0.204329 0.0127664
-0.138791 -0.204556 0.0094827
-0.142477 -0.197353 0.0101925
-0.14488 -0.200037 0.0125914
-0.146386 -0.203107 0.0159365
-0.18919 -0.101627 -0.0774471
-0.188364 -0.10624 -0.0846484
-0.188085 -0.0929974 -0.0717262
-0.148517 -0.0547132 0.0719287
-0.148234 -0.0513212 0.0783604
-0.150937 -0.0474485 0.0720726
-0.145644 -0.0481376 0.084441
-0.151632 -0.0316382 0.0572376
-0.153023 -0.0262753 0.0547399
-0.15641 -0.0309539 0.0608752
-0.151571 -0.0368225 0.0603508
-0.158213 -0.0294704 0.0667744
-0.159221 -0.0259771 0.0624263
-0.15719 -0.0228343 0.0547963
-0.159812 -0.0224054 0.0586818
-0.165153 -0.0022939 0.0703508
-0.162506 -0.00851176 0.074367
0.075563 0.00391692 0.0955753
0.0795918 0.000387467 0.100542
-0.19043 -0.170033 -0.0761762
-0.190426 -0.167714 -0.0788956
-0.19124 -0.173047 -0.0745803
-0.188415 -0.172925 -0.078401
-0.196814 -0.175884 -0.0819994
-0.19125 -0.175496 -0.0815677
-0.194155 -0.176325 -0.0782291
-0.207553 -0.17601 -0.0717561
-0.204209 -0.176471 -0.0704348
-0.206449 -0.175392 -0.0686576
-0.205836 -0.171468 -0.066182
-0.205683 -0.174093 -0.0667961
-0.203673 -0.17356 -0.0667507
-0.208547 -0.174019 -0.0672799
-0.209002 -0.169904 -0.0660389
-0.191142 -0.165979 -0.0818123
-0.188891 -0.169178 -0.0821653
-0.188267 -0.17101 -0.084527
-0.189076 -0.172674 -0.086092
-0.189816 -0.170208 -0.0871334
-0.191832 -0.173588 -0.0873696
-0.189755 -0.174424 -0.0843698
-0.187384 -0.17197 -0.0824473
-0.192744 -0.163855 -0.0855333
-0.364252 -0.164441 -0.0406875
-0.36509 -0.166186 -0.0370072
-0.368897 -0.165864 -0.0396615
-0.371218 -0.152361 -0.0414144
-0.375014 -0.152722 -0.0402278
-0.371278 -0.150992 -0.0377611
-0.371968 -0.158831 -0.0442638
-0.369964 -0.155112 -0.0444552
-0.367359 -0.158714 -0.0452842
-0.366694 -0.152076 -0.0429882
-0.0835281 -0.136743 0.0467328
-0.0837026 -0.134008 0.0424796
0.120691 -0.218381 0.0455711
0.127062 -0.220826 0.0409258
0.123811 -0.227175 0.0433587
0.129986 -0.212165 0.040948
0.126121 -0.232231 0.0418469
0.134214 -0.217347 -0.0530771
0.135477 -0.221523 -0.0522934
0.137868 -0.219509 -0.0532535
0.12941 -0.215281 -0.0530691
0.136775 -0.223736 -0.0565041
0.134277 -0.223729 -0.0533273
0.132065 -0.224018 -0.05699
0.131555 -0.222221 -0.0522681
-0.305241 -0.0973925 -0.0154054
-0.310405 -0.100153 -0.0200362
-0.307656 -0.104785 -0.0154878
-0.276439 -0.110459 -0.0203032
-0.280429 -0.117086 -0.0259771
0.349245 0.449597 0.102749
0.022354 0.00138758 -0.066609
0.0728737 -0.0665882 -0.0505411
0.068519 -0.0722053 -0.0535181
0.073469 -0.072706 -0.0502775
0.0670613 -0.0658571 -0.0698321
0.070992 -0.0661404 -0.0742051
0.0689951 -0.0733937 -0.0727687
0.0850142 -0.0594067 -0.0465545
0.0816064 -0.0536768 -0.0471157
0.0773704 -0.0600366 -0.0486855
0.0759862 -0.065723 -0.0779641
0.0726083 -0.0567482 -0.0736763
0.0754423 -0.0353799 -0.0475794
0.0787951 -0.0405709 -0.0462796
0.0731599 -0.031836 -0.0505341
0.230802 0.0748776 0.01044
0.237754 0.125408 0.0172989
0.261462 0.373299 0.044104
0.263231 0.368703 0.0467068
-0.254167 0.0285462 -0.0509754
0.146908 -0.249439 0.0874494
0.14318 -0.242366 0.0866949
0.137367 -0.246411 0.0819206
0.150385 -0.2383 0.0899918
-0.336628 -0.136157 -0.040449
-0.335976 -0.13778 -0.0457443
-0.334615 -0.140711 -0.0484238
-0.338937 -0.153505 -0.0228234
-0.341643 -0.15716 -0.0249563
-0.336578 -0.157177 -0.0245865
0.382217 0.427786 0.0819248
0.378623 0.429456 0.0852947
0.371904 0.41935 0.0721911
0.373565 0.41995 0.0770539
0.368567 0.421301 0.0779189
0.373795 0.423185 0.0828184
0.378297 0.420899 0.0780522
0.388784 0.4305 0.0724259
0.392779 0.429001 0.0590899
0.393581 0.428629 0.0625497
0.394623 0.425535 0.0615366
0.392974 0.427435 0.0664359
0.392348 0.422126 0.0587647
0.389005 0.420403 0.0579343
0.390222 0.423982 0.0567546
0.383181 0.419262 0.0725573
0.381372 0.416957 0.0665794
0.386486 0.418163 0.067706
0.3888 0.417812 0.0641476
0.390527 0.420106 0.0681175
0.365643 0.468824 0.0887324
-0.383791 -0.154392 -0.0367677
-0.379637 -0.152837 -0.0342382
-0.379287 -0.153361 -0.0385451
-0.405444 -0.158071 -0.0366446
-0.407702 -0.157659 -0.0347531
-0.403882 -0.156105 -0.0339
-0.405167 -0.164206 -0.0360926
-0.402895 -0.164369 -0.0378304
-0.402751 -0.165807 -0.0355648
-0.399684 -0.167004 -0.0352273
-0.402137 -0.166479 -0.0326212
-0.401096 -0.165678 -0.0296054
-0.404496 -0.165034 -0.0301394
-0.407496 -0.162822 -0.0352988
-0.406215 -0.162087 -0.037447
-0.372881 -0.167168 -0.0370564
-0.368685 -0.166643 -0.0342685
-0.374871 -0.16703 -0.0334679
-0.394714 -0.157625 -0.0282215
-0.38971 -0.157713 -0.0283409
-0.390864 -0.155127 -0.0309638
-0.392577 -0.167753 -0.0335433
-0.388366 -0.167617 -0.033971
-0.38769 -0.166658 -0.0306629
0.106142 -0.218273 -0.109378
0.10553 -0.217656 -0.113084
0.109138 -0.217816 -0.112988
0.102702 -0.216969 -0.113747
0.105284 -0.2169 -0.115645
0.102827 -0.214285 -0.11645
0.101034 -0.215067 -0.114506
0.0997062 -0.215907 -0.112319
0.234839 0.38389 0.0768582
0.23794 0.376966 0.0771501
0.240883 0.228142 0.0268164
0.236698 0.22071 0.0191814
-0.0791691 -0.21706 0.0367511
-0.0850175 -0.217536 0.0382709
-0.0777473 -0.215178 0.0392001
-0.0749365 -0.215615 0.0359944
-0.0973267 -0.198384 0.0621862
-0.0941992 -0.197874 0.0581376
-0.0904763 -0.202467 0.0566491
-0.100661 0.0380226 0.0995884
-0.18945 -0.0850497 -0.067888
0.367886 0.43805 0.0461512
0.362434 0.435464 0.0465513
0.362128 0.430657 0.0505496
0.377355 0.453497 0.0562032
0.375524 0.446266 0.0502327
0.380923 0.449376 0.0605466
0.0852548 -0.0380089 0.0689182
0.080886 -0.0345582 0.0689983
0.0815299 -0.0381139 0.0728537
0.0717858 -0.0812551 -0.0515799
0.0668461 -0.0867757 -0.0567738
0.0661075 -0.081912 -0.0597195
-0.283953 -0.0201398 -0.0427366
-0.292638 -0.0253996 -0.0218107
-0.287368 -0.0180411 -0.0391405
-0.295192 -0.0400074 -0.0202226
-0.0918907 -0.185435 0.0419976
0.290624 0.434261 0.0666061
0.283901 0.444783 0.085451
0.287519 0.445663 0.0459599
0.285346 0.439991 0.0476262
0.25361 0.423734 0.0826558
-0.294757 -0.0413535 -0.0392363
-0.288976 -0.037139 -0.0428648
-0.301323 -0.0477103 -0.0303114
-0.299449 -0.0451765 -0.034459
-0.29913 -0.0440863 -0.0252146
-0.296791 -0.0394441 -0.035123
0.0954646 -0.138361 0.0877765
0.0931888 -0.140244 0.082986
0.0956228 -0.145293 0.084704
0.0919954 -0.140797 0.0773313
0.0914349 -0.135316 0.0801298
0.0921821 -0.138237 0.0709661
0.0929242 -0.144534 0.0727333
-0.091661 -0.221345 0.0556887
-0.089889 -0.222257 0.0588773
-0.0925013 -0.221395 0.0593916
-0.0909864 -0.218314 0.0633807
-0.0882092 -0.218563 0.0617466
-0.0888624 -0.215018 0.0628713
-0.100313 -0.219182 0.0650598
-0.100434 -0.217629 0.0679716
-0.103278 -0.219311 0.0688436
-0.10122 -0.215783 0.0698968
-0.0984697 -0.215612 0.0674059
0.242014 0.43127 0.0505393
0.237202 0.430351 0.055379
0.272579 0.402729 0.0506279
0.271429 0.407366 0.0482623
0.274488 0.409228 0.0515551
0.26753 0.407183 0.0450854
0.152062 -0.212422 -0.0681975
0.147297 -0.220419 -0.0712879
0.15092 -0.219719 -0.0721796
0.149656 -0.220296 -0.0688613
0.147776 -0.219902 -0.057036
0.150265 -0.218786 -0.0579834
0.148197 -0.218068 -0.0575812
0.144586 -0.221344 -0.0576574
0.147135 -0.221309 -0.058968
0.150038 -0.220831 -0.0592328
0.147765 -0.221694 -0.0613333
0.0965774 -0.156068 0.0771659
0.0961364 -0.151494 0.0813196
0.0940426 -0.149948 0.0748034
0.0946345 -0.148577 0.0677529
0.128064 -0.177418 0.0474478
0.111517 -0.185023 0.0510133
0.115047 -0.187568 0.0486423
0.112069 -0.191006 0.0506497
0.21416 0.346349 0.0462736
0.212168 0.340744 0.0474446
0.210594 0.332844 0.0461848
0.21011 0.335982 0.0506715
-0.0941829 -0.0997986 0.0383764
-0.0911487 -0.10612 0.036666
0.26563 0.471554 0.0765081
-0.219253 -0.0527121 -0.0774224
-0.22428 -0.055277 -0.0797947
-0.21747 -0.0473185 -0.0784959
-0.208241 -0.0390659 -0.0779256
-0.21241 -0.039343 -0.0808476
-0.139114 -0.100185 0.0830957
-0.145231 -0.0997202 0.0780808
-0.115155 0.0520769 -0.109006
0.248015 0.282432 0.0405242
-0.0770606 -0.0109253 0.0912697
-0.0827904 -0.00950096 0.0949509
-0.0780433 0.0713603 0.0912054
-0.304639 -0.11084 -0.0117623
-0.300515 -0.117209 -0.00849101
-0.298478 -0.112157 -0.00781033
-0.290568 -0.124469 -0.00740194
-0.286192 -0.123099 -0.0101296
-0.287789 -0.120124 -0.00661444
-0.285475 -0.124381 -0.0149592
-0.282355 -0.119254 -0.0130337
-0.293028 -0.112428 -0.00476719
-0.295602 -0.105819 -0.00640856
0.0662605 -0.162132 -0.0746754
0.10819 -0.199045 0.0636662
0.10915 -0.197353 0.057561
0.111209 -0.205495 0.0578727
0.18673 -0.256869 0.0883013
0.184025 -0.256848 0.0889779
0.187254 -0.254852 0.0941024
0.1899 -0.255526 0.0929432
0.188501 -0.252879 0.0932518
0.18373 -0.257083 0.0919105
0.180797 -0.256834 0.0908332
0.184977 -0.256308 0.0937114
0.186881 -0.257191 0.0925755
0.143883 -0.213308 -0.1114
0.141653 -0.211659 -0.113917
0.143427 -0.215202 -0.108742
0.141668 -0.214721 -0.112792
0.138559 -0.215366 -0.115107
0.134012 -0.216109 -0.113524
0.139836 -0.216835 -0.10627
0.144952 -0.21601 -0.105631
0.140434 -0.213714 -0.11601
0.133234 -0.217085 -0.10878
0.315645 0.490272 0.0570862
-0.200012 0.00513388 -0.0875701
-0.226812 -0.165224 -0.0656673
-0.225596 -0.169293 -0.0652385
-0.223334 -0.172851 -0.0655796
-0.223677 -0.156769 -0.0687705
-0.217963 -0.154137 -0.0717774
-0.211831 -0.153279 -0.0760291
0.15577 -0.238582 0.0331187
0.162056 -0.23984 0.0337112
0.150332 -0.235937 0.0320938
0.155888 -0.235668 0.030938
0.145149 -0.236401 0.0331129
0.147514 -0.232779 0.0315827
0.14683 -0.229074 0.032422
0.151762 -0.229357 0.0310935
0.141513 -0.23037 0.0335167
0.0762018 -0.045475 0.0903374
0.0765917 -0.0512833 0.0926784
-0.0723069 -0.216495 0.0327934
-0.0720026 -0.213734 0.0351848
-0.0712267 -0.210823 0.0339953
-0.0733131 -0.209367 0.0367885
-0.0726126 -0.207251 0.0331406
-0.0707287 -0.210995 0.0308015
-0.398969 -0.155375 -0.0336411
-0.400885 -0.155406 -0.0309519
-0.404238 -0.156545 -0.0286954
-0.399181 -0.156806 -0.028245
-0.403213 -0.161434 -0.0265823
-0.400026 -0.163141 -0.0271378
-0.39932 -0.159858 -0.0265662
-0.411541 -0.157446 -0.0297131
-0.408515 -0.156711 -0.0293145
-0.410043 -0.156544 -0.0316179
-0.411944 -0.157822 -0.0332875
-0.412827 -0.15953 -0.0336173
-0.413304 -0.158753 -0.0321198
-0.412746 -0.160882 -0.0324801
-0.41169 -0.160515 -0.0343327
-0.409737 -0.157431 -0.0337453
-0.134635 -0.0241065 -0.121068
0.150753 -0.220327 -0.0665155
0.148419 -0.220966 -0.0662416
0.148102 -0.216102 -0.0590835
0.149943 -0.215454 -0.060873
0.151977 -0.216774 -0.0612897
0.15193 -0.215695 -0.0627305
0.169996 0.0409478 0.105899
0.0810427 -0.0556397 0.10162
0.086205 -0.0539124 0.107803
0.146417 0.147676 -0.0302705
0.132227 0.167665 0.00361984
-0.225559 0.0388356 -0.0547699
0.351048 0.487606 0.0470857
0.152455 -0.0623519 0.078332
-0.118898 0.00462679 -0.115018
0.162694 -0.235867 0.0916669
0.0632094 -0.135195 -0.0688195
0.0637895 -0.138375 -0.0715062
-0.267964 -0.168412 -0.121924
-0.15277 -0.118293 0.0724953
-0.15532 -0.119418 0.068093
-0.155301 -0.116039 0.0649484
0.193523 -0.235518 0.0697052
0.183805 -0.246698 0.0553517
0.188514 -0.247212 0.059204
0.195833 -0.239014 0.0680272
0.193759 -0.234856 0.0650133
-0.271634 -0.121552 -0.100663
-0.223879 -0.137344 -0.0729411
0.142829 -0.0707596 -0.0657273
-0.137236 0.11839 0.0687493
-0.150387 0.110828 0.0688107
-0.0904059 -0.0551327 0.035765
-0.0601565 -0.0428857 0.0537925
-0.0601724 -0.0334492 0.0527654
-0.0629582 -0.0381838 0.0603159
-0.111839 -0.0450881 0.0371087
-0.0970974 -0.190134 0.0104989
-0.100866 -0.190805 0.00544492
-0.110881 -0.191022 0.00247803
-0.116555 -0.191621 0.00204552
-0.105371 -0.192028 0.00237829
-0.10864 -0.194923 -0.000260618
-0.197683 0.130094 0.00212533
-0.196579 0.128338 0.0112109
-0.332641 -0.163338 -0.0319166
-0.33113 -0.16399 -0.035734
-0.330868 -0.162702 -0.0389047
-0.335437 -0.163498 -0.0376042
-0.319083 -0.15545 -0.0416203
-0.317503 -0.157759 -0.0379762
0.0802955 -0.216719 -0.075037
0.0790003 -0.217172 -0.0811103
0.083154 -0.218711 -0.0792818
0.0862063 -0.21947 -0.0848895
0.0778741 -0.213553 -0.0734782
0.0764203 -0.213992 -0.0822046
0.0785255 -0.21609 -0.0857731
0.0813257 -0.195588 -0.0603595
0.32973 0.437964 0.062875
0.32773 0.441657 0.059838
-0.00176845 -0.0282967 -0.0290626
0.00603076 -0.023712 -0.0378904
-0.257358 -0.0958328 -0.0869517
-0.254994 -0.0937453 -0.0852219
-0.254321 -0.0966145 -0.0830688
-0.256404 -0.0999142 -0.0836261
-0.149416 -0.0981858 0.0647492
-0.148026 -0.104749 0.0587161
-0.149928 -0.105871 0.0731603
-0.14921 -0.0986193 0.0717402
-0.148039 -0.0925245 0.0699364
0.367771 0.428383 0.0883332
0.368826 0.433585 0.0912264
0.372889 0.435151 0.0892516
0.117897 -0.0454744 -0.0876464
0.125113 -0.0390504 -0.0882477
0.231299 0.380526 0.0408534
-0.123471 -0.0325753 0.0932548
-0.124858 -0.025418 0.0929248
-0.139356 -0.040841 0.0563166
-0.196749 -0.0117508 -0.0512463
-0.2017 -0.0108019 -0.0550406
-0.207927 0.00512482 -0.0594118
-0.211786 0.0032772 -0.0551938
-0.171791 -0.0881791 -0.120373
0.100986 -0.222043 -0.0638681
0.0970883 -0.222064 -0.066162
0.0927923 -0.217879 -0.0618092
0.095142 -0.220729 -0.0633974
0.0968334 -0.219021 -0.0600667
0.0930399 -0.221128 -0.0675804
0.0889118 -0.216733 -0.0639745
-0.157848 -0.0149356 0.0797794
0.184766 0.000850956 0.0558814
0.185448 -0.00234889 0.0496262
0.177323 -0.00822225 0.0480258
0.177119 -0.0100374 0.0544801
0.178954 -0.00517225 0.080952
0.212314 0.328981 0.0411444
0.202595 0.309344 0.0429997
0.204779 0.308883 0.0371102
0.206247 0.304695 0.0322351
0.209262 0.299823 0.0275132
0.224352 0.30472 0.0679021
0.0824761 -0.0170329 -0.0754842
0.0718883 -0.0288026 -0.0545484
-0.148011 -0.20613 0.0211861
-0.149437 -0.202098 0.0194967
-0.152151 -0.200001 0.0238201
-0.145381 -0.208569 0.0262913
-0.150314 -0.207594 0.0287602
-0.163237 -0.201201 0.0542442
-0.16186 -0.204187 0.0543112
-0.161154 -0.202306 0.0577363
-0.158524 -0.206789 0.054903
-0.158023 -0.203949 0.0605991
-0.1361 -0.194568 0.0735444
-0.137011 -0.200976 0.07384
0.128702 -0.153682 -0.0719782
0.127507 -0.157864 -0.0667974
0.124369 -0.126119 -0.0535152
0.334379 0.453162 0.0443514
0.119224 -0.194891 -0.111185
-0.204506 -0.144467 -0.098992
-0.168466 0.0412625 0.0648013
-0.169543 0.0396542 0.0583188
-0.167155 0.00771996 0.0439861
-0.0572225 -0.0424848 0.0466669
-0.0593877 -0.0508293 0.052017
-0.0665497 -0.0478968 0.0402445
-0.0623613 -0.0421655 0.0394204
-0.065619 -0.0372262 0.0693341
0.136699 -0.0946032 0.0736529
0.139292 -0.0894093 0.0758715
-0.31421 -0.1592 -0.0300381
-0.315194 -0.158573 -0.0340513
-0.123946 -0.2171 0.078021
-0.121371 -0.218614 0.0779215
-0.120036 -0.216347 0.0788749
-0.128112 -0.215926 0.0765685
-0.126722 -0.218678 0.075709
-0.126661 -0.21937 0.0723363
-0.12409 -0.220073 0.0745163
-0.124322 -0.219148 0.0680493
-0.128954 -0.218212 0.0690359
0.0778887 -0.0573344 0.0946697
-0.146259 -0.0595088 0.0673305
-0.146266 -0.0624382 0.0725774
-0.146456 -0.0879555 0.0673604
-0.143764 -0.0836203 0.0654109
-0.143816 -0.0796131 0.0687985
-0.356384 -0.149304 -0.0278082
-0.355452 -0.146873 -0.0319899
-0.360357 -0.149435 -0.0303257
-0.360602 -0.157738 -0.0264965
-0.355152 -0.160025 -0.0277344
-0.355733 -0.155879 -0.025797
-0.349652 -0.161466 -0.0307254
-0.354605 -0.163169 -0.032244
-0.0793741 -0.214463 0.00459276
-0.0791904 -0.215463 0.00842609
-0.0817354 -0.21017 0.000838314
-0.0789294 -0.209166 0.0017774
-0.0794472 -0.211969 0.00203189
-0.076758 -0.209931 0.00332714
-0.0780518 -0.20735 0.00343961
-0.0774052 -0.213441 0.00399464
0.228696 0.415216 0.0614341
-0.312618 -0.131797 -0.0515607
-0.312269 -0.137823 -0.0505589
-0.290373 -0.086846 -0.00601794
-0.284149 -0.0850281 -0.00234055
-0.27032 -0.0777267 0.000377017
-0.276542 -0.0755206 -0.000260626
-0.27519 -0.0813795 -0.000100792
-0.280937 -0.0901162 -0.000351705
-0.278883 -0.0850477 -0.000264477
-0.273927 -0.0875498 0.000321632
-0.276868 -0.0697272 -0.000346255
-0.231763 -0.0285509 -0.0498114
-0.232181 -0.0319146 -0.0475099
-0.235934 -0.0331176 -0.0505219
-0.232258 -0.0338757 -0.0439314
-0.23666 -0.0228445 -0.051698
-0.407488 -0.163793 -0.0302525
-0.410249 -0.162504 -0.0302359
-0.408599 -0.163265 -0.0328442
-0.406024 -0.162985 -0.0278572
-0.406531 -0.160397 -0.0267761
-0.407255 -0.158127 -0.0272849
-0.409918 -0.159926 -0.0273456
0.0521246 -0.0131853 -0.0553843
0.185978 -0.242561 0.039171
0.190669 -0.242938 0.0428393
0.186598 -0.243161 0.0437017
-0.193661 -0.172563 -0.0912328
-0.196426 -0.174258 -0.0893996
-0.191954 -0.170267 -0.0908535
-0.0928815 -0.172442 0.0379922
-0.093581 -0.177256 0.0381641
-0.0937901 -0.175338 0.0339586
-0.0953031 -0.17576 0.0296831
-0.0916167 -0.165777 0.0366009
-0.0918382 -0.167084 0.0411059
-0.242483 0.0940998 -0.0112136
0.211067 0.185152 0.0618848
0.0972768 -0.160994 0.0731959
-0.232247 -0.0378363 -0.0174963
-0.159424 0.027689 0.0803929
0.217795 0.370727 0.056854
0.210082 0.0989445 -0.0330897
-0.197992 0.05631 -0.0787672
-0.00805888 -0.031124 -0.016822
0.153512 -0.0234056 0.10919
-0.294177 -0.125493 -0.00635606
-0.292769 -0.129168 -0.00823259
-0.297537 -0.122521 -0.00648447
-0.297621 -0.127411 -0.00680614
-0.281319 -0.114921 -0.00836775
-0.279047 -0.113256 -0.0133988
-0.282681 -0.11189 -0.00463181
-0.284724 -0.11619 -0.00575878
0.150242 -0.0675365 0.0946445
0.147157 -0.0745603 0.0932668
0.147037 -0.0739106 0.0797118
0.150677 -0.0674114 0.0803055
0.163078 -0.0312895 0.0692067
0.169857 -0.027236 0.0699873
-0.36433 -0.165593 -0.0330985
-0.359799 -0.164455 -0.0325362
-0.364341 -0.163616 -0.0291586
-0.364358 -0.160057 -0.0268069
-0.36891 -0.161825 -0.0273301
0.163908 0.0512023 -0.0857207
0.381279 0.419896 0.0573693
0.378396 0.417893 0.0617333
0.38365 0.423222 0.0547243
0.385445 0.419157 0.0578851
0.375266 0.417988 0.0667197
-0.124264 -0.145946 0.0218485
-0.180086 -0.0642919 -0.0681476
-0.273559 0.0429661 -0.0116691
0.101927 -0.0956549 0.0623411
-0.15943 -0.144301 0.0581473
-0.163001 -0.170001 0.0512386
0.132732 -0.183542 0.0934635
-0.276286 -0.169344 -0.107913
0.130295 -0.188207 -0.0783082
0.133397 -0.193389 -0.0769079
0.343359 0.48582 0.101425
0.347501 0.485233 0.100556
0.349433 0.48175 0.101771
0.346641 0.479474 0.102994
-0.154657 -0.200892 0.0295589
-0.152918 -0.207752 0.0360578
-0.15427 -0.20538 0.032276
-0.157556 -0.201549 0.0359453
-0.057751 -0.0294382 0.0471564
0.131259 -0.222673 -0.0672502
0.129061 -0.223457 -0.0624296
0.133794 -0.221779 -0.0715146
0.239476 0.159093 0.0232589
0.131255 -0.0332158 -0.0892368
-0.175111 -0.000550777 0.0256236
-0.141255 -0.0223714 -0.0548568
-0.397428 -0.166497 -0.0378272
-0.396431 -0.167762 -0.0348253
-0.395161 -0.167226 -0.0314514
-0.392884 -0.16474 -0.0283683
-0.397391 -0.165262 -0.0289437
0.0764902 -0.0300615 0.0939285
0.0890199 -0.0330009 0.112285
-0.101182 -0.208188 0.0688962
-0.0953585 -0.210445 0.065985
-0.0960318 -0.206391 0.0655621
-0.0918916 -0.20538 0.0626001
-0.096965 -0.202372 0.0646315
0.0983566 0.126767 0.0739414
0.162427 0.200705 0.0239177
0.159084 0.197463 0.030668
0.168935 0.180293 0.0526471
0.3627 0.427131 0.0547911
0.364312 0.424185 0.0588887
0.366927 0.427899 0.0515468
0.189686 0.238224 0.0193156
0.176381 0.22729 0.0395607
0.209036 0.249369 0.0128898
0.228588 0.351127 0.0739689
0.377244 0.459415 0.0731976
-0.216689 -0.173361 -0.153969
-0.214729 -0.173496 -0.150286
-0.21853 -0.173594 -0.151037
-0.220152 -0.173577 -0.146584
-0.21306 -0.172866 -0.146988
-0.212403 -0.172428 -0.143406
-0.216145 -0.173282 -0.143842
-0.212352 -0.172914 -0.13174
-0.205424 -0.172421 -0.129457
-0.208928 -0.173049 -0.125139
-0.20533 -0.151495 -0.125443
-0.202862 -0.155256 -0.131173
-0.203979 -0.173047 -0.118399
0.0833508 -0.00222368 0.105508
0.143653 -0.21804 -0.0987334
0.1509 -0.203415 -0.0917184
0.144807 -0.199132 -0.0925489
0.0302014 0.0938156 -0.0711142
0.224514 0.310644 0.026823
0.14912 -0.155915 0.0622182
0.151549 -0.151264 0.0681704
0.153616 -0.16094 0.066164
0.155872 -0.164503 0.0701238
0.155324 -0.159515 0.0752572
0.151556 -0.17567 0.0570498
-0.034786 -0.00370141 0.0609171
-0.158412 -0.187521 0.0367593
-0.159678 -0.193472 0.0375278
-0.16497 -0.188317 0.0541126
-0.164535 -0.194408 0.0537189
-0.162607 -0.190878 0.058292
0.189448 0.00405585 -0.00709229
0.193439 0.00720445 -0.00425932
0.131933 -0.203592 0.0424515
-0.0543906 -0.0156534 -0.0522477
0.322561 0.495963 0.0756681
0.313506 0.493081 0.0765517
0.306274 0.493474 0.0708737
0.223674 0.144625 0.0535876
-0.231839 -0.163691 -0.0660985
-0.236957 -0.16526 -0.0665764
-0.240957 -0.175854 -0.0819321
-0.244178 -0.168193 -0.0681042
-0.248799 -0.0603379 -0.0124067
-0.260647 -0.0650299 -0.000117087
-0.2833 0.017968 -0.0238634
0.117238 -0.167499 0.0941134
0.220616 0.184576 -0.00104478
0.266421 0.378898 0.0568189
0.266211 0.37659 0.0514313
0.262402 0.375354 0.0612046
0.264078 0.375645 0.0469747
0.265037 0.37156 0.0497091
0.264809 0.367158 0.0508436
0.264372 0.366499 0.0548772
0.264065 0.363251 0.051596
0.261519 0.363588 0.0579485
0.262181 0.368749 0.0590436
-0.346291 -0.152264 -0.0476168
-0.349989 -0.154628 -0.0471999
-0.349583 -0.150281 -0.0476957
-0.350485 -0.147098 -0.045846
-0.354124 -0.149908 -0.0464001
-0.351544 -0.145417 -0.0420034
-0.346883 -0.144715 -0.0448236
-0.153818 -0.0398724 0.0722233
-0.152313 -0.0424886 0.0652604
-0.146679 -0.0431345 0.0604702
-0.155984 -0.032791 0.0729901
-0.152439 -0.036631 0.0799252
-0.147666 -0.0401968 0.0852058
-0.141665 -0.0441308 0.0890046
-0.136123 -0.0399556 0.0917542
-0.159512 0.104282 0.0683765
-0.170683 0.0727838 0.066176
-0.260142 0.0712618 -0.0151042
0.137435 -0.0195536 -0.00696621
0.109404 -0.0252077 -0.0135032
0.269692 0.391109 0.0580007
0.267995 0.39587 0.0630017
0.271468 0.401038 0.0605471
0.251486 0.403995 0.0788754
0.0650274 -0.0593567 -0.0602983
0.0647962 -0.0652305 -0.0583568
0.0666564 -0.0602286 -0.0556452
0.0712045 -0.0608181 -0.0518343
0.0701764 -0.0537531 -0.053198
0.0666721 -0.0551582 -0.0639919
0.0655503 -0.0610283 -0.0654899
0.157513 0.0149428 -0.0914716
0.25633 0.352934 0.0400211
0.251041 0.347494 0.0360919
0.190859 0.273354 0.0426991
0.290697 0.451318 0.0457321
0.272284 0.433776 0.0439978
-0.205148 -0.154962 -0.0794394
-0.220842 -0.176123 -0.0779778
-0.217605 -0.175953 -0.0848012
-0.213296 -0.176154 -0.080142
-0.209708 -0.176275 -0.0755921
0.234871 0.370615 0.0765237
0.239952 0.371219 0.076345
0.107131 -0.165569 0.0533403
0.10617 -0.173115 0.0545794
-0.212562 -0.0107781 0.0107452
-0.213913 -0.00780039 0.0130513
0.151691 -0.154356 0.0840058
0.154062 -0.155148 0.0793861
0.153527 -0.150863 0.0743729
0.149672 -0.145354 0.0859042
0.147872 -0.154531 0.0895031
-0.0788032 -0.20485 0.0191243
-0.0820061 -0.216156 0.0229104
-0.082333 -0.215511 0.018028
-0.0783886 -0.215671 0.0215549
-0.0969009 -0.214303 0.0130876
-0.0810248 -0.215291 0.0146648
0.194712 0.00438809 0.023164
0.196678 0.00978455 0.00189727
-0.0759981 -0.20805 0.00802584
-0.0748883 -0.210132 0.00958389
-0.0746171 -0.210594 0.00710769
-0.0761635 -0.2144 0.00991304
-0.0749139 -0.213844 0.00802249
-0.0746309 -0.212402 0.0103448
-0.0753583 -0.210326 0.0125841
-0.0784784 -0.214824 0.0120101
-0.152867 -0.111157 0.0620079
-0.153513 -0.110392 0.0682895
-0.151031 -0.112302 0.0736924
-0.200137 0.100207 0.0371826
-0.299513 -0.141307 -0.0132054
-0.301458 -0.138144 -0.0103417
-0.304979 -0.143329 -0.0126847
-0.296014 -0.139327 -0.0169044
-0.303823 -0.135351 -0.00955497
-0.304578 -0.131293 -0.00923984
-0.299831 -0.134891 -0.00904464
-0.104135 -0.156576 0.0217855
-0.248372 -0.16778 -0.146902
-0.246019 -0.168938 -0.148001
-0.241557 -0.171349 -0.14863
-0.238114 -0.172525 -0.148433
-0.239644 -0.170297 -0.151547
-0.242884 -0.169327 -0.149933
-0.243865 -0.167298 -0.150444
0.0784501 -0.0376073 0.0776489
0.20959 0.120164 0.0650782
0.244686 0.450786 0.0631406
0.246706 0.452909 0.0598163
-0.209674 -0.0142698 -0.0402274
0.245284 0.259538 0.0338046
0.324671 0.440773 0.0813725
0.322959 0.438371 0.0741487
0.331278 0.439091 0.0848165
0.299193 0.441086 0.0748817
0.196802 0.28975 0.0520215
0.195424 0.292515 0.0471726
0.0826924 -0.0950773 0.0925289
0.0787898 -0.0775729 0.0864708
0.0852903 -0.0807055 0.0990544
0.139569 0.0741911 -0.0837456
0.151994 -0.217029 -0.104403
0.154645 -0.215999 -0.106025
0.155504 -0.216484 -0.104293
0.156581 -0.214876 -0.104226
0.155346 -0.215522 -0.102058
0.155506 -0.214213 -0.105728
0.152671 -0.214302 -0.106503
0.154946 -0.212278 -0.104235
-0.195116 -0.157685 -0.118595
-0.194087 -0.16071 -0.123087
-0.191761 -0.167961 -0.123554
-0.192361 -0.170337 -0.12159
-0.202886 -0.171995 -0.133091
-0.20545 -0.171471 -0.136791
-0.199473 -0.172097 -0.128104
-0.195571 -0.171749 -0.128239
-0.196816 -0.171796 -0.12385
-0.191738 -0.168441 -0.127018
-0.192595 -0.171058 -0.128844
-0.190662 -0.169163 -0.130088
-0.193751 -0.172203 -0.131501
-0.190355 -0.166857 -0.131607
-0.191642 -0.1653 -0.133782
-0.192994 -0.163256 -0.13147
-0.189501 -0.169905 -0.132442
-0.194374 -0.171754 -0.136485
-0.194452 -0.172445 -0.134174
-0.191678 -0.171084 -0.136847
-0.194443 -0.169842 -0.13777
-0.193318 -0.16552 -0.136157
-0.190312 -0.167941 -0.13535
-0.191478 -0.172651 -0.133869
-0.203231 -0.16588 -0.140326
-0.205418 -0.161823 -0.139967
-0.201846 -0.161733 -0.138274
-0.204699 -0.168896 -0.140405
-0.199888 -0.15918 -0.135078
-0.197371 -0.163477 -0.137181
-0.197402 -0.159119 -0.131083
-0.212579 -0.172639 -0.136677
-0.208018 -0.162879 -0.142678
-0.211268 -0.17207 -0.140058
-0.20878 -0.171653 -0.138049
-0.194013 -0.172204 -0.106969
-0.196549 -0.172656 -0.109426
-0.201625 -0.173512 -0.107527
-0.199901 -0.17287 -0.113403
-0.193203 -0.171592 -0.103617
-0.190937 -0.171171 -0.106491
-0.188431 -0.167613 -0.103954
-0.189754 -0.165602 -0.1025
-0.190429 -0.167964 -0.101617
-0.189575 -0.163386 -0.104615
-0.191454 -0.163053 -0.101704
-0.187331 -0.164654 -0.10634
-0.186571 -0.166744 -0.106003
-0.185544 -0.165758 -0.107855
-0.189293 -0.162112 -0.107077
-0.188876 -0.162118 -0.110247
-0.188755 -0.171281 -0.109302
-0.191654 -0.159251 -0.108959
-0.266798 0.00983265 -0.0488178
0.102714 0.012515 0.115851
-0.0843089 0.11982 0.0787161
-0.148628 -0.116513 0.0770195
-0.345419 -0.159618 -0.0276066
-0.346125 -0.156368 -0.0247101
-0.346534 -0.152871 -0.0238214
-0.350329 -0.154697 -0.0246684
-0.341826 -0.14233 -0.0256556
-0.342806 -0.140994 -0.0292633
-0.345746 -0.143724 -0.0277704
-0.343154 -0.140476 -0.0337294
-0.338674 -0.148941 -0.0223545
-0.343496 -0.150701 -0.023405
0.120807 -0.208243 -0.123441
0.119323 -0.211431 -0.12468
0.116662 -0.208242 -0.122992
0.111398 -0.212865 -0.12083
0.113189 -0.209887 -0.121949
0.11502 -0.213676 -0.122698
0.120441 -0.214328 -0.1244
0.117797 -0.213884 -0.124421
0.119848 -0.216185 -0.121797
0.117174 -0.216118 -0.12265
0.117309 -0.217134 -0.118743
0.0832475 -0.130365 -0.0922938
-0.307652 -0.0741458 -0.032117
-0.315216 -0.102205 -0.0380148
-0.312 -0.0931169 -0.036391
-0.309759 -0.0942905 -0.0423967
-0.312401 -0.0911455 -0.0307738
-0.312702 -0.0967493 -0.0252862
-0.0381 -0.0167048 0.0418262
0.209342 0.160384 0.0628792
-0.210358 -0.163105 -0.145949
-0.208702 -0.166229 -0.145585
-0.208219 -0.169164 -0.145006
-0.207032 -0.169573 -0.141741
-0.209266 -0.171053 -0.143181
0.267565 0.436816 0.0842467
-0.0865701 -0.210886 0.0532467
-0.0878591 -0.206822 0.0545131
-0.0867815 -0.219038 0.0473823
-0.0864119 -0.21809 0.0428884
-0.0827854 -0.217678 0.0441436
-0.0806305 -0.215465 0.0424181
-0.0825916 -0.21568 0.0456448
-0.0842114 -0.215456 0.0488758
-0.0910315 -0.212399 0.0640927
-0.0953424 -0.21388 0.0661831
-0.0946949 -0.216916 0.0653495
0.0904538 -0.212297 -0.106487
0.0933277 -0.211066 -0.109015
0.0980914 -0.217993 -0.105416
0.0969245 -0.219074 -0.101019
0.0934841 -0.217876 -0.104486
0.0816205 -0.214354 -0.0957637
0.0794024 -0.211286 -0.0928342
0.0814781 -0.210182 -0.0963998
0.0892219 -0.219662 -0.089329
-0.0872648 -0.152905 0.0424607
0.131474 -0.0979683 -0.0556741
0.108975 -0.18009 0.0527646
-0.250236 0.0509672 0.015607
-0.205879 -0.00876438 -0.0715541
-0.20662 -0.0126337 -0.0695749
-0.205977 -0.00397303 -0.0678715
-0.199594 -0.0172064 -0.0644948
-0.206641 0.000995019 -0.0639875
0.0589705 0.163148 0.0115402
0.231342 0.333748 0.071888
-0.0636094 -0.080305 0.0529713
-0.0638524 -0.0824423 0.0563468
-0.31258 -0.126878 -0.0514578
-0.160269 -0.198691 0.0387694
-0.162668 -0.197114 0.0417151
-0.185895 0.0567392 -0.0926134
-0.0964767 -0.178902 0.0256953
-0.0883288 0.0154299 0.0990049
0.183123 0.0232204 -0.0675921
0.0967794 -0.0311953 -0.0201253
-0.254165 -0.124832 -0.129119
0.195787 -0.237064 0.0565583
0.194792 -0.235349 0.0604904
0.195835 -0.239642 0.0594924
0.191852 -0.231276 0.0608258
0.189096 -0.228496 0.0490743
0.189621 -0.22874 0.0552322
0.193389 -0.231525 0.0520818
0.186609 -0.227126 0.0598943
0.196484 -0.238581 0.053514
0.195784 -0.234707 0.0536915
0.195657 -0.234092 0.0499592
0.0641321 -0.142034 -0.0694484
0.182782 -0.00157341 0.0640253
0.17358 -0.0188943 0.0654197
0.169741 -0.0162758 0.0608853
0.175817 -0.0133811 0.0605262
0.180537 -0.00920072 0.0611365
0.180629 -0.00605538 0.0712859
-0.131505 0.0185961 -0.119087
0.199459 -0.245938 0.0714055
0.197639 -0.242766 0.0698996
0.198627 -0.244138 0.0738194
0.197311 -0.243568 0.0763651
0.191712 -0.249898 0.0676236
0.194164 -0.247281 0.06521
0.195608 -0.248684 0.0684307
0.171961 0.0117843 0.100047
0.309063 0.473591 0.0468494
-0.217321 -0.0116102 -0.0490598
-0.220572 -0.0168353 -0.0480412
-0.188683 -0.170255 -0.134692
-0.189469 -0.170528 -0.136378
-0.189821 -0.172296 -0.135815
-0.189185 -0.172005 -0.134099
-0.0569815 0.000872195 0.0624669
0.0680026 -0.0467021 -0.0588683
0.0681683 -0.049606 -0.0635823
0.0745781 -0.0469592 -0.0501035
0.0697719 -0.0468445 -0.0542151
0.0945933 -0.0587643 -0.0448424
-0.159401 -0.164079 0.0628437
-0.189188 0.0030782 0.0247573
-0.182492 0.00217726 0.0260151
0.284159 0.429232 0.0605801
0.281044 0.42585 0.0609338
0.151953 -0.220531 -0.0620695
0.153179 -0.219469 -0.0615615
0.152136 -0.220158 -0.0602824
0.152084 -0.218111 -0.0598176
0.15325 -0.218076 -0.0614523
0.153759 -0.21845 -0.0631213
0.149821 -0.221161 -0.0628634
0.15143 -0.220507 -0.0641195
-0.138254 0.151191 0.00563938
-0.0813836 -0.114224 0.0424002
-0.0788722 -0.117362 0.047188
-0.0802118 -0.203079 0.0408137
-0.0808068 -0.198992 0.038253
-0.0783934 -0.200858 0.0329725
-0.301321 -0.129299 -0.00784044
-0.2988 -0.131675 -0.00792253
-0.220404 -0.175861 -0.0714994
-0.215646 -0.174462 -0.069566
-0.219801 -0.174211 -0.0668242
0.242946 0.229976 0.0346257
-0.158211 -0.0262459 0.072984
-0.284945 -0.122666 -0.0369392
-0.285013 -0.124014 -0.0283794
-0.34203 -0.154488 -0.0465502
-0.342304 -0.149152 -0.0481035
-0.341843 -0.159369 -0.0431761
-0.34276 -0.144588 -0.047092
-0.338321 -0.145297 -0.0481206
-0.285279 -0.109562 -0.00288548
-0.28897 -0.110836 -0.00331665
0.141879 -0.0934243 0.0953396
0.143798 -0.0851429 0.0907805
0.0750376 -0.210514 -0.0804655
0.0751594 -0.210886 -0.0764861
0.167991 -0.254597 0.0779419
0.176914 -0.255007 0.0806755
0.140361 -0.235599 0.0339611
-0.315088 -0.159684 -0.0260193
0.0916254 -0.13051 0.0698412
0.0902927 -0.130183 0.0749497
-0.21353 -0.00247158 -0.0542997
-0.212813 -0.00743099 -0.0516906
-0.208813 -0.00514493 -0.0560028
0.0980947 -0.149135 0.0611446
0.097349 -0.141118 0.0608721
-0.255544 -0.165115 -0.0715018
-0.251667 -0.169536 -0.07115
0.164309 -0.238437 0.0310604
0.165725 -0.235978 0.0288927
0.161087 -0.235709 0.0299244
0.184935 -0.226251 0.0446639
0.164395 -0.256197 0.0937841
0.175392 -0.247119 0.0959829
0.37683 0.436155 0.0865181
0.375739 0.432061 0.0874013
-0.210752 -0.0115689 -0.0471891
-0.0706445 -0.0990127 0.0518631
-0.0731493 -0.0978891 0.0483852
-0.0690098 -0.0971499 0.0556272
-0.0768049 -0.10156 0.0458461
-0.100554 -0.212731 0.00740068
-0.116958 -0.197794 -0.00103036
-0.122126 -0.195329 0.00141886
-0.127846 -0.200366 0.00167255
-0.131031 -0.203579 0.00381545
-0.143913 -0.0681124 -0.103996
-0.1098 -0.218503 0.056489
-0.11544 -0.217712 0.0573946
-0.104365 -0.219277 0.0574692
-0.121574 -0.216715 0.0579649
-0.120498 -0.218558 0.0632663
-0.131964 -0.206321 0.075758
-0.129928 -0.211633 0.0766111
-0.134022 -0.214479 0.0743199
-0.140942 -0.205366 0.0727268
-0.107153 -0.220697 0.0717442
-0.0936372 -0.219793 0.0631252
-0.0962231 -0.21993 0.0615031
-0.0902092 -0.220299 0.0515947
0.164632 -0.227847 0.0311095
0.157731 -0.228088 0.0309395
-0.281381 -0.109429 -0.0467303
-0.286084 -0.111346 -0.0492012
-0.281672 -0.115058 -0.0416431
-0.287967 -0.117818 -0.0476226
-0.291826 -0.113916 -0.0505194
-0.298009 -0.115059 -0.0511783
-0.35552 -0.164217 -0.0372201
-0.358887 -0.163039 -0.0414327
0.190171 -0.247995 0.0884845
-0.217645 -0.175559 -0.0921897
-0.199841 -0.15022 -0.103341
-0.202034 -0.144416 -0.104982
-0.203669 -0.138024 -0.105636
-0.195063 -0.15547 -0.107209
-0.202963 -0.17492 -0.0910625
-0.210228 -0.175433 -0.0919377
-0.200705 -0.175441 -0.0859329
-0.198509 -0.169575 -0.0694688
-0.228516 -0.160142 -0.0669916
-0.242891 -0.0481928 -0.0464811
-0.244368 -0.0447863 -0.0504194
-0.242832 -0.0512144 -0.0406685
-0.242179 -0.0513472 -0.0329955
-0.264023 -0.0740946 -0.0498963
-0.295914 -0.132852 -0.00869431
-0.293062 -0.134637 -0.0153558
0.104644 -0.221401 -0.0608777
0.100949 -0.220231 -0.0595141
0.110059 -0.2228 -0.0616082
0.108817 -0.220855 -0.0573963
0.113036 -0.219431 -0.0547887
0.117064 -0.223576 -0.060896
0.141526 -0.214826 -0.0569211
0.0960037 -0.20936 -0.111022
0.181542 0.00113955 -0.0275992
0.116896 -0.217612 -0.113184
0.107201 -0.218976 -0.104418
0.115661 -0.199234 -0.116514
0.133351 -0.201659 -0.110872
0.151721 -0.216852 -0.0890991
0.152382 -0.217798 -0.0840706
0.155208 -0.214779 -0.088499
0.15206 -0.215297 -0.0926892
0.153064 -0.218508 -0.0795772
0.152652 -0.219117 -0.0757992
0.156949 -0.217525 -0.0806253
0.118555 -0.13117 0.101554
0.119866 -0.123538 0.102566
0.128052 -0.127401 0.101345
0.132004 -0.134193 0.099942
0.130482 -0.139931 0.0999188
0.124301 -0.139351 0.100764
0.146917 -0.138398 0.0896379
-0.193996 -0.175859 -0.0739753
-0.198234 -0.17692 -0.0746465
-0.195878 -0.173342 -0.0705093
-0.201603 -0.177025 -0.0721465
-0.35835 -0.153569 -0.0469935
-0.360523 -0.150994 -0.0448607
-0.361517 -0.157453 -0.0464539
-0.355078 -0.156058 -0.0470477
-0.357446 -0.146947 -0.0391888
-0.353371 -0.145429 -0.037196
-0.350192 -0.144489 -0.0341826
-0.374655 -0.16266 -0.0432806
-0.37632 -0.158571 -0.0437938
-0.0791548 -0.114767 0.059107
-0.0762559 -0.112727 0.05046
-0.0759663 -0.107422 0.0479057
-0.0799264 -0.106955 0.0434585
0.140908 -0.222897 -0.0572225
0.0927372 -0.0653688 -0.0452402
0.0647113 -0.0669544 -0.0657739
0.0643763 -0.0722527 -0.0647749
0.0639636 -0.068427 -0.0615992
0.0651475 -0.0704233 -0.0573487
0.0659944 -0.0755182 -0.0575723
0.129992 -0.239371 0.0427189
0.132207 -0.238047 0.0389269
0.129758 -0.234819 0.0391893
0.127339 -0.236007 0.0424266
0.260909 0.358553 0.0566063
0.154043 -0.206633 -0.0904102
0.154161 -0.209644 -0.0932782
0.155689 -0.20961 -0.0889627
-0.0965634 -0.211795 0.00117595
-0.0853156 -0.208964 -0.000438756
-0.0893884 -0.207994 -0.00197424
-0.0916172 -0.212596 0.000723372
-0.0863349 -0.21206 0.000389379
0.366549 0.421754 0.0631137
0.369071 0.420246 0.0677344
0.383786 0.438565 0.0537572
0.384344 0.442157 0.0586645
0.378884 0.439808 0.050495
-0.366958 -0.149728 -0.0353015
-0.363177 -0.149121 -0.0329603
-0.363107 -0.148559 -0.0368166
-0.371358 -0.155518 -0.0277529
-0.366916 -0.153627 -0.028505
-0.369969 -0.152128 -0.0307389
-0.370386 -0.150761 -0.0342436
-0.374537 -0.152079 -0.0327356
-0.38194 -0.164555 -0.0282608
-0.377309 -0.165882 -0.030174
-0.375193 -0.163086 -0.0275637
-0.381997 -0.167496 -0.0336528
-0.380771 -0.158884 -0.0428884
-0.382604 -0.162967 -0.0425827
-0.385097 -0.159708 -0.0421793
-0.384486 -0.166044 -0.0402489
-0.379154 -0.165171 -0.0413843
-0.409834 -0.161411 -0.0349014
-0.373803 -0.159492 -0.0264066
-0.377269 -0.156746 -0.0275763
-0.390683 -0.155022 -0.0347207
-0.394562 -0.155069 -0.0339135
-0.388147 -0.155655 -0.0370696
-0.392571 -0.157052 -0.038931
-0.387204 -0.164332 -0.027982
-0.388514 -0.161235 -0.0268263
-0.383501 -0.157314 -0.0280631
-0.0883689 -0.208829 0.0604085
-0.0879482 -0.211707 0.0618625
-0.0864022 -0.212456 0.0594735
-0.0856723 -0.214339 0.0569393
-0.0852178 -0.215358 0.0531324
-0.0854195 -0.216922 0.0594474
-0.195569 -0.0811155 -0.0662402
0.146676 -0.0454149 -0.0409081
0.147195 -0.137204 0.068386
0.260769 0.356849 0.0446594
0.263027 0.358839 0.0491863
0.261585 0.353467 0.0473916
-0.222574 -0.0480226 -0.0842684
-0.219641 -0.045925 -0.0811615
-0.219451 -0.0438258 -0.0845075
-0.216211 -0.043324 -0.0803866
-0.215901 -0.0405772 -0.0832803
-0.226409 -0.0534351 -0.084178
0.11538 -0.213004 0.0511306
0.113484 -0.21534 0.0578582
0.0845487 -0.0484673 -0.0794367
0.0924913 -0.0521233 -0.082678
0.0867966 -0.0580572 -0.0813495
0.0756824 -0.0316597 0.0682501
-0.0638703 -0.0780423 0.0502576
-0.3988 -0.156355 -0.0365989
-0.39881 -0.158364 -0.0390041
-0.40218 -0.158266 -0.038168
-0.403587 -0.162252 -0.0388604
-0.400887 -0.163095 -0.0394729
0.148022 -0.217551 -0.101743
0.149812 -0.217261 -0.098618
0.15334 -0.215861 -0.0992816
0.151475 -0.215832 -0.0961046
0.14308 -0.220664 -0.0729058
0.138431 -0.22086 -0.0744893
0.160612 -0.213687 -0.0803986
0.160916 -0.214112 -0.0827056
0.159469 -0.211295 -0.0824135
0.158549 -0.214536 -0.0849818
0.159775 -0.216209 -0.0822025
0.156679 -0.214777 -0.0743193
0.158545 -0.214205 -0.0776728
0.157739 -0.20997 -0.0851739
0.160073 -0.216418 -0.0793467
0.154852 -0.213498 -0.0995212
0.149152 -0.215081 -0.106513
-0.259435 -0.0794221 -0.0143215
-0.261856 -0.0801847 -0.00747687
0.137602 -0.0818391 0.073032
-0.26964 -0.0942814 -0.00794881
-0.282029 -0.0949073 -0.000669536
-0.278525 -0.0933516 0.000157687
-0.275165 -0.0933735 -0.000159959
-0.27787 -0.097394 -0.000749805
-0.281572 -0.0997438 -0.00102362
-0.298182 -0.0919393 -0.0106125
-0.293901 -0.0972182 -0.00652537
-0.262198 -0.173122 -0.086548
0.180345 -0.222649 0.0594397
-0.285642 -0.15993 -0.0955183
-0.116925 -0.214314 0.0790721
-0.112402 -0.212578 0.0783863
-0.11058 -0.199071 -0.00227719
-0.202537 -0.132875 -0.101848
-0.289092 -0.115998 -0.00432063
-0.335103 -0.161005 -0.0281312
-0.346384 -0.142406 -0.0350995
0.330732 0.43581 0.0654705
0.325507 0.437094 0.0662368
0.322632 0.437362 0.0699642
0.32758 0.435737 0.0705545
-0.257966 -0.0986115 -0.0855153
0.182481 -0.00587383 0.0462482
0.080657 -0.0472149 -0.0463183
-0.1645 -0.198421 0.0522899
-0.16472 -0.200622 0.0494933
-0.165654 -0.195518 0.048669
-0.164695 -0.195994 0.0447271
-0.159852 -0.0190018 0.0748549
0.151638 -0.219551 -0.0586599
0.14716 -0.221652 -0.0637195
-0.207376 -0.00448142 -0.0616864
-0.13347 -0.217014 0.0692732
-0.33826 -0.143808 -0.0228595
-0.344088 -0.162376 -0.0321855
-0.354624 -0.152161 -0.0254557
-0.351359 -0.148951 -0.0259774
-0.333455 -0.145392 -0.0490904
0.196551 -0.236544 0.0489058
0.195528 -0.234496 0.0457328
0.19656 -0.238974 0.050752
0.196415 -0.239164 0.0480529
0.195638 -0.235441 0.0404926
-0.187926 -0.174927 -0.081715
0.15464 -0.0627698 0.0832812
0.156031 -0.0594018 0.0888256
0.153373 -0.0613269 0.0936659
-0.191294 -0.167815 -0.0897202
-0.192488 -0.163876 -0.09762
-0.285369 -0.124896 -0.0207336
-0.289441 -0.129914 -0.0150273
-0.364455 -0.155516 -0.0267515
-0.363757 -0.151477 -0.0292361
0.143411 -0.11196 0.0782293
0.144642 -0.111759 0.0854332
0.143828 -0.118671 0.0740773
0.390509 0.426244 0.0710419
0.386746 0.426504 0.076659
-0.386766 -0.15703 -0.0403517
-0.38922 -0.160376 -0.0421235
0.393494 0.421837 0.0658773
0.392226 0.423473 0.0687639
0.186567 -0.234932 0.0280182
0.191277 -0.235814 0.0297443
0.190023 -0.240775 0.0325075
0.185913 -0.241494 0.0346137
0.185288 -0.239462 0.0294764
0.180341 -0.241256 0.0346696
-0.0791275 -0.212452 0.0418297
-0.0701732 -0.213791 0.0291903
-0.0706307 -0.216401 0.0299859
-0.0750777 -0.204173 0.0329841
-0.0745491 -0.205441 0.036122
-0.0762757 -0.206716 0.0386772
0.177522 -0.0143404 0.0764229
0.174619 -0.0224819 0.0720943
-0.10714 -0.205519 0.0723072
-0.105542 -0.210238 0.0730206
-0.103554 -0.214232 0.0727162
-0.107849 -0.212684 0.076238
0.175855 0.228982 0.032647
0.236633 0.378199 0.0375756
0.133749 -0.248232 0.0747931
0.383433 0.444968 0.0658268
0.131788 0.171508 0.0304918
0.0888213 -0.219045 -0.0675971
0.134887 -0.1286 0.0994568
0.132357 -0.126759 0.0610108
0.0860799 -0.215896 -0.101181
0.0871939 -0.218206 -0.100498
0.085197 -0.217585 -0.0989315
0.0888444 -0.219247 -0.0993173
0.0898887 -0.21824 -0.102421
0.0856316 -0.211526 -0.101664
0.0877533 -0.213741 -0.103674
0.0871368 -0.219499 -0.09647
0.127973 -0.219048 -0.052194
-0.0895198 -0.205678 0.0590405
-0.266628 -0.0649486 0.00158337
-0.265378 -0.0718948 0.000247837
-0.272782 -0.0650071 0.000904826
0.189305 -0.256632 0.0883003
0.188068 -0.257586 0.0907488
0.189329 -0.257095 0.0923173
0.191236 -0.25608 0.091125
-0.30401 -0.115993 -0.0515691
-0.318615 -0.108566 -0.0278212
-0.318997 -0.108123 -0.0343937
-0.314768 -0.103657 -0.024336
-0.341887 -0.162671 -0.0393835
0.273457 0.400942 0.0548435
0.273988 0.406 0.0581265
0.0661442 -0.0769436 -0.0681202
0.261175 0.350283 0.0506581
0.260937 0.353991 0.0542581
0.277351 0.420743 0.0529318
0.278739 0.421128 0.0575152
0.276289 0.41534 0.0542965
-0.155743 -0.206712 0.0594008
-0.143831 -0.208331 0.0710329
-0.142032 -0.211501 0.0706671
0.142943 -0.197471 -0.0864152
0.139881 -0.196308 -0.0810363
0.117813 -0.138446 0.100513
-0.20632 -0.113573 -0.0735187
-0.0767235 -0.208008 0.0157932
-0.0788386 -0.204663 0.0139334
-0.0770803 -0.214576 0.0198654
-0.07563 -0.210934 0.0168513
-0.0758833 -0.213126 0.017827
-0.0776626 -0.214215 0.0158137
0.342068 0.482796 0.103165
-0.143762 -0.0797158 0.0732446
-0.0675669 -0.092648 0.0585782
-0.0559263 -0.0354006 0.042078
-0.0551074 -0.0304498 0.04277
-0.245322 -0.172685 -0.0707284
-0.245084 -0.174976 -0.0761399
0.117733 -0.221072 -0.0546173
0.118562 -0.223377 -0.0572777
-0.29446 -0.025044 -0.0273384
-0.292905 -0.0197816 -0.0301469
-0.295431 -0.0320882 -0.0255153
-0.320094 -0.151506 -0.0454909
-0.194463 -0.171537 -0.120401
-0.19797 -0.172251 -0.118851
-0.18437 -0.16699 -0.10917
-0.185435 -0.168862 -0.108225
-0.217531 -0.171821 -0.156585
-0.187789 -0.170185 -0.106995
-0.187019 -0.168594 -0.105954
-0.348251 -0.14404 -0.0305286
-0.348462 -0.146242 -0.0267305
-0.347449 -0.149241 -0.024494
-0.211666 -0.175231 -0.0716532
-0.212169 -0.173737 -0.0679047
-0.211006 -0.172102 -0.0660502
-0.411762 -0.161256 -0.0284081
-0.412566 -0.161504 -0.0304323
-0.412375 -0.15939 -0.0283304
-0.413674 -0.160258 -0.0308815
-0.233447 -0.172993 -0.149631
-0.236157 -0.172071 -0.151782
-0.235947 -0.169903 -0.15395
-0.212764 -0.160775 -0.146584
0.082372 -0.218652 -0.0915322
0.0849074 -0.219293 -0.094052
0.0851229 -0.219561 -0.0902033
0.0802093 -0.216756 -0.0898826
0.0814538 -0.216738 -0.0938452
0.0832851 -0.216995 -0.0969969
0.153081 -0.215238 -0.0655071
0.155071 -0.214915 -0.0700097
0.156326 -0.217384 -0.0716357
0.154478 -0.218702 -0.0685284
0.154525 -0.218924 -0.0722671
0.110396 -0.194677 0.0531586
0.105527 -0.180211 0.0563103
-0.254808 0.0548459 0.0116197
-0.20452 -0.0150757 -0.0669641
-0.202933 -0.0123351 -0.0617161
-0.174866 0.00197681 0.0309493
0.11073 -0.217143 -0.11738
0.107521 -0.216296 -0.117624
0.109847 -0.215342 -0.119576
0.107526 -0.212337 -0.119388
0.104761 -0.213194 -0.118016
-0.0995505 -0.178229 0.0209852
0.189012 -0.243939 0.0491211
0.184148 -0.244452 0.0480718
0.196726 -0.241822 0.0658591
0.195907 -0.244474 0.0640602
0.195951 -0.241744 0.0622905
0.192797 -0.246409 0.0619255
0.191822 -0.24526 0.0583599
0.193107 -0.242686 0.0484156
0.192147 -0.243532 0.0518906
0.193594 -0.242448 0.0454123
0.19547 -0.241285 0.0470366
0.196467 -0.239859 0.0451418
0.193967 -0.24252 0.042353
0.195828 -0.252937 0.0807589
0.196135 -0.252277 0.0829368
0.198136 -0.250323 0.0807879
0.19671 -0.252184 0.0779543
0.198936 -0.25145 0.0795915
0.199268 -0.248375 0.0702998
0.275589 0.410603 0.0559911
0.0782788 -0.0446473 -0.0757338
0.0739492 -0.0488537 -0.072999
0.15268 -0.219744 -0.0659438
-0.131353 -0.206033 0.00691599
-0.135094 -0.203854 0.0065091
0.387015 0.426748 0.0545313
0.176882 -0.25661 0.0872521
-0.0782753 -0.204938 0.00939239
0.168423 -0.232924 0.0283321
0.171465 -0.236763 0.0282177
0.188552 -0.250034 0.0916554
0.191988 -0.25314 0.0897241
-0.337759 -0.162884 -0.0317232
0.177095 -0.237608 0.0281553
0.175043 -0.23935 0.0305848
-0.199269 -0.153417 -0.118688
-0.195186 -0.160578 -0.0903114
-0.312685 -0.145112 -0.014438
-0.292822 -0.132271 -0.0107222
0.177395 -0.256621 0.0938176
0.177002 -0.257067 0.0910089
0.102459 -0.218432 -0.10668
0.154185 -0.209888 -0.0994461
0.153477 -0.209555 -0.1025
0.153974 -0.210882 -0.0966642
0.138018 -0.1973 -0.0758789
-0.138901 -0.200945 0.00747064
-0.200665 -0.173491 -0.0678669
-0.201966 -0.175957 -0.0685833
0.0649394 -0.0773443 -0.0627913
-0.0933346 -0.210374 -0.00196266
0.36725 0.424023 0.0836814
0.37054 0.425839 0.0858835
-0.379071 -0.153974 -0.0304164
0.104747 -0.215548 -0.117231
0.141201 -0.217714 -0.0549542
0.141637 -0.221 -0.0547415
0.145262 -0.216898 -0.0570226
0.119917 -0.207892 -0.0545371
0.0938274 -0.133906 0.0652099
0.262972 0.35911 0.0531838
0.0698389 -0.0520579 -0.0689701
-0.404963 -0.160173 -0.0384582
0.154047 -0.217062 -0.0646017
0.147588 -0.216879 -0.104528
0.15244 -0.254828 0.0878566
0.15648 -0.235983 0.0914138
-0.0604637 -0.0551342 0.0466742
-0.113198 -0.20329 -0.00151158
0.332034 0.434647 0.0703759
0.335499 0.434119 0.0692465
0.33423 0.43488 0.0663542
0.330756 0.434847 0.0679861
-0.129762 -0.036194 0.0931069
-0.363348 -0.161298 -0.0442951
0.125947 -0.174279 -0.0726824
0.146314 -0.0795718 0.08453
0.142617 -0.0824205 0.0776744
-0.13875 -0.213473 0.0720136
-0.135833 -0.216048 0.071766
-0.137834 -0.215521 0.0687325
-0.140948 -0.213818 0.0693369
-0.0944824 -0.178412 0.041633
-0.192534 -0.165521 -0.0937102
-0.19238 -0.166882 -0.0966801
-0.192006 -0.168651 -0.0991978
-0.0744028 -0.212666 0.00645564
-0.0750659 -0.211241 0.00494883
-0.075543 -0.213872 0.00561353
-0.0761093 -0.212196 0.00376667
0.150201 -0.137477 0.0829177
0.150308 -0.13707 0.0754234
0.149085 -0.130791 0.079905
0.150615 -0.143466 0.0713278
-0.374445 -0.165782 -0.0405211
0.388182 0.418001 0.0603759
0.39129 0.419032 0.0621226
-0.057295 -0.0404054 0.0411999
-0.394999 -0.1649 -0.0400182
-0.398268 -0.163948 -0.0398671
-0.396027 -0.158909 -0.0400316
-0.393078 -0.159875 -0.0414768
-0.387008 -0.167597 -0.0372587
-0.390305 -0.165792 -0.0401263
-0.0855429 -0.128163 0.0380596
0.373478 0.439767 0.047564
0.372294 0.433696 0.0481014
0.372534 0.428496 0.0502577
0.148284 0.184022 0.0304451
-0.297156 -0.0387235 -0.0247771
0.0847836 -0.218713 -0.0967221
-0.106214 -0.189549 0.0609038
-0.144313 -0.066475 0.0772636
-0.164492 -0.199505 0.0451632
0.15653 -0.232166 0.0297765
0.394822 0.422995 0.0631321
0.394399 0.423078 0.0605651
0.393155 0.420907 0.0607709
0.393584 0.420718 0.063258
-0.0845704 -0.109208 0.0393299
0.374425 0.427695 0.086683
-0.191858 -0.164785 -0.125382
-0.194496 -0.161274 -0.127849
-0.195501 -0.167118 -0.138083
-0.206251 -0.170592 -0.139237
-0.194524 -0.156012 -0.1126
-0.191994 -0.170395 -0.101443
0.0823566 -0.0667479 -0.0810988
-0.410243 -0.159368 -0.0354324
-0.413342 -0.158846 -0.0301082
-0.0863574 -0.220248 0.0521875
-0.0996381 -0.219964 0.0597211
0.0963773 -0.214082 -0.111055
0.0783813 -0.21362 -0.0892315
-0.214454 -0.00356862 0.0152705
-0.232012 -0.0250122 -0.0512407
-0.238894 -0.0276107 -0.0520824
-0.201988 -0.132241 -0.107035
0.108688 -0.199403 0.0692249
-0.205785 -0.00859726 -0.0585371
0.113114 -0.217684 -0.115223
-0.192154 -0.164805 -0.0896628
-0.0883419 -0.00706111 0.0975448
0.195286 -0.241702 0.0526813
0.192776 -0.24385 0.0551853
0.196864 -0.238801 0.0414757
0.196317 -0.241323 0.041844
0.195126 -0.242155 0.0386642
0.196177 -0.237628 0.0363028
0.083618 -0.208186 -0.0995898
-0.121932 -0.220269 0.0761157
-0.119294 -0.220044 0.0767403
-0.121077 -0.220943 0.0739587
-0.118129 -0.221156 0.0748702
0.115811 -0.13715 0.054524
-0.340553 -0.16374 -0.0357015
-0.36202 -0.149078 -0.0410271
-0.289914 -0.0158921 -0.0349524
-0.28586 -0.120917 -0.0432848
0.147168 -0.124507 0.0766831
-0.378322 -0.155146 -0.0420353
0.1961 -0.240371 0.034658
0.19476 -0.237526 0.031843
0.193824 -0.24148 0.0343766
0.192717 -0.239148 0.0301524
-0.0778113 -0.205915 0.00608138
-0.0792811 -0.20816 0.0416835
0.1573 -0.21237 -0.0874547
-0.392015 -0.162903 -0.0417779
-0.39871 -0.161074 -0.0403798
0.153469 -0.213147 -0.0946226
-0.264993 -0.0790132 -0.00184331
-0.266842 -0.0871175 -0.00516292
-0.271351 -0.0914197 -0.00188125
0.390536 0.428697 0.056156
-0.0777123 -0.117556 0.0527973
-0.084365 -0.218849 0.0528399
-0.0862135 -0.221065 0.0565551
-0.0864681 -0.219197 0.0604318
-0.0859103 -0.220727 0.0589915
-0.0877792 -0.222262 0.0586103
-0.0882159 -0.221685 0.0603813
0.0904681 -0.216107 -0.10537
0.0985362 -0.216934 -0.109555
0.194901 -0.242962 0.0585946
-0.239497 -0.0321961 -0.0519767
0.154241 -0.218649 -0.0654047
0.382946 0.423254 0.07858
-0.297357 -0.0367627 -0.0302057
0.191932 -0.255496 0.088721
0.184284 -0.237012 0.026924
0.182023 -0.234565 0.0271136
0.181059 -0.237922 0.0277185
0.178835 -0.235661 0.0268505
-0.186715 -0.173862 -0.0818458
-0.187162 -0.174389 -0.0801125
-0.187066 -0.172897 -0.0806359
3 2547 2549 1
3 3955 2547 1
3 6161 1 2549
3 3955 1 9220
3 6161 8245 1
3 8245 9218 1
3 9220 1 9218
3 2548 2547 2
3 2780 2 2547
3 2548 2 4542
3 2779 2 2780
3 2779 4543 2
3 2 4543 4542
3 2548 3 2549
3 2548 6910 3
3 3 6160 2549
3 2879 2881 3
3 9535 2879 3
3 3 2881 6160
3 9535 3 6910
3 2550 2552 4
3 2550 4 3833
3 2552 4634 4
3 4 3831 3833
3 4 7508 3831
3 4 4634 7508
3 2551 2550 5
3 7556 5 2550
3 2551 5 4587
3 4587 5 4588
3 7552 4588 5
3 7556 7552 5
3 2551 6 2552
3 2551 7476 6
3 2552 6 3852
3 2799 2798 6
3 6 2798 3852
3 2799 6 4879
3 4879 6 4880
3 7476 4880 6
3 2555 7 2553
3 2553 7 7685
3 2555 3208 7
3 5834 7 3208
3 5834 5833 7
3 5833 7685 7
3 2554 2553 8
3 2553 8806 8
3 2554 8 3082
3 8 3083 3082
3 8 7228 3083
3 8806 7228 8
3 2555 2554 9
3 2554 4937 9
3 2555 9 3207
3 3207 9 6808
3 9 4937 6808
3 2556 2558 10
3 2556 10 4681
3 2558 4775 10
3 4681 10 6784
3 4775 6784 10
3 2556 11 2557
3 11 2556 4680
3 8030 2557 11
3 11 4680 6091
3 8033 11 6091
3 8031 8030 11
3 8033 8031 11
3 2558 2557 12
3 7014 12 2557
3 2558 12 4774
3 12 4276 4275
3 12 4275 4774
3 7014 4276 12
3 2561 13 2559
3 3339 2559 13
3 7039 13 2561
3 3339 13 3713
3 13 6735 3713
3 6736 6735 13
3 7039 6736 13
3 2560 2559 14
3 3340 14 2559
3 7957 2560 14
3 2687 2686 14
3 2686 7958 14
3 3340 2687 14
3 7957 14 7958
3 2561 2560 15
3 9114 15 2560
3 2561 15 3641
3 3641 15 3642
3 5968 3642 15
3 5968 15 9114
3 16 2562 2564
3 16 3278 2562
3 16 2564 4373
3 16 3277 3278
3 16 6786 3277
3 4372 16 4373
3 4372 6786 16
3 17 2563 2562
3 17 2562 6793
3 17 3076 2563
3 17 3056 3055
3 17 3055 3076
3 17 6794 3056
3 17 6793 6794
3 18 2564 2563
3 18 2563 3952
3 18 6284 2564
3 18 3952 3951
3 18 3951 5564
3 18 5564 6284
3 19 2565 2567
3 8422 2565 19
3 19 2567 6565
3 19 6565 6564
3 8423 19 6564
3 8422 19 8423
3 2566 2565 20
3 9474 20 2565
3 2583 2566 20
3 2583 20 4133
3 7302 4133 20
3 7458 7302 20
3 9474 7458 20
3 21 2567 2566
3 21 2566 2584
3 21 7474 2567
3 21 2584 6143
3 21 6143 7474
3 2570 22 2568
3 22 6853 2568
3 2570 7553 22
3 22 3730 3732
3 22 7553 3730
3 22 3732 4316
3 22 4316 6853
3 2568 23 2569
3 5867 23 2568
3 23 6243 2569
3 5867 5866 23
3 23 5866 6701
3 23 7390 6243
3 23 6701 7390
3 2570 2569 24
3 24 2569 6242
3 2570 24 2975
3 24 2976 2975
3 24 3619 2976
3 7720 3619 24
3 7720 24 6242
3 25 2571 2573
3 25 4547 2571
3 25 2573 2700
3 25 2700 2702
3 25 2702 9207
3 25 4545 4547
3 25 9207 4545
3 26 2572 2571
3 26 2571 3331
3 26 4147 2572
3 26 3331 3330
3 26 3330 3366
3 26 3366 4147
3 27 2573 2572
3 27 2572 4146
3 27 4400 2573
3 27 4146 6852
3 27 4741 4400
3 27 6852 4741
3 2576 28 2574
3 2574 28 7040
3 2576 6191 28
3 6191 9351 28
3 28 9351 7040
3 2575 2574 29
3 2574 7037 29
3 2575 29 5974
3 4173 4175 29
3 4173 29 4737
3 29 4175 5974
3 29 6227 4737
3 29 7037 6227
3 2576 2575 30
3 2575 5836 30
3 2576 30 4759
3 30 4760 4759
3 30 4835 4760
3 30 5836 4835
3 31 2577 2579
3 9414 2577 31
3 4006 31 2579
3 4006 4843 31
3 31 4843 6829
3 7113 31 6829
3 7113 9414 31
3 32 2578 2577
3 32 2577 6595
3 32 2681 2578
3 32 2689 2681
3 32 2690 2689
3 32 6595 2690
3 33 2579 2578
3 33 2578 2680
3 33 4005 2579
3 33 2680 4005
3 2580 2582 34
3 4566 2580 34
3 2582 3133 34
3 34 3133 3135
3 4564 34 3135
3 4564 4566 34
3 2580 35 2581
3 7357 35 2580
3 2581 35 5366
3 4158 4157 35
3 35 4157 5366
3 7357 4158 35
3 2581 36 2582
3 2581 5699 36
3 6315 2582 36
3 5699 7558 36
3 36 10124 6315
3 8823 36 7558
3 10124 36 8823
3 37 2584 2583
3 37 2583 4132
3 37 5200 2584
3 9021 37 4132
3 37 5201 5200
3 9021 5201 37
3 38 2585 2587
3 38 5183 2585
3 38 2587 5532
3 38 2994 2996
3 38 5532 2994
3 38 2996 5183
3 39 2586 2585
3 39 2585 4057
3 39 3756 2586
3 39 4814 3756
3 39 4057 4056
3 39 4056 4814
3 40 2587 2586
3 40 2586 3757
3 40 6020 2587
3 40 3757 7100
3 40 7099 6020
3 40 7100 7099
3 2590 41 2588
3 2588 41 5239
3 2590 9172 41
3 5239 41 7197
3 41 7195 7197
3 9172 7195 41
3 2589 2588 42
3 2588 3874 42
3 2589 42 4350
3 3874 3876 42
3 3876 4350 42
3 2589 43 2590
3 2589 7594 43
3 2590 43 5398
3 5208 43 5209
3 5398 43 5208
3 43 7594 5209
3 44 2591 2593
3 44 3625 2591
3 4457 44 2593
3 44 3623 3625
3 8909 3623 44
3 7871 44 4457
3 7871 8909 44
3 2591 45 2592
3 2591 4125 45
3 2592 45 2642
3 3542 2642 45
3 3542 45 7492
3 7493 45 4125
3 7492 45 7493
3 2592 46 2593
3 2592 2643 46
3 2640 2593 46
3 2640 46 2641
3 2641 46 2643
3 2596 47 2594
3 5936 2594 47
3 2596 7501 47
3 47 9165 5936
3 6525 47 6523
3 6523 47 7501
3 9165 47 6525
3 2595 2594 48
3 2594 5550 48
3 2595 48 6713
3 5550 5549 48
3 48 5549 6713
3 2595 49 2596
3 2595 6809 49
3 2596 49 5329
3 49 2667 2666
3 5329 49 2666
3 49 6809 2667
3 2597 2599 50
3 2597 50 6112
3 2599 3039 50
3 3039 7320 50
3 4834 4833 50
3 4833 6112 50
3 4834 50 7320
3 51 2598 2597
3 51 2597 6111
3 51 3032 2598
3 51 3033 3032
3 51 6111 3033
3 52 2599 2598
3 5973 52 2598
3 52 3038 2599
3 52 4050 3038
3 52 4051 4050
3 52 5351 4051
3 5973 5351 52
3 53 2600 2602
3 53 7527 2600
3 53 2602 9937
3 53 9070 7527
3 53 7591 7593
3 53 9937 7591
3 53 7593 8295
3 53 8295 9070
3 54 2601 2600
3 54 2600 6733
3 54 2867 2601
3 54 6732 2867
3 54 6733 6732
3 2602 2601 55
3 55 2601 2866
3 2602 55 8949
3 55 2866 8950
3 8949 55 8950
3 2603 2605 56
3 2603 56 2733
3 2605 3094 56
3 56 5253 2733
3 6248 56 3094
3 6248 5253 56
3 2603 57 2604
3 2603 2734 57
3 3410 2604 57
3 3435 57 2734
3 3410 57 3435
3 58 2605 2604
3 58 2604 3409
3 3093 2605 58
3 3093 58 6940
3 3304 3303 58
3 6940 58 3303
3 3304 58 3409
3 59 2606 2608
3 3673 2606 59
3 59 2608 5455
3 3673 59 4509
3 59 4510 4509
3 59 5455 4510
3 60 2607 2606
3 3674 60 2606
3 3265 2607 60
3 3265 60 3266
3 3674 3266 60
3 61 2608 2607
3 61 2607 3290
3 61 5456 2608
3 61 3290 5707
3 61 6939 5456
3 61 5707 6939
3 62 2609 2611
3 3027 2609 62
3 62 2611 7585
3 4017 3027 62
3 4017 62 4018
3 4018 62 7720
3 7720 62 7585
3 2609 63 2610
3 2609 3028 63
3 63 7314 2610
3 3877 63 3028
3 3879 63 3877
3 3879 7525 63
3 63 7525 7314
3 64 2611 2610
3 64 2610 3246
3 64 2878 2611
3 64 2876 2878
3 64 3246 2876
3 65 2612 2614
3 7257 2612 65
3 4738 65 2614
3 65 3144 3143
3 7257 65 3143
3 4738 3144 65
3 66 2613 2612
3 5883 66 2612
3 66 9493 2613
3 5883 5882 66
3 5882 6982 66
3 66 6982 9493
3 67 2614 2613
3 3750 67 2613
3 3749 2614 67
3 3749 67 3750
3 68 2615 2617
3 6377 2615 68
3 68 2617 5287
3 3215 68 3216
3 7678 68 3215
3 68 5287 3216
3 7678 6377 68
3 69 2616 2615
3 6378 69 2615
3 69 6509 2616
3 69 3788 3787
3 69 3787 6509
3 6378 3788 69
3 2617 2616 70
3 7693 70 2616
3 70 6983 2617
3 70 7692 6983
3 7693 7692 70
3 71 2618 2620
3 71 6264 2618
3 71 2620 3582
3 71 3582 3584
3 71 3584 6264
3 72 2619 2618
3 72 2618 4562
3 72 4979 2619
3 72 4562 4561
3 72 4561 8655
3 72 6836 4979
3 72 8655 6836
3 73 2620 2619
3 4980 73 2619
3 73 2853 2620
3 73 2851 2853
3 73 4377 2851
3 4980 4377 73
3 74 2621 2623
3 3650 2621 74
3 2930 74 2623
3 2723 74 2721
3 2812 2721 74
3 3650 74 2723
3 2812 74 2930
3 75 2622 2621
3 75 2621 9605
3 8219 2622 75
3 8216 8215 75
3 8219 75 8215
3 8216 75 9605
3 76 2623 2622
3 76 2622 3251
3 2929 2623 76
3 2929 76 4993
3 76 3251 3250
3 76 3250 4993
3 2626 77 2624
3 2624 77 5609
3 6828 77 2626
3 3476 3475 77
3 3475 4799 77
3 3476 77 6828
3 4799 5609 77
3 2625 2624 78
3 6999 78 2624
3 7108 2625 78
3 6881 78 6882
3 6881 7108 78
3 6999 6882 78
3 79 2626 2625
3 7107 79 2625
3 7104 2626 79
3 6292 6291 79
3 7104 79 6291
3 7303 6292 79
3 7107 7304 79
3 7303 79 7304
3 80 2627 2629
3 80 4431 2627
3 3239 80 2629
3 3239 3561 80
3 80 3561 3563
3 80 3563 5627
3 80 6520 4431
3 80 5627 6520
3 81 2628 2627
3 4202 81 2627
3 81 6417 2628
3 4201 81 4202
3 4201 4280 81
3 81 4280 6417
3 2628 82 2629
3 2628 5819 82
3 3238 2629 82
3 3238 82 5725
3 5725 82 5724
3 5819 5724 82
3 2632 83 2630
3 3155 2630 83
3 2632 5557 83
3 3155 83 4118
3 83 4117 4118
3 83 5557 4117
3 2631 2630 84
3 84 2630 3156
3 2631 84 3762
3 84 3156 4386
3 84 4385 3762
3 84 4386 4385
3 2631 85 2632
3 2631 3761 85
3 6030 2632 85
3 5646 85 3761
3 5646 6030 85
3 86 2633 2635
3 5575 2633 86
3 86 2635 7162
3 5575 86 5573
3 5573 86 7162
3 2633 87 2634
3 2633 6470 87
3 3985 2634 87
3 3985 87 3986
3 3986 87 4170
3 6470 4170 87
3 88 2635 2634
3 2856 88 2634
3 88 7161 2635
3 2856 2855 88
3 88 2855 7547
3 88 7547 7161
3 89 2636 2638
3 89 5143 2636
3 3814 89 2638
3 3816 89 3814
3 5141 89 3816
3 5141 5143 89
3 90 2637 2636
3 5516 90 2636
3 3797 2637 90
3 90 3618 3617
3 90 3617 7421
3 5516 3618 90
3 3798 3797 90
3 3798 90 7421
3 91 2638 2637
3 6135 91 2637
3 91 3995 2638
3 91 3993 3995
3 6135 3993 91
3 2639 2641 92
3 2639 92 7425
3 2641 7535 92
3 7530 7425 92
3 7530 92 7531
3 92 7535 7531
3 2640 2639 93
3 93 2639 3181
3 2640 93 4457
3 3180 93 3181
3 7874 93 3180
3 7870 4457 93
3 7872 7870 93
3 7874 7872 93
3 94 2643 2642
3 94 2642 3541
3 94 7535 2643
3 3451 94 3452
3 3451 7535 94
3 3452 94 7561
3 94 3541 7561
3 2644 2646 95
3 4541 2644 95
3 2646 4522 95
3 4524 95 4522
3 4541 95 4524
3 2644 96 2645
3 2644 3581 96
3 2645 96 2957
3 2958 2957 96
3 2958 96 3581
3 2645 97 2646
3 2645 3710 97
3 2646 97 3549
3 3549 97 3550
3 97 3709 3550
3 97 3710 3709
3 2649 98 2647
3 2647 98 7141
3 2649 4283 98
3 98 4283 4543
3 5975 98 4543
3 7141 98 5975
3 99 2648 2647
3 99 2647 8223
3 99 3839 2648
3 99 3840 3839
3 4284 3840 99
3 4284 99 4285
3 4285 99 8223
3 100 2649 2648
3 6531 100 2648
3 4282 2649 100
3 3419 3418 100
3 3418 4282 100
3 3419 100 6531
3 2652 101 2650
3 2650 101 5888
3 2652 4088 101
3 4088 6565 101
3 5888 101 8470
3 7474 101 6565
3 7474 8470 101
3 2651 2650 102
3 2650 5887 102
3 2651 102 4453
3 4453 102 4653
3 5887 4653 102
3 2652 2651 103
3 2651 4452 103
3 2652 103 2904
3 2905 2904 103
3 2905 103 4452
3 104 2653 2655
3 104 6948 2653
3 3610 104 2655
3 104 3555 3557
3 3612 3555 104
3 104 3557 6948
3 3612 104 3610
3 105 2654 2653
3 105 2653 3552
3 105 5309 2654
3 105 3552 3554
3 105 3554 5309
3 2654 106 2655
3 2654 5310 106
3 2655 106 3537
3 3538 3537 106
3 3538 106 6953
3 5310 6952 106
3 106 6952 6953
3 2658 107 2656
3 7371 2656 107
3 8738 107 2658
3 4055 4057 107
3 4055 107 8738
3 5183 107 4057
3 5183 6123 107
3 7371 107 6123
3 2657 2656 108
3 8150 108 2656
3 8151 2657 108
3 8151 108 8150
3 2658 2657 109
3 2657 9189 109
3 2658 109 8740
3 7487 7486 109
3 109 7486 9877
3 7487 109 9189
3 109 9877 8740
3 110 2659 2661
3 110 4166 2659
3 110 2661 3926
3 6814 110 3926
3 110 6812 4166
3 6814 6812 110
3 111 2660 2659
3 111 2659 3667
3 111 3334 2660
3 111 3335 3334
3 111 6783 3335
3 111 3667 3666
3 111 3666 6783
3 112 2661 2660
3 112 2660 4632
3 112 3927 2661
3 112 2973 2972
3 112 2972 3927
3 112 4632 2973
3 2662 2664 113
3 2662 113 6754
3 5643 113 2664
3 5643 6301 113
3 6300 113 6301
3 6300 6754 113
3 114 2663 2662
3 114 2662 6753
3 114 2829 2663
3 114 5731 2829
3 114 8412 5731
3 114 6753 8412
3 2663 115 2664
3 2828 115 2663
3 5260 2664 115
3 5128 115 2828
3 5260 115 5128
3 2667 116 2665
3 2665 116 6280
3 6553 116 2667
3 6280 116 9141
3 116 6294 6296
3 6555 6294 116
3 116 6296 9141
3 6553 6555 116
3 117 2666 2665
3 117 2665 3834
3 4007 2666 117
3 2812 117 2813
3 4007 117 2812
3 117 3834 2813
3 2670 118 2668
3 118 3762 2668
3 5387 118 2670
3 118 3761 3762
3 4124 3761 118
3 4124 118 4122
3 5387 4122 118
3 119 2669 2668
3 119 2668 4385
3 119 3400 2669
3 119 3401 3400
3 119 5773 3401
3 4384 119 4385
3 4384 5773 119
3 120 2670 2669
3 120 2669 6549
3 5386 2670 120
3 5386 120 6587
3 8557 120 6549
3 8557 6587 120
3 121 2671 2673
3 121 6152 2671
3 121 2673 4703
3 121 4703 7421
3 121 6150 6152
3 121 7421 6150
3 122 2672 2671
3 122 2671 6193
3 122 5441 2672
3 122 5442 5441
3 122 6192 5442
3 122 6193 6192
3 123 2673 2672
3 123 2672 9536
3 123 4039 2673
3 123 4040 4039
3 123 7245 4040
3 123 9975 7245
3 123 9536 9537
3 123 9537 9975
3 124 2674 2676
3 5776 2674 124
3 6695 124 2676
3 124 5690 5691
3 6695 5690 124
3 124 5691 6988
3 5776 124 6988
3 2675 2674 125
3 5777 125 2674
3 5418 2675 125
3 125 3930 3929
3 5418 125 3929
3 6437 3930 125
3 5777 6437 125
3 2676 2675 126
3 2675 3196 126
3 4025 2676 126
3 3196 3195 126
3 4025 126 3195
3 127 2677 2679
3 127 7994 2677
3 127 2679 7986
3 7993 127 7986
3 7993 9574 127
3 127 9574 7994
3 2678 2677 128
3 128 2677 7995
3 2986 2678 128
3 2986 128 3989
3 3990 3989 128
3 3990 128 7996
3 7996 128 7995
3 129 2679 2678
3 129 2678 2987
3 129 7985 2679
3 129 2987 8867
3 129 8096 7985
3 129 8094 8096
3 129 8867 8094
3 130 2680 2681
3 130 9203 2680
3 3151 130 2681
3 3151 8583 130
3 8583 9203 130
3 2682 2684 131
3 2682 131 5089
3 2684 5835 131
3 5974 5089 131
3 5836 131 5835
3 5836 5974 131
3 132 2683 2682
3 132 2682 4538
3 7872 2683 132
3 4537 132 4538
3 7872 132 4537
3 133 2684 2683
3 133 2683 7874
3 133 3374 2684
3 133 3375 3374
3 133 7873 3375
3 133 7874 7873
3 134 2685 2687
3 134 6121 2685
3 134 2687 4970
3 134 4970 4972
3 134 4972 7351
3 134 7351 6121
3 135 2686 2685
3 6122 135 2685
3 135 4212 2686
3 135 4213 4212
3 135 5055 4213
3 6122 5055 135
3 2690 136 2688
3 2688 136 3911
3 2690 6594 136
3 3911 136 3909
3 3909 136 5853
3 6594 5853 136
3 137 2689 2688
3 3568 137 2688
3 137 3151 2689
3 137 8582 3151
3 3568 3567 137
3 3567 5820 137
3 137 5820 8582
3 2693 138 2691
3 2691 138 9414
3 2693 4265 138
3 4265 5107 138
3 6594 138 5107
3 6594 6595 138
3 138 6595 9414
3 2691 139 2692
3 2691 7113 139
3 2692 139 3713
3 139 3714 3713
3 7113 3714 139
3 2693 2692 140
3 140 2692 6735
3 2693 140 4264
3 3890 140 3891
3 3890 4264 140
3 3891 140 5943
3 5943 140 6735
3 2696 141 2694
3 6051 2694 141
3 3626 141 2696
3 3627 141 3626
3 3627 4410 141
3 6051 141 4410
3 2695 2694 142
3 5923 142 2694
3 2695 142 5545
3 5545 142 9760
3 5924 142 5923
3 5924 6053 142
3 142 6053 7354
3 142 7354 9760
3 2696 2695 143
3 2695 5544 143
3 2696 143 6758
3 6146 143 5544
3 6145 143 6146
3 6145 6758 143
3 144 2697 2699
3 144 9236 2697
3 144 2699 4073
3 5808 144 4073
3 5808 7368 144
3 144 7368 9236
3 2698 2697 145
3 2697 7369 145
3 2698 145 3243
3 145 6517 3243
3 145 7369 6517
3 2699 2698 146
3 2698 3244 146
3 2699 146 4072
3 9672 146 3244
3 146 9917 4072
3 9672 9917 146
3 147 2701 2700
3 147 2700 4400
3 147 5563 2701
3 147 2752 2751
3 147 2751 4631
3 147 4400 2752
3 147 4631 5563
3 148 2702 2701
3 148 2701 5562
3 3884 2702 148
3 3884 148 3885
3 3885 148 5562
3 2705 149 2703
3 2703 149 9006
3 2705 2935 149
3 2935 5374 149
3 149 5374 5375
3 9006 149 5375
3 2704 2703 150
3 8653 150 2703
3 2704 150 6082
3 5027 150 5028
3 6611 150 5027
3 5028 150 8651
3 6611 6082 150
3 8653 8651 150
3 2705 2704 151
3 5571 151 2704
3 2705 151 2934
3 5845 2934 151
3 5571 5570 151
3 5570 5845 151
3 152 2706 2708
3 152 5679 2706
3 152 2708 5171
3 152 2942 2944
3 152 5171 2942
3 152 2944 5679
3 2707 2706 153
3 4504 153 2706
3 2707 153 8639
3 4504 4503 153
3 4503 8639 153
3 2708 2707 154
3 2707 6440 154
3 5534 2708 154
3 6924 5534 154
3 6439 154 6440
3 6439 6924 154
3 155 2709 2711
3 155 8028 2709
3 155 2711 3784
3 155 3784 4936
3 9227 155 4936
3 9227 8028 155
3 156 2710 2709
3 156 2709 8029
3 156 6325 2710
3 156 6326 6325
3 156 6618 6326
3 156 8029 6618
3 2710 157 2711
3 2710 5010 157
3 157 3783 2711
3 157 4176 3783
3 157 4177 4176
3 157 5010 4177
3 2714 158 2712
3 2712 158 5234
3 2714 4297 158
3 4299 158 4297
3 4299 5233 158
3 5233 5234 158
3 2713 2712 159
3 7290 159 2712
3 2713 159 3937
3 5219 3937 159
3 5219 159 6063
3 9668 6063 159
3 7290 7289 159
3 7289 9668 159
3 2714 2713 160
3 2713 3936 160
3 7613 2714 160
3 2831 160 2832
3 7615 160 2831
3 3936 2832 160
3 7615 7613 160
3 2715 2717 161
3 2715 161 4893
3 161 2717 7940
3 4637 161 4635
3 161 7942 4635
3 4893 161 4637
3 161 7940 7939
3 161 7939 7942
3 2715 162 2716
3 2715 4894 162
3 162 2754 2716
3 5021 2754 162
3 4894 5021 162
3 2717 2716 163
3 163 2716 2753
3 7265 2717 163
3 6503 163 2753
3 7265 163 6503
3 2718 2720 164
3 2718 164 4250
3 2720 6492 164
3 164 3327 3329
3 164 6492 3327
3 164 3329 4250
3 2718 165 2719
3 2718 4251 165
3 4321 2719 165
3 9807 165 4251
3 4321 165 7355
3 10119 7355 165
3 9807 10119 165
3 2719 166 2720
3 4320 166 2719
3 2720 166 6493
3 4320 6956 166
3 6956 6493 166
3 167 2722 2721
3 167 2721 2813
3 167 5487 2722
3 3835 167 2813
3 3835 6107 167
3 167 6109 5487
3 167 6107 6109
3 168 2723 2722
3 168 2722 5486
3 3649 2723 168
3 3649 168 6638
3 6636 168 5486
3 6638 168 6636
3 169 2724 2726
3 169 5709 2724
3 169 2726 3932
3 169 3932 4109
3 169 4109 4111
3 169 4111 5709
3 170 2725 2724
3 170 2724 2932
3 170 4888 2725
3 170 2932 2931
3 170 2931 4888
3 2725 171 2726
3 171 2725 4889
3 171 3933 2726
3 3933 171 7880
3 4889 7883 171
3 7880 171 7883
3 172 2727 2729
3 172 4424 2727
3 4873 172 2729
3 172 4251 4250
3 172 4250 4424
3 4873 4251 172
3 2727 173 2728
3 2727 4423 173
3 8348 2728 173
3 173 4423 6935
3 8349 173 6935
3 8349 8348 173
3 174 2729 2728
3 174 2728 8319
3 4872 2729 174
3 4872 174 8318
3 8318 174 8319
3 175 2730 2732
3 175 4996 2730
3 175 2732 8044
3 175 4994 4996
3 175 6337 4994
3 175 8045 6337
3 175 8044 8045
3 176 2731 2730
3 176 2730 6837
3 176 4913 2731
3 176 3615 3614
3 176 3614 4913
3 176 6837 3615
3 177 2732 2731
3 177 2731 4912
3 177 4344 2732
3 177 4345 4344
3 4912 4345 177
3 178 2734 2733
3 5254 178 2733
3 3434 2734 178
3 3434 178 4172
3 4181 4172 178
3 4181 178 4179
3 4210 4179 178
3 4210 178 5254
3 179 2735 2737
3 179 3041 2735
3 179 2737 4911
3 179 4691 3041
3 179 4689 4691
3 179 4911 4689
3 180 2736 2735
3 180 2735 3040
3 180 3779 2736
3 180 3040 3601
3 180 3601 3779
3 181 2737 2736
3 181 2736 3008
3 181 6785 2737
3 181 3008 3007
3 181 3007 3277
3 181 3277 6785
3 182 2738 2740
3 4307 2738 182
3 182 2740 5821
3 3890 3892 182
3 3890 182 6328
3 4307 182 3892
3 182 5821 6328
3 183 2739 2738
3 4308 183 2738
3 183 3510 2739
3 183 3511 3510
3 4308 3511 183
3 184 2740 2739
3 184 2739 5837
3 184 3010 2740
3 184 3011 3010
3 184 5838 3011
3 184 5837 5838
3 2743 185 2741
3 5184 2741 185
3 2743 7132 185
3 5184 185 6743
3 185 6742 6743
3 185 7132 6742
3 2742 2741 186
3 5185 186 2741
3 7189 2742 186
3 5502 186 5185
3 5502 7189 186
3 2743 2742 187
3 7188 187 2742
3 2743 187 7131
3 187 7129 7131
3 187 7277 7129
3 7188 7277 187
3 2744 2746 188
3 2744 188 6332
3 5863 188 2746
3 5863 5870 188
3 188 5870 5871
3 188 5871 6332
3 2744 189 2745
3 2744 6333 189
3 8287 2745 189
3 4416 4415 189
3 4415 4435 189
3 4416 189 6333
3 8287 189 4435
3 2745 190 2746
3 5592 190 2745
3 5862 2746 190
3 5591 190 5592
3 5591 5862 190
3 2747 2749 191
3 2747 191 4515
3 8911 191 2749
3 3925 191 3923
3 3923 191 8073
3 3925 4515 191
3 8911 8073 191
3 2747 192 2748
3 2747 3888 192
3 6204 2748 192
3 3888 3887 192
3 6204 192 3887
3 193 2749 2748
3 193 2748 6205
3 193 6537 2749
3 193 4752 4751
3 193 4751 6537
3 193 6205 4752
3 194 2750 2752
3 4204 2750 194
3 4741 194 2752
3 7163 4204 194
3 6103 194 4741
3 6104 194 6103
3 7163 194 6104
3 195 2751 2750
3 4205 195 2750
3 4630 2751 195
3 4205 6050 195
3 4630 195 6050
3 196 2753 2754
3 6502 2753 196
3 3362 196 2754
3 3362 3364 196
3 3364 6017 196
3 6502 196 6017
3 2755 2757 197
3 9981 2755 197
3 2757 8937 197
3 197 8168 8170
3 197 8937 8168
3 9981 197 8170
3 2755 198 2756
3 9490 198 2755
3 2824 2756 198
3 5205 2824 198
3 5205 198 5206
3 9490 5206 198
3 2756 199 2757
3 2823 199 2756
3 2757 199 8196
3 2823 8173 199
3 8173 8192 199
3 199 8192 8196
3 2758 2760 200
3 3715 2758 200
3 2760 4306 200
3 3715 200 7102
3 7339 200 4306
3 7102 200 7339
3 2758 201 2759
3 2758 3224 201
3 201 3520 2759
3 3223 201 3224
3 3521 201 3223
3 3521 3520 201
3 2760 2759 202
3 2759 4501 202
3 2760 202 3254
3 202 3255 3254
3 202 3651 3255
3 4786 3651 202
3 4786 202 4501
3 203 2761 2763
3 4866 2761 203
3 203 2763 3626
3 203 3626 6758
3 4076 4075 203
3 4866 203 4075
3 4076 203 6758
3 204 2762 2761
3 204 2761 3812
3 6787 2762 204
3 204 3812 3811
3 204 3811 5568
3 6787 204 5568
3 2763 2762 205
3 2762 7137 205
3 3627 2763 205
3 3627 205 4409
3 205 7004 4409
3 205 7137 7004
3 2764 2766 206
3 3823 2764 206
3 5723 206 2766
3 3168 3170 206
3 3168 206 6031
3 3823 206 3170
3 5723 6031 206
3 2764 207 2765
3 2764 6430 207
3 2765 207 6075
3 207 6774 6075
3 6430 6774 207
3 2765 208 2766
3 2765 6076 208
3 5722 2766 208
3 5277 208 5278
3 5722 208 5277
3 5278 208 6076
3 2769 209 2767
3 209 9021 2767
3 4938 209 2769
3 4939 209 4938
3 5933 209 4939
3 4961 209 4959
3 5933 4959 209
3 9021 209 4961
3 2768 2767 210
3 2767 4132 210
3 2768 210 5523
3 210 4132 4133
3 210 4133 5524
3 210 5524 5523
3 2769 2768 211
3 2768 5182 211
3 6608 2769 211
3 211 4389 4388
3 6608 211 4388
3 211 5182 4389
3 212 2770 2772
3 212 4844 2770
3 2772 7911 212
3 7863 4844 212
3 7863 212 7910
3 212 7911 7910
3 2770 213 2771
3 4845 213 2770
3 2771 213 4779
3 2918 2917 213
3 2917 4779 213
3 4845 2918 213
3 2771 214 2772
3 2771 4780 214
3 214 8821 2772
3 8417 214 4780
3 214 7019 7018
3 8821 214 7018
3 8417 7019 214
3 215 2773 2775
3 215 7610 2773
3 215 2775 9538
3 215 7382 7381
3 215 7381 8752
3 215 9538 7382
3 215 8752 7610
3 216 2774 2773
3 216 2773 5796
3 216 6485 2774
3 216 5796 5795
3 216 5795 6486
3 216 6486 6485
3 217 2775 2774
3 8036 217 2774
3 217 9539 2775
3 8036 8035 217
3 8035 9539 217
3 2778 218 2776
3 2776 218 6446
3 2778 2963 218
3 218 2963 5874
3 218 5874 5873
3 218 5873 6446
3 2777 2776 219
3 2776 6447 219
3 2777 219 6556
3 219 6447 6556
3 2778 2777 220
3 2777 3902 220
3 2778 220 2964
3 2964 220 8835
3 3902 3901 220
3 3901 8835 220
3 2779 2781 221
3 2779 221 5975
3 3384 221 2781
3 3384 9017 221
3 7140 5975 221
3 7140 221 9017
3 2780 222 2781
3 2780 3955 222
3 2781 222 2907
3 2907 222 2908
3 2908 222 6479
3 3955 6479 222
3 223 2782 2784
3 3711 2782 223
3 223 2784 9030
3 3711 223 8062
3 223 8063 8062
3 223 8064 8063
3 223 9030 8064
3 224 2783 2782
3 3712 224 2782
3 224 6884 2783
3 6285 224 3712
3 6285 6884 224
3 225 2784 2783
3 5421 225 2783
3 225 9031 2784
3 5420 225 5421
3 5420 6698 225
3 225 6698 9031
3 2787 226 2785
3 4443 2785 226
3 2787 9142 226
3 5793 4443 226
3 5793 226 5791
3 5791 226 9142
3 227 2786 2785
3 227 2785 4444
3 6368 2786 227
3 5946 227 4444
3 5946 5945 227
3 5945 6369 227
3 6368 227 6369
3 2787 2786 228
3 3172 228 2786
3 7572 2787 228
3 3171 228 3172
3 7572 228 3171
3 229 2788 2790
3 5334 2788 229
3 229 2790 7392
3 5334 229 5548
3 5549 5548 229
3 6712 5549 229
3 6712 229 7392
3 230 2789 2788
3 230 2788 5333
3 230 5394 2789
3 6599 230 5333
3 230 6902 5394
3 6599 6902 230
3 2789 231 2790
3 2789 5395 231
3 2790 231 7391
3 5395 8020 231
3 8019 7391 231
3 8020 8019 231
3 232 2791 2793
3 232 5450 2791
3 232 2793 4754
3 232 4754 7080
3 232 9208 5450
3 232 7080 9208
3 233 2792 2791
3 233 2791 4231
3 233 5814 2792
3 233 4231 4230
3 233 4230 5815
3 233 5815 5814
3 234 2793 2792
3 234 2792 6324
3 234 4753 2793
3 234 5960 4753
3 234 7680 5960
3 234 6324 7680
3 2794 2796 235
3 2794 235 3766
3 2796 9279 235
3 3766 235 8419
3 7251 235 7252
3 8419 235 7251
3 9279 7252 235
3 2794 236 2795
3 2794 3767 236
3 236 5126 2795
3 236 3767 5127
3 236 5127 5126
3 237 2796 2795
3 237 2795 5654
3 237 7415 2796
3 237 5654 5653
3 237 5653 7143
3 237 7143 7415
3 238 2797 2799
3 238 3095 2797
3 5640 238 2799
3 238 5424 3095
3 238 9228 5424
3 5642 238 5640
3 9228 238 5642
3 2797 239 2798
3 3096 239 2797
3 3851 2798 239
3 3096 6676 239
3 3851 239 7135
3 239 6676 6678
3 7135 239 6678
3 2802 240 2800
3 8914 2800 240
3 5189 240 2802
3 4809 240 4807
3 4807 240 5189
3 4809 8914 240
3 241 2801 2800
3 3774 241 2800
3 241 3147 2801
3 241 3145 3147
3 241 3773 3145
3 3774 3773 241
3 2802 2801 242
3 3813 242 2801
3 5188 2802 242
3 6521 242 3813
3 5188 242 7482
3 6521 8899 242
3 8899 7482 242
3 2803 2805 243
3 2803 243 3461
3 5857 243 2805
3 243 6974 3461
3 5858 243 5857
3 5858 6974 243
3 2803 244 2804
3 2803 3462 244
3 2804 244 3002
3 3002 244 3000
3 3000 244 6045
3 6390 244 3462
3 6045 244 6089
3 6390 6089 244
3 245 2805 2804
3 245 2804 3066
3 245 6026 2805
3 245 3066 6027
3 245 6027 6026
3 2808 246 2806
3 6381 2806 246
3 2808 3540 246
3 7412 246 3540
3 6379 6381 246
3 6379 246 7412
3 2807 2806 247
3 2806 3342 247
3 2807 247 6800
3 3341 247 3342
3 3341 5403 247
3 5403 5402 247
3 6800 247 5402
3 2808 2807 248
3 2807 6799 248
3 2808 248 3539
3 8097 3539 248
3 8097 248 6799
3 2809 2811 249
3 2809 249 5072
3 2811 3513 249
3 4168 249 3513
3 4168 7443 249
3 6626 5072 249
3 6626 249 7443
3 2809 250 2810
3 2809 5073 250
3 2810 250 3471
3 3469 3471 250
3 3469 250 6388
3 7547 250 5073
3 7547 6388 250
3 2810 251 2811
3 2810 4245 251
3 2811 251 3512
3 3965 3512 251
3 3965 251 4352
3 4245 4352 251
3 2814 2816 252
3 2814 252 7260
3 2816 6896 252
3 4841 252 4839
3 4839 252 6896
3 4841 9181 252
3 252 9181 7260
3 2815 2814 253
3 2814 6842 253
3 5348 2815 253
3 3700 253 3698
3 253 6842 3698
3 3700 5348 253
3 254 2816 2815
3 7491 254 2815
3 254 6897 2816
3 6897 254 7848
3 7491 7849 254
3 7848 254 7849
3 2819 255 2817
3 255 4772 2817
3 6724 255 2819
3 255 5523 4772
3 255 5181 5182
3 6724 5181 255
3 255 5182 5523
3 2818 2817 256
3 2817 4773 256
3 8476 2818 256
3 256 4773 6390
3 256 6390 6391
3 8476 256 6391
3 257 2819 2818
3 8475 257 2818
3 257 6723 2819
3 7569 6723 257
3 7569 257 8744
3 8475 8744 257
3 258 2820 2822
3 258 4302 2820
3 258 2822 2951
3 2953 258 2951
3 2953 4300 258
3 258 4300 4302
3 259 2821 2820
3 259 2820 5937
3 259 4720 2821
3 259 5937 4720
3 260 2822 2821
3 260 2821 3533
3 4608 2822 260
3 3532 260 3533
3 3532 3837 260
3 260 3837 3836
3 4608 260 3836
3 2823 2824 261
3 2823 261 8172
3 6176 261 2824
3 6176 7522 261
3 261 7522 9553
3 8199 8172 261
3 8197 8199 261
3 8197 261 9553
3 2827 262 2825
3 2825 262 4290
3 2827 5003 262
3 262 7701 4290
3 7699 262 5003
3 7699 7701 262
3 2825 263 2826
3 2825 4291 263
3 2826 263 6534
3 4291 7264 263
3 263 8367 6534
3 7264 8366 263
3 263 8366 8367
3 2827 2826 264
3 264 2826 6342
3 2827 264 5002
3 264 6341 5002
3 264 6342 6341
3 265 2828 2829
3 5129 2828 265
3 265 2829 4744
3 265 4744 4743
3 265 4743 6279
3 5129 265 6279
3 266 2830 2832
3 6609 2830 266
3 266 2832 4544
3 266 4544 7550
3 6609 266 7645
3 266 7550 7645
3 267 2831 2830
3 6610 267 2830
3 9350 2831 267
3 6610 7949 267
3 7949 9350 267
3 2835 268 2833
3 268 7246 2833
3 2835 3662 268
3 4246 268 3662
3 268 4038 4040
3 4246 4038 268
3 268 4040 7246
3 269 2834 2833
3 269 2833 9027
3 6426 2834 269
3 5465 269 5463
3 269 9027 5463
3 5465 6426 269
3 270 2835 2834
3 6425 270 2834
3 270 3661 2835
3 270 7408 3661
3 6425 7541 270
3 7541 7408 270
3 271 2836 2838
3 6029 2836 271
3 271 2838 9750
3 271 6025 6027
3 271 9750 6025
3 271 6027 6028
3 6029 271 6028
3 2837 2836 272
3 6235 272 2836
3 2837 272 5169
3 5169 272 6544
3 6235 6544 272
3 2837 273 2838
3 2837 5170 273
3 273 7886 2838
3 5170 7199 273
3 7199 7198 273
3 273 7198 7886
3 2839 2841 274
3 5996 2839 274
3 6885 274 2841
3 5994 274 5992
3 5992 274 6885
3 5996 274 5994
3 2839 275 2840
3 5997 275 2839
3 5246 2840 275
3 5246 275 5689
3 5997 5689 275
3 2840 276 2841
3 2840 3865 276
3 7183 2841 276
3 3864 276 3865
3 3864 6568 276
3 7183 276 6568
3 277 2842 2844
3 277 6690 2842
3 277 2844 6990
3 7150 6690 277
3 6991 277 6990
3 6991 7150 277
3 278 2843 2842
3 6199 278 2842
3 2909 2843 278
3 6467 2909 278
3 4953 278 4952
3 4952 278 6199
3 6467 278 4953
3 279 2844 2843
3 2910 279 2843
3 279 6171 2844
3 2910 4574 279
3 279 4381 4380
3 4534 279 4380
3 279 4574 4381
3 4534 6171 279
3 2845 2847 280
3 2845 280 5172
3 2847 7007 280
3 4657 280 4655
3 4655 280 7007
3 4657 5172 280
3 2845 281 2846
3 2845 6060 281
3 2846 281 5729
3 5696 5695 281
3 281 5695 5729
3 5696 281 6060
3 2846 282 2847
3 2846 5353 282
3 2847 282 3808
3 3808 282 3809
3 5352 3809 282
3 5353 5352 282
3 283 2848 2850
3 9225 2848 283
3 283 2850 3802
3 3804 283 3802
3 3804 5636 283
3 9225 283 5636
3 284 2849 2848
3 9226 284 2848
3 284 4602 2849
3 284 7416 4602
3 284 4936 4935
3 284 4935 6282
3 9226 4936 284
3 284 6282 7416
3 2849 285 2850
3 2849 4603 285
3 2850 285 6124
3 5388 285 4603
3 5388 6124 285
3 286 2852 2851
3 286 2851 4376
3 286 7229 2852
3 286 4376 7230
3 286 7230 7229
3 287 2853 2852
3 287 2852 7231
3 287 3582 2853
3 287 3583 3582
3 287 7178 3583
3 287 8654 7178
3 287 7231 8654
3 2854 2856 288
3 4050 2854 288
3 3985 288 2856
3 3985 3987 288
3 3987 4730 288
3 4050 288 4730
3 2854 289 2855
3 4051 289 2854
3 6388 2855 289
3 4051 5350 289
3 5350 6388 289
3 2859 290 2857
3 4009 2857 290
3 2859 2945 290
3 2947 290 2945
3 4502 290 2947
3 4502 4009 290
3 2858 2857 291
3 291 2857 4010
3 2858 291 4091
3 291 4010 6132
3 291 4089 4091
3 291 8420 4089
3 291 6132 8420
3 2858 292 2859
3 2858 7036 292
3 292 5652 2859
3 292 8975 5652
3 7036 8976 292
3 292 8976 8975
3 293 2860 2862
3 293 2874 2860
3 293 2862 6149
3 4548 2874 293
3 4548 293 6148
3 293 6149 6148
3 294 2861 2860
3 294 2860 2875
3 294 6185 2861
3 5093 294 2875
3 5093 6185 294
3 295 2862 2861
3 295 2861 6184
3 295 6182 2862
3 295 6183 6182
3 295 6362 6183
3 8546 295 6184
3 8546 6362 295
3 296 2863 2865
3 296 7187 2863
3 296 2865 7469
3 296 10093 7187
3 296 7469 7472
3 296 7472 7581
3 296 7581 10093
3 297 2864 2863
3 297 2863 3912
3 297 5123 2864
3 297 3912 3914
3 297 3914 4496
3 297 4496 6236
3 297 6236 5123
3 2865 2864 298
3 5124 298 2864
3 2865 298 4794
3 4393 4395 298
3 4393 298 5124
3 4795 298 4395
3 4794 298 4795
3 2866 2867 299
3 2866 299 9036
3 6734 299 2867
3 6734 6895 299
3 7365 299 6895
3 7365 8010 299
3 8010 9035 299
3 9036 299 9035
3 2868 2870 300
3 6311 2868 300
3 2870 5015 300
3 6703 300 5015
3 6311 300 6703
3 2868 301 2869
3 6312 301 2868
3 7460 2869 301
3 6312 9473 301
3 7460 301 9473
3 2869 302 2870
3 7027 302 2869
3 2870 302 5016
3 8618 5016 302
3 7027 7026 302
3 7026 8618 302
3 303 2871 2873
3 303 9185 2871
3 303 2873 4489
3 4491 303 4489
3 7209 303 4491
3 7209 9185 303
3 304 2872 2871
3 304 2871 7285
3 304 3654 2872
3 4815 3654 304
3 4815 304 9874
3 304 7285 7284
3 304 7284 9874
3 305 2873 2872
3 305 2872 3653
3 7858 2873 305
3 7859 305 3653
3 7859 7858 305
3 306 2875 2874
3 306 2874 3058
3 5094 2875 306
3 3057 306 3058
3 3057 5094 306
3 307 2877 2876
3 3245 307 2876
3 307 4118 2877
3 3045 3047 307
3 3245 3045 307
3 307 3047 4118
3 308 2878 2877
3 308 2877 4117
3 7585 2878 308
3 3620 3619 308
3 7585 308 3619
3 3620 308 4117
3 2879 309 2880
3 2879 6209 309
3 2880 309 4058
3 4058 309 6208
3 6209 6208 309
3 2880 310 2881
3 2880 4059 310
3 2881 310 6263
3 6804 310 4059
3 6804 6263 310
3 2882 2884 311
3 6339 2882 311
3 8932 311 2884
3 6339 311 6512
3 6511 6512 311
3 8062 6511 311
3 8062 311 8932
3 312 2883 2882
3 6340 312 2882
3 312 6510 2883
3 6340 7616 312
3 312 6849 6510
3 7616 6849 312
3 2883 313 2884
3 4745 313 2883
3 4049 2884 313
3 4049 313 4047
3 4747 4047 313
3 4745 4747 313
3 314 2885 2887
3 314 4217 2885
3 314 2887 5052
3 314 4218 4217
3 314 5052 4218
3 315 2886 2885
3 4079 315 2885
3 315 3721 2886
3 6117 3721 315
3 4078 315 4079
3 315 4078 6117
3 316 2887 2886
3 316 2886 3722
3 316 5051 2887
3 3722 7220 316
3 316 6908 5051
3 316 6911 6908
3 7220 6911 316
3 317 2888 2890
3 317 5480 2888
3 317 2890 6014
3 317 2953 2952
3 317 2952 5480
3 5892 2953 317
3 5892 317 6014
3 318 2889 2888
3 6835 318 2888
3 6606 2889 318
3 6606 318 7064
3 6835 7064 318
3 319 2890 2889
3 6605 319 2889
3 319 6962 2890
3 6605 6962 319
3 2893 320 2891
3 320 3949 2891
3 5000 320 2893
3 3924 3923 320
3 8074 320 3923
3 320 5000 3924
3 320 8074 3949
3 2892 2891 321
3 3948 321 2891
3 6631 2892 321
3 3556 3555 321
3 6631 321 3555
3 3948 3556 321
3 2892 322 2893
3 7013 322 2892
3 5917 2893 322
3 5917 322 6914
3 7012 6914 322
3 7012 322 7013
3 2896 323 2894
3 2894 323 4557
3 2896 4371 323
3 4371 4373 323
3 323 4373 6284
3 5651 4557 323
3 5651 323 5649
3 323 6284 5649
3 2895 2894 324
3 2894 4556 324
3 2895 324 5507
3 6323 324 4556
3 5507 324 5505
3 5505 324 6976
3 6323 7300 324
3 324 7300 6976
3 2896 2895 325
3 2895 7549 325
3 6667 2896 325
3 6667 325 6668
3 6668 325 7549
3 2897 2899 326
3 7582 2897 326
3 326 2899 7502
3 7017 326 7018
3 8368 326 7017
3 326 7502 7018
3 8368 7582 326
3 2897 327 2898
3 5362 327 2897
3 4112 2898 327
3 3514 327 3515
3 4112 327 3514
3 5362 3515 327
3 2898 328 2899
3 4113 328 2898
3 2899 328 7503
3 4550 328 4113
3 4550 7907 328
3 328 7907 7503
3 2902 329 2900
3 329 5381 2900
3 4692 329 2902
3 4692 4693 329
3 5381 329 4693
3 2901 2900 330
3 5382 330 2900
3 2901 330 7262
3 5382 5752 330
3 7298 330 5752
3 8966 7262 330
3 8966 330 7298
3 2902 2901 331
3 2901 7034 331
3 2902 331 7845
3 7034 7033 331
3 7033 7258 331
3 331 7258 7845
3 332 2903 2905
3 332 4553 2903
3 332 2905 3996
3 332 3996 3998
3 332 3998 6600
3 332 4551 4553
3 332 6600 4551
3 333 2904 2903
3 333 2903 3293
3 333 4088 2904
3 333 3293 3292
3 333 3292 6564
3 333 6564 4088
3 2906 2908 334
3 2906 334 7775
3 2908 6478 334
3 334 6478 9016
3 7776 7775 334
3 9016 7776 334
3 2906 335 2907
3 7777 335 2906
3 3384 2907 335
3 3384 335 9018
3 7777 9614 335
3 335 9614 9018
3 336 2910 2909
3 336 2909 6718
3 336 4801 2910
3 336 7465 4801
3 336 6718 7268
3 336 7268 7465
3 2911 2913 337
3 2911 337 5585
3 7602 337 2913
3 5585 337 5797
3 5797 337 6052
3 7602 6052 337
3 338 2912 2911
3 5586 338 2911
3 5017 2912 338
3 338 3178 3177
3 338 3177 7292
3 5586 3178 338
3 5017 338 7292
3 2912 339 2913
3 2912 5018 339
3 5684 2913 339
3 339 3068 3067
3 5684 339 3067
3 339 4383 3068
3 339 5018 4383
3 2916 340 2914
3 340 7248 2914
3 5081 340 2916
3 5081 5083 340
3 6722 340 5083
3 6722 7248 340
3 341 2915 2914
3 341 2914 5011
3 4278 2915 341
3 4278 341 6325
3 341 5011 5010
3 341 5010 6325
3 342 2916 2915
3 342 2915 4279
3 7313 2916 342
3 342 2956 2955
3 3379 342 2955
3 342 4279 2956
3 7402 342 3379
3 7402 7313 342
3 2917 2919 343
3 2917 343 5491
3 2919 6508 343
3 3787 3789 343
3 3787 343 6508
3 5491 343 3789
3 344 2919 2918
3 344 2918 7079
3 5959 2919 344
3 344 4754 4753
3 5959 344 4753
3 344 7079 4754
3 2922 345 2920
3 345 4932 2920
3 5306 345 2922
3 345 7796 4932
3 5306 7184 345
3 7184 7624 345
3 345 7624 7796
3 2921 2920 346
3 2920 4931 346
3 7125 2921 346
3 7127 346 4931
3 7125 346 7127
3 347 2922 2921
3 5736 347 2921
3 5305 2922 347
3 5735 5305 347
3 5735 347 5736
3 2923 2925 348
3 7733 2923 348
3 2925 7205 348
3 7207 348 7205
3 7207 9263 348
3 7733 348 9263
3 2923 349 2924
3 2923 7734 349
3 349 5528 2924
3 349 5529 5528
3 7734 5529 349
3 2925 2924 350
3 350 2924 5985
3 2925 350 7144
3 350 5985 5986
3 350 5986 9320
3 7144 350 7145
3 350 9320 7145
3 351 2926 2928
3 3572 2926 351
3 4360 351 2928
3 3572 351 3570
3 4267 3570 351
3 4360 4267 351
3 352 2927 2926
3 4951 352 2926
3 352 9507 2927
3 4951 4950 352
3 4950 8998 352
3 352 8998 9512
3 352 9512 9507
3 2927 353 2928
3 2927 8994 353
3 353 4359 2928
3 5068 4359 353
3 5068 353 5066
3 353 8994 5066
3 2930 2929 354
3 6002 354 2929
3 4007 2930 354
3 4007 354 5329
3 5329 354 7501
3 6002 7501 354
3 2931 2933 355
3 2931 355 5109
3 5558 355 2933
3 355 3844 3843
3 5109 355 3843
3 5558 3844 355
3 2932 356 2933
3 5709 356 2932
3 5559 2933 356
3 5559 356 8759
3 5708 356 5709
3 5708 8759 356
3 357 2935 2934
3 357 2934 5214
3 357 4396 2935
3 357 4397 4396
3 357 5214 4397
3 2936 2938 358
3 2936 358 4323
3 358 2938 5660
3 358 3167 3166
3 358 3166 4323
3 358 5660 3167
3 2936 359 2937
3 2936 5433 359
3 359 3178 2937
3 359 3179 3178
3 359 4934 3179
3 359 5433 4934
3 2937 360 2938
3 5586 360 2937
3 7885 2938 360
3 5586 5585 360
3 5585 5798 360
3 360 5798 6387
3 360 6387 7884
3 7885 360 7884
3 2939 2941 361
3 2939 361 3947
3 6319 361 2941
3 7920 3947 361
3 6319 6937 361
3 7920 361 6937
3 2939 362 2940
3 2939 3946 362
3 6732 2940 362
3 3946 6894 362
3 6734 6732 362
3 6734 362 6894
3 363 2941 2940
3 6733 363 2940
3 6318 2941 363
3 7527 6318 363
3 6733 7527 363
3 364 2943 2942
3 4609 364 2942
3 364 9224 2943
3 3368 364 3369
3 3368 5447 364
3 3369 364 4609
3 364 5447 9224
3 365 2944 2943
3 365 2943 4414
3 8285 2944 365
3 365 4414 4416
3 6957 365 4416
3 8285 365 6957
3 2946 2945 366
3 2945 5652 366
3 7294 2946 366
3 7295 366 5652
3 7294 366 7295
3 367 2947 2946
3 367 2946 9764
3 4225 2947 367
3 4225 367 4226
3 9763 4226 367
3 9763 367 9764
3 2950 368 2948
3 2948 368 3537
3 7107 368 2950
3 3610 3537 368
3 3611 3610 368
3 3611 368 7108
3 7107 7108 368
3 2949 2948 369
3 2948 3538 369
3 2949 369 6954
3 6954 369 3538
3 2950 2949 370
3 2949 8943 370
3 7304 2950 370
3 7304 370 7305
3 7305 370 8943
3 2952 2951 371
3 4608 371 2951
3 5481 2952 371
3 4607 371 4608
3 7984 371 4607
3 371 7984 5481
3 372 2954 2956
3 9522 2954 372
3 372 2956 6620
3 372 6620 6621
3 9522 372 6621
3 373 2955 2954
3 373 2954 7254
3 3380 2955 373
3 3380 373 5692
3 373 7253 5692
3 373 7254 7253
3 374 2957 2959
3 374 3710 2957
3 374 2959 5714
3 374 3708 3710
3 374 7352 3708
3 374 5714 5715
3 374 5715 7352
3 2958 375 2959
3 3120 375 2958
3 375 7054 2959
3 3120 3119 375
3 375 3119 3796
3 7055 375 3796
3 7055 7054 375
3 2962 376 2960
3 376 3358 2960
3 2962 3029 376
3 3031 376 3029
3 3031 3356 376
3 3356 3358 376
3 377 2961 2960
3 3701 377 2960
3 7167 2961 377
3 3701 5857 377
3 377 5857 6026
3 377 6026 6025
3 7167 377 6025
3 2962 2961 378
3 4523 378 2961
3 2962 378 6349
3 378 3549 3551
3 4522 3549 378
3 378 3551 6349
3 4523 4522 378
3 2964 379 2963
3 2963 379 3163
3 2964 5321 379
3 379 3164 3163
3 379 5322 3164
3 379 5321 5322
3 2967 380 2965
3 2965 380 5510
3 2967 7578 380
3 5508 5510 380
3 5957 5508 380
3 380 8371 5957
3 8371 380 7578
3 2966 2965 381
3 2965 5664 381
3 5252 2966 381
3 5252 381 5576
3 5576 381 5664
3 2967 2966 382
3 2966 3516 382
3 2967 382 5361
3 3515 382 3516
3 5361 382 3515
3 383 2968 2970
3 383 3355 2968
3 383 2970 7916
3 383 3353 3355
3 7912 3353 383
3 7912 383 7913
3 383 7916 7913
3 384 2969 2968
3 384 2968 3669
3 384 5262 2969
3 384 3286 3285
3 384 3285 5262
3 384 3669 3286
3 385 2970 2969
3 385 2969 5675
3 385 8381 2970
3 4663 385 4661
3 4661 385 5675
3 4663 6213 385
3 385 6213 8381
3 386 2971 2973
3 386 8077 2971
3 386 2973 4633
3 386 4633 8076
3 386 8076 8079
3 386 8079 8077
3 387 2972 2971
3 387 2971 8078
3 387 4008 2972
3 387 5976 4008
3 387 9032 5976
3 387 8078 9029
3 387 8933 8935
3 387 9029 8933
3 387 8935 9032
3 388 2974 2976
3 388 6371 2974
3 388 2976 3620
3 388 3620 5557
3 388 5557 6030
3 388 6030 6372
3 388 6372 6371
3 389 2975 2974
3 389 2974 5979
3 7553 2975 389
3 389 5979 5978
3 7553 389 5978
3 390 2977 2979
3 2977 390 4833
3 2979 5908 390
3 3861 3863 390
3 5908 3861 390
3 6355 390 3863
3 4833 390 6355
3 2978 2977 391
3 4834 391 2977
3 2978 391 5030
3 391 3867 3866
3 391 3866 5030
3 4834 3867 391
3 2979 2978 392
3 2978 3391 392
3 2979 392 4162
3 392 3391 3393
3 392 3393 3754
3 392 3754 4163
3 392 4163 4162
3 2980 2982 393
3 9351 2980 393
3 3935 393 2982
3 3935 5687 393
3 6501 393 5687
3 6501 9351 393
3 2980 394 2981
3 6191 394 2980
3 394 5401 2981
3 4758 394 4759
3 4758 5401 394
3 6191 4759 394
3 2981 395 2982
3 2981 5400 395
3 2982 395 3934
3 395 6314 3934
3 395 5400 6314
3 2985 396 2983
3 2983 396 6518
3 2985 4767 396
3 4767 4769 396
3 396 4769 6909
3 396 6909 6518
3 2984 2983 397
3 2983 3530 397
3 5104 2984 397
3 3529 397 3530
3 7847 397 3529
3 5104 397 5105
3 7847 5105 397
3 2985 2984 398
3 2984 5662 398
3 2985 398 6731
3 398 5577 5576
3 6731 398 5576
3 398 5662 5577
3 399 2987 2986
3 399 2986 5737
3 399 8866 2987
3 399 5737 7999
3 399 7999 8870
3 399 8868 8866
3 399 8870 8868
3 2988 2990 400
3 2988 400 9482
3 2990 5718 400
3 5719 400 5718
3 5719 7723 400
3 400 7723 9482
3 2988 401 2989
3 2988 4819 401
3 2989 401 4679
3 401 3508 3507
3 401 3507 5849
3 401 4819 3508
3 401 5849 4679
3 2989 402 2990
3 2989 4678 402
3 2990 402 4947
3 402 4678 6418
3 402 4948 4947
3 402 6418 4948
3 2991 2993 403
3 2991 403 4248
3 2993 4263 403
3 6133 4248 403
3 6132 403 4263
3 6132 6133 403
3 2992 2991 404
3 4249 404 2991
3 4375 2992 404
3 404 4205 4204
3 404 4204 6830
3 5415 4205 404
3 5390 404 4249
3 4375 404 6830
3 5415 404 5390
3 405 2993 2992
3 4374 405 2992
3 405 3747 2993
3 405 3748 3747
3 5451 3748 405
3 5451 405 4374
3 2994 406 2995
3 5530 406 2994
3 2995 406 8160
3 406 3769 3768
3 8160 406 3768
3 5530 3769 406
3 2995 407 2996
3 6773 407 2995
3 2996 407 6123
3 7370 6123 407
3 6773 6774 407
3 7370 407 6774
3 2999 408 2997
3 2997 408 7296
3 6162 408 2999
3 3059 408 3057
3 6163 3057 408
3 3059 7296 408
3 6162 6163 408
3 2998 2997 409
3 2997 7297 409
3 2998 409 5343
3 5343 409 8654
3 7297 8654 409
3 2999 2998 410
3 2998 5342 410
3 5972 2999 410
3 4868 410 4869
3 4868 5972 410
3 4869 410 5342
3 411 3001 3000
3 411 3000 6046
3 411 3785 3001
3 7377 3785 411
3 4875 4874 411
3 4874 7377 411
3 6444 4875 411
3 6444 411 6046
3 412 3002 3001
3 412 3001 3786
3 412 3066 3002
3 412 6028 3066
3 412 3786 6028
3 413 3003 3005
3 413 4425 3003
3 3286 413 3005
3 3286 5518 413
3 3842 3844 413
3 3842 413 5518
3 413 3844 4425
3 414 3004 3003
3 414 3003 4426
3 414 6540 3004
3 414 4067 4066
3 414 4066 6540
3 414 8758 4067
3 414 4426 8758
3 415 3005 3004
3 415 3004 6623
3 415 3285 3005
3 415 5261 3285
3 415 6131 5261
3 415 7749 6131
3 415 6623 7749
3 3006 3008 416
3 6794 3006 416
3 3779 416 3008
3 3779 4029 416
3 6352 416 4029
3 6352 6794 416
3 3006 417 3007
3 6793 417 3006
3 3278 3007 417
3 6793 3278 417
3 3009 3011 418
3 5929 3009 418
3 6174 418 3011
3 5929 418 5928
3 418 6175 5928
3 6174 6175 418
3 3009 419 3010
3 5721 419 3009
3 5821 3010 419
3 5721 5720 419
3 5720 5821 419
3 3012 3014 420
3 3012 420 7668
3 420 3014 3932
3 3933 420 3932
3 3933 7881 420
3 420 9071 7668
3 7881 9799 420
3 420 9799 9071
3 3012 421 3013
3 3012 7669 421
3 421 5658 3013
3 421 9079 5658
3 421 7669 9079
3 422 3014 3013
3 5659 422 3013
3 422 4109 3014
3 422 4110 4109
3 422 5982 4110
3 5659 5982 422
3 3015 3017 423
3 3015 423 4612
3 423 3017 6229
3 4612 423 4613
3 4613 423 6230
3 6230 423 6229
3 3015 424 3016
3 3015 7028 424
3 424 5225 3016
3 4792 4791 424
3 424 4791 5225
3 4792 424 7028
3 425 3017 3016
3 425 3016 7136
3 425 8638 3017
3 425 7136 7273
3 425 7273 7272
3 425 7272 8638
3 3020 426 3018
3 3018 426 10131
3 3020 7106 426
3 426 5273 5275
3 426 5869 5273
3 10131 426 5275
3 7106 5869 426
3 3019 3018 427
3 3018 9471 427
3 3019 427 4405
3 7981 4405 427
3 7981 427 9470
3 427 9471 9470
3 3019 428 3020
3 4404 428 3019
3 3020 428 6934
3 7477 428 4404
3 5873 5872 428
3 6934 428 5872
3 7477 5873 428
3 429 3021 3023
3 429 3621 3021
3 429 3023 9178
3 5226 3621 429
3 7451 5226 429
3 7451 429 7449
3 7449 429 9178
3 3021 430 3022
3 3021 3622 430
3 6316 3022 430
3 3622 6307 430
3 6308 430 6307
3 6913 430 6308
3 6316 430 6913
3 431 3023 3022
3 431 3022 6317
3 431 3320 3023
3 431 3318 3320
3 431 6317 3318
3 432 3024 3026
3 432 5112 3024
3 432 3026 4288
3 432 4052 4054
3 432 4288 4052
3 432 4054 5112
3 433 3025 3024
3 433 3024 5113
3 6212 3025 433
3 433 3770 3769
3 5531 433 3769
3 433 5113 3770
3 6212 433 5531
3 434 3026 3025
3 434 3025 5912
3 434 4287 3026
3 434 5911 4287
3 434 5912 5911
3 3027 435 3028
3 3027 3415 435
3 435 7534 3028
3 3415 3414 435
3 3414 3945 435
3 435 3945 7534
3 3029 436 3030
3 3029 6349 436
3 436 5488 3030
3 436 5489 5488
3 6349 5489 436
3 3031 3030 437
3 4257 437 3030
3 3031 437 3967
3 4256 3967 437
3 4257 4256 437
3 3034 438 3032
3 5973 3032 438
3 3034 4411 438
3 4413 438 4411
3 4413 6463 438
3 5973 438 6463
3 3034 3033 439
3 6110 439 3033
3 3034 439 7478
3 5133 439 5134
3 5133 7478 439
3 6110 5134 439
3 440 3035 3037
3 5110 3035 440
3 440 3037 3750
3 440 3750 9493
3 440 4796 4798
3 440 9493 4796
3 5665 440 4798
3 5110 440 5665
3 441 3036 3035
3 5111 441 3035
3 441 5963 3036
3 3149 3148 441
3 5345 441 3148
3 5111 3149 441
3 5345 5963 441
3 442 3037 3036
3 442 3036 5964
3 442 3749 3037
3 442 4738 3749
3 5026 4738 442
3 5026 442 5027
3 5027 442 5964
3 3039 3038 443
3 3038 4730 443
3 3039 443 3396
3 3397 3396 443
3 3397 443 3490
3 3490 443 4730
3 3041 444 3040
3 3600 3040 444
3 5804 444 3041
3 3600 444 6353
3 5806 444 5804
3 5806 7422 444
3 7422 6353 444
3 3042 3044 445
3 3042 445 6310
3 3044 6240 445
3 6241 445 6240
3 6309 445 6241
3 6309 6310 445
3 3042 446 3043
3 3574 446 3042
3 3043 446 5375
3 3574 3573 446
3 3573 4928 446
3 5375 446 4928
3 447 3044 3043
3 447 3043 5374
3 447 4000 3044
3 447 4001 4000
3 447 4396 4001
3 447 5374 4396
3 3045 448 3046
3 3045 7215 448
3 5098 3046 448
3 3586 448 3587
3 5098 448 3586
3 448 4929 3587
3 448 7215 4929
3 3046 449 3047
3 5097 449 3046
3 3155 3047 449
3 3155 449 3156
3 5097 3156 449
3 3048 3050 450
3 6819 3048 450
3 3679 450 3050
3 4811 450 3679
3 7299 450 4811
3 6819 450 7299
3 3048 451 3049
3 6820 451 3048
3 6213 3049 451
3 6213 451 8382
3 9621 451 6820
3 9621 8382 451
3 452 3050 3049
3 4663 452 3049
3 3678 3050 452
3 3678 452 4662
3 4663 4662 452
3 3053 453 3051
3 6788 3051 453
3 3053 7402 453
3 6788 453 8754
3 7402 9283 453
3 9283 8754 453
3 3052 3051 454
3 6789 454 3051
3 3052 454 6013
3 5644 454 5645
3 5644 6013 454
3 6789 5645 454
3 3053 3052 455
3 3052 6880 455
3 3053 455 7313
3 5081 455 5082
3 5081 7313 455
3 6880 5082 455
3 3056 456 3054
3 3054 456 7424
3 6352 456 3056
3 3655 3657 456
3 6352 3655 456
3 456 3657 7424
3 457 3055 3054
3 457 3054 7086
3 457 3077 3055
3 457 3963 3077
3 7156 3963 457
3 7085 457 7086
3 7156 457 7085
3 3059 3058 458
3 458 3058 4548
3 3059 458 7043
3 458 4548 6772
3 7043 458 6772
3 459 3060 3062
3 459 3157 3060
3 4581 459 3062
3 459 7022 3157
3 4583 459 4581
3 459 4583 7022
3 460 3061 3060
3 460 3060 3158
3 7184 3061 460
3 460 3158 4141
3 460 4141 4140
3 7184 460 4140
3 461 3062 3061
3 5306 461 3061
3 6499 3062 461
3 5305 461 5306
3 6755 461 5305
3 8818 6499 461
3 7480 461 6755
3 7480 8818 461
3 3063 3065 462
3 3063 462 8859
3 462 3065 6918
3 4914 4916 462
3 4914 462 6919
3 4916 8859 462
3 6919 462 6918
3 3063 463 3064
3 3063 6086 463
3 463 9481 3064
3 6087 463 6086
3 6087 9479 463
3 463 9479 9481
3 464 3065 3064
3 464 3064 8983
3 464 6870 3065
3 464 6169 6168
3 464 6168 6870
3 464 8983 6169
3 3069 465 3067
3 5683 3067 465
3 3069 4962 465
3 465 4962 7052
3 5683 465 7598
3 9308 465 7052
3 9222 7598 465
3 9222 465 9308
3 3069 3068 466
3 4382 466 3068
3 3069 466 4963
3 5093 466 4382
3 6163 4963 466
3 5093 5094 466
3 6163 466 5094
3 467 3070 3072
3 467 4319 3070
3 467 3072 4221
3 9513 467 4221
3 4317 4319 467
3 9513 4317 467
3 468 3071 3070
3 468 3070 4353
3 3447 3071 468
3 3447 468 3448
3 3448 468 8820
3 468 4353 4352
3 468 4352 8820
3 469 3072 3071
3 6356 469 3071
3 4220 3072 469
3 5256 4220 469
3 5256 469 6356
3 470 3073 3075
3 470 5341 3073
3 7223 470 3075
3 4341 4343 470
3 4341 470 6627
3 4343 5340 470
3 470 5340 5341
3 7223 6627 470
3 471 3074 3073
3 6767 471 3073
3 471 4236 3074
3 471 4237 4236
3 6767 4237 471
3 472 3075 3074
3 4369 472 3074
3 472 4368 3075
3 4369 4368 472
3 473 3076 3077
3 473 3952 3076
3 473 3077 3964
3 3950 3952 473
3 5533 3950 473
3 5533 473 3964
3 474 3078 3080
3 474 4314 3078
3 474 3080 9413
3 4258 4259 474
3 4258 474 9413
3 4259 6528 474
3 474 4312 4314
3 474 6528 4312
3 475 3079 3078
3 475 3078 7762
3 475 4899 3079
3 475 4828 4827
3 475 4827 4899
3 475 7761 4828
3 475 7762 7761
3 476 3080 3079
3 476 3079 4592
3 476 4591 3080
3 476 4592 4591
3 3081 3083 477
3 3081 477 7264
3 3523 477 3083
3 3523 3525 477
3 3525 6705 477
3 7264 477 6705
3 478 3082 3081
3 478 3081 4291
3 478 4937 3082
3 478 4291 4290
3 478 4290 9110
3 6807 4937 478
3 6807 478 9110
3 3084 3086 479
3 6249 3084 479
3 5856 479 3086
3 479 3695 3697
3 5856 3695 479
3 6249 479 3697
3 3084 480 3085
3 6250 480 3084
3 6200 3085 480
3 4832 4831 480
3 4831 4952 480
3 4832 480 6472
3 4952 6200 480
3 6472 480 6250
3 3085 481 3086
3 3085 6941 481
3 5855 3086 481
3 3299 481 3297
3 3297 481 7247
3 3299 5855 481
3 7247 481 6941
3 3089 482 3087
3 6682 3087 482
3 3089 3729 482
3 3729 4347 482
3 482 4347 4349
3 6682 482 4349
3 3088 3087 483
3 6330 483 3087
3 3088 483 4442
3 8658 4442 483
3 6329 483 6330
3 6329 8658 483
3 3089 3088 484
3 3088 3688 484
3 3089 484 3473
3 484 3474 3473
3 7118 3474 484
3 3688 3687 484
3 7118 484 3687
3 3092 485 3090
3 485 8350 3090
3 3092 4429 485
3 485 4429 6717
3 485 6717 9231
3 485 9231 8350
3 3091 3090 486
3 8351 486 3090
3 3091 486 5965
3 486 5966 5965
3 7652 5966 486
3 8351 7652 486
3 3092 3091 487
3 3091 4458 487
3 3092 487 4430
3 487 5156 4430
3 487 4458 4460
3 487 4460 5156
3 3093 488 3094
3 5195 488 3093
3 488 4195 3094
3 488 4193 4195
3 6764 4193 488
3 5194 488 5195
3 5194 6764 488
3 489 3096 3095
3 5425 489 3095
3 489 6680 3096
3 5425 6681 489
3 489 6681 6680
3 490 3097 3099
3 490 5706 3097
3 490 3099 5763
3 490 5704 5706
3 490 7468 5704
3 490 5763 7468
3 3097 491 3098
3 491 3097 7328
3 491 4098 3098
3 491 4099 4098
3 6276 4099 491
3 6276 491 6769
3 491 7328 6769
3 492 3099 3098
3 492 3098 7335
3 492 5762 3099
3 492 9237 5762
3 492 7335 7530
3 492 7530 7532
3 492 7532 9237
3 493 3100 3102
3 493 6777 3100
3 493 3102 7097
3 493 6516 6517
3 493 7097 6516
3 493 6517 6777
3 3100 494 3101
3 3100 6778 494
3 3953 3101 494
3 3953 494 3954
3 3954 494 6033
3 494 6034 6033
3 6778 6034 494
3 3102 3101 495
3 5140 495 3101
3 9300 3102 495
3 5140 5139 495
3 495 5139 9296
3 9300 495 9296
3 3103 3105 496
3 3103 496 7459
3 3105 4354 496
3 4354 4355 496
3 4355 6970 496
3 6971 496 6970
3 7459 496 6971
3 3103 497 3104
3 3103 5765 497
3 3104 497 6072
3 5765 5764 497
3 6073 497 5764
3 6072 497 6073
3 3104 498 3105
3 3104 4399 498
3 3105 498 4398
3 4398 498 4399
3 499 3106 3108
3 499 4689 3106
3 499 3108 3882
3 499 3477 3476
3 6827 499 3476
3 499 3882 3477
3 499 4690 4689
3 7003 4690 499
3 7003 499 6827
3 500 3107 3106
3 500 3106 4911
3 6786 3107 500
3 6785 500 4911
3 6785 6786 500
3 501 3108 3107
3 501 3107 4372
3 6669 3108 501
3 4371 501 4372
3 6667 501 4371
3 6667 6669 501
3 3111 502 3109
3 5894 3109 502
3 3111 7368 502
3 5894 502 6743
3 6465 502 6466
3 6743 502 6465
3 7368 6466 502
3 3110 3109 503
3 3109 5893 503
3 7983 3110 503
3 7984 503 5893
3 7983 503 7984
3 3111 3110 504
3 9146 504 3110
3 504 9236 3111
3 6778 6777 504
3 7369 504 6777
3 504 9146 6778
3 9236 504 7369
3 3112 3114 505
3 3112 505 3445
3 5020 505 3114
3 3445 505 3953
3 505 5140 3953
3 5020 5140 505
3 3112 506 3113
3 3112 3446 506
3 3113 506 4020
3 5846 506 3446
3 4020 506 5983
3 5846 5984 506
3 506 5984 5983
3 3113 507 3114
3 3113 4019 507
3 507 5019 3114
3 507 4019 9212
3 507 9212 5019
3 3117 508 3115
3 3115 508 7315
3 3719 508 3117
3 3132 508 3130
3 3719 3130 508
3 3132 7546 508
3 7315 508 7546
3 509 3116 3115
3 7316 509 3115
3 509 5368 3116
3 509 8899 5368
3 7316 8899 509
3 3117 3116 510
3 510 3116 5367
3 510 7899 3117
3 510 5367 5607
3 510 5607 7899
3 511 3118 3120
3 511 6387 3118
3 511 3120 3581
3 4541 511 3581
3 4541 4540 511
3 4540 6080 511
3 511 6080 6387
3 512 3119 3118
3 5798 512 3118
3 512 3795 3119
3 512 5797 3795
3 5798 5797 512
3 513 3121 3123
3 513 3390 3121
3 513 3123 4485
3 513 3388 3390
3 513 5238 3388
3 513 4485 5238
3 514 3122 3121
3 514 3121 4664
3 514 3938 3122
3 514 5733 3938
3 514 4664 4666
3 4986 514 4666
3 4986 5733 514
3 515 3123 3122
3 515 3122 3939
3 515 4484 3123
3 515 3939 8985
3 515 5492 4484
3 515 5907 5492
3 515 8985 5907
3 516 3124 3126
3 516 3337 3124
3 5591 516 3126
3 3338 3337 516
3 8163 3338 516
3 5590 516 5591
3 6021 516 5590
3 6021 8163 516
3 517 3125 3124
3 517 3124 3394
3 517 4120 3125
3 517 3394 6551
3 517 4121 4120
3 517 6551 4121
3 518 3126 3125
3 518 3125 5778
3 5862 3126 518
3 5863 518 5778
3 5862 518 5863
3 3129 519 3127
3 3127 519 9215
3 5725 519 3129
3 3731 3730 519
3 3730 5978 519
3 5725 3731 519
3 5980 519 5978
3 5980 9215 519
3 520 3128 3127
3 520 3127 5694
3 4770 3128 520
3 9445 4770 520
3 5696 520 5694
3 9445 520 5696
3 521 3129 3128
3 4771 521 3128
3 3238 3129 521
3 3239 3238 521
3 3239 521 6041
3 4771 6041 521
3 522 3131 3130
3 3720 522 3130
3 522 3580 3131
3 522 7330 3580
3 3720 4812 522
3 522 4812 7330
3 3132 3131 523
3 523 3131 3579
3 3132 523 6714
3 523 3579 4254
3 523 4254 6714
3 524 3134 3133
3 6315 524 3133
3 4748 3134 524
3 4748 524 7514
3 6315 7514 524
3 525 3135 3134
3 525 3134 4749
3 7461 3135 525
3 4061 4060 525
3 6012 525 4060
3 4061 525 4749
3 6012 7461 525
3 3138 526 3136
3 4131 3136 526
3 3505 526 3138
3 3505 3896 526
3 6383 526 3896
3 4131 526 4129
3 6383 4129 526
3 3137 3136 527
3 527 3136 6221
3 527 4862 3137
3 4862 527 4863
3 4863 527 6221
3 3138 3137 528
3 9875 528 3137
3 528 3504 3138
3 5434 3504 528
3 5434 528 8977
3 9875 8977 528
3 529 3139 3141
3 529 4289 3139
3 529 3141 4732
3 529 6989 4289
3 529 4732 6180
3 529 6180 6181
3 529 6181 6989
3 530 3140 3139
3 530 3139 3280
3 7354 3140 530
3 530 3280 3279
3 530 3279 8814
3 7354 530 8814
3 531 3141 3140
3 531 3140 6053
3 531 4731 3141
3 531 6053 4731
3 532 3142 3144
3 532 4499 3142
3 5026 532 3144
3 532 9817 4499
3 5026 5028 532
3 5028 8652 532
3 9817 532 8652
3 533 3143 3142
3 533 3142 4500
3 533 7256 3143
3 533 4500 6975
3 533 6975 6974
3 533 6974 7256
3 534 3146 3145
3 4660 534 3145
3 534 5682 3146
3 4660 4659 534
3 4724 534 4659
3 534 4724 5682
3 535 3147 3146
3 535 3146 5801
3 535 3813 3147
3 535 6522 3813
3 535 5801 6522
3 536 3148 3150
3 536 5344 3148
3 536 3150 6519
3 536 6054 5344
3 536 5627 5628
3 536 6519 5627
3 536 5628 7069
3 536 7069 6054
3 537 3150 3149
3 7186 537 3149
3 537 7185 3150
3 7185 537 8146
3 7186 8147 537
3 8146 537 8147
3 3154 538 3152
3 3152 538 6047
3 3154 5377 538
3 538 4374 4375
3 538 5377 4374
3 538 4375 6047
3 3153 3152 539
3 3152 6048 539
3 3153 539 5264
3 539 5713 5264
3 539 6104 5713
3 539 6048 6104
3 3154 3153 540
3 3153 5263 540
3 3154 540 5376
3 6500 540 5263
3 540 5687 5376
3 6500 5687 540
3 3157 541 3158
3 7023 541 3157
3 5095 3158 541
3 5095 541 5096
3 7023 5096 541
3 542 3159 3161
3 542 6300 3159
3 542 3161 4683
3 542 4683 4714
3 5078 542 4714
3 5078 6856 542
3 542 6856 6300
3 543 3160 3159
3 543 3159 6301
3 543 4036 3160
3 543 6398 4036
3 543 6301 6399
3 543 6399 6398
3 544 3161 3160
3 544 3160 4037
3 544 4682 3161
3 544 4037 5750
3 544 5116 4682
3 544 5750 5116
3 3162 3164 545
3 3162 545 5766
3 6654 545 3164
3 545 5764 5766
3 545 6663 5764
3 6654 6656 545
3 545 6656 9438
3 545 9438 6663
3 3162 546 3163
3 3162 5767 546
3 3163 546 5874
3 6933 546 5767
3 546 5872 5874
3 6933 5872 546
3 3165 3167 547
3 3165 547 6588
3 3167 5661 547
3 547 5661 6550
3 5741 5743 547
3 5741 547 6550
3 547 5743 7333
3 547 7333 6588
3 3165 548 3166
3 3165 4711 548
3 3166 548 4322
3 548 4710 4322
3 548 4711 4710
3 549 3169 3168
3 549 3168 8689
3 549 7487 3169
3 549 4919 4920
3 549 8689 4919
3 549 4920 7464
3 549 7464 7487
3 550 3170 3169
3 550 3169 9189
3 3822 3170 550
3 3822 550 8151
3 550 9189 8151
3 3171 3173 551
3 3171 551 4685
3 3173 5438 551
3 4684 4685 551
3 7176 4684 551
3 551 5438 9972
3 7176 551 9972
3 552 3173 3172
3 6368 552 3172
3 4207 3173 552
3 4207 552 4208
3 4208 552 4325
3 5430 4325 552
3 5430 552 6368
3 3176 553 3174
3 553 3971 3174
3 3176 7342 553
3 3630 553 3628
3 553 7342 3628
3 3630 3971 553
3 554 3175 3174
3 554 3174 3972
3 554 6862 3175
3 554 3972 5535
3 554 5535 6862
3 3176 3175 555
3 7046 555 3175
3 3176 555 9509
3 7046 8997 555
3 8997 9510 555
3 9509 555 9510
3 556 3177 3179
3 556 5125 3177
3 556 3179 4933
3 556 4933 5654
3 556 5126 5125
3 556 5654 5126
3 557 3180 3182
3 7873 3180 557
3 557 3182 4967
3 4335 4337 557
3 4335 557 4967
3 9111 557 4337
3 557 9111 7873
3 558 3182 3181
3 558 3181 7425
3 558 4097 3182
3 558 4098 4097
3 558 7335 4098
3 558 7425 7335
3 3185 559 3183
3 5799 3183 559
3 3185 4811 559
3 4810 559 4811
3 5800 559 4810
3 5799 559 5800
3 3184 3183 560
3 560 3183 9790
3 3184 560 9793
3 560 9790 9791
3 560 9791 10154
3 560 10154 9793
3 3184 561 3185
3 3184 7938 561
3 3185 561 7299
3 7299 561 7887
3 8636 7887 561
3 7937 561 7938
3 7937 8636 561
3 3186 3188 562
3 3186 562 7456
3 562 3188 4938
3 6608 562 4938
3 6359 562 6360
3 6359 7456 562
3 6360 562 6361
3 6608 6361 562
3 3186 563 3187
3 3186 4870 563
3 3187 563 5495
3 3782 3781 563
3 3781 5495 563
3 4870 3782 563
3 564 3188 3187
3 564 3187 5163
3 564 4939 3188
3 5165 4939 564
3 564 5163 5165
3 3189 3191 565
3 3189 565 4340
3 565 3191 8218
3 4340 565 4338
3 4338 565 9109
3 565 8218 9109
3 3189 566 3190
3 3189 4623 566
3 3190 566 6740
3 4623 8581 566
3 8993 6740 566
3 8581 8993 566
3 3190 567 3191
3 3190 6351 567
3 567 8217 3191
3 567 4639 4638
3 567 4638 8217
3 6351 4639 567
3 568 3192 3194
3 568 5546 3192
3 568 3194 3846
3 568 3846 3845
3 568 3845 5041
3 568 5041 5715
3 568 5715 5546
3 569 3193 3192
3 569 3192 5547
3 569 6563 3193
3 569 5410 5409
3 569 5409 6563
3 569 5547 5410
3 570 3194 3193
3 570 3193 6190
3 570 7329 3194
3 570 6190 6189
3 9816 570 6189
3 9816 7329 570
3 3197 571 3195
3 4026 3195 571
3 3197 4229 571
3 3738 571 3739
3 4026 571 3738
3 6702 3739 571
3 6702 571 4229
3 572 3197 3196
3 5418 572 3196
3 572 4228 3197
3 5989 4228 572
3 5418 5989 572
3 3200 573 3198
3 3198 573 6560
3 3200 3367 573
3 573 3367 3369
3 573 3369 4610
3 9113 573 4610
3 9113 6560 573
3 3199 3198 574
3 3198 6561 574
3 3199 574 4569
3 4569 574 6561
3 3200 3199 575
3 3199 4570 575
3 3200 575 7397
3 4570 6287 575
3 6287 6630 575
3 6630 6629 575
3 7397 575 6629
3 3201 3203 576
3 3201 576 7537
3 3203 4209 576
3 4210 576 4209
3 4210 6415 576
3 9144 576 6415
3 576 9144 7537
3 3201 577 3202
3 3417 577 3201
3 3202 577 6532
3 3419 577 3417
3 3419 6530 577
3 6530 6532 577
3 3202 578 3203
3 3202 6533 578
3 7181 3203 578
3 8920 578 6533
3 7181 578 8920
3 3206 579 3204
3 3204 579 7249
3 3206 5270 579
3 5542 579 5270
3 5542 5541 579
3 5541 7438 579
3 7438 7249 579
3 3205 3204 580
3 7250 580 3204
3 3205 580 3213
3 3213 580 7399
3 7400 580 7250
3 7400 7399 580
3 3205 581 3206
3 3212 581 3205
3 581 5268 3206
3 3212 5269 581
3 581 5269 5268
3 3208 3207 582
3 3207 7157 582
3 6562 3208 582
3 6562 582 8977
3 582 7157 7158
3 582 7158 7704
3 582 7704 8977
3 583 3209 3211
3 583 3535 3209
3 583 3211 7085
3 583 3536 3535
3 583 5898 3536
3 583 7536 5898
3 583 7085 7087
3 583 7087 7536
3 584 3210 3209
3 584 3209 4940
3 584 6904 3210
3 584 4492 4494
3 584 4940 4492
3 584 4494 6904
3 3210 585 3211
3 585 3210 5581
3 7156 3211 585
3 585 5581 5583
3 585 5583 6117
3 7724 585 6117
3 585 7724 7156
3 3212 3213 586
3 3212 586 9147
3 8918 586 3213
3 5967 5966 586
3 7653 586 5966
3 586 8918 5967
3 7653 9147 586
3 3214 3216 587
3 3214 587 6321
3 587 3216 5288
3 587 5288 7691
3 6321 587 7696
3 9907 587 7691
3 9907 7696 587
3 3214 588 3215
3 3214 6322 588
3 7675 3215 588
3 6322 7067 588
3 588 7067 7676
3 7675 588 7676
3 589 3217 3219
3 589 6624 3217
3 9337 589 3219
3 3522 3521 589
3 589 3521 6624
3 3522 589 3771
3 3771 589 9337
3 590 3218 3217
3 590 3217 3227
3 4618 3218 590
3 590 3227 3226
3 4536 590 3226
3 4536 4618 590
3 3219 3218 591
3 3218 4766 591
3 3219 591 6972
3 591 4766 4765
3 591 4765 6972
3 592 3220 3222
3 4383 3220 592
3 592 3222 6184
3 4383 592 4382
3 4382 592 6185
3 592 6184 6185
3 3220 593 3221
3 5018 593 3220
3 3221 593 7076
3 5017 593 5018
3 5017 9492 593
3 9492 7076 593
3 3222 3221 594
3 3221 7077 594
3 8546 3222 594
3 594 7065 7066
3 594 7077 7065
3 594 7066 7164
3 8546 594 7164
3 3223 3225 595
3 3223 595 6624
3 3225 7356 595
3 3227 595 3228
3 3227 6624 595
3 3228 595 7356
3 3224 596 3225
3 3715 596 3224
3 596 7236 3225
3 3715 6156 596
3 596 6156 6158
3 596 6158 6689
3 596 6689 7236
3 3226 3228 597
3 4535 3226 597
3 597 3228 6269
3 597 3546 3548
3 597 6269 3546
3 5647 597 3548
3 5647 4535 597
3 3231 598 3229
3 7698 3229 598
3 6268 598 3231
3 5823 5822 598
3 5822 7698 598
3 6268 5823 598
3 3230 3229 599
3 599 3229 7697
3 3230 599 6334
3 7134 6334 599
3 7134 599 8964
3 599 7697 8964
3 3230 600 3231
3 4102 600 3230
3 4101 3231 600
3 4101 600 4102
3 601 3232 3234
3 601 4895 3232
3 601 3234 3894
3 601 3894 4399
3 601 4399 6072
3 601 6074 4895
3 601 6072 6074
3 3233 3232 602
3 602 3232 4896
3 3233 602 5673
3 4653 602 4654
3 4653 6456 602
3 602 4896 4654
3 602 6456 5673
3 3233 603 3234
3 3233 5671 603
3 3893 3234 603
3 3893 603 5670
3 603 5671 5670
3 604 3235 3237
3 604 6273 3235
3 3531 604 3237
3 3530 604 3531
3 3530 6518 604
3 604 6518 6273
3 3235 605 3236
3 3235 4816 605
3 3236 605 9186
3 605 4816 4815
3 605 4815 9186
3 3236 606 3237
3 3236 7512 606
3 4629 3237 606
3 4839 4629 606
3 4839 606 4840
3 606 7512 4840
3 607 3240 3242
3 607 4445 3240
3 4320 607 3242
3 4320 4321 607
3 4321 6604 607
3 6604 4445 607
3 608 3241 3240
3 4446 608 3240
3 4484 3241 608
3 4446 5237 608
3 4484 608 4485
3 4485 608 5237
3 609 3242 3241
3 609 3241 5492
3 6956 3242 609
3 5906 609 5492
3 5906 6490 609
3 6956 609 6490
3 610 3244 3243
3 610 3243 6516
3 9671 3244 610
3 610 6516 7098
3 610 7098 8555
3 9671 610 8555
3 3245 3246 611
3 3245 611 7215
3 611 3246 7314
3 611 7214 7215
3 611 7524 7214
3 611 7314 7524
3 612 3247 3249
3 5095 3247 612
3 6547 612 3249
3 4142 4141 612
3 5095 612 4141
3 6548 4142 612
3 6548 612 6547
3 613 3248 3247
3 613 3247 5096
3 6958 3248 613
3 6959 613 5096
3 6959 6958 613
3 614 3249 3248
3 6813 614 3248
3 6815 3249 614
3 6812 614 6813
3 6812 6815 614
3 3250 3252 615
3 4580 3250 615
3 3252 5606 615
3 4580 615 4579
3 4579 615 5682
3 5801 615 5606
3 5801 5682 615
3 3252 3251 616
3 8219 616 3251
3 3595 3252 616
3 3595 616 3596
3 8219 3596 616
3 617 3253 3255
3 617 7070 3253
3 617 3255 3652
3 7241 617 3652
3 7241 7070 617
3 618 3254 3253
3 5227 618 3253
3 4306 3254 618
3 4306 618 7499
3 5226 618 5227
3 5226 7499 618
3 619 3256 3258
3 619 7434 3256
3 619 3258 4806
3 619 3532 3534
3 619 4978 3532
3 619 3534 7434
3 619 4806 4978
3 3257 3256 620
3 3256 6928 620
3 3257 620 7011
3 5403 620 5404
3 7011 620 5403
3 5404 620 6927
3 620 6928 6927
3 621 3258 3257
3 621 3257 6607
3 621 4805 3258
3 621 5846 4805
3 621 6607 5846
3 3259 3261 622
3 3259 622 5747
3 3261 6435 622
3 622 5452 5454
3 5622 5452 622
3 622 5454 5747
3 5622 622 6435
3 3259 623 3260
3 3259 5852 623
3 7050 3260 623
3 7050 623 5852
3 3260 624 3261
3 7049 624 3260
3 3261 624 5786
3 5784 5786 624
3 5784 624 5903
3 7122 5903 624
3 7049 7122 624
3 3262 3264 625
3 3262 625 6018
3 7306 625 3264
3 625 8944 6018
3 7303 7305 625
3 7303 625 7306
3 7305 8944 625
3 3262 626 3263
3 3262 3645 626
3 3263 626 5528
3 626 3645 3644
3 626 3644 5985
3 626 5985 5528
3 3263 627 3264
3 3263 5529 627
3 7311 3264 627
3 7457 627 5529
3 7311 627 7312
3 7312 627 7457
3 628 3265 3267
3 628 3290 3265
3 6506 628 3267
3 4989 3290 628
3 4989 628 4987
3 6506 4987 628
3 629 3267 3266
3 629 3266 3736
3 7133 3267 629
3 7465 629 3736
3 7465 7133 629
3 630 3268 3270
3 3536 3268 630
3 630 3270 6106
3 3425 630 3423
3 630 6106 3423
3 3536 630 3425
3 631 3269 3268
3 5898 631 3268
3 631 5623 3269
3 5453 5452 631
3 631 5452 5623
3 5453 631 5898
3 632 3270 3269
3 632 3269 3598
3 632 6105 3270
3 632 3598 3597
3 632 3597 6706
3 632 6706 6105
3 633 3271 3273
3 633 5419 3271
3 633 3273 7409
3 633 5420 5419
3 633 6697 5420
3 7202 6697 633
3 7202 633 7409
3 634 3272 3271
3 634 3271 7015
3 634 6287 3272
3 7016 6287 634
3 7016 634 7015
3 635 3273 3272
3 4570 635 3272
3 3350 3273 635
3 3350 635 3351
3 3351 635 6374
3 4569 635 4570
3 4569 6374 635
3 3276 636 3274
3 636 4070 3274
3 3276 7083 636
3 636 4071 4070
3 636 7082 4071
3 636 7083 7082
3 3275 3274 637
3 637 3274 5440
3 3726 3275 637
3 3726 637 3727
3 637 5440 3727
3 3275 638 3276
3 3275 9524 638
3 3276 638 9340
3 638 9595 9340
3 638 9524 9523
3 638 9523 9595
3 639 3279 3281
3 639 8813 3279
3 3859 639 3281
3 3859 7642 639
3 7641 7640 639
3 639 7640 8813
3 7641 639 7642
3 640 3281 3280
3 4289 640 3280
3 3860 3281 640
3 3860 640 5787
3 4289 5788 640
3 5788 5787 640
3 3284 641 3282
3 641 4580 3282
3 3284 6524 641
3 641 4993 4580
3 641 6002 4993
3 641 6523 6002
3 641 6524 6523
3 642 3283 3282
3 642 3282 4579
3 642 4512 3283
3 642 4724 4512
3 642 4579 4724
3 643 3284 3283
3 643 3283 4513
3 643 4988 3284
3 643 4513 5707
3 643 4989 4988
3 643 5707 4989
3 644 3287 3289
3 644 3739 3287
3 644 3289 6346
3 644 3737 3739
3 4095 3737 644
3 4095 644 6346
3 645 3288 3287
3 6702 645 3287
3 645 10116 3288
3 4464 4466 645
3 6702 4464 645
3 4466 9295 645
3 645 9295 10116
3 646 3289 3288
3 646 3288 3500
3 646 6616 3289
3 646 3500 3499
3 646 3499 6616
3 3291 3293 647
3 4874 3291 647
3 3293 4553 647
3 647 4553 4552
3 8929 647 4552
3 647 8929 4874
3 3292 3291 648
3 648 3291 4875
3 8423 3292 648
3 648 4875 7182
3 8423 648 7182
3 3296 649 3294
3 3294 649 5261
3 3296 5675 649
3 649 5262 5261
3 649 5675 5262
3 3295 3294 650
3 3294 6131 650
3 3295 650 3427
3 650 7319 3427
3 650 6131 9644
3 650 9644 7319
3 3296 3295 651
3 3295 3426 651
3 3296 651 4661
3 4662 651 3426
3 4662 4661 651
3 652 3298 3297
3 652 3297 9164
3 652 9537 3298
3 652 9164 9537
3 653 3299 3298
3 653 3298 9536
3 653 3588 3299
3 653 3589 3588
3 653 5441 3589
3 653 9536 5441
3 3302 654 3300
3 3300 654 4185
3 3302 5875 654
3 3858 654 3856
3 5875 3856 654
3 3858 6359 654
3 6359 4185 654
3 3301 3300 655
3 3300 4186 655
3 5319 3301 655
3 5991 655 4186
3 5319 655 5320
3 5991 5320 655
3 3302 3301 656
3 3301 5092 656
3 3302 656 6973
3 5092 5091 656
3 5091 5850 656
3 656 5850 8958
3 656 8958 6973
3 3303 3305 657
3 7193 3303 657
3 3305 7170 657
3 7782 657 7170
3 7193 657 7271
3 7271 657 7269
3 7269 657 8562
3 7782 8562 657
3 3304 658 3305
3 3304 6019 658
3 6922 3305 658
3 6019 6289 658
3 6288 658 6289
3 6922 658 6288
3 3308 659 3306
3 659 6462 3306
3 3308 5711 659
3 659 5448 5449
3 659 5711 5448
3 6761 659 5449
3 6761 6462 659
3 3307 3306 660
3 660 3306 4150
3 3307 660 8370
3 660 4150 4149
3 660 4149 8371
3 660 8371 8370
3 3307 661 3308
3 3307 9004 661
3 3308 661 5167
3 5167 661 5168
3 6992 5168 661
3 9004 6992 661
3 3309 3311 662
3 5515 3309 662
3 662 3311 8824
3 5515 662 5514
3 662 7525 5514
3 7524 7525 662
3 7524 662 8824
3 663 3310 3309
3 663 3309 7388
3 663 5597 3310
3 663 5479 5478
3 663 5478 5597
3 663 7388 5479
3 664 3311 3310
3 664 3310 3665
3 664 6729 3311
3 664 3665 3664
3 664 3664 6730
3 664 6730 6729
3 3312 3314 665
3 3312 665 7448
3 3314 9762 665
3 665 8622 7448
3 8620 8622 665
3 9761 8620 665
3 9761 665 9762
3 3312 666 3313
3 3312 5614 666
3 3313 666 3399
3 666 5613 3399
3 666 5614 5613
3 3313 667 3314
3 3313 3398 667
3 7735 3314 667
3 6015 667 3398
3 6015 6014 667
3 6014 6962 667
3 7735 667 6962
3 3317 668 3315
3 668 6618 3315
3 3317 8858 668
3 668 3744 3746
3 668 8858 3744
3 668 3746 6617
3 668 6617 6618
3 3316 3315 669
3 669 3315 8029
3 3316 669 8028
3 669 8029 8028
3 3316 670 3317
3 3316 9227 670
3 3317 670 7318
3 670 7317 7318
3 9225 7317 670
3 9226 9225 670
3 9227 9226 670
3 671 3319 3318
3 671 3318 3495
3 6105 3319 671
3 671 3495 3497
3 6106 671 3497
3 6105 671 6106
3 672 3320 3319
3 672 3319 6706
3 672 9178 3320
3 6468 672 6469
3 6468 9178 672
3 672 6706 6469
3 3323 673 3321
3 5579 3321 673
3 6140 673 3323
3 5556 5555 673
3 5555 5579 673
3 5556 673 6139
3 6139 673 6140
3 3322 3321 674
3 5580 674 3321
3 3322 674 7445
3 5580 6515 674
3 6515 6514 674
3 9489 674 6514
3 9489 7445 674
3 3323 3322 675
3 3322 7337 675
3 4239 3323 675
3 4240 4239 675
3 4240 675 7337
3 676 3324 3326
3 676 5301 3324
3 676 3326 6134
3 4531 4530 676
3 676 4530 5301
3 4531 676 6198
3 6134 6198 676
3 677 3325 3324
3 4898 677 3324
3 677 7473 3325
3 4898 4897 677
3 4897 4919 677
3 4919 7473 677
3 678 3326 3325
3 678 3325 6987
3 678 5466 3326
3 678 5467 5466
3 678 6987 5467
3 679 3328 3327
3 8566 679 3327
3 679 4997 3328
3 679 4998 4997
3 8565 4998 679
3 8565 679 8566
3 680 3329 3328
3 680 3328 9918
3 680 4424 3329
3 680 4423 4424
3 680 4468 4423
3 680 4467 4468
3 680 9918 4467
3 681 3330 3332
3 681 3365 3330
3 681 3332 4917
3 3603 3365 681
3 3603 681 5355
3 5355 681 4917
3 682 3332 3331
3 682 3331 4547
3 4918 3332 682
3 682 4547 4546
3 4918 682 4546
3 3335 683 3333
3 3333 683 9485
3 3335 9927 683
3 683 4702 4701
3 683 4701 9485
3 8161 4702 683
3 8161 683 9927
3 3334 3333 684
3 3333 8075 684
3 3334 684 4632
3 684 4633 4632
3 684 8075 4633
3 3338 685 3336
3 3449 3336 685
3 3338 6944 685
3 3447 3449 685
3 3447 685 6356
3 6944 6356 685
3 3336 686 3337
3 3336 3830 686
3 686 3394 3337
3 686 5135 3394
3 5133 686 3830
3 5133 5135 686
3 3339 687 3340
3 3339 3714 687
3 3340 687 4970
3 687 3714 6829
3 687 4971 4970
3 687 6829 4971
3 688 3341 3343
3 7011 3341 688
3 5079 688 3343
3 5079 5984 688
3 6607 688 5984
3 7011 688 6607
3 689 3343 3342
3 6381 689 3342
3 689 5080 3343
3 6380 5080 689
3 6380 689 6381
3 3344 3346 690
3 3344 690 5317
3 3346 5822 690
3 3751 3753 690
3 3751 690 5822
3 3753 5317 690
3 3344 691 3345
3 3344 7261 691
3 3345 691 5417
3 3605 691 3606
3 3605 5789 691
3 3606 691 7261
3 5417 691 5789
3 3345 692 3346
3 3345 5416 692
3 3346 692 7698
3 5416 7033 692
3 7035 692 7033
3 7035 8963 692
3 7697 7698 692
3 8963 7697 692
3 3347 3349 693
3 3347 693 7243
3 3349 7350 693
3 693 7242 7243
3 693 8781 7242
3 7350 8781 693
3 3347 694 3348
3 3347 7244 694
3 3348 694 3895
3 694 3896 3895
3 6382 3896 694
3 6382 694 7244
3 695 3349 3348
3 695 3348 4021
3 695 6414 3349
3 695 4021 4191
3 695 4191 4190
3 695 4190 6414
3 3350 3352 696
3 3350 696 7409
3 9445 696 3352
3 5172 5173 696
3 5172 696 6060
3 7409 696 5173
3 9445 6060 696
3 3351 697 3352
3 3351 6042 697
3 4770 3352 697
3 4770 697 4771
3 4771 697 6042
3 3354 3353 698
3 698 3353 9442
3 6348 3354 698
3 6348 698 7155
3 698 9441 7155
3 698 9442 9441
3 3354 699 3355
3 3354 5519 699
3 699 3669 3355
3 699 5518 3669
3 699 5519 5518
3 3356 700 3357
3 3356 3967 700
3 5882 3357 700
3 700 3967 9267
3 5882 700 6981
3 6981 700 9267
3 701 3358 3357
3 5883 701 3357
3 3701 3358 701
3 3701 701 5858
3 5858 701 7256
3 7257 701 5883
3 7256 701 7257
3 702 3359 3361
3 702 9233 3359
3 702 3361 9790
3 5157 5158 702
3 5157 702 5799
3 702 5158 7440
3 5799 702 9790
3 702 7440 9233
3 3360 3359 703
3 703 3359 6253
3 3360 703 3869
3 703 3870 3869
3 703 6253 3870
3 704 3361 3360
3 704 3360 9234
3 704 9791 3361
3 9893 704 9234
3 10153 9791 704
3 10153 704 9893
3 705 3363 3362
3 5021 705 3362
3 4647 3363 705
3 705 4645 4644
3 4647 705 4644
3 5021 4645 705
3 706 3364 3363
3 706 3363 4516
3 706 5930 3364
3 3433 706 3431
3 4518 3431 706
3 3433 5931 706
3 4518 706 4516
3 706 5931 5930
3 3366 3365 707
3 3602 707 3365
3 3366 707 7031
3 3602 5318 707
3 5318 7032 707
3 7032 7031 707
3 3367 708 3368
3 7397 708 3367
3 3368 708 5446
3 708 5666 5446
3 7397 5666 708
3 3370 3372 709
3 3370 709 6859
3 3372 3794 709
3 5194 709 3794
3 5194 5193 709
3 5193 6859 709
3 3370 710 3371
3 3370 6860 710
3 3371 710 9218
3 9820 710 6860
3 710 9219 9218
3 9820 9219 710
3 3371 711 3372
3 3371 8245 711
3 3372 711 3793
3 3793 711 8244
3 8245 8244 711
3 712 3373 3375
3 5841 3373 712
3 712 3375 9111
3 5841 712 6182
3 6147 6149 712
3 6147 712 9111
3 6149 6182 712
3 3373 713 3374
3 5431 713 3373
3 5835 3374 713
3 713 4756 4755
3 713 4755 4835
3 5431 4756 713
3 5835 713 4835
3 714 3376 3378
3 714 3456 3376
3 714 3378 3453
3 714 3453 3455
3 714 3455 9506
3 714 9506 3456
3 715 3377 3376
3 715 3376 3457
3 5322 3377 715
3 715 3457 6655
3 5322 715 6654
3 715 6655 6654
3 716 3378 3377
3 5321 716 3377
3 716 4165 3378
3 716 6255 4165
3 8835 716 5321
3 8835 6255 716
3 3379 3380 717
3 9283 3379 717
3 717 3380 5693
3 6687 717 5693
3 6687 6688 717
3 9283 717 6688
3 3383 718 3381
3 718 4367 3381
3 3962 718 3383
3 4284 718 3962
3 4284 4286 718
3 4286 4795 718
3 718 5758 4367
3 718 4795 5758
3 719 3382 3381
3 719 3381 4309
3 719 7619 3382
3 719 4309 4311
3 719 4311 7620
3 719 7620 7619
3 720 3383 3382
3 720 3382 7760
3 720 3961 3383
3 720 4582 3961
3 4583 4582 720
3 4583 720 7760
3 3387 721 3385
3 3385 721 6730
3 3387 5289 721
3 721 3585 3587
3 5289 3585 721
3 3587 4930 721
3 6730 721 4930
3 722 3386 3385
3 722 3385 3664
3 4858 3386 722
3 722 3664 3663
3 5600 722 3663
3 4859 4858 722
3 4859 722 5600
3 3386 723 3387
3 6883 723 3386
3 8733 3387 723
3 7567 723 6883
3 7567 8733 723
3 3388 724 3389
3 5632 724 3388
3 6787 3389 724
3 5611 724 5612
3 5611 7374 724
3 5632 5612 724
3 6787 724 7137
3 7137 724 7374
3 725 3390 3389
3 5568 725 3389
3 725 4664 3390
3 725 4665 4664
3 5568 4665 725
3 3392 3391 726
3 5030 726 3391
3 3392 726 6211
3 726 5030 5029
3 5121 726 5029
3 6211 726 5121
3 727 3393 3392
3 3886 727 3392
3 3393 727 3755
3 3885 3755 727
3 3885 727 3886
3 3397 728 3395
3 6986 3395 728
3 3397 3491 728
3 5054 728 3491
3 7053 728 5054
3 7053 6986 728
3 729 3396 3395
3 729 3395 6265
3 729 7320 3396
3 729 3868 3867
3 729 3867 7320
3 729 6265 3868
3 730 3398 3399
3 730 6077 3398
3 730 3399 3988
3 730 3988 3990
3 9876 730 3990
3 730 9876 6077
3 3402 731 3400
3 731 6549 3400
3 3402 4908 731
3 4908 4907 731
3 4907 6549 731
3 3402 3401 732
3 3479 732 3401
3 3402 732 8822
3 3479 3478 732
3 3478 8823 732
3 732 8823 8822
3 733 3403 3405
3 6233 3403 733
3 733 3405 6306
3 8417 6233 733
3 7630 733 6306
3 7630 8417 733
3 734 3404 3403
3 6234 734 3403
3 734 3788 3404
3 734 3789 3788
3 6234 3789 734
3 735 3405 3404
3 6378 735 3404
3 6305 3405 735
3 6305 735 6377
3 6378 6377 735
3 736 3406 3408
3 4628 3406 736
3 736 3408 7625
3 4628 736 4627
3 4627 736 6007
3 736 7625 6007
3 737 3407 3406
3 737 3406 3632
3 737 6953 3407
3 737 3632 3631
3 8944 737 3631
3 6954 6953 737
3 6954 737 8943
3 8943 737 8944
3 738 3408 3407
3 738 3407 6952
3 738 6951 3408
3 738 6952 6951
3 3409 3410 739
3 6019 3409 739
3 3410 9140 739
3 6019 739 6142
3 739 6141 6142
3 739 6504 6141
3 739 9140 6504
3 740 3411 3413
3 740 5774 3411
3 740 3413 6899
3 740 7573 5774
3 740 6899 6901
3 740 6901 7573
3 741 3412 3411
3 741 3411 5775
3 741 5291 3412
3 741 6589 5291
3 741 5775 6590
3 741 6590 6589
3 742 3413 3412
3 742 3412 4573
3 742 7286 3413
3 742 4573 4572
3 4572 7287 742
3 742 7287 7286
3 3416 743 3414
3 3414 743 3944
3 3416 7049 743
3 7500 3944 743
3 7049 7050 743
3 7050 7500 743
3 3416 3415 744
3 4017 744 3415
3 3416 744 7122
3 4017 4016 744
3 744 4016 7122
3 3418 3417 745
3 745 3417 7537
3 3418 745 7441
3 745 4671 4670
3 745 4670 7441
3 745 7537 4671
3 3422 746 3420
3 3420 746 5282
3 4818 746 3422
3 5667 746 4818
3 5669 5282 746
3 5667 5669 746
3 747 3421 3420
3 747 3420 5283
3 747 4895 3421
3 747 4896 4895
3 747 5283 4896
3 3422 3421 748
3 6074 748 3421
3 4817 3422 748
3 4817 748 6663
3 6073 748 6074
3 6073 6663 748
3 749 3424 3423
3 749 3423 3497
3 4011 3424 749
3 749 3497 3496
3 4011 749 3496
3 750 3425 3424
3 750 3424 6416
3 750 3535 3425
3 750 4940 3535
3 7128 4940 750
3 750 6416 7081
3 7128 750 7081
3 3427 751 3426
3 3678 3426 751
3 3427 6645 751
3 3678 751 3679
3 4810 3679 751
3 6647 4810 751
3 6647 751 6645
3 3430 752 3428
3 3922 3428 752
3 3430 7475 752
3 3922 752 3920
3 6602 3920 752
3 6602 752 7475
3 753 3429 3428
3 4800 753 3428
3 753 4468 3429
3 753 6935 4468
3 4800 8928 753
3 8928 6935 753
3 3430 3429 754
3 4467 754 3429
3 3430 754 7479
3 7744 754 4467
3 7743 7479 754
3 7744 7743 754
3 755 3432 3431
3 7463 755 3431
3 6898 3432 755
3 6898 755 7096
3 7945 7096 755
3 7463 7945 755
3 756 3433 3432
3 5727 756 3432
3 756 7607 3433
3 5727 5726 756
3 5726 7607 756
3 757 3435 3434
3 757 3434 4171
3 757 9140 3435
3 7906 757 4171
3 5962 5961 757
3 5961 9140 757
3 5962 757 7906
3 3438 758 3436
3 3883 3436 758
3 3438 4084 758
3 3477 758 3475
3 3475 758 4084
3 3477 3883 758
3 3437 3436 759
3 3928 759 3436
3 6115 3437 759
3 3928 7549 759
3 759 5507 5506
3 6115 759 5506
3 7549 5507 759
3 3438 3437 760
3 6116 760 3437
3 3438 760 4083
3 4083 760 4170
3 760 4169 4170
3 6116 4169 760
3 761 3439 3441
3 761 3864 3439
3 3441 7855 761
3 761 6567 3864
3 9187 6567 761
3 9187 761 7855
3 762 3440 3439
3 762 3439 3865
3 7279 3440 762
3 762 3865 5246
3 762 5246 5688
3 7279 762 5688
3 763 3441 3440
3 763 3440 6061
3 3441 763 7853
3 763 4137 4139
3 763 6061 4137
3 7854 763 4139
3 7853 763 7854
3 764 3442 3444
3 764 3618 3442
3 764 3444 5608
3 764 3616 3618
3 764 5009 3616
3 764 5007 5009
3 764 5608 5007
3 765 3443 3442
3 765 3442 5516
3 7145 3443 765
3 5142 765 5143
3 5142 7146 765
3 765 5516 5143
3 7146 7145 765
3 766 3444 3443
3 766 3443 9320
3 3444 766 8260
3 766 3517 3519
3 766 9320 3517
3 766 3519 4378
3 8260 766 4378
3 767 3446 3445
3 767 3445 3954
3 4805 3446 767
3 6040 767 3954
3 4805 767 4806
3 6040 4806 767
3 3448 768 3449
3 3448 4412 768
3 3449 768 3830
3 768 7478 3830
3 768 4412 4411
3 768 4411 7478
3 3450 3452 769
3 3450 769 9237
3 769 3452 7560
3 769 6779 6781
3 769 7560 6779
3 769 6781 9237
3 770 3451 3450
3 770 3450 7532
3 770 7531 3451
3 770 7532 7531
3 3453 771 3454
3 4165 771 3453
3 4649 3454 771
3 5990 771 4165
3 4649 771 6207
3 5991 771 5990
3 5991 6207 771
3 772 3455 3454
3 4648 772 3454
3 6247 3455 772
3 6245 772 4648
3 6245 6247 772
3 773 3457 3456
3 8917 773 3456
3 4942 3457 773
3 4942 773 4943
3 4943 773 5473
3 5473 773 8917
3 3458 3460 774
3 3458 774 5065
3 3943 774 3460
3 7312 774 3943
3 774 5063 5065
3 7312 5063 774
3 3458 775 3459
3 3458 7115 775
3 3459 775 4428
3 7422 4428 775
3 775 7115 7114
3 7422 775 7114
3 3459 776 3460
3 3459 4427 776
3 3942 3460 776
3 3942 776 4427
3 777 3462 3461
3 777 3461 6975
3 777 6391 3462
3 777 9692 6391
3 9534 777 6975
3 9534 9692 777
3 3463 3465 778
3 3463 778 8447
3 5292 778 3465
3 5292 7467 778
3 778 7467 8448
3 778 8448 8447
3 3463 779 3464
3 3463 8450 779
3 4945 3464 779
3 4945 779 9149
3 779 8450 8463
3 10027 779 8463
3 10027 9149 779
3 3464 780 3465
3 3464 4944 780
3 3465 780 3780
3 780 3781 3780
3 780 8472 3781
3 4944 8473 780
3 780 8473 8472
3 781 3466 3468
3 7610 3466 781
3 781 3468 5794
3 781 5794 5796
3 7610 781 5796
3 782 3467 3466
3 782 3466 8752
3 782 9345 3467
3 782 3704 3703
3 782 3703 9345
3 782 8752 3704
3 3467 783 3468
3 6825 783 3467
3 783 8753 3468
3 783 4346 4345
3 783 4345 8753
3 783 5566 4346
3 6825 5566 783
3 3469 784 3470
3 3469 5350 784
3 6463 3470 784
3 5351 784 5350
3 5351 6463 784
3 3470 785 3471
3 4413 785 3470
3 4245 3471 785
3 4245 785 8820
3 4413 4412 785
3 4412 8820 785
3 786 3472 3474
3 786 9265 3472
3 4718 786 3474
3 786 4432 4434
3 4718 4432 786
3 786 4434 9265
3 787 3473 3472
3 787 3472 4823
3 3729 3473 787
3 3729 787 4822
3 787 4823 4822
3 788 3478 3480
3 788 10124 3478
3 9491 788 3480
3 788 7513 7514
3 9491 7513 788
3 788 7514 10124
3 789 3480 3479
3 789 3479 5773
3 789 3492 3480
3 789 3493 3492
3 789 5772 3493
3 789 5773 5772
3 790 3481 3483
3 790 9345 3481
3 790 3483 3821
3 790 3821 3956
3 790 3956 3958
3 790 3958 6825
3 790 6825 9345
3 791 3482 3481
3 791 3481 3703
3 791 4528 3482
3 791 3703 3702
3 791 3702 4528
3 792 3483 3482
3 792 3482 4199
3 792 3820 3483
3 792 8039 3820
3 792 4199 4198
3 792 4198 8039
3 3486 793 3484
3 4281 3484 793
3 6576 793 3486
3 4281 793 4280
3 6578 4280 793
3 6578 793 6576
3 794 3485 3484
3 5037 794 3484
3 794 5114 3485
3 5037 6931 794
3 7372 5114 794
3 6931 7372 794
3 3486 3485 795
3 3485 5115 795
3 3486 795 6955
3 5426 795 5115
3 5428 795 5426
3 5428 5513 795
3 5513 6955 795
3 796 3487 3489
3 796 4445 3487
3 7021 796 3489
3 4446 4445 796
3 4446 796 7020
3 7020 796 7021
3 3487 797 3488
3 6604 797 3487
3 3488 797 4734
3 797 4735 4734
3 797 7355 4735
3 6604 7355 797
3 3489 3488 798
3 3488 6460 798
3 3489 798 6055
3 6056 6055 798
3 6056 798 6936
3 798 6460 6461
3 798 6461 6936
3 3491 3490 799
3 3987 799 3490
3 799 5053 3491
3 3987 3986 799
3 3986 4169 799
3 5053 799 4169
3 800 3492 3494
3 800 9491 3492
3 800 3494 5289
3 800 5289 8733
3 800 6591 6593
3 800 8733 6591
3 800 6593 9491
3 801 3494 3493
3 801 3493 6666
3 801 3585 3494
3 801 3586 3585
3 6666 3586 801
3 802 3496 3495
3 802 3495 6317
3 4012 3496 802
3 4012 802 6159
3 6159 802 6316
3 6316 802 6317
3 803 3498 3500
3 803 6192 3498
3 803 3500 10116
3 803 3543 3545
3 3543 803 10116
3 803 3545 6192
3 804 3499 3498
3 804 3498 6193
3 804 6615 3499
3 6152 6151 804
3 804 6151 6615
3 6152 804 6193
3 805 3501 3503
3 805 3991 3501
3 805 3503 3845
3 3847 805 3845
3 805 3847 5535
3 805 4252 3991
3 805 5535 4252
3 806 3502 3501
3 806 3501 3992
3 806 5160 3502
3 806 3992 4437
3 7495 806 4437
3 806 5161 5160
3 7495 5161 806
3 3503 3502 807
3 3502 5162 807
3 3503 807 5041
3 5041 807 7352
3 7353 807 5162
3 7352 807 7353
3 3505 3504 808
3 3504 5084 808
3 3505 808 3895
3 4021 3895 808
3 4021 808 5084
3 809 3506 3508
3 809 5843 3506
3 809 3508 4820
3 809 4439 4441
3 6071 4439 809
3 809 4441 5843
3 6071 809 4820
3 3507 3506 810
3 3506 5842 810
3 3507 810 5848
3 810 5842 5844
3 810 5844 5848
3 3511 811 3509
3 3509 811 6689
3 3776 811 3511
3 3778 811 3776
3 3778 7235 811
3 811 7235 6689
3 3510 3509 812
3 6158 812 3509
3 3510 812 5837
3 4108 4107 812
3 4107 5837 812
3 4108 812 6157
3 6158 6157 812
3 813 3513 3512
3 3966 813 3512
3 4167 3513 813
3 3966 4241 813
3 4167 813 4240
3 4241 4240 813
3 814 3514 3516
3 4871 3514 814
3 5252 814 3516
3 4871 814 5663
3 5252 5577 814
3 814 5577 5663
3 3518 3517 815
3 3517 5986 815
3 3518 815 3643
3 3644 3643 815
3 3644 815 5986
3 816 3519 3518
3 816 3518 3633
3 816 4379 3519
3 816 3633 3632
3 4628 816 3632
3 4628 4379 816
3 3522 817 3520
3 817 4501 3520
3 3522 3772 817
3 817 3772 4955
3 817 6810 4501
3 817 4955 6810
3 3523 818 3524
3 3523 7228 818
3 3524 818 8809
3 7228 8807 818
3 8807 8809 818
3 3524 819 3525
3 3524 6760 819
3 3525 819 4785
3 819 4783 4785
3 819 5449 4783
3 819 6760 5449
3 3528 820 3526
3 3526 820 8731
3 6878 820 3528
3 6876 6877 820
3 6876 820 6878
3 7121 820 6877
3 7121 8731 820
3 3527 3526 821
3 3526 8732 821
3 5202 3527 821
3 5202 821 5203
3 5203 821 9454
3 821 8732 9454
3 822 3528 3527
3 822 3527 5297
3 822 7523 3528
3 822 5297 9552
3 822 7522 7521
3 822 7521 7523
3 822 9552 7522
3 823 3529 3531
3 823 7846 3529
3 823 3531 4629
3 823 4629 6896
3 823 6896 6897
3 823 6897 7846
3 824 3534 3533
3 824 3533 4720
3 824 7435 3534
3 6925 824 4720
3 6925 7432 824
3 7432 7435 824
3 825 3540 3539
3 825 3539 8098
3 5101 3540 825
3 5101 825 5102
3 5102 825 8872
3 9620 825 8098
3 825 8873 8872
3 8873 825 9620
3 3541 3542 826
3 826 7562 3541
3 3542 7147 826
3 826 7147 7149
3 826 7149 7604
3 7562 826 7604
3 3543 827 3544
3 3543 9295 827
3 3544 827 4304
3 827 4305 4304
3 827 9294 4305
3 827 9295 9294
3 3545 3544 828
3 828 3544 3590
3 3545 828 5442
3 828 3590 3589
3 828 3589 5442
3 3547 3546 829
3 6266 829 3546
3 6166 3547 829
3 5504 829 5503
3 6266 5503 829
3 5504 7217 829
3 8906 6166 829
3 8906 829 7217
3 3548 3547 830
3 3571 830 3547
3 4268 3548 830
3 3570 830 3571
3 4268 830 3570
3 3550 831 3551
3 3550 3743 831
3 5489 3551 831
3 9266 831 3743
3 831 5490 5489
3 5490 831 9266
3 832 3553 3552
3 832 3552 6948
3 832 7213 3553
3 832 5336 5335
3 832 5335 7213
3 832 6948 5336
3 833 3554 3553
3 833 3553 9105
3 5324 3554 833
3 5324 833 5325
3 5325 833 9105
3 834 3557 3556
3 834 3556 6763
3 834 5336 3557
3 834 5187 5186
3 834 5186 5336
3 834 6763 5187
3 3560 835 3558
3 3558 835 3747
3 3560 6838 835
3 3747 835 4263
3 835 8420 4263
3 6839 835 6838
3 6839 8420 835
3 3559 3558 836
3 3558 3748 836
3 3559 836 5783
3 3748 6313 836
3 6314 5783 836
3 6313 6314 836
3 3560 3559 837
3 3559 5782 837
3 3560 837 7580
3 7252 837 5782
3 7580 837 7252
3 3561 838 3562
3 3561 6041 838
3 3562 838 6560
3 838 6041 6042
3 838 6042 6374
3 838 6374 6561
3 838 6561 6560
3 839 3563 3562
3 9113 839 3562
3 839 5628 3563
3 839 7068 5628
3 8961 7068 839
3 9113 8961 839
3 3564 3566 840
3 3564 840 6726
3 4478 840 3566
3 4478 4480 840
3 4480 6726 840
3 3564 841 3565
3 841 3564 6727
3 3565 841 4266
3 4266 841 5999
3 841 6000 5999
3 6727 6000 841
3 3565 842 3566
3 4155 842 3565
3 3566 842 8802
3 4155 4154 842
3 4154 7638 842
3 7638 8802 842
3 843 3567 3569
3 843 5224 3567
3 843 3569 6700
3 843 5222 5224
3 843 5866 5222
3 843 6700 5866
3 3568 844 3569
3 3568 3911 844
3 3569 844 7548
3 3911 3910 844
3 7548 844 3910
3 3572 3571 845
3 845 3571 6166
3 3572 845 4951
3 4949 4951 845
3 4949 845 9521
3 845 6166 6709
3 6710 845 6709
3 6710 9521 845
3 3573 3575 846
3 3573 846 4927
3 6194 846 3575
3 8424 4927 846
3 6194 8428 846
3 8428 8424 846
3 3574 847 3575
3 3574 6310 847
3 3575 847 4860
3 847 4861 4860
3 6310 4861 847
3 3576 3578 848
3 3576 848 8934
3 3578 5603 848
3 848 5603 5605
3 8935 848 5605
3 8934 848 8935
3 3577 3576 849
3 9158 849 3576
3 4655 3577 849
3 4656 4655 849
3 4656 849 9158
3 3577 850 3578
3 3577 7007 850
3 850 3807 3578
3 3808 3807 850
3 3808 850 7007
3 3580 851 3579
3 4253 3579 851
3 4330 851 3580
3 3812 851 3810
3 3810 851 4330
3 3812 4866 851
3 4866 4253 851
3 852 3584 3583
3 7042 852 3583
3 4336 3584 852
3 4336 852 4337
3 852 6147 4337
3 852 6148 6147
3 6772 6148 852
3 7042 6772 852
3 853 3588 3590
3 5855 3588 853
3 853 3590 4304
3 853 4304 4303
3 5856 853 4303
3 5856 5855 853
3 3591 3593 854
3 8258 3591 854
3 3593 7366 854
3 8256 854 7366
3 8258 854 8256
3 3591 855 3592
3 8259 855 3591
3 855 6068 3592
3 3977 3976 855
3 3976 4969 855
3 8259 3977 855
3 855 4969 6069
3 855 6069 6068
3 3593 3592 856
3 3592 4087 856
3 4295 3593 856
3 4087 4086 856
3 856 4086 6738
3 4295 856 4296
3 856 6738 4296
3 857 3594 3596
3 3594 857 5607
3 8215 857 3596
3 5607 857 6771
3 857 6770 6771
3 8215 6770 857
3 3594 858 3595
3 3594 5367 858
3 3595 858 5606
3 858 5367 5368
3 858 5368 6521
3 858 6522 5606
3 858 6521 6522
3 3597 3599 859
3 6469 3597 859
3 3599 6113 859
3 6113 6114 859
3 6469 859 6114
3 3598 860 3599
3 5623 860 3598
3 6834 3599 860
3 5285 5284 860
3 5284 6834 860
3 5285 860 5622
3 5623 5622 860
3 861 3601 3600
3 861 3600 6354
3 861 4029 3601
3 861 3656 3655
3 861 3655 4029
3 861 6790 3656
3 861 6354 6790
3 3602 3603 862
3 3602 862 5050
3 3603 5136 862
3 862 5048 5050
3 862 5138 5048
3 862 5136 5138
3 863 3604 3606
3 6603 3604 863
3 863 3606 7489
3 863 4105 4104
3 6603 863 4104
3 863 6038 4105
3 863 7489 6038
3 864 3605 3604
3 5154 864 3604
3 864 5790 3605
3 5153 864 5154
3 864 5153 5790
3 3607 3609 865
3 3607 865 5744
3 3609 4699 865
3 865 4697 4698
3 865 4699 4697
3 5744 865 4698
3 3607 866 3608
3 3607 6497 866
3 7233 3608 866
3 866 6497 6496
3 7234 866 6496
3 7233 866 7234
3 3608 867 3609
3 5069 867 3608
3 7072 3609 867
3 5069 5071 867
3 5071 7429 867
3 7073 7072 867
3 7073 867 7505
3 867 7429 7505
3 868 3612 3611
3 6881 868 3611
3 868 6631 3612
3 7013 6631 868
3 868 6840 6841
3 6881 6840 868
3 7013 868 6841
3 869 3613 3615
3 8030 3613 869
3 869 3615 4836
3 869 4836 4838
3 7014 869 4838
3 7014 8030 869
3 870 3614 3613
3 8031 870 3613
3 870 6693 3614
3 8032 6693 870
3 8031 8032 870
3 871 3617 3616
3 7174 871 3616
3 871 6150 3617
3 6151 6150 871
3 6151 871 7175
3 7175 871 7174
3 3621 872 3622
3 5227 872 3621
3 3622 872 7088
3 5227 7070 872
3 7070 7731 872
3 872 7730 7088
3 872 7731 7730
3 3623 873 3624
3 4127 873 3623
3 3624 873 5088
3 4126 873 4127
3 4126 5088 873
3 3624 874 3625
3 3624 8910 874
3 3625 874 4125
3 874 7611 4125
3 874 7729 7611
3 874 8910 7729
3 875 3629 3628
3 875 3628 7343
3 875 6238 3629
3 6215 6214 875
3 875 6214 6376
3 6215 875 6570
3 875 6376 6238
3 6570 875 7343
3 876 3630 3629
3 876 3629 6239
3 876 6960 3630
3 876 6239 6961
3 876 6961 6960
3 3633 877 3631
3 6018 3631 877
3 3643 877 3633
3 3645 877 3643
3 6018 877 3645
3 878 3634 3636
3 5969 3634 878
3 878 3636 9521
3 878 3640 3642
3 878 9521 3640
3 5969 878 3642
3 3634 879 3635
3 3634 7403 879
3 879 8998 3635
3 879 6746 6745
3 879 6745 9868
3 879 7403 6746
3 879 9868 8998
3 3635 880 3636
3 3635 4950 880
3 4949 3636 880
3 4949 880 4950
3 881 3637 3639
3 881 4728 3637
3 881 3639 6633
3 5584 4728 881
3 7494 5584 881
3 8930 881 6633
3 7494 881 8930
3 3638 3637 882
3 3637 4729 882
3 3638 882 6635
3 4729 6635 882
3 3639 3638 883
3 3638 6634 883
3 3639 883 6632
3 6353 883 6354
3 6353 7114 883
3 6354 883 6634
3 6632 883 7114
3 3640 884 3641
3 6710 884 3640
3 7039 3641 884
3 5363 884 5364
3 7039 884 5363
3 6710 5364 884
3 3646 3648 885
3 3646 885 5158
3 3648 7751 885
3 885 7439 5158
3 885 9643 7439
3 885 7751 9642
3 885 9642 9643
3 886 3647 3646
3 886 3646 5157
3 886 6646 3647
3 886 5157 5800
3 886 5800 6647
3 886 6647 6646
3 887 3648 3647
3 887 3647 8380
3 887 7750 3648
3 887 7749 7748
3 7750 887 7748
3 887 9644 7749
3 9644 887 8380
3 3650 3649 888
3 7769 888 3649
3 3650 888 9605
3 6649 6648 888
3 888 6648 9605
3 888 7769 6649
3 3652 3651 889
3 4787 889 3651
3 7240 3652 889
3 4787 6842 889
3 7260 889 6842
3 7260 7240 889
3 3654 890 3653
3 7860 3653 890
3 4816 890 3654
3 4816 6273 890
3 6273 6909 890
3 6909 8089 890
3 890 8089 7860
3 3657 3656 891
3 3656 6791 891
3 3657 891 7423
3 5241 891 5242
3 5241 7423 891
3 5242 891 6791
3 3658 3660 892
3 892 3805 3658
3 3941 892 3660
3 892 5380 3805
3 3941 8958 892
3 892 5378 5380
3 892 8958 5378
3 3659 3658 893
3 3806 893 3658
3 3659 893 3801
3 3801 893 6584
3 3806 8442 893
3 8444 6584 893
3 8442 8444 893
3 3659 894 3660
3 3659 3800 894
3 894 3940 3660
3 894 3800 3857
3 894 3857 3856
3 894 3856 3940
3 895 3662 3661
3 895 3661 5905
3 895 5130 3662
3 895 5131 5130
3 5905 5131 895
3 3663 3665 896
3 3663 896 5599
3 896 3665 5597
3 896 5597 5598
3 896 5598 5599
3 3666 3668 897
3 6782 3666 897
3 3668 4448 897
3 7620 897 4448
3 8069 6782 897
3 8068 897 7620
3 8068 8069 897
3 3667 898 3668
3 3667 4166 898
3 3668 898 4447
3 6813 898 4166
3 6958 4447 898
3 6958 898 6813
3 899 3670 3672
3 899 5265 3670
3 899 3672 5520
3 899 7791 5265
3 899 5520 5522
3 899 5522 6177
3 899 6177 7791
3 900 3671 3670
3 900 3670 5266
3 900 4881 3671
3 900 7768 4881
3 900 5266 6455
3 900 6455 7768
3 901 3672 3671
3 901 3671 4882
3 901 6386 3672
3 901 4882 5981
3 901 5981 5982
3 901 5982 6386
3 3674 3673 902
3 4575 902 3673
3 3674 902 3736
3 4801 3736 902
3 4575 4574 902
3 4801 902 4574
3 3677 903 3675
3 3675 903 6936
3 3677 5750 903
3 903 5750 5751
3 903 5751 6821
3 6823 903 6821
3 6823 6936 903
3 3676 3675 904
3 3675 6461 904
3 3676 904 5934
3 5934 904 5935
3 5935 904 6461
3 3677 3676 905
3 6596 905 3676
3 3677 905 5116
3 905 5117 5116
3 905 5232 5117
3 6596 5232 905
3 906 3680 3682
3 7623 3680 906
3 906 3682 3689
3 906 3689 3691
3 5230 906 3691
3 5230 7622 906
3 7622 7623 906
3 907 3681 3680
3 4526 907 3680
3 907 6672 3681
3 4526 4525 907
3 4525 6672 907
3 908 3682 3681
3 6673 908 3681
3 908 4003 3682
3 908 4004 4003
3 908 7892 4004
3 7891 908 6673
3 7891 7892 908
3 3683 3685 909
3 3683 909 4152
3 909 3685 5752
3 909 6078 4152
3 909 5752 5753
3 6602 909 5753
3 6602 6078 909
3 3683 910 3684
3 3683 4151 910
3 910 6334 3684
3 4100 4102 910
3 4100 910 6181
3 4102 6334 910
3 910 4151 6181
3 911 3685 3684
3 911 3684 7134
3 911 7298 3685
3 911 7134 8965
3 911 8965 7298
3 912 3686 3688
3 4899 3686 912
3 912 3688 4442
3 4590 912 4442
3 4590 4592 912
3 4592 4899 912
3 913 3687 3686
3 913 3686 4827
3 913 5792 3687
3 913 4827 4829
3 913 4829 5793
3 913 5793 5792
3 914 3690 3689
3 914 3689 4003
3 914 8980 3690
3 914 4003 4002
3 914 4002 8980
3 915 3691 3690
3 915 3690 5900
3 4370 3691 915
3 4370 915 4368
3 7223 4368 915
3 915 5900 5899
3 7223 915 5899
3 3692 3694 916
3 3692 916 4803
3 3694 6961 916
3 4803 916 6424
3 6422 6424 916
3 6422 916 6961
3 3693 3692 917
3 3692 4804 917
3 3693 917 3991
3 3991 917 3992
3 3992 917 4438
3 4804 4438 917
3 3693 918 3694
3 3693 4252 918
3 918 6960 3694
3 3972 3971 918
3 918 3971 6960
3 3972 918 4252
3 919 3696 3695
3 919 3695 4303
3 919 4865 3696
3 919 4303 4305
3 919 4305 6692
3 919 6692 4865
3 920 3697 3696
3 920 3696 3931
3 920 5630 3697
3 920 3931 3930
3 920 3930 6436
3 5631 5630 920
3 7082 5631 920
3 7082 920 6436
3 3699 3698 921
3 4787 921 3698
3 3699 921 6810
3 4787 4786 921
3 4786 6810 921
3 3699 922 3700
3 922 3699 4955
3 5349 3700 922
3 4954 922 4955
3 5303 922 4954
3 5303 5349 922
3 3702 3704 923
3 4262 3702 923
3 923 3704 7381
3 4260 4262 923
3 4260 923 6408
3 923 7383 6408
3 923 7381 7383
3 3707 924 3705
3 924 8165 3705
3 3707 4644 924
3 924 4644 4646
3 9143 924 4646
3 924 9143 8165
3 925 3706 3705
3 925 3705 8166
3 4571 3706 925
3 4572 4571 925
3 4572 925 8166
3 926 3707 3706
3 926 3706 7380
3 926 4647 3707
3 4517 4516 926
3 4516 4647 926
3 4517 926 7380
3 927 3709 3708
3 927 3708 7353
3 927 3743 3709
3 927 7565 3743
3 927 7353 7565
3 928 3712 3711
3 928 3711 8932
3 928 6286 3712
3 4049 4048 928
3 4048 6286 928
3 4049 928 8932
3 929 3716 3718
3 3915 3716 929
3 6855 929 3718
3 3915 929 8725
3 6855 7239 929
3 8725 929 7239
3 930 3717 3716
3 930 3716 3916
3 930 7367 3717
3 930 3916 7508
3 930 7508 7367
3 931 3718 3717
3 931 3717 7091
3 6854 3718 931
3 6854 931 7468
3 931 7091 7090
3 931 7090 7468
3 3720 3719 932
3 932 3719 7899
3 3720 932 4161
3 932 4159 4161
3 932 6335 4159
3 932 6771 6335
3 932 7899 6771
3 3722 3721 933
3 5583 933 3721
3 933 5582 3722
3 933 5583 5582
3 3725 934 3723
3 3723 934 7222
3 3725 5911 934
3 934 5911 5913
3 934 5913 7100
3 934 7100 7222
3 3724 3723 935
3 3723 8046 935
3 3724 935 3744
3 3744 935 3745
3 3745 935 9522
3 935 7255 7254
3 935 7254 9522
3 935 8046 7255
3 936 3725 3724
3 936 3724 8858
3 936 4287 3725
3 936 4288 4287
3 6173 4288 936
3 6173 936 7318
3 936 8858 7318
3 3726 3728 937
3 3726 937 9524
3 937 3728 10117
3 4674 4673 937
3 4673 9524 937
3 4674 937 5462
3 5462 937 9084
3 937 10117 9084
3 938 3728 3727
3 938 3727 5439
3 9080 3728 938
3 9081 938 5439
3 9081 9080 938
3 3732 3731 939
3 5724 939 3731
3 3732 939 4315
3 5724 4315 939
3 940 3733 3735
3 940 7341 3733
3 940 3735 3859
3 940 3859 3860
3 940 3860 7341
3 941 3734 3733
3 941 3733 9749
3 941 9141 3734
3 6670 6671 941
3 6670 941 8734
3 6671 7485 941
3 941 7485 9141
3 941 9749 8734
3 942 3735 3734
3 942 3734 6296
3 942 7642 3735
3 942 6296 6295
3 942 6295 7643
3 942 7643 7642
3 3737 943 3738
3 4096 943 3737
3 5745 3738 943
3 5437 943 4096
3 5437 5436 943
3 5436 7791 943
3 943 7790 5745
3 7790 943 7791
3 3742 944 3740
3 3740 944 5415
3 3742 4584 944
3 944 4584 4586
3 944 4586 6049
3 5415 944 6050
3 944 6049 6050
3 945 3741 3740
3 945 3740 5390
3 945 5445 3741
3 945 5390 5391
3 945 5391 5443
3 945 5443 5445
3 3742 3741 946
3 946 3741 5922
3 3742 946 6711
3 946 5922 5921
3 946 5921 6711
3 3746 3745 947
3 3745 6621 947
3 3746 947 6619
3 947 6621 6619
3 3751 948 3752
3 3751 5823 948
3 6051 3752 948
3 5637 5639 948
3 5823 5637 948
3 5923 948 5639
3 6051 948 5923
3 3752 949 3753
3 3752 4410 949
3 3753 949 5316
3 4409 949 4410
3 6039 949 4409
3 5316 949 6038
3 6039 6038 949
3 3754 3755 950
3 5062 3754 950
3 3755 5562 950
3 5060 5062 950
3 5060 950 5563
3 950 5562 5563
3 3756 951 3757
3 8153 951 3756
3 3757 951 7222
3 951 8046 7222
3 8047 8046 951
3 8152 8047 951
3 951 8153 8152
3 3760 952 3758
3 10057 3758 952
3 9019 952 3760
3 8473 952 8471
3 9020 8471 952
3 10057 952 8473
3 9019 9020 952
3 953 3759 3758
3 953 3758 6968
3 4355 3759 953
3 4355 953 6967
3 6967 953 6965
3 953 6968 6965
3 954 3760 3759
3 954 3759 4354
3 954 5674 3760
3 3893 954 3894
3 3893 5674 954
3 954 4398 3894
3 954 4354 4398
3 3765 955 3763
3 5225 3763 955
3 4696 955 3765
3 4696 7136 955
3 5225 955 7136
3 3764 3763 956
3 956 3763 4791
3 4698 3764 956
3 4698 956 4793
3 956 4791 4793
3 957 3765 3764
3 4697 957 3764
3 4695 3765 957
3 4695 957 7138
3 4697 4700 957
3 4700 7138 957
3 3767 3766 958
3 958 3766 7282
3 3767 958 5511
3 958 7281 5511
3 958 7282 7281
3 959 3768 3770
3 7084 3768 959
3 959 3770 6137
3 959 5276 5278
3 959 6137 5276
3 959 5278 7084
3 960 3772 3771
3 960 3771 5470
3 960 4954 3772
3 960 5304 4954
3 960 5470 5304
3 961 3773 3775
3 961 4660 3773
3 6021 961 3775
3 961 4658 4660
3 961 6022 4658
3 6021 6022 961
3 962 3775 3774
3 962 3774 8914
3 8163 3775 962
3 5256 962 5255
3 962 8914 5255
3 5256 6944 962
3 8163 962 6944
3 3777 3776 963
3 4308 963 3776
3 3777 963 5504
3 4308 4307 963
3 4307 5703 963
3 963 6920 5504
3 963 5703 6920
3 3778 3777 964
3 3777 5503 964
3 6267 3778 964
3 6267 964 5503
3 3782 965 3780
3 5292 3780 965
3 4511 965 3782
3 3801 965 3800
3 4511 3800 965
3 3801 6585 965
3 5292 965 6585
3 3784 3783 966
3 4463 966 3783
3 3784 966 4935
3 4463 4462 966
3 966 4462 6283
3 4935 966 6283
3 967 3786 3785
3 7376 967 3785
3 6029 3786 967
3 6235 6029 967
3 6235 967 7376
3 3790 3792 968
3 5710 3790 968
3 3792 9214 968
3 5079 5080 968
3 5079 968 5983
3 5710 968 5080
3 968 9214 5983
3 3790 969 3791
3 3790 4981 969
3 969 7638 3791
3 969 4853 4852
3 969 4852 7638
3 4981 4853 969
3 3792 3791 970
3 4154 970 3791
3 3792 970 7637
3 4154 4153 970
3 4153 7637 970
3 3794 3793 971
3 971 3793 6803
3 6764 3794 971
3 6764 971 9145
3 971 6803 6804
3 971 6804 9145
3 972 3796 3795
3 972 3795 6052
3 972 8477 3796
3 972 6052 9655
3 972 9655 8477
3 973 3797 3799
3 973 6135 3797
3 973 3799 4529
3 973 4529 4568
3 6178 973 4568
3 6178 6135 973
3 974 3799 3798
3 974 3798 4703
3 4247 3799 974
3 4039 4038 974
3 4247 974 4038
3 4039 974 4703
3 3803 3802 975
3 6124 975 3802
3 3803 975 4197
3 6125 4197 975
3 6119 975 6120
3 6119 6125 975
3 6120 975 6124
3 976 3804 3803
3 976 3803 4196
3 976 4053 3804
3 976 4054 4053
3 976 6336 4054
3 976 4196 6336
3 3806 3805 977
3 977 3805 6459
3 3806 977 8446
3 8988 977 6459
3 8446 977 8990
3 8988 8990 977
3 3807 3809 978
3 3807 978 5603
3 978 3809 5730
3 978 5604 5603
3 978 5730 5604
3 3811 3810 979
3 4331 979 3810
3 979 4665 3811
3 4331 4666 979
3 979 4666 4665
3 3815 3814 980
3 3814 3995 980
3 3815 980 5290
3 980 3995 3994
3 980 3994 5290
3 981 3816 3815
3 981 3815 4708
3 6566 3816 981
3 4707 981 4708
3 4707 5272 981
3 5272 6566 981
3 982 3817 3819
3 982 6685 3817
3 982 3819 7295
3 982 6683 6685
3 982 8975 6683
3 982 7295 8975
3 3818 3817 983
3 6601 983 3817
3 3818 983 3960
3 6392 3960 983
3 6392 983 6600
3 6601 6600 983
3 3818 984 3819
3 3959 984 3818
3 7294 3819 984
3 3959 9765 984
3 7294 984 9764
3 9765 9764 984
3 985 3821 3820
3 8040 985 3820
3 985 7378 3821
3 985 9343 7378
3 8040 9813 985
3 985 9813 9343
3 3822 986 3823
3 3822 8150 986
3 3823 986 6430
3 986 7370 6430
3 986 7371 7370
3 986 8150 7371
3 3824 3826 987
3 3824 987 3880
3 987 3826 7568
3 987 5359 3880
3 987 8745 5359
3 987 7568 7569
3 8745 987 7569
3 3824 988 3825
3 3824 3881 988
3 988 8481 3825
3 4876 988 3881
3 988 4598 4597
3 8481 988 4597
3 4876 4598 988
3 3825 989 3826
3 3825 4041 989
3 3826 989 7542
3 4041 4043 989
3 4043 7219 989
3 989 7219 7542
3 3827 3829 990
3 5475 3827 990
3 3829 7151 990
3 5475 990 7153
3 7151 7153 990
3 3827 991 3828
3 991 3827 5476
3 9187 3828 991
3 5476 7209 991
3 7208 991 7209
3 9187 991 7208
3 3828 992 3829
3 7855 992 3828
3 7857 3829 992
3 7852 992 7853
3 7857 992 7852
3 7855 7853 992
3 993 3832 3831
3 993 3831 3916
3 993 9559 3832
3 993 3916 3915
3 993 3915 8724
3 993 8724 9559
3 994 3833 3832
3 994 3832 7850
3 994 7556 3833
3 994 4419 4418
3 994 4418 6507
3 994 7850 4419
3 994 6507 7556
3 3835 3834 995
3 3834 6280 995
3 3835 995 6281
3 7485 995 6280
3 6281 995 7485
3 996 3836 3838
3 4607 3836 996
3 996 3838 6034
3 996 7983 4607
3 996 6034 9146
3 7983 996 9146
3 997 3838 3837
3 4978 997 3837
3 997 6033 3838
3 6040 997 4978
3 6040 6033 997
3 998 3839 3841
3 998 6531 3839
3 998 3841 3873
3 998 3873 5525
3 998 5525 5527
3 998 5527 6530
3 998 6530 6531
3 999 3841 3840
3 999 3840 3962
3 999 3872 3841
3 999 3961 3872
3 999 3962 3961
3 1000 3843 3842
3 1000 3842 5519
3 1000 5108 3843
3 1000 7154 5108
3 6348 1000 5519
3 6348 7154 1000
3 1001 3847 3846
3 7329 1001 3846
3 6862 3847 1001
3 7046 6862 1001
3 7046 1001 8996
3 7329 8996 1001
3 1002 3848 3850
3 1002 9473 3848
3 9104 1002 3850
3 1002 7237 7238
3 1002 9103 7237
3 9473 1002 7238
3 1002 9104 9103
3 1003 3849 3848
3 1003 3848 6312
3 1003 4393 3849
3 1003 4394 4393
3 1003 6311 4394
3 1003 6312 6311
3 3849 1004 3850
3 3849 5124 1004
3 1004 6237 3850
3 1004 5124 5123
3 1004 5123 6237
3 3852 3851 1005
3 3851 7089 1005
3 3852 1005 4634
3 1005 7367 4634
3 1005 7089 7091
3 1005 7091 7367
3 3855 1006 3853
3 5860 3853 1006
3 3855 6694 1006
3 5860 1006 6738
3 6737 1006 6694
3 6738 1006 6737
3 3854 3853 1007
3 5861 1007 3853
3 3854 1007 6423
3 5861 6424 1007
3 6424 6423 1007
3 3855 3854 1008
3 3854 6407 1008
3 3855 1008 6675
3 6375 1008 6376
3 6375 6675 1008
3 6376 1008 6407
3 3857 1009 3858
3 3857 4511 1009
3 1009 7456 3858
3 1009 4511 4870
3 1009 4870 7456
3 3861 1010 3862
3 3861 4847 1010
3 5871 3862 1010
3 4846 1010 4847
3 1010 4846 5871
3 3862 1011 3863
3 5870 1011 3862
3 4119 3863 1011
3 4119 1011 4120
3 4120 1011 5778
3 5870 5778 1011
3 3868 1012 3866
3 5029 3866 1012
3 5038 1012 3868
3 5029 1012 5040
3 5038 5040 1012
3 1013 3869 3871
3 1013 9234 3869
3 1013 3871 5086
3 5522 1013 5086
3 5522 5521 1013
3 5521 9892 1013
3 1013 9892 9234
3 1014 3871 3870
3 6254 1014 3870
3 1014 5085 3871
3 1014 5691 5085
3 6254 5691 1014
3 3873 3872 1015
3 4582 1015 3872
3 6475 3873 1015
3 4582 4581 1015
3 4581 6499 1015
3 6473 6475 1015
3 6473 1015 6499
3 3874 1016 3875
3 3874 5239 1016
3 3875 1016 9203
3 4005 1016 4006
3 4005 9203 1016
3 1016 4842 4006
3 5239 4842 1016
3 3875 1017 3876
3 8583 1017 3875
3 3876 1017 4351
3 4739 4351 1017
3 4739 1017 7490
3 7490 1017 8582
3 8583 8582 1017
3 3878 3877 1018
3 3877 7534 1018
3 3878 1018 6542
3 6759 6542 1018
3 6759 1018 7534
3 3878 1019 3879
3 3878 6541 1019
3 3879 1019 5514
3 1019 4643 4642
3 1019 4642 5514
3 1019 6541 4643
3 3881 3880 1020
3 1020 3880 5360
3 3881 1020 6749
3 6749 1020 5360
3 3882 1021 3883
3 3882 6669 1021
3 3883 1021 3928
3 3928 1021 6668
3 6668 1021 6669
3 1022 3884 3886
3 9207 3884 1022
3 1022 3886 6211
3 1022 5828 5827
3 1022 5827 6172
3 1022 6210 5828
3 7278 1022 6172
3 1022 6211 6210
3 9207 1022 7278
3 1023 3887 3889
3 1023 6871 3887
3 4028 1023 3889
3 4028 6918 1023
3 1023 6870 6871
3 1023 6918 6870
3 1024 3889 3888
3 1024 3888 4515
3 1024 4027 3889
3 1024 4514 4027
3 1024 4515 4514
3 1025 3892 3891
3 1025 3891 5942
3 1025 5703 3892
3 6708 5703 1025
3 1025 5942 6708
3 1026 3897 3899
3 1026 9909 3897
3 1026 3899 5920
3 1026 5920 9538
3 1026 9538 9539
3 1026 9539 9910
3 9909 1026 9910
3 3898 3897 1027
3 6863 1027 3897
3 4624 3898 1027
3 4625 4624 1027
3 6863 4625 1027
3 3898 1028 3899
3 9284 1028 3898
3 1028 5919 3899
3 8755 5919 1028
3 6789 6788 1028
3 6788 8755 1028
3 6789 1028 9284
3 1029 3900 3902
3 1029 5319 3900
3 1029 3902 6556
3 1029 5090 5092
3 1029 6556 5090
3 1029 5092 5319
3 1030 3901 3900
3 1030 3900 5320
3 1030 6255 3901
3 5990 1030 5320
3 5990 6255 1030
3 3905 1031 3903
3 1031 4033 3903
3 3905 6252 1031
3 1031 4034 4033
3 6252 4034 1031
3 3904 3903 1032
3 1032 3903 5878
3 8783 3904 1032
3 1032 5878 5877
3 8786 1032 5877
3 8784 8783 1032
3 8784 1032 8786
3 1033 3905 3904
3 1033 3904 9904
3 1033 9268 3905
3 1033 9269 9268
3 1033 9270 9269
3 1033 9904 9270
3 3906 3908 1034
3 5314 3906 1034
3 3908 5405 1034
3 5407 5314 1034
3 5407 1034 5405
3 3906 1035 3907
3 5315 1035 3906
3 7267 3907 1035
3 6836 1035 5315
3 1035 6836 7267
3 3907 1036 3908
3 3907 5370 1036
3 3908 1036 5910
3 1036 5370 5369
3 1036 5369 5910
3 3910 3909 1037
3 3909 5854 1037
3 5926 3910 1037
3 5928 1037 5854
3 5927 5926 1037
3 5987 5927 1037
3 5987 1037 5928
3 3913 3912 1038
3 3912 7187 1038
3 3913 1038 6877
3 7120 6877 1038
3 7120 1038 7187
3 3914 3913 1039
3 3913 6876 1039
3 3914 1039 4495
3 6879 4495 1039
3 1039 6876 6879
3 3917 3919 1040
3 3917 1040 6144
3 3919 5221 1040
3 5221 8812 1040
3 5326 5328 1040
3 5326 1040 8812
3 6144 1040 5328
3 1041 3918 3917
3 1041 3917 4116
3 1041 4883 3918
3 1041 4116 4115
3 1041 4115 4883
3 1042 3919 3918
3 1042 3918 4277
3 4837 3919 1042
3 1042 4277 4276
3 1042 4276 4838
3 1042 4838 4837
3 3921 3920 1043
3 3920 5753 1043
3 6345 3921 1043
3 5381 1043 5382
3 6345 1043 5381
3 5382 1043 5753
3 3922 3921 1044
3 3921 6861 1044
3 4800 3922 1044
3 4800 1044 8085
3 7717 1044 6861
3 8084 1044 7717
3 8085 1044 8084
3 1045 3925 3924
3 1045 3924 5001
3 1045 4514 3925
3 6293 4514 1045
3 6293 1045 5001
3 3927 1046 3926
3 6848 3926 1046
3 3927 4008 1046
3 5977 1046 4008
3 6720 1046 5977
3 6848 1046 6720
3 1047 3929 3931
3 5989 3929 1047
3 4865 1047 3931
3 5802 1047 4865
3 5802 5803 1047
3 5803 5989 1047
3 3935 3934 1048
3 1048 3934 6313
3 5376 3935 1048
3 5377 5376 1048
3 5451 5377 1048
3 5451 1048 6313
3 3937 1049 3936
3 3936 1049 4544
3 5220 1049 3937
3 1049 4211 4213
3 1049 7951 4211
3 1049 4213 5056
3 4544 1049 5056
3 5220 7951 1049
3 1050 3939 3938
3 1050 3938 5499
3 1050 5500 3939
3 1050 5499 5498
3 1050 5498 5500
3 3941 3940 1051
3 3940 5875 1051
3 3941 1051 6973
3 5875 6973 1051
3 3943 3942 1052
3 7103 1052 3942
3 7311 3943 1052
3 6292 1052 6290
3 7103 6290 1052
3 7306 1052 6292
3 7306 7311 1052
3 3945 3944 1053
3 3944 7418 1053
3 6759 3945 1053
3 5241 5240 1053
3 6759 1053 5240
3 5241 1053 7417
3 7417 1053 7418
3 1054 3946 3947
3 1054 4778 3946
3 7921 1054 3947
3 4776 4778 1054
3 4776 1054 9561
3 10140 1054 7921
3 1054 10140 9561
3 1055 3948 3949
3 1055 6763 3948
3 1055 3949 7405
3 1055 7407 6763
3 1055 7405 7407
3 1056 3951 3950
3 1056 3950 4219
3 1056 5565 3951
3 1056 4219 4218
3 1056 4218 6016
3 1056 6016 5565
3 3956 1057 3957
3 3956 7378 1057
3 5025 3957 1057
3 5025 1057 6494
3 7030 6494 1057
3 9342 7030 1057
3 9342 1057 7378
3 3957 1058 3958
3 5024 1058 3957
3 3958 1058 5566
3 6449 1058 5024
3 5566 1058 5567
3 6449 5567 1058
3 3959 3960 1059
3 3959 1059 10109
3 1059 3960 6393
3 6487 1059 6393
3 6487 6489 1059
3 1059 6489 7001
3 1059 7001 10109
3 1060 3964 3963
3 7724 1060 3963
3 1060 4077 3964
3 4078 4077 1060
3 4078 1060 7724
3 3966 3965 1061
3 3965 4353 1061
3 3966 1061 4615
3 1061 4319 4318
3 4615 1061 4318
3 1061 4353 4319
3 1062 3968 3970
3 1062 9878 3968
3 4555 1062 3970
3 4555 6307 1062
3 1062 6307 7088
3 1062 7088 9878
3 1063 3969 3968
3 1063 3968 7728
3 6625 3969 1063
3 7729 6625 1063
3 1063 7728 7727
3 1063 7727 7729
3 1064 3970 3969
3 4694 1064 3969
3 4554 3970 1064
3 4694 4554 1064
3 1065 3973 3975
3 4943 3973 1065
3 1065 3975 4597
3 1065 4597 4596
3 4941 1065 4596
3 4941 4943 1065
3 1066 3974 3973
3 1066 3973 5473
3 4324 3974 1066
3 4324 1066 8916
3 1066 5473 8916
3 1067 3975 3974
3 1067 3974 4042
3 1067 8481 3975
3 1067 4042 4041
3 1067 4041 8481
3 1068 3976 3978
3 3976 1068 4968
3 1068 3978 4617
3 1068 4617 8147
3 1068 5059 4968
3 1068 5057 5059
3 1068 8147 5057
3 1069 3978 3977
3 7373 1069 3977
3 1069 4616 3978
3 1069 5517 4616
3 7373 5517 1069
3 1070 3979 3981
3 1070 6357 3979
3 1070 3981 4157
3 1070 4157 4156
3 6548 1070 4156
3 6548 6357 1070
3 1071 3980 3979
3 1071 3979 6358
3 1071 6719 3980
3 1071 6358 6720
3 1071 6720 6719
3 1072 3981 3980
3 1072 3980 7110
3 1072 5366 3981
3 5699 5366 1072
3 7543 5699 1072
3 7543 1072 7110
3 1073 3982 3984
3 1073 8247 3982
3 1073 3984 7588
3 9456 1073 7588
3 1073 9618 8247
3 9455 1073 9456
3 9455 9618 1073
3 3982 1074 3983
3 3982 8246 1074
3 3983 1074 7426
3 7426 1074 9606
3 1074 8246 9608
3 1074 9608 9606
3 1075 3984 3983
3 1075 3983 7060
3 7576 3984 1075
3 1075 5891 5890
3 7057 1075 5890
3 1075 7060 5891
3 7576 1075 7057
3 3989 3988 1076
3 3988 5613 1076
3 3989 1076 5737
3 5613 5615 1076
3 5615 9698 1076
3 7998 5737 1076
3 7998 1076 9698
3 1077 3994 3993
3 6178 1077 3993
3 4885 3994 1077
3 4886 4885 1077
3 6178 4886 1077
3 3996 1078 3997
3 4452 1078 3996
3 3997 1078 5282
3 4452 4453 1078
3 4453 4654 1078
3 4654 5283 1078
3 1078 5283 5282
3 3997 1079 3998
3 3997 5669 1079
3 6392 3998 1079
3 5668 1079 5669
3 5668 6393 1079
3 6392 1079 6393
3 3999 4001 1080
3 3999 1080 5921
3 4001 4397 1080
3 5215 1080 4397
3 5215 9092 1080
3 1080 7554 5921
3 9092 7554 1080
3 3999 1081 4000
3 3999 5922 1081
3 4000 1081 6240
3 1081 5445 5444
3 1081 5444 6240
3 1081 5922 5445
3 1082 4002 4004
3 1082 9257 4002
3 9047 1082 4004
3 8570 1082 8568
3 1082 9047 8568
3 9256 1082 8570
3 1082 9256 9257
3 4010 4009 1083
3 4802 1083 4009
3 4010 1083 6133
3 4802 5879 1083
3 5879 5881 1083
3 5881 6133 1083
3 4012 1084 4011
3 4011 1084 6416
3 5676 1084 4012
3 5678 1084 5676
3 5678 6452 1084
3 6416 1084 6452
3 1085 4013 4015
3 1085 7379 4013
3 1085 4015 4736
3 1085 4736 4737
3 1085 4737 6228
3 1085 6228 7379
3 1086 4014 4013
3 1086 4013 5049
3 1086 4214 4014
3 1086 4215 4214
3 1086 5048 4215
3 1086 5049 5048
3 1087 4015 4014
3 1087 4014 4128
3 7190 4015 1087
3 1087 4128 4127
3 8909 1087 4127
3 7506 7190 1087
3 7506 1087 8909
3 4018 1088 4016
3 4016 1088 5903
3 4018 6242 1088
3 5903 1088 5902
3 6243 5902 1088
3 6242 6243 1088
3 4019 4020 1089
3 4019 1089 9211
3 1089 4020 9214
3 7637 7636 1089
3 1089 7636 9209
3 7637 1089 9214
3 1089 9209 9211
3 4024 1090 4022
3 8017 4022 1090
3 4024 5148 1090
3 8551 1090 5148
3 10136 8017 1090
3 8551 10136 1090
3 1091 4023 4022
3 1091 4022 8015
3 7211 4023 1091
3 5915 1091 5916
3 5915 7211 1091
3 1091 8015 5916
3 1092 4024 4023
3 1092 4023 6220
3 1092 5147 4024
3 1092 6917 5147
3 1092 6220 6219
3 1092 6219 6917
3 4026 1093 4025
3 6695 4025 1093
3 5745 1093 4026
3 1093 5745 6696
3 6695 1093 6696
3 4028 4027 1094
3 6293 1094 4027
3 4028 1094 6919
3 6293 9112 1094
3 1094 6513 6515
3 9112 6513 1094
3 1094 6515 7789
3 1094 7789 6919
3 1095 4030 4032
3 1095 5517 4030
3 1095 4032 6932
3 1095 4327 4329
3 1095 6932 4327
3 1095 4329 5517
3 4030 1096 4031
3 7373 1096 4030
3 1096 7372 4031
3 1096 8257 7372
3 1096 7373 8259
3 1096 8258 8257
3 8258 1096 8259
3 1097 4032 4031
3 1097 4031 6931
3 1097 6930 4032
3 1097 6931 6930
3 4033 4035 1098
3 4033 1098 5878
3 4130 1098 4035
3 4130 4129 1098
3 4129 5876 1098
3 5878 1098 5876
3 4034 1099 4035
3 6251 1099 4034
3 4035 1099 5099
3 9241 5099 1099
3 9239 1099 6251
3 9239 9241 1099
3 4037 4036 1100
3 4036 7401 1100
3 4037 1100 5751
3 8415 5751 1100
3 8416 1100 7401
3 8415 1100 8416
3 4042 1101 4043
3 4324 1101 4042
3 4043 1101 7218
3 4324 6246 1101
3 6244 1101 6245
3 6244 7218 1101
3 6245 1101 6246
3 4044 4046 1102
3 1102 9022 4044
3 4046 6739 1102
3 1102 6739 7253
3 1102 7253 7255
3 8047 1102 7255
3 9022 1102 8047
3 1103 4045 4044
3 1103 4044 6583
3 8960 4045 1103
3 6582 1103 6583
3 6582 8960 1103
3 1104 4046 4045
3 8041 1104 4045
3 4470 4046 1104
3 4470 1104 4471
3 4471 1104 8041
3 4048 4047 1105
3 8936 1105 4047
3 4048 1105 6427
3 4237 1105 4238
3 4237 6431 1105
3 4238 1105 8936
3 1105 6431 6427
3 4052 1106 4053
3 6173 1106 4052
3 4053 1106 5636
3 1106 7317 5636
3 6173 7317 1106
3 1107 4056 4055
3 1107 4055 8739
3 4813 4056 1107
3 4813 1107 7516
3 1107 8735 7516
3 10087 8735 1107
3 10087 1107 8739
3 4058 1108 4059
3 4194 1108 4058
3 9145 4059 1108
3 4194 4193 1108
3 4193 9145 1108
3 4062 1109 4060
3 4640 4060 1109
3 5251 1109 4062
3 4640 1109 4638
3 4638 1109 6130
3 5251 6130 1109
3 4062 4061 1110
3 4061 6592 1110
3 5250 4062 1110
3 7567 5250 1110
3 6591 1110 6592
3 7567 1110 6591
3 4065 1111 4063
3 1111 6032 4063
3 6987 1111 4065
3 1111 6031 6032
3 1111 8689 6031
3 6987 7473 1111
3 1111 7473 8689
3 4064 4063 1112
3 4902 1112 4063
3 4064 1112 5347
3 4901 1112 4902
3 4901 6128 1112
3 1112 6128 5347
3 1113 4065 4064
3 1113 4064 5346
3 1113 5467 4065
3 1113 5346 9152
3 1113 5468 5467
3 1113 9152 5468
3 4068 1114 4066
3 4134 4066 1114
3 6826 1114 4068
3 4135 4134 1114
3 6691 4135 1114
3 6691 1114 6826
3 4068 4067 1115
3 4067 7878 1115
3 8747 4068 1115
3 1115 7878 7879
3 8747 1115 7879
3 1116 4069 4071
3 1116 7160 4069
3 1116 4071 6436
3 1116 6436 6437
3 1116 6437 9108
3 1116 9108 7160
3 1117 4070 4069
3 1117 4069 5949
3 1117 5440 4070
3 1117 5439 5440
3 9083 5439 1117
3 1117 5949 5948
3 9083 1117 5948
3 1118 4073 4072
3 1118 4072 8548
3 5807 4073 1118
3 5807 1118 7969
3 1118 8547 7969
3 1118 8548 8547
3 1119 4074 4076
3 4271 4074 1119
3 6145 1119 4076
3 4271 1119 4269
3 4497 4269 1119
3 6145 4497 1119
3 4074 1120 4075
3 4074 7745 1120
3 1120 4253 4075
3 1120 4254 4253
3 6715 4254 1120
3 7745 6715 1120
3 4079 1121 4077
3 5533 4077 1121
3 4079 4217 1121
3 1121 4217 4219
3 5533 1121 4219
3 4082 1122 4080
3 4080 1122 7533
3 4082 4525 1122
3 4525 4527 1122
3 1122 4527 6849
3 1122 6849 7618
3 1122 7903 7533
3 1122 7618 7904
3 1122 7904 7903
3 4081 4080 1123
3 4080 5895 1123
3 4081 1123 5293
3 5293 1123 9050
3 1123 5895 5897
3 1123 5897 9050
3 4082 4081 1124
3 4081 5294 1124
3 4082 1124 6672
3 5294 6673 1124
3 1124 6673 6672
3 4083 1125 4084
3 6470 1125 4083
3 4799 4084 1125
3 4799 1125 5574
3 5575 5574 1125
3 5575 1125 6470
3 1126 4085 4087
3 1126 4438 4085
3 1126 4087 6068
3 1126 4437 4438
3 1126 6070 4437
3 1126 6068 6070
3 4085 1127 4086
3 4804 1127 4085
3 1127 5860 4086
3 4804 4803 1127
3 1127 4803 5861
3 1127 5861 5860
3 1128 4090 4089
3 4089 6839 1128
3 7414 4090 1128
3 1128 6454 6453
3 7414 1128 6453
3 6839 6454 1128
3 1129 4091 4090
3 1129 4090 6641
3 7036 4091 1129
3 1129 6641 6640
3 1129 6640 9163
3 7036 1129 9163
3 4092 4094 1130
3 5602 4092 1130
3 4890 1130 4094
3 4890 4892 1130
3 5602 1130 4892
3 4092 1131 4093
3 8291 1131 4092
3 4093 1131 7587
3 8292 7587 1131
3 8291 8292 1131
3 4093 1132 4094
3 4093 7586 1132
3 4094 1132 7384
3 1132 8663 7384
3 7586 8664 1132
3 1132 8664 8663
3 4096 4095 1133
3 4095 6347 1133
3 4096 1133 5429
3 1133 4326 4325
3 1133 4325 5429
3 1133 6347 4326
3 4097 4099 1134
3 4097 1134 4967
3 6277 1134 4099
3 4561 4563 1134
3 4561 1134 6277
3 4563 4967 1134
3 4100 1135 4101
3 4100 6180 1135
3 4101 1135 6268
3 5637 1135 5638
3 6268 1135 5637
3 6180 5638 1135
3 4103 4105 1136
3 7483 4103 1136
3 6039 1136 4105
3 6039 7004 1136
3 1136 7004 7374
3 7483 1136 7374
3 1137 4104 4103
3 7484 1137 4103
3 7674 4104 1137
3 6822 6821 1137
3 8415 1137 6821
3 6822 1137 7484
3 8415 7674 1137
3 4108 1138 4106
3 4106 1138 7338
3 7430 1138 4108
3 1138 7452 7338
3 7430 7452 1138
3 4107 4106 1139
3 4243 1139 4106
3 5838 4107 1139
3 4242 1139 4243
3 4242 6174 1139
3 5838 1139 6174
3 1140 4111 4110
3 1140 4110 5981
3 5708 4111 1140
3 5708 1140 8761
3 1140 5981 8750
3 1140 8750 8761
3 1141 4113 4112
3 4871 1141 4112
3 1141 4549 4113
3 7861 4549 1141
3 4871 7861 1141
3 4116 1142 4114
3 4721 4114 1142
3 4116 6144 1142
3 4721 1142 4722
3 4722 1142 6144
3 4115 4114 1143
3 4114 5044 1143
3 4115 1143 4884
3 1143 9339 4884
3 1143 5044 5043
3 9339 1143 5043
3 4119 4121 1144
3 4119 1144 6355
3 6552 1144 4121
3 6110 6111 1144
3 6110 1144 6552
3 6111 6112 1144
3 6355 1144 6112
3 1145 4123 4122
3 7612 1145 4122
3 7519 4123 1145
3 1145 4990 4992
3 9529 4990 1145
3 7519 1145 4992
3 9529 1145 7612
3 1146 4124 4123
3 1146 4123 6373
3 5646 4124 1146
3 5646 1146 6372
3 1146 6373 6372
3 1147 4126 4128
3 1147 5087 4126
3 1147 4128 4214
3 1147 4214 4216
3 1147 4216 5842
3 1147 5843 5087
3 1147 5842 5843
3 4131 4130 1148
3 4130 5099 1148
3 4131 1148 6221
3 1148 5099 8656
3 1148 6947 6221
3 1148 6945 6947
3 1148 8656 6945
3 1149 4134 4136
3 1149 6540 4134
3 1149 4136 4782
3 1149 4782 7747
3 1149 6623 6540
3 1149 7748 6623
3 1149 7747 7748
3 4135 1150 4136
3 4333 1150 4135
3 4136 1150 4781
3 4333 4332 1150
3 4332 6270 1150
3 1150 6270 4781
3 1151 4138 4137
3 1151 4137 6062
3 1151 7909 4138
3 1151 6062 7910
3 1151 7910 7909
3 1152 4139 4138
3 1152 4138 9341
3 4222 4139 1152
3 1152 4223 4222
3 1152 8149 4223
3 1152 9341 8149
3 4140 4142 1153
3 4140 1153 7624
3 1153 4142 4156
3 1153 4156 4158
3 5279 1153 4158
3 5279 5281 1153
3 7624 1153 5281
3 1154 4143 4145
3 1154 6442 4143
3 1154 4145 5233
3 1154 5233 7488
3 1154 7331 6442
3 1154 7573 7331
3 1154 7488 7573
3 4143 1155 4144
3 6443 1155 4143
3 8763 4144 1155
3 6443 8767 1155
3 8763 1155 8764
3 8767 8764 1155
3 4144 1156 4145
3 4144 8549 1156
3 4145 1156 5234
3 7290 5234 1156
3 7291 7290 1156
3 7291 1156 8547
3 8549 8547 1156
3 4147 1157 4146
3 7577 4146 1157
3 4147 7031 1157
3 1157 6801 6802
3 1157 7031 6801
3 7577 1157 6802
3 4148 4150 1158
3 4148 1158 6023
3 4150 6462 1158
3 7900 6023 1158
3 7901 1158 6462
3 7900 1158 7901
3 1159 4149 4148
3 1159 4148 6024
3 1159 5957 4149
3 1159 5958 5957
3 1159 9346 5958
3 1159 6024 9346
3 1160 4151 4152
3 6989 4151 1160
3 1160 4152 6079
3 5383 5385 1160
3 5383 1160 6079
3 5385 5788 1160
3 6989 1160 5788
3 4155 1161 4153
3 7636 4153 1161
3 4155 4266 1161
3 4266 7481 1161
3 1161 7481 7974
3 1161 7971 7636
3 1161 7972 7971
3 1161 7974 7972
3 4160 4159 1162
3 1162 4159 4520
3 5498 4160 1162
3 1162 4520 4519
3 5498 1162 4519
3 4160 1163 4161
3 4160 5499 1163
3 4161 1163 4812
3 4812 1163 5732
3 5733 1163 5499
3 5733 5732 1163
3 4164 1164 4162
3 5908 4162 1164
3 6559 1164 4164
3 4474 1164 4472
3 4472 1164 6559
3 4474 4847 1164
3 5908 1164 4847
3 1165 4164 4163
3 5062 1165 4163
3 1165 5769 4164
3 5061 1165 5062
3 5061 5770 1165
3 5770 5769 1165
3 4168 4167 1166
3 4167 7337 1166
3 4168 1166 7447
3 1166 7337 7445
3 1166 7445 7446
3 1166 7446 7447
3 1167 4171 4172
3 1167 7905 4171
3 4172 7529 1167
3 7529 7903 1167
3 1167 7903 7905
3 1168 4174 4173
3 1168 4173 4736
3 1168 4611 4174
3 7190 4611 1168
3 7190 1168 4736
3 4174 1169 4175
3 4174 4539 1169
3 1169 5089 4175
3 4539 4538 1169
3 4538 5089 1169
3 4178 1170 4176
3 4463 4176 1170
3 4178 8812 1170
3 4463 1170 4461
3 1170 6644 4461
3 6643 6644 1170
3 6643 1170 8812
3 4178 4177 1171
3 4177 5011 1171
3 4178 1171 5326
3 7248 1171 5011
3 5326 1171 5327
3 5327 1171 7248
3 4180 4179 1172
3 4179 4209 1172
3 4180 1172 9317
3 7181 1172 4209
3 7181 8921 1172
3 9317 1172 8921
3 4180 1173 4181
3 8968 1173 4180
3 1173 7529 4181
3 5895 1173 5896
3 5895 7533 1173
3 8968 5896 1173
3 7533 7529 1173
3 4184 1174 4182
3 6217 4182 1174
3 4184 6816 1174
3 7957 6217 1174
3 6818 1174 6816
3 9114 1174 6818
3 9114 7957 1174
3 4182 1175 4183
3 5300 1175 4182
3 9840 4183 1175
3 5300 5299 1175
3 5299 9840 1175
3 4184 4183 1176
3 9839 1176 4183
3 4184 1176 7954
3 7955 7954 1176
3 8005 7955 1176
3 1176 9839 8005
3 4186 4185 1177
3 4185 6360 1177
3 4186 1177 6207
3 1177 6101 6100
3 6207 1177 6100
3 1177 6360 6101
3 4189 1178 4187
3 5685 4187 1178
3 4189 5472 1178
3 6302 1178 5472
3 5817 5685 1178
3 5817 1178 9165
3 6302 9165 1178
3 4188 4187 1179
3 5686 1179 4187
3 6467 4188 1179
3 5686 6718 1179
3 6467 1179 6718
3 4189 4188 1180
3 4188 4953 1180
3 4189 1180 5471
3 4830 1180 4831
3 4830 5471 1180
3 4953 4831 1180
3 4192 1181 4190
3 4190 1181 6413
3 7707 1181 4192
3 9068 6413 1181
3 7045 1181 7044
3 7707 7044 1181
3 9068 1181 7045
3 4191 1182 4192
3 5084 1182 4191
3 1182 7706 4192
3 5434 1182 5084
3 5434 7704 1182
3 1182 7704 7703
3 1182 7703 7706
3 4194 1183 4195
3 4194 6208 1183
3 4195 1183 6248
3 1183 5023 5022
3 5493 1183 5022
3 1183 6208 5023
3 5493 6248 1183
3 4196 4197 1184
3 4196 1184 6725
3 4197 6127 1184
3 5621 1184 5619
3 5619 1184 6128
3 5621 6725 1184
3 1184 6127 6128
3 4200 1185 4198
3 4198 1185 8038
3 4200 7389 1185
3 4469 4471 1185
3 4469 1185 7389
3 4471 8038 1185
3 4200 4199 1186
3 4528 1186 4199
3 4261 4200 1186
3 4261 1186 4262
3 4262 1186 4528
3 4201 4203 1187
3 4201 1187 4281
3 4203 6932 1187
3 1187 5037 4281
3 1187 6930 5037
3 1187 6932 6930
3 4202 1188 4203
3 4202 4431 1188
3 1188 4327 4203
3 1188 4328 4327
3 1188 6806 4328
3 1188 4431 6806
3 4206 4208 1189
3 7171 4206 1189
3 4208 4326 1189
3 7005 1189 4326
3 7005 7171 1189
3 4206 1190 4207
3 7172 1190 4206
3 4207 1190 5438
3 9476 5438 1190
3 9476 1190 7172
3 1191 4212 4211
3 1191 4211 7952
3 4212 1191 7958
3 5300 1191 5298
3 5298 1191 7952
3 5300 6217 1191
3 6217 7958 1191
3 1192 4216 4215
3 1192 4215 5138
3 1192 5844 4216
3 1192 5138 5137
3 1192 5137 5840
3 1192 5840 5844
3 1193 4221 4220
3 1193 4220 5255
3 4808 4221 1193
3 4809 4808 1193
3 4809 1193 5255
3 4224 1194 4222
3 7854 4222 1194
3 4224 8724 1194
3 7852 7854 1194
3 7856 7852 1194
3 1194 8725 7856
3 8725 1194 8724
3 4224 4223 1195
3 1195 4223 8148
3 9559 4224 1195
3 7850 1195 7851
3 7850 9559 1195
3 7851 1195 8148
3 4225 4227 1196
3 4225 1196 4502
3 4227 4861 1196
3 4502 1196 4802
3 9005 4802 1196
3 6309 1196 4861
3 9005 1196 6309
3 4226 1197 4227
3 10002 1197 4226
3 4227 1197 4860
3 6194 4860 1197
3 6194 1197 8430
3 10002 8430 1197
3 1198 4229 4228
3 1198 4228 5803
3 4464 4229 1198
3 4464 1198 4465
3 1198 5803 4465
3 4232 1199 4230
3 1199 8999 4230
3 4232 7634 1199
3 9001 1199 7634
3 7902 1199 7900
3 1199 9000 7900
3 8999 1199 7902
3 1199 9001 9000
3 4232 4231 1200
3 5450 1200 4231
3 4232 1200 7632
3 5450 7633 1200
3 1200 7633 7632
3 4235 1201 4233
3 1201 5122 4233
3 4235 7025 1201
3 4364 4366 1201
3 4364 1201 7025
3 4674 1201 4366
3 4674 5122 1201
3 1202 4234 4233
3 4334 1202 4233
3 1202 4259 4234
3 1202 6686 4259
3 4334 4333 1202
3 4333 6691 1202
3 1202 6691 6686
3 4235 4234 1203
3 1203 4234 4258
3 4235 1203 7024
3 1203 4258 7024
3 1204 4236 4238
3 4369 4236 1204
3 7621 1204 4238
3 4369 1204 4370
3 4370 1204 5230
3 5230 1204 7621
3 4241 1205 4239
3 4239 1205 6140
3 4615 1205 4241
3 4650 1205 4615
3 4652 1205 4650
3 4652 6140 1205
3 4242 4244 1206
3 4242 1206 6175
3 4244 6113 1206
3 5988 5987 1206
3 5987 6175 1206
3 5988 1206 6834
3 6834 1206 6113
3 4243 1207 4244
3 4243 7338 1207
3 1207 6114 4244
3 6468 6114 1207
3 6468 1207 7449
3 7450 1207 7338
3 7450 7449 1207
3 4247 4246 1208
3 4246 5130 1208
3 4247 1208 4529
3 4567 4529 1208
3 5132 4567 1208
3 5130 5132 1208
3 1209 4249 4248
3 1209 4248 5881
3 5391 4249 1209
3 5391 1209 5880
3 1209 5881 5880
3 4257 1210 4255
3 4255 1210 6261
3 4257 5488 1210
3 5488 5490 1210
3 5490 6262 1210
3 1210 6262 6261
3 4256 4255 1211
3 4255 6258 1211
3 4256 1211 9267
3 1211 6258 6257
3 6450 1211 6257
3 6450 9267 1211
3 4261 4260 1212
3 4260 6409 1212
3 4261 1212 7389
3 6687 1212 6409
3 7393 1212 6687
3 7393 7389 1212
3 1213 4265 4264
3 1213 4264 6328
3 1213 5106 4265
3 1213 5720 5106
3 1213 6328 5720
3 4267 1214 4268
3 4267 6275 1214
3 5647 4268 1214
3 5647 1214 5648
3 5648 1214 6274
3 6275 6274 1214
3 1215 4270 4269
3 4498 1215 4269
3 1215 7395 4270
3 4498 5423 1215
3 5422 1215 5423
3 5422 7395 1215
3 4271 4270 1216
3 1216 4270 7394
3 4271 1216 7745
3 5755 1216 5756
3 5755 7745 1216
3 5756 1216 7394
3 4274 1217 4272
3 4272 1217 4436
3 4274 4510 1217
3 1217 4435 4436
3 8286 4435 1217
3 8286 1217 4510
3 4273 4272 1218
3 6370 1218 4272
3 4293 4273 1218
3 4293 1218 5446
3 1218 5447 5446
3 6370 5447 1218
3 4274 4273 1219
3 4292 1219 4273
3 4274 1219 4509
3 4292 4381 1219
3 4575 1219 4381
3 4575 4509 1219
3 4275 4277 1220
3 7609 4275 1220
3 4883 1220 4277
3 4883 4884 1220
3 9338 1220 4884
3 9338 7609 1220
3 4279 4278 1221
3 1221 4278 6326
3 4279 1221 6620
3 1221 6326 6617
3 1221 6617 6619
3 1221 6619 6620
3 1222 4283 4282
3 1222 4282 7441
3 1222 4542 4283
3 1222 6910 4542
3 1222 7442 6910
3 1222 7441 7442
3 1223 4286 4285
3 4285 7471 1223
3 4286 1223 4794
3 7469 4794 1223
3 7471 7469 1223
3 4293 1224 4292
3 4292 1224 4380
3 4293 5666 1224
3 4533 4380 1224
3 4533 1224 6410
3 6629 1224 5666
3 6410 1224 6629
3 4294 4296 1225
3 4294 1225 5932
3 6737 1225 4296
3 5930 5932 1225
3 5930 1225 6017
3 6017 1225 7597
3 6737 7597 1225
3 4295 4294 1226
3 8741 1226 4294
3 4295 1226 7366
3 8255 7366 1226
3 8255 1226 8742
3 8741 8742 1226
3 1227 4298 4297
3 1227 4297 7613
3 1227 7614 4298
3 1227 7613 7614
3 1228 4299 4298
3 9348 1228 4298
3 1228 7488 4299
3 1228 5775 5774
3 1228 5774 7488
3 1228 9348 5775
3 1229 4301 4300
3 5892 1229 4300
3 1229 8660 4301
3 5892 6015 1229
3 1229 6015 6077
3 6077 8661 1229
3 8661 8660 1229
3 4302 4301 1230
3 4301 8662 1230
3 4302 1230 5937
3 6925 5937 1230
3 6925 1230 7433
3 10048 7433 1230
3 10048 1230 8662
3 4310 4309 1231
3 4309 4367 1231
3 4310 1231 7754
3 6272 1231 4367
3 5016 1231 5015
3 6272 5015 1231
3 5016 7759 1231
3 7754 1231 7759
3 4311 4310 1232
3 4310 7755 1232
3 8068 4311 1232
3 7755 9687 1232
3 8068 1232 9687
3 4312 1233 4313
3 4312 6529 1233
3 4313 1233 7764
3 1233 6529 10139
3 1233 7765 7764
3 1233 10139 7765
3 4313 1234 4314
3 7763 1234 4313
3 4314 1234 7762
3 7763 7762 1234
3 1235 4316 4315
3 5819 1235 4315
3 6577 4316 1235
3 6417 1235 5819
3 6578 1235 6417
3 6578 6577 1235
3 1236 4318 4317
3 4317 5392 1236
3 1236 4650 4318
3 4651 4650 1236
3 1236 5392 4651
3 4322 1237 4323
3 4322 5397 1237
3 4323 1237 5433
3 5197 5196 1237
3 5196 5433 1237
3 5197 1237 5397
3 1238 4329 4328
3 1238 4328 7555
3 4616 4329 1238
3 4617 4616 1238
3 8146 4617 1238
3 8146 1238 7555
3 4331 4330 1239
3 1239 4330 7330
3 4986 4331 1239
3 4986 1239 5732
3 1239 7330 5732
3 4334 1240 4332
3 4332 1240 7396
3 4334 5122 1240
3 5462 1240 5122
3 5462 7396 1240
3 1241 4336 4335
3 1241 4335 4563
3 1241 6264 4336
3 1241 4563 4562
3 1241 4562 6264
3 4339 4338 1242
3 4338 7595 1242
3 4339 1242 5212
3 1242 5213 5212
3 1242 7595 5213
3 4340 4339 1243
3 4339 5408 1243
3 4340 1243 4623
3 8580 4623 1243
3 1243 5408 7349
3 8580 1243 7349
3 4342 4341 1244
3 4341 6628 1244
3 4342 1244 6832
3 4904 4903 1244
3 5947 1244 4903
3 6628 4904 1244
3 6832 1244 5947
3 4342 1245 4343
3 4342 6833 1245
3 5569 4343 1245
3 5569 1245 6991
3 1245 6833 6991
3 4344 4346 1246
3 8044 4344 1246
3 4346 5567 1246
3 6741 1246 5567
3 8043 1246 6741
3 8044 1246 8043
3 4348 4347 1247
3 1247 4347 4822
3 1247 5186 4348
3 4821 1247 4822
3 5335 1247 4821
3 5335 5186 1247
3 1248 4349 4348
3 1248 4348 5187
3 1248 7406 4349
3 7407 1248 5187
3 7407 7406 1248
3 4350 4351 1249
3 4350 1249 7594
3 4740 1249 4351
3 4740 6575 1249
3 9171 1249 6575
3 9171 7594 1249
3 4356 4358 1250
3 4356 1250 4557
3 6165 1250 4358
3 1250 4556 4557
3 6164 4556 1250
3 6165 6164 1250
3 1251 4357 4356
3 1251 4356 5651
3 6907 4357 1251
3 5052 5051 1251
3 5051 6907 1251
3 5052 1251 6016
3 1251 5651 5650
3 1251 5650 6016
3 1252 4358 4357
3 7101 1252 4357
3 1252 6035 4358
3 1252 6036 6035
3 7101 6036 1252
3 4360 4359 1253
3 5712 1253 4359
3 4360 1253 6275
3 5356 1253 5357
3 5356 6275 1253
3 5712 5357 1253
3 4361 4363 1254
3 6512 4361 1254
3 4363 4702 1254
3 1254 4702 8162
3 7515 6512 1254
3 8066 7515 1254
3 8066 1254 9597
3 9597 1254 8162
3 4361 1255 4362
3 6511 1255 4361
3 4362 1255 8081
3 6511 8063 1255
3 1255 8063 8065
3 8081 1255 8065
3 4362 1256 4363
3 9767 1256 4362
3 4363 1256 4701
3 4701 1256 9484
3 9767 9484 1256
3 4365 4364 1257
3 4364 5539 1257
3 4365 1257 4750
3 4750 1257 4751
3 5538 4751 1257
3 5538 1257 5539
3 4365 1258 4366
3 4365 6721 1258
3 4366 1258 4673
3 4673 1258 9523
3 6721 9580 1258
3 1258 9581 9523
3 1258 9580 9581
3 1259 4376 4377
3 1259 7227 4376
3 1259 4377 5847
3 1259 5180 5179
3 1259 5179 7227
3 1259 5847 5180
3 4378 4379 1260
3 6099 4378 1260
3 4627 1260 4379
3 4627 6008 1260
3 6008 6098 1260
3 6098 6099 1260
3 1261 4384 4386
3 1261 5772 4384
3 1261 4386 5097
3 1261 5097 5098
3 1261 5098 6666
3 1261 6666 5772
3 1262 4387 4389
3 1262 7539 4387
3 1262 4389 5181
3 1262 5181 7540
3 1262 7540 7539
3 1263 4388 4387
3 8474 1263 4387
3 1263 6361 4388
3 1263 6102 6101
3 1263 6101 6361
3 8474 6102 1263
3 1264 4390 4392
3 1264 6259 4390
3 1264 4392 6546
3 1264 6321 6259
3 1264 6322 6321
3 1264 6546 6322
3 4391 4390 1265
3 1265 4390 6260
3 4910 4391 1265
3 1265 4826 4825
3 7710 1265 4825
3 1265 6260 4826
3 4910 1265 7710
3 4391 1266 4392
3 4909 1266 4391
3 1266 6545 4392
3 4909 6704 1266
3 1266 6757 6545
3 1266 6704 6757
3 1267 4395 4394
3 6703 1267 4394
3 5758 4395 1267
3 5758 1267 6272
3 6703 6272 1267
3 4403 1268 4401
3 7404 4401 1268
3 4403 7287 1268
3 7287 8166 1268
3 8165 7404 1268
3 1268 8166 8165
3 4402 4401 1269
3 4401 7212 1269
3 6915 4402 1269
3 5915 5914 1269
3 6915 1269 5914
3 5915 1269 7212
3 1270 4403 4402
3 6900 1270 4402
3 1270 7286 4403
3 6899 1270 6900
3 6899 7286 1270
3 4404 4405 1271
3 7978 4404 1271
3 7982 1271 4405
3 7979 7978 1271
3 9572 7979 1271
3 9572 1271 7982
3 4406 4408 1272
3 5573 4406 1272
3 5482 1272 4408
3 5482 5484 1272
3 6999 1272 5484
3 5573 1272 5574
3 1272 5609 5574
3 6999 5609 1272
3 4406 1273 4407
3 4406 7162 1273
3 1273 5072 4407
3 1273 5073 5072
3 1273 7161 5073
3 1273 7162 7161
3 4408 4407 1274
3 6626 1274 4407
3 5578 4408 1274
3 7075 5578 1274
3 6626 7444 1274
3 7075 1274 7444
3 1275 4415 4414
3 1275 4414 9224
3 1275 4436 4415
3 6370 4436 1275
3 6370 1275 9224
3 4417 4419 1276
3 4417 1276 6396
3 7851 1276 4419
3 6396 1276 6394
3 7851 6394 1276
3 4418 4417 1277
3 4417 6397 1277
3 5103 4418 1277
3 5103 1277 5104
3 5104 1277 5662
3 1277 5663 5662
3 7861 5663 1277
3 7861 1277 6397
3 4422 1278 4420
3 7700 4420 1278
3 4422 7288 1278
3 1278 7288 7709
3 7699 7700 1278
3 7702 7699 1278
3 7702 1278 7709
3 4421 4420 1279
3 8722 1279 4420
3 4421 1279 7713
3 7713 1279 7714
3 8722 7714 1279
3 4422 4421 1280
3 4421 7715 1280
3 4422 1280 6665
3 1280 6661 6662
3 7715 6661 1280
3 6665 1280 6662
3 4426 4425 1281
3 5558 1281 4425
3 4426 1281 8757
3 5559 1281 5558
3 5559 8760 1281
3 8757 1281 8760
3 4427 4428 1282
3 7103 4427 1282
3 5806 1282 4428
3 5806 5805 1282
3 5805 7411 1282
3 7103 1282 7721
3 7411 7721 1282
3 1283 4429 4430
3 1283 6716 4429
3 6179 1283 4430
3 6179 7275 1283
3 8322 6716 1283
3 8315 1283 7275
3 8322 1283 8315
3 4432 1284 4433
3 4719 1284 4432
3 4685 4433 1284
3 7572 4685 1284
3 4719 9142 1284
3 7572 1284 9142
3 4433 1285 4434
3 4684 1285 4433
3 1285 7180 4434
3 7177 1285 4684
3 7179 1285 7177
3 7180 1285 7179
3 1286 4440 4439
3 1286 4439 6642
3 1286 4554 4440
3 4555 4554 1286
3 4555 1286 6308
3 1286 6642 6308
3 1287 4441 4440
3 4694 1287 4440
3 1287 5087 4441
3 4694 6625 1287
3 1287 5088 5087
3 1287 8910 5088
3 1287 6625 8910
3 1288 4444 4443
3 1288 4443 4829
3 9235 4444 1288
3 4828 1288 4829
3 4828 9235 1288
3 4448 4447 1289
3 6959 1289 4447
3 7619 4448 1289
3 7023 1289 6959
3 7022 1289 7023
3 7022 7760 1289
3 7619 1289 7760
3 1290 4449 4451
3 1290 5738 4449
3 1290 4451 4917
3 1290 4917 4918
3 1290 4918 6535
3 1290 5739 5738
3 1290 6535 5739
3 1291 4450 4449
3 1291 4449 6419
3 1291 6389 4450
3 4678 4679 1291
3 4678 1291 6419
3 4679 6389 1291
3 1292 4451 4450
3 1292 4450 5839
3 1292 5355 4451
3 1292 5137 5136
3 1292 5136 5355
3 1292 5839 5137
3 1293 4454 4456
3 1293 7272 4454
3 4898 1293 4456
3 4898 5301 1293
3 1293 5301 5302
3 1293 5302 7272
3 1294 4455 4454
3 1294 4454 7273
3 1294 7266 4455
3 4695 1294 4696
3 4695 7266 1294
3 1294 7273 4696
3 1295 4456 4455
3 1295 4455 5296
3 4897 4456 1295
3 4897 1295 4920
3 1295 5216 4920
3 1295 5217 5216
3 1295 5296 5217
3 4459 4458 1296
3 5965 1296 4458
3 4459 1296 4742
3 1296 4743 4742
3 1296 6278 4743
3 5967 1296 5965
3 5967 6278 1296
3 4460 4459 1297
3 4459 5414 1297
3 5155 4460 1297
3 5155 1297 7496
3 5414 5413 1297
3 1297 5413 7497
3 1297 7497 7496
3 4462 4461 1298
3 4461 6338 1298
3 4462 1298 6805
3 6337 1298 6338
3 6857 1298 6337
3 6857 6805 1298
3 4465 1299 4466
3 5802 1299 4465
3 4466 1299 9294
3 5802 6692 1299
3 6692 9294 1299
3 4469 1300 4470
3 4469 7393 1300
3 4470 1300 6739
3 1300 5693 5692
3 1300 5692 6739
3 7393 5693 1300
3 4472 1301 4473
3 1301 4472 5970
3 8285 4473 1301
3 1301 4505 4504
3 1301 4504 5679
3 1301 5970 4505
3 8285 1301 5679
3 1302 4474 4473
3 1302 4473 6957
3 1302 4846 4474
3 1302 6332 4846
3 1302 6333 6332
3 1302 6957 6333
3 1303 4475 4477
3 1303 9026 4475
3 7541 1303 4477
3 5213 1303 5211
3 5211 1303 7541
3 5213 7596 1303
3 1303 7596 9025
3 1303 9025 9026
3 4475 1304 4476
3 6327 1304 4475
3 4476 1304 7112
3 1304 5228 5229
3 6327 5228 1304
3 1304 5229 7112
3 1305 4477 4476
3 1305 4476 5904
3 1305 7408 4477
3 1305 5904 5905
3 1305 5905 7408
3 1306 4479 4478
3 1306 4478 8802
3 1306 7635 4479
3 1306 4852 4851
3 1306 4851 7635
3 1306 8802 4852
3 1307 4480 4479
3 1307 4479 8804
3 1307 6728 4480
3 8803 6728 1307
3 8803 1307 8804
3 4483 1308 4481
3 7059 4481 1308
3 4483 5865 1308
3 5865 7570 1308
3 5891 1308 5889
3 7009 5889 1308
3 7059 1308 5891
3 7009 1308 7570
3 1309 4482 4481
3 7263 1309 4481
3 1309 6831 4482
3 7778 6831 1309
3 7263 8225 1309
3 7778 1309 8225
3 4483 4482 1310
3 4482 5589 1310
3 4483 1310 5864
3 5588 1310 5589
3 5588 6890 1310
3 5864 1310 8254
3 6890 8254 1310
3 4488 1311 4486
3 6406 4486 1311
3 9001 1311 4488
3 6406 1311 6405
3 9002 6405 1311
3 9002 1311 9001
3 4487 4486 1312
3 4486 7326 1312
3 1312 7867 4487
3 7868 1312 7326
3 7867 1312 7868
3 4488 4487 1313
3 4487 9347 1313
3 1313 9000 4488
3 6024 6023 1313
3 9000 1313 6023
3 6024 1313 9347
3 4490 4489 1314
3 1314 4489 7858
3 7183 4490 1314
3 6366 1314 6367
3 6885 1314 6366
3 1314 7858 6367
3 6885 7183 1314
3 4491 4490 1315
3 4490 6568 1315
3 7208 4491 1315
3 6567 1315 6568
3 7208 1315 6567
3 4492 1316 4493
3 7128 1316 4492
3 5719 4493 1316
3 5719 1316 7722
3 7128 7722 1316
3 4493 1317 4494
3 5718 1317 4493
3 7725 4494 1317
3 1317 4947 4946
3 7725 1317 4946
3 5718 4947 1317
3 4496 4495 1318
3 8751 1318 4495
3 10064 4496 1318
3 6186 1318 6187
3 10064 1318 6186
3 8751 6187 1318
3 4497 1319 4498
3 4497 6146 1319
3 5635 4498 1319
3 5635 1319 5633
3 6650 5633 1319
3 6146 6950 1319
3 6650 1319 6950
3 1320 4500 4499
3 1320 4499 8647
3 1320 9534 4500
3 1320 8647 8646
3 1320 8646 9534
3 1321 4503 4505
3 1321 4585 4503
3 1321 4505 5768
3 1321 4586 4585
3 7210 4586 1321
3 5770 1321 5768
3 7210 1321 5770
3 4508 1322 4506
3 4506 1322 5888
3 4508 6456 1322
3 5887 5888 1322
3 5887 1322 6456
3 4507 4506 1323
3 4506 8470 1323
3 4507 1323 5199
3 1323 5200 5199
3 6143 5200 1323
3 6143 1323 8470
3 4508 4507 1324
3 5757 1324 4507
3 4508 1324 5673
3 1324 5672 5671
3 1324 5671 5673
3 1324 7119 5672
3 5757 7119 1324
3 4513 4512 1325
3 4512 4659 1325
3 4513 1325 6939
3 1325 4659 4658
3 1325 4658 8164
3 1325 8164 6939
3 4518 4517 1326
3 5245 1326 4517
3 7463 4518 1326
3 5244 1326 5245
3 5244 7946 1326
3 7463 1326 7946
3 1327 4519 4521
3 1327 5500 4519
3 6649 1327 4521
3 1327 8985 5500
3 6649 6795 1327
3 1327 6795 6796
3 1327 6796 8985
3 4521 4520 1328
3 4520 6335 1328
3 6648 4521 1328
3 6335 6770 1328
3 6648 1328 8216
3 8216 1328 6770
3 1329 4524 4523
3 7167 1329 4523
3 4540 4524 1329
3 4540 1329 6081
3 1329 7886 6081
3 7167 9750 1329
3 1329 9750 7886
3 4526 1330 4527
3 4526 7623 1330
3 1330 6510 4527
3 4745 1330 4746
3 4745 6510 1330
3 4746 1330 7623
3 4532 1331 4530
3 5302 4530 1331
3 4532 6229 1331
3 8638 5302 1331
3 8638 1331 6229
3 4531 1332 4532
3 4531 6197 1332
3 4532 1332 6230
3 1332 6197 6232
3 1332 6232 6230
3 4533 1333 4534
3 4533 6411 1333
3 4534 1333 6170
3 6984 6170 1333
3 6844 1333 6411
3 6844 6984 1333
3 4535 1334 4536
3 5648 1334 4535
3 4536 1334 4619
3 7225 4619 1334
3 5175 1334 5176
3 5175 7225 1334
3 5176 1334 5648
3 1335 4537 4539
3 7870 4537 1335
3 1335 4539 4611
3 7506 1335 4611
3 7871 1335 7506
3 7871 7870 1335
3 1336 4546 4545
3 7278 1336 4545
3 6535 4546 1336
3 6535 1336 6536
3 7278 6536 1336
3 1337 4550 4549
3 6397 1337 4549
3 1337 6395 4550
3 1337 6396 6395
3 1337 6397 6396
3 4551 1338 4552
3 4551 6601 1338
3 5742 4552 1338
3 5742 1338 5743
3 5743 1338 6684
3 6601 6685 1338
3 1338 6685 6684
3 1339 4558 4560
3 1339 7663 4558
3 1339 4560 7659
3 1339 4726 4725
3 1339 4725 7665
3 1339 7659 4726
3 1339 7665 7663
3 4558 1340 4559
3 4558 7664 1340
3 7649 4559 1340
3 7649 1340 7650
3 7650 1340 7664
3 4560 4559 1341
3 7651 1341 4559
3 4560 1341 7656
3 7651 7741 1341
3 7654 7656 1341
3 7654 1341 7741
3 1342 4565 4564
3 1342 4564 7461
3 8979 4565 1342
3 1342 7461 7462
3 8979 1342 7462
3 1343 4566 4565
3 8978 1343 4565
3 1343 7357 4566
3 1343 5280 5279
3 1343 5279 7357
3 8978 5280 1343
3 4568 4567 1344
3 7111 1344 4567
3 4886 4568 1344
3 4887 4886 1344
3 5229 4887 1344
3 5229 1344 7111
3 4573 1345 4571
3 4571 1345 7380
3 5291 1345 4573
3 5243 5245 1345
3 5243 1345 5291
3 5245 7380 1345
3 4576 4578 1346
3 5754 4576 1346
3 1346 4578 7546
3 5755 5754 1346
3 5755 1346 6715
3 1346 6714 6715
3 1346 7546 6714
3 4576 1347 4577
3 4576 6344 1347
3 1347 5681 4577
3 1347 4652 4651
3 1347 4651 5393
3 6139 4652 1347
3 1347 5393 5681
3 6139 1347 6344
3 4578 4577 1348
3 6011 1348 4577
3 7315 4578 1348
3 6011 7482 1348
3 7316 7315 1348
3 7316 1348 7482
3 1349 4585 4584
3 1349 4584 6711
3 1349 8639 4585
3 1349 6441 6440
3 8639 1349 6440
3 1349 7554 6441
3 1349 6711 7554
3 4587 4589 1350
3 7476 4587 1350
3 4589 7849 1350
3 7476 1350 9106
3 9106 1350 7849
3 4588 1351 4589
3 7551 1351 4588
3 4589 1351 7848
3 7551 7847 1351
3 7847 7846 1351
3 1351 7846 7848
3 1352 4591 4590
3 1352 4590 8658
3 1352 9413 4591
3 5539 1352 5540
3 5539 7025 1352
3 5540 1352 8658
3 1352 7025 7024
3 1352 7024 9413
3 1353 4593 4595
3 1353 8026 4593
3 5629 1353 4595
3 5629 5631 1353
3 5631 7083 1353
3 1353 7083 9340
3 1353 9340 8026
3 1354 4594 4593
3 1354 4593 8027
3 1354 6902 4594
3 1354 8981 6902
3 1354 8027 8981
3 1355 4595 4594
3 1355 4594 6599
3 1355 6471 4595
3 1355 6472 6471
3 1355 6557 6472
3 1355 6599 6557
3 4598 1356 4596
3 1356 6438 4596
3 4877 1356 4598
3 4877 6598 1356
3 1356 6766 6438
3 1356 6598 6765
3 1356 6765 6766
3 4601 1357 4599
3 4599 1357 8786
3 4626 1357 4601
3 4626 4625 1357
3 4625 6864 1357
3 6864 8786 1357
3 4600 4599 1358
3 4599 5877 1358
3 6382 4600 1358
3 5877 5876 1358
3 6383 1358 5876
3 6382 1358 6383
3 4601 4600 1359
3 4600 7244 1359
3 5004 4601 1359
3 5004 1359 5005
3 5005 1359 7243
3 1359 7244 7243
3 1360 4603 4602
3 1360 4602 6622
3 5389 4603 1360
3 5389 1360 6222
3 1360 6223 6222
3 1360 6622 6223
3 1361 4604 4606
3 1361 4976 4604
3 8478 1361 4606
3 1361 6963 4976
3 1361 8480 6963
3 8478 8480 1361
3 4604 1362 4605
3 4604 4977 1362
3 1362 6083 4605
3 6942 1362 4977
3 6572 6083 1362
3 6942 6572 1362
3 4606 4605 1363
3 4605 5760 1363
3 4606 1363 9472
3 5760 5759 1363
3 1363 5759 8954
3 1363 8954 9472
3 4609 1364 4610
3 4609 5171 1364
3 8961 4610 1364
3 5534 1364 5171
3 8962 1364 5534
3 8962 8961 1364
3 1365 4612 4614
3 1365 7028 4612
3 7029 1365 4614
3 6496 6498 1365
3 9344 6496 1365
3 6498 7028 1365
3 7030 1365 7029
3 9344 1365 7030
3 1366 4614 4613
3 1366 4613 6232
3 1366 6495 4614
3 1366 6232 6231
3 1366 6231 6495
3 4618 4619 1367
3 4618 1367 4766
3 7226 1367 4619
3 4764 4766 1367
3 4764 1367 5179
3 7226 5179 1367
3 4620 4622 1368
3 7193 4620 1368
3 9216 1368 4622
3 5195 1368 5193
3 9216 5193 1368
3 5195 6940 1368
3 7193 1368 6940
3 4620 1369 4621
3 4620 7271 1369
3 4621 1369 9009
3 1369 7271 7270
3 1369 7270 9009
3 4621 1370 4622
3 4621 9154 1370
3 9217 4622 1370
3 9154 9157 1370
3 9487 1370 9157
3 9487 9217 1370
3 4626 1371 4624
3 4624 1371 9284
3 5004 1371 4626
3 5004 5006 1371
3 5006 5645 1371
3 9284 1371 5645
3 1372 4631 4630
3 1372 4630 6049
3 5060 4631 1372
3 5060 1372 5061
3 7210 5061 1372
3 7210 1372 6049
3 4636 4635 1373
3 9792 1373 4635
3 9033 4636 1373
3 9033 1373 9034
3 9792 9034 1373
3 4637 4636 1374
3 4636 5939 1374
3 5031 4637 1374
3 5032 5031 1374
3 5032 1374 5938
3 5938 1374 5939
3 4640 4639 1375
3 4639 6350 1375
3 6012 4640 1375
3 6012 1375 7462
3 1375 6350 7898
3 7898 7462 1375
3 1376 4641 4643
3 1376 9415 4641
3 1376 4643 7436
3 6634 6635 1376
3 6634 1376 6790
3 6635 9415 1376
3 6790 1376 6791
3 6791 1376 7436
3 1377 4642 4641
3 7526 1377 4641
3 5515 4642 1377
3 5515 1377 7388
3 7526 7388 1377
3 4646 4645 1378
3 4894 1378 4645
3 4646 1378 7216
3 4894 4893 1378
3 5031 1378 4893
3 5033 1378 5031
3 5033 7216 1378
3 1379 4648 4649
3 6244 4648 1379
3 1379 4649 6100
3 1379 6100 6102
3 1379 6102 7332
3 6244 1379 7332
3 4657 4656 1380
3 9929 1380 4656
3 4657 1380 5173
3 7202 5173 1380
3 7203 7202 1380
3 1380 9929 7203
3 1381 4667 4669
3 8059 4667 1381
3 6481 1381 4669
3 6482 1381 6481
3 6482 6784 1381
3 8060 1381 6784
3 1381 8060 8059
3 1382 4668 4667
3 1382 4667 8782
3 1382 6413 4668
3 1382 6414 6413
3 7350 6414 1382
3 7350 1382 8782
3 1383 4669 4668
3 1383 4668 9068
3 6480 4669 1383
3 6480 1383 9068
3 4672 1384 4670
3 1384 7442 4670
3 4672 5023 1384
3 6209 1384 5023
3 6209 9535 1384
3 1384 9535 7442
3 4672 4671 1385
3 9144 1385 4671
3 5022 4672 1385
3 5022 1385 5494
3 9144 5494 1385
3 4677 1386 4675
3 5536 4675 1386
3 9328 1386 4677
3 5536 1386 6404
3 6402 6404 1386
3 9328 6402 1386
3 4675 1387 4676
3 4675 5537 1387
3 4676 1387 6142
3 5537 6289 1387
3 6142 1387 6289
3 4677 4676 1388
3 4676 6141 1388
3 4677 1388 7557
3 1388 6141 6505
3 7557 1388 6505
3 4680 4681 1389
3 4680 1389 6090
3 6482 1389 4681
3 1389 4956 4958
3 1389 6482 4956
3 1389 4958 6652
3 6090 1389 6652
3 1390 4683 4682
3 1390 4682 5117
3 4713 4683 1390
3 4713 1390 7806
3 1390 5117 5231
3 1390 5231 7806
3 4686 4688 1391
3 4686 1391 4693
3 1391 4688 7666
3 1391 6345 4693
3 1391 6861 6345
3 1391 7667 6861
3 1391 7666 7665
3 1391 7665 7667
3 4686 1392 4687
3 4686 4692 1392
3 1392 5716 4687
3 4692 7845 1392
3 1392 7845 5716
3 4688 4687 1393
3 1393 4687 5717
3 1393 8261 4688
3 5717 8262 1393
3 8261 1393 8262
3 4690 1394 4691
3 7410 1394 4690
3 1394 5804 4691
3 5805 5804 1394
3 5805 1394 7410
3 4699 1395 4700
3 7072 1395 4699
3 4700 1395 7139
3 7072 7071 1395
3 10033 1395 7071
3 8972 7139 1395
3 10033 8972 1395
3 1396 4704 4706
3 4704 1396 6198
3 1396 4706 6222
3 1396 6197 6198
3 1396 6231 6197
3 1396 6222 6224
3 1396 6224 6226
3 1396 6226 6231
3 4705 4704 1397
3 4704 6134 1397
3 4705 1397 9153
3 1397 5466 5468
3 1397 6134 5466
3 9153 1397 5468
3 1398 4706 4705
3 9925 1398 4705
3 5389 4706 1398
3 5388 5389 1398
3 5388 1398 6120
3 6118 6120 1398
3 6118 1398 9925
3 4707 4709 1399
3 4707 1399 5271
3 6327 1399 4709
3 5771 5271 1399
3 9026 5771 1399
3 9026 1399 6327
3 1400 4709 4708
3 5290 1400 4708
3 5228 4709 1400
3 4887 1400 4885
3 5290 4885 1400
3 5228 1400 4887
3 4710 4712 1401
3 4710 1401 5397
3 1401 4712 6641
3 5397 1401 5396
3 1401 5496 5396
3 1401 7414 5496
3 1401 6641 7414
3 4711 1402 4712
3 4711 6588 1402
3 4712 1402 6640
3 6588 7334 1402
3 7334 6640 1402
3 4713 1403 4714
3 4713 7813 1403
3 1403 5077 4714
3 6887 5077 1403
3 7812 6887 1403
3 7812 1403 7813
3 4715 4717 1404
3 6084 4715 1404
3 6971 1404 4717
3 5552 5551 1404
3 5551 6084 1404
3 5552 1404 6971
3 4715 1405 4716
3 7109 1405 4715
3 6933 4716 1405
3 6934 6933 1405
3 7106 6934 1405
3 7109 7106 1405
3 4717 4716 1406
3 1406 4716 5767
3 7459 4717 1406
3 5765 1406 5766
3 5765 7459 1406
3 1406 5767 5766
3 4718 1407 4719
3 4718 7118 1407
3 5791 4719 1407
3 5792 5791 1407
3 7118 5792 1407
3 4721 4723 1408
3 4721 1408 5044
3 4723 5083 1408
3 5044 1408 5042
3 6997 5042 1408
3 5083 5082 1408
3 6997 1408 5082
3 4722 1409 4723
3 4722 5328 1409
3 4723 1409 6722
3 5327 1409 5328
3 6722 1409 5327
3 4725 4727 1410
3 4725 1410 7667
3 8087 1410 4727
3 7667 1410 7717
3 8083 7717 1410
3 8087 8083 1410
3 4726 1411 4727
3 4726 7660 1411
3 1411 9585 4727
3 7660 8352 1411
3 1411 8352 9585
3 1412 4729 4728
3 5477 1412 4728
3 1412 9415 4729
3 5479 1412 5477
3 7526 1412 5479
3 7526 9415 1412
3 1413 4732 4731
3 5924 1413 4731
3 1413 5638 4732
3 1413 5639 5638
3 5924 5639 1413
3 1414 4733 4735
3 1414 5458 4733
3 10119 1414 4735
3 1414 8316 5458
3 1414 9633 8316
3 10119 9633 1414
3 4733 1415 4734
3 4733 5457 1415
3 4734 1415 6460
3 5935 1415 5457
3 5935 6460 1415
3 1416 4740 4739
3 5512 1416 4739
3 6574 4740 1416
3 5428 5427 1416
3 5427 6574 1416
3 5428 1416 5512
3 4742 4744 1417
3 5414 4742 1417
3 5731 1417 4744
3 5414 1417 5412
3 5731 5412 1417
3 1418 4747 4746
3 1418 4746 7622
3 1418 8936 4747
3 7621 1418 7622
3 8936 1418 7621
3 4748 1419 4749
3 4748 7513 1419
3 6592 4749 1419
3 6592 1419 6593
3 6593 1419 7513
3 1420 4750 4752
3 6721 4750 1420
3 1420 4752 6167
3 1420 6167 6169
3 1420 6169 8984
3 6721 1420 8984
3 1421 4755 4757
3 1421 4760 4755
3 5373 1421 4757
3 1421 4758 4760
3 1421 9134 4758
3 5373 7062 1421
3 7062 9134 1421
3 1422 4757 4756
3 5432 1422 4756
3 5372 4757 1422
3 5372 1422 7164
3 5432 6362 1422
3 1422 6362 7164
3 4761 4763 1423
3 4761 1423 5593
3 7048 1423 4763
3 9263 5593 1423
3 7494 1423 7048
3 7494 8931 1423
3 8931 9263 1423
3 4761 1424 4762
3 4761 5594 1424
3 4762 1424 5308
3 5308 1424 5337
3 5485 5337 1424
3 5485 1424 5594
3 4762 1425 4763
3 4762 5307 1425
3 7047 4763 1425
3 5307 5600 1425
3 5600 5599 1425
3 5599 7047 1425
3 4764 1426 4765
3 4764 5180 1426
3 1426 6363 4765
3 5474 1426 5180
3 5407 5406 1426
3 1426 5406 6363
3 5474 5407 1426
3 4768 4767 1427
3 4767 6731 1427
3 4768 1427 5509
3 1427 5510 5509
3 1427 5664 5510
3 6731 5664 1427
3 4768 1428 4769
3 4768 7865 1428
3 4769 1428 8089
3 7865 7864 1428
3 1428 7864 8090
3 8089 1428 8090
3 1429 4773 4772
3 1429 4772 5524
3 1429 6089 4773
3 1429 5524 7302
3 1429 6088 6089
3 7427 6088 1429
3 7427 1429 7302
3 4775 4774 1430
3 1430 4774 7609
3 4775 1430 8060
3 1430 7609 8061
3 8061 8060 1430
3 1431 4777 4776
3 1431 4776 9562
3 1431 9646 4777
3 1431 9562 9843
3 1431 9844 9646
3 1431 9843 9844
3 1432 4778 4777
3 1432 4777 9324
3 1432 6894 4778
3 1432 6895 6894
3 1432 7364 6895
3 1432 9324 7364
3 1433 4780 4779
3 1433 4779 5491
3 1433 6233 4780
3 1433 5491 6234
3 1433 6234 6233
3 1434 4782 4781
3 6271 1434 4781
3 7746 4782 1434
3 6271 8377 1434
3 7746 1434 8378
3 1434 8377 8378
3 1435 4784 4783
3 1435 4783 5448
3 6762 4784 1435
3 6762 1435 5448
3 1436 4785 4784
3 6995 1436 4784
3 1436 6705 4785
3 1436 8366 6705
3 6995 6994 1436
3 6994 8366 1436
3 4790 1437 4788
3 4788 1437 5007
3 7169 1437 4790
3 5008 5007 1437
3 9476 5008 1437
3 7169 9972 1437
3 9476 1437 9972
3 4788 1438 4789
3 4788 5608 1438
3 4789 1438 6099
3 8260 1438 5608
3 1438 8260 6099
3 4790 4789 1439
3 4789 6098 1439
3 7168 4790 1439
3 5830 1439 5831
3 5830 7179 1439
3 5831 1439 6098
3 7179 7168 1439
3 4792 1440 4793
3 4792 6498 1440
3 1440 5744 4793
3 6497 5744 1440
3 6497 1440 6498
3 1441 4797 4796
3 1441 4796 6982
3 1441 6450 4797
3 1441 6981 6450
3 1441 6982 6981
3 1442 4798 4797
3 1442 4797 6257
3 1442 5859 4798
3 1442 6868 5859
3 1442 6257 6256
3 1442 6256 6868
3 4808 4807 1443
3 4807 5680 1443
3 4808 1443 9513
3 5393 5392 1443
3 9513 1443 5392
3 5680 5393 1443
3 4814 4813 1444
3 4813 5625 1444
3 8153 4814 1444
3 5624 1444 5625
3 8153 1444 5624
3 4818 4817 1445
3 4817 9438 1445
3 4818 1445 5941
3 5941 1445 6766
3 6811 6766 1445
3 6811 1445 9438
3 1446 4820 4819
3 1446 4819 9482
3 1446 5677 4820
3 1446 5678 5677
3 1446 6451 5678
3 1446 9482 6451
3 4821 4823 1447
3 4821 1447 7213
3 4823 9265 1447
3 5830 5832 1447
3 5830 1447 7180
3 9105 1447 5832
3 7180 1447 9265
3 7213 1447 9105
3 1448 4824 4826
3 1448 9247 4824
3 1448 4826 7041
3 1448 7041 9246
3 1448 9246 9247
3 1449 4825 4824
3 1449 4824 9240
3 7711 4825 1449
3 1449 5120 5119
3 1449 5119 7116
3 1449 9240 5120
3 7711 1449 7116
3 4832 1450 4830
3 5014 4830 1450
3 4832 6557 1450
3 5012 5014 1450
3 1450 5334 5012
3 1450 5333 5334
3 1450 6557 5333
3 1451 4837 4836
3 1451 4836 6837
3 5221 4837 1451
3 1451 4996 4995
3 6643 1451 4995
3 1451 6837 4996
3 6643 5221 1451
3 4841 4840 1452
3 1452 4840 7511
3 4841 1452 6980
3 6980 1452 6978
3 6978 1452 7603
3 1452 7511 7603
3 1453 4843 4842
3 1453 4842 7197
3 1453 4971 4843
3 1453 4972 4971
3 1453 7196 4972
3 1453 7197 7196
3 4844 1454 4845
3 7862 1454 4844
3 4845 1454 7079
3 7080 7079 1454
3 7080 1454 7323
3 7324 7323 1454
3 1454 7862 7324
3 1455 4848 4850
3 1455 6427 4848
3 1455 4850 6984
3 1455 6285 6286
3 1455 6985 6285
3 1455 6286 6427
3 6984 6985 1455
3 1456 4849 4848
3 1456 4848 6431
3 1456 5341 4849
3 6767 5341 1456
3 6767 1456 6431
3 1457 4850 4849
3 1457 4849 5340
3 1457 6170 4850
3 5569 1457 5340
3 5569 6990 1457
3 6171 6170 1457
3 6171 1457 6990
3 4853 1458 4851
3 5236 4851 1458
3 4982 1458 4853
3 9223 1458 4982
3 4983 4985 1458
3 9223 4983 1458
3 4985 5236 1458
3 1459 4854 4856
3 1459 6749 4854
3 1459 4856 6597
3 4877 4876 1459
3 4876 6749 1459
3 4877 1459 6597
3 1460 4855 4854
3 1460 4854 5360
3 1460 9906 4855
3 1460 5360 5359
3 1460 5359 8746
3 1460 8746 10031
3 1460 10031 9906
3 1461 4856 4855
3 1461 4855 8645
3 1461 7000 4856
3 1461 7001 7000
3 1461 8649 7001
3 1461 8645 8644
3 1461 8644 8649
3 4859 1462 4857
3 4857 1462 5338
3 4859 5307 1462
3 5307 5308 1462
3 5308 5338 1462
3 4858 4857 1463
3 4857 5339 1463
3 6883 4858 1463
3 5250 1463 5251
3 5250 6883 1463
3 5251 1463 6129
3 6129 1463 5339
3 1464 4862 4864
3 1464 9875 4862
3 5616 1464 4864
3 5616 5618 1464
3 5834 1464 5618
3 5834 6562 1464
3 9875 1464 6562
3 4864 4863 1465
3 4863 6947 1465
3 4864 1465 7466
3 6947 6946 1465
3 1465 6946 9280
3 7466 1465 9281
3 1465 9280 9281
3 4869 1466 4867
3 4867 1466 5358
3 4869 5174 1466
3 5174 5176 1466
3 5176 6274 1466
3 5358 1466 5356
3 1466 6274 5356
3 4868 4867 1467
3 4867 7123 1467
3 4868 1467 5971
3 5971 1467 7124
3 1467 7123 7124
3 4872 1468 4873
3 4872 9024 1468
3 9807 4873 1468
3 9024 9632 1468
3 1468 9632 9633
3 9807 1468 9633
3 1469 4878 4880
3 1469 9446 4878
3 9106 1469 4880
3 1469 5348 5349
3 7491 5348 1469
3 1469 5349 9446
3 1469 9106 7491
3 1470 4879 4878
3 5641 1470 4878
3 5640 4879 1470
3 5641 5640 1470
3 1471 4882 4881
3 1471 4881 8748
3 1471 8750 4882
3 9936 1471 8748
3 1471 10091 8750
3 9936 10091 1471
3 1472 4889 4888
3 1472 4888 5109
3 1472 9439 4889
3 1472 5109 5108
3 1472 5108 9439
3 4890 1473 4891
3 4890 7384 1473
3 1473 7358 4891
3 1473 7359 7358
3 1473 7362 7359
3 1473 8268 7362
3 7384 8271 1473
3 1473 8271 8268
3 4892 4891 1474
3 4891 7363 1474
3 5601 4892 1474
3 5601 1474 6639
3 1474 7918 6639
3 1474 7363 9901
3 1474 9901 7918
3 1475 4900 4902
3 1475 5918 4900
3 1475 4902 6032
3 1475 5723 5722
3 1475 5722 5918
3 1475 6032 5723
3 4900 1476 4901
3 5620 1476 4900
3 4901 1476 5619
3 5620 5619 1476
3 4905 1477 4903
3 4903 1477 5595
3 4905 6428 1477
3 5596 5595 1477
3 5596 1477 6206
3 6428 6206 1477
3 4905 4904 1478
3 4904 6875 1478
3 4905 1478 7510
3 1478 6875 8578
3 1478 7605 7510
3 1478 8578 7605
3 1479 4906 4908
3 7544 4906 1479
3 1479 4908 8822
3 7543 7544 1479
3 7543 1479 7558
3 1479 8822 7558
3 4906 1480 4907
3 4906 7545 1480
3 8557 4907 1480
3 1480 5605 5604
3 6699 1480 5604
3 1480 9032 5605
3 8557 1480 6699
3 7545 9032 1480
3 4909 4910 1481
3 4909 1481 6343
3 4910 9291 1481
3 1481 6341 6343
3 9290 6341 1481
3 9291 9290 1481
3 4912 4913 1482
3 4912 1482 8753
3 6693 1482 4913
3 5795 5794 1482
3 5794 8753 1482
3 9452 5795 1482
3 9452 1482 6693
3 4914 1483 4915
3 4914 7789 1483
3 4915 1483 5579
3 5580 5579 1483
3 7789 5580 1483
3 4915 1484 4916
3 5555 1484 4915
3 5886 4916 1484
3 5555 5554 1484
3 5884 1484 5554
3 5886 1484 5884
3 4921 4923 1485
3 7672 4921 1485
3 1485 4923 5962
3 1485 5962 6043
3 6044 1485 6043
3 7672 1485 6044
3 4921 1486 4922
3 7670 1486 4921
3 4922 1486 7557
3 6155 1486 6153
3 7670 6153 1486
3 6906 1486 6155
3 9328 1486 6906
3 9328 7557 1486
3 4922 1487 4923
3 4922 6505 1487
3 5961 4923 1487
3 6504 5961 1487
3 1487 6505 6504
3 4924 4926 1488
3 8801 4924 1488
3 9107 1488 4926
3 1488 8798 8800
3 9107 8798 1488
3 8801 1488 8800
3 4924 1489 4925
3 9583 1489 4924
3 7191 4925 1489
3 1489 6001 6000
3 9292 1489 6000
3 1489 7966 6001
3 7191 1489 9292
3 1489 9583 7966
3 1490 4926 4925
3 7192 1490 4925
3 5501 4926 1490
3 5502 5501 1490
3 5502 1490 7192
3 1491 4928 4927
3 1491 4927 8425
3 1491 9006 4928
3 8426 1491 8425
3 8653 1491 8426
3 8653 9006 1491
3 4929 1492 4930
3 4929 7214 1492
3 1492 6729 4930
3 1492 8824 6729
3 1492 7214 8824
3 4931 4932 1493
3 7126 4931 1493
3 7797 1493 4932
3 8571 7126 1493
3 9261 1493 7797
3 8571 1493 9261
3 4934 1494 4933
3 5653 4933 1494
3 5196 1494 4934
3 5198 1494 5196
3 7142 1494 5198
3 7142 5653 1494
3 4941 1495 4942
3 4941 6438 1495
3 4942 1495 6655
3 1495 6438 6811
3 1495 6656 6655
3 1495 6811 6656
3 4945 1496 4944
3 10057 4944 1496
3 4945 9148 1496
3 6969 6968 1496
3 10057 1496 6968
3 9148 6969 1496
3 1497 4946 4948
3 7221 4946 1497
3 1497 4948 6912
3 1497 6912 6911
3 7221 1497 6911
3 1498 4957 4956
3 6481 1498 4956
3 1498 7006 4957
3 6481 6480 1498
3 1498 6480 7045
3 1498 7045 7006
3 1499 4958 4957
3 1499 4957 6664
3 1499 6659 4958
3 1499 6662 6659
3 1499 6664 6662
3 1500 4960 4959
3 6660 1500 4959
3 1500 7119 4960
3 6660 6775 1500
3 6775 7119 1500
3 1501 4961 4960
3 5757 1501 4960
3 1501 5201 4961
3 1501 5199 5201
3 5757 5199 1501
3 4963 1502 4962
3 1502 7051 4962
3 6162 1502 4963
3 5972 5971 1502
3 5971 7051 1502
3 6162 5972 1502
3 4964 4966 1503
3 5422 4964 1503
3 1503 4966 6086
3 5422 1503 5885
3 5886 5885 1503
3 5886 1503 8859
3 1503 6086 8859
3 4964 1504 4965
3 4964 5423 1504
3 1504 8021 4965
3 5635 1504 5423
3 5635 5634 1504
3 1504 5634 8021
3 1505 4966 4965
3 1505 4965 8022
3 6087 4966 1505
3 1505 9477 6087
3 8022 9477 1505
3 4969 4968 1506
3 6869 1506 4968
3 4969 1506 6866
3 6866 1506 6867
3 6868 6867 1506
3 6869 6868 1506
3 4975 1507 4973
3 4973 1507 7247
3 5947 1507 4975
3 5047 1507 5045
3 5595 5045 1507
3 9975 1507 5047
3 5947 5595 1507
3 9164 7247 1507
3 9975 9164 1507
3 4973 1508 4974
3 4973 6941 1508
3 1508 6690 4974
3 1508 6200 6199
3 1508 6199 6690
3 1508 6941 6200
3 1509 4975 4974
3 1509 4974 7150
3 1509 6832 4975
3 1509 6833 6832
3 1509 7150 6833
3 4976 1510 4977
3 4976 6964 1510
3 1510 6943 4977
3 1510 8431 6943
3 8483 1510 6964
3 1510 8432 8431
3 8483 8432 1510
3 4980 4979 1511
3 4979 5315 1511
3 4980 1511 5847
3 1511 5315 5314
3 5474 1511 5314
3 5474 5847 1511
3 1512 4982 4981
3 1512 4981 5710
3 1512 7413 4982
3 1512 5710 6380
3 1512 6380 6379
3 1512 6379 7413
3 4983 1513 4984
3 4983 8623 1513
3 8620 4984 1513
3 8620 1513 8621
3 8621 1513 8623
3 1514 4985 4984
3 9761 1514 4984
3 1514 5235 4985
3 1514 9970 5235
3 1514 8838 8837
3 1514 8837 9970
3 1514 9761 8838
3 1515 4988 4987
3 5818 1515 4987
3 1515 6524 4988
3 5818 5817 1515
3 5817 6525 1515
3 1515 6525 6524
3 4991 4990 1516
3 5354 1516 4990
3 4991 1516 5729
3 5354 5353 1516
3 5353 5729 1516
3 4991 1517 4992
3 4991 5695 1517
3 7520 4992 1517
3 5694 1517 5695
3 5694 9215 1517
3 7520 1517 9215
3 1518 4995 4994
3 1518 4994 6338
3 1518 6644 4995
3 1518 6338 6644
3 1519 4997 4999
3 1519 9918 4997
3 4999 5748 1519
3 5749 1519 5748
3 5749 7744 1519
3 9918 1519 7744
3 4999 4998 1520
3 4998 8567 1520
3 4999 1520 6320
3 8734 6320 1520
3 8567 8734 1520
3 5000 1521 5001
3 5000 5917 1521
3 9112 5001 1521
3 5075 1521 5076
3 6527 1521 5075
3 5917 5076 1521
3 9112 1521 6527
3 5003 5002 1522
3 9290 1522 5002
3 7700 5003 1522
3 8722 7700 1522
3 8723 8722 1522
3 8723 1522 9290
3 5005 1523 5006
3 5005 7242 1523
3 5006 1523 5644
3 1523 5812 5644
3 1523 5811 5810
3 1523 5810 5812
3 1523 7242 5811
3 5009 5008 1524
3 7172 1524 5008
3 7174 5009 1524
3 7172 7171 1524
3 7173 1524 7171
3 7174 1524 7173
3 5013 5012 1525
3 5012 5548 1525
3 6302 5013 1525
3 1525 5548 5550
3 1525 5550 5936
3 6302 1525 5936
3 1526 5014 5013
3 5013 5472 1526
3 5014 1526 5471
3 5471 1526 5472
3 5020 5019 1527
3 5019 9213 1527
3 5020 1527 5139
3 5139 1527 9297
3 9297 1527 9213
3 1528 5024 5025
3 1528 6448 5024
3 1528 5025 6225
3 1528 6224 6223
3 1528 6223 6613
3 1528 6225 6224
3 1528 6613 6448
3 5033 5032 1529
3 5032 6921 1529
3 5033 1529 6218
3 6219 6218 1529
3 6219 1529 6921
3 1530 5034 5036
3 1530 9307 5034
3 1530 5036 6188
3 1530 6188 6190
3 1530 6190 6563
3 1530 6563 9307
3 1531 5035 5034
3 1531 5034 5249
3 1531 5357 5035
3 1531 5249 5248
3 1531 5248 7123
3 5358 5357 1531
3 5358 1531 7123
3 1532 5036 5035
3 1532 5035 5712
3 5067 5036 1532
3 5068 5067 1532
3 5068 1532 5712
3 1533 5039 5038
3 6265 1533 5038
3 1533 6976 5039
3 6986 1533 6265
3 6977 6976 1533
3 6986 6977 1533
3 5039 1534 5040
3 7300 1534 5039
3 5121 5040 1534
3 6210 5121 1534
3 6210 1534 7301
3 7300 7301 1534
3 1535 5043 5042
3 5813 1535 5042
3 1535 5809 5043
3 5810 5809 1535
3 5810 1535 5813
3 1536 5046 5045
3 5596 1536 5045
3 5463 5046 1536
3 5464 5463 1536
3 5464 1536 5596
3 1537 5047 5046
3 9027 1537 5046
3 1537 7245 5047
3 1537 7246 7245
3 9027 7246 1537
3 5050 5049 1538
3 5049 7379 1538
3 5050 1538 5318
3 5318 1538 6751
3 1538 6752 6751
3 1538 7379 6752
3 1539 5054 5053
3 6116 1539 5053
3 7375 5054 1539
3 6116 6115 1539
3 6115 7375 1539
3 5056 5055 1540
3 7579 1540 5055
3 5056 1540 7550
3 7550 1540 7644
3 7579 7644 1540
3 1541 5058 5057
3 1541 5057 7186
3 1541 5110 5058
3 1541 5111 5110
3 1541 7186 5111
3 1542 5059 5058
3 1542 5058 5665
3 1542 6869 5059
3 1542 5665 5859
3 1542 5859 6869
3 5064 5063 1543
3 7457 1543 5063
3 8930 5064 1543
3 7734 1543 7457
3 7733 1543 7734
3 7733 8931 1543
3 8931 8930 1543
3 5065 5064 1544
3 6633 1544 5064
3 5065 1544 7115
3 6632 1544 6633
3 6632 7115 1544
3 5067 5066 1545
3 1545 5066 8995
3 5067 1545 6188
3 6189 6188 1545
3 6189 1545 8995
3 1546 5070 5069
3 1546 5069 7233
3 1546 10052 5070
3 1546 7233 7232
3 1546 7232 10052
3 1547 5071 5070
3 1547 5070 10053
3 1547 6580 5071
3 1547 6581 6580
3 1547 6582 6581
3 1547 8959 6582
3 1547 9811 8959
3 1547 10053 9811
3 5074 5076 1548
3 5074 1548 6384
3 1548 5076 6914
3 7075 6384 1548
3 7074 1548 6914
3 7074 7075 1548
3 5074 1549 5075
3 5074 6385 1549
3 5075 1549 6526
3 1549 6385 7446
3 1549 9489 6526
3 1549 7446 9489
3 5078 5077 1550
3 6886 1550 5077
3 5078 1550 6858
3 7718 6858 1550
3 7718 1550 6886
3 1551 5086 5085
3 1551 5085 5690
3 1551 6177 5086
3 1551 5690 6696
3 1551 7790 6177
3 1551 6696 7790
3 1552 5091 5090
3 6447 1552 5090
3 1552 5851 5091
3 1552 7980 5851
3 1552 6447 6446
3 1552 6446 7477
3 1552 7477 7978
3 7980 1552 7978
3 5102 1553 5100
3 7583 5100 1553
3 5102 8874 1553
3 7583 1553 8000
3 8874 8000 1553
3 5101 5100 1554
3 1554 5100 7584
3 5101 1554 7412
3 7412 1554 7413
3 9223 7413 1554
3 1554 7584 8623
3 9223 1554 8623
3 1555 5103 5105
3 1555 6507 5103
3 5105 7551 1555
3 1555 7552 6507
3 7551 7552 1555
3 1556 5107 5106
3 5721 1556 5106
3 1556 5853 5107
3 5929 1556 5721
3 1556 5854 5853
3 5929 5854 1556
3 5113 5112 1557
3 6336 1557 5112
3 5113 1557 6137
3 1557 6138 6137
3 6725 6138 1557
3 6336 6725 1557
3 5115 5114 1558
3 8257 1558 5114
3 1558 9766 5115
3 8256 8255 1558
3 9766 1558 8255
3 8256 1558 8257
3 1559 5118 5120
3 9268 5118 1559
3 1559 5120 9238
3 1559 6251 6252
3 1559 9238 6251
3 9268 1559 6252
3 1560 5119 5118
3 9269 1560 5118
3 1560 7117 5119
3 1560 6094 6093
3 1560 6093 7117
3 6483 6094 1560
3 9269 6483 1560
3 1561 5125 5127
3 1561 7292 5125
3 1561 5127 5511
3 1561 5511 7293
3 1561 9492 7292
3 1561 7293 9492
3 1562 5128 5129
3 1562 5259 5128
3 1562 5129 7398
3 1562 5257 5259
3 1562 7400 5257
3 1562 7398 7400
3 5132 5131 1563
3 5904 1563 5131
3 5132 1563 7111
3 5904 7112 1563
3 7112 7111 1563
3 5134 1564 5135
3 5134 6552 1564
3 6551 5135 1564
3 6552 6551 1564
3 1565 5142 5141
3 1565 5141 6566
3 1565 6432 5142
3 1565 6433 6432
3 1565 6566 6433
3 1566 5144 5146
3 1566 9264 5144
3 1566 5146 5330
3 1566 5330 5332
3 5485 1566 5332
3 5485 6903 1566
3 1566 6903 9264
3 1567 5145 5144
3 1567 5144 6434
3 1567 5271 5145
3 1567 5272 5271
3 1567 6433 5272
3 1567 6434 6433
3 1568 5146 5145
3 1568 5145 5771
3 1568 6412 5146
3 1568 5771 9025
3 1568 9025 6412
3 5148 5147 1569
3 6916 1569 5147
3 8550 5148 1569
3 6916 7738 1569
3 9881 1569 7738
3 8550 1569 9881
3 5149 5151 1570
3 5149 1570 6303
3 9494 1570 5151
3 6303 1570 6398
3 6398 1570 7401
3 9494 7401 1570
3 5149 1571 5150
3 5149 6304 1571
3 1571 5178 5150
3 1571 7438 5178
3 1571 6304 6824
3 1571 6824 7438
3 5151 5150 1572
3 1572 5150 5177
3 5151 1572 5152
3 5152 1572 5153
3 1572 5561 5153
3 1572 5177 5561
3 1573 5152 5154
3 9494 5152 1573
3 1573 5154 6603
3 1573 6603 7674
3 8416 1573 7674
3 9494 1573 8416
3 1574 5156 5155
3 1574 5155 6005
3 6179 5156 1574
3 1574 6005 6004
3 1574 6004 7810
3 6179 1574 7274
3 1574 7810 7274
3 1575 5159 5161
3 1575 6261 5159
3 6865 1575 5161
3 1575 6256 6258
3 6867 6256 1575
3 1575 6258 6261
3 6867 1575 6865
3 1576 5160 5159
3 1576 5159 6262
3 1576 5162 5160
3 7565 5162 1576
3 1576 6262 9266
3 7565 1576 9266
3 5164 5163 1577
3 5163 5495 1577
3 5164 1577 8471
3 8472 1577 5495
3 8472 8471 1577
3 1578 5165 5164
3 9020 1578 5164
3 1578 5933 5165
3 6660 5933 1578
3 6660 1578 6776
3 9020 6776 1578
3 5166 5168 1579
3 5166 1579 9483
3 5168 6993 1579
3 6993 7627 1579
3 7629 1579 7627
3 7676 1579 7629
3 7676 7677 1579
3 7677 9483 1579
3 1580 5167 5166
3 1580 5166 6996
3 1580 5711 5167
3 6762 5711 1580
3 6762 1580 6995
3 1580 6996 6995
3 5170 5169 1581
3 5169 6543 1581
3 5170 1581 8421
3 1581 6543 6550
3 1581 6550 8421
3 5174 1582 5175
3 5174 5342 1582
3 5175 1582 7224
3 1582 5342 5343
3 7231 1582 5343
3 7224 1582 7229
3 7229 1582 7231
3 5178 1583 5177
3 5560 5177 1583
3 5541 1583 5178
3 5543 1583 5541
3 5543 6421 1583
3 5560 1583 8927
3 6421 8262 1583
3 1583 8262 8927
3 5185 5184 1584
3 5184 6465 1584
3 5501 5185 1584
3 5501 1584 9107
3 6464 1584 6465
3 6464 9107 1584
3 1585 5189 5188
3 1585 5188 6011
3 1585 5680 5189
3 1585 5681 5680
3 1585 6011 5681
3 5190 5192 1586
3 5190 1586 6805
3 6282 1586 5192
3 6283 1586 6282
3 6283 6805 1586
3 5190 1587 5191
3 5190 6857 1587
3 1587 8042 5191
3 8045 1587 6857
3 8043 8042 1587
3 8045 8043 1587
3 1588 5192 5191
3 6614 1588 5191
3 7416 5192 1588
3 6613 1588 6614
3 6613 6622 1588
3 7416 1588 6622
3 5198 5197 1589
3 5197 5396 1589
3 5198 1589 7507
3 1589 5396 5497
3 1589 5497 7507
3 5204 1590 5202
3 5202 1590 5297
3 5204 7780 1590
3 1590 9551 5297
3 1590 7780 10148
3 1590 10148 9551
3 1591 5204 5203
3 1591 5203 9453
3 7779 5204 1591
3 7779 1591 9460
3 1591 9453 9747
3 1591 9747 9460
3 5205 5207 1592
3 5205 1592 6176
3 1592 5207 6187
3 6176 1592 7521
3 1592 6187 7528
3 1592 7528 7521
3 1593 5207 5206
3 1593 5206 9102
3 1593 6186 5207
3 1593 9100 6186
3 1593 9101 9100
3 1593 9102 9101
3 1594 5208 5210
3 1594 5399 5208
3 5210 8876 1594
3 1594 8907 5399
3 1594 8876 9046
3 1594 9046 8907
3 1595 5210 5209
3 1595 5209 9171
3 5210 1595 8875
3 1595 6096 6095
3 8875 1595 6095
3 1595 9171 6096
3 1596 5212 5211
3 1596 5211 6425
3 1596 5408 5212
3 1596 7347 5408
3 1596 6425 6426
3 6768 1596 6426
3 6768 7347 1596
3 1597 5215 5214
3 1597 5214 5845
3 1597 5697 5215
3 5461 5460 1597
3 1597 5460 5697
3 5461 1597 5845
3 1598 5216 5218
3 7464 5216 1598
3 1598 5218 8154
3 7464 1598 7486
3 7486 1598 8158
3 1598 8154 8156
3 8158 1598 8156
3 1599 5218 5217
3 1599 5217 5295
3 1599 9593 5218
3 5295 8974 1599
3 8974 9593 1599
3 1600 5220 5219
3 1600 5219 6064
3 1600 7950 5220
3 1600 6064 7960
3 1600 7965 7950
3 1600 7960 7965
3 5223 5222 1601
3 1601 5222 5867
3 5223 1601 6955
3 1601 5867 6853
3 6577 6576 1601
3 6576 6955 1601
3 6577 1601 6853
3 5223 1602 5224
3 5513 1602 5223
3 1602 5820 5224
3 5512 1602 5513
3 5512 7490 1602
3 1602 7490 5820
3 1603 5231 5232
3 1603 7805 5231
3 8393 1603 5232
3 1603 7807 7805
3 8390 7807 1603
3 8388 8390 1603
3 8388 1603 8393
3 1604 5236 5235
3 8805 1604 5235
3 1604 7635 5236
3 1604 8804 7635
3 8805 8804 1604
3 1605 5238 5237
3 7020 1605 5237
3 5632 5238 1605
3 5632 1605 6059
3 6059 1605 7020
3 5242 1606 5240
3 5240 1606 6542
3 5242 7436 1606
3 1606 6541 6542
3 1606 7436 6541
3 5243 1607 5244
3 5243 6589 1607
3 5244 1607 9349
3 1607 5657 5656
3 9349 1607 5656
3 6589 5657 1607
3 1608 5247 5249
3 1608 9308 5247
3 9307 1608 5249
3 5409 5411 1608
3 5409 1608 9307
3 1608 5411 9308
3 1609 5248 5247
3 1609 5247 7052
3 1609 7124 5248
3 1609 7052 7051
3 1609 7051 7124
3 1610 5254 5253
3 1610 5253 5493
3 1610 6415 5254
3 5493 5494 1610
3 1610 5494 6415
3 5257 1611 5258
3 5257 7250 1611
3 5258 1611 6824
3 1611 7249 6824
3 7250 7249 1611
3 1612 5259 5258
3 1612 5258 6304
3 1612 5260 5259
3 1612 5643 5260
3 1612 6399 5643
3 1612 6304 6303
3 1612 6303 6399
3 1613 5263 5264
3 7201 5263 1613
3 1613 5264 5700
3 1613 5700 5702
3 7204 1613 5702
3 7204 7201 1613
3 1614 5266 5265
3 1614 5265 5436
3 1614 6401 5266
3 1614 5436 5435
3 1614 5435 6401
3 1615 5267 5269
3 1615 7740 5267
3 1615 5269 9147
3 1615 7661 7662
3 1615 9147 7661
3 1615 7662 7740
3 1616 5268 5267
3 1616 5267 7742
3 1616 5270 5268
3 1616 7327 5270
3 7647 7327 1616
3 7647 1616 7742
3 1617 5274 5273
3 1617 5273 5868
3 9465 5274 1617
3 1617 5868 9654
3 9465 1617 9654
3 1618 5275 5274
3 1618 5274 9464
3 1618 9887 5275
3 1618 9464 9888
3 1618 9888 9887
3 5276 1619 5277
3 5276 6138 1619
3 5918 5277 1619
3 5620 1619 5621
3 5918 1619 5620
3 5621 1619 6138
3 1620 5281 5280
3 10055 1620 5280
3 7796 5281 1620
3 7796 1620 7797
3 1620 9262 7797
3 10055 9262 1620
3 5286 1621 5284
3 5988 5284 1621
3 6009 1621 5286
3 5927 1621 5925
3 6009 5925 1621
3 5988 1621 5927
3 5286 5285 1622
3 5285 6435 1622
3 5286 1622 5785
3 5785 1622 5786
3 5786 1622 6435
3 5288 5287 1623
3 1623 5287 6983
3 1623 7689 5288
3 1623 6983 7690
3 1623 7690 7689
3 5294 5293 1624
3 9051 1624 5293
3 5294 1624 7891
3 1624 7890 7889
3 1624 7889 7891
3 9051 7890 1624
3 5295 5296 1625
3 8973 5295 1625
3 7266 1625 5296
3 7139 1625 7138
3 7266 7138 1625
3 8973 1625 7139
3 5299 5298 1626
3 5298 7953 1626
3 5299 1626 9123
3 9123 1626 7953
3 5304 1627 5303
3 5303 1627 9446
3 5304 5469 1627
3 5642 1627 5469
3 5642 5641 1627
3 5641 9446 1627
3 5309 1628 5310
3 5309 5324 1628
3 5310 1628 6951
3 5323 1628 5324
3 5323 7625 1628
3 7625 6951 1628
3 1629 5311 5313
3 1629 6792 5311
3 7639 1629 5313
3 1629 7643 6792
3 7639 7641 1629
3 1629 7641 7643
3 1630 5312 5311
3 1630 5311 6558
3 1630 7391 5312
3 1630 6555 6554
3 1630 6554 7392
3 1630 6558 6555
3 1630 7392 7391
3 1631 5313 5312
3 8019 1631 5312
3 8816 5313 1631
3 1631 7165 7166
3 1631 8018 7165
3 8816 1631 7166
3 8018 1631 8019
3 1632 5317 5316
3 1632 5316 7489
3 1632 7261 5317
3 1632 7489 7261
3 5323 5325 1633
3 5323 1633 6007
3 5325 5832 1633
3 5831 1633 5832
3 5831 6008 1633
3 6007 1633 6008
3 1634 5331 5330
3 1634 5330 6412
3 6195 5331 1634
3 6195 1634 9109
3 7596 1634 6412
3 7596 7595 1634
3 1634 7595 9109
3 1635 5332 5331
3 6196 1635 5331
3 1635 5337 5332
3 1635 5338 5337
3 1635 5339 5338
3 6196 5339 1635
3 5345 5344 1636
3 5459 1636 5344
3 7470 5345 1636
3 5461 1636 5459
3 5570 1636 5461
3 5572 1636 5570
3 5572 7470 1636
3 1637 5346 5347
3 9151 5346 1637
3 1637 5347 6127
3 6125 6126 1637
3 6125 1637 6127
3 9151 1637 6126
3 5354 1638 5352
3 5352 1638 5730
3 9529 1638 5354
3 6699 5730 1638
3 1638 6586 6587
3 9529 6586 1638
3 6699 1638 6587
3 1639 5361 5362
3 1639 7578 5361
3 1639 5362 7582
3 1639 8370 7578
3 1639 7582 8369
3 9004 1639 8369
3 1639 9004 8370
3 5363 5365 1640
3 6736 5363 1640
3 5365 6707 1640
3 5942 5943 1640
3 5942 1640 6707
3 6736 1640 5943
3 5364 1641 5365
3 5364 6709 1641
3 5365 1641 6998
3 8906 1641 6709
3 8906 6998 1641
3 1642 5369 5371
3 1642 5909 5369
3 1642 5371 6769
3 1642 6681 5909
3 1642 6679 6681
3 1642 9162 6679
3 1642 6769 9162
3 1643 5371 5370
3 1643 5370 7267
3 6276 5371 1643
3 6277 6276 1643
3 6277 1643 8655
3 1643 7267 8655
3 1644 5373 5372
3 1644 5372 7066
3 1644 7061 5373
3 1644 7066 7061
3 5378 1645 5379
3 5378 5850 1645
3 5379 1645 7307
3 5851 1645 5850
3 7976 1645 5851
3 7976 7307 1645
3 5379 1646 5380
3 5379 7308 1646
3 5380 1646 6459
3 1646 8992 6459
3 1646 7308 7309
3 1646 7309 8992
3 5384 5383 1647
3 6888 1647 5383
3 5749 5384 1647
3 5749 1647 7743
3 6888 7743 1647
3 1648 5385 5384
3 1648 5384 5748
3 1648 5787 5385
3 1648 5748 6320
3 1648 7341 5787
3 1648 6320 9749
3 1648 9749 7341
3 5387 5386 1649
3 5386 6586 1649
3 5387 1649 7612
3 1649 6586 7612
3 1650 5395 5394
3 8981 1650 5394
3 1650 9480 5395
3 8981 8982 1650
3 1650 8982 9974
3 1650 9974 9480
3 5398 5399 1651
3 5398 1651 9172
3 5399 8908 1651
3 1651 7589 7590
3 1651 8296 7589
3 9172 1651 7590
3 8908 8296 1651
3 1652 5400 5401
3 1652 5783 5400
3 9134 1652 5401
3 5783 1652 5782
3 1652 7251 5782
3 8418 7251 1652
3 8418 1652 9134
3 5402 5404 1653
3 7280 5402 1653
3 5404 6929 1653
3 1653 6929 8099
3 7280 1653 8101
3 8101 1653 8099
3 1654 5406 5405
3 1654 5405 5910
3 6364 5406 1654
3 1654 5425 5424
3 6364 1654 5424
3 1654 5909 5425
3 1654 5910 5909
3 5411 5410 1655
3 5410 6003 1655
3 1655 9222 5411
3 1655 6003 9221
3 9222 1655 9221
3 5413 5412 1656
3 8412 1656 5412
3 7574 5413 1656
3 9329 7574 1656
3 8412 8413 1656
3 8413 9329 1656
3 5416 5417 1657
3 5416 1657 7258
3 5417 7259 1657
3 1657 5717 5716
3 1657 5716 7258
3 1657 8927 5717
3 1657 7259 8927
3 5419 5421 1658
3 7015 5419 1658
3 1658 5421 6884
3 6844 6843 1658
3 6843 7015 1658
3 6844 1658 6985
3 6985 1658 6884
3 1659 5427 5426
3 1659 5426 9766
3 1659 6573 5427
3 1659 9336 6573
3 1659 8742 8743
3 1659 9766 8742
3 1659 8743 9336
3 1660 5429 5430
3 1660 5437 5429
3 1660 5430 6369
3 1660 5435 5437
3 1660 6400 5435
3 1660 6369 6400
3 5431 1661 5432
3 5431 5841 1661
3 5432 1661 6183
3 1661 5841 6183
3 1662 5444 5443
3 1662 5443 5880
3 1662 6241 5444
3 1662 5880 5879
3 9005 1662 5879
3 9005 6241 1662
3 5453 1663 5454
3 5453 7536 1663
3 5746 5454 1663
3 7420 5746 1663
3 7420 1663 7536
3 1664 5455 5456
3 8286 5455 1664
3 8164 1664 5456
3 5590 5592 1664
3 5590 1664 6022
3 8287 1664 5592
3 1664 8164 6022
3 1664 8287 8286
3 5458 1665 5457
3 1665 5934 5457
3 8317 1665 5458
3 6596 5934 1665
3 8393 6596 1665
3 9200 1665 8317
3 8392 8393 1665
3 8392 1665 9200
3 5460 5459 1666
3 6054 1666 5459
3 5460 1666 5698
3 5698 1666 6747
3 6054 6747 1666
3 5465 5464 1667
3 1667 5464 6206
3 6768 5465 1667
3 6429 1667 6206
3 6429 7348 1667
3 6768 1667 7348
3 1668 5469 5470
3 1668 9228 5469
3 1668 5470 9337
3 1668 6363 6364
3 1668 6972 6363
3 6364 9228 1668
3 1668 9337 6972
3 5475 1669 5476
3 5475 7559 1669
3 5476 1669 9185
3 1669 7283 7285
3 1669 7566 7283
3 1669 7285 9185
3 7559 7604 1669
3 1669 7604 7566
3 5478 5477 1670
3 5584 1670 5477
3 5598 5478 1670
3 5584 7048 1670
3 5598 1670 7047
3 7047 1670 7048
3 1671 5480 5481
3 6835 5480 1671
3 1671 5481 5893
3 5894 1671 5893
3 5894 6742 1671
3 1671 6742 7063
3 6835 1671 7063
3 5482 1672 5483
3 5578 1672 5482
3 6841 5483 1672
3 7074 1672 5578
3 1672 7012 6841
3 7012 1672 7074
3 1673 5484 5483
3 6840 1673 5483
3 6882 5484 1673
3 6882 1673 6840
3 5487 1674 5486
3 1674 6491 5486
3 1674 5487 6136
3 1674 6136 8566
3 1674 6490 6491
3 1674 6493 6490
3 1674 6492 6493
3 1674 8566 6492
3 5497 5496 1675
3 5496 6453 1675
3 5497 1675 6202
3 6202 1675 6203
3 6203 1675 6453
3 1676 5506 5505
3 1676 5505 6977
3 7375 5506 1676
3 1676 6977 7053
3 7375 1676 7053
3 5508 1677 5509
3 5958 1677 5508
3 7865 5509 1677
3 5958 7866 1677
3 7865 1677 7866
3 1678 5521 5520
3 1678 5520 6386
3 1678 9894 5521
3 5659 5658 1678
3 1678 5658 9894
3 5659 1678 6386
3 5526 5525 1679
3 5525 6475 1679
3 6474 5526 1679
3 6474 1679 6475
3 5527 5526 1680
3 5526 9416 1680
3 5527 1680 6532
3 1680 6533 6532
3 8919 6533 1680
3 9416 8919 1680
3 5530 1681 5531
3 5530 5532 1681
3 8912 5531 1681
3 5532 6020 1681
3 8912 1681 6020
3 5536 1682 5537
3 7336 1682 5536
3 1682 6288 5537
3 1682 6923 6288
3 8169 6923 1682
3 7336 8170 1682
3 8169 1682 8170
3 5538 5540 1683
3 1683 6537 5538
3 5540 6329 1683
3 6329 6331 1683
3 6331 8911 1683
3 8911 6537 1683
3 5543 5542 1684
3 5542 7327 1684
3 5543 1684 6420
3 7650 6420 1684
3 7648 1684 7327
3 7648 7650 1684
3 1685 5544 5545
3 1685 6950 5544
3 1685 5545 9755
3 1685 6949 6950
3 1685 9757 6949
3 1685 9755 9757
3 1686 5547 5546
3 1686 5546 5714
3 1686 6003 5547
3 1686 5714 7054
3 7608 6003 1686
3 1686 7054 7056
3 7608 1686 7056
3 5553 1687 5551
3 5551 1687 6085
3 5553 9023 1687
3 8464 6085 1687
3 8464 1687 9658
3 9023 9658 1687
3 5553 5552 1688
3 5552 6970 1688
3 5553 1688 8491
3 6967 6966 1688
3 8492 1688 6966
3 6970 6967 1688
3 8492 8491 1688
3 5556 1689 5554
3 5554 1689 7321
3 5556 6344 1689
3 5754 5756 1689
3 5754 1689 6344
3 5756 7321 1689
3 5560 1690 5561
3 5560 7259 1690
3 5561 1690 5790
3 5790 1690 5789
3 7259 5789 1690
3 5564 5565 1691
3 5564 1691 5649
3 5565 5650 1691
3 1691 5650 5649
3 5571 1692 5572
3 5571 6082 1692
3 5572 1692 6612
3 6612 1692 6082
3 1693 5582 5581
3 1693 5581 6904
3 7220 5582 1693
3 1693 6904 7725
3 7220 1693 7221
3 7221 1693 7725
3 5587 5589 1694
3 9912 5587 1694
3 6831 1694 5589
3 6831 7773 1694
3 7770 7772 1694
3 7770 1694 7773
3 7776 1694 7772
3 9912 1694 7776
3 5588 5587 1695
3 5587 9015 1695
3 5588 1695 6889
3 6889 1695 8251
3 8251 1695 9015
3 5594 5593 1696
3 7207 1696 5593
3 6903 5594 1696
3 7206 6903 1696
3 7207 7206 1696
3 5601 1697 5602
3 5601 6066 1697
3 5602 1697 8291
3 1697 6066 6065
3 1697 6065 8293
3 1697 8293 8291
3 5610 5612 1698
3 6057 5610 1698
3 6059 1698 5612
3 6057 1698 6055
3 7021 6055 1698
3 6059 7021 1698
3 5610 1699 5611
3 5610 6058 1699
3 7483 5611 1699
3 7484 1699 6058
3 7484 7483 1699
3 5614 1700 5615
3 7448 1700 5614
3 5615 1700 9701
3 7448 8624 1700
3 8624 9701 1700
3 5616 1701 5617
3 5616 7466 1701
3 5617 1701 7681
3 1701 7466 7687
3 1701 7682 7681
3 1701 7687 7682
3 5617 1702 5618
3 5617 7683 1702
3 5833 5618 1702
3 5833 1702 7684
3 1702 7683 7684
3 5624 5626 1703
3 8152 5624 1703
3 5626 6579 1703
3 6581 1703 6579
3 6581 6583 1703
3 9022 1703 6583
3 1703 9022 8152
3 5625 1704 5626
3 5625 7516 1704
3 7517 5626 1704
3 8736 1704 7516
3 8736 7517 1704
3 5629 1705 5630
3 5629 6471 1705
3 1705 6249 5630
3 1705 6250 6249
3 6471 6250 1705
3 1706 5634 5633
3 1706 5633 6651
3 1706 8024 5634
3 1706 6651 7165
3 1706 7165 8025
3 8024 1706 8025
3 1707 5655 5657
3 1707 9350 5655
3 1707 5657 6590
3 1707 6590 9348
3 1707 7614 7615
3 1707 9348 7614
3 1707 7615 9350
3 5655 1708 5656
3 1708 5655 7949
3 7093 5656 1708
3 7093 1708 7094
3 1708 7947 7094
3 7947 1708 7949
3 1709 5661 5660
3 7885 1709 5660
3 1709 8421 5661
3 7200 7199 1709
3 8421 1709 7199
3 1709 7885 7200
3 5667 1710 5668
3 5667 5941 1710
3 6487 5668 1710
3 1710 5941 6765
3 6487 1710 6488
3 6488 1710 6765
3 1711 5670 5672
3 1711 5674 5670
3 6775 1711 5672
3 9019 5674 1711
3 6775 6776 1711
3 9019 1711 6776
3 5677 5676 1712
3 5676 6159 1712
3 6071 5677 1712
3 6071 1712 6642
3 6159 6913 1712
3 1712 6913 6642
3 5684 5683 1713
3 5683 7599 1713
3 7602 5684 1713
3 7601 1713 7599
3 7601 9655 1713
3 7602 1713 9655
3 5685 1714 5686
3 5818 1714 5685
3 5686 1714 7268
3 6506 1714 5818
3 6506 7133 1714
3 7133 7268 1714
3 1715 5688 5689
3 7387 5688 1715
3 5998 1715 5689
3 5998 7322 1715
3 1715 7322 7324
3 7387 1715 7324
3 1716 5697 5698
3 1716 9092 5697
3 1716 5698 6748
3 6439 6441 1716
3 6439 1716 6748
3 1716 6441 9092
3 5700 1717 5701
3 5700 5713 1717
3 1717 7577 5701
3 1717 5713 6103
3 1717 6103 6852
3 1717 6852 7577
3 1718 5702 5701
3 1718 5701 6802
3 1718 6797 5702
3 1718 6798 6797
3 1718 6802 6798
3 5704 1719 5705
3 5704 7090 1719
3 5705 1719 7135
3 7089 1719 7090
3 7089 7135 1719
3 5705 1720 5706
3 5705 6678 1720
3 5706 1720 7328
3 1720 6678 6677
3 1720 6677 9162
3 1720 9162 7328
3 5726 5728 1721
3 5726 1721 7606
3 1721 5728 6095
3 6097 1721 6095
3 6097 9336 1721
3 9336 7606 1721
3 5727 1722 5728
3 5727 6898 1722
3 1722 8875 5728
3 6898 7095 1722
3 1722 7095 8876
3 8875 1722 8876
3 5734 5736 1723
3 1723 9926 5734
3 7125 1723 5736
3 10094 1723 7125
3 7888 7890 1723
3 1723 10094 7888
3 9926 1723 7890
3 5734 1724 5735
3 6846 1724 5734
3 1724 6755 5735
3 6845 6755 1724
3 6846 6845 1724
3 1725 5738 5740
3 1725 6419 5738
3 1725 5740 7101
3 6418 6419 1725
3 6418 1725 6912
3 6908 1725 6907
3 6907 1725 7101
3 6912 1725 6908
3 1726 5740 5739
3 1726 5739 6536
3 1726 6036 5740
3 1726 6037 6036
3 1726 6172 6037
3 1726 6536 6172
3 5741 1727 5742
3 5741 6543 1727
3 5742 1727 8929
3 1727 6543 6544
3 7376 1727 6544
3 7376 7377 1727
3 1727 7377 8929
3 5746 1728 5747
3 7419 1728 5746
3 1728 5852 5747
3 1728 7500 5852
3 7419 7418 1728
3 1728 7418 7500
3 1729 5759 5761
3 1729 8953 5759
3 1729 5761 9879
3 1729 7309 7310
3 1729 9879 7309
3 1729 7310 8951
3 1729 8951 8953
3 1730 5761 5760
3 1730 5760 6083
3 1730 8991 5761
3 6571 1730 6083
3 6571 8987 1730
3 1730 8987 8991
3 1731 5763 5762
3 1731 5762 6781
3 1731 6854 5763
3 1731 6781 6780
3 1731 6780 6855
3 1731 6855 6854
3 5769 5768 1732
3 1732 5768 5970
3 5769 1732 6559
3 1732 5970 6559
3 5776 1733 5777
3 5776 7010 1733
3 5777 1733 9108
3 5952 1733 5953
3 5952 9108 1733
3 5953 1733 7010
3 1734 5779 5781
3 7563 5779 1734
3 1734 5781 7511
3 7512 1734 7511
3 7512 9186 1734
3 9874 7563 1734
3 9874 1734 9186
3 1735 5780 5779
3 7564 1735 5779
3 1735 7148 5780
3 1735 7149 7148
3 7566 7149 1735
3 7566 1735 7564
3 1736 5781 5780
3 1736 5780 9179
3 1736 7603 5781
3 1736 9180 7603
3 1736 9179 9180
3 5784 1737 5785
3 5784 5902 1737
3 6009 5785 1737
3 1737 5902 7390
3 6009 1737 6010
3 6010 1737 7390
3 5807 1738 5808
3 5807 7968 1738
3 5808 1738 6466
3 6464 6466 1738
3 6464 1738 8798
3 7968 8799 1738
3 1738 8799 8798
3 5811 1739 5809
3 1739 9339 5809
3 5811 8781 1739
3 8059 8061 1739
3 1739 8782 8059
3 8061 9338 1739
3 8782 1739 8781
3 9339 1739 9338
3 1740 5812 5813
3 1740 6013 5812
3 1740 5813 6997
3 1740 6880 6013
3 1740 6997 6880
3 5816 1741 5814
3 1741 6324 5814
3 5816 7683 1741
3 1741 7679 6324
3 1741 7681 7679
3 1741 7683 7681
3 5816 5815 1742
3 8999 1742 5815
3 5816 1742 7684
3 1742 7685 7684
3 1742 8806 7685
3 1742 8807 8806
3 1742 8808 8807
3 8999 8808 1742
3 5824 5826 1743
3 5824 1743 7348
3 5826 7349 1743
3 1743 7347 7348
3 1743 7349 7347
3 5824 1744 5825
3 5824 6429 1744
3 5825 1744 6539
3 1744 6429 6428
3 7510 1744 6428
3 7510 6539 1744
3 5825 1745 5826
3 5825 6538 1745
3 8580 5826 1745
3 6851 1745 6538
3 6851 9822 1745
3 8580 1745 8581
3 8581 1745 9822
3 1746 5827 5829
3 1746 6037 5827
3 1746 5829 6165
3 1746 6035 6037
3 1746 6165 6035
3 5828 1747 5829
3 5828 7301 1747
3 6164 5829 1747
3 6323 6164 1747
3 6323 1747 7301
3 1748 5840 5839
3 5839 6389 1748
3 1748 5848 5840
3 1748 5849 5848
3 1748 6389 5849
3 1749 5865 5864
3 1749 5864 9155
3 1749 9010 5865
3 1749 9011 9010
3 9155 9011 1749
3 1750 5868 5869
3 8469 5868 1750
3 7109 1750 5869
3 6084 6085 1750
3 7109 6084 1750
3 8465 1750 6085
3 8465 8467 1750
3 8467 8469 1750
3 5885 5884 1751
3 5884 7321 1751
3 5885 1751 7395
3 1751 7321 7394
3 1751 7394 7395
3 1752 5890 5889
3 1752 5889 7008
3 7058 5890 1752
3 1752 7008 7784
3 7058 1752 7784
3 1753 5897 5896
3 8967 1753 5896
3 1753 9049 5897
3 8971 1753 8967
3 8971 9049 1753
3 5899 5901 1754
3 6627 5899 1754
3 8573 1754 5901
3 6628 6627 1754
3 6628 1754 6875
3 8573 6875 1754
3 5900 1755 5901
3 5900 8980 1755
3 8572 5901 1755
3 8572 1755 8575
3 8575 1755 9257
3 1755 8980 9257
3 5907 1756 5906
3 5906 1756 6491
3 5907 6796 1756
3 6636 6491 1756
3 6637 6636 1756
3 6637 1756 6796
3 1757 5913 5912
3 1757 5912 6212
3 1757 7099 5913
3 8912 1757 6212
3 8912 7099 1757
3 1758 5914 5916
3 6299 5914 1758
3 8016 1758 5916
3 1758 6297 6299
3 6297 1758 9578
3 8016 10041 1758
3 9578 1758 10041
3 5919 1759 5920
3 5919 7431 1759
3 5920 1759 7382
3 1759 7383 7382
3 1759 7431 7383
3 5926 5925 1760
3 6010 1760 5925
3 5926 1760 7548
3 6010 6701 1760
3 1760 6701 6700
3 1760 6700 7548
3 5932 5931 1761
3 1761 5931 7607
3 1761 8741 5932
3 1761 7607 7606
3 1761 7606 8743
3 1761 8743 8741
3 5938 5940 1762
3 5938 1762 6921
3 7737 1762 5940
3 6916 6917 1762
3 7737 6916 1762
3 6917 6921 1762
3 5939 1763 5940
3 9033 1763 5939
3 7736 5940 1763
3 7736 1763 9847
3 7963 7962 1763
3 1763 7962 9847
3 9033 7963 1763
3 1764 5944 5946
3 1764 7766 5944
3 1764 5946 9235
3 7763 1764 7761
3 1764 9235 7761
3 7763 7764 1764
3 1764 7764 7766
3 1765 5945 5944
3 1765 5944 7767
3 1765 6400 5945
3 1765 6401 6400
3 1765 6455 6401
3 1765 7767 6455
3 5948 5950 1766
3 8374 5948 1766
3 5950 9642 1766
3 8374 1766 8372
3 8372 1766 9640
3 1766 9642 9640
3 5949 1767 5950
3 7160 1767 5949
3 5950 1767 9643
3 5952 5951 1767
3 5951 9643 1767
3 7160 5952 1767
3 5951 5953 1768
3 5951 1768 7439
3 1768 5953 7194
3 1768 7194 7440
3 1768 7440 7439
3 5954 5956 1769
3 5954 1769 8810
3 1769 5956 7618
3 7616 7617 1769
3 7616 1769 7618
3 8810 1769 7617
3 5955 5954 1770
3 5954 8811 1770
3 5955 1770 6044
3 7673 6044 1770
3 7673 1770 7753
3 8811 7753 1770
3 5955 1771 5956
3 5955 6043 1771
3 5956 1771 7904
3 7906 1771 6043
3 7904 1771 7905
3 7905 1771 7906
3 5959 5960 1772
3 5959 1772 6508
3 5960 7695 1772
3 1772 6509 6508
3 7693 6509 1772
3 7693 1772 7694
3 7695 7694 1772
3 1773 5964 5963
3 7470 1773 5963
3 1773 6611 5964
3 1773 6612 6611
3 7470 6612 1773
3 1774 5969 5968
3 1774 5968 6818
3 1774 7403 5969
3 1774 6818 6817
3 1774 6817 7403
3 1775 5977 5976
3 1775 5976 7545
3 6719 5977 1775
3 7110 6719 1775
3 7544 7110 1775
3 7544 1775 7545
3 1776 5980 5979
3 1776 5979 6371
3 1776 7520 5980
3 1776 6371 6373
3 1776 6373 7519
3 1776 7519 7520
3 1777 5993 5992
3 1777 5992 6366
3 1777 7868 5993
3 1777 6366 6365
3 6365 7869 1777
3 7868 1777 7869
3 5994 5993 1778
3 5993 7326 1778
3 5995 5994 1778
3 5995 1778 6406
3 6406 1778 7326
3 5996 5995 1779
3 5995 6405 1779
3 5997 5996 1779
3 5998 5997 1779
3 5998 1779 7325
3 9003 1779 6405
3 9003 7325 1779
3 1780 5999 6001
3 1780 7481 5999
3 1780 6001 7967
3 7973 7481 1780
3 1780 7967 10136
3 7973 1780 10136
3 6006 1781 6004
3 6004 1781 7809
3 7822 1781 6006
3 7809 1781 9193
3 7822 7824 1781
3 7824 9193 1781
3 6006 6005 1782
3 6005 7496 1782
3 9955 6006 1782
3 7496 7498 1782
3 9332 1782 7498
3 9955 1782 9332
3 1783 6046 6045
3 6045 6088 1783
3 1783 6445 6046
3 1783 6088 7428
3 1783 7428 6445
3 6047 1784 6048
3 6047 6830 1784
3 1784 7163 6048
3 1784 6830 7163
3 1785 6057 6056
3 1785 6056 6823
3 1785 6058 6057
3 1785 6822 6058
3 1785 6823 6822
3 6061 1786 6062
3 7279 1786 6061
3 7863 6062 1786
3 7387 1786 7279
3 7387 7862 1786
3 7862 7863 1786
3 6063 1787 6064
3 9669 1787 6063
3 6064 1787 7959
3 1787 9880 7959
3 9669 9880 1787
3 6065 6067 1788
3 6065 1788 9486
3 6067 9899 1788
3 1788 6937 6938
3 7922 6937 1788
3 1788 6938 9486
3 7922 1788 9899
3 6066 1789 6067
3 6066 6639 1789
3 7919 6067 1789
3 1789 6639 7917
3 7919 1789 7917
3 6069 1790 6070
3 6069 6866 1790
3 7495 6070 1790
3 1790 6866 6865
3 7495 1790 6865
3 1791 6076 6075
3 6773 1791 6075
3 1791 7084 6076
3 6773 8160 1791
3 1791 8160 7084
3 1792 6079 6078
3 1792 6078 7475
3 6888 6079 1792
3 7479 6888 1792
3 1792 7475 7479
3 1793 6080 6081
3 1793 7884 6080
3 7198 1793 6081
3 7198 7200 1793
3 7200 7884 1793
3 6091 6090 1794
3 6653 1794 6090
3 8756 6091 1794
3 6657 1794 6653
3 8756 1794 6657
3 6094 1795 6092
3 6092 1795 6476
3 6094 6484 1795
3 6485 6476 1795
3 8034 1795 6484
3 8036 6485 1795
3 8036 1795 8034
3 6093 6092 1796
3 6092 6477 1796
3 1796 9271 6093
3 6477 6657 1796
3 1796 6657 6658
3 9271 1796 6658
3 6097 6096 1797
3 1797 6096 6575
3 6573 6097 1797
3 6574 6573 1797
3 6574 1797 6575
3 1798 6108 6107
3 6281 1798 6107
3 6671 6108 1798
3 6671 1798 6281
3 6109 6108 1799
3 6670 1799 6108
3 6136 6109 1799
3 1799 8565 6136
3 6670 8567 1799
3 8565 1799 8567
3 6118 1800 6119
3 6118 9150 1800
3 6119 1800 6126
3 1800 9150 6126
3 6122 6121 1801
3 6121 7509 1801
3 6122 1801 7579
3 1801 7509 7589
3 7579 1801 8297
3 1801 7589 8297
3 6129 1802 6130
3 6196 1802 6129
3 1802 8217 6130
3 6195 1802 6196
3 6195 8218 1802
3 1802 8218 8217
3 1803 6154 6153
3 7671 1803 6153
3 7026 6154 1803
3 7026 1803 8619
3 7671 10086 1803
3 10086 8619 1803
3 1804 6155 6154
3 7027 1804 6154
3 1804 6905 6155
3 1804 7238 6905
3 7027 7460 1804
3 1804 7460 7238
3 1805 6157 6156
3 1805 6156 7102
3 7430 6157 1805
3 1805 7102 7340
3 7430 1805 7340
3 6161 6160 1806
3 6263 1806 6160
3 1806 8244 6161
3 6803 1806 6263
3 6803 8244 1806
3 6167 1807 6168
3 6205 1807 6167
3 1807 6871 6168
3 6205 6204 1807
3 1807 6204 6871
3 6201 6203 1808
3 7415 6201 1808
3 6203 6454 1808
3 6838 1808 6454
3 7580 1808 6838
3 7415 1808 9279
3 9279 1808 7580
3 6201 1809 6202
3 7143 1809 6201
3 7507 6202 1809
3 7142 1809 7143
3 7142 7507 1809
3 1810 6214 6216
3 1810 6375 6214
3 1810 6216 7940
3 1810 6674 6375
3 1810 7265 6674
3 1810 7940 7265
3 6215 1811 6216
3 6215 6569 1811
3 1811 7939 6216
3 6569 8006 1811
3 7941 7939 1811
3 7941 1811 7943
3 7943 1811 8006
3 6220 1812 6218
3 7216 6218 1812
3 6220 7211 1812
3 7212 1812 7211
3 7404 1812 7212
3 9143 7216 1812
3 7404 9143 1812
3 6226 6225 1813
3 6494 1813 6225
3 6495 6226 1813
3 7029 1813 6494
3 7029 6495 1813
3 1814 6228 6227
3 1814 6227 7038
3 1814 6752 6228
3 1814 6750 6752
3 1814 6797 6750
3 1814 7204 6797
3 1814 7038 7204
3 1815 6237 6236
3 10064 1815 6236
3 1815 9104 6237
3 1815 9100 9099
3 9104 1815 9099
3 10064 9100 1815
3 6239 6238 1816
3 6407 1816 6238
3 6239 1816 6422
3 6407 6423 1816
3 1816 6423 6422
3 1817 6247 6246
3 1817 6246 8916
3 1817 9506 6247
3 1817 8916 8917
3 1817 8917 9506
3 6254 6253 1818
3 6253 9233 1818
3 6254 1818 6988
3 1818 7010 6988
3 7194 7010 1818
3 7194 1818 9233
3 1819 6260 6259
3 1819 6259 7696
3 1819 7041 6260
3 9702 7041 1819
3 9908 1819 7696
3 9702 1819 9908
3 6266 1820 6267
3 6266 6269 1820
3 6267 1820 7235
3 6269 7356 1820
3 7236 7235 1820
3 7236 1820 7356
3 6271 6270 1821
3 1821 6270 7396
3 6271 1821 8379
3 9084 1821 7396
3 1821 10118 8379
3 9084 10118 1821
3 1822 6279 6278
3 8918 1822 6278
3 7398 6279 1822
3 7398 1822 7399
3 8918 7399 1822
3 1823 6291 6290
3 7721 1823 6290
3 7105 6291 1823
3 7105 1823 9548
3 7721 9548 1823
3 1824 6295 6294
3 1824 6294 6558
3 1824 6792 6295
3 1824 6558 6792
3 6298 6297 1825
3 6297 9579 1825
3 6298 1825 6442
3 6442 1825 6443
3 6443 1825 9579
3 6299 6298 1826
3 6298 7331 1826
3 6299 1826 6915
3 6900 1826 6901
3 6900 6915 1826
3 7331 6901 1826
3 1827 6306 6305
3 7678 1827 6305
3 1827 7628 6306
3 1827 7629 7628
3 7675 7629 1827
3 7678 7675 1827
3 1828 6319 6318
3 1828 6318 9070
3 1828 6938 6319
3 1828 9069 6938
3 9069 1828 9070
3 1829 6331 6330
3 1829 6330 6682
3 1829 8073 6331
3 1829 6682 7406
3 1829 7406 7405
3 1829 7405 8074
3 1829 8074 8073
3 6340 6339 1830
3 6339 7515 1830
3 6340 1830 7617
3 8067 1830 7515
3 8067 7617 1830
3 6342 1831 6343
3 6342 6534 1831
3 6704 6343 1831
3 1831 6534 9188
3 1831 9188 6704
3 1832 6347 6346
3 1832 6346 6616
3 1832 7005 6347
3 1832 6616 6615
3 1832 6615 7175
3 1832 7173 7005
3 1832 7175 7173
3 1833 6350 6351
3 6350 1833 7896
3 1833 6351 6740
3 6740 7895 1833
3 7894 1833 7895
3 7894 7896 1833
3 6358 6357 1834
3 6547 1834 6357
3 6848 6358 1834
3 6547 6815 1834
3 6814 1834 6815
3 6848 1834 6814
3 1835 6365 6367
3 1835 9282 6365
3 1835 6367 7859
3 1835 7859 7860
3 7860 8090 1835
3 9282 1835 8090
3 1836 6385 6384
3 1836 6384 7444
3 1836 7447 6385
3 1836 7444 7443
3 1836 7443 7447
3 6394 1837 6395
3 6394 8148 1837
3 7907 6395 1837
3 7907 1837 7908
3 7908 1837 8149
3 1837 8148 8149
3 6402 1838 6403
3 6402 6906 1838
3 1838 6458 6403
3 1838 7237 6458
3 1838 6906 6905
3 1838 6905 7237
3 1839 6404 6403
3 6457 1839 6403
3 7336 6404 1839
3 6457 9102 1839
3 7336 1839 9981
3 9490 1839 9102
3 9981 1839 9490
3 1840 6409 6408
3 1840 6408 7431
3 1840 6688 6409
3 8754 6688 1840
3 8755 1840 7431
3 8754 1840 8755
3 1841 6411 6410
3 1841 6410 6630
3 1841 6843 6411
3 7016 1841 6630
3 7016 6843 1841
3 1842 6421 6420
3 1842 6420 7664
3 1842 8261 6421
3 7663 1842 7664
3 7666 1842 7663
3 7666 8261 1842
3 1843 6432 6434
3 1843 7146 6432
3 9264 1843 6434
3 7144 7146 1843
3 7205 7144 1843
3 7206 7205 1843
3 7206 1843 9264
3 6444 6445 1844
3 6444 1844 7182
3 1844 6445 7518
3 8422 7182 1844
3 9474 1844 7518
3 8422 1844 9474
3 6449 6448 1845
3 6448 6614 1845
3 6449 1845 6741
3 8042 1845 6614
3 8042 6741 1845
3 1846 6452 6451
3 1846 6451 7723
3 1846 7081 6452
3 1846 7722 7081
3 1846 7723 7722
3 6457 6458 1847
3 6457 1847 9101
3 6458 9103 1847
3 1847 9099 9101
3 1847 9103 9099
3 1848 6474 6473
3 1848 6473 8818
3 1848 9416 6474
3 1848 8818 8819
3 8969 1848 8819
3 8969 9319 1848
3 9319 9416 1848
3 1849 6477 6476
3 1849 6476 6486
3 8756 6477 1849
3 1849 6486 9452
3 8032 8033 1849
3 1849 9452 8032
3 8756 1849 8033
3 6478 6479 1850
3 6478 1850 9014
3 6479 9220 1850
3 9014 1850 9012
3 9818 9012 1850
3 9220 9219 1850
3 9219 9818 1850
3 6483 1851 6484
3 9270 1851 6483
3 8037 6484 1851
3 8037 1851 9905
3 9270 9905 1851
3 1852 6489 6488
3 1852 6488 6598
3 1852 7000 6489
3 1852 6598 6597
3 1852 6597 7000
3 1853 6501 6500
3 1853 6500 7201
3 1853 7040 6501
3 1853 7038 7037
3 1853 7037 7040
3 1853 7201 7038
3 6503 6502 1854
3 6502 7597 1854
3 6674 6503 1854
3 6674 1854 6675
3 6675 1854 6694
3 1854 7597 6694
3 6513 1855 6514
3 6527 1855 6513
3 6526 6514 1855
3 6527 6526 1855
3 6520 6519 1856
3 7185 1856 6519
3 6806 6520 1856
3 6806 1856 7555
3 7185 7555 1856
3 6528 1857 6529
3 6686 1857 6528
3 8749 6529 1857
3 6686 6826 1857
3 8747 1857 6826
3 8747 8749 1857
3 1858 6538 6539
3 1858 6850 6538
3 1858 6539 7605
3 1858 8579 6850
3 1858 7605 8579
3 6546 6545 1859
3 1859 6545 6756
3 6546 1859 7067
3 7677 1859 6756
3 7677 7067 1859
3 6553 1860 6554
3 6553 6809 1860
3 6712 6554 1860
3 6713 6712 1860
3 6713 1860 6809
3 1861 6569 6570
3 1861 8004 6569
3 1861 6570 9127
3 1861 8002 8004
3 1861 8007 8002
3 1861 9127 8007
3 6571 6572 1862
3 6571 1862 8986
3 6572 8439 1862
3 1862 8439 8441
3 9649 1862 8441
3 9647 8986 1862
3 9647 1862 9649
3 6579 1863 6580
3 7517 1863 6579
3 7429 6580 1863
3 7429 1863 7504
3 9182 7504 1863
3 7517 8737 1863
3 9182 1863 8737
3 1864 6585 6584
3 8445 1864 6584
3 1864 7467 6585
3 10040 7467 1864
3 8445 10040 1864
3 6605 6606 1865
3 7735 6605 1865
3 6606 10120 1865
3 7735 1865 9762
3 8836 8838 1865
3 8836 1865 10120
3 8838 9762 1865
3 6610 6609 1866
3 7646 1866 6609
3 6610 1866 7947
3 7646 8908 1866
3 7947 1866 7948
3 1866 8907 7948
3 1866 8908 8907
3 1867 6638 6637
3 1867 6637 6795
3 1867 7769 6638
3 1867 6795 7769
3 6646 6645 1868
3 7319 1868 6645
3 8380 6646 1868
3 8380 1868 7319
3 6650 1869 6651
3 1869 6650 6949
3 6651 1869 7166
3 1869 6949 9759
3 7166 1869 8817
3 1869 9759 8817
3 1870 6653 6652
3 1870 6652 6659
3 1870 6658 6653
3 7716 6658 1870
3 1870 6659 6661
3 7716 1870 6661
3 6665 6664 1871
3 1871 6664 7006
3 7288 6665 1871
3 7044 1871 7006
3 7708 1871 7044
3 7708 7288 1871
3 1872 6677 6676
3 6680 1872 6676
3 6679 6677 1872
3 6680 6679 1872
3 1873 6684 6683
3 8976 1873 6683
3 7333 6684 1873
3 7333 1873 7334
3 1873 9163 7334
3 8976 9163 1873
3 1874 6698 6697
3 7203 1874 6697
3 1874 10079 6698
3 7203 9928 1874
3 10079 1874 9928
3 1875 6708 6707
3 1875 6707 6998
3 1875 6920 6708
3 1875 7217 6920
3 1875 6998 7217
3 1876 6717 6716
3 9630 1876 6716
3 1876 8364 6717
3 1876 8365 8364
3 1876 9286 8365
3 1876 9287 9286
3 9630 9287 1876
3 6724 6723 1877
3 7568 1877 6723
3 6724 1877 7540
3 1877 7538 7540
3 1877 7542 7538
3 7568 7542 1877
3 1878 6727 6726
3 1878 6726 6728
3 1878 9292 6727
3 9475 1878 6728
3 9293 9292 1878
3 9293 1878 9475
3 1879 6744 6746
3 7956 6744 1879
3 6817 1879 6746
3 6817 6816 1879
3 6816 7954 1879
3 7956 1879 7954
3 1880 6745 6744
3 1880 6744 8008
3 1880 9869 6745
3 1880 8008 8007
3 8007 9128 1880
3 9869 1880 9128
3 1881 6748 6747
3 1881 6747 7069
3 1881 6924 6748
3 1881 8962 6924
3 1881 7069 7068
3 1881 7068 8962
3 1882 6751 6750
3 1882 6750 6798
3 1882 7032 6751
3 1882 6798 6801
3 1882 6801 7032
3 6753 6754 1883
3 8413 6753 1883
3 1883 6754 6856
3 1883 6856 6858
3 7719 1883 6858
3 7719 8413 1883
3 1884 6756 6757
3 1884 9483 6756
3 1884 6757 9188
3 6996 1884 6994
3 6994 1884 8367
3 6996 9483 1884
3 1884 9188 8367
3 6761 6760 1885
3 8809 1885 6760
3 6761 1885 7901
3 7902 7901 1885
3 7902 1885 8808
3 1885 8809 8808
3 1886 6780 6779
3 7152 1886 6779
3 1886 7239 6780
3 7151 1886 7152
3 7857 1886 7151
3 7856 7239 1886
3 1886 7857 7856
3 1887 6783 6782
3 1887 6782 8070
3 1887 9927 6783
3 1887 8070 8072
3 1887 8072 9598
3 1887 9598 9927
3 1888 6799 6800
3 1888 8091 6799
3 7280 1888 6800
3 7280 8092 1888
3 1888 8092 8091
3 1889 6808 6807
3 1889 6807 7159
3 1889 7157 6808
3 1889 7159 7157
3 6819 1890 6820
3 6819 7887 1890
3 9623 6820 1890
3 1890 7887 8637
3 1890 8637 9562
3 1890 9562 9561
3 9623 1890 9561
3 6827 6828 1891
3 7002 6827 1891
3 7104 1891 6828
3 7105 7002 1891
3 7105 1891 7104
3 6847 1892 6845
3 7480 6845 1892
3 8971 1892 6847
3 7480 1892 8819
3 8970 8819 1892
3 8970 1892 8971
3 6847 6846 1893
3 6846 9926 1893
3 6847 1893 9049
3 9049 1893 9050
3 9051 9050 1893
3 9051 1893 9926
3 1894 6851 6850
3 1894 6850 8577
3 1894 9560 6851
3 1894 8577 8576
3 1894 8576 9560
3 1895 6860 6859
3 9216 1895 6859
3 1895 9821 6860
3 1895 9216 9217
3 9488 1895 9217
3 9488 9821 1895
3 1896 6864 6863
3 9909 1896 6863
3 1896 8784 6864
3 8784 1896 8785
3 9911 8785 1896
3 9911 1896 9909
3 6872 6874 1897
3 7792 6872 1897
3 6874 9326 1897
3 7792 1897 7794
3 7794 1897 9326
3 1898 6873 6872
3 1898 6872 7793
3 7386 6873 1898
3 1898 7360 7359
3 1898 7359 7361
3 1898 7793 7360
3 7386 1898 7361
3 6873 1899 6874
3 10019 1899 6873
3 6874 1899 9325
3 9322 1899 9323
3 9322 9325 1899
3 1899 10019 9323
3 1900 6879 6878
3 1900 6878 7523
3 1900 8751 6879
3 1900 7523 7528
3 1900 7528 8751
3 1901 6886 6887
3 1901 9335 6886
3 8414 1901 6887
3 1901 8414 9957
3 1901 9333 9334
3 1901 9957 9333
3 1901 9334 9335
3 1902 6890 6889
3 1902 6889 8249
3 1902 8253 6890
3 1902 8249 8248
3 1902 8248 8253
3 6891 6893 1903
3 6891 1903 7360
3 9900 1903 6893
3 7360 1903 7358
3 7358 1903 7363
3 7363 1903 9900
3 6892 6891 1904
3 6891 7793 1904
3 6892 1904 8825
3 7792 1904 7793
3 7792 7795 1904
3 8826 1904 7795
3 8825 1904 8826
3 6892 1905 6893
3 6892 8635 1905
3 1905 9902 6893
3 8635 8634 1905
3 1905 8634 9902
3 6922 6923 1906
3 6922 1906 7170
3 8171 1906 6923
3 7781 7170 1906
3 9602 7781 1906
3 8940 1906 8171
3 8940 9602 1906
3 1907 6926 6928
3 1907 7987 6926
3 1907 6928 7434
3 1907 7434 7435
3 1907 7435 7437
3 1907 7437 7987
3 1908 6927 6926
3 1908 6926 7989
3 1908 6929 6927
3 1908 9802 6929
3 1908 7989 8104
3 1908 8104 8105
3 1908 8105 9802
3 6943 1909 6942
3 6942 1909 8439
3 6943 8536 1909
3 8439 1909 8440
3 9159 8440 1909
3 8537 1909 8536
3 8537 9161 1909
3 9159 1909 9161
3 1910 6946 6945
3 1910 6945 8657
3 9752 6946 1910
3 9243 1910 8657
3 9243 9245 1910
3 9245 9753 1910
3 9752 1910 9753
3 1911 6964 6963
3 1911 6963 9467
3 1911 9657 6964
3 1911 9467 9466
3 1911 9466 10023
3 1911 10023 9657
3 6966 6965 1912
3 1912 6965 6969
3 6966 1912 8489
3 6969 8490 1912
3 8489 1912 8490
3 6979 6978 1913
3 6978 9180 1913
3 6979 1913 10090
3 1913 7346 7345
3 1913 7345 10090
3 9180 7346 1913
3 6979 1914 6980
3 6979 7732 1914
3 9181 6980 1914
3 7241 7240 1914
3 7240 9181 1914
3 7241 1914 7731
3 1914 7732 7731
3 1915 6993 6992
3 6992 8369 1915
3 7626 6993 1915
3 7626 1915 8368
3 1915 8369 8368
3 7003 7002 1916
3 7002 9548 1916
3 7003 1916 7410
3 7410 1916 7411
3 7411 1916 9548
3 7008 7009 1917
3 7008 1917 7783
3 7009 7571 1917
3 7571 8559 1917
3 1917 7785 7783
3 1917 8559 7785
3 1918 7017 7019
3 7626 7017 1918
3 7630 1918 7019
3 7626 1918 7627
3 1918 7628 7627
3 7630 7628 1918
3 1919 7035 7034
3 1919 7034 7262
3 1919 9815 7035
3 1919 7262 9815
3 7042 1920 7043
3 7042 7178 1920
3 7043 1920 7296
3 1920 7178 7297
3 1920 7297 7296
3 7055 1921 7056
3 8477 1921 7055
3 1921 7600 7056
3 7601 7600 1921
3 7601 1921 8477
3 1922 7057 7058
3 1922 7575 7057
3 1922 7058 8167
3 1922 8174 7575
3 1922 8167 9305
3 1922 9305 8174
3 1923 7059 7060
3 7263 7059 1923
3 1923 7060 7426
3 7263 1923 9609
3 9607 1923 7426
3 9609 1923 9607
3 1924 7062 7061
3 1924 7061 7065
3 1924 8418 7062
3 1924 7065 7078
3 1924 7078 7282
3 1924 7282 8419
3 1924 8419 8418
3 1925 7064 7063
3 1925 7063 7132
3 10120 7064 1925
3 1925 7131 7130
3 10120 1925 7130
3 1925 7132 7131
3 1926 7071 7073
3 1926 8673 7071
3 1926 7073 8159
3 9712 1926 8159
3 1926 8671 8673
3 9712 8671 1926
3 1927 7077 7076
3 7293 1927 7076
3 1927 7078 7077
3 1927 7281 7078
3 7293 7281 1927
3 7086 1928 7087
3 7086 7424 1928
3 1928 7420 7087
3 7417 7419 1928
3 7417 1928 7423
3 7419 7420 1928
3 7423 1928 7424
3 7092 7094 1929
3 7092 1929 7096
3 7094 7948 1929
3 7096 1929 7095
3 9046 7095 1929
3 9046 1929 7948
3 1930 7093 7092
3 7945 1930 7092
3 9349 7093 1930
3 7945 7946 1930
3 7946 9349 1930
3 7097 1931 7098
3 9300 1931 7097
3 8556 7098 1931
3 9673 8556 1931
3 9299 1931 9300
3 9299 9673 1931
3 1932 7116 7117
3 1932 7712 7116
3 1932 7117 9271
3 7713 7712 1932
3 7713 1932 7715
3 7715 1932 7716
3 1932 9271 7716
3 1933 7121 7120
3 1933 7120 10093
3 1933 8730 7121
3 1933 8221 8220
3 1933 8220 8730
3 1933 10093 8221
3 7126 1934 7127
3 7126 8569 1934
3 10094 7127 1934
3 8569 8568 1934
3 8568 9048 1934
3 10094 1934 9048
3 1935 7130 7129
3 7276 1935 7129
3 8836 7130 1935
3 8837 1935 7276
3 8836 1935 8837
3 7140 1936 7141
3 7455 1936 7140
3 1936 8223 7141
3 7455 7454 1936
3 7472 1936 7454
3 7472 7471 1936
3 8223 1936 7471
3 1937 7148 7147
3 1937 7147 7492
3 1937 9179 7148
3 1937 7344 7346
3 1937 7492 7344
3 1937 7346 9179
3 7153 7152 1938
3 7152 7560 1938
3 7153 1938 7559
3 1938 7562 7559
3 1938 7560 7561
3 1938 7561 7562
3 1939 7154 7155
3 1939 9439 7154
3 9443 1939 7155
3 7882 7883 1939
3 1939 9443 7882
3 9439 1939 7883
3 7158 7159 1940
3 7158 1940 7703
3 7159 9110 1940
3 7702 1940 7701
3 1940 9110 7701
3 7702 7705 1940
3 7703 1940 7705
3 1941 7169 7168
3 1941 7168 7177
3 1941 7176 7169
3 1941 7177 7176
3 7189 1942 7188
3 7188 1942 9971
3 7192 1942 7189
3 7192 7191 1942
3 7191 9293 1942
3 9293 9971 1942
3 1943 7196 7195
3 1943 7195 7590
3 7351 7196 1943
3 7351 1943 7509
3 1943 7590 7509
3 7218 1944 7219
3 7218 7332 1944
3 7219 1944 7538
3 8474 1944 7332
3 7538 1944 7539
3 8474 7539 1944
3 1945 7225 7224
3 1945 7224 7230
3 1945 7226 7225
3 1945 7227 7226
3 1945 7230 7227
3 7232 7234 1946
3 7232 1946 10051
3 7234 9344 1946
3 1946 9342 9343
3 1946 9344 9342
3 1946 9343 9814
3 1946 9814 10051
3 7270 7269 1947
3 7269 8563 1947
3 9008 7270 1947
3 8564 1947 8563
3 8564 9008 1947
3 7275 7274 1948
3 1948 7274 8391
3 7275 1948 8314
3 1948 9199 8314
3 1948 8391 9197
3 1948 9197 9199
3 1949 7276 7277
3 9970 7276 1949
3 9971 1949 7277
3 8803 8805 1949
3 8803 1949 9475
3 8805 9970 1949
3 9971 9475 1949
3 7283 1950 7284
3 7283 7564 1950
3 1950 7563 7284
3 1950 7564 7563
3 7291 1951 7289
3 7289 1951 9667
3 7291 8548 1951
3 1951 8548 9917
3 9667 1951 9917
3 1952 7308 7307
3 7977 1952 7307
3 1952 7310 7308
3 8955 7310 1952
3 7977 8955 1952
3 7323 7322 1953
3 7325 1953 7322
3 9208 7323 1953
3 7325 7631 1953
3 7633 1953 7631
3 9208 1953 7633
3 7340 7339 1954
3 7339 7499 1954
3 7340 1954 7452
3 7450 1954 7451
3 7450 7452 1954
3 7451 1954 7499
3 1955 7343 7342
3 1955 7342 9509
3 1955 9127 7343
3 1955 9128 9127
3 9508 9128 1955
3 1955 9509 9508
3 7344 1956 7345
3 7493 1956 7344
3 7726 7345 1956
3 7493 7611 1956
3 7727 1956 7611
3 7726 1956 7727
3 1957 7361 7362
3 7385 7361 1957
3 1957 7362 8269
3 7385 1957 8272
3 9827 1957 8269
3 9827 8272 1957
3 7364 1958 7365
3 9321 1958 7364
3 1958 8009 7365
3 8009 1958 8012
3 9323 8012 1958
3 1958 9321 9323
3 1959 7386 7385
3 1959 7385 8273
3 1959 10019 7386
3 1959 8011 8012
3 1959 8013 8011
3 1959 8012 10019
3 1959 8273 8013
3 7427 1960 7428
3 7427 7458 1960
3 7428 1960 7518
3 7458 7518 1960
3 1961 7432 7433
3 1961 7437 7432
3 1961 7433 8915
3 1961 7988 7437
3 1961 7990 7988
3 1961 8915 7990
3 7455 1962 7453
3 7453 1962 8226
3 7455 9017 1962
3 8228 8226 1962
3 8228 1962 9611
3 9018 1962 9017
3 9018 9611 1962
3 7454 7453 1963
3 7453 8227 1963
3 7581 7454 1963
3 8221 7581 1963
3 8222 8221 1963
3 8222 1963 8227
3 1964 7498 7497
3 1964 7497 7574
3 1964 9331 7498
3 1964 7574 9330
3 1964 9330 9334
3 1964 9334 9331
3 1965 7502 7503
3 1965 8821 7502
3 7908 1965 7503
3 9341 1965 7908
3 7911 1965 7909
3 1965 9341 7909
3 8821 1965 7911
3 1966 7505 7504
3 1966 7504 9183
3 8159 7505 1966
3 8159 1966 9711
3 1966 9183 9711
3 7571 7570 1967
3 9010 1967 7570
3 7571 1967 8558
3 1967 8560 8558
3 8564 8560 1967
3 8564 1967 9007
3 9010 9007 1967
3 1968 7576 7575
3 1968 7575 8175
3 1968 7588 7576
3 8727 7588 1968
3 1968 8175 8202
3 1968 8202 8201
3 8727 1968 8201
3 7583 1969 7584
3 7583 8001 1969
3 1969 8621 7584
3 1969 8001 9700
3 1969 8622 8621
3 1969 8624 8622
3 1969 9700 8624
3 1970 7586 7587
3 8665 7586 1970
3 8294 1970 7587
3 7593 7592 1970
3 7592 9831 1970
3 8294 7593 1970
3 8665 1970 9831
3 7592 7591 1971
3 1971 7591 7927
3 7926 7592 1971
3 7926 1971 7927
3 7599 7598 1972
3 7598 9221 1972
3 7600 7599 1972
3 7608 7600 1972
3 7608 1972 9221
3 7632 7631 1973
3 9003 1973 7631
3 7634 7632 1973
3 9002 7634 1973
3 9003 9002 1973
3 7639 1974 7640
3 8816 1974 7639
3 1974 8815 7640
3 1974 9758 8815
3 8816 8817 1974
3 1974 8817 9758
3 1975 7645 7644
3 1975 7644 8297
3 7646 7645 1975
3 7646 1975 8296
3 8296 1975 8297
3 7648 7647 1976
3 7647 9803 1976
3 7649 7648 1976
3 7649 1976 7651
3 9803 7651 1976
3 7652 1977 7653
3 7652 9801 1977
3 7653 1977 7661
3 7658 7657 1977
3 7657 7661 1977
3 1977 9801 7658
3 7654 1978 7655
3 7654 7739 1978
3 7655 1978 7657
3 7657 1978 7662
3 7662 1978 7739
3 7655 1979 7656
3 7655 7658 1979
3 1979 7659 7656
3 7658 8353 1979
3 1979 7660 7659
3 1979 8353 7660
3 1980 7669 7668
3 1980 7668 9072
3 1980 9074 7669
3 1980 9072 9077
3 1980 9075 9074
3 1980 9077 9075
3 7670 1981 7671
3 7670 7672 1981
3 7671 1981 7752
3 7672 7673 1981
3 7673 7752 1981
3 1982 7680 7679
3 1982 7679 7682
3 1982 7695 7680
3 1982 7682 7686
3 1982 7686 7695
3 7686 7687 1983
3 7694 7686 1983
3 7687 9281 1983
3 7688 7690 1983
3 7688 1983 9281
3 7692 1983 7690
3 7694 1983 7692
3 7688 1984 7689
3 7688 9280 1984
3 7689 1984 7691
3 9754 7691 1984
3 9752 1984 9280
3 9752 9754 1984
3 7705 1985 7706
3 7705 7709 1985
3 7706 1985 7707
3 7707 1985 7708
3 7708 1985 7709
3 7710 7711 1986
3 9291 7710 1986
3 7711 7712 1986
3 7714 1986 7712
3 8723 1986 7714
3 8723 9291 1986
3 7718 1987 7719
3 7718 9335 1987
3 7719 1987 9329
3 1987 9330 9329
3 1987 9335 9330
3 7726 7728 1988
3 7726 1988 10090
3 9878 1988 7728
3 7730 7732 1988
3 9878 7730 1988
3 7732 10090 1988
3 7737 7736 1989
3 7736 9849 1989
3 7737 1989 7738
3 1989 8552 7738
3 1989 8553 8552
3 1989 9849 8553
3 1990 7740 7739
3 1990 7739 7741
3 1990 7742 7740
3 1990 7741 9803
3 1990 9803 7742
3 7747 7746 1991
3 9641 1991 7746
3 1991 7750 7747
3 7750 1991 7751
3 9640 7751 1991
3 1991 9641 9640
3 7753 1992 7752
3 10086 7752 1992
3 10101 1992 7753
3 7758 1992 7756
3 7756 1992 9549
3 7758 10086 1992
3 10101 9549 1992
3 1993 7755 7754
3 7757 1993 7754
3 1993 10157 7755
3 7757 7756 1993
3 7756 9550 1993
3 9550 10157 1993
3 7758 7757 1994
3 7757 7759 1994
3 7758 1994 8619
3 8618 1994 7759
3 8618 8619 1994
3 1995 7766 7765
3 9935 1995 7765
3 7766 1995 7767
3 1995 7768 7767
3 1995 8748 7768
3 1995 9934 8748
3 9934 1995 9935
3 7770 1996 7771
3 1996 7770 7774
3 9914 7771 1996
3 10063 1996 7774
3 1996 10063 9914
3 7772 7771 1997
3 9913 1997 7771
3 1997 7775 7772
3 1997 7777 7775
3 9913 7777 1997
3 1998 7774 7773
3 7778 1998 7773
3 1998 10062 7774
3 1998 7778 8224
3 8224 9826 1998
3 1998 9826 10062
3 7779 1999 7780
3 9459 1999 7779
3 1999 9862 7780
3 9459 9458 1999
3 1999 9458 9862
3 7782 7781 2000
3 9603 2000 7781
3 7782 2000 10028
3 9603 9604 2000
3 9604 10006 2000
3 2000 10006 10028
3 2001 7784 7783
3 7786 2001 7783
3 8167 7784 2001
3 2001 7786 7787
3 8184 2001 7787
3 8167 2001 9600
3 8183 2001 8184
3 8183 9600 2001
3 2002 7786 7785
3 7785 10005 2002
3 7786 2002 7788
3 9604 7788 2002
3 9604 2002 10005
3 7787 7788 2003
3 2003 10050 7787
3 9603 2003 7788
3 9602 9601 2003
3 10050 2003 9601
3 2003 9603 9602
3 7794 2004 7795
3 9554 2004 7794
3 9117 7795 2004
3 9117 2004 9118
3 9118 2004 9554
3 2005 7798 7800
3 2005 8860 7798
3 2005 7800 7802
3 2005 7802 7804
3 2005 7804 8863
3 2005 9639 8860
3 2005 8863 9639
3 2006 7799 7798
3 2006 7798 8861
3 2006 8862 7799
3 2006 8861 8862
3 2007 7800 7799
3 2007 7799 9558
3 2007 7801 7800
3 2007 9950 7801
3 2007 9558 9557
3 9949 2007 9557
3 9950 2007 9949
3 7802 7801 2008
3 7801 8598 2008
3 7802 2008 7803
3 2008 8346 7803
3 8598 8346 2008
3 2009 7804 7803
3 2009 7803 8344
3 2009 8864 7804
3 8343 2009 8344
3 8343 8865 2009
3 2009 8865 8864
3 7805 2010 7806
3 7808 2010 7805
3 7813 7806 2010
3 7817 2010 7808
3 7811 7813 2010
3 7819 7811 2010
3 7817 7819 2010
3 7808 7807 2011
3 9958 2011 7807
3 8411 7808 2011
3 8407 2011 8408
3 8407 8411 2011
3 8408 2011 9958
3 7810 7809 2012
3 2012 7809 9196
3 8391 7810 2012
3 9391 8391 2012
3 2012 9196 9195
3 2012 9195 9393
3 9391 2012 9393
3 7812 7811 2013
3 7815 2013 7811
3 7812 2013 8414
3 7814 2013 7815
3 7814 8414 2013
3 7814 7816 2014
3 7814 2014 9957
3 7823 2014 7816
3 2014 7823 7822
3 9955 2014 7822
3 9955 9956 2014
3 9956 9957 2014
3 7815 2015 7816
3 7815 7819 2015
3 7820 7816 2015
3 7818 2015 7819
3 7818 7820 2015
3 7817 2016 7818
3 7817 8411 2016
3 7818 2016 7821
3 7821 2016 8395
3 8395 2016 8396
3 8396 2016 8411
3 7820 7821 2017
3 2017 7823 7820
3 7821 9942 2017
3 7823 2017 7824
3 7824 2017 9192
3 2017 9190 9192
3 9942 9190 2017
3 2018 7825 7827
3 2018 7830 7825
3 7843 2018 7827
3 2018 7828 7830
3 2018 7838 7828
3 2018 7836 7838
3 7843 7836 2018
3 7826 7825 2019
3 2019 7825 7833
3 9361 7826 2019
3 9362 2019 7833
3 9361 2019 10103
3 10103 2019 9362
3 2020 7827 7826
3 9360 2020 7826
3 9410 7827 2020
3 9360 10107 2020
3 9410 2020 9412
3 9412 2020 10107
3 2021 7829 7828
3 7841 2021 7828
3 2021 7832 7829
3 2021 7834 7832
3 2021 7842 7834
3 2021 7841 7842
3 2022 7830 7829
3 2022 7829 7831
3 2022 7833 7830
3 2022 7831 9363
3 2022 9363 7833
3 2023 7831 7832
3 2023 9938 7831
3 7835 2023 7832
3 7835 9396 2023
3 2023 9396 9398
3 2023 9398 9939
3 2023 9939 9938
3 7835 7834 2024
3 9411 2024 7834
3 7835 2024 9395
3 9400 9395 2024
3 9411 9400 2024
3 2025 7837 7836
3 7844 2025 7836
3 7837 2025 7840
3 7840 2025 9940
3 7844 9940 2025
3 7837 2026 7838
3 2026 7837 7839
3 2026 7841 7838
3 7841 2026 7839
3 7840 2027 7839
3 7842 7839 2027
3 7840 9941 2027
3 9411 7842 2027
3 9411 2027 9943
3 2027 9941 9943
3 7844 7843 2028
3 9410 2028 7843
3 9408 7844 2028
3 9408 2028 9406
3 9409 9406 2028
3 9409 2028 9410
3 7866 2029 7864
3 2029 9282 7864
3 7866 9346 2029
3 7867 7869 2029
3 2029 9347 7867
3 9282 2029 7869
3 9347 2029 9346
3 7875 7877 2030
3 9934 7875 2030
3 10170 2030 7877
3 9936 9934 2030
3 9936 2030 10170
3 2031 7876 7875
3 9935 2031 7875
3 2031 7879 7876
3 2031 8749 7879
3 2031 10139 8749
3 9935 10139 2031
3 2032 7877 7876
3 2032 7876 7878
3 2032 8762 7877
3 2032 7878 8758
3 2032 8758 8757
3 2032 8757 8762
3 7881 7880 2033
3 7880 7882 2033
3 8633 7881 2033
3 2033 7882 9444
3 8633 2033 8634
3 8634 2033 9444
3 2034 7889 7888
3 7888 9048 2034
3 7889 2034 7892
3 9047 7892 2034
3 9048 9047 2034
3 7893 7895 2035
3 9259 7893 2035
3 8993 2035 7895
3 9822 2035 8993
3 9259 2035 9258
3 9258 2035 9560
3 9822 9560 2035
3 2036 7894 7893
3 2036 7893 9260
3 7894 2036 7897
3 2036 9262 7897
3 2036 9260 9261
3 2036 9261 9262
3 2037 7896 7897
3 2037 7898 7896
3 2037 7897 10055
3 8979 7898 2037
3 8979 2037 8978
3 8978 2037 10055
3 7912 7914 2038
3 7912 2038 9442
3 7914 7917 2038
3 7917 7918 2038
3 7918 9440 2038
3 9442 2038 9440
3 7913 2039 7914
3 7913 7915 2039
3 7914 2039 7919
3 9626 2039 7915
3 2039 9899 7919
3 9626 9899 2039
3 7915 7916 2040
3 9625 7915 2040
3 7916 8381 2040
3 2040 8381 8382
3 9622 2040 8382
3 9622 9625 2040
3 7920 2041 7921
3 7920 7922 2041
3 7921 2041 9624
3 9626 2041 7922
3 9625 9624 2041
3 9625 2041 9626
3 7925 2042 7923
3 7923 2042 7926
3 7925 9563 2042
3 7926 2042 9831
3 9563 9564 2042
3 9564 9567 2042
3 9567 9831 2042
3 7924 7923 2043
3 7923 7927 2043
3 8284 7924 2043
3 2043 7927 9937
3 8283 8284 2043
3 8283 2043 8949
3 8949 2043 9937
3 7924 2044 7925
3 8947 2044 7924
3 7925 2044 9565
3 8947 8948 2044
3 2044 8948 9903
3 9565 2044 9903
3 2045 7928 7930
3 2045 8663 7928
3 2045 7930 9424
3 2045 8270 8271
3 2045 9424 8270
3 2045 8271 8663
3 2046 7929 7928
3 2046 7928 8664
3 9566 7929 2046
3 2046 8664 8665
3 9567 2046 8665
3 9566 2046 9567
3 2047 7930 7929
3 9254 2047 7929
3 2047 9810 7930
3 9254 9253 2047
3 9253 9683 2047
3 2047 9683 9684
3 2047 9684 9810
3 2048 7931 7933
3 2048 9800 7931
3 2048 7933 9794
3 2048 9072 9071
3 2048 9071 9800
3 2048 9076 9072
3 2048 9794 9076
3 2049 7932 7931
3 2049 7931 8834
3 9569 7932 2049
3 2049 8834 8833
3 9569 2049 8833
3 2050 7933 7932
3 9568 2050 7932
3 2050 9798 7933
3 2050 7936 7935
3 9798 2050 7935
3 9568 7936 2050
3 2051 7934 7936
3 2051 7937 7934
3 2051 7936 9121
3 2051 9120 7937
3 2051 9119 9120
3 2051 9121 9119
3 2052 7935 7934
3 2052 7934 7938
3 2052 9797 7935
3 2052 7938 9793
3 2052 9793 10155
3 2052 9796 9797
3 2052 10155 9796
3 7942 7941 2053
3 2053 7941 7944
3 9792 7942 2053
3 9125 2053 7944
3 10059 2053 9125
3 9792 2053 10059
3 2054 7944 7943
3 2054 7943 8913
3 2054 9126 7944
3 2054 8913 9126
3 7950 2055 7951
3 9570 2055 7950
3 2055 7952 7951
3 2055 7953 7952
3 9124 7953 2055
3 9571 9124 2055
3 2055 9570 9571
3 7956 7955 2056
3 7955 8003 2056
3 7956 2056 8008
3 2056 8003 8002
3 2056 8002 8008
3 2057 7960 7959
3 8387 2057 7959
3 2057 7964 7960
3 8383 7964 2057
3 8383 2057 8384
3 8384 2057 8387
3 7961 7963 2058
3 9571 7961 2058
3 7963 9034 2058
3 9034 10059 2058
3 2058 10058 9571
3 10058 2058 10059
3 2059 7962 7961
3 9570 2059 7961
3 9848 7962 2059
3 2059 7965 7964
3 9848 2059 7964
3 2059 9570 7965
3 2060 7967 7966
3 9584 2060 7966
3 2060 8017 7967
3 8015 2060 8016
3 8015 8017 2060
3 9584 8016 2060
3 7969 2061 7968
3 2061 8765 7968
3 8549 2061 7969
3 8763 2061 8549
3 8763 8765 2061
3 7972 2062 7970
3 7970 2062 8554
3 7975 2062 7972
3 7975 9881 2062
3 8552 8554 2062
3 8552 2062 9881
3 7971 7970 2063
3 7970 9751 2063
3 2063 9209 7971
3 9209 2063 9210
3 2063 10075 9210
3 2063 9751 10075
3 2064 7974 7973
3 7973 8551 2064
3 7975 7974 2064
3 7975 2064 8550
3 2064 8551 8550
3 7977 7976 2065
3 7980 2065 7976
3 9573 7977 2065
3 2065 7980 7979
3 9573 2065 7979
3 7982 7981 2066
3 2066 7981 10115
3 7982 2066 8956
3 2066 8957 8956
3 2066 10115 8957
3 7985 2067 7986
3 8102 2067 7985
3 7992 7986 2067
3 7992 2067 8125
3 8102 8923 2067
3 8125 2067 8923
3 2068 7987 7988
3 7989 7987 2068
3 7991 2068 7988
3 7989 2068 8103
3 8117 2068 7991
3 8119 8103 2068
3 8117 8119 2068
3 2069 7991 7990
3 2069 7990 8136
3 2069 8120 7991
3 2069 9592 8120
3 2069 8136 8135
3 2069 8135 9592
3 7992 2070 7993
3 7992 8126 2070
3 7993 2070 9575
3 8123 2070 8121
3 8121 2070 8298
3 8123 9575 2070
3 8126 8300 2070
3 2070 8300 8298
3 2071 7995 7994
3 2071 7994 8132
3 2071 7997 7995
3 8134 7997 2071
3 8134 2071 8132
3 7996 7997 2072
3 2072 9876 7996
3 10047 2072 7997
3 8659 8661 2072
3 2072 10047 8659
3 9876 2072 8661
3 7999 7998 2073
3 7998 9699 2073
3 9576 7999 2073
3 8000 2073 8001
3 9576 2073 8000
3 8001 2073 9699
3 8003 2074 8004
3 2074 8003 8005
3 2074 8006 8004
3 8005 9838 2074
3 8913 8006 2074
3 9838 8913 2074
3 8010 8009 2075
3 8009 8011 2075
3 8010 2075 9577
3 2075 8011 8014
3 2075 8014 9577
3 2076 8014 8013
3 2076 8013 8277
3 2076 8275 8014
3 2076 8276 8275
3 2076 8277 8276
3 8020 2077 8018
3 8018 2077 8025
3 8020 9480 2077
3 8023 8025 2077
3 8023 2077 9973
3 9480 9973 2077
3 8022 8021 2078
3 8021 8024 2078
3 8022 2078 9478
3 8023 2078 8024
3 8023 9478 2078
3 2079 8027 8026
3 2079 8026 9595
3 2079 8982 8027
3 2079 10121 8982
3 9581 9582 2079
3 9581 2079 9595
3 2079 9582 10121
3 8035 8034 2080
3 8037 2080 8034
3 8035 2080 9910
3 8037 10001 2080
3 9911 9910 2080
3 9911 2080 10001
3 2081 8039 8038
3 8041 2081 8038
3 8039 2081 8040
3 9812 8040 2081
3 8041 8960 2081
3 2081 8960 8959
3 2081 8959 9812
3 2082 8048 8050
3 2082 10089 8048
3 2082 8050 9137
3 2082 8054 8056
3 2082 9135 8054
3 10089 2082 8056
3 2082 9137 9135
3 2083 8049 8048
3 2083 8048 10088
3 2083 9715 8049
3 2083 10087 9715
3 2083 10088 10087
3 2084 8050 8049
3 2084 8049 9713
3 2084 10007 8050
3 2084 8053 8052
3 10156 2084 8052
3 2084 9713 8053
3 10156 10007 2084
3 2085 8051 8053
3 2085 8057 8051
3 2085 8053 9714
3 8157 8057 2085
3 8157 2085 8158
3 8158 2085 9877
3 2085 9714 9877
3 2086 8052 8051
3 2086 8051 8058
3 8677 8052 2086
3 2086 8058 8678
3 8677 2086 8678
3 8054 2087 8055
3 9136 2087 8054
3 8055 2087 9711
3 9139 2087 9136
3 9712 2087 9139
3 9712 9711 2087
3 8055 2088 8056
3 8055 9183 2088
3 2088 9184 8056
3 2088 9183 9182
3 2088 9182 9184
3 2089 8058 8057
3 8676 2089 8057
3 2089 8680 8058
3 9850 2089 8676
3 9850 8680 2089
3 8065 8064 2090
3 2090 8064 10049
3 2090 8080 8065
3 2090 8078 8077
3 8080 2090 8077
3 2090 10049 8078
3 8067 8066 2091
3 8066 9599 2091
3 8067 2091 8810
3 8811 8810 2091
3 8811 2091 10101
3 9690 2091 9599
3 10101 2091 9690
3 2092 8070 8069
3 2092 8069 9687
3 2092 8071 8070
3 2092 9688 8071
3 10157 2092 9687
3 2092 10157 9688
3 2093 8072 8071
3 9689 2093 8071
3 2093 9596 8072
3 2093 9597 9596
3 2093 9599 9597
3 9689 9599 2093
3 2094 8076 8075
3 9485 2094 8075
3 2094 8082 8076
3 9484 8082 2094
3 9484 2094 9485
3 8080 8079 2095
3 2095 8079 8082
3 8081 8080 2095
3 9767 8081 2095
3 9767 2095 8082
3 2096 8084 8083
3 8088 2096 8083
3 8086 8084 2096
3 8086 2096 9639
3 9230 2096 8088
3 9230 9229 2096
3 9229 9639 2096
3 8086 2097 8085
3 8928 8085 2097
3 8086 8863 2097
3 8349 2097 8347
3 8347 2097 8864
3 8928 2097 8349
3 2097 8863 8864
3 2098 8088 8087
3 9585 2098 8087
3 2098 9232 8088
3 9586 9232 2098
3 9585 9586 2098
3 2099 8091 8093
3 2099 8097 8091
3 2099 8093 8109
3 2099 8098 8097
3 9619 8098 2099
3 8108 2099 8109
3 2099 8108 8111
3 9619 2099 8111
3 2100 8093 8092
3 2100 8092 8101
3 2100 8112 8093
3 2100 8101 8100
3 2100 8100 8112
3 2101 8095 8094
3 2101 8094 9587
3 10016 8095 2101
3 2101 9587 9588
3 9588 10011 2101
3 10016 2101 10011
3 2102 8096 8095
3 2102 8095 9861
3 2102 8102 8096
3 2102 9983 8102
3 2102 9093 9095
3 2102 9861 9093
3 2102 9095 9983
3 8100 8099 2103
3 9802 2103 8099
3 9590 8100 2103
3 9499 2103 9500
3 9590 2103 9499
3 9502 9500 2103
3 9802 9502 2103
3 2104 8104 8103
3 2104 8103 8124
3 8104 2104 8106
3 8128 8106 2104
3 8128 2104 8124
3 2105 8105 8106
3 9502 8105 2105
3 8922 2105 8106
3 8922 8926 2105
3 8926 9498 2105
3 9502 2105 9498
3 2106 8107 8109
3 2106 8113 8107
3 2106 8109 8112
3 2106 8112 9590
3 2106 8115 8113
3 2106 9590 8115
3 2107 8108 8107
3 2107 8107 8114
3 2107 8110 8108
3 2107 10173 8110
3 2107 8114 9856
3 2107 9856 10173
3 2108 8111 8110
3 10175 2108 8110
3 10010 8111 2108
3 10011 10010 2108
3 10015 10011 2108
3 2108 10175 10015
3 8113 2109 8114
3 8113 8116 2109
3 8114 2109 9857
3 9836 2109 8116
3 9836 10130 2109
3 9857 2109 10144
3 10144 2109 10130
3 8115 2110 8116
3 8115 9499 2110
3 9833 8116 2110
3 9499 9501 2110
3 2110 9501 9505
3 9833 2110 9505
3 2111 8118 8117
3 2111 8117 8120
3 2111 9629 8118
3 2111 8120 8263
3 2111 8263 8265
3 2111 8265 10012
3 2111 10012 9629
3 8118 2112 8119
3 8118 8304 2112
3 8119 2112 8124
3 8127 8124 2112
3 8127 2112 8306
3 8306 2112 8304
3 2113 8122 8121
3 2113 8121 8299
3 2113 8839 8122
3 2113 8299 8302
3 2113 8302 9895
3 2113 9895 8839
3 2114 8123 8122
3 2114 8122 8840
3 10008 8123 2114
3 2114 8840 8845
3 10022 2114 8845
3 10008 2114 10022
3 8126 8125 2115
3 8125 8924 2115
3 8126 2115 9518
3 9987 2115 8924
3 9519 9518 2115
3 9987 9519 2115
3 8127 2116 8128
3 8127 9517 2116
3 8128 2116 8922
3 8925 8922 2116
3 8925 2116 9515
3 2116 9516 9515
3 2116 9517 9516
3 8129 8131 2117
3 8137 8129 2117
3 8139 2117 8131
3 8137 2117 8135
3 8141 8135 2117
3 8141 2117 8139
3 2118 8130 8129
3 2118 8129 8138
3 2118 8659 8130
3 2118 8138 8662
3 2118 8660 8659
3 2118 8662 8660
3 2119 8131 8130
3 10047 2119 8130
3 2119 9591 8131
3 8134 8133 2119
3 9591 2119 8133
3 2119 10047 8134
3 2120 8133 8132
3 2120 8132 9574
3 2120 8145 8133
3 2120 8144 8145
3 2120 10008 8144
3 2120 9574 9575
3 2120 9575 10008
3 2121 8137 8136
3 2121 8136 8915
3 2121 8138 8137
3 2121 10048 8138
3 2121 8915 10048
3 2122 8140 8139
3 2122 8139 9591
3 2122 8142 8140
3 2122 8145 8142
3 2122 9591 8145
3 8141 8140 2123
3 8143 2123 8140
3 8141 2123 9592
3 8143 8266 2123
3 2123 8264 8263
3 2123 8263 9592
3 2123 8266 8264
3 8143 8142 2124
3 8142 8144 2124
3 8143 2124 10021
3 2124 8144 10022
3 2124 10022 10021
3 8155 8154 2125
3 2125 8154 9593
3 8155 2125 8670
3 2125 9594 8670
3 2125 9593 9594
3 8155 2126 8156
3 8155 8669 2126
3 8157 8156 2126
3 8157 2126 8676
3 8669 9851 2126
3 2126 9851 8676
3 8162 8161 2127
3 8161 9598 2127
3 9596 8162 2127
3 2127 9598 9596
3 2128 8169 8168
3 2128 8168 8938
3 2128 8171 8169
3 2128 8939 8171
3 2128 8938 8941
3 2128 8941 8939
3 2129 8173 8172
3 2129 8172 9301
3 2129 8193 8173
3 2129 9920 8193
3 2129 9301 9920
3 2130 8175 8174
3 2130 8174 8189
3 2130 9302 8175
3 2130 8189 8188
3 9303 2130 8188
3 9303 9302 2130
3 8178 2131 8176
3 2131 9806 8176
3 2131 8178 8182
3 8182 8184 2131
3 8184 10050 2131
3 2131 10050 9806
3 8177 8176 2132
3 8942 2132 8176
3 8180 8177 2132
3 8180 2132 8941
3 8942 8941 2132
3 8178 8177 2133
3 8179 2133 8177
3 8181 8178 2133
3 8185 2133 8179
3 8181 2133 9708
3 8185 8191 2133
3 9708 2133 8191
3 8179 8180 2134
3 8186 8179 2134
3 8180 8938 2134
3 8186 2134 8196
3 2134 8937 8196
3 2134 8938 8937
3 8182 8181 2135
3 10032 2135 8181
3 8182 2135 8183
3 9706 8183 2135
3 9706 2135 10032
3 8185 8186 2136
3 8190 8185 2136
3 8192 2136 8186
3 8190 2136 10147
3 8192 8193 2136
3 10009 2136 8193
3 10009 10147 2136
3 8187 8189 2137
3 8187 2137 8194
3 9305 2137 8189
3 9709 8194 2137
3 9305 9600 2137
3 9706 2137 9600
3 9706 9709 2137
3 8187 2138 8188
3 8187 8195 2138
3 2138 9306 8188
3 2138 8195 9061
3 9316 2138 9061
3 9316 9306 2138
3 8190 2139 8191
3 8190 9066 2139
3 9707 8191 2139
3 2139 9063 9062
3 9707 2139 9062
3 2139 9066 9063
3 2140 8195 8194
3 2140 8194 9710
3 2140 9060 8195
3 2140 9064 9060
3 2140 9062 9064
3 2140 9710 9062
3 2141 8198 8197
3 2141 8197 9865
3 8208 8198 2141
3 8208 2141 8882
3 8882 2141 8881
3 2141 9865 8881
3 2142 8199 8198
3 8209 2142 8198
3 2142 9301 8199
3 8214 2142 8209
3 8214 9922 2142
3 2142 9919 9301
3 9922 9919 2142
3 8202 2143 8200
3 8211 8200 2143
3 8202 9302 2143
3 8205 2143 8203
3 9304 8203 2143
3 8211 2143 8205
3 9304 2143 9302
3 2144 8201 8200
3 8213 2144 8200
3 2144 8726 8201
3 8213 8877 2144
3 8729 8726 2144
3 8877 8729 2144
3 2145 8204 8203
3 8203 9921 2145
3 8204 2145 8207
3 2145 8214 8207
3 2145 9923 8214
3 9923 2145 9921
3 8204 2146 8205
3 2146 8204 8206
3 2146 8210 8205
3 8210 2146 8206
3 8207 2147 8206
3 8212 8206 2147
3 8209 2147 8207
3 8208 2147 8209
3 8208 9863 2147
3 8212 2147 9863
3 8210 2148 8211
3 8210 8212 2148
3 8211 2148 8213
3 8212 9864 2148
3 8213 2148 9864
3 8222 2149 8220
3 8220 2149 9177
3 9870 2149 8222
3 9173 9175 2149
3 9870 9173 2149
3 9175 9177 2149
3 8224 8225 2150
3 8224 2150 9045
3 2150 8225 9609
3 9044 9045 2150
3 9044 2150 9610
3 2150 9609 9610
3 8227 8226 2151
3 8229 2151 8226
3 9870 8227 2151
3 9805 2151 8229
3 9805 9873 2151
3 9870 2151 9871
3 9871 2151 9873
3 2152 8229 8228
3 2152 8228 9612
3 2152 9804 8229
3 2152 9037 9039
3 2152 9040 9037
3 2152 9039 9804
3 2152 9612 9040
3 2153 8230 8232
3 2153 8236 8230
3 10135 2153 8232
3 2153 8233 8235
3 10135 8233 2153
3 2153 8235 8243
3 2153 8243 8236
3 2154 8231 8230
3 2154 8230 8237
3 2154 9804 8231
3 2154 8237 8238
3 2154 8238 9805
3 2154 9805 9804
3 2155 8232 8231
3 8231 9039 2155
3 2155 10133 8232
3 2155 9039 9038
3 2155 9038 10133
3 2156 8234 8233
3 10134 2156 8233
3 9044 8234 2156
3 9043 9042 2156
3 9044 2156 9042
3 9043 2156 10134
3 2157 8235 8234
3 9610 2157 8234
3 2157 8242 8235
3 2157 9606 8242
3 9607 9606 2157
3 9610 9607 2157
3 8236 2158 8237
3 8236 9615 2158
3 8237 2158 8239
3 2158 8240 8239
3 8240 2158 9615
3 8238 8239 2159
3 9873 8238 2159
3 8239 8241 2159
3 9872 2159 8241
3 9872 9873 2159
3 2160 8241 8240
3 2160 8240 8778
3 8779 8241 2160
3 8777 2160 8778
3 2160 8777 8779
3 2161 8243 8242
3 2161 8242 9608
3 2161 9615 8243
3 8776 8778 2161
3 10113 8776 2161
3 9615 2161 8778
3 10113 2161 9608
3 2162 8246 8247
3 10113 8246 2162
3 2162 8247 8770
3 2162 8770 8772
3 2162 8772 9617
3 10113 2162 9617
3 2163 8248 8250
3 2163 8252 8248
3 2163 8250 10095
3 2163 9487 8252
3 2163 9488 9487
3 2163 10095 9488
3 8250 8249 2164
3 8249 8251 2164
3 9819 8250 2164
3 8251 9013 2164
3 9013 9012 2164
3 9012 9819 2164
3 8253 8252 2165
3 9157 2165 8252
3 8254 8253 2165
3 9155 8254 2165
3 2165 9156 9155
3 9156 2165 9157
3 2166 8265 8264
3 2166 8264 8267
3 2166 8843 8265
3 8267 8841 2166
3 2166 8841 8843
3 8267 8266 2167
3 2167 8266 10021
3 2167 8846 8267
3 2167 8845 8844
3 8846 2167 8844
3 2167 10021 8845
3 2168 8269 8268
3 2168 8268 8270
3 9421 8269 2168
3 9422 2168 8270
3 9422 9421 2168
3 2169 8273 8272
3 9425 2169 8272
3 2169 8277 8273
3 2169 8278 8277
3 2169 8668 8278
3 2169 8666 8668
3 9425 8666 2169
3 2170 8274 8276
3 8279 8274 2170
3 2170 8276 8278
3 2170 8278 9809
3 8945 8279 2170
3 8945 2170 9809
3 2171 8275 8274
3 8280 2171 8274
3 2171 9577 8275
3 2171 8280 8282
3 8282 9035 2171
3 9577 2171 9035
3 2172 8280 8279
3 2172 8279 8946
3 8281 8280 2172
3 8284 8281 2172
3 8284 2172 8947
3 8947 2172 8946
3 8282 8281 2173
3 8283 2173 8281
3 2173 9036 8282
3 8283 8950 2173
3 8950 9036 2173
3 8288 8290 2174
3 8288 2174 9627
3 8290 9903 2174
3 2174 9058 9059
3 2174 9828 9058
3 2174 9059 9627
3 2174 10137 9828
3 10137 2174 9903
3 8288 2175 8289
3 8288 9628 2175
3 8289 2175 9681
3 10056 2175 9628
3 9680 9681 2175
3 10056 9680 2175
3 8289 2176 8290
3 8289 9249 2176
3 8290 2176 9565
3 9248 2176 9249
3 9563 2176 9248
3 9563 9565 2176
3 8292 8293 2177
3 8292 2177 8294
3 8293 9486 2177
3 8294 2177 8295
3 8295 2177 9069
3 9069 2177 9486
3 8299 8298 2178
3 8301 2178 8298
3 8303 8299 2178
3 9998 2178 8301
3 2178 9995 8303
3 9995 2178 9998
3 8301 8300 2179
3 9518 2179 8300
3 8312 8301 2179
3 8313 8312 2179
3 8313 2179 9520
3 9520 2179 9518
3 8302 8303 2180
3 2180 10171 8302
3 9996 2180 8303
3 8304 2180 8305
3 9629 2180 8304
3 2180 9996 8305
3 9629 10013 2180
3 10171 2180 10013
3 8306 8305 2181
3 2181 8305 9997
3 8306 2181 9517
3 8311 2181 8310
3 8310 2181 9997
3 8311 9517 2181
3 8309 2182 8307
3 2182 10000 8307
3 2182 8309 8313
3 10000 2182 8313
3 8308 8307 2183
3 9514 2183 8307
3 8311 8308 2183
3 8311 2183 9516
3 9516 2183 9514
3 2184 8309 8308
3 8310 2184 8308
3 8309 2184 8312
3 9999 2184 8310
3 8312 2184 9998
3 2184 9999 9998
3 8315 8314 2185
3 9202 2185 8314
3 8315 2185 8321
3 8321 2185 9397
3 9202 9398 2185
3 2185 9398 9397
3 2186 8317 8316
3 2186 8316 9632
3 2186 10017 8317
3 2186 9632 9631
3 2186 9631 9634
3 10107 2186 9634
3 10107 10017 2186
3 8320 2187 8318
3 2187 9024 8318
3 8320 8327 2187
3 8323 8325 2187
3 8323 2187 8327
3 2187 8325 9631
3 2187 9631 9024
3 8320 8319 2188
3 8319 8348 2188
3 8320 2188 8326
3 9285 8326 2188
3 2188 8348 8347
3 2188 8347 8865
3 9285 2188 8865
3 8322 8321 2189
3 8321 8332 2189
3 8322 2189 9630
3 2189 8332 8331
3 2189 8331 9636
3 9630 2189 9636
3 8324 8323 2190
3 2190 8323 10018
3 8324 2190 9842
3 2190 10065 9842
3 10123 2190 10018
3 2190 10123 10065
3 8324 2191 8325
3 8324 9405 2191
3 2191 9634 8325
3 2191 9405 9404
3 9409 2191 9404
3 9409 9412 2191
3 9412 9634 2191
3 8327 8326 2192
3 8342 2192 8326
3 10018 8327 2192
3 8341 2192 8342
3 8341 8607 2192
3 10018 2192 8607
3 2193 8328 8330
3 2193 8333 8328
3 2193 8330 9096
3 8331 8333 2193
3 2193 9635 8331
3 2193 9096 9097
3 2193 9097 9635
3 2194 8329 8328
3 2194 8328 8334
3 2194 10067 8329
3 2194 8334 10108
3 2194 10108 10067
3 2195 8330 8329
3 2195 8329 10066
3 2195 9098 8330
3 2195 9841 9098
3 2195 10065 9841
3 2195 10066 10065
3 2196 8333 8332
3 2196 8332 9397
3 2196 8334 8333
3 2196 9399 8334
3 2196 9396 9395
3 2196 9395 9399
3 2196 9397 9396
3 8337 2197 8335
3 8345 8335 2197
3 8337 8342 2197
3 8342 9285 2197
3 8343 8345 2197
3 8343 2197 9285
3 2198 8336 8335
3 2198 8335 9638
3 2198 8584 8336
3 2198 8586 8584
3 9676 8586 2198
3 2198 9638 9676
3 8337 8336 2199
3 2199 8336 8585
3 8337 2199 8341
3 8341 2199 8599
3 2199 8585 8599
3 2200 8338 8340
3 2200 9675 8338
3 2200 8340 8588
3 2200 8588 8590
3 2200 8590 9675
3 2201 8339 8338
3 2201 8338 9677
3 2201 9289 8339
3 2201 8592 8591
3 2201 8591 9289
3 2201 9677 8592
3 2202 8340 8339
3 9288 2202 8339
3 2202 9637 8340
3 9288 9287 2202
3 9287 9636 2202
3 2202 9636 9635
3 2202 9635 9637
3 2203 8345 8344
3 2203 8344 8346
3 2203 9638 8345
3 2203 8346 8594
3 2203 8594 8596
3 2203 8596 10029
3 2203 10029 9638
3 8351 8350 2204
3 8350 9931 2204
3 8351 2204 9801
3 8352 8353 2204
3 9586 8352 2204
3 8353 9801 2204
3 2204 9930 9586
3 9930 2204 9931
3 8354 8356 2205
3 8354 2205 10105
3 9384 2205 8356
3 9386 2205 9384
3 9386 9389 2205
3 9389 10105 2205
3 8354 2206 8355
3 8354 9380 2206
3 8355 2206 8358
3 9377 8358 2206
3 9380 9377 2206
3 8355 2207 8356
3 2207 8355 8357
3 9387 8356 2207
3 9365 2207 8357
3 9365 10106 2207
3 9387 2207 10106
3 8357 8358 2208
3 9364 8357 2208
3 9378 2208 8358
3 9364 2208 9366
3 9366 2208 9367
3 9367 2208 9372
3 9378 9372 2208
3 8359 8361 2209
3 8362 8359 2209
3 8361 9230 2209
3 2209 9930 8362
3 9232 2209 9230
3 9930 2209 9232
3 8359 2210 8360
3 8359 8363 2210
3 8360 2210 8862
3 8363 8365 2210
3 9556 2210 8365
3 9558 8862 2210
3 9556 9558 2210
3 8360 2211 8361
3 8360 8861 2211
3 8361 2211 9229
3 8860 2211 8861
3 8860 9229 2211
3 8362 2212 8363
3 8362 9931 2212
3 8363 2212 8364
3 8364 2212 9231
3 9931 9231 2212
3 8373 8372 2213
3 8372 9641 2213
3 8373 2213 8375
3 2213 8378 8375
3 2213 9641 8378
3 8374 8373 2214
3 8373 8376 2214
3 8374 2214 9083
3 9082 2214 8376
3 9082 9081 2214
3 9083 2214 9081
3 2215 8376 8375
3 2215 8375 8377
3 2215 10167 8376
3 2215 8377 8379
3 2215 8379 10167
3 8383 8385 2216
3 8383 2216 9848
3 10141 2216 8385
3 9848 2216 9847
3 9847 2216 9849
3 10141 9849 2216
3 8384 2217 8385
3 8384 8386 2217
3 2217 10074 8385
3 9673 2217 8386
3 9673 10072 2217
3 2217 10072 10074
3 8386 8387 2218
3 8556 8386 2218
3 8387 9880 2218
3 8556 2218 8555
3 9670 8555 2218
3 9670 2218 9880
3 8389 8388 2219
3 8392 2219 8388
3 8389 2219 9385
3 8392 9201 2219
3 9388 2219 9201
3 9385 2219 9386
3 9386 2219 9388
3 8389 2220 8390
3 8389 9392 2220
3 2220 9958 8390
3 9392 9447 2220
3 2220 9447 9958
3 8394 8396 2221
3 8394 2221 8403
3 8396 8407 2221
3 8399 2221 8397
3 8397 2221 8409
3 2221 8399 8403
3 8407 8409 2221
3 8395 8394 2222
3 8405 2222 8394
3 9942 8395 2222
3 2222 8405 8406
3 9942 2222 8406
3 2223 8398 8397
3 8397 8410 2223
3 8398 2223 8401
3 8401 2223 9194
3 8410 9449 2223
3 9195 9194 2223
3 9195 2223 9451
3 9451 2223 9449
3 8398 2224 8399
3 2224 8398 8400
3 2224 8402 8399
3 8402 2224 8400
3 2225 8400 8401
3 8404 8400 2225
3 8401 9191 2225
3 2225 8406 8404
3 8406 2225 9190
3 2225 9191 9190
3 8402 2226 8403
3 2226 8402 8404
3 2226 8405 8403
3 8405 2226 8404
3 8408 2227 8409
3 8408 9447 2227
3 8409 2227 8410
3 8410 2227 9448
3 2227 9447 9448
3 8425 8424 2228
3 8429 2228 8424
3 8427 8425 2228
3 9530 8427 2228
3 9530 2228 8429
3 2229 8426 8427
3 2229 8651 8426
3 9533 2229 8427
3 2229 8652 8651
3 2229 9532 8652
3 2229 9533 9532
3 8429 8428 2230
3 8430 2230 8428
3 8429 2230 9531
3 10003 2230 8430
3 10043 9531 2230
3 10003 10043 2230
3 2231 8431 8433
3 2231 8536 8431
3 2231 8433 8435
3 2231 8435 8436
3 2231 8436 8438
3 2231 8438 8536
3 2232 8433 8432
3 8482 2232 8432
3 2232 8434 8433
3 8857 8434 2232
3 8482 8510 2232
3 8510 8509 2232
3 8509 8857 2232
3 8434 2233 8435
3 8854 2233 8434
3 9204 8435 2233
3 8855 2233 8854
3 10046 2233 8855
3 9204 2233 9773
3 2233 10046 9773
3 8437 8436 2234
3 2234 8436 9204
3 8521 8437 2234
3 8521 2234 9660
3 9774 2234 9204
3 2234 9663 9660
3 2234 9776 9663
3 2234 9774 9776
3 8437 2235 8438
3 8520 2235 8437
3 8537 8438 2235
3 8528 2235 8520
3 8528 9778 2235
3 8537 2235 9778
3 8440 2236 8441
3 9160 2236 8440
3 9652 8441 2236
3 8542 2236 8541
3 8541 2236 9160
3 8542 9652 2236
3 8443 8442 2237
3 8442 8446 2237
3 8443 2237 9650
3 9648 2237 8446
3 9647 2237 9648
3 9647 9650 2237
3 2238 8444 8443
3 2238 8443 9651
3 2238 8445 8444
3 8544 8445 2238
3 8544 2238 8545
3 8545 2238 9651
3 2239 8447 8449
3 2239 8450 8447
3 8455 2239 8449
3 8458 8450 2239
3 8461 2239 8455
3 8456 8458 2239
3 8456 2239 8461
3 2240 8449 8448
3 2240 8448 10040
3 2240 8454 8449
3 8628 8454 2240
3 8543 2240 8544
3 8543 8628 2240
3 8544 2240 10040
3 8451 8453 2241
3 8451 2241 9159
3 8453 8629 2241
3 8629 8631 2241
3 8631 9160 2241
3 9159 2241 9160
3 8451 2242 8452
3 8451 9161 2242
3 8460 8452 2242
3 9777 8460 2242
3 9778 2242 9161
3 9777 2242 9778
3 2243 8453 8452
3 8459 2243 8452
3 2243 9691 8453
3 8459 9824 2243
3 2243 8795 8794
3 2243 8794 9691
3 2243 8797 8795
3 9824 8797 2243
3 2244 8455 8454
3 8625 2244 8454
3 2244 9653 8455
3 8625 8627 2244
3 8627 10037 2244
3 10037 9653 2244
3 2245 8457 8456
3 2245 8456 8462
3 2245 8787 8457
3 2245 8462 8903
3 9965 8787 2245
3 8905 2245 8903
3 8905 9965 2245
3 8457 2246 8458
3 8457 8529 2246
3 2246 8463 8458
3 2246 8532 8463
3 2246 8529 8531
3 2246 8531 8532
3 2247 8459 8460
3 2247 8901 8459
3 2247 8460 8788
3 2247 8788 8790
3 2247 8790 8901
3 2248 8462 8461
3 2248 8461 9653
3 2248 8902 8462
3 2248 10039 8902
3 2248 9653 10039
3 8465 8464 2249
3 8464 8487 2249
3 8465 2249 8466
3 8466 2249 8484
3 2249 8487 8484
3 2250 8467 8466
3 2250 8466 8485
3 2250 8468 8467
3 2250 8719 8468
3 2250 8485 9980
3 2250 9980 8719
3 2251 8469 8468
3 8720 2251 8468
3 2251 9654 8469
3 8721 2251 8720
3 8721 10114 2251
3 2251 10114 9654
3 2252 8475 8476
3 2252 8642 8475
3 2252 8476 9692
3 2252 8640 8642
3 2252 8648 8640
3 2252 8646 8648
3 2252 9692 8646
3 8478 2253 8479
3 8478 9472 2253
3 2253 9889 8479
3 2253 9472 9961
3 2253 9960 9889
3 2253 9961 9960
3 8480 8479 2254
3 2254 8479 9885
3 8480 2254 9467
3 9468 9467 2254
3 9468 2254 9886
3 2254 9885 9886
3 8482 8483 2255
3 8482 2255 9656
3 8483 9657 2255
3 8714 8716 2255
3 8714 2255 9657
3 2255 8716 10122
3 2255 10122 9656
3 2256 8485 8484
3 2256 8484 8486
3 9979 8485 2256
3 9431 2256 8486
3 9430 2256 9431
3 9979 2256 9430
3 2257 8486 8487
3 2257 9429 8486
3 2257 8487 9658
3 8495 2257 8496
3 9427 2257 8495
3 8496 2257 9658
3 9427 9429 2257
3 8488 8490 2258
3 9915 8488 2258
3 9148 2258 8490
3 2258 9148 9149
3 9916 2258 9149
3 9915 2258 9916
3 8489 8488 2259
3 9206 2259 8488
3 8492 8489 2259
3 8493 8492 2259
3 8493 2259 8517
3 8512 8511 2259
3 8511 8517 2259
3 9206 8512 2259
3 8493 2260 8491
3 9023 8491 2260
3 8493 9659 2260
3 8494 8496 2260
3 8494 2260 9659
3 8496 9023 2260
3 8494 2261 8495
3 8494 8497 2261
3 8503 8495 2261
3 8497 8499 2261
3 8499 8504 2261
3 8503 2261 8504
3 8498 8497 2262
3 9659 2262 8497
3 8849 8498 2262
3 8516 8515 2262
3 8515 8849 2262
3 8516 2262 8517
3 9659 8517 2262
3 2263 8499 8498
3 8856 2263 8498
3 2263 8505 8499
3 8505 2263 8506
3 8506 2263 8852
3 2263 8856 8852
3 2264 8500 8502
3 2264 8507 8500
3 8502 8506 2264
3 2264 8506 8853
3 2264 8509 8507
3 8853 8509 2264
3 8500 2265 8501
3 8508 2265 8500
3 8501 2265 8503
3 2265 9427 8503
3 9433 2265 8508
3 2265 9428 9427
3 2265 9433 9428
3 8501 2266 8502
3 2266 8501 8504
3 2266 8505 8502
3 8505 2266 8504
3 2267 8508 8507
3 2267 8507 8510
3 2267 9435 8508
3 2267 8510 9656
3 2267 9437 9435
3 2267 9656 9437
3 2268 8511 8513
3 2268 8516 8511
3 10025 2268 8513
3 2268 8514 8516
3 2268 8518 8514
3 10025 8518 2268
3 2269 8513 8512
3 9205 2269 8512
3 10024 8513 2269
3 9205 9703 2269
3 9704 2269 9703
3 10026 2269 9704
3 10024 2269 10026
3 2270 8515 8514
3 2270 8514 8519
3 2270 8848 8515
3 9789 2270 8519
3 8848 2270 8850
3 8855 8850 2270
3 9789 8855 2270
3 2271 8519 8518
3 2271 8518 9359
3 9358 8519 2271
3 2271 9357 9358
3 9357 2271 9359
3 2272 8520 8521
3 8527 8520 2272
3 2272 8521 9661
3 8527 2272 9664
3 2272 9661 9664
3 2273 8522 8524
3 8525 8522 2273
3 9205 2273 8524
3 9915 8525 2273
3 9205 9206 2273
3 9206 9915 2273
3 2274 8523 8522
3 2274 8522 8526
3 2274 8533 8523
3 2274 8526 8531
3 2274 8531 8530
3 2274 8530 8533
3 2275 8524 8523
3 2275 8523 8535
3 9703 8524 2275
3 2275 8535 9786
3 9705 9703 2275
3 9705 2275 9786
3 2276 8526 8525
3 8525 9916 2276
3 2276 8532 8526
3 2276 10027 8532
3 2276 9916 10027
3 8527 2277 8528
3 8527 9665 2277
3 8528 2277 9777
3 2277 8789 8788
3 9777 2277 8788
3 9665 8789 2277
3 2278 8530 8529
3 2278 8529 8787
3 8534 8530 2278
3 9784 8534 2278
3 9966 2278 8787
3 9784 2278 9966
3 8534 2279 8533
3 2279 8535 8533
3 8534 9785 2279
3 9781 8535 2279
3 9779 9781 2279
3 9779 2279 9785
3 8540 2280 8538
3 2280 9932 8538
3 9890 2280 8540
3 8543 8545 2280
3 9890 8543 2280
3 8545 9932 2280
3 8539 8538 2281
3 2281 8538 9933
3 8542 8539 2281
3 8542 2281 9933
3 8539 2282 8540
3 2282 8539 8541
3 8632 8540 2282
3 2282 8541 8631
3 8630 2282 8631
3 2282 8630 8632
3 2283 8554 8553
3 2283 8553 10141
3 2283 9751 8554
3 2283 10073 9751
3 2283 10074 10073
3 2283 10141 10074
3 8559 8558 2284
3 8561 2284 8558
3 8559 2284 10005
3 8561 10006 2284
3 2284 10006 10005
3 8561 8560 2285
3 8563 2285 8560
3 8561 2285 10028
3 8563 8562 2285
3 8562 10028 2285
3 8570 8569 2286
3 8571 2286 8569
3 8570 2286 9255
3 8571 9260 2286
3 2286 9259 9255
3 2286 9260 9259
3 8573 8572 2287
3 8574 2287 8572
3 8573 2287 8578
3 8574 8577 2287
3 8577 8579 2287
3 8578 2287 8579
3 8574 8575 2288
3 8574 2288 8576
3 8575 9256 2288
3 8576 2288 9258
3 9256 9255 2288
3 9258 2288 9255
3 2289 8585 8584
3 2289 8584 8587
3 2289 8600 8585
3 8587 10178 2289
3 2289 8606 8600
3 2289 10178 8606
3 2290 8587 8586
3 9674 2290 8586
3 2290 10177 8587
3 2290 8590 8589
3 9837 2290 8589
3 2290 9674 8590
3 10177 2290 9837
3 2291 8589 8588
3 9637 2291 8588
3 2291 8605 8589
3 2291 8604 8605
3 2291 9097 8604
3 9637 9097 2291
3 2292 8591 8593
3 9948 8591 2292
3 2292 8593 8597
3 9949 2292 8597
3 9948 2292 9949
3 2293 8593 8592
3 2293 8592 10030
3 2293 8595 8593
3 2293 8596 8595
3 2293 10030 8596
3 2294 8595 8594
3 2294 8594 8598
3 8597 8595 2294
3 2294 9950 8597
3 9950 2294 8598
3 2295 8599 8600
3 8607 8599 2295
3 2295 8600 8601
3 8603 2295 8601
3 8603 9841 2295
3 2295 10123 8607
3 10123 2295 9841
3 2296 8602 8601
3 8606 2296 8601
3 8602 2296 8605
3 2296 9837 8605
3 10176 2296 8606
3 2296 10176 9837
3 8602 2297 8603
3 2297 8602 8604
3 9098 8603 2297
3 8604 9096 2297
3 9096 9098 2297
3 2298 8608 8610
3 2298 10056 8608
3 2298 8610 10076
3 8616 2298 8614
3 2298 9685 8614
3 10056 2298 8616
3 2298 10076 9685
3 8608 2299 8609
3 8608 9628 2299
3 8609 2299 9129
3 9130 9129 2299
3 9627 9130 2299
3 9628 9627 2299
3 8609 2300 8610
3 8706 2300 8609
3 8705 8610 2300
3 8706 8705 2300
3 8613 2301 8611
3 8617 8611 2301
3 8613 9716 2301
3 8617 2301 10138
3 2301 9716 9718
3 2301 9718 10138
3 2302 8612 8611
3 8615 2302 8611
3 2302 10142 8612
3 8615 8614 2302
3 8614 9686 2302
3 2302 9686 10142
3 8613 8612 2303
3 8692 2303 8612
3 8613 2303 9722
3 8692 8691 2303
3 2303 8691 9723
3 2303 9723 9722
3 8615 2304 8616
3 2304 8615 8617
3 9680 8616 2304
3 8617 9679 2304
3 9678 2304 9679
3 2304 9678 9680
3 2305 8626 8625
3 2305 8625 8628
3 2305 8632 8626
3 9890 2305 8628
3 9890 8632 2305
3 8626 2306 8627
3 8630 2306 8626
3 2306 10038 8627
3 2306 8630 8629
3 2306 8629 9691
3 10038 2306 9691
3 2307 8633 8635
3 2307 9799 8633
3 2307 8635 8825
3 2307 8825 8827
3 2307 8827 8834
3 2307 8834 9800
3 2307 9800 9799
3 8636 2308 8637
3 9120 2308 8636
3 9843 8637 2308
3 2308 8832 8831
3 9843 2308 8831
3 9120 8832 2308
3 8641 8640 2309
3 9275 2309 8640
3 8641 2309 9696
3 2309 9274 9273
3 9696 2309 9273
3 9275 9274 2309
3 8641 2310 8642
3 8641 9697 2310
3 2310 8744 8642
3 2310 8745 8744
3 8746 8745 2310
3 9697 8746 2310
3 8645 2311 8643
3 2311 9693 8643
3 9906 2311 8645
3 9694 9693 2311
3 9906 9694 2311
3 2312 8644 8643
3 2312 8643 9278
3 2312 8650 8644
3 2312 10043 8650
3 2312 9278 9277
3 2312 9277 10043
3 8648 8647 2313
3 9817 2313 8647
3 9275 8648 2313
3 9276 9275 2313
3 9276 2313 9532
3 2313 9817 9532
3 2314 8649 8650
3 2314 10109 8649
3 2314 8650 10003
3 2314 9763 9765
3 2314 10002 9763
3 2314 9765 10109
3 2314 10003 10002
3 8656 2315 8657
3 9241 2315 8656
3 9242 8657 2315
3 9241 9242 2315
3 8667 8666 2316
3 9426 2316 8666
3 8667 2316 9418
3 9419 9418 2316
3 9426 9419 2316
3 8667 2317 8668
3 8667 9417 2317
3 2317 9809 8668
3 9828 2317 9417
3 2317 10014 9809
3 9828 10014 2317
3 2318 8669 8670
3 2318 10169 8669
3 2318 8670 10102
3 2318 8674 8675
3 2318 10102 8674
3 10169 2318 8675
3 2319 8672 8671
3 2319 8671 9139
3 2319 8675 8672
3 8684 8675 2319
3 8684 2319 8685
3 2319 9139 8685
3 2320 8673 8672
3 2320 8672 8674
3 10033 8673 2320
3 2320 8674 10034
3 10033 2320 10034
3 8677 8679 2321
3 2321 10156 8677
3 10098 2321 8679
3 8681 8683 2321
3 10098 8681 2321
3 10156 2321 8683
3 8678 2322 8679
3 8678 8680 2322
3 10097 8679 2322
3 8680 9855 2322
3 9855 9854 2322
3 10097 2322 9854
3 8681 2323 8682
3 10099 2323 8681
3 10077 8682 2323
3 10078 10077 2323
3 10078 2323 10099
3 2324 8683 8682
3 9138 2324 8682
3 2324 10007 8683
3 2324 9138 9137
3 9137 10007 2324
3 2325 8684 8686
3 2325 10169 8684
3 2325 8686 8688
3 9855 2325 8688
3 2325 9850 9851
3 2325 9855 9850
3 10169 2325 9851
3 8686 8685 2326
3 9136 2326 8685
3 8686 2326 8687
3 10077 8687 2326
3 9136 9135 2326
3 9138 2326 9135
3 9138 10077 2326
3 8688 8687 2327
3 2327 8687 10078
3 8688 2327 9854
3 2327 10100 9854
3 2327 10078 10100
3 8692 2328 8690
3 8690 2328 9852
3 8692 10142 2328
3 9728 9730 2328
3 9728 2328 10142
3 9852 2328 9730
3 8690 2329 8691
3 8690 9738 2329
3 10035 8691 2329
3 2329 8710 8709
3 9742 2329 8709
3 9736 8710 2329
3 9738 9736 2329
3 9742 10035 2329
3 8693 8695 2330
3 8693 2330 9770
3 8695 8883 2330
3 9768 2330 8883
3 9768 9770 2330
3 2331 8694 8693
3 10044 2331 8693
3 2331 10110 8694
3 8703 2331 8704
3 2331 8703 9733
3 2331 10044 8704
3 10110 2331 9733
3 8695 8694 2332
3 2332 8694 8898
3 2332 8884 8695
3 8884 2332 8885
3 2332 8891 8885
3 2332 8892 8891
3 2332 8898 8892
3 8698 2333 8696
3 8696 2333 8703
3 8700 2333 8698
3 8702 2333 8700
3 8702 9085 2333
3 9087 8703 2333
3 9087 2333 9085
3 8697 8696 2334
3 8704 2334 8696
3 9771 8697 2334
3 2334 8704 9771
3 8698 8697 2335
3 8697 9772 2335
3 8699 8698 2335
3 8699 2335 9166
3 10081 9166 2335
3 10081 2335 9772
3 8700 8699 2336
3 8699 9167 2336
3 8701 8700 2336
3 8701 2336 9170
3 2336 9167 9168
3 9170 2336 9168
3 8702 8701 2337
3 8701 8888 2337
3 8702 2337 9088
3 8888 8887 2337
3 9088 2337 8887
3 8707 2338 8705
3 8705 2338 10076
3 8707 9727 2338
3 10084 2338 9727
3 9731 9732 2338
3 2338 10084 9731
3 9732 10076 2338
3 8707 8706 2339
3 8706 9129 2339
3 2339 9725 8707
3 9131 2339 9129
3 9131 9133 2339
3 9726 2339 9133
3 9725 2339 9726
3 8710 2340 8708
3 2340 8886 8708
3 2340 8710 9737
3 8884 2340 8883
3 2340 9737 8883
3 2340 8884 8886
3 8708 2341 8709
3 2341 8708 8889
3 2341 9741 8709
3 8888 2341 8889
3 8888 9170 2341
3 9170 9169 2341
3 9741 2341 9169
3 8711 8713 2342
3 8711 2342 9168
3 8713 9740 2342
3 2342 9169 9168
3 9740 9169 2342
3 8712 8711 2343
3 8711 9167 2343
3 2343 10084 8712
3 2343 9167 9166
3 10080 2343 9166
3 10085 2343 10080
3 10084 2343 10085
3 8713 8712 2344
3 8712 9727 2344
3 9724 8713 2344
3 2344 9725 9724
3 9725 2344 9727
3 8714 2345 8715
3 8714 10023 2345
3 8715 2345 8717
3 8721 8717 2345
3 8721 2345 10165
3 10165 2345 10023
3 8715 2346 8716
3 8715 8718 2346
3 8716 2346 9976
3 2346 8718 9977
3 2346 9977 9976
3 2347 8718 8717
3 8720 2347 8717
3 2347 10036 8718
3 8720 8719 2347
3 2347 8719 10036
3 8727 8726 2348
3 2348 8726 8728
3 8727 2348 9456
3 8728 9458 2348
3 9456 2348 9457
3 9457 2348 9458
3 8729 2349 8728
3 8728 2349 9862
3 8878 2349 8729
3 8878 8880 2349
3 2349 8880 9867
3 2349 10148 9862
3 2349 9867 10148
3 2350 8731 8730
3 2350 8730 9177
3 2350 8732 8731
3 2350 9891 8732
3 2350 9177 9176
3 2350 9176 9891
3 2351 8736 8735
3 2351 8735 10088
3 2351 8737 8736
3 2351 9184 8737
3 10089 9184 2351
3 10089 2351 10088
3 8739 8738 2352
3 8738 8740 2352
3 8739 2352 9715
3 2352 8740 9714
3 2352 9714 9713
3 2352 9713 9715
3 2353 8760 8759
3 2353 8759 8761
3 2353 8762 8760
3 2353 8761 10091
3 2353 10170 8762
3 2353 10091 10170
3 8765 8764 2354
3 8766 2354 8764
3 8765 2354 8799
3 8769 2354 8766
3 8769 8800 2354
3 2354 8800 8799
3 2355 8766 8767
3 2355 8768 8766
3 2355 8767 9579
3 2355 9578 8768
3 2355 9579 9578
3 2356 8769 8768
3 2356 8768 10041
3 8801 8769 2356
3 9583 8801 2356
3 9584 9583 2356
3 9584 2356 10041
3 2357 8771 8770
3 2357 8770 9618
3 2357 10162 8771
3 10112 2357 9618
3 10112 10159 2357
3 2357 10159 10162
3 2358 8772 8771
3 2358 8771 10163
3 2358 9616 8772
3 2358 8774 8773
3 9616 2358 8773
3 2358 10163 8774
3 2359 8773 8775
3 9463 8773 2359
3 2359 8775 9461
3 2359 9461 9462
3 2359 9462 9463
3 2360 8775 8774
3 10160 2360 8774
3 2360 9744 8775
3 2360 9745 9744
3 9748 9745 2360
3 2360 10160 9748
3 2361 8777 8776
3 8776 9617 2361
3 8777 2361 8780
3 9463 8780 2361
3 2361 9616 9463
3 9616 2361 9617
3 2362 8779 8780
3 2362 9872 8779
3 2362 8780 9462
3 2362 9174 9173
3 2362 9173 9871
3 2362 9462 9174
3 2362 9871 9872
3 8783 8785 2363
3 2363 9904 8783
3 10001 2363 8785
3 9904 2363 9905
3 2363 10001 9905
3 8789 2364 8790
3 8789 9969 2364
3 8900 8790 2364
3 8900 2364 10004
3 2364 9969 9968
3 9968 10004 2364
3 2365 8791 8793
3 8794 8791 2365
3 10039 2365 8793
3 2365 10038 8794
3 10038 2365 10037
3 10039 10037 2365
3 2366 8792 8791
3 8795 2366 8791
3 2366 9823 8792
3 2366 8795 8796
3 9823 2366 8796
3 2367 8793 8792
3 8792 9543 2367
3 2367 8902 8793
3 2367 8903 8902
3 2367 8904 8903
3 2367 9543 8904
3 8797 2368 8796
3 9542 8796 2368
3 9546 2368 8797
3 9542 2368 9540
3 9546 9540 2368
3 2369 8814 8813
3 2369 8813 8815
3 2369 9760 8814
3 2369 8815 9756
3 2369 9756 9755
3 2369 9755 9760
3 8827 8826 2370
3 9117 2370 8826
3 8827 2370 8833
3 8830 2370 8828
3 9115 8828 2370
3 9808 2370 8830
3 8833 2370 9808
3 9115 2370 9117
3 8829 8828 2371
3 9116 2371 8828
3 8831 8829 2371
3 9844 8831 2371
3 9116 10020 2371
3 9844 2371 10020
3 8830 8829 2372
3 8832 2372 8829
3 8830 2372 9122
3 9119 2372 8832
3 9119 9122 2372
3 2373 8840 8839
3 2373 8839 9896
3 2373 8844 8840
3 8847 8844 2373
3 2373 9896 8847
3 2374 8842 8841
3 8846 2374 8841
3 2374 9897 8842
3 2374 8846 8847
3 2374 8847 9897
3 2375 8843 8842
3 2375 8842 9898
3 2375 10012 8843
3 9898 10013 2375
3 2375 10013 10012
3 8848 2376 8849
3 2376 8848 8851
3 2376 8856 8849
3 8856 2376 8851
3 8850 2377 8851
3 8850 8854 2377
3 8851 2377 8852
3 8852 2377 8853
3 8853 2377 8857
3 8857 2377 8854
3 2378 8867 8866
3 2378 8866 8869
3 2378 9587 8867
3 2378 8869 9589
3 2378 9589 9587
3 2379 8869 8868
3 2379 8868 8871
3 2379 10096 8869
3 2379 8871 8873
3 2379 8873 10096
3 2380 8871 8870
3 2380 8870 9576
3 2380 8872 8871
3 2380 8874 8872
3 2380 9576 8874
3 8878 8877 2381
3 8877 9864 2381
3 2381 8879 8878
3 8879 2381 8882
3 8882 2381 9863
3 9864 9863 2381
3 8879 2382 8880
3 2382 8879 8881
3 9866 8880 2382
3 9866 2382 8881
3 2383 8886 8885
3 9090 2383 8885
3 2383 8889 8886
3 2383 8887 8889
3 2383 9089 8887
3 2383 9090 9089
3 2384 8890 8892
3 2384 10111 8890
3 8893 2384 8892
3 8895 2384 8893
3 8895 10111 2384
3 2385 8891 8890
3 2385 8890 9953
3 2385 9090 8891
3 9090 2385 9091
3 2385 9953 9091
3 8894 8893 2386
3 8898 2386 8893
3 8897 8894 2386
3 8897 2386 10110
3 8898 10110 2386
3 8895 8894 2387
3 8896 2387 8894
3 8895 2387 9954
3 8896 9954 2387
3 8896 8897 2388
3 8896 2388 9952
3 8897 9733 2388
3 9087 9086 2388
3 2388 9086 9952
3 9087 2388 9733
3 8900 2389 8901
3 8900 9547 2389
3 2389 9824 8901
3 2389 9547 9546
3 2389 9546 9824
3 2390 8905 8904
3 2390 8904 9544
3 2390 10045 8905
3 2390 9544 9545
3 2390 9545 10045
3 2391 8920 8919
3 9319 2391 8919
3 2391 8921 8920
3 9318 8921 2391
3 9318 2391 9319
3 2392 8924 8923
3 9983 2392 8923
3 9988 8924 2392
3 9983 9982 2392
3 9982 9990 2392
3 10126 9988 2392
3 10126 2392 9990
3 2393 8926 8925
3 9984 2393 8925
3 2393 9496 8926
3 2393 9497 9496
3 9986 9497 2393
3 9984 9986 2393
3 2394 8934 8933
3 2394 8933 9028
3 9158 8934 2394
3 9028 9928 2394
3 2394 9929 9158
3 9929 2394 9928
3 8939 2395 8940
3 8942 2395 8939
3 8940 2395 9601
3 8942 9806 2395
3 9601 2395 9806
3 8946 8945 2396
3 8945 10014 2396
3 8948 8946 2396
3 8948 2396 10137
3 10137 2396 10014
3 8951 2397 8952
3 8951 8955 2397
3 8952 2397 8956
3 9573 2397 8955
3 9572 8956 2397
3 9572 2397 9573
3 8952 2398 8953
3 8952 8957 2398
3 8953 2398 8954
3 8954 2398 9961
3 8957 9962 2398
3 2398 9959 9961
3 9959 2398 9962
3 2399 8964 8963
3 2399 8963 9815
3 2399 8965 8964
3 2399 8966 8965
3 2399 9815 8966
3 2400 8967 8968
3 8970 8967 2400
3 2400 8968 9317
3 8969 8970 2400
3 8969 2400 9318
3 9318 2400 9317
3 8973 8972 2401
3 8972 10034 2401
3 8974 8973 2401
3 8974 2401 9594
3 9594 2401 10102
3 10034 10102 2401
3 8983 2402 8984
3 9481 2402 8983
3 2402 9580 8984
3 9481 9825 2402
3 9580 2402 9582
3 9582 2402 9825
3 2403 8987 8986
3 2403 8986 9648
3 2403 8989 8987
3 2403 8990 8989
3 2403 9648 8990
3 2404 8989 8988
3 2404 8988 8992
3 2404 8991 8989
3 2404 9879 8991
3 2404 8992 9879
3 8995 8994 2405
3 9507 2405 8994
3 9816 8995 2405
3 8996 2405 8997
3 9816 2405 8996
3 8997 2405 9511
3 9507 9511 2405
3 2406 9008 9007
3 9007 9011 2406
3 2406 9009 9008
3 2406 9154 9009
3 9156 2406 9011
3 2406 9156 9154
3 2407 9014 9013
3 2407 9013 9015
3 9016 9014 2407
3 9912 2407 9015
3 9912 9016 2407
3 9028 9029 2408
3 2408 10079 9028
3 10049 2408 9029
3 2408 9030 9031
3 2408 10049 9030
3 10079 2408 9031
3 2409 9038 9037
3 9041 2409 9037
3 2409 10132 9038
3 9043 2409 9041
3 9043 10132 2409
3 2410 9041 9040
3 9040 9613 2410
3 9041 2410 9042
3 9042 2410 9045
3 9045 2410 9826
3 10061 2410 9613
3 2410 10061 9826
3 2411 9052 9054
3 2411 9829 9052
3 9846 2411 9054
3 9055 9057 2411
3 9845 9055 2411
3 9829 2411 9057
3 9845 2411 9846
3 2412 9053 9052
3 2412 9052 9830
3 2412 9684 9053
3 2412 9945 9684
3 2412 9830 9946
3 2412 9946 9945
3 9054 9053 2413
3 9683 2413 9053
3 9717 9054 2413
3 9682 2413 9683
3 9682 9718 2413
3 9718 9717 2413
3 9055 2414 9056
3 9132 2414 9055
3 9059 9056 2414
3 9130 9059 2414
3 9131 9130 2414
3 9131 2414 9132
3 9056 2415 9057
3 9056 9058 2415
3 9420 9057 2415
3 9417 2415 9058
3 9418 2415 9417
3 9420 2415 9418
3 9060 2416 9061
3 9060 9067 2416
3 9312 9061 2416
3 10070 2416 9067
3 9313 9312 2416
3 10070 9313 2416
3 9063 2417 9064
3 9063 9065 2417
3 9064 2417 9067
3 10071 2417 9065
3 10071 9067 2417
3 9065 9066 2418
3 10069 9065 2418
3 10147 2418 9066
3 9311 2418 9309
3 10147 9309 2418
3 10069 2418 9311
3 2419 9073 9075
3 10153 9073 2419
3 2419 9075 9078
3 10155 2419 9078
3 10153 2419 10154
3 2419 10155 10154
3 2420 9074 9073
3 9893 2420 9073
3 2420 9079 9074
3 2420 9894 9079
3 9893 9892 2420
3 2420 9892 9894
3 2421 9077 9076
3 9795 2421 9076
3 2421 9078 9077
3 9796 9078 2421
3 9795 9796 2421
3 9080 9082 2422
3 9080 2422 10117
3 9082 10167 2422
3 10118 10117 2422
3 2422 10167 10118
3 9085 2423 9086
3 9088 2423 9085
3 2423 9951 9086
3 9088 9089 2423
3 9089 9091 2423
3 9951 2423 9091
3 9094 9093 2424
3 9093 9859 2424
3 9094 2424 9994
3 2424 9859 9858
3 2424 9858 10145
3 2424 10129 9994
3 2424 10145 10129
3 9095 9094 2425
3 9094 9991 2425
3 9095 2425 9982
3 2425 9989 9982
3 2425 9991 9989
3 9115 2426 9116
3 9115 9118 2426
3 9645 9116 2426
3 2426 9118 9555
3 2426 9555 9645
3 9121 2427 9122
3 9568 2427 9121
3 2427 9808 9122
3 9568 9569 2427
3 9569 9808 2427
3 9123 9124 2428
3 9840 9123 2428
3 10058 2428 9124
3 2428 9125 9126
3 2428 10058 9125
3 2428 9126 9838
3 9839 2428 9838
3 2428 9839 9840
3 9132 2429 9133
3 9132 9845 2429
3 2429 9734 9133
3 9719 2429 9720
3 9734 2429 9719
3 9720 2429 9845
3 9150 2430 9151
3 9925 2430 9150
3 9152 9151 2430
3 9153 9152 2430
3 9925 9153 2430
3 2431 9175 9174
3 2431 9174 9461
3 2431 9176 9175
3 9743 9176 2431
3 2431 9461 9744
3 2431 9744 9743
3 2432 9192 9191
3 2432 9191 9194
3 2432 9193 9192
3 2432 9196 9193
3 2432 9194 9196
3 9197 2433 9198
3 9391 2433 9197
3 9364 9198 2433
3 9365 9364 2433
3 9365 2433 9394
3 9391 9394 2433
3 2434 9199 9198
3 9366 2434 9198
3 2434 9202 9199
3 2434 9939 9202
3 9366 9368 2434
3 2434 9368 9939
3 2435 9201 9200
3 2435 9200 10017
3 9390 9201 2435
3 2435 9360 9361
3 2435 10017 9360
3 2435 9361 10104
3 9390 2435 10104
3 9211 9210 2436
3 2436 9210 9298
3 9212 9211 2436
3 9212 2436 9213
3 9298 9213 2436
3 9238 2437 9239
3 2437 9238 9240
3 2437 9242 9239
3 2437 9240 9247
3 2437 9243 9242
3 2437 9244 9243
3 2437 9247 9244
3 2438 9245 9244
3 2438 9244 9246
3 2438 10042 9245
3 9702 2438 9246
3 9702 10042 2438
3 2439 9248 9250
3 9564 9248 2439
3 2439 9250 9251
3 9254 2439 9251
3 9566 2439 9254
3 2439 9566 9564
3 2440 9250 9249
3 2440 9249 9681
3 2440 9252 9250
3 2440 9678 9252
3 9678 2440 9681
3 2441 9251 9252
3 2441 9253 9251
3 9679 2441 9252
3 2441 9682 9253
3 10138 2441 9679
3 2441 10138 9682
3 2442 9272 9274
3 2442 9277 9272
3 9276 2442 9274
3 9276 9533 2442
3 2442 9531 9277
3 2442 9530 9531
3 2442 9533 9530
3 2443 9273 9272
3 2443 9272 9278
3 9695 9273 2443
3 2443 9278 9693
3 9695 2443 9693
3 2444 9286 9288
3 9556 9286 2444
3 2444 9288 9289
3 9948 2444 9289
3 9556 2444 9557
3 9948 9557 2444
3 2445 9296 9297
3 9299 9296 2445
3 2445 9297 9298
3 2445 9298 10075
3 9299 2445 10072
3 2445 10073 10072
3 2445 10075 10073
3 9304 9303 2446
3 2446 9303 9306
3 2446 9921 9304
3 2446 9306 9924
3 9924 9921 2446
3 9310 9309 2447
3 10009 2447 9309
3 9315 9310 2447
3 9919 9315 2447
3 9919 2447 9920
3 10009 9920 2447
3 9311 9310 2448
3 9314 2448 9310
3 10068 9311 2448
3 9314 9313 2448
3 10068 2448 9313
3 9314 2449 9312
3 9316 9312 2449
3 9315 2449 9314
3 9922 2449 9315
3 9924 9316 2449
3 9923 2449 9922
3 2449 9923 9924
3 2450 9322 9321
3 2450 9321 9324
3 2450 9327 9322
3 2450 9324 9646
3 2450 9645 9327
3 2450 10020 9645
3 2450 9646 10020
3 2451 9326 9325
3 2451 9325 9327
3 9554 9326 2451
3 9555 2451 9327
3 9554 2451 9555
3 2452 9332 9331
3 2452 9331 9333
3 9956 9332 2452
3 9956 2452 9333
3 9354 2453 9352
3 2453 9773 9352
3 2453 9354 9356
3 2453 9356 9775
3 2453 9774 9773
3 2453 9775 9774
3 2454 9353 9352
3 10046 2454 9352
3 9353 2454 9358
3 9789 9358 2454
3 2454 10046 9789
3 9353 2455 9354
3 2455 9353 9357
3 2455 9355 9354
3 9355 2455 9357
3 9355 2456 9356
3 2456 9355 9359
3 9788 9356 2456
3 2456 9359 10025
3 9788 2456 10024
3 2456 10025 10024
3 2457 9362 9363
3 2457 9369 9362
3 2457 9363 9938
3 2457 9368 9367
3 9370 2457 9367
3 2457 9938 9368
3 2457 9370 9369
3 9369 9371 2458
3 10103 9369 2458
3 9373 2458 9371
3 9375 2458 9373
3 10104 2458 9375
3 10104 10103 2458
3 9370 2459 9371
3 2459 9370 9372
3 9376 9371 2459
3 9383 2459 9372
3 2459 9528 9376
3 9528 2459 9383
3 9374 9373 2460
3 9376 2460 9373
3 9374 2460 9382
3 9525 2460 9376
3 2460 9525 9382
3 9374 2461 9375
3 2461 9374 9381
3 9390 9375 2461
3 2461 9381 9389
3 9388 2461 9389
3 9388 9390 2461
3 9378 9377 2462
3 9379 2462 9377
3 9383 9378 2462
3 9527 2462 9379
3 2462 9527 9383
3 9379 9380 2463
3 2463 9526 9379
3 9380 10105 2463
3 9382 2463 9381
3 9381 2463 10105
3 9526 2463 9382
3 9385 9384 2464
3 9387 2464 9384
3 9385 2464 9392
3 9387 9450 2464
3 9392 2464 9448
3 9449 9448 2464
3 9450 9449 2464
3 9394 9393 2465
3 9393 9451 2465
3 9394 2465 10106
3 9451 9450 2465
3 10106 2465 9450
3 2466 9399 9400
3 2466 10108 9399
3 2466 9400 9943
3 2466 9401 9403
3 2466 9944 9401
3 2466 9403 10108
3 2466 9943 9944
3 2467 9402 9401
3 9401 9407 2467
3 2467 9404 9402
3 9406 9404 2467
3 9407 9406 2467
3 2468 9403 9402
3 9405 2468 9402
3 2468 10067 9403
3 9405 9842 2468
3 2468 9842 10066
3 2468 10066 10067
3 9407 2469 9408
3 9407 9944 2469
3 9408 2469 9940
3 2469 9941 9940
3 2469 9944 9941
3 9420 9419 2470
3 9419 9947 2470
3 9829 9420 2470
3 9829 2470 9830
3 9830 2470 9947
3 9423 2471 9421
3 2471 9827 9421
3 9423 9946 2471
3 9426 9425 2471
3 9827 2471 9425
3 9426 2471 9947
3 9946 9947 2471
3 9423 9422 2472
3 9424 2472 9422
3 9423 2472 9945
3 9424 9810 2472
3 9945 2472 9810
3 2473 9429 9428
3 2473 9428 9434
3 2473 9431 9429
3 2473 9432 9431
3 2473 9434 9432
3 2474 9430 9432
3 9978 9430 2474
3 9436 2474 9432
3 2474 9436 9437
3 2474 9437 10122
3 9978 2474 9976
3 2474 10122 9976
3 9433 2475 9434
3 2475 9433 9435
3 2475 9436 9434
3 9436 2475 9435
3 9441 9440 2476
3 2476 9440 9901
3 9443 9441 2476
3 9443 2476 9444
3 2476 9902 9444
3 2476 9901 9900
3 2476 9900 9902
3 2477 9453 9454
3 9746 9453 2477
3 9891 2477 9454
3 9743 9745 2477
3 9891 9743 2477
3 9745 9746 2477
3 9457 2478 9455
3 2478 10112 9455
3 2478 9457 9459
3 2478 9459 9460
3 10158 2478 9460
3 2478 10158 10112
3 2479 9464 9465
3 2479 10164 9464
3 2479 9465 10114
3 9468 2479 9466
3 10165 9466 2479
3 10164 2479 9468
3 10165 2479 10114
3 9471 2480 9469
3 9469 2480 9964
3 10131 2480 9471
3 9882 9884 2480
3 9882 2480 9887
3 9884 9964 2480
3 10131 9887 2480
3 9470 9469 2481
3 9469 9963 2481
3 10115 9470 2481
3 9962 2481 9963
3 10115 2481 9962
3 9478 2482 9477
3 9479 9477 2482
3 9478 9973 2482
3 9479 2482 9825
3 10121 9825 2482
3 2482 9973 9974
3 10121 2482 9974
3 2483 9495 9497
3 2483 9503 9495
3 2483 9497 10166
3 2483 10125 9503
3 2483 10126 10125
3 2483 10166 10126
3 2484 9496 9495
3 2484 9495 9504
3 2484 9498 9496
3 2484 9500 9498
3 2484 9501 9500
3 2484 9504 9501
3 2485 9504 9503
3 9834 2485 9503
3 2485 9505 9504
3 9832 9505 2485
3 9834 9832 2485
3 9508 9510 2486
3 2486 9869 9508
3 9510 9511 2486
3 9512 2486 9511
3 9868 2486 9512
3 9869 2486 9868
3 2487 9515 9514
3 10000 2487 9514
3 9984 9515 2487
3 2487 9520 9519
3 9985 2487 9519
3 2487 10000 9520
3 2487 9985 9984
3 9525 2488 9526
3 2488 9525 9528
3 2488 9527 9526
3 9527 2488 9528
3 9541 9540 2489
3 9547 2489 9540
3 9545 9541 2489
3 10168 9545 2489
3 9547 10004 2489
3 10168 2489 10004
3 2490 9542 9541
3 9544 2490 9541
3 2490 9823 9542
3 2490 9544 9543
3 9823 2490 9543
3 2491 9550 9549
3 9690 2491 9549
3 2491 9688 9550
3 9689 9688 2491
3 9690 9689 2491
3 9552 9551 2492
3 9867 2492 9551
3 9553 9552 2492
3 9865 9553 2492
3 9865 2492 9866
3 9866 2492 9867
3 2493 9588 9589
3 10010 9588 2493
3 10096 2493 9589
3 9620 9619 2493
3 10010 2493 9619
3 9620 2493 10096
3 2494 9612 9611
3 9611 9614 2494
3 9613 9612 2494
3 9613 2494 10060
3 9913 2494 9614
3 2494 9913 9914
3 9914 10060 2494
3 9621 2495 9622
3 9621 9623 2495
3 9622 2495 9624
3 9623 10140 2495
3 2495 10140 9624
3 9649 2496 9650
3 9649 9652 2496
3 2496 9651 9650
3 2496 9932 9651
3 9933 2496 9652
3 9933 9932 2496
3 9660 2497 9661
3 2497 9660 9662
3 9666 9661 2497
3 9662 9782 2497
3 9666 2497 9783
3 9782 9783 2497
3 9662 9663 2498
3 2498 10149 9662
3 9663 10152 2498
3 9705 2498 9704
3 9704 2498 10152
3 10149 2498 9705
3 2499 9665 9664
3 2499 9664 9666
3 9665 2499 9969
3 9787 2499 9666
3 2499 9785 9784
3 9967 2499 9784
3 2499 9787 9785
3 2499 9967 9969
3 2500 9668 9667
3 9667 9672 2500
3 9668 2500 9669
3 9670 9669 2500
3 9671 9670 2500
3 9672 9671 2500
3 9674 2501 9675
3 2501 9674 9676
3 9677 9675 2501
3 9676 10029 2501
3 9677 2501 10030
3 10029 10030 2501
3 2502 9686 9685
3 2502 9685 9732
3 2502 9728 9686
3 2502 9729 9728
3 2502 9732 9729
3 9694 2503 9695
3 9694 10031 2503
3 9695 2503 9696
3 9696 2503 9697
3 10031 9697 2503
3 2504 9699 9698
3 2504 9698 9701
3 2504 9700 9699
3 2504 9701 9700
3 9707 2505 9708
3 9707 9710 2505
3 10032 9708 2505
3 9710 9709 2505
3 10032 2505 9709
3 9717 9716 2506
3 9716 9722 2506
3 9717 2506 9846
3 9720 2506 9721
3 9720 9846 2506
3 9721 2506 9722
3 9719 9721 2507
3 9735 9719 2507
3 2507 9721 9723
3 2507 9723 10035
3 2507 10035 9735
3 9724 9726 2508
3 9724 2508 9740
3 9734 2508 9726
3 2508 9734 9735
3 2508 9735 9742
3 9740 2508 9741
3 2508 9742 9741
3 9729 2509 9730
3 2509 9729 9731
3 9853 9730 2509
3 9731 10085 2509
3 2509 10150 9853
3 10150 2509 10085
3 2510 9737 9736
3 9739 2510 9736
3 9768 9737 2510
3 9739 10082 2510
3 9768 2510 9769
3 9769 2510 10082
3 2511 9739 9738
3 9852 2511 9738
3 2511 10083 9739
3 9853 2511 9852
3 9853 10083 2511
3 2512 9747 9746
3 2512 9746 9748
3 2512 10158 9747
3 9748 10161 2512
3 10159 10158 2512
3 10159 2512 10161
3 2513 9754 9753
3 2513 9753 10042
3 9907 9754 2513
3 9908 9907 2513
3 9908 2513 10042
3 2514 9757 9756
3 2514 9756 9758
3 2514 9759 9757
3 2514 9758 9759
3 2515 9770 9769
3 2515 9769 10151
3 2515 10044 9770
3 2515 9772 9771
3 10044 2515 9771
3 2515 10151 9772
3 9776 9775 2516
3 9788 2516 9775
3 9776 2516 10152
3 9788 10026 2516
3 10026 10152 2516
3 2517 9780 9779
3 9787 2517 9779
3 9780 2517 9783
3 2517 9787 9783
3 9780 2518 9781
3 9780 9782 2518
3 9781 2518 9786
3 9782 10149 2518
3 2518 10149 9786
3 2519 9795 9794
3 2519 9794 9798
3 2519 9797 9795
3 2519 9798 9797
3 9811 2520 9812
3 2520 9811 10054
3 2520 9813 9812
3 2520 9814 9813
3 2520 10054 9814
3 9819 9818 2521
3 2521 9818 9820
3 9819 2521 10095
3 2521 9820 9821
3 2521 9821 10095
3 9833 9832 2522
3 9835 2522 9832
3 9836 9833 2522
3 9835 9993 2522
3 9836 2522 10127
3 2522 9993 10127
3 9835 9834 2523
3 9834 10125 2523
3 9835 2523 9992
3 2523 9990 9989
3 2523 9989 9992
3 2523 10125 9990
3 9856 9857 2524
3 2524 10172 9856
3 10146 2524 9857
3 9860 2524 9858
3 2524 10146 9858
3 10172 2524 9860
3 2525 9860 9859
3 2525 9859 9861
3 2525 10174 9860
3 10016 2525 9861
3 10016 10015 2525
3 10015 10174 2525
3 9882 2526 9883
3 9882 9888 2526
3 9883 2526 9886
3 9886 2526 10164
3 9888 10164 2526
3 9883 2527 9884
3 9883 9885 2527
3 10092 9884 2527
3 9885 9889 2527
3 10092 2527 9889
3 2528 9896 9895
3 10171 2528 9895
3 2528 9897 9896
3 2528 9898 9897
3 2528 10171 9898
3 9951 2529 9952
3 2529 9951 9953
3 9954 9952 2529
3 10111 2529 9953
3 10111 9954 2529
3 9959 2530 9960
3 9959 9963 2530
3 10092 9960 2530
3 9963 9964 2530
3 10092 2530 9964
3 2531 9966 9965
3 2531 9965 10045
3 2531 9967 9966
3 9967 2531 9968
3 2531 10168 9968
3 2531 10045 10168
3 9978 9977 2532
3 2532 9977 10036
3 9978 2532 9979
3 9979 2532 9980
3 2532 10036 9980
3 2533 9986 9985
3 2533 9985 9987
3 2533 10166 9986
3 2533 9987 9988
3 2533 9988 10166
3 2534 9992 9991
3 2534 9991 9994
3 9992 2534 9993
3 10128 9993 2534
3 10128 2534 9994
3 2535 9996 9995
3 9999 2535 9995
3 9996 2535 9997
3 2535 9999 9997
3 2536 10052 10051
3 2536 10051 10054
3 2536 10053 10052
3 2536 10054 10053
3 10060 2537 10061
3 10060 10063 2537
3 10061 2537 10062
3 10062 2537 10063
3 10068 2538 10069
3 2538 10068 10070
3 2538 10071 10069
3 10071 2538 10070
3 2539 10080 10081
3 2539 10150 10080
3 2539 10081 10151
3 2539 10082 10083
3 2539 10151 10082
3 10150 2539 10083
3 10097 2540 10098
3 10097 10100 2540
3 10098 2540 10099
3 10099 2540 10100
3 10128 2541 10127
3 2541 10130 10127
3 2541 10128 10129
3 10143 2541 10129
3 2541 10143 10130
3 10133 10132 2542
3 10134 2542 10132
3 10135 10133 2542
3 10135 2542 10134
3 10143 2543 10144
3 2543 10143 10145
3 2543 10146 10144
3 10146 2543 10145
3 2544 10161 10160
3 2544 10160 10163
3 2544 10162 10161
3 2544 10163 10162
3 10172 2545 10173
3 2545 10172 10174
3 10173 2545 10175
3 2545 10174 10175
3 2546 10177 10176
3 2546 10176 10178
3 10178 10177 2546
3 2548 2549 2547
3 2780 2547 3955
3 2548 4542 6910
3 6160 6161 2549
3 2551 2552 2550
3 7556 2550 3833
3 2551 4587 7476
3 2552 3852 4634
3 2555 2553 2554
3 2553 7685 8806
3 2554 3082 4937
3 2555 3207 3208
3 2558 2556 2557
3 4680 2556 4681
3 7014 2557 8030
3 4775 2558 4774
3 2561 2559 2560
3 3339 3340 2559
3 9114 2560 7957
3 7039 2561 3641
3 2562 2563 2564
3 2562 3278 6793
3 2563 3076 3952
3 4373 2564 6284
3 2567 2565 2566
3 8422 9474 2565
3 2584 2566 2583
3 7474 6565 2567
3 2570 2568 2569
3 6853 5867 2568
3 6242 2569 6243
3 2570 2975 7553
3 2573 2571 2572
3 2571 4547 3331
3 4147 4146 2572
3 4400 2700 2573
3 2576 2574 2575
3 2574 7040 7037
3 2575 5974 5836
3 2576 4759 6191
3 2578 2579 2577
3 9414 6595 2577
3 2578 2681 2680
3 4005 4006 2579
3 2580 2581 2582
3 4566 7357 2580
3 2581 5366 5699
3 6315 3133 2582
3 2583 4133 4132
3 6143 2584 5200
3 2587 2585 2586
3 2585 5183 4057
3 2586 3756 3757
3 2587 6020 5532
3 2589 2590 2588
3 2588 5239 3874
3 2589 4350 7594
3 2590 5398 9172
3 2591 2592 2593
3 3625 4125 2591
3 2592 2642 2643
3 2640 4457 2593
3 2595 2596 2594
3 5936 5550 2594
3 2595 6713 6809
3 2596 5329 7501
3 2597 2598 2599
3 6111 2597 6112
3 5973 2598 3032
3 2599 3038 3039
3 2602 2600 2601
3 6733 2600 7527
3 2866 2601 2867
3 2602 8949 9937
3 2603 2604 2605
3 2603 2733 2734
3 3409 2604 3410
3 3093 3094 2605
3 2608 2606 2607
3 3674 2606 3673
3 3265 3290 2607
3 2608 5456 5455
3 2609 2610 2611
3 3027 3028 2609
3 2610 7314 3246
3 7585 2611 2878
3 2612 2613 2614
3 7257 5883 2612
3 3750 2613 9493
3 4738 2614 3749
3 2615 2616 2617
3 6378 2615 6377
3 7693 2616 6509
3 6983 5287 2617
3 2618 2619 2620
3 2618 6264 4562
3 4980 2619 4979
3 2620 2853 3582
3 2623 2621 2622
3 3650 9605 2621
3 8219 3251 2622
3 2930 2623 2929
3 2626 2624 2625
3 6999 2624 5609
3 7107 2625 7108
3 7104 6828 2626
3 2627 2628 2629
3 4202 2627 4431
3 2628 6417 5819
3 3239 2629 3238
3 2631 2632 2630
3 3155 3156 2630
3 2631 3762 3761
3 6030 5557 2632
3 2633 2634 2635
3 5575 6470 2633
3 3985 2856 2634
3 7161 7162 2635
3 2636 2637 2638
3 5516 2636 5143
3 6135 2637 3797
3 3814 2638 3995
3 2640 2641 2639
3 2639 7425 3181
3 2641 2643 7535
3 3541 2642 3542
3 2644 2645 2646
3 4541 3581 2644
3 2645 2957 3710
3 2646 3549 4522
3 2648 2649 2647
3 2647 7141 8223
3 6531 2648 3839
3 4282 4283 2649
3 2652 2650 2651
3 2650 5888 5887
3 2651 4453 4452
3 2652 2904 4088
3 2653 2654 2655
3 3552 2653 6948
3 2654 5309 5310
3 3610 2655 3537
3 2658 2656 2657
3 7371 8150 2656
3 8151 9189 2657
3 8738 2658 8740
3 2661 2659 2660
3 3667 2659 4166
3 3334 4632 2660
3 2661 3927 3926
3 2662 2663 2664
3 2662 6754 6753
3 2829 2828 2663
3 5260 5643 2664
3 2666 2667 2665
3 3834 2665 6280
3 4007 5329 2666
3 6553 2667 6809
3 2670 2668 2669
3 4385 2668 3762
3 3400 6549 2669
3 5387 2670 5386
3 2671 2672 2673
3 6152 6193 2671
3 9536 2672 5441
3 4039 4703 2673
3 2676 2674 2675
3 5776 5777 2674
3 5418 3196 2675
3 6695 2676 4025
3 2678 2679 2677
3 7994 7995 2677
3 2986 2987 2678
3 7985 7986 2679
3 4005 2680 9203
3 3151 2681 2689
3 2682 2683 2684
3 2682 5089 4538
3 7874 2683 7872
3 2684 3374 5835
3 2687 2685 2686
3 6122 2685 6121
3 2686 4212 7958
3 3340 4970 2687
3 2690 2688 2689
3 3568 2688 3911
3 2690 6595 6594
3 2693 2691 2692
3 2691 9414 7113
3 2692 3713 6735
3 2693 4264 4265
3 2696 2694 2695
3 6051 5923 2694
3 2695 5545 5544
3 3626 2696 6758
3 2699 2697 2698
3 2697 9236 7369
3 2698 3243 3244
3 2699 4072 4073
3 2700 2701 2702
3 2701 5563 5562
3 9207 2702 3884
3 2705 2703 2704
3 8653 2703 9006
3 5571 2704 6082
3 2705 2934 2935
3 2708 2706 2707
3 5679 4504 2706
3 2707 8639 6440
3 5534 5171 2708
3 2709 2710 2711
3 8028 8029 2709
3 2710 6325 5010
3 3784 2711 3783
3 2714 2712 2713
3 7290 2712 5234
3 2713 3937 3936
3 2714 7613 4297
3 2715 2716 2717
3 2715 4893 4894
3 2754 2753 2716
3 2717 7265 7940
3 2718 2719 2720
3 2718 4250 4251
3 4320 2719 4321
3 2720 6493 6492
3 2723 2721 2722
3 2812 2813 2721
3 5486 2722 5487
3 3650 2723 3649
3 2726 2724 2725
3 2724 5709 2932
3 4889 2725 4888
3 2726 3933 3932
3 2729 2727 2728
3 4424 4423 2727
3 8319 2728 8348
3 4872 4873 2729
3 2731 2732 2730
3 2730 4996 6837
3 4912 2731 4913
3 8044 2732 4344
3 2733 5253 5254
3 3434 3435 2734
3 2735 2736 2737
3 2735 3041 3040
3 3779 3008 2736
3 6785 4911 2737
3 2738 2739 2740
3 4308 2738 4307
3 2739 3510 5837
3 5821 2740 3010
3 2743 2741 2742
3 5185 2741 5184
3 7189 7188 2742
3 2743 7131 7132
3 2744 2745 2746
3 2744 6332 6333
3 8287 5592 2745
3 5862 5863 2746
3 2747 2748 2749
3 2747 4515 3888
3 6205 2748 6204
3 8911 2749 6537
3 2752 2750 2751
3 4204 4205 2750
3 4631 2751 4630
3 4400 4741 2752
3 6503 2753 6502
3 5021 3362 2754
3 2755 2756 2757
3 9981 9490 2755
3 2823 2756 2824
3 2757 8196 8937
3 2758 2759 2760
3 3715 3224 2758
3 2759 3520 4501
3 2760 3254 4306
3 2761 2762 2763
3 3812 2761 4866
3 6787 7137 2762
3 3627 3626 2763
3 2764 2765 2766
3 3823 6430 2764
3 2765 6075 6076
3 5722 5723 2766
3 2769 2767 2768
3 9021 4132 2767
3 2768 5523 5182
3 6608 4938 2769
3 2770 2771 2772
3 4844 4845 2770
3 2771 4779 4780
3 7911 2772 8821
3 2775 2773 2774
3 7610 5796 2773
3 8036 2774 6485
3 2775 9539 9538
3 2778 2776 2777
3 2776 6446 6447
3 2777 6556 3902
3 2778 2964 2963
3 2779 2780 2781
3 2779 5975 4543
3 3384 2781 2907
3 2784 2782 2783
3 3712 2782 3711
3 5421 2783 6884
3 2784 9031 9030
3 2787 2785 2786
3 4444 2785 4443
3 6368 3172 2786
3 7572 9142 2787
3 2788 2789 2790
3 5333 2788 5334
3 5394 5395 2789
3 2790 7391 7392
3 2793 2791 2792
3 5450 4231 2791
3 5814 6324 2792
3 4753 4754 2793
3 2794 2795 2796
3 2794 3766 3767
3 2795 5126 5654
3 2796 7415 9279
3 2799 2797 2798
3 3096 2797 3095
3 3851 3852 2798
3 5640 2799 4879
3 2802 2800 2801
3 8914 3774 2800
3 3813 2801 3147
3 5189 2802 5188
3 2803 2804 2805
3 2803 3461 3462
3 2804 3002 3066
3 5857 2805 6026
3 2808 2806 2807
3 6381 3342 2806
3 2807 6800 6799
3 2808 3539 3540
3 2809 2810 2811
3 2809 5072 5073
3 2810 3471 4245
3 2811 3512 3513
3 4007 2812 2930
3 3835 2813 3834
3 2815 2816 2814
3 2814 7260 6842
3 7491 2815 5348
3 6897 6896 2816
3 2818 2819 2817
3 2817 4772 4773
3 8475 2818 8476
3 6724 2819 6723
3 2822 2820 2821
3 4302 5937 2820
3 2821 4720 3533
3 4608 2951 2822
3 2823 8172 8173
3 5205 6176 2824
3 2827 2825 2826
3 2825 4290 4291
3 2826 6534 6342
3 2827 5002 5003
3 5128 2828 5129
3 5731 4744 2829
3 2831 2832 2830
3 6610 2830 6609
3 9350 7615 2831
3 3936 4544 2832
3 2835 2833 2834
3 9027 2833 7246
3 6425 2834 6426
3 2835 3661 3662
3 2837 2838 2836
3 6235 2836 6029
3 2837 5169 5170
3 9750 2838 7886
3 2839 2840 2841
3 5997 2839 5996
3 5246 3865 2840
3 6885 2841 7183
3 2842 2843 2844
3 6199 2842 6690
3 2910 2843 2909
3 6171 6990 2844
3 2845 2846 2847
3 2845 5172 6060
3 2846 5729 5353
3 2847 3808 7007
3 2848 2849 2850
3 9226 2848 9225
3 2849 4602 4603
3 2850 6124 3802
3 2853 2851 2852
3 2851 4377 4376
3 7229 7231 2852
3 2854 2855 2856
3 4050 4051 2854
3 7547 2855 6388
3 2858 2859 2857
3 4010 2857 4009
3 2858 4091 7036
3 2859 5652 2945
3 2860 2861 2862
3 2860 2874 2875
3 2861 6185 6184
3 2862 6182 6149
3 2865 2863 2864
3 3912 2863 7187
3 5123 5124 2864
3 2865 4794 7469
3 8950 2866 9036
3 6734 2867 6732
3 2868 2869 2870
3 6312 2868 6311
3 7027 2869 7460
3 2870 5016 5015
3 2871 2872 2873
3 7285 2871 9185
3 3654 3653 2872
3 7858 4489 2873
3 4548 3058 2874
3 5093 2875 5094
3 2878 2876 2877
3 3245 2876 3246
3 2877 4118 4117
3 2879 2880 2881
3 9535 6209 2879
3 2880 4058 4059
3 2881 6263 6160
3 2882 2883 2884
3 6340 2882 6339
3 4745 2883 6510
3 4049 8932 2884
3 2887 2885 2886
3 4079 2885 4217
3 3722 2886 3721
3 2887 5051 5052
3 2888 2889 2890
3 6835 2888 5480
3 6605 2889 6606
3 6014 2890 6962
3 2892 2893 2891
3 3948 2891 3949
3 7013 2892 6631
3 5000 2893 5917
3 2896 2894 2895
3 2894 4557 4556
3 2895 5507 7549
3 6667 4371 2896
3 2897 2898 2899
3 5362 2897 7582
3 4112 4113 2898
3 2899 7503 7502
3 2902 2900 2901
3 5381 5382 2900
3 2901 7262 7034
3 4692 2902 7845
3 2905 2903 2904
3 3293 2903 4553
3 2905 4452 3996
3 2906 2907 2908
3 7777 2906 7775
3 2908 6479 6478
3 6467 6718 2909
3 4801 4574 2910
3 2911 2912 2913
3 5586 2911 5585
3 5017 5018 2912
3 7602 2913 5684
3 2916 2914 2915
3 7248 5011 2914
3 4279 2915 4278
3 5081 2916 7313
3 2918 2919 2917
3 2917 5491 4779
3 4845 7079 2918
3 5959 6508 2919
3 2922 2920 2921
3 2920 4932 4931
3 7125 5736 2921
3 5305 5306 2922
3 2923 2924 2925
3 7733 7734 2923
3 5528 5985 2924
3 2925 7144 7205
3 2926 2927 2928
3 3572 4951 2926
3 2927 9507 8994
3 4360 2928 4359
3 6002 2929 4993
3 2931 2932 2933
3 2931 5109 4888
3 5559 5558 2933
3 5845 5214 2934
3 2935 4396 5374
3 2936 2937 2938
3 2936 4323 5433
3 5586 2937 3178
3 7885 5660 2938
3 2939 2940 2941
3 2939 3947 3946
3 6733 2940 6732
3 6319 2941 6318
3 2942 2943 2944
3 4609 2942 5171
3 2943 9224 4414
3 8285 5679 2944
3 2947 2945 2946
3 7294 9764 2946
3 4225 4502 2947
3 2950 2948 2949
3 2948 3537 3538
3 2949 6954 8943
3 7107 2950 7304
3 2953 2951 2952
3 5480 2952 5481
3 5892 4300 2953
3 2954 2955 2956
3 9522 7254 2954
3 3379 2955 3380
3 4279 6620 2956
3 2958 2959 2957
3 3120 2958 3581
3 5714 2959 7054
3 2962 2960 2961
3 3701 2960 3358
3 7167 4523 2961
3 2962 6349 3029
3 2963 3163 5874
3 2964 8835 5321
3 2967 2965 2966
3 2965 5510 5664
3 5252 3516 2966
3 2967 5361 7578
3 2968 2969 2970
3 2968 3355 3669
3 2969 5262 5675
3 2970 8381 7916
3 2973 2971 2972
3 2971 8077 8078
3 2972 4008 3927
3 4633 2973 4632
3 2974 2975 2976
3 2974 6371 5979
3 3620 2976 3619
3 2979 2977 2978
3 4834 2977 4833
3 2978 5030 3391
3 2979 4162 5908
3 2980 2981 2982
3 6191 2980 9351
3 2981 5401 5400
3 3935 2982 3934
3 2985 2983 2984
3 2983 6518 3530
3 5104 5662 2984
3 2985 6731 4767
3 2986 3989 5737
3 2987 8866 8867
3 2988 2989 2990
3 2988 9482 4819
3 2989 4679 4678
3 2990 4947 5718
3 2992 2993 2991
3 4249 2991 4248
3 4375 4374 2992
3 3747 4263 2993
3 2994 2995 2996
3 5530 2994 5532
3 6773 2995 8160
3 5183 2996 6123
3 2999 2997 2998
3 2997 7296 7297
3 2998 5343 5342
3 6162 2999 5972
3 3002 3000 3001
3 3000 6045 6046
3 3786 3001 3785
3 3003 3004 3005
3 4426 3003 4425
3 3004 6540 6623
3 3286 3005 3285
3 3006 3007 3008
3 6793 3006 6794
3 3278 3277 3007
3 3009 3010 3011
3 5929 5721 3009
3 5838 6174 3011
3 3012 3013 3014
3 3012 7668 7669
3 5659 3013 5658
3 3932 3014 4109
3 3015 3016 3017
3 3015 4612 7028
3 5225 7136 3016
3 8638 6229 3017
3 3019 3020 3018
3 3018 10131 9471
3 4404 3019 4405
3 3020 6934 7106
3 3021 3022 3023
3 3021 3621 3622
3 6316 6317 3022
3 3023 3320 9178
3 3026 3024 3025
3 5113 3024 5112
3 6212 5912 3025
3 3026 4287 4288
3 4017 3415 3027
3 3877 3028 7534
3 3031 3029 3030
3 4257 3030 5488
3 3031 3967 3356
3 3034 3032 3033
3 6110 3033 6111
3 3034 7478 4411
3 3037 3035 3036
3 5111 3035 5110
3 5963 5964 3036
3 3037 3749 3750
3 4050 4730 3038
3 3039 3396 7320
3 3601 3040 3600
3 4691 5804 3041
3 3042 3043 3044
3 3574 3042 6310
3 3043 5375 5374
3 3044 4000 6240
3 3045 3046 3047
3 3245 7215 3045
3 5097 3046 5098
3 3155 4118 3047
3 3048 3049 3050
3 6819 6820 3048
3 4663 3049 6213
3 3050 3678 3679
3 3053 3051 3052
3 6789 3051 6788
3 3052 6013 6880
3 3053 7313 7402
3 3056 3054 3055
3 3054 7424 7086
3 3077 3076 3055
3 6352 3056 6794
3 3059 3057 3058
3 6163 5094 3057
3 3059 7043 7296
3 3060 3061 3062
3 3060 3157 3158
3 5306 3061 7184
3 4581 3062 6499
3 3063 3064 3065
3 3063 8859 6086
3 3064 9481 8983
3 3065 6870 6918
3 3066 6028 6027
3 3069 3067 3068
3 5684 3067 5683
3 4383 4382 3068
3 3069 4963 4962
3 3072 3070 3071
3 3070 4319 4353
3 3447 6356 3071
3 4220 4221 3072
3 3073 3074 3075
3 6767 3073 5341
3 4369 3074 4236
3 7223 3075 4368
3 3077 3963 3964
3 3078 3079 3080
3 4314 7762 3078
3 4592 3079 4899
3 4591 9413 3080
3 3081 3082 3083
3 4291 3081 7264
3 3523 3083 7228
3 3084 3085 3086
3 6249 6250 3084
3 6200 6941 3085
3 5856 3086 5855
3 3089 3087 3088
3 6330 3087 6682
3 3088 4442 3688
3 3089 3473 3729
3 3092 3090 3091
3 8351 3090 8350
3 3091 5965 4458
3 3092 4430 4429
3 5195 3093 6940
3 4195 6248 3094
3 5425 3095 5424
3 3096 6680 6676
3 3097 3098 3099
3 3097 5706 7328
3 3098 4098 7335
3 5763 3099 5762
3 3102 3100 3101
3 3100 6777 6778
3 3953 5140 3101
3 9300 7097 3102
3 3103 3104 3105
3 3103 7459 5765
3 3104 6072 4399
3 3105 4398 4354
3 3108 3106 3107
3 4689 4911 3106
3 4372 3107 6786
3 3882 3108 6669
3 3110 3111 3109
3 5894 5893 3109
3 3110 7983 9146
3 3111 9236 7368
3 3112 3113 3114
3 3112 3445 3446
3 3113 4020 4019
3 5020 3114 5019
3 3116 3117 3115
3 7316 3115 7315
3 3116 5368 5367
3 3719 3117 7899
3 3120 3118 3119
3 5798 3118 6387
3 3119 3795 3796
3 3122 3123 3121
3 3121 3390 4664
3 3122 3938 3939
3 3123 4484 4485
3 3124 3125 3126
3 3124 3337 3394
3 3125 4120 5778
3 5591 3126 5862
3 3128 3129 3127
3 3127 9215 5694
3 4770 4771 3128
3 3238 5725 3129
3 3132 3130 3131
3 3720 3130 3719
3 3131 3580 3579
3 3132 6714 7546
3 3135 3133 3134
3 4748 4749 3134
3 7461 4564 3135
3 3137 3138 3136
3 4131 6221 3136
3 3137 4862 9875
3 3505 3138 3504
3 3139 3140 3141
3 4289 3280 3139
3 7354 6053 3140
3 4732 3141 4731
3 3142 3143 3144
3 4499 4500 3142
3 7256 7257 3143
3 5026 3144 4738
3 3145 3146 3147
3 4660 3145 3773
3 5801 3146 5682
3 3150 3148 3149
3 5345 3148 5344
3 7186 3149 5111
3 3150 7185 6519
3 8583 3151 8582
3 3154 3152 3153
3 3152 6047 6048
3 3153 5264 5263
3 3154 5376 5377
3 5097 4386 3156
3 7022 7023 3157
3 4141 3158 5095
3 3159 3160 3161
3 6300 6301 3159
3 4037 3160 4036
3 4682 4683 3161
3 3162 3163 3164
3 3162 5766 5767
3 5322 6654 3164
3 3165 3166 3167
3 3165 6588 4711
3 3166 4322 4323
3 3167 5660 5661
3 3168 3169 3170
3 3168 6031 8689
3 7487 9189 3169
3 3822 3823 3170
3 3171 3172 3173
3 7572 3171 4685
3 4207 5438 3173
3 3176 3174 3175
3 3972 3174 3971
3 7046 3175 6862
3 3176 9509 7342
3 3177 3178 3179
3 3177 5125 7292
3 3179 4934 4933
3 3180 3181 3182
3 7873 7874 3180
3 3182 4097 4967
3 3184 3185 3183
3 5799 9790 3183
3 3184 9793 7938
3 3185 7299 4811
3 3186 3187 3188
3 3186 7456 4870
3 5163 3187 5495
3 4939 4938 3188
3 3189 3190 3191
3 3189 4340 4623
3 3190 6740 6351
3 8217 8218 3191
3 3194 3192 3193
3 3192 5546 5547
3 6190 3193 6563
3 7329 3846 3194
3 3197 3195 3196
3 4026 4025 3195
3 3197 4228 4229
3 3200 3198 3199
3 3198 6560 6561
3 3199 4569 4570
3 3200 7397 3367
3 3201 3202 3203
3 3417 3201 7537
3 3202 6532 6533
3 7181 4209 3203
3 3205 3206 3204
3 7250 3204 7249
3 3212 3205 3213
3 3206 5268 5270
3 3207 6808 7157
3 5834 3208 6562
3 3209 3210 3211
3 3535 4940 3209
3 5581 3210 6904
3 7156 7085 3211
3 5269 3212 9147
3 3213 7399 8918
3 3214 3215 3216
3 3214 6321 6322
3 7678 3215 7675
3 5287 5288 3216
3 3219 3217 3218
3 3227 3217 6624
3 4618 4766 3218
3 9337 3219 6972
3 3220 3221 3222
3 5018 3220 4383
3 3221 7076 7077
3 8546 6184 3222
3 3223 3224 3225
3 3521 3223 6624
3 3225 7236 7356
3 3227 3228 3226
3 4535 4536 3226
3 3228 7356 6269
3 3230 3231 3229
3 7697 3229 7698
3 4102 3230 6334
3 4101 6268 3231
3 3233 3234 3232
3 3232 4895 4896
3 3233 5673 5671
3 3893 3894 3234
3 3235 3236 3237
3 3235 6273 4816
3 3236 9186 7512
3 3531 3237 4629
3 3239 6041 3561
3 3242 3240 3241
3 4446 3240 4445
3 4484 5492 3241
3 4320 3242 6956
3 6517 6516 3243
3 9672 3244 9671
3 3247 3248 3249
3 5095 5096 3247
3 6958 6813 3248
3 6547 3249 6815
3 3250 3251 3252
3 4580 4993 3250
3 3595 5606 3252
3 3255 3253 3254
3 5227 3253 7070
3 3652 3255 3651
3 3258 3256 3257
3 3256 7434 6928
3 7011 6607 3257
3 3258 4805 4806
3 3259 3260 3261
3 3259 5747 5852
3 7049 3260 7050
3 3261 5786 6435
3 3262 3263 3264
3 3262 6018 3645
3 3263 5528 5529
3 7306 3264 7311
3 3265 3266 3267
3 3674 3736 3266
3 6506 3267 7133
3 3270 3268 3269
3 3536 5898 3268
3 3269 5623 3598
3 6105 6106 3270
3 3273 3271 3272
3 3271 5419 7015
3 4570 3272 6287
3 3350 7409 3273
3 3275 3276 3274
3 4070 5440 3274
3 3726 9524 3275
3 3276 9340 7083
3 6785 3277 6786
3 3279 3280 3281
3 3279 8813 8814
3 3859 3281 3860
3 3284 3282 3283
3 3282 4580 4579
3 3283 4512 4513
3 3284 4988 6524
3 3285 5261 5262
3 3286 3669 5518
3 3289 3287 3288
3 6702 3287 3739
3 3500 3288 10116
3 6616 6346 3289
3 4989 5707 3290
3 3291 3292 3293
3 3291 4874 4875
3 8423 6564 3292
3 3296 3294 3295
3 3294 5261 6131
3 3295 3427 3426
3 3296 4661 5675
3 3299 3297 3298
3 3297 7247 9164
3 3298 9537 9536
3 3299 3588 5855
3 3302 3300 3301
3 3300 4185 4186
3 5319 5092 3301
3 3302 6973 5875
3 3304 3305 3303
3 7193 6940 3303
3 3304 3409 6019
3 6922 7170 3305
3 3307 3308 3306
3 4150 3306 6462
3 3307 8370 9004
3 3308 5167 5711
3 3309 3310 3311
3 5515 7388 3309
3 3665 3310 5597
3 3311 6729 8824
3 3312 3313 3314
3 3312 7448 5614
3 3313 3399 3398
3 7735 9762 3314
3 3316 3317 3315
3 3315 6618 8029
3 3316 8028 9227
3 3317 7318 8858
3 3320 3318 3319
3 6317 3495 3318
3 6105 6706 3319
3 3323 3321 3322
3 5580 3321 5579
3 3322 7445 7337
3 4239 6140 3323
3 3324 3325 3326
3 4898 3324 5301
3 6987 3325 7473
3 5466 6134 3326
3 3329 3327 3328
3 6492 8566 3327
3 4997 9918 3328
3 4250 3329 4424
3 3332 3330 3331
3 3366 3330 3365
3 4918 4917 3332
3 3335 3333 3334
3 3333 9485 8075
3 3335 6783 9927
3 3338 3336 3337
3 3449 3830 3336
3 8163 6944 3338
3 3339 3713 3714
3 3341 3342 3343
3 7011 5403 3341
3 5079 3343 5080
3 3344 3345 3346
3 3344 5317 7261
3 3345 5417 5416
3 3346 7698 5822
3 3347 3348 3349
3 3347 7243 7244
3 3348 3895 4021
3 3349 6414 7350
3 3352 3350 3351
3 3351 6374 6042
3 3352 4770 9445
3 3354 3355 3353
3 7912 9442 3353
3 6348 5519 3354
3 3356 3357 3358
3 5883 3357 5882
3 3361 3359 3360
3 6253 3359 9233
3 3360 3869 9234
3 3361 9791 9790
3 3362 3363 3364
3 4516 3363 4647
3 5930 6017 3364
3 3602 3365 3603
3 4147 3366 7031
3 3367 3368 3369
3 3368 5446 5447
3 3369 4609 4610
3 3370 3371 3372
3 3370 6859 6860
3 3371 9218 8245
3 3372 3793 3794
3 3373 3374 3375
3 5431 3373 5841
3 7873 9111 3375
3 3378 3376 3377
3 3376 3456 3457
3 5322 5321 3377
3 3378 4165 3453
3 7402 3379 9283
3 3380 5692 5693
3 3383 3381 3382
3 4309 3381 4367
3 7619 7760 3382
3 3961 3962 3383
3 3384 9018 9017
3 3386 3387 3385
3 3664 3385 6730
3 6883 3386 4858
3 8733 5289 3387
3 3388 3389 3390
3 5632 3388 5238
3 6787 5568 3389
3 3393 3391 3392
3 3886 3392 6211
3 3393 3755 3754
3 6551 3394 5135
3 3397 3395 3396
3 6986 6265 3395
3 3397 3490 3491
3 6015 3398 6077
3 3988 3399 5613
3 3402 3400 3401
3 3479 3401 5773
3 3402 8822 4908
3 3405 3403 3404
3 6233 6234 3403
3 6378 3404 3788
3 6306 3405 6305
3 3406 3407 3408
3 4628 3632 3406
3 6952 3407 6953
3 7625 3408 6951
3 3410 3435 9140
3 3411 3412 3413
3 3411 5774 5775
3 5291 4573 3412
3 6899 3413 7286
3 3416 3414 3415
3 3414 3944 3945
3 3416 7122 7049
3 3419 3417 3418
3 3418 7441 4282
3 3419 6531 6530
3 3422 3420 3421
3 3420 5282 5283
3 6074 3421 4895
3 4818 3422 4817
3 3425 3423 3424
3 6106 3497 3423
3 4011 6416 3424
3 3536 3425 3535
3 3678 4662 3426
3 3427 7319 6645
3 3430 3428 3429
3 4800 3428 3922
3 4467 3429 4468
3 3430 7479 7475
3 3433 3431 3432
3 7463 3431 4518
3 5727 3432 6898
3 7607 5931 3433
3 3434 4172 4171
3 3438 3436 3437
3 3883 3928 3436
3 6116 3437 6115
3 3438 4083 4084
3 3439 3440 3441
3 3864 3865 3439
3 7279 6061 3440
3 7855 3441 7853
3 3444 3442 3443
3 5516 3442 3618
3 7145 9320 3443
3 8260 5608 3444
3 3445 3953 3954
3 4805 5846 3446
3 3447 3448 3449
3 3448 8820 4412
3 3450 3451 3452
3 3450 9237 7532
3 3451 7531 7535
3 3452 7561 7560
3 3453 3454 3455
3 4649 4648 3454
3 9506 3455 6247
3 8917 3456 9506
3 4942 6655 3457
3 3458 3459 3460
3 3458 5065 7115
3 3459 4428 4427
3 3943 3460 3942
3 6975 3461 6974
3 6390 3462 6391
3 3463 3464 3465
3 3463 8447 8450
3 4945 4944 3464
3 5292 3465 3780
3 3467 3468 3466
3 7610 8752 3466
3 9345 6825 3467
3 5794 3468 8753
3 3469 3470 3471
3 3469 6388 5350
3 4413 3470 6463
3 3472 3473 3474
3 4823 3472 9265
3 4718 3474 7118
3 3477 3475 3476
3 3475 4084 4799
3 6827 3476 6828
3 3477 3882 3883
3 3480 3478 3479
3 3478 10124 8823
3 9491 3480 3492
3 3483 3481 3482
3 9345 3703 3481
3 4528 4199 3482
3 3483 3820 3821
3 3486 3484 3485
3 5037 3484 4281
3 5114 5115 3485
3 6576 3486 6955
3 3489 3487 3488
3 6604 3487 4445
3 3488 4734 6460
3 7021 3489 6055
3 3987 3490 4730
3 5054 3491 5053
3 3494 3492 3493
3 6666 3493 5772
3 3585 5289 3494
3 3496 3497 3495
3 4012 4011 3496
3 3498 3499 3500
3 3498 6192 6193
3 6616 3499 6615
3 3501 3502 3503
3 3991 3992 3501
3 3502 5160 5162
3 3845 3503 5041
3 5434 5084 3504
3 3505 3895 3896
3 3508 3506 3507
3 3506 5843 5842
3 3507 5848 5849
3 3508 4819 4820
3 3511 3509 3510
3 6158 3509 6689
3 4308 3776 3511
3 3966 3512 3965
3 4168 3513 4167
3 3514 3515 3516
3 4871 4112 3514
3 5361 3515 5362
3 3519 3517 3518
3 3517 9320 5986
3 3518 3643 3633
3 4378 3519 4379
3 3522 3520 3521
3 3522 3771 3772
3 3523 3524 3525
3 3524 8809 6760
3 3525 4785 6705
3 3527 3528 3526
3 3526 8731 8732
3 5202 5297 3527
3 7523 6878 3528
3 3529 3530 3531
3 7847 3529 7846
3 3532 3533 3534
3 4978 3837 3532
3 3534 7435 7434
3 6954 3538 6953
3 8097 8098 3539
3 5101 7412 3540
3 7562 7561 3541
3 3542 7492 7147
3 3545 3543 3544
3 3543 10116 9295
3 3544 4304 3590
3 3545 5442 6192
3 3548 3546 3547
3 6266 3546 6269
3 3571 3547 6166
3 5647 3548 4268
3 3549 3550 3551
3 3550 3709 3743
3 6349 3551 5489
3 3552 3553 3554
3 7213 9105 3553
3 5309 3554 5324
3 3557 3555 3556
3 6631 3555 3612
3 3948 6763 3556
3 5336 6948 3557
3 3560 3558 3559
3 3558 3747 3748
3 3559 5783 5782
3 3560 7580 6838
3 3561 3562 3563
3 9113 3562 6560
3 5628 5627 3563
3 3564 3565 3566
3 6727 3564 6726
3 4155 3565 4266
3 4478 3566 8802
3 3568 3569 3567
3 3567 5224 5820
3 3569 7548 6700
3 3572 3570 3571
3 4267 4268 3570
3 3574 3575 3573
3 3573 4927 4928
3 6194 3575 4860
3 3577 3578 3576
3 9158 3576 8934
3 4655 7007 3577
3 3578 3807 5603
3 4253 4254 3579
3 4330 3580 7330
3 3582 3583 3584
3 7042 3583 7178
3 6264 3584 4336
3 3585 3586 3587
3 3586 6666 5098
3 4929 4930 3587
3 3589 3590 3588
3 3589 5441 5442
3 3591 3592 3593
3 8258 8259 3591
3 3592 6068 4087
3 4295 7366 3593
3 3594 3595 3596
3 5607 5367 3594
3 8219 8215 3596
3 3597 3598 3599
3 6706 3597 6469
3 6834 6113 3599
3 3600 6353 6354
3 3601 4029 3779
3 3602 5050 5318
3 3603 5355 5136
3 3604 3605 3606
3 5154 3604 6603
3 3605 5790 5789
3 7489 3606 7261
3 3607 3608 3609
3 3607 5744 6497
3 7233 5069 3608
3 7072 4699 3609
3 3612 3610 3611
3 6881 3611 7108
3 3613 3614 3615
3 8031 3613 8030
3 6693 4913 3614
3 4836 3615 6837
3 3616 3617 3618
3 7174 3616 5009
3 6150 7421 3617
3 7720 7585 3619
3 5557 3620 4117
3 5226 5227 3621
3 3622 7088 6307
3 3623 3624 3625
3 8909 4127 3623
3 3624 5088 8910
3 3627 4409 4410
3 3630 3628 3629
3 3628 7342 7343
3 3629 6238 6239
3 3630 6960 3971
3 3632 3633 3631
3 6018 8944 3631
3 3634 3635 3636
3 5969 7403 3634
3 3635 8998 4950
3 4949 9521 3636
3 3639 3637 3638
3 3637 4728 4729
3 3638 6635 6634
3 3639 6632 6633
3 3640 3641 3642
3 6710 3640 9521
3 5968 5969 3642
3 3645 3643 3644
3 3644 5986 5985
3 3647 3648 3646
3 5157 3646 5158
3 8380 3647 6646
3 7751 3648 7750
3 3649 6638 7769
3 4787 3651 4786
3 7241 3652 7240
3 7860 7859 3653
3 4816 3654 4815
3 3655 3656 3657
3 6352 4029 3655
3 3656 6790 6791
3 3657 7423 7424
3 3659 3660 3658
3 3806 3658 3805
3 3659 3801 3800
3 3941 3660 3940
3 3661 7408 5905
3 4246 3662 5130
3 3665 3663 3664
3 5600 3663 5599
3 3666 3667 3668
3 6782 6783 3666
3 3668 4447 4448
3 3672 3670 3671
3 5266 3670 5265
3 4881 4882 3671
3 5520 3672 6386
3 4575 3673 4509
3 3677 3675 3676
3 3675 6936 6461
3 6596 3676 5934
3 3677 5116 5750
3 4810 4811 3679
3 3680 3681 3682
3 4526 3680 7623
3 6672 6673 3681
3 3682 4003 3689
3 3683 3684 3685
3 3683 4152 4151
3 7134 3684 6334
3 7298 5752 3685
3 3688 3686 3687
3 4899 4827 3686
3 7118 3687 5792
3 3691 3689 3690
3 5900 3690 8980
3 4370 5230 3691
3 3693 3694 3692
3 3692 4803 4804
3 3693 3991 4252
3 6960 6961 3694
3 3695 3696 3697
3 5856 4303 3695
3 3696 4865 3931
3 6249 3697 5630
3 3699 3700 3698
3 4787 3698 6842
3 6810 4955 3699
3 3700 5349 5348
3 3701 5858 5857
3 3702 3703 3704
3 4262 4528 3702
3 3704 8752 7381
3 3706 3707 3705
3 8166 3705 8165
3 4571 7380 3706
3 3707 4647 4644
3 3708 3709 3710
3 7352 7353 3708
3 8932 3711 8062
3 6285 3712 6286
3 7113 6829 3714
3 3715 7102 6156
3 3716 3717 3718
3 3915 3916 3716
3 7091 3717 7367
3 6855 3718 6854
3 3720 4161 4812
3 6117 5583 3721
3 5582 7220 3722
3 3724 3725 3723
3 3723 7222 8046
3 3724 3744 8858
3 3725 4287 5911
3 3726 3727 3728
3 3727 5440 5439
3 3728 9080 10117
3 3729 4822 4347
3 3732 3730 3731
3 7553 5978 3730
3 5725 5724 3731
3 3732 4315 4316
3 3733 3734 3735
3 7341 9749 3733
3 3734 9141 6296
3 3859 3735 7642
3 7465 3736 4801
3 3737 3738 3739
3 4096 3737 4095
3 5745 4026 3738
3 3742 3740 3741
3 3740 5415 5390
3 3741 5445 5922
3 3742 6711 4584
3 3743 7565 9266
3 3746 3744 3745
3 3745 9522 6621
3 3746 6619 6617
3 5451 6313 3748
3 3751 3752 3753
3 3751 5822 5823
3 6051 4410 3752
3 3753 5316 5317
3 5062 4163 3754
3 3885 5562 3755
3 8153 3756 4814
3 3757 7222 7100
3 3760 3758 3759
3 10057 6968 3758
3 4354 3759 4355
3 9019 3760 5674
3 5646 3761 4124
3 3765 3763 3764
3 5225 4791 3763
3 4697 3764 4698
3 4695 4696 3765
3 7282 3766 8419
3 3767 5511 5127
3 3770 3768 3769
3 8160 3768 7084
3 5530 5531 3769
3 5113 6137 3770
3 5470 3771 9337
3 3772 4954 4955
3 3775 3773 3774
3 6021 3775 8163
3 3778 3776 3777
3 3777 5504 5503
3 6267 7235 3778
3 3782 3780 3781
3 8472 5495 3781
3 4511 3782 4870
3 4463 3783 4176
3 4936 3784 4935
3 7376 3785 7377
3 6029 6028 3786
3 3787 3788 3789
3 6509 3787 6508
3 5491 3789 6234
3 3790 3791 3792
3 5710 4981 3790
3 4154 3791 7638
3 3792 7637 9214
3 3793 8244 6803
3 5194 3794 6764
3 5797 6052 3795
3 8477 7055 3796
3 3799 3797 3798
3 4703 3798 7421
3 4247 4529 3799
3 3857 3800 4511
3 3801 6584 6585
3 3804 3802 3803
3 3803 4197 4196
3 4053 5636 3804
3 5380 6459 3805
3 3806 8446 8442
3 3808 3809 3807
3 5352 5730 3809
3 3811 3812 3810
3 4331 3810 4330
3 3811 4665 5568
3 6521 3813 6522
3 3816 3814 3815
3 3815 5290 4708
3 6566 5141 3816
3 3818 3819 3817
3 6601 3817 6685
3 3959 3818 3960
3 7294 7295 3819
3 8040 3820 8039
3 3956 3821 7378
3 3822 8151 8150
3 3824 3825 3826
3 3824 3880 3881
3 4041 3825 8481
3 3826 7542 7568
3 3827 3828 3829
3 5475 5476 3827
3 9187 7855 3828
3 7151 3829 7857
3 5133 3830 7478
3 3833 3831 3832
3 3831 7508 3916
3 7850 3832 9559
3 3835 6281 6107
3 3838 3836 3837
3 4607 4608 3836
3 6033 6034 3838
3 3841 3839 3840
3 4284 3962 3840
3 3873 3841 3872
3 3842 3843 3844
3 3842 5518 5519
3 5108 5109 3843
3 5558 4425 3844
3 3845 3846 3847
3 5535 3847 6862
3 3848 3849 3850
3 6312 3848 9473
3 3849 4393 5124
3 3850 6237 9104
3 3851 7135 7089
3 3855 3853 3854
3 5860 5861 3853
3 3854 6423 6407
3 3855 6675 6694
3 3857 3858 3856
3 3940 3856 5875
3 3858 7456 6359
3 7341 3860 5787
3 3861 3862 3863
3 5908 4847 3861
3 5871 5870 3862
3 4119 6355 3863
3 6567 6568 3864
3 3868 3866 3867
3 5029 5030 3866
3 4834 7320 3867
3 6265 5038 3868
3 3869 3870 3871
3 6254 3870 6253
3 3871 5085 5086
3 4582 3872 3961
3 5525 3873 6475
3 3874 3875 3876
3 8583 3875 9203
3 3876 4351 4350
3 3878 3879 3877
3 3878 6542 6541
3 3879 5514 7525
3 5360 3880 5359
3 4876 3881 6749
3 3884 3885 3886
3 3889 3887 3888
3 6204 3887 6871
3 4028 3889 4027
3 3890 3891 3892
3 3890 6328 4264
3 3891 5943 5942
3 4307 3892 5703
3 3893 5670 5674
3 3894 4398 4399
3 6382 6383 3896
3 3898 3899 3897
3 6863 3897 9909
3 4624 9284 3898
3 5919 5920 3899
3 3902 3900 3901
3 5319 5320 3900
3 3901 6255 8835
3 3904 3905 3903
3 3903 4033 5878
3 8783 9904 3904
3 9268 6252 3905
3 3906 3907 3908
3 5314 5315 3906
3 7267 5370 3907
3 3908 5910 5405
3 3911 3909 3910
3 3909 5853 5854
3 5926 7548 3910
3 3914 3912 3913
3 3913 6877 6876
3 3914 4495 4496
3 3915 8725 8724
3 3917 3918 3919
3 4116 3917 6144
3 3918 4883 4277
3 3919 4837 5221
3 3922 3920 3921
3 6602 5753 3920
3 6345 6861 3921
3 3925 3923 3924
3 3923 8073 8074
3 3924 5000 5001
3 3925 4514 4515
3 6848 6814 3926
3 3928 6668 7549
3 3929 3930 3931
3 5989 5418 3929
3 6437 6436 3930
3 3933 7880 7881
3 3934 6314 6313
3 5376 5687 3935
3 5219 5220 3937
3 5733 5499 3938
3 3939 5500 8985
3 3941 6973 8958
3 7103 3942 4427
3 7311 7312 3943
3 7500 7418 3944
3 6759 7534 3945
3 4778 6894 3946
3 7920 7921 3947
3 3949 8074 7405
3 3950 3951 3952
3 5533 4219 3950
3 5564 3951 5565
3 6040 3954 6033
3 3955 9220 6479
3 3956 3957 3958
3 5025 5024 3957
3 6825 3958 5566
3 3959 10109 9765
3 6392 6393 3960
3 7156 7724 3963
3 5533 3964 4077
3 3965 4352 4353
3 3966 4615 4241
3 4256 9267 3967
3 3968 3969 3970
3 9878 7728 3968
3 4694 3969 6625
3 4555 3970 4554
3 3972 4252 5535
3 3975 3973 3974
3 4943 5473 3973
3 4324 4042 3974
3 3975 8481 4597
3 3978 3976 3977
3 3976 4968 4969
3 7373 3977 8259
3 4617 3978 4616
3 3981 3979 3980
3 3979 6357 6358
3 7110 3980 6719
3 3981 5366 4157
3 3982 3983 3984
3 3982 8247 8246
3 3983 7426 7060
3 7576 7588 3984
3 3985 3986 3987
3 3986 4170 4169
3 3990 3988 3989
3 3990 7996 9876
3 3992 4438 4437
3 3995 3993 3994
3 6178 3993 6135
3 5290 3994 4885
3 3996 3997 3998
3 3997 5282 5669
3 6392 6600 3998
3 3999 4000 4001
3 3999 5921 5922
3 4001 4396 4397
3 4002 4003 4004
3 4002 9257 8980
3 9047 4004 7892
3 4006 4842 4843
3 5977 4008 5976
3 4502 4802 4009
3 4010 6133 6132
3 4012 6159 5676
3 4013 4014 4015
3 4013 7379 5049
3 4014 4214 4128
3 7190 4736 4015
3 4017 4018 4016
3 4016 5903 7122
3 4018 7720 6242
3 4019 9211 9212
3 9214 4020 5983
3 4021 5084 4191
3 4024 4022 4023
3 8015 4022 8017
3 6220 4023 7211
3 4024 5147 5148
3 6293 4027 4514
3 4028 6919 6918
3 4032 4030 4031
3 7373 4030 5517
3 4031 7372 6931
3 4032 6930 6932
3 4033 4034 4035
3 6251 4034 6252
3 4130 4035 5099
3 6398 7401 4036
3 4037 5751 5750
3 4039 4040 4038
3 4247 4038 4246
3 4040 7245 7246
3 4041 4042 4043
3 4043 7218 7219
3 4045 4046 4044
3 4044 9022 6583
3 8041 4045 8960
3 4470 6739 4046
3 4049 4047 4048
3 4747 8936 4047
3 4048 6427 6286
3 5351 5350 4051
3 4052 4053 4054
3 6173 4052 4288
3 4054 6336 5112
3 4056 4057 4055
3 8739 4055 8738
3 4814 4056 4813
3 4194 4058 6208
3 6804 4059 9145
3 4062 4060 4061
3 6012 4060 4640
3 4061 4749 6592
3 5250 5251 4062
3 4065 4063 4064
3 4902 4063 6032
3 4064 5347 5346
3 6987 4065 5467
3 4068 4066 4067
3 4134 6540 4066
3 4067 8758 7878
3 8747 6826 4068
3 4069 4070 4071
3 4069 7160 5949
3 7082 6436 4071
3 8548 4072 9917
3 5807 5808 4073
3 4074 4075 4076
3 4271 7745 4074
3 4866 4075 4253
3 6145 4076 6758
3 4078 4079 4077
3 6117 4078 7724
3 4082 4080 4081
3 4080 7533 5895
3 4081 5293 5294
3 4082 6672 4525
3 6470 4083 4170
3 4087 4085 4086
3 4804 4085 4438
3 5860 6738 4086
3 4088 6564 6565
3 4089 4090 4091
3 8420 6839 4089
3 7414 6641 4090
3 4092 4093 4094
3 5602 8291 4092
3 4093 7587 7586
3 4890 4094 7384
3 4095 6346 6347
3 5437 4096 5429
3 4097 4098 4099
3 6277 4099 6276
3 4100 4101 4102
3 4100 6181 6180
3 4103 4104 4105
3 7484 4103 7483
3 6603 4104 7674
3 6039 4105 6038
3 4108 4106 4107
3 4243 4106 7338
3 5838 5837 4107
3 7430 4108 6157
3 4111 4109 4110
3 5982 5981 4110
3 5708 5709 4111
3 4550 4113 4549
3 4116 4114 4115
3 4721 5044 4114
3 4115 4884 4883
3 4119 4120 4121
3 6552 4121 6551
3 4124 4122 4123
3 5387 7612 4122
3 7519 6373 4123
3 7493 4125 7611
3 4126 4127 4128
3 4126 5087 5088
3 4131 4129 4130
3 6383 5876 4129
3 7302 5524 4133
3 4135 4136 4134
3 4333 4135 6691
3 4136 4781 4782
3 4137 4138 4139
3 6061 6062 4137
3 4138 7909 9341
3 4139 4222 7854
3 4140 4141 4142
3 7184 4140 7624
3 6548 4156 4142
3 4143 4144 4145
3 6442 6443 4143
3 8763 8549 4144
3 4145 5234 5233
3 7577 6852 4146
3 4148 4149 4150
3 6024 4148 6023
3 5957 8371 4149
3 6989 6181 4151
3 6078 6079 4152
3 4155 4153 4154
3 4153 7636 7637
3 4158 4156 4157
3 5279 4158 7357
3 4160 4161 4159
3 4159 6335 4520
3 5498 5499 4160
3 4164 4162 4163
3 5769 6559 4164
3 5990 4165 6255
3 6812 6813 4166
3 4167 4240 7337
3 4168 7447 7443
3 6116 5053 4169
3 4171 7905 7906
3 7529 4172 4181
3 4173 4174 4175
3 4173 4737 4736
3 4174 4611 4539
3 5974 4175 5089
3 4178 4176 4177
3 4177 5010 5011
3 4178 5326 8812
3 4180 4181 4179
3 4210 4209 4179
3 8968 4180 9317
3 4184 4182 4183
3 5300 4182 6217
3 9839 4183 9840
3 4184 7954 6816
3 6359 6360 4185
3 5991 4186 6207
3 4189 4187 4188
3 5685 5686 4187
3 6467 4953 4188
3 4189 5471 5472
3 4191 4192 4190
3 4190 6413 6414
3 7706 7707 4192
3 4194 4195 4193
3 6764 9145 4193
3 6336 4196 6725
3 6125 6127 4197
3 4200 4198 4199
3 8039 4198 8038
3 4261 7389 4200
3 4201 4202 4203
3 4201 4281 4280
3 4203 4327 6932
3 7163 6830 4204
3 5415 6050 4205
3 4206 4207 4208
3 7172 4206 7171
3 4208 4325 4326
3 4210 5254 6415
3 4211 4212 4213
3 7951 7952 4211
3 5056 4213 5055
3 4214 4215 4216
3 4215 5048 5138
3 5844 5842 4216
3 4219 4217 4218
3 5052 6016 4218
3 5256 5255 4220
3 4808 9513 4221
3 4224 4222 4223
3 4223 8149 8148
3 9559 8724 4224
3 4225 4226 4227
3 10002 4226 9763
3 4227 4860 4861
3 5803 4228 5989
3 6702 4229 4464
3 4232 4230 4231
3 8999 5815 4230
3 4232 7632 7634
3 4235 4233 4234
3 4334 4233 5122
3 4234 4259 4258
3 4235 7024 7025
3 4236 4237 4238
3 6767 6431 4237
3 7621 4238 8936
3 4241 4239 4240
3 4242 4243 4244
3 4242 6175 6174
3 4244 6114 6113
3 4245 8820 4352
3 5881 4248 6133
3 5390 4249 5391
3 9807 4251 4873
3 6715 6714 4254
3 4257 4255 4256
3 4255 6261 6258
3 7024 4258 9413
3 4259 6686 6528
3 4261 4262 4260
3 4260 6408 6409
3 8420 6132 4263
3 4265 5106 5107
3 4266 5999 7481
3 4360 6275 4267
3 4271 4269 4270
3 4497 4498 4269
3 4270 7395 7394
3 4274 4272 4273
3 4436 6370 4272
3 4293 4292 4273
3 4274 4509 4510
3 4275 4276 4277
3 7609 4774 4275
3 7014 4838 4276
3 4278 6325 6326
3 6578 6417 4280
3 4283 4542 4543
3 4284 4285 4286
3 4285 8223 7471
3 4286 4794 4795
3 6989 5788 4289
3 7701 9110 4290
3 4292 4380 4381
3 4293 5446 5666
3 4295 4296 4294
3 8741 4294 5932
3 6738 6737 4296
3 4299 4297 4298
3 9348 4298 7614
3 7488 5233 4299
3 4300 4301 4302
3 4301 8660 8662
3 4305 4303 4304
3 4305 9294 6692
3 7339 4306 7499
3 4311 4309 4310
3 4310 7754 7755
3 8068 7620 4311
3 4312 4313 4314
3 4312 6528 6529
3 7763 4313 7764
3 5819 4315 5724
3 6577 6853 4316
3 4317 4318 4319
3 5392 4317 9513
3 4650 4615 4318
3 4321 7355 6604
3 4710 5397 4322
3 4324 8916 6246
3 5430 5429 4325
3 7005 4326 6347
3 4329 4327 4328
3 6806 7555 4328
3 4616 5517 4329
3 4986 4666 4331
3 4334 4332 4333
3 4332 7396 6270
3 4336 4337 4335
3 4335 4967 4563
3 4337 6147 9111
3 4340 4338 4339
3 4338 9109 7595
3 4339 5212 5408
3 4342 4343 4341
3 4341 6627 6628
3 4342 6832 6833
3 5569 5340 4343
3 4345 4346 4344
3 8753 4345 4912
3 4346 5566 5567
3 4348 4349 4347
3 4348 5186 5187
3 6682 4349 7406
3 4739 4740 4351
3 4355 6967 6970
3 4356 4357 4358
3 4356 4557 5651
3 6907 7101 4357
3 6165 4358 6035
3 5068 5712 4359
3 4361 4362 4363
3 6511 4361 6512
3 9767 4362 8081
3 4363 4701 4702
3 4365 4366 4364
3 4364 7025 5539
3 4365 4750 6721
3 4674 4366 4673
3 5758 6272 4367
3 4369 4370 4368
3 4371 4372 4373
3 5451 4374 5377
3 4375 6830 6047
3 7227 7230 4376
3 4980 5847 4377
3 8260 4378 6099
3 4628 4627 4379
3 4533 4534 4380
3 4575 4381 4574
3 5093 4382 6185
3 4384 4385 4386
3 4384 5772 5773
3 4387 4388 4389
3 8474 4387 7539
3 6608 4388 6361
3 5181 4389 5182
3 4391 4392 4390
3 4390 6259 6260
3 4909 4391 4910
3 4392 6545 6546
3 4393 4394 4395
3 6311 6703 4394
3 5758 4795 4395
3 5214 5215 4397
3 4403 4401 4402
3 7404 7212 4401
3 6900 4402 6915
3 4403 7286 7287
3 7978 7477 4404
3 7982 4405 7981
3 4406 4407 4408
3 5573 7162 4406
3 6626 4407 5072
3 5578 5482 4408
3 6039 4409 7004
3 4413 4411 4412
3 4414 4415 4416
3 4415 4436 4435
3 6957 4416 6333
3 4418 4419 4417
3 4417 6396 6397
3 5103 6507 4418
3 7850 7851 4419
3 4422 4420 4421
3 8722 4420 7700
3 4421 7713 7715
3 4422 6665 7288
3 4423 4468 6935
3 4426 8757 8758
3 5806 4428 7422
3 4429 6716 6717
3 6179 4430 5156
3 6806 4431 6520
3 4432 4433 4434
3 4718 4719 4432
3 4684 4433 4685
3 4434 7180 9265
3 8287 4435 8286
3 7495 4437 6070
3 4441 4439 4440
3 6071 6642 4439
3 4694 4440 4554
3 4441 5087 5843
3 4590 4442 8658
3 5793 4829 4443
3 9235 5946 4444
3 4446 7020 5237
3 6959 4447 6958
3 7619 7620 4448
3 4449 4450 4451
3 6419 4449 5738
3 6389 5839 4450
3 4451 5355 4917
3 4453 4653 4654
3 4454 4455 4456
3 7272 7273 4454
3 7266 5296 4455
3 4898 4456 4897
3 7871 4457 7870
3 4460 4458 4459
3 4459 4742 5414
3 5155 5156 4460
3 4463 4461 4462
3 4461 6644 6338
3 4462 6805 6283
3 4464 4465 4466
3 5802 4465 5803
3 4466 9294 9295
3 7744 4467 9918
3 4469 4470 4471
3 4469 7389 7393
3 4471 8041 8038
3 4474 4472 4473
3 4472 6559 5970
3 8285 6957 4473
3 4846 4847 4474
3 4475 4476 4477
3 9026 6327 4475
3 4476 7112 5904
3 7541 4477 7408
3 4478 4479 4480
3 7635 8804 4479
3 4480 6728 6726
3 4483 4481 4482
3 7263 4481 7059
3 6831 5589 4482
3 4483 5864 5865
3 4485 5237 5238
3 4488 4486 4487
3 6406 7326 4486
3 4487 7867 9347
3 9001 4488 9000
3 4491 4489 4490
3 7183 6568 4490
3 7208 7209 4491
3 4492 4493 4494
3 7128 4492 4940
3 5719 5718 4493
3 7725 6904 4494
3 8751 4495 6879
3 10064 6236 4496
3 6145 6146 4497
3 5635 5423 4498
3 8647 4499 9817
3 9534 6975 4500
3 4786 4501 6810
3 4504 4505 4503
3 4503 4585 8639
3 4505 5970 5768
3 4508 4506 4507
3 4506 5888 8470
3 5757 4507 5199
3 4508 5673 6456
3 8286 4510 5455
3 4512 4724 4659
3 4513 6939 5707
3 4518 4516 4517
3 5245 4517 7380
3 4521 4519 4520
3 5498 4519 5500
3 6649 4521 6648
3 4524 4522 4523
3 4540 4541 4524
3 4526 4527 4525
3 6849 4527 6510
3 4568 4529 4567
3 4531 4532 4530
3 5301 4530 5302
3 4531 6198 6197
3 4532 6230 6229
3 4533 6410 6411
3 4534 6170 6171
3 5647 5648 4535
3 4536 4619 4618
3 4537 4538 4539
3 7872 4537 7870
3 4540 6081 6080
3 4544 5056 7550
3 4547 4545 4546
3 9207 7278 4545
3 4918 4546 6535
3 6772 4548 6148
3 7861 6397 4549
3 4550 6395 7907
3 4551 4552 4553
3 4551 6600 6601
3 5742 8929 4552
3 4555 6308 6307
3 6323 4556 6164
3 4560 4558 4559
3 7663 7664 4558
3 7649 7651 4559
3 4560 7656 7659
3 4562 4563 4561
3 4561 6277 8655
3 4565 4566 4564
3 8979 8978 4565
3 5132 7111 4567
3 6178 4568 4886
3 4569 6561 6374
3 4573 4571 4572
3 7287 4572 8166
3 4576 4577 4578
3 5754 6344 4576
3 6011 4577 5681
3 7315 7546 4578
3 4724 4579 5682
3 4583 4581 4582
3 7022 4583 7760
3 4584 4585 4586
3 7210 6049 4586
3 4587 4588 4589
3 7551 4588 7552
3 7849 4589 7848
3 4590 4591 4592
3 4595 4593 4594
3 8027 4593 8026
3 6599 4594 6902
3 5629 4595 6471
3 4598 4596 4597
3 4941 4596 6438
3 4877 4598 4876
3 4601 4599 4600
3 4599 8786 5877
3 6382 7244 4600
3 5004 4626 4601
3 7416 6622 4602
3 5388 4603 5389
3 4604 4605 4606
3 4976 4977 4604
3 4605 6083 5760
3 8478 4606 9472
3 4607 7983 7984
3 9113 4610 8961
3 7506 4611 7190
3 4612 4613 4614
3 4613 6230 6232
3 7029 4614 6495
3 8147 4617 8146
3 7225 7226 4619
3 4620 4621 4622
3 7193 7271 4620
3 4621 9009 9154
3 9217 9216 4622
3 8580 8581 4623
3 4626 4624 4625
3 6863 6864 4625
3 4627 6007 6008
3 4839 6896 4629
3 4630 6050 6049
3 5060 5563 4631
3 4633 8075 8076
3 7508 4634 7367
3 4637 4635 4636
3 9792 4635 7942
3 9033 5939 4636
3 5031 4893 4637
3 4640 4638 4639
3 4638 6130 8217
3 4639 6351 6350
3 4641 4642 4643
3 7526 4641 9415
3 5515 5514 4642
3 4643 6541 7436
3 4646 4644 4645
3 4894 4645 5021
3 9143 4646 7216
3 6244 6245 4648
3 4649 6207 6100
3 4650 4651 4652
3 5392 5393 4651
3 6139 6140 4652
3 5887 6456 4653
3 4654 4896 5283
3 4657 4655 4656
3 4656 9158 9929
3 4657 5173 5172
3 4658 4659 4660
3 6022 8164 4658
3 4663 4661 4662
3 4664 4665 4666
3 4669 4667 4668
3 4667 8059 8782
3 9068 4668 6413
3 6481 4669 6480
3 4672 4670 4671
3 4670 7442 7441
3 7537 9144 4671
3 5022 5023 4672
3 4673 9523 9524
3 4674 5462 5122
3 4677 4675 4676
3 5536 5537 4675
3 4676 6142 6141
3 9328 4677 7557
3 6418 4678 6419
3 4679 5849 6389
3 4680 6090 6091
3 6482 4681 6784
3 4682 5116 5117
3 4713 4714 4683
3 7177 4684 7176
3 4686 4687 4688
3 4686 4693 4692
3 4687 5716 5717
3 7666 4688 8261
3 4690 4691 4689
3 7003 7410 4690
3 6345 5381 4693
3 4695 7138 7266
3 4696 7273 7136
3 4697 4699 4700
3 5744 4698 4793
3 4700 7139 7138
3 9484 9485 4701
3 8162 4702 8161
3 4706 4704 4705
3 4704 6198 6134
3 9925 4705 9153
3 5389 6222 4706
3 4707 4708 4709
3 4707 5271 5272
3 6327 4709 5228
3 4710 4711 4712
3 4712 6640 6641
3 4713 7806 7813
3 5078 4714 5077
3 4715 4716 4717
3 7109 4715 6084
3 6933 5767 4716
3 7459 6971 4717
3 5791 9142 4719
3 6925 4720 5937
3 4721 4722 4723
3 4722 6144 5328
3 4723 6722 5083
3 4726 4727 4725
3 4725 7667 7665
3 7659 7660 4726
3 9585 8087 4727
3 5584 5477 4728
3 6635 4729 9415
3 5924 4731 6053
3 4732 5638 6180
3 4733 4734 4735
3 5458 5457 4733
3 10119 4735 7355
3 6227 6228 4737
3 5512 4739 7490
3 6574 6575 4740
3 6103 4741 6852
3 4742 4743 4744
3 4743 6278 6279
3 4746 4747 4745
3 4746 7623 7622
3 4748 7514 7513
3 4750 4751 4752
3 5538 6537 4751
3 6205 6167 4752
3 5959 4753 5960
3 4754 7079 7080
3 4755 4756 4757
3 4835 4755 4760
3 5431 5432 4756
3 5373 4757 5372
3 4758 4759 4760
3 9134 5401 4758
3 4761 4762 4763
3 4761 5593 5594
3 5307 4762 5308
3 7048 4763 7047
3 4764 4765 4766
3 4764 5179 5180
3 6363 6972 4765
3 4768 4769 4767
3 4768 5509 7865
3 4769 8089 6909
3 4771 6042 6041
3 4772 5523 5524
3 6390 4773 6089
3 4775 8060 6784
3 4776 4777 4778
3 9562 4776 9561
3 4777 9646 9324
3 8417 4780 6233
3 6271 4781 6270
3 7747 4782 7746
3 4783 4784 4785
3 5448 4783 5449
3 6762 6995 4784
3 4790 4788 4789
3 5608 4788 5007
3 4789 6099 6098
3 7169 4790 7168
3 4792 4793 4791
3 4792 7028 6498
3 4798 4796 4797
3 9493 6982 4796
3 6450 6257 4797
3 5665 4798 5859
3 4799 5574 5609
3 4800 8085 8928
3 9005 5879 4802
3 4803 6424 5861
3 6040 4978 4806
3 4809 4807 4808
3 4807 5189 5680
3 4809 5255 8914
3 5800 4810 6647
3 4812 5732 7330
3 4813 7516 5625
3 4815 9874 9186
3 4817 6663 9438
3 5667 4818 5941
3 6071 4820 5677
3 4821 4822 4823
3 5335 4821 7213
3 4826 4824 4825
3 9240 4824 9247
3 7710 4825 7711
3 4826 6260 7041
3 4828 4829 4827
3 4828 7761 9235
3 4832 4830 4831
3 5014 5471 4830
3 4953 4952 4831
3 4832 6472 6557
3 4833 6355 6112
3 5836 5835 4835
3 4836 4837 4838
3 4841 4839 4840
3 7512 7511 4840
3 4841 6980 9181
3 5239 7197 4842
3 6829 4843 4971
3 7862 4844 7863
3 5871 4846 6332
3 4850 4848 4849
3 6427 6431 4848
3 5340 4849 5341
3 6984 4850 6170
3 4853 4851 4852
3 7635 4851 5236
3 7638 4852 8802
3 4981 4982 4853
3 4854 4855 4856
3 6749 5360 4854
3 9906 8645 4855
3 6597 4856 7000
3 4859 4857 4858
3 4857 5338 5339
3 4859 5600 5307
3 6309 4861 6310
3 4862 4863 4864
3 4863 6221 6947
3 5616 4864 7466
3 5802 4865 6692
3 4868 4869 4867
3 4867 5358 7123
3 4868 5971 5972
3 4869 5342 5174
3 4871 5663 7861
3 4872 8318 9024
3 8929 7377 4874
3 6444 7182 4875
3 4877 6597 6598
3 4878 4879 4880
3 5641 4878 9446
3 7476 9106 4880
3 8748 4881 7768
3 8750 5981 4882
3 9338 4884 9339
3 4887 4885 4886
3 5228 4887 5229
3 7883 4889 9439
3 4890 4891 4892
3 7358 7363 4891
3 5601 5602 4892
3 4897 4920 4919
3 4900 4901 4902
3 5918 5620 4900
3 4901 5619 6128
3 4905 4903 4904
3 5947 4903 5595
3 6628 6875 4904
3 4905 7510 6428
3 4908 4906 4907
3 7544 7545 4906
3 6549 4907 8557
3 6343 6704 4909
3 4910 7710 9291
3 4914 4915 4916
3 4914 6919 7789
3 5555 4915 5579
3 5886 8859 4916
3 7473 4919 8689
3 7464 4920 5216
3 4921 4922 4923
3 7670 4921 7672
3 4922 7557 6505
3 4923 5961 5962
3 4924 4925 4926
3 9583 4924 8801
3 7192 4925 7191
3 5501 9107 4926
3 8425 4927 8424
3 9006 5375 4928
3 4929 7215 7214
3 4930 6729 6730
3 7126 7127 4931
3 7796 7797 4932
3 5653 5654 4933
3 5196 4934 5433
3 4935 6283 6282
3 9227 4936 9226
3 6808 4937 6807
3 5165 5933 4939
3 4941 4942 4943
3 10057 8473 4944
3 4945 9149 9148
3 4948 4946 4947
3 7221 7725 4946
3 6418 6912 4948
3 4949 4950 4951
3 4952 6199 6200
3 5304 5303 4954
3 4958 4956 4957
3 6482 6481 4956
3 6664 4957 7006
3 4958 6659 6652
3 4961 4959 4960
3 6660 4959 5933
3 5757 4960 7119
3 9021 4961 5201
3 7052 4962 7051
3 6162 4963 6163
3 4964 4965 4966
3 5422 5423 4964
3 8021 8022 4965
3 4966 6087 6086
3 5059 6869 4968
3 4969 6866 6069
3 4972 4970 4971
3 7351 4972 7196
3 4975 4973 4974
3 4973 7247 6941
3 7150 4974 6690
3 6832 5947 4975
3 4976 6963 6964
3 6943 6942 4977
3 4979 6836 5315
3 9223 4982 7413
3 4983 4984 4985
3 9223 8623 4983
3 9761 4984 8620
3 4985 5235 5236
3 4986 5732 5733
3 4988 4989 4987
3 6506 5818 4987
3 4991 4992 4990
3 9529 5354 4990
3 4991 5729 5695
3 7519 4992 7520
3 4996 4994 4995
3 6337 6338 4994
3 6643 4995 6644
3 4999 4997 4998
3 8567 4998 8565
3 4999 6320 5748
3 6293 5001 9112
3 9290 5002 6341
3 7699 5003 7700
3 5004 5005 5006
3 5005 7243 7242
3 5006 5644 5645
3 5009 5007 5008
3 9476 7172 5008
3 5013 5014 5012
3 5012 5334 5548
3 6302 5472 5013
3 6703 5015 6272
3 8618 7759 5016
3 5017 7292 9492
3 5019 9212 9213
3 5020 5139 5140
3 5493 5022 5494
3 6209 5023 6208
3 6449 5024 6448
3 5025 6494 6225
3 5026 5027 5028
3 6611 5027 5964
3 5028 8651 8652
3 5121 5029 5040
3 5033 5031 5032
3 5032 5938 6921
3 5033 6218 7216
3 5036 5034 5035
3 9307 5249 5034
3 5712 5035 5357
3 5067 6188 5036
3 5037 6930 6931
3 5038 5039 5040
3 7300 5039 6976
3 5041 7352 5715
3 5044 5042 5043
3 5813 5042 6997
3 5043 5809 9339
3 5047 5045 5046
3 5596 5045 5595
3 5046 5463 9027
3 9975 5047 7245
3 5050 5048 5049
3 5051 6908 6907
3 7375 7053 5054
3 6122 7579 5055
3 5059 5057 5058
3 7186 5057 8147
3 5110 5665 5058
3 5060 5061 5062
3 7210 5770 5061
3 5065 5063 5064
3 7312 7457 5063
3 8930 6633 5064
3 5068 5066 5067
3 8995 5066 8994
3 5069 5070 5071
3 5070 10052 10053
3 5071 6580 7429
3 7547 5073 7161
3 5074 5075 5076
3 5074 6384 6385
3 6527 5075 6526
3 5917 6914 5076
3 6886 5077 6887
3 5078 6858 6856
3 5079 5983 5984
3 5710 5080 6380
3 5081 5082 5083
3 6880 6997 5082
3 5691 5690 5085
3 5522 5086 6177
3 5092 5090 5091
3 5090 6556 6447
3 5091 5851 5850
3 7023 6959 5096
3 9241 8656 5099
3 5101 5102 5100
3 7583 7584 5100
3 5102 8872 8874
3 5103 5104 5105
3 7551 5105 7847
3 5721 5106 5720
3 6594 5107 5853
3 5108 7154 9439
3 8257 5114 7372
3 5426 5115 9766
3 5232 5231 5117
3 5120 5118 5119
3 9269 5118 9268
3 5119 7117 7116
3 5120 9240 9238
3 6210 6211 5121
3 6236 6237 5123
3 5125 5126 5127
3 5259 5260 5128
3 7398 5129 6279
3 5130 5131 5132
3 5905 5904 5131
3 5133 5134 5135
3 6110 6552 5134
3 5138 5136 5137
3 5840 5137 5839
3 5139 9297 9296
3 5142 5143 5141
3 6432 7146 5142
3 5146 5144 5145
3 9264 6434 5144
3 5771 5145 5271
3 5330 5146 6412
3 6916 5147 6917
3 8550 8551 5148
3 5149 5150 5151
3 5149 6303 6304
3 5178 5177 5150
3 9494 5151 5152
3 5152 5153 5154
3 5561 5790 5153
3 5155 7496 6005
3 5157 5799 5800
3 5158 7439 7440
3 5159 5160 5161
3 6261 6262 5159
3 7495 6865 5161
3 5162 7565 7353
3 5165 5163 5164
3 9020 5164 8471
3 5166 5167 5168
3 5166 9483 6996
3 6992 6993 5168
3 5169 6544 6543
3 7199 5170 8421
3 7202 7409 5173
3 5174 5175 5176
3 5175 7224 7225
3 5176 5648 6274
3 5560 5561 5177
3 5541 5178 7438
3 7226 7227 5179
3 5474 5180 5847
3 6724 7540 5181
3 5184 6743 6465
3 5185 5501 5502
3 5335 5336 5186
3 7407 5187 6763
3 6011 5188 7482
3 5190 5191 5192
3 5190 6805 6857
3 8042 6614 5191
3 7416 6282 5192
3 5194 5195 5193
3 9216 6859 5193
3 5198 5196 5197
3 5197 5397 5396
3 7142 5198 7507
3 5199 5200 5201
3 5204 5202 5203
3 5203 9454 9453
3 7779 7780 5204
3 5205 5206 5207
3 9490 9102 5206
3 6186 6187 5207
3 5208 5209 5210
3 5398 5208 5399
3 9171 5209 7594
3 8876 5210 8875
3 5213 5211 5212
3 5211 7541 6425
3 5213 7595 7596
3 5697 9092 5215
3 5217 5218 5216
3 5217 5296 5295
3 5218 9593 8154
3 5219 6063 6064
3 5220 7950 7951
3 6643 8812 5221
3 5223 5224 5222
3 5867 5222 5866
3 5513 5223 6955
3 7451 7499 5226
3 5229 7111 7112
3 5230 7621 7622
3 5231 7805 7806
3 8393 5232 6596
3 8805 5235 9970
3 5241 5242 5240
3 6759 5240 6542
3 5241 7417 7423
3 5242 6791 7436
3 5243 5244 5245
3 5243 5291 6589
3 5244 9349 7946
3 5246 5689 5688
3 5249 5247 5248
3 9308 7052 5247
3 5248 7124 7123
3 7567 6883 5250
3 5251 6129 6130
3 5252 5576 5577
3 5493 5253 6248
3 5256 6356 6944
3 5257 5258 5259
3 7400 7250 5257
3 5258 6824 6304
3 6500 5263 7201
3 5264 5713 5700
3 5265 7791 5436
3 5266 6401 6455
3 5269 5267 5268
3 7740 7742 5267
3 5542 5270 7327
3 5272 6433 6566
3 5275 5273 5274
3 5868 5273 5869
3 9465 9464 5274
3 10131 5275 9887
3 5276 5277 5278
3 5276 6137 6138
3 5918 5722 5277
3 5278 6076 7084
3 5279 5280 5281
3 8978 10055 5280
3 7796 7624 5281
3 5286 5284 5285
3 5988 6834 5284
3 5285 5622 6435
3 6009 5286 5785
3 7689 7691 5288
3 5292 6585 7467
3 9051 5293 9050
3 5294 7891 6673
3 8974 5295 8973
3 5297 9551 9552
3 5300 5298 5299
3 5298 7952 7953
3 5299 9123 9840
3 7272 5302 8638
3 5349 5303 9446
3 5470 5469 5304
3 5735 6755 5305
3 5308 5337 5338
3 5310 6951 6952
3 5311 5312 5313
3 6792 6558 5311
3 8019 5312 7391
3 8816 7639 5313
3 5474 5314 5407
3 7489 5316 6038
3 5318 6751 7032
3 5991 5990 5320
3 5323 5324 5325
3 5323 6007 7625
3 5832 5325 9105
3 5326 5327 5328
3 6722 5327 7248
3 5330 5331 5332
3 6195 6196 5331
3 5485 5332 5337
3 6599 5333 6557
3 6196 6129 5339
3 7231 5343 8654
3 6054 5459 5344
3 7470 5963 5345
3 9152 5346 9151
3 6128 6127 5347
3 5973 6463 5351
3 5354 5352 5353
3 5358 5356 5357
3 5356 6274 6275
3 5359 8745 8746
3 5363 5364 5365
3 7039 5363 6736
3 6710 6709 5364
3 5365 6998 6707
3 6521 5368 8899
3 5371 5369 5370
3 5369 5909 5910
3 6276 6769 5371
3 5372 7164 7066
3 5373 7061 7062
3 5378 5379 5380
3 5378 8958 5850
3 5379 7307 7308
3 5382 5753 5752
3 5384 5385 5383
3 6888 5383 6079
3 5384 5749 5748
3 5385 5787 5788
3 5386 6587 6586
3 5388 6120 6124
3 5391 5880 5443
3 5681 5393 5680
3 8981 5394 6902
3 8020 5395 9480
3 5497 5396 5496
3 8907 8908 5399
3 5400 5783 6314
3 5403 5404 5402
3 7280 6800 5402
3 5404 6927 6929
3 5407 5405 5406
3 6364 6363 5406
3 5408 7347 7349
3 5411 5409 5410
3 6563 5409 9307
3 5410 5547 6003
3 5411 9222 9308
3 5414 5412 5413
3 8412 5412 5731
3 7574 7497 5413
3 7258 7033 5416
3 5417 5789 7259
3 5419 5420 5421
3 5420 6697 6698
3 5422 5885 7395
3 9228 6364 5424
3 5425 5909 6681
3 5428 5426 5427
3 5427 6573 6574
3 5428 5512 5513
3 5430 6368 6369
3 5432 6183 6362
3 5434 8977 7704
3 5435 5436 5437
3 5435 6400 6401
3 9476 9972 5438
3 9083 9081 5439
3 5445 5443 5444
3 6241 6240 5444
3 6370 9224 5447
3 6762 5448 5711
3 6761 5449 6760
3 5450 9208 7633
3 5453 5454 5452
3 5623 5452 5622
3 5453 5898 7536
3 5746 5747 5454
3 6939 8164 5456
3 5934 5935 5457
3 8317 5458 8316
3 5461 5459 5460
3 5460 5698 5697
3 5461 5845 5570
3 5462 9084 7396
3 5465 5463 5464
3 5464 5596 6206
3 6768 6426 5465
3 5468 5466 5467
3 9153 5468 9152
3 5642 5469 9228
3 5473 8917 8916
3 5475 7153 7559
3 5476 9185 7209
3 5479 5477 5478
3 5598 5597 5478
3 7526 5479 7388
3 5481 7984 5893
3 5482 5483 5484
3 6841 6840 5483
3 6999 5484 6882
3 5485 5594 6903
3 6636 5486 6491
3 6136 5487 6109
3 5488 5489 5490
3 5490 9266 6262
3 5907 5906 5492
3 6415 5494 9144
3 7414 6453 5496
3 7507 5497 6202
3 5502 7192 7189
3 6266 6267 5503
3 5504 6920 7217
3 5507 5505 5506
3 5505 6976 6977
3 6115 5506 7375
3 5508 5509 5510
3 5958 5508 5957
3 7293 5511 7281
3 5522 5520 5521
3 5521 9894 9892
3 5526 5527 5525
3 6474 9416 5526
3 5527 6532 6530
3 7457 5529 7734
3 8912 6212 5531
3 6924 8962 5534
3 7336 5536 6404
3 5537 6288 6289
3 5538 5539 5540
3 5540 8658 6329
3 5543 5541 5542
3 5543 6420 6421
3 6146 5544 6950
3 5545 9760 9755
3 5715 5714 5546
3 5550 5548 5549
3 6713 5549 6712
3 5553 5551 5552
3 5551 6085 6084
3 5552 6971 6970
3 5553 8491 9023
3 5556 5554 5555
3 5884 5554 7321
3 5556 6139 6344
3 5559 8759 8760
3 5560 8927 7259
3 5564 5649 6284
3 5650 5565 6016
3 6449 6741 5567
3 5569 6991 6990
3 5571 5572 5570
3 5572 6612 7470
3 5575 5573 5574
3 6731 5576 5664
3 5577 5662 5663
3 7074 5578 7075
3 7789 6515 5580
3 5582 5583 5581
3 7494 7048 5584
3 5585 5797 5798
3 5588 5589 5587
3 9912 9015 5587
3 5588 6889 6890
3 5590 5591 5592
3 6021 5590 6022
3 7207 5593 9263
3 5599 5598 7047
3 5601 6639 6066
3 5603 5604 5605
3 6699 5604 5730
3 9032 8935 5605
3 5801 5606 6522
3 7899 5607 6771
3 5610 5611 5612
3 6057 6058 5610
3 7483 7374 5611
3 5632 6059 5612
3 5613 5614 5615
3 5615 9701 9698
3 5616 5617 5618
3 5617 7681 7683
3 5834 5618 5833
3 5620 5621 5619
3 5621 6138 6725
3 5624 5625 5626
3 8152 8153 5624
3 6579 5626 7517
3 5627 6519 6520
3 5628 7068 7069
3 5629 5630 5631
3 7082 7083 5631
3 5635 5633 5634
3 6650 6651 5633
3 8021 5634 8024
3 9225 5636 7317
3 5637 5638 5639
3 6268 5637 5823
3 5924 5923 5639
3 5642 5640 5641
3 5643 6399 6301
3 5644 5812 6013
3 6789 9284 5645
3 5646 6372 6030
3 5651 5649 5650
3 7295 5652 8975
3 7142 7143 5653
3 5655 5656 5657
3 7949 5655 9350
3 9349 5656 7093
3 6590 5657 6589
3 9079 9894 5658
3 5659 6386 5982
3 8421 6550 5661
3 7397 6629 5666
3 5667 5668 5669
3 6487 6393 5668
3 5672 5670 5671
3 6775 5672 7119
3 5678 5676 5677
3 6452 5678 6451
3 5683 7598 7599
3 5818 5685 5817
3 5686 7268 6718
3 6500 6501 5687
3 7387 7279 5688
3 5998 5689 5997
3 6696 5690 6695
3 6254 6988 5691
3 6739 5692 7253
3 7393 6687 5693
3 5696 5694 5695
3 9445 5696 6060
3 5698 6747 6748
3 7543 7558 5699
3 5702 5700 5701
3 7577 6802 5701
3 7204 5702 6797
3 6708 6920 5703
3 5706 5704 5705
3 5704 7468 7090
3 5705 7135 6678
3 5708 8761 8759
3 5713 6104 6103
3 7258 5716 7845
3 8262 5717 8927
3 5719 7722 7723
3 5720 6328 5821
3 5723 6032 6031
3 5727 5728 5726
3 5726 7606 7607
3 6095 5728 8875
3 5734 5735 5736
3 5734 9926 6846
3 7998 7999 5737
3 5740 5738 5739
3 5739 6535 6536
3 7101 5740 6036
3 5741 5742 5743
3 5741 6550 6543
3 7333 5743 6684
3 6696 5745 7790
3 7419 5746 7420
3 5749 7743 7744
3 8415 6821 5751
3 5755 5756 5754
3 5755 6715 7745
3 5756 7394 7321
3 5760 5761 5759
3 8953 8954 5759
3 8991 9879 5761
3 5762 9237 6781
3 6854 7468 5763
3 5765 5766 5764
3 6073 5764 6663
3 5770 5768 5769
3 9025 5771 9026
3 7573 7488 5774
3 9348 6590 5775
3 5776 6988 7010
3 5777 9108 6437
3 5863 5778 5870
3 5779 5780 5781
3 7564 5779 7563
3 9179 5780 7148
3 7511 5781 7603
3 7251 7252 5782
3 5784 5785 5786
3 5784 5903 5902
3 5793 5791 5792
3 5796 5794 5795
3 9452 6486 5795
3 5806 5804 5805
3 5805 7410 7411
3 5807 7969 7968
3 5808 6466 7368
3 5810 5811 5809
3 5812 5810 5813
3 7242 8781 5811
3 5816 5814 5815
3 5816 7684 7683
3 5817 9165 6525
3 7490 8582 5820
3 5824 5825 5826
3 5824 7348 6429
3 5825 6539 6538
3 8580 7349 5826
3 5827 5828 5829
3 6172 5827 6037
3 5828 6210 7301
3 6165 5829 6164
3 5830 5831 5832
3 5830 7180 7179
3 5831 6098 6008
3 5833 7684 7685
3 5848 5844 5840
3 5841 6182 6183
3 6607 5984 5846
3 7980 7976 5851
3 7050 5852 7500
3 5929 5928 5854
3 5858 7256 6974
3 6869 5859 6868
3 9155 5864 8254
3 9010 7570 5865
3 6701 5866 6700
3 8469 9654 5868
3 7109 5869 7106
3 5873 5874 5872
3 6934 5872 6933
3 7477 6446 5873
3 5878 5876 5877
3 5879 5880 5881
3 5882 6981 6982
3 5886 5884 5885
3 5891 5889 5890
3 7008 5889 7009
3 7057 5890 7058
3 7060 7059 5891
3 5892 6014 6015
3 5894 6743 6742
3 5895 5896 5897
3 8968 8967 5896
3 9049 9050 5897
3 5899 5900 5901
3 7223 5899 6627
3 8573 5901 8572
3 6243 7390 5902
3 5906 6491 6490
3 5907 8985 6796
3 5911 5912 5913
3 7099 7100 5913
3 5914 5915 5916
3 6299 6915 5914
3 5915 7212 7211
3 8015 8016 5916
3 8755 7431 5919
3 5920 7382 9538
3 6711 5921 7554
3 5927 5925 5926
3 6009 6010 5925
3 5988 5927 5987
3 5987 5928 6175
3 5931 5932 5930
3 5935 6461 6460
3 6302 5936 9165
3 5938 5939 5940
3 7737 5940 7736
3 5941 6766 6765
3 5942 6707 6708
3 6736 5943 6735
3 5946 5944 5945
3 7766 7767 5944
3 5945 6400 6369
3 5948 5949 5950
3 8374 9083 5948
3 5950 9643 9642
3 5952 5953 5951
3 5951 7439 9643
3 7160 9108 5952
3 7194 5953 7010
3 5955 5956 5954
3 5954 8810 8811
3 5955 6044 6043
3 5956 7904 7618
3 5958 9346 7866
3 5960 7680 7695
3 5961 6504 9140
3 6043 5962 7906
3 5967 5965 5966
3 7652 7653 5966
3 5967 8918 6278
3 5968 9114 6818
3 5971 7124 7051
3 7140 7141 5975
3 9032 7545 5976
3 6719 6720 5977
3 5980 5978 5979
3 7520 9215 5980
3 5994 5992 5993
3 5992 6885 6366
3 5993 7868 7326
3 5996 5994 5995
3 5995 6406 6405
3 5998 7325 7322
3 6001 5999 6000
3 9292 6000 6727
3 7967 6001 7966
3 6002 6523 7501
3 7608 9221 6003
3 6006 6004 6005
3 6004 7809 7810
3 9955 7822 6006
3 6010 7390 6701
3 6012 7462 7461
3 6502 6017 7597
3 6019 6142 6289
3 8912 6020 7099
3 6023 7900 9000
3 6024 9347 9346
3 6025 6026 6027
3 7167 6025 9750
3 6778 9146 6034
3 6036 6037 6035
3 7672 6044 7673
3 6088 6045 6089
3 6444 6046 6445
3 7163 6104 6048
3 7602 9655 6052
3 6054 7069 6747
3 6057 6055 6056
3 6056 6936 6823
3 6822 7484 6058
3 6059 7020 7021
3 7863 7910 6062
3 9669 6063 9668
3 6064 7959 7960
3 6066 6067 6065
3 8293 6065 9486
3 7919 9899 6067
3 6068 6069 6070
3 6072 6073 6074
3 6773 6075 6774
3 8661 6077 9876
3 6602 7475 6078
3 6080 7884 6387
3 7198 6081 7886
3 6611 6612 6082
3 6571 6083 6572
3 8465 6085 8464
3 6087 9477 9479
3 7427 7428 6088
3 6653 6090 6652
3 6091 8756 8033
3 6094 6092 6093
3 6092 6476 6477
3 9271 7117 6093
3 6483 6484 6094
3 6097 6095 6096
3 9171 6575 6096
3 6573 9336 6097
3 6100 6101 6102
3 6360 6361 6101
3 8474 7332 6102
3 6109 6107 6108
3 6670 6108 6671
3 6468 6469 6114
3 6118 6119 6120
3 6118 9925 9150
3 6119 6126 6125
3 7351 7509 6121
3 7371 6123 7370
3 9150 9151 6126
3 7749 9644 6131
3 8565 8566 6136
3 6141 6504 6505
3 6143 8470 7474
3 6147 6148 6149
3 6152 6150 6151
3 6151 7175 6615
3 6155 6153 6154
3 7670 7671 6153
3 7027 6154 7026
3 6906 6155 6905
3 6158 6156 6157
3 6159 6316 6913
3 8245 6161 8244
3 8906 6709 6166
3 6167 6168 6169
3 6871 6870 6168
3 8983 8984 6169
3 7278 6172 6536
3 6173 7318 7317
3 6176 7521 7522
3 7790 7791 6177
3 6179 7274 7275
3 10064 6186 9100
3 8751 7528 6187
3 6190 6188 6189
3 9816 6189 8995
3 6194 8430 8428
3 6195 9109 8218
3 6232 6197 6231
3 6201 6202 6203
3 7143 6201 7415
3 6203 6453 6454
3 6429 6206 6428
3 6213 8382 8381
3 6215 6216 6214
3 6375 6376 6214
3 6215 6570 6569
3 7940 6216 7939
3 7957 7958 6217
3 6220 6218 6219
3 6219 6921 6917
3 6224 6222 6223
3 6223 6622 6613
3 6226 6224 6225
3 6495 6231 6226
3 6227 7037 7038
3 6228 6752 7379
3 6235 7376 6544
3 6376 6407 6238
3 6239 6422 6961
3 9005 6309 6241
3 6244 7332 7218
3 6245 6246 6247
3 6472 6250 6471
3 9238 9239 6251
3 6256 6257 6258
3 6868 6256 6867
3 6321 7696 6259
3 6803 6263 6804
3 6271 8379 8377
3 6518 6909 6273
3 7485 6280 9141
3 6671 6281 7485
3 6285 6985 6884
3 7016 6630 6287
3 6922 6288 6923
3 6292 6290 6291
3 7103 7721 6290
3 7105 7104 6291
3 7303 7306 6292
3 6296 6294 6295
3 6555 6558 6294
3 6792 7643 6295
3 6299 6297 6298
3 6297 9578 9579
3 6298 6442 7331
3 6300 6856 6754
3 6303 6398 6399
3 7678 6305 6377
3 7630 6306 7628
3 6913 6308 6642
3 7514 6315 10124
3 9070 6318 7527
3 6319 6938 6937
3 8734 9749 6320
3 6322 6546 7067
3 6323 7301 7300
3 6324 7679 7680
3 6617 6326 6618
3 6329 6330 6331
3 6331 8073 8911
3 6335 6771 6770
3 8045 6857 6337
3 6339 6512 7515
3 6340 7617 7616
3 6341 6342 6343
3 6348 7155 7154
3 7896 7898 6350
3 7422 7114 6353
3 6354 6634 6790
3 6548 6547 6357
3 6848 6720 6358
3 8546 7164 6362
3 6366 6367 6365
3 7869 6365 9282
3 7859 6367 7858
3 6371 6372 6373
3 6375 6674 6675
3 6379 6380 6381
3 6379 7412 7413
3 7075 7444 6384
3 6385 7447 7446
3 9692 8476 6391
3 6396 6394 6395
3 7851 8148 6394
3 6402 6403 6404
3 9328 6906 6402
3 6457 6403 6458
3 9003 6405 9002
3 7431 6408 7383
3 6687 6409 6688
3 6410 6629 6630
3 6844 6411 6843
3 9025 7596 6412
3 7081 6416 6452
3 7650 7664 6420
3 6421 8261 8262
3 6422 6423 6424
3 6430 7370 6774
3 6434 6432 6433
3 6766 6811 6438
3 6439 6440 6441
3 6439 6748 6924
3 6441 7554 9092
3 6443 9579 8767
3 7428 7518 6445
3 6448 6613 6614
3 6981 9267 6450
3 9482 7723 6451
3 6839 6838 6454
3 7768 6455 7767
3 6457 9101 9102
3 7237 9103 6458
3 8988 6459 8992
3 6761 7901 6462
3 6464 6465 6466
3 6464 8798 9107
3 6468 7449 9178
3 6473 6474 6475
3 6473 6499 8818
3 6485 6486 6476
3 8756 6657 6477
3 6478 9014 9016
3 6480 9068 7045
3 9270 6483 9269
3 8037 8034 6484
3 6487 6488 6489
3 6598 6488 6765
3 6489 7000 7001
3 6956 6490 6493
3 7030 7029 6494
3 6496 6497 6498
3 7234 6496 9344
3 6501 7040 9351
3 7265 6503 6674
3 6507 7552 7556
3 6511 8062 8063
3 6513 6514 6515
3 9112 6527 6513
3 6514 6526 9489
3 7097 7098 6516
3 6517 7369 6777
3 6525 6523 6524
3 8749 10139 6529
3 8919 8920 6533
3 9188 6534 8367
3 6851 6538 6850
3 7605 6539 7510
3 6545 6757 6756
3 6553 6554 6555
3 6712 7392 6554
3 9875 6562 8977
3 9187 7208 6567
3 6569 8004 8006
3 6570 7343 9127
3 6571 8986 8987
3 6942 8439 6572
3 6578 6576 6577
3 6581 6579 6580
3 6582 6583 6581
3 6582 8959 8960
3 8445 6584 8444
3 7612 6586 9529
3 8557 6699 6587
3 6588 7333 7334
3 6591 6592 6593
3 7567 6591 8733
3 9491 6593 7513
3 7735 6962 6605
3 6606 7064 10120
3 7646 6609 7645
3 7949 6610 7947
3 6621 6620 6619
3 7749 6623 7748
3 8910 6625 7729
3 6626 7443 7444
3 6632 7114 7115
3 6638 6636 6637
3 6637 6796 6795
3 7917 6639 7918
3 9163 6640 7334
3 6647 6645 6646
3 6648 8216 9605
3 7769 6795 6649
3 6949 6650 6950
3 6651 7166 7165
3 6658 6657 6653
3 6655 6656 6654
3 6656 6811 9438
3 9271 6658 7716
3 6662 6661 6659
3 6660 6776 6775
3 7715 7716 6661
3 6665 6662 6664
3 6667 6668 6669
3 6670 8734 8567
3 6678 6676 6677
3 6677 6679 9162
3 6681 6679 6680
3 6683 6684 6685
3 8976 6683 8975
3 6691 6826 6686
3 6688 8754 9283
3 7236 6689 7235
3 6693 8032 9452
3 6737 6694 7597
3 7203 6697 7202
3 6698 10079 9031
3 9188 6757 6704
3 7264 6705 8366
3 8322 9630 6716
3 6717 8364 9231
3 6721 8984 9580
3 7568 6723 7569
3 8803 9475 6728
3 6734 6894 6895
3 8993 7895 6740
3 8043 6741 8042
3 7063 6742 7132
3 6746 6744 6745
3 7956 8008 6744
3 9868 6745 9869
3 6817 6746 7403
3 6752 6750 6751
3 6798 6750 6797
3 8412 6753 8413
3 7480 6755 6845
3 7677 6756 9483
3 6768 7348 7347
3 7328 9162 6769
3 8216 6770 8215
3 7042 7043 6772
3 6776 9020 9019
3 6779 6780 6781
3 7152 6779 7560
3 6855 6780 7239
3 8069 8070 6782
3 6788 8754 8755
3 6798 6802 6801
3 8091 8097 6799
3 7032 6801 7031
3 7159 6807 9110
3 6814 6815 6812
3 6818 6816 6817
3 6819 7299 7887
3 9621 6820 9623
3 6823 6821 6822
3 7438 6824 7249
3 7003 6827 7002
3 7778 7773 6831
3 6833 7150 6991
3 6835 7063 7064
3 7267 6836 8655
3 6881 6882 6840
3 7012 7013 6841
3 7016 7015 6843
3 6844 6985 6984
3 6847 6845 6846
3 8971 6847 9049
3 7616 7618 6849
3 8577 6850 8579
3 6851 9560 9822
3 7718 7719 6858
3 9820 6860 9821
3 7667 7717 6861
3 6864 8784 8786
3 6866 6867 6865
3 6873 6874 6872
3 7792 7793 6872
3 7386 10019 6873
3 6874 9325 9326
3 8573 8578 6875
3 6879 6876 6878
3 7121 6877 7120
3 7718 6886 9335
3 7812 8414 6887
3 7743 6888 7479
3 6889 8251 8249
3 6890 8253 8254
3 6892 6893 6891
3 6891 7360 7793
3 6892 8825 8635
3 9900 6893 9902
3 7364 7365 6895
3 6897 7848 7846
3 6898 7096 7095
3 6899 6900 6901
3 7573 6901 7331
3 7206 9264 6903
3 7237 6905 7238
3 6912 6908 6911
3 7442 9535 6910
3 7220 7221 6911
3 7012 7074 6914
3 7737 7738 6916
3 8169 8171 6923
3 6925 7433 7432
3 6928 6926 6927
3 7989 6926 7987
3 9802 8099 6929
3 8928 8349 6935
3 7920 6937 7922
3 6938 9069 9486
3 8431 8536 6943
3 6947 6945 6946
3 8656 8657 6945
3 9752 9280 6946
3 9757 9759 6949
3 8480 9467 6963
3 8483 6964 9657
3 6967 6965 6966
3 6969 6965 6968
3 8492 6966 8489
3 8490 6969 9148
3 7053 6977 6986
3 6979 6980 6978
3 6978 7603 9180
3 6979 10090 7732
3 6983 7692 7690
3 9004 8369 6992
3 7626 7627 6993
3 6996 6994 6995
3 6994 8367 8366
3 8906 7217 6998
3 7001 8649 10109
3 7002 7105 9548
3 7137 7374 7004
3 7005 7173 7171
3 7045 7044 7006
3 7008 7783 7784
3 7009 7570 7571
3 7017 7018 7019
3 7626 8368 7017
3 7018 7502 8821
3 7630 7019 8417
3 7026 8619 8618
3 9344 7030 9342
3 7035 7033 7034
3 9815 8963 7035
3 7036 9163 8976
3 7204 7038 7201
3 9702 9246 7041
3 7707 7708 7044
3 7046 8996 8997
3 7055 7056 7054
3 7608 7056 7600
3 7575 7576 7057
3 7058 7784 8167
3 7061 7066 7065
3 7062 8418 9134
3 7065 7077 7078
3 7676 7067 7677
3 7068 8961 8962
3 7241 7731 7070
3 7073 7071 7072
3 10033 7071 8673
3 7073 7505 8159
3 7293 7076 9492
3 7281 7282 7078
3 9208 7080 7323
3 7128 7081 7722
3 7085 7086 7087
3 7420 7536 7087
3 9878 7088 7730
3 7089 7090 7091
3 7092 7093 7094
3 7945 7092 7096
3 7947 7948 7094
3 9046 8876 7095
3 8556 8555 7098
3 7102 7339 7340
3 7543 7110 7544
3 7711 7116 7712
3 7120 7187 10093
3 7121 8730 8731
3 7125 7127 10094
3 8571 8569 7126
3 7131 7129 7130
3 7276 7129 7277
3 8836 10120 7130
3 7465 7268 7133
3 7134 8964 8965
3 8973 7139 8972
3 7455 7140 9017
3 7144 7145 7146
3 7147 7148 7149
3 7566 7604 7149
3 7151 7152 7153
3 9443 7155 9441
3 7158 7157 7159
3 7158 7703 7704
3 8018 8025 7165
3 8816 7166 8817
3 7179 7177 7168
3 7176 9972 7169
3 7782 7170 7781
3 7175 7174 7173
3 7178 8654 7297
3 7181 8920 8921
3 8422 8423 7182
3 7555 7185 8146
3 7188 9971 7277
3 7191 9292 9293
3 7440 7194 9233
3 7197 7195 7196
3 9172 7590 7195
3 7199 7200 7198
3 7885 7884 7200
3 9928 7203 9929
3 7207 7205 7206
3 7524 8824 7214
3 7219 7538 7542
3 7224 7229 7230
3 8806 8807 7228
3 7232 7233 7234
3 7232 10051 10052
3 7460 9473 7238
3 7856 8725 7239
3 7260 9181 7240
3 8418 8419 7251
3 9279 7580 7252
3 7255 7253 7254
3 8047 7255 8046
3 8966 9815 7262
3 7263 9609 8225
3 7270 7271 7269
3 7269 8562 8563
3 9009 7270 9008
3 8391 7274 7810
3 8315 7275 8314
3 9970 8837 7276
3 7280 8101 8092
3 7283 7284 7285
3 7283 7566 7564
3 9874 7284 7563
3 7708 7709 7288
3 7291 7289 7290
3 7289 9667 9668
3 7291 8547 8548
3 8966 7298 8965
3 7427 7302 7458
3 7303 7304 7305
3 7305 8943 8944
3 7977 7307 7976
3 7310 7309 7308
3 7309 9879 8992
3 8951 7310 8955
3 7524 7314 7525
3 7316 7482 8899
3 8380 7319 9644
3 7324 7322 7323
3 7387 7324 7862
3 9003 7631 7325
3 7648 7327 7647
3 9816 8996 7329
3 7530 7335 7425
3 7336 9981 8170
3 7450 7338 7452
3 7430 7340 7452
3 7344 7345 7346
3 7492 7493 7344
3 7726 10090 7345
3 9180 9179 7346
3 7350 8782 8781
3 7354 8814 9760
3 7360 7358 7359
3 7362 7361 7359
3 7386 7361 7385
3 7362 8268 8269
3 7363 9900 9901
3 7364 9324 9321
3 7365 8009 8010
3 8256 7366 8255
3 9343 9342 7378
3 7383 7381 7382
3 7384 8663 8271
3 7385 8272 8273
3 7400 7398 7399
3 9494 8416 7401
3 7404 8165 9143
3 7405 7406 7407
3 7411 9548 7721
3 7417 7418 7419
3 9607 7426 9606
3 7429 7504 7505
3 7432 7437 7435
3 10048 8915 7433
3 7437 7988 7987
3 9489 7446 7445
3 8622 8624 7448
3 7450 7451 7449
3 7455 7453 7454
3 7453 8226 8227
3 7581 7472 7454
3 9474 7518 7458
3 8979 7462 7898
3 7463 7946 7945
3 7487 7464 7486
3 7466 9281 7687
3 10040 8448 7467
3 7472 7469 7471
3 7480 8819 8818
3 7974 7481 7973
3 7486 8158 9877
3 7849 7491 9106
3 7494 8930 8931
3 7496 7497 7498
3 9331 9332 7498
3 7907 7908 7503
3 9183 7504 9182
3 7871 7506 8909
3 7509 7590 7589
3 8067 7515 8066
3 8735 8736 7516
3 8736 8737 7517
3 7523 7521 7528
3 7522 9552 9553
3 7529 7533 7903
3 7530 7531 7532
3 7538 7539 7540
3 7550 7644 7645
3 7558 8822 8823
3 7559 7562 7604
3 7569 8744 8745
3 7571 8558 8559
3 9329 9330 7574
3 7575 8174 8175
3 7578 8370 8371
3 7579 8297 7644
3 8221 10093 7581
3 8368 8369 7582
3 7583 8000 8001
3 7584 8621 8623
3 8665 8664 7586
3 7587 8292 8294
3 8727 9456 7588
3 8296 8297 7589
3 7593 7591 7592
3 7927 7591 9937
3 7926 9831 7592
3 8294 8295 7593
3 9222 9221 7598
3 7601 7599 7600
3 7601 8477 9655
3 7605 8578 8579
3 9336 8743 7606
3 8061 7609 9338
3 7727 7611 7729
3 7615 7614 7613
3 8067 8810 7617
3 7628 7629 7627
3 7675 7676 7629
3 7631 7632 7633
3 7634 9002 9001
3 7636 7971 9209
3 7639 7640 7641
3 7640 8815 8813
3 7641 7642 7643
3 7646 8296 8908
3 7647 7742 9803
3 7649 7650 7648
3 9803 7741 7651
3 8351 9801 7652
3 7653 7661 9147
3 7654 7655 7656
3 7654 7741 7739
3 7657 7658 7655
3 7657 7662 7661
3 8353 7658 9801
3 8352 7660 8353
3 7662 7739 7740
3 7666 7663 7665
3 7668 9071 9072
3 7669 9074 9079
3 7671 7752 10086
3 7673 7753 7752
3 8415 8416 7674
3 7679 7681 7682
3 7682 7687 7686
3 7694 7695 7686
3 7688 7689 7690
3 7688 9281 9280
3 9907 7691 9754
3 7693 7694 7692
3 9908 7696 9907
3 8963 8964 7697
3 7702 7701 7699
3 7702 7709 7705
3 7703 7705 7706
3 7713 7714 7712
3 8723 7714 8722
3 8084 7717 8083
3 7719 9329 8413
3 7726 7727 7728
3 7730 7731 7732
3 7733 9263 8931
3 7736 9847 9849
3 8552 9881 7738
3 7746 8378 9641
3 7747 7750 7748
3 7751 9640 9642
3 8811 10101 7753
3 7757 7754 7759
3 7755 10157 9687
3 7758 7756 7757
3 7756 9549 9550
3 7758 8619 10086
3 7763 7761 7762
3 7766 7764 7765
3 9935 7765 10139
3 7771 7772 7770
3 7774 7770 7773
3 7771 9914 9913
3 7776 7772 7775
3 10062 10063 7774
3 7776 9016 9912
3 9913 9614 7777
3 8224 7778 8225
3 7779 9460 9459
3 9862 10148 7780
3 9603 7781 9602
3 7782 10028 8562
3 7786 7783 7785
3 7785 8559 10005
3 7788 7787 7786
3 8184 7787 10050
3 7788 9604 9603
3 7792 7794 7795
3 9554 7794 9326
3 9117 8826 7795
3 9261 7797 9262
3 7800 7798 7799
3 8860 8861 7798
3 9558 7799 8862
3 7802 7800 7801
3 7801 9950 8598
3 7802 7803 7804
3 7803 8346 8344
3 7804 8864 8863
3 7808 7805 7807
3 8390 9958 7807
3 7817 7808 8411
3 7809 9193 9196
3 7812 7813 7811
3 7815 7811 7819
3 7816 7814 7815
3 7814 9957 8414
3 7816 7820 7823
3 7817 7818 7819
3 7818 7821 7820
3 7821 8395 9942
3 7822 7823 7824
3 7824 9192 9193
3 7826 7827 7825
3 7833 7825 7830
3 9361 9360 7826
3 9410 7843 7827
3 7830 7828 7829
3 7841 7828 7838
3 7832 7831 7829
3 7831 9938 9363
3 7835 7832 7834
3 9362 7833 9363
3 9411 7834 7842
3 7835 9395 9396
3 7838 7836 7837
3 7844 7836 7843
3 7840 7839 7837
3 7842 7841 7839
3 7840 9940 9941
3 9408 9940 7844
3 7852 7853 7854
3 7857 7852 7856
3 8090 7860 8089
3 7865 7866 7864
3 7864 9282 8090
3 7869 7867 7868
3 7877 7875 7876
3 9935 7875 9934
3 7876 7879 7878
3 10170 7877 8762
3 8747 7879 8749
3 7883 7882 7880
3 8633 9799 7881
3 9443 9444 7882
3 8636 8637 7887
3 7888 7889 7890
3 9048 7888 10094
3 7889 7892 7891
3 9051 9926 7890
3 7895 7893 7894
3 9259 9260 7893
3 7894 7897 7896
3 10055 7897 9262
3 7902 7900 7901
3 8999 7902 8808
3 7903 7904 7905
3 9341 7908 8149
3 7910 7911 7909
3 7912 7913 7914
3 7913 7916 7915
3 7914 7919 7917
3 9625 9626 7915
3 7918 9901 9440
3 7921 9624 10140
3 9626 7922 9899
3 7924 7925 7923
3 7923 7926 7927
3 8284 8947 7924
3 7925 9565 9563
3 7928 7929 7930
3 7928 8663 8664
3 9254 7929 9566
3 7930 9810 9424
3 7931 7932 7933
3 7931 9800 8834
3 9568 7932 9569
3 7933 9798 9794
3 7934 7935 7936
3 7934 7937 7938
3 7935 9797 9798
3 9568 9121 7936
3 7937 9120 8636
3 7939 7941 7942
3 7941 7943 7944
3 7943 8006 8913
3 9126 9125 7944
3 8907 9046 7948
3 9570 7950 7965
3 9123 7953 9124
3 7955 7956 7954
3 7955 8005 8003
3 8387 7959 9880
3 7965 7960 7964
3 7961 7962 7963
3 7961 9571 9570
3 9848 9847 7962
3 9033 9034 7963
3 8383 9848 7964
3 9584 7966 9583
3 10136 7967 8017
3 7968 8765 8799
3 8549 7969 8547
3 7970 7971 7972
3 7970 8554 9751
3 7975 7972 7974
3 8551 7973 10136
3 7975 8550 9881
3 9573 8955 7977
3 7980 7978 7979
3 9572 9573 7979
3 7981 9470 10115
3 9572 7982 8956
3 8096 8102 7985
3 7992 7993 7986
3 7990 7991 7988
3 7989 8103 8104
3 8915 8136 7990
3 8117 7991 8120
3 7992 8125 8126
3 7993 9575 9574
3 7994 9574 8132
3 7997 7996 7995
3 7997 8134 10047
3 7998 9698 9699
3 8870 7999 9576
3 9576 8000 8874
3 8001 9699 9700
3 8002 8003 8004
3 8002 8007 8008
3 9838 8005 9839
3 9128 8007 9127
3 8009 8012 8011
3 8010 9577 9035
3 8013 8014 8011
3 8012 9323 10019
3 8013 8273 8277
3 8014 8275 9577
3 9584 10041 8016
3 8020 8018 8019
3 8022 9478 9477
3 8025 8023 8024
3 8023 9973 9478
3 9595 8026 9340
3 8027 8982 8981
3 8033 8032 8031
3 8036 8034 8035
3 8035 9910 9539
3 8037 9905 10001
3 9813 8040 9812
3 8045 8044 8043
3 8047 8152 9022
3 8048 8049 8050
3 10089 10088 8048
3 9715 9713 8049
3 9137 8050 10007
3 8053 8051 8052
3 8051 8057 8058
3 8052 8677 10156
3 8053 9713 9714
3 8054 8055 8056
3 9136 8054 9135
3 8055 9711 9183
3 10089 8056 9184
3 8157 8676 8057
3 8678 8058 8680
3 8061 8059 8060
3 8065 8063 8064
3 10049 8064 9030
3 8081 8065 8080
3 8066 9597 9599
3 8068 9687 8069
3 8070 8071 8072
3 9689 8071 9688
3 8072 9596 9598
3 8082 8079 8076
3 8080 8077 8079
3 10049 9029 8078
3 9767 8082 9484
3 8088 8083 8087
3 8086 8085 8084
3 8086 9639 8863
3 9232 9230 8088
3 8091 8092 8093
3 8093 8112 8109
3 8094 8095 8096
3 8094 8867 9587
3 10016 9861 8095
3 9620 8098 9619
3 8100 8101 8099
3 9590 8112 8100
3 9983 8923 8102
3 8119 8124 8103
3 8106 8105 8104
3 9802 8105 9502
3 8128 8922 8106
3 8107 8108 8109
3 8107 8113 8114
3 8108 8110 8111
3 10173 10175 8110
3 10010 9619 8111
3 8113 8115 8116
3 9857 9856 8114
3 9590 9499 8115
3 9836 8116 9833
3 8117 8118 8119
3 9629 8304 8118
3 9592 8263 8120
3 8122 8123 8121
3 8121 8298 8299
3 8122 8839 8840
3 8123 10008 9575
3 8127 8128 8124
3 8125 8923 8924
3 8126 9518 8300
3 8127 8306 9517
3 8131 8129 8130
3 8138 8129 8137
3 10047 8130 8659
3 8139 8131 9591
3 8133 8134 8132
3 8145 9591 8133
3 8137 8135 8136
3 8141 9592 8135
3 10048 8662 8138
3 8141 8139 8140
3 8142 8143 8140
3 8142 8145 8144
3 8266 8143 10021
3 10022 8144 10008
3 8155 8156 8154
3 8155 8670 8669
3 8157 8158 8156
3 9712 8159 9711
3 8161 9927 9598
3 9597 8162 9596
3 8167 9600 9305
3 8168 8169 8170
3 8168 8937 8938
3 8939 8940 8171
3 9301 8172 8199
3 8173 8193 8192
3 8174 9305 8189
3 8175 9302 8202
3 8178 8176 8177
3 8942 8176 9806
3 8180 8179 8177
3 8178 8181 8182
3 8185 8179 8186
3 8180 8941 8938
3 10032 8181 9708
3 8182 8183 8184
3 9706 9600 8183
3 8190 8191 8185
3 8192 8186 8196
3 8187 8188 8189
3 8187 8194 8195
3 9303 8188 9306
3 8190 10147 9066
3 9707 9708 8191
3 10009 8193 9920
3 9709 9710 8194
3 9060 9061 8195
3 8197 8198 8199
3 8197 9553 9865
3 8208 8209 8198
3 8202 8200 8201
3 8211 8213 8200
3 8727 8201 8726
3 8205 8203 8204
3 9921 8203 9304
3 8207 8206 8204
3 8210 8211 8205
3 8210 8206 8212
3 8209 8207 8214
3 8208 8882 9863
3 8212 9863 9864
3 8213 9864 8877
3 8214 9923 9922
3 8222 8220 8221
3 8220 9177 8730
3 9870 8222 8227
3 8224 9045 9826
3 8229 8226 8228
3 9612 8228 9611
3 9805 8229 9804
3 8230 8231 8232
3 8230 8236 8237
3 9039 8231 9804
3 10135 8232 10133
3 8233 8234 8235
3 10135 10134 8233
3 9044 9610 8234
3 8235 8242 8243
3 8236 8243 9615
3 8237 8239 8238
3 9805 8238 9873
3 8241 8239 8240
3 9615 8778 8240
3 8241 8779 9872
3 9606 9608 8242
3 10113 9608 8246
3 9618 8770 8247
3 8250 8248 8249
3 8253 8248 8252
3 9819 10095 8250
3 8251 9015 9013
3 9487 9157 8252
3 8255 8742 9766
3 8258 8256 8257
3 8265 8263 8264
3 8266 8267 8264
3 8265 8843 10012
3 8841 8267 8846
3 8268 8271 8270
3 8269 9421 9827
3 9424 9422 8270
3 9425 8272 9827
3 8274 8275 8276
3 8280 8274 8279
3 8276 8277 8278
3 8668 9809 8278
3 8946 8279 8945
3 8280 8281 8282
3 8283 8281 8284
3 9035 8282 9036
3 8283 8949 8950
3 8288 8289 8290
3 8288 9627 9628
3 8289 9681 9249
3 8290 9565 9903
3 8291 8293 8292
3 8295 9069 9070
3 8301 8298 8300
3 8303 8302 8299
3 8312 9998 8301
3 8302 10171 9895
3 9995 9996 8303
3 8306 8304 8305
3 8305 9996 9997
3 8307 8308 8309
3 10000 9514 8307
3 8311 8310 8308
3 8309 8312 8313
3 9999 8310 9997
3 8311 9516 9517
3 8313 9520 10000
3 9199 9202 8314
3 8322 8315 8321
3 8316 9633 9632
3 9200 8317 10017
3 8320 8318 8319
3 8320 8326 8327
3 8321 9397 8332
3 8324 8325 8323
3 8323 8327 10018
3 8324 9842 9405
3 8325 9634 9631
3 8342 8326 9285
3 8328 8329 8330
3 8334 8328 8333
3 10067 10066 8329
3 9096 8330 9098
3 8333 8331 8332
3 9636 8331 9635
3 8334 9399 10108
3 8337 8335 8336
3 9638 8335 8345
3 8585 8336 8584
3 8337 8341 8342
3 8340 8338 8339
3 9677 8338 9675
3 9288 8339 9289
3 9637 8588 8340
3 8341 8599 8607
3 8343 8344 8345
3 8343 9285 8865
3 8598 8594 8346
3 8349 8347 8348
3 8347 8864 8865
3 8350 9231 9931
3 9585 8352 9586
3 8356 8354 8355
3 9380 8354 10105
3 8355 8358 8357
3 9387 9384 8356
3 9365 8357 9364
3 9378 8358 9377
3 8359 8360 8361
3 8359 8362 8363
3 8360 8862 8861
3 8361 9229 9230
3 8362 9930 9931
3 8363 8364 8365
3 9556 8365 9286
3 8374 8372 8373
3 8372 9640 9641
3 8373 8375 8376
3 8375 8378 8377
3 9082 8376 10167
3 10167 8379 10118
3 9621 9622 8382
3 8383 8384 8385
3 8384 8387 8386
3 10141 8385 10074
3 9673 8386 8556
3 8389 8390 8388
3 8392 8388 8393
3 8389 9385 9392
3 9391 9197 8391
3 8392 9200 9201
3 8394 8395 8396
3 8405 8394 8403
3 8396 8411 8407
3 8398 8399 8397
3 8397 8409 8410
3 8400 8398 8401
3 8399 8402 8403
3 8402 8400 8404
3 8401 9194 9191
3 8406 8405 8404
3 9942 8406 9190
3 8407 8408 8409
3 8408 9958 9447
3 8410 9448 9449
3 8429 8424 8428
3 8426 8425 8427
3 8653 8426 8651
3 9530 9533 8427
3 9530 8429 9531
3 10003 8430 10002
3 8431 8432 8433
3 8482 8432 8483
3 8433 8434 8435
3 8857 8854 8434
3 8435 9204 8436
3 8437 8438 8436
3 8520 8437 8521
3 8537 8536 8438
3 8439 8440 8441
3 9159 9160 8440
3 9649 8441 9652
3 8443 8444 8442
3 8443 9650 9651
3 8544 10040 8445
3 9648 8446 8990
3 8447 8448 8449
3 8454 8455 8449
3 8458 8463 8450
3 8451 8452 8453
3 8451 9159 9161
3 8459 8452 8460
3 8453 9691 8629
3 8625 8454 8628
3 8461 8455 9653
3 8456 8457 8458
3 8462 8456 8461
3 8787 8529 8457
3 8459 8901 9824
3 9777 8788 8460
3 8903 8462 8902
3 8532 10027 8463
3 8464 9658 8487
3 8465 8466 8467
3 8466 8484 8485
3 8468 8469 8467
3 8720 8468 8719
3 8473 8471 8472
3 8475 8642 8744
3 8478 8479 8480
3 9885 8479 9889
3 8482 9656 8510
3 8487 8486 8484
3 9979 9980 8485
3 9431 8486 9429
3 8489 8490 8488
3 9206 8488 9915
3 8493 8491 8492
3 8493 8517 9659
3 8494 8495 8496
3 8494 9659 8497
3 8503 9427 8495
3 8496 9658 9023
3 8499 8497 8498
3 8849 8856 8498
3 8499 8505 8504
3 8500 8501 8502
3 8508 8500 8507
3 8503 8504 8501
3 8506 8502 8505
3 8853 8506 8852
3 8510 8507 8509
3 9435 9433 8508
3 8509 8853 8857
3 8513 8511 8512
3 8516 8517 8511
3 9205 8512 9206
3 10024 10025 8513
3 8516 8514 8515
3 8519 8514 8518
3 8848 8849 8515
3 10025 9359 8518
3 9358 9789 8519
3 8527 8528 8520
3 8521 9660 9661
3 8524 8522 8523
3 8525 8526 8522
3 8535 8523 8533
3 9205 8524 9703
3 9916 8525 9915
3 8532 8531 8526
3 8527 9664 9665
3 8528 9777 9778
3 8531 8529 8530
3 8534 8533 8530
3 9784 9785 8534
3 9781 9786 8535
3 8537 9778 9161
3 8540 8538 8539
3 8538 9932 9933
3 8542 8541 8539
3 8540 8632 9890
3 8541 9160 8631
3 8542 9933 9652
3 8543 8544 8545
3 9890 8628 8543
3 8545 9651 9932
3 8552 8553 8554
3 8553 9849 10141
3 9671 8555 9670
3 8561 8558 8560
3 8564 8563 8560
3 8561 10028 10006
3 8564 9007 9008
3 8570 8568 8569
3 8568 9047 9048
3 8570 9255 9256
3 8571 9261 9260
3 8574 8572 8575
3 8574 8576 8577
3 8575 9257 9256
3 8576 9258 9560
3 8581 9822 8993
3 8587 8584 8586
3 8600 8599 8585
3 8586 9676 9674
3 10177 10178 8587
3 8590 8588 8589
3 8605 9837 8589
3 9675 8590 9674
3 8593 8591 8592
3 9948 9289 8591
3 9677 10030 8592
3 8595 8597 8593
3 8596 8594 8595
3 8596 10030 10029
3 9949 8597 9950
3 8606 8601 8600
3 8603 8601 8602
3 8605 8604 8602
3 9841 8603 9098
3 8604 9097 9096
3 10178 10176 8606
3 10018 8607 10123
3 8608 8609 8610
3 10056 9628 8608
3 8706 8609 9129
3 8705 10076 8610
3 8613 8611 8612
3 8617 8615 8611
3 8692 8612 10142
3 8613 9722 9716
3 8616 8614 8615
3 8614 9685 9686
3 8616 9680 10056
3 8617 10138 9679
3 8620 8621 8622
3 8624 9700 9701
3 8625 8626 8627
3 8626 8632 8630
3 10038 10037 8627
3 8630 8631 8629
3 8633 8634 8635
3 8634 9444 9902
3 9843 9562 8637
3 8641 8642 8640
3 9275 8640 8648
3 8641 9696 9697
3 8645 8643 8644
3 9278 8643 9693
3 8649 8644 8650
3 8648 8646 8647
3 8646 9692 9534
3 10003 8650 10043
3 9532 9817 8652
3 9243 8657 9242
3 8661 8659 8660
3 9567 8665 9831
3 8667 8668 8666
3 9426 8666 9425
3 8667 9418 9417
3 9851 8669 10169
3 9594 10102 8670
3 8671 8672 8673
3 9712 9139 8671
3 8672 8675 8674
3 8674 10102 10034
3 8684 10169 8675
3 9850 8676 9851
3 8679 8677 8678
3 10097 10098 8679
3 9850 9855 8680
3 8681 8682 8683
3 10098 10099 8681
3 9138 8682 10077
3 10156 8683 10007
3 8684 8685 8686
3 9139 9136 8685
3 8686 8687 8688
3 10078 8687 10077
3 9855 8688 9854
3 8692 8690 8691
3 8690 9852 9738
3 10035 9723 8691
3 8693 8694 8695
3 8693 9770 10044
3 8898 8694 10110
3 8883 8695 8884
3 8698 8696 8697
3 8704 8696 8703
3 9771 9772 8697
3 8700 8698 8699
3 8699 9166 9167
3 8702 8700 8701
3 8701 9170 8888
3 8702 9088 9085
3 9087 9733 8703
3 9771 8704 10044
3 8707 8705 8706
3 9727 8707 9725
3 8710 8708 8709
3 8886 8889 8708
3 9742 8709 9741
3 9737 8710 9736
3 8713 8711 8712
3 8711 9168 9167
3 8712 10084 9727
3 8713 9724 9740
3 8714 8715 8716
3 8714 9657 10023
3 8715 8717 8718
3 8716 9976 10122
3 8721 8720 8717
3 8718 10036 9977
3 9980 10036 8719
3 8721 10165 10114
3 8723 9290 9291
3 8729 8728 8726
3 8728 9862 9458
3 8878 8729 8877
3 9891 9454 8732
3 10088 8735 10087
3 9184 9182 8737
3 10087 8739 9715
3 9877 9714 8740
3 8743 8742 8741
3 10031 8746 9697
3 9936 8748 9934
3 10091 8761 8750
3 8757 8760 8762
3 8765 8763 8764
3 8767 8766 8764
3 8769 8766 8768
3 9578 10041 8768
3 8801 8800 8769
3 8770 8771 8772
3 8771 10162 10163
3 9616 9617 8772
3 8773 8774 8775
3 8773 9463 9616
3 8774 10163 10160
3 8775 9744 9461
3 8778 8776 8777
3 9617 8776 10113
3 8777 8780 8779
3 8780 9463 9462
3 8785 8783 8784
3 8785 9911 10001
3 9965 9966 8787
3 8788 8789 8790
3 9665 9969 8789
3 8900 8901 8790
3 8792 8793 8791
3 8791 8794 8795
3 9543 8792 9823
3 8902 10039 8793
3 8794 10038 9691
3 8797 8796 8795
3 9542 9823 8796
3 9546 8797 9824
3 8798 8799 8800
3 8803 8804 8805
3 8807 8808 8809
3 9756 8815 9758
3 9758 8817 9759
3 8969 8819 8970
3 8825 8826 8827
3 8827 8833 8834
3 8830 8828 8829
3 9115 9116 8828
3 8832 8829 8831
3 9808 8830 9122
3 9843 8831 9844
3 9120 9119 8832
3 9569 8833 9808
3 8836 8837 8838
3 8838 9761 9762
3 9895 9896 8839
3 8840 8844 8845
3 8841 8842 8843
3 8842 9897 9898
3 8844 8847 8846
3 10022 8845 10021
3 8847 9896 9897
3 8850 8851 8848
3 8855 8854 8850
3 8852 8856 8851
3 9789 10046 8855
3 8860 9639 9229
3 8866 8868 8869
3 8868 8870 8871
3 10096 9589 8869
3 8871 8872 8873
3 9620 10096 8873
3 8879 8880 8878
3 8879 8882 8881
3 9866 9867 8880
3 9865 9866 8881
3 9768 8883 9737
3 8884 8885 8886
3 8891 9090 8885
3 8888 8889 8887
3 9088 8887 9089
3 8892 8890 8891
3 10111 9953 8890
3 8898 8893 8892
3 8895 8893 8894
3 8896 8894 8897
3 8895 9954 10111
3 8896 9952 9954
3 8897 10110 9733
3 8900 10004 9547
3 8905 8903 8904
3 8904 9543 9544
3 8905 10045 9965
3 9838 9126 8913
3 9319 8919 9416
3 8921 9318 9317
3 8922 8925 8926
3 9987 8924 9988
3 9984 8925 9515
3 8926 9496 9498
3 8933 8934 8935
3 9029 9028 8933
3 8942 8939 8941
3 8940 9601 9602
3 8945 9809 10014
3 8947 8946 8948
3 9903 8948 10137
3 8951 8952 8953
3 8952 8956 8957
3 8954 9961 9472
3 8957 10115 9962
3 9812 8959 9811
3 8970 8971 8967
3 8969 9318 9319
3 10033 10034 8972
3 8974 9594 9593
3 8982 10121 9974
3 9647 9648 8986
3 8991 8987 8989
3 8988 8989 8990
3 8997 9511 9510
3 8998 9868 9512
3 9011 9007 9010
3 9011 9155 9156
3 9014 9012 9013
3 9818 9819 9012
3 9018 9614 9611
3 9024 9631 9632
3 9928 9028 10079
3 9792 10059 9034
3 9037 9038 9039
3 9041 9037 9040
3 10133 9038 10132
3 9613 9040 9612
3 9043 9041 9042
3 9044 9042 9045
3 9043 10134 10132
3 9054 9052 9053
3 9829 9830 9052
3 9683 9053 9684
3 9717 9846 9054
3 9055 9056 9057
3 9132 9055 9845
3 9059 9058 9056
3 9829 9057 9420
3 9828 9417 9058
3 9627 9059 9130
3 9060 9064 9067
3 9316 9061 9312
3 9062 9063 9064
3 9707 9062 9710
3 9063 9066 9065
3 10069 10071 9065
3 10070 9067 10071
3 9071 9799 9800
3 9072 9076 9077
3 9073 9074 9075
3 10153 9893 9073
3 9075 9077 9078
3 9794 9795 9076
3 9078 9796 10155
3 9082 9080 9081
3 10117 10118 9084
3 9087 9085 9086
3 9086 9951 9952
3 9091 9089 9090
3 9091 9953 9951
3 9095 9093 9094
3 9093 9861 9859
3 9094 9994 9991
3 9095 9982 9983
3 9637 9635 9097
3 9099 9100 9101
3 9104 9099 9103
3 9115 9117 9118
3 9116 9645 10020
3 9118 9554 9555
3 9121 9122 9119
3 9571 10058 9124
3 10059 9125 10058
3 9128 9508 9869
3 9131 9129 9130
3 9131 9132 9133
3 9726 9133 9734
3 9137 9138 9135
3 9149 10027 9916
3 9154 9156 9157
3 9975 9537 9164
3 10081 10080 9166
3 9170 9168 9169
3 9740 9741 9169
3 9173 9174 9175
3 9870 9871 9173
3 9174 9462 9461
3 9175 9176 9177
3 9176 9743 9891
3 9192 9190 9191
3 9196 9194 9195
3 9195 9451 9393
3 9197 9198 9199
3 9364 9366 9198
3 9388 9201 9390
3 9202 9939 9398
3 9204 9773 9774
3 9209 9210 9211
3 9298 9210 10075
3 9213 9298 9297
3 9487 9488 9217
3 9220 9218 9219
3 9820 9818 9219
3 9586 9930 9232
3 9893 9234 9892
3 9239 9242 9241
3 9243 9244 9245
3 9244 9247 9246
3 10042 9753 9245
3 9250 9248 9249
3 9563 9248 9564
3 9252 9251 9250
3 9254 9251 9253
3 9678 9679 9252
3 9253 9682 9683
3 9259 9258 9255
3 9270 9904 9905
3 9272 9273 9274
3 9278 9272 9277
3 9695 9696 9273
3 9276 9274 9275
3 9276 9532 9533
3 10043 9277 9531
3 9288 9286 9287
3 9630 9636 9287
3 9293 9475 9971
3 9299 9300 9296
3 9299 10072 9673
3 9301 9919 9920
3 9303 9304 9302
3 9924 9306 9316
3 9311 9309 9310
3 10009 9309 10147
3 9315 9314 9310
3 10069 9311 10068
3 9314 9312 9313
3 10070 10068 9313
3 9922 9315 9919
3 9321 9322 9323
3 9322 9327 9325
3 9555 9327 9645
3 9330 9335 9334
3 9331 9334 9333
3 9955 9332 9956
3 9956 9333 9957
3 9343 9813 9814
3 9353 9354 9352
3 9352 9773 10046
3 9357 9353 9358
3 9354 9355 9356
3 9355 9357 9359
3 9788 9775 9356
3 9360 10017 10107
3 10104 9361 10103
3 10103 9362 9369
3 9365 9394 10106
3 9366 9367 9368
3 9367 9372 9370
3 9368 9938 9939
3 9370 9371 9369
3 9376 9373 9371
3 9383 9372 9378
3 9375 9373 9374
3 9374 9382 9381
3 9390 10104 9375
3 9528 9525 9376
3 9380 9379 9377
3 9526 9527 9379
3 9389 9381 10105
3 9526 9382 9525
3 9383 9527 9528
3 9385 9386 9384
3 9386 9388 9389
3 9387 10106 9450
3 9391 9393 9394
3 9392 9448 9447
3 9400 9399 9395
3 9398 9396 9397
3 9411 9943 9400
3 9403 9401 9402
3 9407 9401 9944
3 9405 9402 9404
3 9403 10067 10108
3 9409 9404 9406
3 9407 9408 9406
3 9409 9410 9412
3 9412 10107 9634
3 9420 9418 9419
3 9426 9947 9419
3 9423 9421 9422
3 9423 9945 9946
3 9427 9428 9429
3 9428 9433 9434
3 9430 9431 9432
3 9978 9979 9430
3 9436 9432 9434
3 9435 9437 9436
3 10122 9437 9656
3 9442 9440 9441
3 9451 9449 9450
3 9746 9747 9453
3 9456 9457 9455
3 10112 9618 9455
3 9458 9459 9457
3 9747 10158 9460
3 9888 9464 10164
3 10114 9465 9654
3 9468 9466 9467
3 10165 10023 9466
3 9468 9886 10164
3 9471 9469 9470
3 9469 9964 9963
3 9481 9479 9825
3 9480 9974 9973
3 9488 10095 9821
3 9497 9495 9496
3 9504 9495 9503
3 9986 10166 9497
3 9502 9498 9500
3 9499 9500 9501
3 9505 9501 9504
3 9834 9503 10125
3 9833 9505 9832
3 9512 9511 9507
3 9510 9508 9509
3 9516 9514 9515
3 9520 9518 9519
3 9985 9519 9987
3 9581 9595 9523
3 9542 9540 9541
3 9547 9540 9546
3 9541 9545 9544
3 10168 10045 9545
3 10101 9690 9549
3 9550 9688 10157
3 9867 9551 10148
3 9556 9557 9558
3 9948 9949 9557
3 9623 9561 10140
3 9564 9566 9567
3 9581 9580 9582
3 10121 9582 9825
3 9589 9588 9587
3 10011 9588 10010
3 9690 9599 9689
3 9601 9806 10050
3 9604 10005 10006
3 9610 9609 9607
3 9613 10060 10061
3 9622 9624 9625
3 9629 10012 10013
3 9807 9633 10119
3 9676 9638 10029
3 9844 10020 9646
3 9647 9649 9650
3 10039 9653 10037
3 9663 9662 9660
3 9666 9664 9661
3 9782 9662 10149
3 9776 10152 9663
3 9787 9666 9783
3 9917 9672 9667
3 9670 9880 9669
3 9681 9680 9678
3 9718 9682 10138
3 9684 9945 9810
3 9685 10076 9732
3 9728 10142 9686
3 9694 9695 9693
3 9906 10031 9694
3 9702 9908 10042
3 9705 9704 9703
3 10026 9704 10152
3 10149 9705 9786
3 9706 10032 9709
3 9718 9716 9717
3 9719 9720 9721
3 9719 9735 9734
3 9720 9845 9846
3 9721 9722 9723
3 9726 9724 9725
3 9728 9729 9730
3 9729 9732 9731
3 9853 9852 9730
3 10085 9731 10084
3 9742 9735 10035
3 9738 9739 9736
3 10083 10082 9739
3 9743 9744 9745
3 9745 9748 9746
3 10161 9748 10160
3 10073 10075 9751
3 9752 9753 9754
3 9755 9756 9757
3 9763 9764 9765
3 9768 9769 9770
3 9769 10082 10151
3 10081 9772 10151
3 9776 9774 9775
3 9779 9780 9781
3 9785 9787 9779
3 9780 9783 9782
3 9967 9784 9966
3 10026 9788 10024
3 10153 10154 9791
3 10154 10155 9793
3 9795 9797 9796
3 10054 9811 10053
3 10054 10051 9814
3 9826 10061 10062
3 10137 10014 9828
3 9830 9947 9946
3 9835 9832 9834
3 9835 9992 9993
3 9836 10127 10130
3 10176 10177 9837
3 10123 9841 10065
3 9842 10065 10066
3 9853 10150 10083
3 10097 9854 10100
3 10173 9856 10172
3 10146 9857 10144
3 9860 9858 9859
3 10146 10145 9858
3 10172 9860 10174
3 9871 9873 9872
3 9882 9883 9884
3 9882 9887 9888
3 9883 9886 9885
3 10092 9964 9884
3 10092 9889 9960
3 10013 9898 10171
3 9910 9911 9909
3 9914 10063 10060
3 9921 9924 9923
3 9936 10170 10091
3 9941 9944 9943
3 9959 9960 9961
3 9959 9962 9963
3 9969 9967 9968
3 10168 10004 9968
3 9978 9976 9977
3 9982 9989 9990
3 9984 9985 9986
3 10126 10166 9988
3 9989 9991 9992
3 10125 10126 9990
3 9993 10128 10127
3 10128 9994 10129
3 9999 9995 9998
3 10011 10015 10016
3 10015 10175 10174
3 10072 10073 10074
3 10078 10099 10100
3 10150 10085 10080
3 10158 10159 10112
3 10143 10129 10145
3 10130 10143 10144
3 10159 10161 10162
