v -0.22074 0.0675141 0.161591
v -0.22074 0.0675141 0.161591
v -0.00339031 0.181552 -0.104223
v -0.227572 0.0689207 0.159095
v -0.214588 0.0707969 0.158954
v 0.187062 0.0507163 0.138937
v 0.264291 0.0764613 0.132211
v 0.214565 0.06951 0.159146
v 0.222161 0.0687942 0.161308
v -0.221948 0.0742693 0.159973
v 0.219262 0.0754089 0.158754
v 0.0753206 -0.494875 0.055049
v -0.224229 0.0622483 0.15935
v 0.0740871 0.25717 -0.0665583
v -0.222019 0.0585322 0.152507
v -0.215532 0.0619883 0.15846
v -0.0840005 0.226224 -0.0186879
v 0.271106 0.0784028 0.132978
v 0.216635 0.0627375 0.159768
v 0.212748 0.0638752 0.154775
v -0.267195 0.0816813 0.126517
v 0.22786 0.0653346 0.158521
v -0.257033 0.0701995 0.128811
v -0.211366 0.0736218 0.153653
v -0.0928569 -0.467516 -0.0943754
v 0.227346 0.0725356 0.157187
v -0.254028 0.0713939 0.154925
v -0.253729 0.0662451 0.124965
v 0.0126528 0.498671 -0.0388651
v 0.0795166 0.211873 0.0131309
v -0.245199 0.0692285 0.155017
v -0.246439 0.0772674 0.154547
v -0.0834793 0.214023 -0.0119092
v -0.227916 0.0750858 0.156721
v -0.216218 0.0776245 0.156004
v 0.218142 0.0803874 0.15368
v 0.212477 0.0754516 0.154266
v -0.07719 0.439752 -0.0263802
v 0.259258 0.0750167 0.130947
v -0.0995437 -0.151994 0.0608861
v 0.134712 -0.211425 0.000796118
v -0.0566691 -0.0788107 0.102812
v 0.25066 0.0707114 0.156041
v 0.0258202 0.0309216 -0.11269
v -0.223418 0.079258 0.154861
v -0.218267 0.0823887 0.151035
v -0.230836 0.100325 0.0950735
v -0.229627 0.0630432 0.1532
v -0.253374 0.0709059 0.13332
v -0.0791834 -0.370655 -0.0957928
v -0.2151 0.0608093 0.150395
v -0.211022 0.0667553 0.152464
v 0.214058 0.0631332 0.147358
v 0.217928 0.0587167 0.153379
v -0.096159 -0.365338 -0.0934833
v 0.209831 0.0787237 0.123082
v 0.0302826 -0.380009 -0.0725303
v 0.132361 -0.13717 0.0238339
v -0.250241 0.0646608 0.15206
v -0.242841 0.0652318 0.148812
v -0.139393 -0.450333 -0.0484418
v -0.225098 0.0157653 -0.0299502
v 0.209827 0.0688881 0.151064
v -0.135745 -0.443512 -0.0596625
v 0.243402 0.0745783 0.154172
v 0.0792361 0.0555867 -0.0758046
v -0.0127609 -0.332293 -0.0247662
v 0.257271 0.0694487 0.147792
v -0.0557627 0.379825 0.0302617
v -0.240236 0.0731065 0.150893
v 0.224467 0.0784204 0.155322
v -0.129796 -0.301502 0.00724429
v 0.255268 0.0759022 0.151908
v -0.247507 0.0832939 0.149825
v -0.242131 0.07958 0.150195
v 0.209864 0.0748469 0.148021
v -0.142354 -0.41789 -0.0512314
v -0.24199 0.0835516 0.145826
v -0.22036 0.0863533 0.14581
v 0.212389 0.0805916 0.149184
v 0.252468 0.0870754 0.144742
v -0.269929 0.0571126 0.13639
v -0.138688 -0.39815 -0.0596531
v -0.276834 0.0598547 0.140485
v -0.271782 0.0678321 0.143474
v -0.256902 0.0667595 0.148017
v -0.250145 0.0624082 0.145581
v -0.00490972 -0.469793 0.000183653
v 0.219288 0.064872 0.139912
v -0.0805223 0.277352 -0.000829643
v 0.242183 0.0679961 0.15075
v 0.249427 0.0631832 0.148342
v 0.271155 0.0576349 0.140768
v 0.0822248 0.20722 0.00592936
v 0.245851 0.041965 -0.0166526
v 0.279361 0.0617471 0.139117
v -0.270816 0.07346 0.138823
v -0.258582 0.0740245 0.149387
v 0.273545 0.0673583 0.142732
v -0.116937 -0.0671277 0.0371855
v -0.238685 0.0776383 0.145803
v -0.231282 0.0735244 0.145702
v 0.227998 0.0857137 0.140615
v 0.258011 0.0766561 0.146715
v -0.230071 0.0802715 0.145203
v -0.213635 0.0842188 0.145895
v 0.242344 0.0790874 0.150024
v 0.258181 0.0819199 0.14287
v -0.0834211 0.269941 -0.014939
v -0.226661 0.0857074 0.143772
v 0.0791053 -0.0258085 0.0740979
v 0.223692 0.0861996 0.145493
v 0.246136 0.0873025 0.143894
v -0.0119304 0.177574 -0.103253
v -0.246774 0.0916264 0.137895
v -0.222645 0.0893101 0.141354
v 0.212696 0.0853115 0.143866
v -0.00594002 0.453972 0.0276523
v -0.191647 0.0576546 0.135303
v -0.194784 0.0494245 0.136329
v -0.187186 0.0527891 0.140284
v -0.180098 0.050532 0.136712
v 0.189139 0.0423879 0.134549
v 0.194497 0.0491225 0.135777
v 0.179902 0.0516509 0.135753
v 0.195248 0.044069 0.128986
v 0.194365 0.0575614 0.134695
v -0.269018 0.0589035 0.131489
v -0.275139 0.0583453 0.132015
v -0.265143 0.0614676 0.135278
v 0.108892 -0.285535 0.0265603
v -0.183091 0.0578599 0.135042
v 0.185398 0.0591244 0.13485
v -0.099214 0.0142564 0.017167
v -0.00718929 0.0834938 0.0734721
v 0.0412179 0.136739 -0.0935275
v 0.2758 0.0585809 0.131907
v -0.280504 0.0632482 0.133708
v 0.226318 -0.00157486 0.00615765
v 0.131053 -0.215976 0.00757418
v 0.226546 0.0680325 0.138211
v 0.263666 0.0656174 0.134529
v 0.28124 0.0651517 0.132381
v -0.279231 0.0699487 0.138924
v -0.265259 0.0679587 0.139579
v -0.257224 0.0738888 0.136677
v -0.223341 0.0640427 0.140891
v -0.217036 0.0678376 0.13451
v -0.210196 0.0722426 0.139127
v 0.222264 0.0683924 0.132666
v 0.23096 0.0703667 0.143768
v -0.0728368 0.158641 0.0234901
v 0.240295 0.0700768 0.139911
v -0.0165692 -0.387979 -0.0535045
v 0.0218208 0.203229 0.085267
v 0.280152 0.0685293 0.138201
v 0.281293 0.0704427 0.127158
v -0.277093 0.0764785 0.133912
v -0.237654 0.0759351 0.140019
v -0.229187 0.0697817 0.139792
v -0.208743 0.0794537 0.136239
v 0.017487 0.203017 0.0924973
v 0.231245 0.0797117 0.139264
v 0.238897 0.0762114 0.143899
v 0.266344 0.0806907 0.127634
v 0.276129 0.0739992 0.137428
v -0.210668 0.0841305 0.140387
v 0.209997 0.0755085 0.135142
v 0.237447 0.0819141 0.139019
v -0.253595 0.0895307 0.139985
v -0.237167 0.0856153 0.136342
v 0.231517 0.0847806 0.136016
v -0.240715 0.0908606 0.134476
v 0.21553 0.0894052 0.1387
v -0.186167 0.0434473 0.136737
v 0.0185745 -0.0925819 0.117598
v 0.00386383 0.157005 0.0781263
v -0.179217 0.0451954 0.130477
v 0.0475076 0.119302 -0.0898011
v 0.181444 0.0441692 0.132279
v 0.17776 0.0495165 0.12928
v 0.187577 0.0413824 0.126639
v 0.0169239 -0.116496 0.115734
v -0.197089 0.0549463 0.131935
v -0.198817 0.0492261 0.128877
v -0.177483 0.0539441 0.129965
v 0.178848 0.0569062 0.129774
v 0.198728 0.0515274 0.129395
v 0.0930819 0.121886 -0.0776757
v -0.017973 0.28093 0.0831525
v 0.210134 0.090776 0.096268
v 0.129309 -0.268154 0.007904
v -0.0788535 0.284788 0.00388742
v 0.183563 0.0619476 0.128499
v -0.078478 0.178368 0.0112098
v -0.0821828 0.253801 -0.00546353
v 0.267725 0.0593355 0.133559
v 0.277487 0.0637837 0.126043
v -0.277909 0.0632567 0.127327
v -0.187815 0.0623833 0.130067
v 0.0441506 0.227219 -0.0939472
v -0.181409 0.059963 0.128381
v 0.190471 0.0625385 0.129115
v 0.262898 0.0707099 0.131892
v 0.278391 0.0688329 0.120383
v 0.0267176 -0.0918707 0.116163
v -0.247651 0.0677332 0.134981
v -0.240937 0.0701035 0.136507
v 0.245978 0.0675605 0.136793
v -0.281336 0.069713 0.130553
v 0.0679814 0.229287 -0.0731769
v -0.236314 0.0753614 0.134748
v -0.0687887 -0.491333 -0.00105267
v 0.230261 0.0735511 0.137313
v -0.141077 -0.373704 -0.0532433
v 0.237247 0.0752706 0.136609
v 0.241101 0.0695836 0.133794
v 0.252787 0.0698689 0.133102
v 0.27987 0.077193 0.121891
v -0.274558 0.0808509 0.128147
v 0.142724 -0.361666 -0.0525624
v -0.258819 0.0801896 0.133981
v -0.234755 0.0803748 0.137418
v -0.231287 0.076539 0.139319
v -0.0985538 -0.108029 -0.132079
v -0.0839579 0.194903 -0.016296
v -0.144414 -0.395091 -0.044826
v -0.231612 0.0848683 0.134412
v 0.209449 0.083981 0.135792
v 0.258286 0.0862285 0.131383
v -0.210473 0.0863769 0.134482
v -0.124163 0.141526 -0.0268179
v 0.226772 0.0893584 0.135338
v 0.247854 0.0936007 0.132472
v 0.0124639 -0.449581 0.0282323
v 0.220328 0.0930688 0.134334
v 0.237446 0.0873942 0.134505
v 0.248731 0.0910257 0.138832
v -0.193198 0.0426686 0.129882
v 0.198003 0.0471977 0.124219
v -0.178252 0.0489675 0.123405
v 0.177562 0.0526103 0.12314
v -0.271415 0.06059 0.126707
v 0.178703 0.0561232 0.116581
v -0.26551 0.062162 0.12864
v 0.193987 0.0648136 0.122524
v 0.265591 0.0629046 0.129431
v -0.134621 -0.229498 -0.0438424
v -0.242851 0.0650358 0.130324
v -0.250183 0.0678709 0.129116
v -0.235867 0.0692012 0.131377
v -0.224948 0.0686171 0.134431
v 0.186129 0.0644933 0.122987
v -0.0127191 0.495116 -0.0228847
v 0.228398 0.069096 0.131939
v 0.246423 0.0610342 0.125058
v 0.252176 0.0664831 0.125662
v -0.22986 0.072621 0.133629
v 0.0216962 -0.4385 -0.0589846
v -0.0993089 -0.452713 -0.0894073
v 0.218484 0.0692401 0.125457
v 0.148658 -0.401488 -0.0293898
v 0.0194361 -0.415386 -0.0567312
v 0.0742933 0.390967 0.00220113
v -0.0110891 0.332694 -0.116803
v -0.277653 0.0815225 0.11626
v -0.211333 0.0756551 0.122994
v 0.212508 0.0740371 0.127891
v 0.260568 0.0800417 0.129915
v -0.260023 0.08429 0.126846
v -0.208603 0.0813038 0.128627
v -0.0647797 -0.14921 0.0872134
v -0.0258043 0.0333478 -0.111276
v 0.0181129 0.0490198 -0.109834
v -0.256198 0.0915689 0.127127
v -0.235478 0.088696 0.130735
v -0.228097 0.0909898 0.131
v -0.250996 0.0955525 0.127749
v -0.245466 0.0972767 0.12458
v -0.220688 0.0949402 0.129141
v -0.140335 -0.296313 -0.0172735
v 0.237605 0.0915048 0.129081
v -0.016029 -0.351136 -0.0504968
v -0.188483 0.0448996 0.113974
v -0.18238 0.045664 0.118322
v 0.180811 0.0483626 0.116881
v 0.186733 0.0431654 0.119119
v 0.192489 0.0441998 0.116422
v 0.197553 0.046792 0.118535
v -0.203014 0.0526157 0.115947
v 0.201531 0.0498928 0.114499
v -0.202577 0.0573508 0.120222
v -0.179568 0.0564094 0.113189
v 0.136802 -0.27851 -0.0552605
v -0.269044 0.0644838 0.115464
v -0.266884 0.0628205 0.122191
v -0.254299 0.0613853 0.121087
v -0.24169 0.0589337 0.12457
v -0.226474 0.0610498 0.123795
v -0.00190866 -0.0962219 0.11881
v -0.198502 0.0620968 0.122885
v -0.0216614 -0.103772 0.116645
v 0.200901 0.0613842 0.120465
v 0.228247 0.0590282 0.122741
v 0.144351 -0.151467 -0.0206648
v 0.265664 0.0634002 0.123057
v -0.27556 0.0687737 0.116109
v -0.260393 0.0651239 0.124527
v -0.216431 0.0705712 0.126018
v -0.192021 0.0652159 0.124155
v -0.188694 0.0678422 0.117597
v 0.188843 0.0681598 0.115762
v -0.0124108 -0.109913 0.116986
v 0.253937 0.060238 0.120477
v 0.259022 0.0651094 0.123432
v 0.262565 0.0665144 0.128233
v 0.274168 0.0676563 0.11452
v -0.279365 0.0749839 0.119041
v -0.256652 0.0753955 0.130825
v 0.258389 0.070097 0.127827
v 0.278834 0.080075 0.115256
v 0.275971 0.0846091 0.112145
v -0.271785 0.086449 0.114408
v -0.265575 0.0850433 0.11993
v 0.260749 0.084592 0.125339
v -0.258775 0.0895625 0.119648
v 0.0229561 -0.410657 -0.0629575
v 0.231515 0.0884133 0.130655
v -0.214661 0.093845 0.126589
v -0.0823815 0.398203 -0.0270623
v 0.23819 0.0952415 0.122874
v 0.245225 0.0985708 0.121595
v -0.00473432 -0.115257 0.117018
v -0.0248619 -0.0869538 0.115268
v -0.0293725 -0.111241 0.114094
v -0.000700725 -0.0863389 0.117911
v 0.0114931 -0.109765 0.117572
v 0.0286345 -0.106804 0.11533
v -0.0162506 0.309487 0.0865473
v -0.0162624 -0.0840762 0.11638
v 0.0154791 -0.0846137 0.116849
v -0.00047861 -0.0774131 0.115944
v -0.02091 -0.324792 -0.0622687
v -0.195191 0.0460243 0.111358
v 0.0685871 0.259527 0.0586879
v -0.241239 0.045024 0.115903
v -0.201607 0.0485887 0.110846
v 0.0210235 -0.323402 -0.0584367
v -0.135686 -0.297835 -0.057277
v 0.239349 0.0476229 0.117292
v 0.224351 0.047122 0.11428
v 0.137102 -0.29396 -0.0579356
v -0.254486 0.047625 0.112042
v -0.219758 0.0503113 0.11395
v 0.205477 0.0566766 0.115705
v 0.222844 0.0546125 0.118041
v 0.251482 0.0375675 0.103822
v -0.26124 0.0612726 0.116514
v -0.213812 0.062124 0.116355
v -0.186109 0.0682422 0.108856
v 0.204746 0.0646263 0.115521
v 0.215067 0.0655329 0.118441
v 0.259768 0.0886269 0.119057
v -0.213626 0.0693 0.118739
v -0.20231 0.0635458 0.116973
v 0.133681 -0.275524 -0.0609846
v 0.19792 0.0675842 0.116559
v 0.268193 0.0638251 0.115601
v 0.270687 0.0653953 0.108337
v -0.27738 0.0747735 0.111301
v -0.19817 0.0739217 0.108466
v -0.0145849 -0.253325 -0.0657659
v 0.277731 0.0786812 0.109234
v -0.264087 0.0892107 0.112749
v -0.182056 0.0634147 0.11563
v -0.211881 0.092385 0.12061
v 0.210699 0.0917642 0.11438
v 0.270812 0.0884922 0.109145
v -0.218383 0.0963333 0.122023
v -0.23132 0.0954222 0.117526
v -0.0355026 -0.491559 -0.0296175
v 0.253751 0.0957347 0.118597
v -0.251238 0.0987572 0.112235
v -0.132433 -0.259204 -0.0561305
v 0.224575 0.0979113 0.113797
v -0.0412834 -0.484987 0.107791
v -0.0447489 -0.471591 0.110662
v -0.132224 -0.245047 -0.0535372
v 0.083477 -0.0681474 0.0842952
v -0.0366542 -0.469064 0.111069
v -0.0330323 -0.478944 0.110031
v 0.253952 0.0920818 0.132833
v 0.0420075 -0.466432 0.110513
v 0.0274302 -0.470258 0.106717
v 0.0390045 -0.484539 0.108115
v 0.0499029 -0.472457 0.109528
v -0.0452064 -0.463949 0.10909
v 0.041924 -0.457723 0.105194
v 0.0506027 -0.462894 0.106453
v -0.198978 0.0474547 0.116716
v 0.00499877 -0.125484 0.114962
v -0.0138432 -0.142004 0.108814
v -0.0195232 -0.124121 0.113536
v -0.0362698 -0.126075 0.109249
v 0.0245539 -0.138351 0.10872
v 0.211568 0.0916639 0.123034
v -0.0472085 -0.109399 0.108771
v -0.0343525 -0.0904835 0.113604
v 0.04502 -0.104105 0.111164
v 0.034841 -0.0902288 0.114523
v -0.0378918 -0.0826096 0.111214
v 0.0507793 -0.0882298 0.108655
v -0.0318275 0.457897 -0.11226
v 0.135304 -0.185463 -0.0556558
v 0.135893 -0.213851 -0.0475645
v 0.142924 -0.317603 -0.0462591
v -0.00217266 -0.0516794 0.11014
v -0.0137404 -0.406743 -0.00593895
v -0.247902 0.0373722 0.106382
v -0.234745 0.03638 0.108194
v -0.221321 0.0358393 0.102027
v -0.189055 0.0482035 0.105626
v 0.186171 0.0512914 0.104505
v 0.195689 0.046458 0.112246
v 0.141127 -0.477553 -0.0359912
v 0.139684 -0.290728 -0.00919224
v 0.23177 0.037414 0.108703
v 0.244906 0.036887 0.107415
v 0.18209 0.0580129 0.105615
v 0.200272 0.0483081 0.107748
v 0.206032 0.0514327 0.110037
v 0.211485 0.0553237 0.111742
v -0.207233 0.0525101 0.111007
v -0.0386755 0.458616 -0.107627
v 0.180621 0.0589873 0.111584
v -0.130349 -0.186331 -0.0612224
v 0.0470117 0.444108 -0.111854
v -0.20714 0.0585929 0.11505
v -0.181771 0.0613847 0.108905
v 0.182861 0.0645212 0.109634
v 0.210711 0.0618016 0.114117
v -0.271937 0.0676225 0.107537
v -0.265802 0.0604732 0.108825
v -0.208467 0.0662833 0.11381
v 0.109735 -0.0360568 -0.0714584
v 0.210174 0.0688302 0.114086
v -0.209649 0.0749046 0.113913
v -0.201821 0.0703096 0.112869
v 0.194817 0.0718104 0.110687
v 0.203023 0.0712786 0.111558
v 0.209157 0.0769575 0.114453
v 0.274965 0.0719092 0.10808
v -0.108032 -0.453708 -0.0852163
v -0.274646 0.0835837 0.0986639
v -0.207756 0.0826141 0.110312
v 0.20784 0.0845117 0.110209
v 0.274188 0.0835765 0.0967988
v -0.269961 0.0886312 0.105853
v 0.258821 0.0922113 0.112145
v -0.213174 0.0949225 0.106799
v 0.216357 0.0967981 0.109661
v -0.229142 0.0984167 0.109713
v 0.233009 0.0982427 0.108912
v 0.240912 0.100186 0.109349
v -0.0259382 0.222537 0.112874
v -0.0358202 0.224583 0.112002
v -0.030245 0.215987 0.107049
v 0.0654163 0.18062 -0.0749033
v 0.00338779 0.225852 0.115852
v 0.039147 0.445339 -0.116379
v 0.0273983 0.218363 0.110416
v 0.0309502 0.226595 0.114029
v 0.0464881 0.222518 0.108806
v -0.0352944 0.233865 0.111864
v -0.132054 -0.194911 -0.0560284
v -0.00516742 0.231583 0.11583
v -0.125556 -0.204063 -0.0654136
v 0.0436234 0.237436 0.109074
v -0.0387991 0.239928 0.108199
v -0.0216188 0.236919 0.113195
v 0.129911 -0.19853 -0.0631015
v 0.127705 -0.185039 -0.0692097
v 0.133972 -0.194199 -0.0562748
v 0.13055 -0.353689 -0.072681
v 0.00816306 0.247488 0.109554
v -0.0502459 0.447602 -0.105801
v 0.104959 -0.460067 -0.0890532
v -0.0385481 -0.490924 0.102648
v -0.0243308 -0.488313 0.09702
v 0.131251 -0.156529 -0.068666
v 0.0318964 -0.478113 0.109377
v 0.0231516 -0.485042 0.0966966
v 0.045289 -0.488408 0.104925
v 0.0479052 -0.481934 0.108853
v 0.0549292 -0.48952 0.0947545
v 0.0561611 0.431463 -0.109088
v -0.0905515 -0.480499 0.103472
v -0.0820522 -0.486583 0.101871
v -0.0812269 -0.477183 0.105893
v 0.0500605 0.436861 -0.112402
v -0.0241021 -0.480694 0.104947
v 0.0241125 -0.478309 0.103645
v 0.0485146 0.429857 -0.115596
v 0.0872565 -0.474952 0.10561
v 0.0324995 -0.0633526 0.108876
v 0.130676 -0.13917 -0.0686441
v -0.0500797 0.439875 -0.109565
v -0.081609 -0.467707 0.103706
v -0.0551778 -0.477616 0.103881
v -0.136803 -0.134136 -0.0455228
v 0.0639353 -0.475615 0.101054
v 0.0785758 -0.472415 0.104626
v 0.099728 -0.475114 0.0985352
v -0.132672 -0.120268 -0.0512191
v -0.0580962 -0.469688 0.101595
v -0.0371858 -0.459993 0.10714
v -0.0300696 -0.46345 0.108112
v 0.024573 -0.462161 0.100647
v 0.0850349 -0.466413 0.103013
v -0.0446549 -0.45648 0.103007
v 0.00793262 -0.236579 -0.0683595
v -0.0493134 0.431392 -0.112829
v 0.0498939 -0.455859 0.0997465
v 0.0574812 -0.4611 0.0998277
v -0.0821801 -0.0788913 0.0865143
v 0.0230737 0.448765 -0.121545
v 0.0418953 -0.451986 0.0968521
v -0.00920996 -0.157091 0.102005
v 0.0598391 0.422363 -0.107177
v -0.0416846 -0.134747 0.104793
v -0.104001 -0.461173 -0.0891445
v 0.133595 -0.134646 -0.0612281
v -0.0833021 0.356572 -0.0454883
v -0.0445683 -0.465261 -0.0866383
v 0.0505937 -0.125402 0.105244
v 0.0542031 -0.117549 0.105606
v -0.0639886 -0.114485 0.100234
v 0.0606544 -0.101425 0.10494
v 0.127053 -0.0831428 -0.058262
v 0.0632917 -0.0931942 0.103456
v -0.0499682 -0.0746717 0.104946
v 0.0567992 0.414826 -0.110446
v 0.0455192 -0.0429824 0.0998217
v -0.0507166 0.407954 -0.113596
v -0.0304083 -0.040578 0.103273
v 0.0150548 0.00371645 0.0929306
v 0.105067 -0.469221 -0.090119
v 0.231134 0.0325069 0.102147
v -0.254767 0.0379728 0.102212
v -0.260005 0.0452927 0.105117
v 0.258166 0.0376002 0.0974347
v 0.264684 0.0450411 0.0968378
v -0.212056 0.0421393 0.100884
v -0.205822 0.0482822 0.105016
v -0.202598 0.0464365 0.0965531
v -0.182451 0.0549637 0.105955
v 0.198771 0.0483924 0.100568
v 0.205736 0.0484368 0.103469
v 0.12063 -0.054535 -0.0579193
v 0.263324 0.0385666 0.0877854
v 0.184163 0.0642551 0.102103
v -0.0551983 0.423527 -0.10953
v 0.136635 -0.286161 -0.00246528
v -0.0532659 0.390523 -0.108483
v 0.193375 0.0739876 0.103648
v 0.272716 0.0688593 0.099898
v -0.204008 0.076313 0.108055
v 0.198868 0.0748743 0.107106
v 0.204536 0.0777024 0.107112
v -0.266882 0.089456 0.096548
v 0.269644 0.0892997 0.101318
v -0.244853 0.100579 0.107812
v -0.21388 0.094057 0.0930466
v -0.0438751 -0.474074 -0.0861251
v 0.0175168 0.21887 0.111215
v 0.0221896 0.213786 0.103141
v 0.0323789 0.214337 0.10254
v -0.0465408 0.216955 0.103708
v -0.05304 0.221292 0.103855
v 0.0525136 0.218527 0.102513
v 0.0601609 0.223399 0.100398
v 0.107461 0.150361 -0.0342213
v 0.0659212 0.228908 0.0951305
v 0.115113 -0.0263435 -0.0512183
v 0.0512493 0.360824 -0.105978
v 0.116059 -0.0339072 -0.0551329
v -0.00521202 0.254766 0.106218
v 0.0258114 0.250927 0.106381
v 0.0421869 0.251514 0.100754
v 0.113057 -0.0346172 -0.0635111
v -0.00878809 0.493559 -0.0770508
v -0.110973 -0.29679 -0.0851445
v -0.033204 -0.493053 0.0977861
v 0.0301198 -0.492165 0.0951866
v -0.0836946 0.352214 -0.0388889
v 0.114456 -0.067119 -0.078389
v 0.0471924 -0.492516 0.0982819
v 0.166723 0.026099 -0.0550721
v -0.0980764 -0.481049 0.0969926
v -0.0915802 -0.488996 0.0968685
v -0.213303 0.0599933 -0.0531546
v -0.0818685 -0.49313 0.0938352
v -0.0667458 -0.486077 0.0949914
v 0.078432 -0.491842 0.0935503
v 0.067355 -0.483244 0.0976165
v 0.0916278 -0.489366 0.0973839
v 0.0971912 -0.483063 0.0993742
v 0.0156568 -0.441852 -0.0439675
v -0.0642541 -0.477257 0.100821
v -0.0575697 -0.484308 0.0983422
v 0.0496252 -0.448611 -0.0848639
v 0.0625828 -0.487446 0.0924232
v 0.0594769 -0.483475 0.0988687
v 0.0447 0.360632 -0.110386
v -0.101093 -0.473155 0.0939605
v -0.0661641 -0.467969 0.0986889
v 0.207331 0.0703206 -0.0562079
v 0.0712476 -0.469863 0.10131
v 0.102865 -0.481029 0.0937067
v -0.0902326 -0.465193 0.101471
v -0.146778 0.121325 -0.0636249
v -0.0243062 -0.457475 0.0958227
v -0.0184931 -0.465292 0.0947063
v 0.0192397 -0.467835 0.0940015
v -0.12847 -0.244343 -0.0608084
v 0.0721532 -0.462291 0.0955014
v 0.0992384 -0.466903 0.0950346
v 0.104511 -0.473284 0.0916751
v -0.0907135 -0.460681 0.0949282
v -0.0832753 -0.46053 0.0977705
v 0.0816933 -0.460185 0.0971171
v 0.0912925 -0.461647 0.0973183
v 0.16248 0.117901 -0.0554969
v -0.0815364 0.059939 -0.0745939
v 0.0272306 -0.455663 0.0945845
v 0.0559624 -0.455201 0.0932083
v 0.063088 -0.460272 0.0928078
v -0.0322329 -0.452592 0.095913
v 0.148839 0.129533 -0.0450204
v -0.106049 0.143947 -0.0548574
v -0.0241533 -0.160396 0.0978519
v 0.0158022 -0.16956 0.0936552
v 0.0373997 0.360556 -0.114351
v -0.062122 -0.133345 0.0960276
v 0.0584269 -0.124229 0.102076
v 0.120974 0.138855 -0.0556963
v -0.0758449 -0.108131 0.0937717
v 0.117992 0.135315 -0.0627617
v 0.0544524 -0.042373 0.0957811
v -0.0565682 -0.0451813 0.0943499
v 0.0206107 -0.104204 -0.156748
v -0.0136291 -0.00356746 0.0956361
v 0.00690836 0.00125675 0.0947064
v -0.0153911 0.00669981 0.0914348
v -0.248705 0.0288823 0.0923824
v -0.232346 0.0235313 0.089035
v -0.0782695 0.173108 -0.0502785
v 0.114011 0.146699 -0.0401794
v 0.0187828 -0.113586 -0.158447
v 0.246305 0.0279398 0.0926148
v -0.0430829 0.36081 -0.109935
v 0.204668 0.0451482 0.0952502
v -0.0068455 -0.149365 0.106286
v 0.141004 -0.265457 -0.0336046
v 0.191411 0.0576088 0.0918104
v -0.2694 0.0528059 0.095271
v -0.013269 -0.102937 -0.155057
v -0.187024 0.0548816 0.0986525
v -0.187987 0.0696706 0.0994818
v 0.188467 0.0697921 0.0989338
v -0.137184 -0.263199 -0.0133939
v 0.194024 0.0748275 0.0957464
v -0.273941 0.0755844 0.093377
v 0.199141 0.078017 0.10153
v 0.274483 0.0756989 0.0939733
v -0.204755 0.0820059 0.103005
v 0.205481 0.0839579 0.100944
v -0.271106 0.0836136 0.0894079
v -0.208632 0.0886307 0.10488
v 0.0440005 0.346435 -0.108128
v 0.261194 0.0921222 0.0886505
v -0.238366 0.101127 0.0927806
v 0.222161 0.0982758 0.0888958
v -0.0108036 -0.113 -0.156605
v -0.00655307 0.182847 0.102613
v -0.127698 -0.230392 -0.0605695
v -0.009892 0.177172 0.0978806
v 0.0156215 0.1742 0.0940701
v 0.107995 -0.459631 0.0644185
v 0.0780538 0.371291 -0.0749731
v -0.0384687 0.188288 0.0990295
v -0.0355413 0.353322 -0.112591
v 0.0200895 0.188008 0.103067
v -0.140987 -0.366475 -0.0528425
v 0.0180076 0.4932 -0.0752007
v -0.0301305 0.191239 0.101032
v 0.0067577 0.1882 0.103874
v -0.0207108 -0.127905 -0.159882
v 0.128237 -0.159626 -0.0740672
v -0.00573438 0.19215 0.10336
v -0.0286757 0.199247 0.097332
v 0.0337216 0.458529 -0.111899
v -0.0572796 0.214186 0.0902173
v 0.229433 0.0242834 0.0893351
v -0.0354591 0.213802 0.101007
v 0.0552113 -0.453343 -0.0883223
v 0.0520598 -0.089635 -0.15109
v 0.0428125 0.215634 0.102537
v -0.0595869 0.219656 0.0973165
v -0.064927 0.227156 0.0946076
v -0.0617568 0.235226 0.0958636
v 0.068957 0.233867 0.0874888
v 0.0785879 0.316769 0.00696952
v -0.0385385 0.265425 0.0945945
v 0.0309627 0.266699 0.0983327
v -0.0176884 0.262839 0.10247
v 0.0133444 0.264307 0.102398
v -0.105945 -0.337522 -0.0898407
v 0.0172581 -0.0684402 -0.144651
v 0.0240715 0.272128 0.095354
v -0.00468997 0.309277 0.098051
v 0.0051203 0.305725 0.0968788
v -0.0131503 -0.0713356 -0.145621
v 0.00378508 0.315604 0.0999696
v 0.0120998 0.312237 0.0961435
v -0.00763891 0.324559 0.0945031
v -0.000774998 0.492504 -0.0811297
v -0.0584309 -0.48882 0.0906102
v -0.0208179 -0.0577745 -0.141452
v -0.0363069 -0.495328 0.090098
v -0.0290393 -0.493367 0.091381
v 0.0525604 -0.0104352 0.0864494
v 0.0206413 -0.482679 0.0818517
v 0.0660221 -0.490071 0.0851593
v 0.0920103 -0.492892 0.089362
v 0.0983906 -0.487785 0.0924715
v -0.0989893 -0.487633 0.0900577
v -0.0166369 -0.47708 0.0833025
v 0.0695763 -0.181126 0.0690371
v 0.0705413 -0.488883 0.092426
v 0.104394 -0.485725 0.0878066
v -0.00307168 -0.0545992 -0.142469
v 0.0286005 0.312394 -0.109553
v -0.0991873 -0.462655 0.0793777
v 0.0189607 -0.467107 0.0792473
v 0.103266 -0.466189 0.0867411
v -0.0964092 -0.465882 0.0951735
v -0.0678907 -0.461341 0.0930481
v -0.0201896 -0.459128 0.0871286
v 0.0217292 -0.459801 0.0825803
v 0.0333475 -0.35013 -0.0761355
v 0.0780233 -0.456787 0.0894982
v 0.0994262 -0.46129 0.0799996
v 0.10241 -0.344016 -0.0921542
v -0.0859106 -0.456662 0.0887948
v 0.0962115 -0.460241 0.0887736
v 0.0872359 -0.456688 0.0898966
v -0.0360179 -0.449369 0.0881467
v 0.0159461 0.302616 -0.111731
v 0.00691799 -0.179576 0.0868272
v -0.0531201 -0.153785 0.0912848
v 0.0484906 -0.0779481 -0.144478
v 0.032373 -0.166618 0.0922726
v 0.0257259 0.302846 -0.109361
v 0.0282232 0.454161 -0.117026
v 0.0714267 -0.143003 0.0875554
v 0.0771136 -0.127024 0.0901618
v -0.0845031 -0.0876603 0.0871681
v 0.0788057 -0.0914955 0.0938158
v -0.0471561 -0.0796319 -0.145188
v -0.0802574 0.348404 -0.0590954
v 0.139157 -0.344132 -0.0596079
v 0.0302649 -0.000760793 0.0916818
v -0.0475645 -0.0874866 -0.150025
v 0.210942 0.032215 0.0877942
v 0.217579 0.0216711 0.0803981
v 0.242869 0.0222338 0.0839926
v 0.255434 0.0320449 0.0904868
v -0.207123 0.0393451 0.0913442
v 0.197285 0.0502225 0.0930074
v 0.0990487 -0.00203594 -0.0706933
v 0.26888 0.0476227 0.0883063
v -0.271741 0.0608901 0.0921604
v -0.0560807 -0.0912031 -0.150543
v 0.0152965 0.287148 -0.109991
v 0.195422 0.0629173 0.0832426
v -0.0734129 0.238077 -0.0620103
v -0.187874 0.0625769 0.0942392
v -0.0706707 0.232016 -0.066252
v 0.273171 0.0691214 0.0915586
v -0.200589 0.0807392 0.0962401
v 0.205575 0.0856092 0.0926384
v -0.267846 0.0824437 0.0805048
v 0.217989 0.0952113 0.0835627
v -0.0165908 0.490742 -0.0806267
v -0.246722 0.100326 0.0896643
v 0.235827 0.100694 0.0834934
v 0.0253846 0.461553 -0.113399
v 0.083207 0.347104 -0.0562533
v 0.0253201 0.172869 0.0911269
v -0.0310001 0.182525 0.0986422
v -0.0382808 -0.489682 -0.00238461
v -0.0307014 0.175367 0.0927495
v 0.0332749 0.178761 0.0951301
v 0.0134052 0.199899 0.0983882
v -0.0513231 0.193966 0.0910528
v 0.0408492 0.186602 0.0972272
v 0.0496985 0.186746 0.0926456
v -0.0720262 -0.149307 0.0823255
v -0.0655832 0.162675 -0.0715153
v 0.0734035 0.203267 -0.0647644
v 0.0372237 0.195855 0.0978967
v 0.0481658 0.428072 0.0222971
v -0.0684696 0.201313 -0.0687057
v -0.0504043 0.212425 0.0891521
v -0.0680874 0.154559 -0.0695515
v -0.0361328 0.213315 0.0937465
v -0.0312807 0.486129 -0.0792418
v 0.0264461 0.214233 0.0930367
v 0.0427463 0.2153 0.0851635
v -0.0020662 0.302492 -0.112928
v 0.0584086 0.214499 0.0891054
v 0.0703282 0.224412 0.0880394
v -0.0123998 -0.309578 -0.0296913
v -0.0633132 0.240117 0.0892746
v 0.0640345 0.249866 0.0821877
v -0.0459905 0.251803 0.0974918
v 0.0488509 0.267324 0.0876118
v -0.038188 0.271891 0.0886395
v 0.0400285 0.273402 0.0863172
v -0.0268294 0.276141 0.0886569
v -0.00623587 0.275102 0.0938536
v 0.0166175 0.275242 0.0926668
v 0.0548764 -0.0749642 -0.140898
v -0.024144 0.0825923 0.0769885
v -0.0545081 -0.0837643 -0.146079
v 0.0198686 -0.015403 -0.130833
v 0.012608 0.30432 0.0920387
v 0.13101 -0.437032 -0.070281
v 0.00663892 0.286718 -0.11092
v 0.0177076 0.310969 0.0899086
v 0.0648025 0.171448 -0.0753897
v -0.134523 -0.414168 -0.0657672
v 0.125946 -0.0857084 0.031276
v -0.101349 0.00231932 0.0251807
v 0.0131189 -0.21762 -0.0874335
v 0.00981116 0.327615 0.0927424
v -0.00431101 0.331057 0.0891736
v -0.0451061 -0.494893 0.0887467
v -0.0392368 -0.495224 0.0812887
v 0.0264342 -0.489253 0.0788472
v -0.0213145 -0.0301705 -0.134233
v 0.0512856 -0.49328 0.0791608
v -0.0903643 -0.493132 0.0858964
v -0.0798787 -0.49457 0.0844372
v -0.0729874 -0.491995 0.0900943
v -0.00636192 0.278052 -0.109746
v -0.0305509 -0.49375 0.0838816
v -0.0202904 -0.485024 0.0812762
v 0.0834403 -0.494689 0.0867679
v 0.0181683 -0.308323 -0.00855193
v -0.0186543 -0.417644 -0.0587592
v -0.107803 -0.490948 0.0776034
v -0.110916 -0.479587 0.0868296
v -0.0357824 -0.372198 -0.0799757
v 0.139072 -0.266501 -0.0130017
v -0.0166076 -0.339505 -0.00832852
v -0.10692 -0.467988 0.0822476
v -0.0171546 -0.470833 0.0766422
v -0.0146693 0.311418 -0.112802
v -0.0188285 -0.462197 0.0783559
v 0.111111 -0.471664 0.085225
v -0.0608488 -0.457157 0.0885272
v -0.0546316 -0.45093 0.0844126
v 0.0267949 -0.454338 0.0867749
v 0.0682223 -0.451794 0.0793129
v 0.0828007 -0.454178 0.0823412
v -0.0168081 -0.402243 -0.0548139
v -0.0345983 -0.44568 0.07288
v -0.0238056 -0.454746 0.0796468
v 0.0498238 -0.446638 0.0784569
v 0.0776907 -0.0935908 -0.143575
v 0.0234972 -0.172665 0.0902379
v 0.071674 -0.0769338 -0.134608
v -0.148678 0.0562373 -0.0754314
v -0.0770408 -0.141799 0.0825117
v 0.0795863 -0.139647 0.0833198
v -0.0815472 -0.127992 0.0843949
v -0.0872305 -0.105049 0.0851324
v 0.0893064 -0.109645 0.0846409
v 0.0974566 -0.100193 0.0779962
v -0.0757716 -0.0446275 0.0817989
v 0.0873146 -0.0613977 0.0791929
v -0.061857 -0.0869361 -0.145902
v 0.0619898 -0.0299604 0.087795
v 0.0689858 0.27901 -0.0760188
v 0.0522271 -0.00194791 0.0835916
v -0.0353335 0.0193164 0.0809333
v 0.00487206 0.0332219 0.0819377
v 0.0396484 0.121026 -0.094156
v -0.139589 -0.322811 -0.00904832
v 0.231402 0.0149826 0.0745966
v -0.247203 0.020463 0.0768559
v -0.254906 0.0258942 0.0776018
v 0.0208712 -0.381269 -0.0586252
v 0.0652103 0.281896 -0.0810874
v -0.203578 0.0383739 0.084317
v -0.201612 0.0445504 0.087276
v 0.200837 0.0462883 0.0867367
v 0.197341 0.0538574 0.0854977
v 0.0702795 -0.160691 0.0789454
v -0.27185 0.0756133 0.0846999
v -0.272382 0.0622826 0.0848998
v 0.272129 0.057539 0.0785362
v 0.201957 0.0775337 0.0792602
v -0.196644 0.0697647 0.0838715
v 0.203667 0.0818469 0.0860181
v 0.269171 0.0799484 0.0813445
v 0.266283 0.0867974 0.0847402
v -0.262858 0.090094 0.0861676
v -0.209537 0.0857011 0.0704979
v 0.0683868 -0.152464 0.0845696
v -0.21309 0.0903606 0.0776224
v -0.224677 0.0978931 0.0817557
v -0.064921 0.102253 -0.0823772
v -0.0838034 0.33092 -0.0308072
v -0.0457683 0.171384 0.0805489
v -0.0217597 0.166924 0.0858736
v 0.0507539 0.175619 0.0823364
v -0.0539532 0.185626 0.0871389
v 0.0599064 0.195353 0.0857698
v 0.0533656 0.194816 0.0906447
v -0.0570127 0.200925 0.0813491
v -0.0108823 -0.047875 -0.140474
v -0.046947 0.201318 0.0900042
v -0.0421276 0.204642 0.0837637
v -0.10453 -0.155939 -0.124222
v -0.0802356 -0.14915 0.0765659
v 0.0288205 0.198189 0.0988541
v 0.0477721 0.201672 0.0888665
v -0.064532 0.219525 0.0895171
v 0.00566662 0.368212 -0.12393
v -0.0283193 0.215561 0.0876895
v 0.0161956 0.431165 -0.12874
v -0.13731 -0.31605 -0.00387578
v -0.0338891 -0.0242138 -0.129483
v 0.0661197 0.216669 0.0853463
v 0.0168755 0.463614 -0.114643
v -0.0687696 0.22719 0.0868553
v 0.0231207 0.424951 -0.128117
v 0.0732698 0.229455 0.0806871
v -0.0996367 -0.256148 -0.0871447
v -0.0124014 0.0557255 -0.109006
v -0.0519984 0.263468 0.0864359
v 0.0459529 -0.00978052 -0.121763
v -0.0194448 0.285124 0.0763589
v 0.0146687 0.279884 0.0856833
v -0.0109439 0.305207 0.091044
v -0.079087 -0.0820266 -0.132613
v 0.0562976 -0.479707 -0.0895066
v 0.0838288 0.276722 -0.00449326
v 0.0770405 -0.191451 -0.121933
v -0.00361113 -0.0982993 -0.152949
v 0.0667343 -0.199572 -0.117966
v -0.00845217 0.332192 0.0797336
v 0.0123198 0.329902 0.0862872
v 0.000649438 0.334682 0.0816871
v -0.0016732 0.270616 -0.109099
v 0.0362176 -0.0711051 -0.142959
v -0.0849915 -0.493849 0.0787041
v -0.0579125 -0.490295 0.0811243
v 0.136006 -0.406783 -0.0666132
v 0.0606806 -0.490598 0.0773681
v -0.0165487 0.0979583 0.0711164
v -0.017439 -0.0423496 -0.138259
v -0.120116 -0.477152 0.0834938
v -0.127802 -0.480362 0.0748001
v -0.122387 -0.48635 0.0789931
v -0.0658244 -0.490252 0.0789867
v 0.261006 0.0925436 0.0982443
v 0.105456 -0.48832 0.0809777
v 0.116697 -0.486171 0.0835822
v 0.11265 -0.490401 0.0799543
v 0.120864 -0.490176 0.0790908
v -0.124316 -0.469855 0.073855
v -0.0191634 -0.479233 0.0749383
v 0.0214888 0.0400983 -0.111029
v 0.122967 -0.482238 0.0829394
v 0.128184 -0.475814 0.0773218
v -0.116256 -0.464717 0.0695407
v -0.115041 -0.467775 0.0792105
v 0.009741 0.464247 -0.115488
v 0.120512 -0.473207 0.0827622
v 0.0412166 0.486495 -0.0691356
v -0.107733 -0.464427 0.0741182
v 0.1356 -0.358945 -0.06618
v 0.123703 -0.468628 0.0761004
v -0.100768 -0.460479 0.0696374
v -0.0870606 -0.454113 0.0750492
v -0.0722563 -0.451949 0.0784231
v -0.121245 -0.0681607 -0.0585436
v 0.0254875 -0.453599 0.0679473
v 0.0915472 -0.456546 0.0812864
v -0.0429842 -0.443673 0.0727628
v 0.00365977 -0.192786 0.074077
v 0.0175437 -0.193271 0.0723361
v 0.0469096 -0.183109 0.0749214
v -0.0541209 -0.168136 0.0817013
v -0.0406218 -0.180213 0.0782817
v 0.0580136 -0.173411 0.0774723
v -0.0612256 -0.169217 0.0776597
v 0.0721837 -0.166517 0.0748605
v -0.0813301 -0.15856 0.0718742
v -0.0938095 -0.152357 0.0653314
v 0.0595087 -0.487983 -0.0855615
v -0.0963746 -0.0934295 0.0766998
v -0.0888021 -0.0822226 0.0817634
v 0.0756583 -0.0389264 0.08158
v 0.0967203 -0.337094 -0.0938099
v -0.0870454 -0.151639 0.0703765
v 0.00582431 0.0565171 -0.109726
v -0.0195175 0.0301096 0.080933
v -0.233556 0.0154034 0.0745884
v -0.214387 0.0159524 0.0697487
v -0.205704 0.0272447 0.0761873
v 0.205181 0.0208761 0.0683313
v 0.200247 0.0337129 0.07458
v 0.264304 0.0356381 0.0772139
v -0.261728 0.030629 0.0725252
v -0.265702 0.037652 0.075895
v 0.268508 0.0420654 0.0706165
v -0.197748 0.0507437 0.0900331
v 0.197508 0.0482692 0.0790161
v -0.196129 0.0549868 0.0764974
v 0.196922 0.0557846 0.0783758
v -0.19539 0.0559842 0.0844611
v 0.19861 0.0703067 0.076477
v -0.272194 0.0603342 0.077698
v -0.269913 0.0748216 0.0761956
v 0.271654 0.0650048 0.0746946
v -0.265482 0.0807296 0.0721256
v -0.155619 0.0546496 -0.0749541
v -0.0239229 -0.379104 -0.0667643
v -0.0241777 -0.334001 0.00636729
v 0.260474 0.0907039 0.0808083
v 0.256246 0.0947715 0.084198
v -0.239913 0.100635 0.0837061
v -0.0269712 0.358743 -0.117326
v 0.140072 -0.354267 -0.0582725
v -0.00316364 0.0558976 -0.109827
v -0.0588509 -0.483705 -0.0889742
v -0.015543 0.162159 0.0822022
v 0.0200931 0.160589 0.0806132
v 0.231268 0.0763604 0.143248
v -0.0397273 0.159012 0.0698463
v 0.0357035 0.164508 0.0801173
v -0.0623187 0.19581 0.0780188
v -0.060129 0.186923 0.0795426
v 0.058987 0.201584 0.0814202
v -0.0503643 0.20404 0.0831047
v 0.130796 -0.363439 -0.0728591
v -0.0331041 0.203726 0.0828699
v 0.016809 0.201731 0.0784992
v 0.0307361 0.203686 0.0857045
v -0.0566169 0.41376 -0.108824
v 0.052103 0.203915 0.0819626
v -0.061469 0.214415 0.0829334
v -0.0339711 0.220419 0.0803714
v -0.0417473 0.217588 0.078795
v 0.0331678 0.216889 0.0853658
v -0.0350088 0.383022 -0.118829
v 0.0597973 0.213691 0.0809245
v 0.0982281 0.286864 -0.0589155
v 0.0719868 0.217329 0.0729728
v -0.0619483 0.252762 0.0817245
v -0.0241596 -0.351065 -0.0670337
v -0.0532365 0.268059 0.0790432
v 0.0607636 0.265987 0.074319
v 0.0390867 0.276957 0.0797813
v 0.0214725 0.379613 -0.123888
v 0.00370053 0.342992 -0.119401
v -0.00959648 0.297451 0.0801475
v 0.00813285 0.295043 0.0801765
v 0.0172601 0.304012 0.0848453
v -0.0180813 0.31718 0.0829378
v 0.0214113 0.318997 0.0783564
v -0.0157185 0.32516 0.0756313
v -0.0149681 -0.367812 -0.0122229
v 0.0584109 -0.224223 -0.0976473
v 0.017946 0.325463 0.0826081
v -0.0683362 -0.486577 -0.0896894
v 0.00797111 0.333576 0.082276
v -0.125393 -0.489108 0.0713931
v -0.119028 -0.492833 0.0658699
v -0.117029 -0.492034 0.0750261
v -0.0705413 -0.491863 0.0737598
v -0.0533396 -0.492121 0.0724171
v -0.0359116 -0.49157 0.0645282
v 0.0354624 -0.491449 0.0684818
v -0.0215896 0.0402762 -0.110404
v 0.0543972 -0.492272 0.0695292
v -0.0213548 0.0555128 -0.107293
v 0.0797654 -0.493905 0.0779169
v 0.0938559 -0.490806 0.0694257
v 0.0995744 -0.489886 0.0760162
v -0.0175549 -0.316707 -0.00537405
v 0.115723 -0.493373 0.0717375
v 0.0821325 0.198097 0.00655599
v 0.0513722 0.226313 -0.0891176
v 0.128036 -0.485431 0.0755529
v -0.129688 -0.474781 0.0666009
v 0.133911 -0.475502 0.0620023
v -0.0836512 -0.140396 0.0776586
v -0.038275 0.268955 -0.0993046
v -0.0873113 -0.132012 0.0779811
v -0.0841332 0.183341 -0.0178738
v 0.115946 -0.466876 0.0779757
v -0.0526736 -0.0221333 -0.121312
v -0.0166537 0.453795 -0.120225
v -0.0191863 -0.298896 -0.058737
v 0.103152 -0.461495 0.0716894
v 0.0480401 -0.307277 -0.0870967
v -0.0602597 -0.0273777 -0.118527
v -0.0293667 -0.445549 0.0652015
v -0.164193 0.0531712 -0.0739366
v 0.0567092 -0.442802 0.071648
v 0.0715653 -0.446449 0.0719287
v -0.0510031 -0.442932 0.0716399
v 0.0379299 -0.442753 0.0681848
v 0.0528224 -0.0162345 -0.12053
v -0.0172148 -0.196779 0.0683306
v 0.034944 -0.19178 0.0707208
v -0.0338228 -0.192231 0.0699671
v 0.0863057 -0.0839906 -0.129352
v 0.0440992 -0.190679 0.0700711
v -0.0746907 -0.174479 0.0690635
v 0.076111 -0.154099 0.0786221
v 0.0898647 -0.147694 0.0715499
v 0.103761 -0.112241 0.0692238
v 0.103128 -0.127579 0.0657238
v -0.098774 -0.110051 0.0730046
v 0.103163 -0.0897306 0.0716805
v -0.0158129 0.44601 -0.124181
v -0.088498 -0.0457629 0.0707443
v 0.0115876 0.310355 -0.113375
v 0.0653731 -0.0110466 0.0791264
v -0.102708 -0.29465 -0.0894247
v 0.0528744 0.0209296 0.0737082
v -0.0628451 0.0143654 0.0680408
v -0.04302 0.0227644 0.0766571
v 0.0365728 0.0281448 -0.110374
v -0.199067 0.0300916 0.0694564
v 0.128111 -0.0947512 0.0290952
v -0.0440975 0.0318342 0.0747716
v -0.0283612 0.034483 0.0787821
v 0.0352569 0.0378278 0.078101
v -0.25272 0.0167867 0.0574031
v -0.00928036 0.0436513 0.078931
v 0.0135173 0.0445149 0.0786944
v 0.0204889 0.0389971 0.0792193
v -0.0495189 0.0511284 0.0768969
v -0.0333537 0.0534835 0.0798751
v -0.0146427 0.0510053 0.0787308
v 0.0145754 0.0532452 0.0778291
v 0.0501776 0.0390822 0.0754752
v 0.0400104 0.0510059 0.0794605
v -0.268948 0.0438417 0.0709014
v -0.195731 0.0472899 0.0743723
v -0.055286 0.0436884 0.0729533
v -0.00161378 0.0649539 0.0757432
v -0.0989958 -0.0812999 0.070869
v -0.093554 -0.0905422 -0.126111
v 0.270268 0.050156 0.0637107
v -0.0130076 -0.35814 -0.0369008
v -0.0417698 0.0645244 0.0797978
v 0.0534929 -0.000153942 -0.114482
v 0.0594554 -0.198063 -0.122179
v 0.194721 0.0522529 0.0708268
v 0.0389341 -0.199031 -0.122106
v -0.033955 0.0679629 0.0803665
v 0.0127258 0.0872525 -0.104441
v 0.0327296 0.0687247 0.0799899
v 0.0559399 0.0632254 0.0781796
v 0.196535 0.0614653 0.0734751
v -0.198981 0.0703821 0.0739593
v -0.0555265 0.0721582 0.0752436
v 0.0774756 -0.492793 -0.0861312
v -0.0231192 -0.202116 -0.111861
v 0.271497 0.0581511 0.0697648
v -0.041662 0.0825239 0.0771681
v -0.033002 0.0776034 0.0788792
v -0.0236286 -0.310279 -0.066841
v 0.021645 0.0784886 0.0765235
v 0.0530506 0.0797157 0.076519
v -0.0304064 -0.199729 -0.118948
v 0.203143 0.0776386 0.0696817
v -0.203751 0.0788781 0.0725246
v 0.0382661 0.0758417 0.0788388
v -0.0491618 -0.199861 -0.12145
v 0.0718412 -0.0585286 -0.122246
v 0.0468523 0.092224 0.07355
v 0.042376 0.0121463 -0.114687
v -0.248356 0.0982464 0.0808905
v -0.0564165 -0.204028 -0.115197
v -0.232848 0.0990373 0.078071
v 0.230519 0.0981448 0.0750642
v 0.108049 -0.111959 -0.120904
v 0.0434918 0.159749 0.0692217
v -0.0569188 0.173207 0.0709266
v 0.050315 0.168824 0.0764758
v 0.0614083 0.173525 0.0701729
v 0.0671198 0.191121 0.0739823
v -0.0780095 -0.484259 -0.0935761
v -0.0657478 0.198704 0.0705757
v -0.0441139 0.202958 0.0702199
v -0.0643923 -0.193317 -0.126927
v 0.0357435 0.201356 0.0705009
v 0.0492477 0.204096 0.0765228
v -0.0693896 0.398369 -0.0914649
v -0.0669202 0.213882 0.0690976
v -0.0644821 0.214792 0.0757437
v -0.0571918 0.212838 0.0762085
v -0.0447263 0.219878 0.0734503
v -0.00413764 0.102251 -0.103462
v -0.0642684 0.403526 -0.0995667
v 0.0666449 0.2149 0.0775919
v -0.0308227 0.225433 0.0735389
v -0.0156797 0.224662 0.0681215
v 0.0209541 0.222917 0.078059
v 0.0350323 0.225712 0.0726686
v -0.0483665 0.376427 -0.109358
v -0.0666896 0.248996 0.0755421
v -0.132422 -0.284225 -0.0611907
v -0.125216 -0.260501 -0.0681923
v -0.128576 -0.287881 -0.0676923
v 0.0116517 0.4703 -0.110232
v 0.0489732 0.274763 0.0719454
v -0.00477114 0.29289 0.0775521
v 0.007291 0.287752 0.0771
v -0.172909 0.0507594 -0.0720346
v -0.0147517 0.301378 0.0754543
v 0.00167975 0.293148 0.0795617
v 0.0118295 0.293711 0.0745005
v -0.0192467 0.307699 0.0694053
v 0.0217722 0.312086 0.0739362
v -0.0174712 0.321231 0.0688791
v -0.0021717 0.334455 0.0730918
v -0.127173 -0.490691 0.0627345
v 0.0300836 0.33774 -0.113273
v -0.0971967 -0.491022 0.062529
v -0.0912957 -0.490901 0.066971
v -0.0503971 0.455189 -0.10069
v -0.0429105 -0.493162 0.0628361
v 0.0258353 -0.483227 0.0650953
v -0.0927721 -0.132812 0.0721049
v 0.102362 -0.491135 0.0683398
v -0.121122 -0.252245 -0.0715627
v 0.130044 -0.488257 0.0665829
v 0.108664 -0.0954062 0.0650647
v -0.0279132 -0.48747 0.0657283
v 0.0224235 -0.478435 0.0605779
v 0.135121 -0.482536 0.0635626
v -0.0196243 0.336091 -0.115742
v -0.0222349 -0.48095 0.0671765
v 0.0217713 -0.476524 0.0677869
v -0.0176099 -0.468229 0.0627659
v 0.019559 -0.470355 0.0609997
v 0.0206489 -0.46154 0.0651696
v 0.015938 0.318062 -0.113938
v -0.0830244 -0.449954 0.0702654
v -0.0700549 -0.270918 -0.0929496
v -0.0230586 -0.452326 0.0646191
v -0.0117128 0.471193 -0.109013
v 0.0868939 -0.452397 0.0732878
v -0.0602168 -0.436691 0.0627442
v -0.0460405 -0.439863 0.0676275
v -0.0380377 -0.439986 0.0655224
v 0.0738654 -0.441301 0.0649337
v 0.00345033 -0.198093 0.0679952
v 0.015628 -0.206519 0.0573603
v 0.00280387 0.310256 -0.1142
v -0.0685165 -0.191541 0.063192
v 0.062954 0.232464 -0.0795766
v 0.0741555 -0.193586 0.0608407
v 0.0839774 -0.163466 0.0698327
v -0.102796 -0.136592 0.0611099
v -0.101696 -0.09527 0.0707975
v -0.0993298 -0.0885931 0.072547
v -0.0151476 -0.221671 -0.086696
v 0.061154 -0.238991 -0.0934004
v 0.091315 -0.0333657 0.0650301
v -0.00599333 0.310526 -0.113913
v 0.0779432 -0.00643606 0.0676929
v -0.0242304 0.00335815 -0.123347
v -0.127173 -0.157371 -0.0722378
v -0.133287 -0.145914 -0.0590129
v -0.00962412 0.36772 -0.123297
v 0.023989 -0.0465389 0.106809
v 0.244265 0.015839 0.0688122
v 0.105406 -0.05365 0.0557299
v 0.0510808 0.0298219 0.0738339
v 0.198831 0.0228575 0.0625306
v -0.19301 0.0366309 0.0639869
v 0.0589104 0.0262394 0.0697379
v 0.192794 0.0375321 0.0639791
v 0.0703032 0.0567562 0.0700841
v 0.189599 0.0496253 0.0573248
v -0.270487 0.0506956 0.0654518
v -0.0606709 0.0605135 0.0729935
v -0.0104786 0.465377 -0.114222
v -0.195798 0.0615148 0.0704336
v 0.00359709 0.467112 -0.113621
v 0.0681102 0.0732539 0.0713207
v 0.0233842 -0.030766 -0.134439
v 0.00712215 0.0840389 0.0721873
v 0.0818194 -0.246769 -0.0922558
v 0.265674 0.0768564 0.0656376
v 0.0973657 -0.0888482 -0.121271
v -0.056402 0.0873573 0.0707734
v 0.051744 0.0866515 0.0747434
v 0.0636152 0.0900473 0.0686103
v 0.071189 -0.037787 -0.116393
v -0.00764028 0.0928319 0.0712238
v 0.00165714 0.0972377 0.0695634
v 0.0111973 0.0959369 0.0699295
v 0.21692 0.0863979 0.0554784
v -0.0467229 0.0992995 0.0684782
v 0.0260872 0.0994085 0.0704516
v 0.075361 -0.0226956 -0.108102
v 0.251832 0.092876 0.0702643
v -0.0285477 0.111268 0.0658821
v 0.0909203 -0.082616 -0.123257
v 0.0611566 -0.014014 -0.115176
v -0.120274 -0.0809559 -0.06844
v -0.0042157 0.152158 0.0720871
v 0.0253335 0.150466 0.0677401
v -0.0627086 0.175824 0.0642083
v -0.0685335 0.193457 0.0642774
v -0.0174873 0.0948839 -0.102425
v -0.0573646 0.206761 0.0708942
v -0.036278 0.20116 0.0688201
v -0.0282308 0.201868 0.0669224
v -0.0722483 -0.0246151 -0.109535
v 0.00426519 0.201594 0.0734242
v 0.0184448 0.203041 0.0694472
v 0.0502533 0.203059 0.0703388
v 0.0437447 0.20027 0.0660765
v 0.0559879 0.205263 0.0752309
v 0.0617804 0.207069 0.0714197
v -0.0509053 0.206186 0.0709438
v -0.0543488 0.214295 0.0700456
v 0.138661 -0.33583 -0.000603081
v 0.0543416 0.214799 0.0758837
v 0.0828604 0.435529 -0.0526982
v 0.0439785 0.223021 0.0722517
v -0.0770136 -0.0325433 -0.108496
v -0.0226106 0.226044 0.0712619
v 0.00938744 0.224026 0.0703665
v 0.0305277 0.226684 0.0642923
v 0.0757401 0.224749 0.0734279
v -0.0715757 0.227704 0.0785116
v -0.0593724 0.265517 0.0731086
v -0.0751935 -0.0407487 -0.112707
v -0.00363943 0.0409387 -0.1129
v 0.0298463 0.285692 0.0709822
v 0.0373858 0.283153 0.0680762
v -0.016631 0.289245 0.0705711
v -0.00994439 0.294907 0.072781
v 0.0146056 0.287135 0.0750675
v 0.0164072 0.299442 0.0720683
v -0.01892 0.316158 0.0736897
v 0.0212329 0.319225 0.0701929
v -0.014153 0.326211 0.0668101
v 0.0123561 0.330795 0.0686688
v -0.00414394 0.332845 0.065213
v -0.0791053 -0.0561217 -0.114419
v -0.0772427 -0.491787 -0.0872959
v -0.0253679 0.0193222 -0.116803
v -0.0989399 -0.49335 0.0555356
v 0.086481 -0.0675187 -0.115221
v -0.0498274 -0.49317 0.0643284
v -0.0848273 -0.06857 -0.115328
v -0.0836199 -0.0619101 -0.113118
v 0.106104 -0.492823 0.0615083
v 0.102328 -0.494057 0.0540486
v 0.121959 -0.492445 0.0647202
v -0.11636 -0.47763 -0.0772834
v -0.104285 -0.0193665 -0.0674718
v -0.106074 0.149152 -0.0411265
v 0.129578 -0.469167 0.057911
v -0.124062 -0.465173 0.0535753
v -0.0152582 -0.471319 0.0552341
v 0.0176893 -0.461776 0.0571547
v 0.0474679 0.480694 -0.0733321
v -0.116612 -0.458792 0.0519212
v -0.109627 -0.457011 0.0571884
v 0.0169825 -0.201301 -0.109827
v 0.11497 -0.462378 0.0648233
v 0.119657 -0.465253 0.0699054
v 0.0210538 -0.454764 0.0600079
v 0.0935069 -0.00881728 0.0512314
v 0.0964425 -0.448763 0.0607738
v -0.0728291 -0.442621 0.0663399
v -0.0464211 0.477478 -0.0785834
v 0.0347271 -0.439766 0.0601852
v -0.0533268 -0.433801 0.0586348
v 0.044144 -0.436739 0.062292
v 0.0613226 -0.432977 0.0566619
v -0.00403739 -0.207209 0.0559751
v 0.0130044 -0.212846 0.0501719
v 0.0583927 -0.200442 0.0611401
v 0.0691573 -0.216144 0.0509904
v -0.0828994 -0.194876 0.0561257
v 0.0898949 -0.186774 0.0573943
v -0.0939199 -0.179348 0.0568178
v 0.102925 -0.146062 0.0612165
v 0.0135311 -0.1927 -0.122817
v 0.110638 -0.103433 0.0622573
v -0.0422119 0.110254 -0.0914568
v -0.0885242 -0.00482984 0.0526402
v -0.0689524 0.00832655 0.066234
v -0.096438 0.0128626 -0.0587869
v 0.23145 0.00729951 0.0574979
v -0.246591 0.011813 0.0546185
v 0.0664126 0.0204606 0.0654452
v 0.0316306 -0.0416275 0.103739
v 0.111156 -0.159192 -0.109899
v -0.0631342 0.0460049 0.068885
v -0.180554 0.0564814 -0.0719081
v -0.191211 0.0507866 0.0614517
v 0.0778735 0.0466775 0.0607722
v 0.191362 0.057465 0.0573528
v -0.269797 0.0577067 0.0599953
v -0.0941615 -0.474792 -0.0936327
v 0.0747492 0.0694032 0.0669875
v 0.195083 0.065469 0.0580721
v 0.0667507 0.246763 -0.0758883
v 0.0540605 0.392007 -0.109931
v -0.19552 0.067709 0.0540153
v 0.0586425 0.386043 -0.10468
v 0.200749 0.0736368 0.0591533
v -0.201579 0.0750138 0.0573871
v 0.0774899 0.0830476 0.060591
v 0.0993457 -0.177047 -0.114956
v -0.208171 0.0813128 0.0554681
v -0.0593016 0.0928659 0.0663888
v 0.01747 0.441459 -0.125997
v 0.253424 0.0855426 0.0578215
v -0.215331 0.0852314 0.0528166
v -0.22101 0.0889751 0.058771
v -0.229546 0.0900042 0.0556718
v 0.0474979 0.353872 -0.107316
v 0.22184 0.0904371 0.0612991
v -0.235973 0.0927276 0.0611183
v 0.015066 0.109884 0.0671117
v 0.0199556 -0.197603 -0.117728
v 0.0389537 0.112273 0.0635193
v -0.0462867 0.110343 0.0613814
v 0.000465473 0.106949 0.068058
v 0.0339415 0.105043 0.0680747
v -0.00680784 0.111912 0.0674362
v -0.100553 0.00909657 -0.0525476
v 0.0194542 -0.382253 -0.00138281
v 0.00105769 0.143437 0.0670954
v 0.0399768 0.338127 -0.108997
v 0.0216679 0.14194 0.0645818
v -0.157213 0.0352422 -0.0626954
v -0.0148692 0.151098 0.0696517
v 0.00687283 0.150916 0.0706242
v 0.0302222 0.146028 0.0628115
v 0.0326285 0.153177 0.0658969
v -0.0472555 0.157021 0.0534911
v -0.0362244 0.148671 0.0588972
v 0.0400387 0.155916 0.0642397
v -0.0310264 0.323973 -0.109787
v 0.0561235 0.168255 0.0703455
v -0.0339021 0.337558 -0.110835
v -0.00785892 0.443232 -0.126445
v -0.063645 0.206543 0.0681161
v -0.0467596 0.203303 0.0582445
v -0.0491882 0.203944 0.064716
v 0.103545 -0.16333 -0.121272
v -0.00669229 0.20814 0.0660233
v -0.0208265 0.205209 0.0652953
v 0.00148707 0.206614 0.0674371
v -0.0540457 0.471092 -0.0785472
v 0.0277317 0.203576 0.0664065
v -0.0984585 -0.177225 -0.115288
v -0.0688726 0.38844 -0.0903387
v -0.055161 0.20876 0.0661843
v -0.0516337 0.208317 0.0593141
v 0.0610408 0.211373 0.0689057
v -0.0600239 0.212144 0.0697292
v 0.0197412 0.294701 -0.110068
v 0.0105438 0.0505475 -0.110675
v 0.0608197 0.213949 0.0739725
v 0.046642 0.246871 -0.0937729
v -0.0734947 0.227914 0.0697168
v 0.113843 -0.418931 -0.0856879
v 0.070002 -0.237901 -0.0940638
v 0.0686141 0.457661 -0.0748691
v 0.0542592 -0.313372 -0.0904436
v 0.0221189 0.223033 0.0640124
v -0.0502705 0.0192528 -0.106517
v 0.0709112 -0.0527749 0.0893042
v 0.0832303 0.201715 -0.0424617
v -0.119376 -0.471062 -0.0766006
v 0.0112389 0.279241 -0.109585
v -0.0102203 0.270345 -0.108466
v -0.1495 0.0317383 -0.0560986
v 0.190383 0.0450887 -0.0651337
v -0.0521426 0.274134 0.0629954
v -0.125642 0.0439589 -0.0596669
v 0.0142331 0.128617 -0.102547
v 0.0676846 0.453761 -0.0822313
v -0.0158219 0.297847 0.0676267
v 0.01677 0.291673 0.0694078
v -0.0253954 0.310933 0.0634987
v 0.0208571 0.305715 0.0693018
v -0.0203455 0.316151 0.0661664
v 0.0254911 0.321017 0.0630971
v -0.134464 -0.487081 0.0590631
v -0.0911118 -0.493052 0.0587114
v -0.0833235 -0.49561 0.0538836
v -0.066531 -0.494905 0.0508877
v -0.0391454 -0.492606 0.0569279
v -0.0309291 -0.489176 0.0563634
v 0.0315572 -0.488658 0.0628081
v 0.080265 -0.493407 0.0621671
v 0.0933823 -0.494926 0.0542227
v 0.119637 -0.492584 0.0564868
v 0.127623 -0.492043 0.0585402
v 0.141886 -0.488723 0.0515032
v -0.13468 -0.47862 0.0602222
v -0.0345961 0.0784653 -0.0985
v 0.143612 -0.477539 0.0486194
v -0.130214 -0.471416 0.0581029
v -0.0192606 -0.47615 0.0610129
v 0.0191267 -0.477122 0.0534005
v 0.0155194 -0.468415 0.0522222
v -0.0136595 -0.457282 0.0506202
v -0.088677 -0.442158 0.0566773
v -0.0168536 -0.449586 0.0503972
v 0.0118328 0.0427403 -0.11209
v -0.0212849 -0.442801 0.047897
v -0.038555 -0.434936 0.0569517
v 0.0286897 -0.437055 0.0441521
v -0.060498 -0.21796 0.0509595
v -0.0468741 -0.215962 0.0526499
v -0.0268583 -0.208148 0.0570767
v -0.104234 -0.174884 -0.108705
v -0.0125147 0.285547 -0.109846
v 0.0143465 0.0568115 -0.108875
v 0.0501111 -0.209754 0.0567234
v 0.000910156 0.0639796 -0.108319
v 0.0965587 -0.183338 0.0548713
v -0.0969815 -0.160333 0.0606459
v -0.110271 -0.121086 0.055377
v 0.11688 -0.120875 0.0493808
v -0.112852 -0.094524 0.056027
v 0.00234126 -0.255328 -0.0111631
v 0.101419 -0.0444451 0.0574564
v -0.0913965 -0.0236642 0.0579491
v 0.0840643 -0.00716044 0.0618803
v -0.0690018 0.0163691 0.061903
v -0.0168921 0.047708 -0.109853
v -0.0707992 -0.442115 -0.0921084
v -0.220197 0.00169646 0.0436868
v -0.20829 0.0091588 0.0541586
v 0.0780247 0.00823506 0.0599508
v 0.23639 0.00312266 0.0385124
v 0.131632 0.0346737 -0.0502293
v 0.0559479 0.235342 -0.0861135
v 0.257029 0.0190592 0.0472622
v 0.186644 0.0213833 0.0443025
v -0.195527 0.0473094 -0.0637507
v -0.262519 0.0276516 0.055259
v 0.183909 0.0292195 0.0455498
v 0.265023 0.0326012 0.057447
v -0.265554 0.0338873 0.0498161
v -0.0705976 0.451721 -0.0729627
v 0.18547 0.0363672 0.0498374
v -0.268015 0.041574 0.0532702
v -0.185905 0.0392112 0.0515915
v 0.0845772 -0.0523414 0.0787148
v 0.0748074 0.438152 -0.082311
v -0.0774808 0.0666296 0.0573869
v -0.255646 0.0761999 0.0449358
v -0.250915 0.0864107 0.0569575
v 0.0945038 -0.0430344 0.0653011
v -0.244901 0.0869549 0.0525363
v 0.0726606 0.0973503 0.0561905
v 0.242757 0.0852032 0.0470726
v -0.0610175 0.154864 -0.0769413
v -0.0576826 0.112782 0.0518728
v -0.0505541 0.115135 0.0556352
v 0.0439807 0.117845 0.0592294
v -0.0426256 0.117867 0.0585172
v -0.0223493 0.119281 0.0648139
v -0.0146158 -0.376332 -0.011071
v 0.0727145 -0.0297209 -0.112519
v 0.0355819 0.142389 0.0597684
v 0.0412188 0.12661 0.0578851
v -0.0289435 0.14591 0.0624034
v 0.0450666 0.15286 0.0565077
v -0.0541792 0.164989 0.0550931
v 0.0513276 0.160287 0.0558347
v -0.0610982 0.17191 0.0555084
v 0.0611603 0.169147 0.0636306
v -0.0672312 0.179728 0.0563461
v 0.0665659 0.176499 0.0650446
v 0.0709564 0.180943 0.0573661
v 0.0710146 0.205392 0.0647926
v 0.0199747 0.145307 -0.101674
v 0.0286937 0.129772 -0.0989056
v -0.0273381 0.207174 0.0615382
v 0.0538513 -0.00741811 -0.117204
v 0.0566684 0.206861 0.0672802
v 0.0721893 0.213146 0.066395
v -0.0696392 0.210632 0.0628812
v -0.0531283 0.215177 0.0632808
v -0.0144848 0.210244 0.0646812
v -0.0277745 0.214199 0.0601871
v -0.000852322 0.214004 0.0651487
v 0.0152806 0.209915 0.0645369
v 0.0360684 0.213532 0.0577505
v 0.0568496 0.215416 0.0696405
v -0.075376 0.221743 0.0558364
v -0.0163395 0.218023 0.0640151
v 0.115029 -0.488329 -0.0702197
v 0.00478795 0.219749 0.0657793
v 0.0354577 0.0291822 0.0787331
v 0.0783223 0.215069 0.0518338
v 0.202318 0.0671692 -0.0609217
v 0.0136779 0.218851 0.0646085
v 0.028921 0.2185 0.0603841
v 0.0494402 0.223996 0.0651028
v 0.117803 -0.145462 -0.100852
v 0.0409098 0.228501 0.0659158
v 0.114311 -0.160839 -0.101888
v 0.0747755 0.240251 0.0637859
v -0.0668013 0.258728 0.0601575
v 0.101684 -0.170623 -0.117969
v -0.105057 -0.0291302 -0.0718797
v 0.0773981 -0.386916 -0.0956093
v -0.0750808 0.444925 -0.0690167
v -0.0220271 0.2908 0.0633087
v 0.0321821 0.288124 0.0628418
v 0.0243355 0.29014 0.0659234
v 0.020205 0.298529 0.0646827
v 0.026039 0.305619 0.0626182
v -0.0737336 0.436406 -0.0800209
v -0.0402738 0.309093 0.0617461
v -0.0537567 0.308831 0.056255
v -0.0655492 0.0327537 -0.0891259
v 0.0282859 -0.00889491 0.0949066
v -0.0223823 0.302339 0.0609385
v 0.0368721 0.294182 0.0572108
v 0.104931 -0.17365 -0.109941
v 0.0292546 -0.198521 -0.120318
v 0.0461483 0.307464 0.0604208
v -0.0542237 0.315903 0.0572708
v -0.0413553 0.318422 0.0627768
v -0.0335917 0.323208 0.0633179
v 0.0780766 -0.0537947 -0.116499
v 0.171351 0.0992304 -0.0678948
v 0.0497889 0.316718 0.0609746
v 0.0530085 0.309465 0.0586328
v -0.0483485 0.331381 0.0583463
v -0.0198236 0.323283 0.0623481
v 0.056309 0.322507 0.0573158
v -0.0415089 0.328029 0.0613967
v -0.126316 0.0577643 -0.0724946
v -0.0142159 -0.398211 -0.00659006
v -0.0148947 0.329179 0.0600094
v 0.0162993 0.330082 0.0602507
v 0.0226387 0.327775 0.0614202
v 0.0348355 0.322003 0.0631998
v 0.0429788 0.322364 0.062731
v 0.0768604 0.385921 -0.0803445
v 0.000601205 0.335358 0.0594531
v 0.0036466 0.333885 0.0669373
v 0.0552363 0.330057 0.056318
v -0.0914452 -0.174543 -0.127717
v -0.0172713 0.152327 -0.101891
v 0.0399284 0.341397 0.0572435
v -0.0574761 -0.00301772 0.0799042
v -0.0266115 0.355323 0.0597527
v -0.0250696 0.339271 0.0581283
v -0.0183369 0.359823 0.0604141
v 0.024837 0.359498 0.0608153
v 0.0195207 0.354104 0.0599378
v 0.156805 0.117355 -0.0611402
v 0.0330124 0.346718 0.0570977
v 0.1406 0.127341 -0.0600319
v 0.0185426 0.363082 0.059906
v 0.0391586 0.361485 0.0578416
v -0.0279584 0.363543 0.0598268
v -0.035358 -0.270637 -0.0795028
v -0.0216657 0.370593 0.058437
v 0.0262895 0.366641 0.0598587
v 0.0543689 0.368378 -0.105036
v 0.0343685 0.36805 0.0580611
v -0.0255496 0.377353 0.0527591
v -0.138431 -0.49101 0.0514637
v -0.129194 -0.49267 0.0542307
v -0.121411 -0.494861 0.0477913
v -0.0564098 0.36537 -0.100646
v -0.0925117 -0.49774 0.0420754
v -0.0724334 0.205575 -0.0625352
v 0.0460965 -0.493918 0.0481128
v 0.0388057 -0.492655 0.0472366
v 0.132901 -0.493426 0.0517925
v -0.141108 -0.482101 0.0547827
v -0.137141 -0.473804 0.0531933
v 0.00865787 0.277229 0.090787
v -0.0117696 -0.477145 0.0380978
v -0.141262 -0.382446 -0.0535245
v -0.136766 -0.469966 0.0443447
v 0.131659 -0.466869 0.0498115
v -0.00934975 -0.468385 0.0407643
v 0.0118543 -0.464929 0.0444503
v 0.125606 -0.464914 0.0532233
v -0.0412638 0.33573 -0.106627
v 0.0487944 0.295353 -0.0973697
v -0.092509 -0.179271 -0.121099
v 0.102519 -0.439183 0.0436007
v 0.0927427 -0.436281 0.0473361
v 0.00700882 0.490016 -0.0858574
v -0.0544024 0.229697 -0.0849382
v 0.0352947 0.290177 -0.104353
v 0.140712 0.0990446 -0.0798786
v -0.0539809 -0.429443 0.0513574
v 0.0421527 -0.431342 0.0485424
v -0.0546642 -0.424424 0.0445069
v 0.0487044 -0.428017 0.0454056
v 0.0551042 -0.429999 0.0517122
v -0.0364844 -0.221696 0.048426
v -0.0196693 -0.219286 0.0462747
v 0.0444036 -0.220263 0.0496682
v 0.253716 0.0972977 0.09142
v -0.0699832 -0.217201 0.0499429
v -0.0302262 0.482866 -0.0866889
v -0.0751706 -0.209645 0.0521624
v 0.0911505 -0.21659 0.0442415
v 0.0854519 -0.197856 -0.108554
v -0.108884 -0.173101 0.0476761
v -0.0778445 0.34391 -0.0650834
v 0.108544 -0.173934 0.0496863
v -0.0748763 0.339515 -0.0709211
v 0.119494 -0.158143 0.0426642
v 0.113506 -0.13477 0.0522593
v -0.114498 -0.134947 0.0476553
v 0.118105 -0.0942141 0.0508236
v -0.109739 -0.0869982 0.0589016
v -0.00261522 -0.0890747 -0.150565
v 0.0917041 0.00104918 0.0481662
v 0.018806 -0.432395 -0.0549979
v 0.147043 -0.411372 -0.00966497
v -0.0754647 0.438968 -0.0734163
v 0.0744526 0.0171994 0.0589282
v -0.0695586 0.0251712 0.058337
v 0.0331207 0.253615 -0.101261
v 0.0204986 0.250183 -0.105103
v -0.266611 0.0472285 0.0411379
v 0.00312723 0.263181 -0.108481
v 0.00252494 0.0474448 -0.111741
v 0.0873035 0.0547809 0.0492633
v 0.0778146 -0.200894 -0.110447
v 0.269158 0.0536416 0.0542136
v 0.0853124 0.0696279 0.0542513
v 0.267631 0.0608709 0.0522486
v 0.261337 0.0727408 0.05015
v -0.0774168 0.081829 0.0532551
v 0.0884475 0.0738099 0.045604
v -0.204616 0.0775779 0.0427588
v 0.0821126 0.0895368 0.0497209
v 0.0125255 0.249691 -0.106538
v 0.248128 0.0806422 0.0423143
v 0.0676184 0.113826 0.0449899
v 0.0615787 0.128625 0.0422978
v -0.0526775 0.127503 0.0485707
v 0.0810799 0.379075 -0.0690337
v -0.0413101 0.143716 0.0556651
v 0.0697323 -0.203185 -0.112309
v 0.0775338 0.401175 -0.0820558
v -0.141254 -0.349818 -0.00995781
v 0.0534522 -0.203058 -0.116029
v 0.0648127 0.172923 0.055864
v -0.0832535 0.228407 -0.0107987
v 0.056802 -0.207251 -0.110932
v -0.0111743 0.252232 -0.106516
v 0.0363925 0.204313 0.0609102
v 0.0809623 0.301657 0.00200917
v -0.0400799 0.204551 0.0563366
v 0.082233 0.263827 0.00253368
v -0.0490034 0.214729 0.0554768
v -0.040596 0.212418 0.0550657
v 0.0580444 0.213014 0.0640363
v -0.0419388 0.229043 0.0621764
v -0.0161269 -0.45965 -0.0532623
v 0.0893597 0.16284 -0.0382163
v 0.0458397 0.225975 0.0567448
v -0.0743927 0.236896 0.0567089
v -0.141811 -0.395479 -0.00238422
v 0.0776025 0.230268 0.0445859
v 0.0927082 -0.40786 0.041205
v 0.0184117 0.218063 -0.103558
v 0.011213 0.220563 -0.104834
v -0.0623093 0.264549 0.0585136
v -0.0494995 0.274962 0.055064
v 0.0351451 -0.203222 -0.114406
v -0.111143 -0.0692699 0.0495543
v -0.0431897 0.474745 -0.0876156
v -0.000996795 0.211018 -0.104983
v -0.0375943 0.291562 0.0553128
v -0.0303178 0.296364 0.0579754
v 0.0397689 0.284548 0.0588346
v -0.0436306 0.286369 0.0515445
v 0.0436413 0.291143 0.0539435
v 0.0572135 0.29959 0.0513493
v 0.0574693 0.314373 0.0569432
v -0.058279 0.305285 0.0506863
v -0.0614713 0.328081 0.0497722
v -0.14465 -0.398544 -0.010197
v 0.0101254 0.123172 -0.102933
v -0.054944 0.32958 0.0550288
v -0.00798216 0.333574 0.0572909
v 0.00862859 0.333401 0.0601915
v 0.0201333 0.183618 -0.102213
v -0.0422585 0.338022 0.0574873
v -0.011273 0.342781 0.0548935
v -0.00265967 0.341321 0.0546085
v 0.00611566 0.340004 0.0541858
v 0.0151761 0.337828 0.0554149
v 0.0232243 0.334219 0.0580663
v 0.0314914 0.33782 0.0583299
v 0.0123551 0.348325 0.0554085
v 0.0462681 0.346719 0.0538636
v -0.026263 0.347584 0.058074
v 0.210979 0.0378817 0.0946308
v -0.0326286 -0.205287 -0.111147
v 0.0735496 -0.197311 -0.11674
v -0.000513594 0.356338 0.0529855
v 0.00659327 0.354631 0.0538219
v -0.0393174 0.356843 0.0563219
v -0.0482017 0.354541 0.052349
v 0.0054174 0.361842 0.0535636
v -0.00532571 0.375267 0.0498172
v -0.0181577 0.136231 -0.101442
v -0.002647 0.365033 0.0533939
v -0.0105065 0.195029 -0.103841
v -0.0361218 0.364572 0.0576773
v 0.0666033 0.0320792 0.0655851
v 0.0284797 0.37449 0.0554721
v 0.0542055 0.365631 0.0506561
v -0.0336465 0.377467 0.0509104
v -0.0184461 0.390376 0.0432092
v -0.060896 -0.498969 -0.0611458
v -0.0847013 -0.496775 0.039214
v 0.0886473 -0.496944 0.046512
v 0.0690192 -0.494774 0.0470624
v -0.125405 -0.496253 0.0387408
v -0.116617 -0.496469 0.039105
v -0.0508233 -0.494396 0.0503198
v -0.0630401 -0.493947 0.0436921
v -0.0637306 -0.201941 -0.115704
v -0.110655 -0.0399553 0.0355019
v 0.117995 -0.494722 0.0469544
v 0.127248 -0.485 -0.0575485
v 0.137257 -0.493779 0.0426989
v 0.14363 -0.48541 0.0404094
v -0.143322 -0.485423 0.0471039
v 0.0210515 -0.483768 0.0445222
v 0.138637 -0.469572 0.0450698
v -0.142745 -0.477169 0.0467721
v -0.0596483 -0.0175171 -0.115801
v 0.114796 -0.482995 -0.0771344
v 0.132771 -0.463683 0.041783
v -0.00852688 0.079255 -0.105474
v 0.117806 -0.443694 0.0349991
v -0.11227 -0.441266 0.0369517
v -0.0110992 -0.452362 0.0379232
v -0.0148691 -0.444903 0.0337727
v 0.0213568 -0.441664 0.0411084
v 0.0280636 -0.459404 -0.0693425
v -0.0757378 -0.426993 0.045661
v 0.0229665 0.0720288 -0.104076
v -0.0406305 -0.428517 0.0409995
v -0.0469225 0.207577 0.0536237
v 0.0785586 -0.425345 0.045273
v 0.057445 -0.425431 0.0449048
v -0.0519699 -0.221015 0.04986
v 0.0114864 -0.217687 0.0443218
v 0.0317591 -0.224128 0.0450324
v 0.0139062 0.0719964 -0.105995
v -0.0843504 -0.203859 0.0513732
v -0.00537651 -0.199597 -0.107383
v 0.11906 -0.137262 0.0454044
v 0.000276616 0.0793903 -0.106021
v -0.123784 -0.0943656 0.0341138
v 7.82073e-06 0.0944909 -0.104352
v 0.156318 0.125877 -0.0435082
v -0.205304 0.00284739 0.0393603
v -0.0806592 0.0195559 0.0473147
v 0.0495246 -0.207982 -0.110443
v 0.202601 0.0052646 0.0419146
v -0.246801 0.00877296 0.0372823
v 0.0851153 0.0180864 0.0458798
v 0.192814 0.0146654 0.0457747
v 0.248347 0.0095541 0.0359506
v -0.191862 0.0120602 0.0410758
v 0.264179 0.032843 0.0395156
v 0.266477 0.0400295 0.043867
v -0.179801 0.0465609 0.0402829
v -0.0781083 0.0358624 0.0482238
v 0.0851912 0.0275453 0.0426531
v 0.179225 0.0492396 0.0383717
v -0.266412 0.0543558 0.042959
v -0.0378627 0.480912 -0.0831762
v 0.0407719 -0.208248 -0.109098
v -0.0829582 0.0581043 0.0471298
v -0.0810502 0.0643512 0.0511198
v 0.197328 0.0703554 0.0502816
v -0.211856 0.0810012 0.0375996
v -0.217648 0.0838927 0.0445086
v 0.193627 0.0539359 -0.0662245
v 0.228608 0.0864004 0.0456614
v 0.00415545 -0.192766 -0.11957
v 0.0806244 0.100916 0.03861
v -0.0477739 -0.206056 -0.112868
v 0.0723052 0.114295 0.0370863
v -0.146014 -0.414463 -0.0118165
v -0.0565457 0.131556 0.0447249
v -0.0543175 0.160564 0.0470819
v 0.0522023 0.153882 0.049965
v 0.032114 0.0552748 -0.104781
v -0.0641537 0.176829 0.0465086
v 0.0678624 0.17811 0.0481451
v 0.074672 0.191415 0.0415722
v -0.024629 -0.404111 -0.0680265
v 0.0432393 0.208631 0.055093
v -0.0753402 0.229889 0.0456508
v 0.0792178 0.220908 0.0443782
v 0.101211 -0.00318747 0.035615
v 0.0732694 0.248378 0.0534988
v 0.0676036 0.258389 0.0477516
v -0.0657343 0.259611 0.052498
v -0.0532023 0.270743 0.0488852
v 0.057045 0.269596 0.0464897
v -0.017576 0.374586 -0.123316
v -0.143662 -0.413439 -0.00406294
v -0.0458949 -0.212428 -0.105258
v 0.0443493 0.284252 0.052752
v -0.0553494 0.283273 0.04015
v -0.0647918 0.296979 0.0350634
v 0.0638663 0.305276 0.0484439
v 0.062346 0.319038 0.052945
v -0.0652011 0.336751 0.0396215
v -0.0382395 0.0546546 -0.101467
v -0.0638684 0.34489 0.0398119
v 0.0610808 -0.0223494 0.0857943
v -0.0532738 0.348649 0.0492363
v 0.0526363 0.354831 0.0517547
v 0.0605433 0.350188 0.046204
v -0.0625217 0.36169 0.0444687
v 0.0666231 0.363874 0.0411014
v 0.0441733 0.0201084 -0.110471
v -0.007172 0.481031 -0.0991395
v -0.0530608 0.372969 0.045563
v 0.0048681 0.37924 0.0470773
v -0.0410403 0.377584 0.0477835
v 0.0281956 -0.371044 -0.0698442
v 0.0492164 0.376772 0.044755
v -0.0284008 0.387744 0.0413723
v 0.0217681 0.46896 -0.108854
v -0.0437168 -0.0342498 0.0968886
v 0.0217459 0.386325 0.0444433
v -0.1332 -0.493735 0.036554
v -0.0765715 -0.494923 0.0373293
v 0.102863 -0.498085 0.038279
v 0.122089 -0.496918 0.0373314
v -0.138646 -0.487761 0.0337563
v -0.0379763 -0.492427 0.0425024
v -0.0165726 -0.394105 -0.0011992
v -0.0223545 -0.487711 0.0368804
v 0.0376555 -0.490824 0.0218125
v -0.0799432 0.439029 -0.0406832
v -0.0245299 0.464364 -0.11096
v 0.0672202 -0.493168 0.0387588
v -0.00942122 -0.450265 -0.0130968
v -0.138372 -0.470008 0.0351806
v 0.0245064 -0.375976 -0.0647368
v -0.0807116 -0.048121 -0.110585
v -0.135836 -0.464571 0.0314196
v -0.0194439 -0.472582 0.101388
v 0.127354 -0.457539 0.0391904
v -0.102603 -0.0918351 -0.114352
v 0.110711 -0.44145 0.0396258
v -0.0992779 -0.428922 0.0412699
v -0.0851748 -0.424298 0.0441867
v 0.0997742 -0.429931 0.0418302
v -0.0789362 -0.417519 0.0437423
v -0.0675788 -0.425827 0.0454652
v 0.0525057 -0.421579 0.0399914
v 0.0454459 -0.424499 0.0377046
v 0.0708728 -0.427566 0.0468009
v 0.0852332 -0.423286 0.0444728
v -0.0623018 -0.421304 0.0435573
v 0.035809 0.469379 -0.102036
v 0.0595033 -0.418515 0.0413841
v 0.0664384 -0.415041 0.0420894
v 0.0763235 0.430675 -0.082548
v -0.113203 -0.111032 -0.105722
v 0.125276 -0.386648 -0.0787737
v -0.129473 -0.38165 -0.0724667
v -0.0849878 -0.319477 0.0448185
v -0.0778361 -0.319226 0.0443827
v 0.0800627 -0.328177 0.0419208
v 0.0463399 0.477306 -0.0820723
v -0.109552 -0.171889 -0.101629
v 0.0873677 -0.322471 0.044094
v -0.0986093 -0.322358 0.0390357
v -0.0888709 -0.311451 0.04416
v -0.132733 0.0458059 -0.0647894
v -0.0802616 -0.312381 0.0448647
v -0.0722016 -0.32296 0.0420785
v -0.0657465 -0.317976 0.0391436
v 0.0718644 -0.324642 0.0404091
v 0.0773512 -0.309543 0.0433194
v -0.111844 -0.155778 -0.10906
v 0.0858571 -0.313238 0.0448551
v 0.0942042 -0.31607 0.0432544
v -0.0856746 -0.296878 0.0384983
v -0.0749212 -0.306144 0.0421385
v 0.0860157 0.197849 -0.0277261
v -0.0917986 -0.303367 0.0403181
v -0.0778314 -0.298494 0.0397325
v -0.0164024 -0.474537 0.0924244
v 0.0853743 -0.304318 0.0428625
v -0.066432 -0.24839 0.038564
v -0.111826 0.147406 -0.0297275
v -0.0456637 -0.235353 0.0416566
v 0.067266 -0.2445 0.0396357
v 0.0480892 -0.227587 0.0457455
v 0.0393025 0.462637 -0.105617
v -0.0151608 -0.223848 0.0402237
v -0.0281777 -0.233435 0.0377391
v 0.0608026 0.394807 -0.104375
v 0.0825708 -0.234293 0.0409721
v 0.0600551 0.331442 -0.0933708
v -0.00129496 -0.224088 0.0338792
v 0.0904529 -0.233996 0.0383748
v 0.111422 -0.200608 0.0372432
v -0.0956944 -0.167547 -0.12926
v -0.110056 -0.189218 0.040712
v -0.118824 -0.172548 0.0377848
v 0.119942 -0.181002 0.0364168
v -0.121114 -0.155233 0.0383117
v -0.11988 -0.129266 0.0408222
v -0.119341 -0.113234 0.0422771
v -0.0329806 0.464288 -0.106765
v -0.0444843 0.453226 -0.107129
v 0.121056 -0.0907317 0.0444688
v -0.0770496 -0.0932847 -0.142952
v 0.0963629 0.00235688 0.0399654
v -0.200867 0.00211068 0.0338066
v 0.222453 -0.000498562 0.0359346
v -0.240541 0.00490823 0.0381278
v -0.260941 0.0252638 0.037612
v -0.0439986 0.459026 -0.10335
v -0.0811948 0.0284965 0.043301
v 0.135046 -0.330226 -0.0657519
v 0.259185 0.0233131 0.0299728
v -0.174121 0.0413158 0.0340398
v -0.174134 0.0261603 0.0302977
v 0.0532962 0.474634 -0.0767387
v 0.175571 0.0326123 0.0346349
v 0.0914345 0.0511984 0.0342836
v -0.0025435 -0.0310903 0.104584
v -0.257135 0.0658781 0.0300703
v -0.1319 -0.316982 -0.0666561
v 0.187678 0.0623956 0.040442
v 0.0473397 -0.422118 -0.0856069
v -0.246969 0.0769797 0.0336457
v 0.250533 0.0727734 0.0300414
v 0.214584 0.0826397 0.041106
v 0.243195 0.0764479 0.0260324
v -0.211972 0.0150153 -0.0376908
v -0.0588104 0.124318 0.0434171
v 0.0587328 0.468101 -0.0792354
v 0.132926 -0.298102 -0.0661286
v -0.0615921 0.17061 0.041317
v 0.0702362 0.183547 0.0409783
v 0.0467801 0.26211 -0.0948426
v -0.0724222 0.192442 0.0437475
v -0.0733162 0.206683 0.0553934
v 0.074609 0.201264 0.0309522
v 0.0575859 0.463628 -0.087024
v 0.0614413 0.264563 0.043177
v -0.0572919 0.267104 0.0438358
v -0.0432033 0.265162 -0.0959719
v 0.0532386 0.275927 0.0441986
v -0.0547423 0.273869 0.0408921
v 0.135216 -0.321621 -0.0647258
v 0.0348025 0.271599 -0.102337
v -0.0676496 0.306586 0.0375986
v -0.0671289 0.327508 0.0417356
v 0.0666177 0.301112 0.0420366
v 0.0667925 0.314339 0.0475789
v -0.0603418 0.339906 0.0446779
v -0.122622 -0.497586 -0.0116967
v -0.0595763 0.370209 0.0426949
v 0.0600804 0.369058 0.0445922
v -0.0094498 0.392354 0.0440281
v -0.267847 0.0614468 0.141802
v -0.0381016 0.386514 0.03734
v -0.0240832 0.397491 0.0396398
v 0.0311947 0.38138 0.047147
v -0.101694 -0.373572 0.0335951
v 0.0215911 0.395058 0.0414466
v 0.0380787 0.385373 0.0392723
v -0.0599324 0.46456 -0.0786455
v -0.00657673 0.413631 0.0397427
v 0.00617422 0.403136 0.0422166
v -0.120957 -0.497138 0.0315533
v 0.12789 -0.261634 -0.067492
v -0.116806 -0.499175 0.0241165
v -0.0773541 0.431944 -0.0738016
v 0.125753 -0.496484 0.0287271
v -0.058971 -0.491454 0.0366254
v -0.0741132 -0.491054 0.028082
v -0.0576952 0.405193 -0.107153
v 0.0887253 -0.495589 0.0300135
v -0.106658 -0.160696 -0.116703
v 0.133453 -0.49301 0.0273106
v -0.0588874 0.387589 -0.102655
v -0.000148166 -0.0280293 -0.135784
v 0.123533 -0.268528 -0.0735795
v -0.140317 -0.478485 0.0315301
v 0.0155564 -0.482811 0.0290817
v 0.142034 -0.481806 0.0315095
v 0.14137 -0.472838 0.0291131
v 0.133327 -0.460282 0.0335273
v -0.13065 -0.453319 0.0260484
v 0.000847432 0.431691 -0.130022
v 0.0321211 -0.430702 0.0308538
v 0.115479 -0.435291 0.034833
v -0.109947 -0.4205 0.0363575
v -0.0656178 0.458177 -0.0768759
v -0.0401325 -0.424643 0.0349401
v -0.0290557 -0.430302 0.0287264
v 0.0414079 -0.42003 0.0323408
v 0.0974804 -0.413396 0.0409964
v -0.00979443 -0.0559326 0.110662
v -0.0472448 -0.422244 0.0385543
v 0.0478508 -0.417001 0.0355299
v -0.0482151 -0.412207 0.0356695
v -0.00865629 0.375504 -0.125041
v 0.118675 -0.412413 0.0312008
v -0.0698875 0.243366 0.0699715
v -0.0588859 -0.388744 0.0365398
v 0.108487 -0.150368 -0.121113
v -0.0681432 -0.388523 0.0387041
v 0.0716466 -0.373178 0.036938
v -0.0891487 -0.368893 0.0362562
v -0.00960178 -0.237651 -0.0717508
v 0.0955879 -0.375541 0.036134
v -0.0837992 -0.376665 0.037825
v -0.0748583 -0.374629 0.0377141
v -0.0059256 -0.228605 -0.0758318
v 0.0871003 -0.377527 0.0377632
v 0.253263 0.0971323 0.109494
v -0.0818441 -0.334576 0.0394422
v -0.0901209 -0.33745 0.0367952
v -0.0734964 -0.331247 0.0393018
v 0.0566085 0.376991 -0.104782
v -0.217036 0.0515034 -0.0505999
v 0.0896558 -0.339299 0.0367486
v -0.104333 -0.335421 0.0305736
v 0.0659328 -0.329307 0.0358078
v 0.104739 -0.335497 0.0314358
v -0.0978404 -0.311801 0.0398773
v -0.0594532 -0.321961 0.0343132
v 0.108291 -0.319869 0.0323915
v 0.10224 -0.300633 0.0337041
v -0.0992395 -0.302658 0.0356615
v -0.0612691 -0.30175 0.0340486
v 0.0651507 -0.321148 0.0367906
v 0.0626746 -0.305163 0.034173
v -0.0499191 0.0173384 0.0751385
v -0.106887 -0.147348 -0.124747
v 0.0736571 -0.28679 0.034355
v 0.0948907 -0.285091 0.0322961
v -0.0808757 -0.283507 0.0344464
v -0.0873834 -0.288973 0.0346044
v -0.0314066 -0.0394484 -0.134421
v 0.0809381 -0.283167 0.0343463
v -0.0305462 0.133079 -0.0974024
v -0.0716747 -0.255383 0.0367108
v -0.0493675 -0.257647 0.0329952
v 0.0059427 -0.228907 -0.0743173
v 0.049159 -0.251197 0.0348945
v -0.0673942 0.450447 -0.0814876
v 0.0723276 -0.261697 0.0354257
v 0.0865995 -0.258393 0.0345269
v -0.037454 -0.248718 0.032252
v 0.0336116 -0.239247 0.0354093
v 0.0930351 -0.252516 0.033641
v 0.0819181 0.16576 -0.0509117
v 0.103686 -0.217538 0.0368567
v 0.126828 -0.168627 0.0314469
v 0.109672 -0.0438021 0.0442539
v -0.111757 -0.135814 -0.117317
v -0.227685 -0.000859955 0.0320382
v 0.0606525 -0.411836 0.0401164
v 0.208299 -0.00113994 0.0308949
v -0.114285 0.134801 -0.00527122
v -0.0864029 0.0206776 0.0384363
v 0.0884452 0.0201874 0.0396899
v 0.250604 0.0124285 0.0219445
v -0.16753 0.0198238 0.0162915
v 0.0899225 0.0248222 0.0344524
v -0.262738 0.0388317 0.0257841
v 0.200087 0.0250788 -0.0511891
v -0.0839986 0.0443638 0.0387073
v 0.262847 0.0323318 0.0301445
v -0.174061 0.0501776 0.0321392
v 0.264106 0.0482119 0.0312746
v 0.0418521 0.486772 -0.0279493
v -0.187536 0.0622856 0.0400372
v 0.177333 0.055654 0.0330506
v -0.249584 0.072607 0.0280783
v -0.196595 0.0747253 0.0313627
v 0.195887 0.0732298 0.034979
v -0.0855201 0.0787502 0.0335993
v 0.0905083 0.0777552 0.0364364
v -0.233408 0.0842548 0.0388502
v -0.226253 0.0828654 0.0339094
v -0.0594621 0.144018 -0.0792842
v 0.00960813 -0.223015 -0.0810413
v -0.0796968 0.093485 0.0376043
v 0.0856532 0.095886 0.0330465
v 0.0778706 0.107877 0.034254
v -0.0738323 0.109302 0.0322357
v -0.0678027 0.134263 0.0320216
v 0.0725868 0.43241 -0.0889855
v -0.0537539 0.382267 -0.106311
v -0.056579 0.0120768 0.0735447
v 0.0701161 0.180165 0.0329865
v 0.144587 -0.368047 -0.04747
v -0.0261827 0.0948738 -0.0999731
v 0.0420582 0.0898777 -0.0946612
v -0.0732455 0.21944 0.0326334
v 0.0755754 0.224419 0.0311262
v 0.0319808 0.0991265 -0.0982152
v -0.0664542 0.252186 0.037874
v 0.0713432 0.24377 0.0342616
v 0.0403135 0.0708459 -0.0980201
v -0.0625546 0.260363 0.0430574
v -0.113102 -0.119421 -0.111335
v -0.0600604 0.267921 0.03659
v -0.0197676 0.0120472 -0.120928
v 0.0595991 0.289317 0.0410497
v -0.067422 0.292116 0.0250296
v -0.0712317 0.313095 0.0305105
v -0.233843 0.0421435 -0.0334423
v -0.0500759 0.459017 0.00404175
v 0.0532697 0.0618451 -0.092457
v 0.0674237 0.337368 0.0397721
v -0.0685303 0.359418 0.0380671
v 0.0720795 0.351654 0.0360165
v -0.065452 0.36676 0.0387547
v 0.0710119 0.36592 0.033845
v 0.0789494 0.374748 -0.00382445
v 0.0172504 -0.466848 -0.0547613
v -0.0519198 0.38786 0.0266968
v 0.0529244 0.382446 0.0317018
v 0.0578856 0.0534861 -0.0911372
v 0.0356219 0.421521 0.0308643
v 0.0162698 0.427004 0.0358394
v 0.013999 0.436406 0.0340636
v -0.112468 -0.127851 -0.115132
v -0.0233209 0.428613 0.0331153
v -0.0535251 0.339194 -0.0982603
v 0.050905 0.152403 -0.0876988
v -0.0858829 -0.490929 0.0180096
v 0.0981766 -0.497389 0.0299901
v 0.107597 -0.498371 0.0299447
v -0.133067 -0.491765 0.0285679
v 0.0817181 -0.00475922 -0.0955113
v -0.0425018 -0.490119 0.0259966
v -0.033102 -0.490646 0.0236846
v -0.0272759 -0.490041 0.0307421
v 0.0484392 -0.490992 0.0322548
v 0.0635958 -0.486851 0.0264838
v -0.117242 -0.211694 -0.0748357
v -0.112267 -0.0945349 -0.0956626
v -0.139416 -0.469312 0.0257311
v -0.00773546 -0.474439 0.0255205
v -0.0799856 0.347617 -0.00809587
v -0.135701 -0.460508 0.0254704
v -0.11997 -0.127381 -0.0903523
v 0.0154969 -0.444165 0.0228042
v -0.126782 -0.179906 -0.0682067
v -0.0128462 -0.443719 0.0165168
v -0.119373 -0.43898 0.0303471
v 0.121935 -0.437855 0.0298478
v 0.0728019 -0.303737 -0.0946947
v -0.0235622 -0.430713 0.0210375
v 0.119566 -0.420917 0.0317395
v -0.0409567 -0.408386 0.0308626
v -0.0465506 0.342283 -0.104379
v -0.138098 -0.258599 -0.0204438
v -0.111381 -0.381937 0.0302408
v -0.0454073 -0.393187 0.0312459
v 0.054457 -0.374971 0.032098
v 0.116349 -0.377816 0.0278071
v -0.0128921 -0.374993 -0.0183538
v -0.0486364 -0.360477 0.0289969
v -0.0561718 -0.358162 0.0321669
v -0.0700389 -0.327166 -0.0954464
v 0.112598 -0.361123 0.0281525
v 0.0755506 -0.350171 0.0357329
v 0.0974877 -0.341787 0.0336676
v -0.0760998 -0.348965 0.0359059
v 0.0677627 -0.346832 0.0344114
v 0.0826217 -0.34485 0.035862
v -0.0976182 -0.340947 0.0331677
v -0.0908577 -0.346479 0.0346824
v 0.0733896 0.41644 -0.0911945
v -0.0669064 -0.335844 0.0351107
v 0.0537658 -0.350225 0.0300807
v -0.0530191 -0.326248 0.0300958
v 0.0541665 -0.324667 0.0300068
v -0.116461 -0.313398 0.0220237
v -0.110739 -0.329738 0.0271131
v 0.114839 -0.322827 0.0256213
v 0.115534 -0.30745 0.0239222
v -0.10559 -0.302437 0.0303772
v 0.0567135 -0.304274 0.0308368
v 0.116388 -0.128518 -0.106145
v -0.0961403 -0.286231 0.0310995
v -0.0540124 -0.299221 0.0303373
v 0.0777839 0.416894 -0.0831405
v -0.0886621 -0.269842 0.033047
v 0.0439877 0.330165 -0.105451
v -0.0673733 -0.282535 0.0337548
v 0.0601431 -0.278672 0.0316236
v -0.0787739 -0.328487 -0.0959472
v -0.0816356 0.318191 -0.00915377
v -0.0813736 -0.267782 0.0345312
v -0.0536461 -0.272976 0.0309787
v 0.125818 -0.166013 -0.0766904
v 0.0740577 -0.278571 0.034258
v -0.0926505 -0.261266 0.0320771
v -0.0680455 -0.264197 0.0349962
v 0.1487 -0.435309 -0.0202751
v -0.053533 -0.387244 -0.0907163
v -0.00861463 -0.456159 -0.0187676
v 0.0941975 -0.261048 0.0324162
v 0.122845 -0.182507 -0.0763445
v 0.0805917 0.331722 -0.000585975
v 0.0439686 0.315587 -0.103187
v 0.266509 0.0650284 0.141632
v 0.0385871 -0.263363 0.0259455
v -0.0964343 -0.235398 0.0344234
v -0.158078 0.123697 -0.0221811
v -0.021863 -0.245603 0.0256177
v -0.0641951 0.39293 -0.0977204
v 0.008585 -0.226358 0.0331268
v -0.10848 -0.226465 0.0291687
v -0.112703 -0.211518 0.0302626
v -0.117007 -0.187038 0.0344927
v 0.125458 -0.176958 0.0308372
v -0.12476 -0.17297 -0.0732775
v 0.0456339 0.00317283 0.0846856
v -0.0252952 -0.0541504 0.107949
v -0.125941 -0.118786 0.0290508
v 0.127908 -0.110846 0.0292749
v -0.126529 -0.095972 0.0266757
v -0.120036 -0.0497597 0.0170757
v 0.101818 0.00593383 0.0260157
v -0.204186 -0.00131876 0.0269054
v -0.240403 0.00383912 0.022257
v -0.0079584 -0.451985 -0.0045177
v 0.0752487 0.424418 -0.0869699
v 0.0830968 0.344023 -0.0103409
v 0.0840925 0.322505 -0.0111772
v -0.0698107 -0.380217 0.0378928
v -0.0738653 0.419797 -0.0860819
v 0.0519651 0.288014 -0.0941605
v 0.191018 0.103136 -0.0101438
v -0.0491139 0.268838 -0.0922292
v -0.0513339 0.287163 -0.0925594
v -0.0746692 0.116517 0.0264751
v 0.103026 -0.326663 0.0354814
v -0.168017 0.0445839 0.027912
v -0.129435 -0.117063 -0.0585288
v -0.173876 0.0592505 0.0287454
v -0.182581 0.0660254 0.030455
v -0.142069 -0.306779 -0.038205
v 0.0934051 0.0633576 0.0276084
v -0.131235 -0.124269 -0.0570891
v 0.169452 0.0559202 0.0273657
v -0.00662589 -0.458219 -0.010875
v -0.0877498 0.075065 0.0278732
v 0.248765 0.070833 0.0219396
v -0.195229 0.0776839 0.0243619
v -0.201206 0.0781101 0.0275495
v 0.209989 0.0803078 0.0359512
v 0.216586 0.0818372 0.0329195
v 0.0936947 -0.494199 -0.0424759
v -0.0709507 0.124829 0.0288592
v -0.0841576 -0.381634 -0.0956235
v 0.00765663 0.130911 -0.103288
v -0.0418117 0.240169 -0.0948301
v -0.0697445 0.187444 0.0312401
v 0.0730723 0.184884 0.0268167
v 0.0738219 0.19324 0.0281493
v 0.0168102 0.19259 -0.103082
v -0.125286 -0.114564 -0.067833
v -0.1598 0.124407 -0.0294912
v -0.0662629 0.281131 0.0272458
v -0.131041 0.139282 -0.0381207
v -0.0725524 0.319796 0.023079
v -0.0717719 0.329195 0.0247426
v 0.0716925 0.33335 0.033049
v -0.0717724 0.338248 0.0259142
v -0.0692564 0.350441 0.0356997
v 0.0752328 0.35834 0.0309872
v -0.0693359 0.366298 0.0316422
v 0.129522 -0.129633 -0.0683852
v -0.0583708 0.382989 0.0222398
v 0.0339991 0.216383 -0.0987697
v -0.0422563 0.402779 0.0300358
v -0.080236 0.313202 -0.0040517
v 0.121838 -0.0633013 -0.0600544
v 0.0462898 0.4063 0.0283272
v 0.144783 -0.323789 -0.0384053
v -0.0146502 0.442176 0.0317679
v 0.0286042 0.441375 0.0287416
v 0.00886939 0.453622 0.028091
v -0.0377122 0.136054 -0.0941104
v 0.103039 -0.497447 0.0218291
v 0.11685 -0.499225 0.0137692
v 0.129365 -0.496056 0.0209774
v -0.134181 -0.491757 0.0201093
v 0.112783 -0.37687 -0.0874801
v -0.0489373 -0.487029 0.0189253
v 0.0433882 -0.489309 0.0164416
v -0.0368756 0.320847 -0.106602
v -0.0441097 0.123838 -0.0904746
v 0.135987 -0.491891 0.019602
v 0.0421915 0.154644 -0.0932292
v -0.0322749 0.195737 -0.0976825
v 0.0445959 0.128128 -0.0916599
v -0.0152064 -0.485326 0.0172395
v 0.0200055 0.160536 -0.101938
v 0.139228 -0.487195 0.0253668
v -0.141308 -0.478315 0.0215401
v -0.0102824 -0.479854 0.0217562
v 0.0390508 0.169637 -0.0951152
v 0.0108467 -0.476455 0.0284935
v -0.115547 -0.0537771 -0.0644392
v 0.129895 -0.44858 0.0244744
v -0.0146036 -0.439511 0.00905518
v 0.0195994 -0.435621 0.0127995
v 0.0294187 -0.42692 0.0236654
v -0.051394 0.221814 -0.0870747
v -0.122991 -0.42979 0.0280044
v -0.0286532 -0.422826 0.0230124
v 0.0312056 -0.418536 0.0227923
v 0.124757 -0.409576 0.0259419
v -0.076963 0.417727 -0.0798601
v -0.0773113 0.409126 -0.0784884
v -0.115093 -0.375081 0.0268903
v -0.12169 -0.375815 0.0222028
v 0.0368942 -0.369601 0.0203616
v -0.0425756 -0.362243 0.0256225
v -0.039069 0.086555 -0.0954819
v 0.11101 -0.342177 0.0278361
v -0.111489 -0.339375 0.0262305
v 0.0464947 -0.348749 0.0260575
v 0.0263721 0.175983 -0.10034
v -0.123478 -0.335201 0.0169885
v -0.045026 -0.285882 0.0261114
v 0.232742 0.0673028 -0.0219865
v -0.107186 -0.295912 0.0272926
v 0.102007 -0.28116 0.0298025
v 0.13862 -0.196997 -0.0426505
v -0.105202 -0.256302 0.0267479
v 0.0361925 -0.271389 0.0212792
v -0.035496 -0.275334 0.0215186
v 0.107741 -0.259024 0.026704
v -0.030212 -0.261085 0.0223468
v 0.0191347 -0.237674 0.0288146
v -0.0511056 0.0765011 -0.0895631
v -0.0146644 -0.243915 0.0215286
v -0.00268304 -0.235077 0.0206833
v 0.118323 -0.210921 0.0268924
v -0.119308 -0.209071 0.0238064
v -0.126042 -0.17644 0.0267483
v -0.130001 -0.109605 0.0171944
v 0.13145 -0.0901576 0.0168455
v 0.116591 -0.0404848 0.027106
v 0.212827 -0.00426767 0.0171388
v 0.221256 -0.00341258 0.0203722
v -0.0923071 0.02819 0.0203361
v 0.0950688 0.0265919 0.0207369
v -0.14274 -0.313395 -0.0342678
v -0.257231 0.0229961 0.020557
v -0.155978 0.0433651 0.0178757
v 0.259397 0.0337723 0.0153581
v 0.0929339 0.0411674 0.0186533
v -0.258517 0.0457858 0.0128878
v -0.0886142 0.0530673 0.022218
v 0.161259 0.0526414 0.0226677
v 0.257958 0.0408384 0.0100254
v 0.162591 0.0618684 0.0228605
v -0.00977912 -0.420076 -0.0274251
v -0.172224 0.0690089 0.0243102
v 0.0554985 0.214829 0.0592444
v 0.032163 0.122352 -0.0975684
v -0.0357254 0.303556 -0.104797
v 0.173739 0.0685427 0.0251263
v 0.190661 0.0736967 0.0277553
v -0.242277 0.0775223 0.0278177
v 0.110359 0.147122 -0.020229
v -0.0575821 0.0463385 -0.0912199
v 0.0921698 0.0819638 0.0279806
v 0.201833 0.0806383 0.0205649
v 0.0329285 -0.490587 0.00389931
v -0.0872669 0.0819566 0.0262534
v -0.0839339 0.101418 0.0231875
v -0.0233474 0.29563 -0.108578
v 0.0820052 0.116245 0.0229608
v 0.0767456 0.138843 0.0228476
v 0.0723416 0.15399 0.0283865
v -0.093333 -0.494286 -0.0400151
v 0.107784 -0.0178874 -0.0639773
v -0.0725319 0.211321 0.0288482
v -0.0564769 0.437027 0.010835
v -0.0684701 0.245914 0.0336899
v 0.0733765 0.239221 0.0264739
v 0.0664817 -0.352138 -0.0944588
v 0.0699328 0.287162 0.025279
v 0.0688567 0.294655 0.0301061
v -0.0258848 0.189467 -0.0999787
v -0.0751582 0.306536 0.010809
v 0.0281397 0.276102 -0.105167
v 0.0764773 0.0158245 -0.0896783
v -0.0917862 -0.0250113 -0.0902124
v 0.0930134 -0.0357255 -0.0961661
v -0.066221 0.371518 0.0247009
v -0.153822 0.127892 -0.0349648
v -0.104151 -0.382877 -0.0907526
v 0.100806 -0.0516436 -0.0927849
v 0.0579905 0.382684 0.0261309
v -0.0969851 -0.0586693 -0.0974866
v 0.143527 -0.299467 -0.0250125
v 0.224791 0.0806085 0.0188505
v 0.0454393 0.436036 0.021994
v -0.0433286 0.436002 0.0221696
v -0.0290186 0.442682 0.0270624
v 0.0486793 0.0148353 0.078094
v -0.0324559 0.45365 0.020468
v -0.0128897 0.458179 0.0247242
v 0.0255338 0.258038 -0.104429
v 0.0233314 0.460202 0.0211041
v -0.096772 -0.492627 0.00849625
v 0.0992906 -0.494048 0.0141042
v 0.10788 -0.497331 0.0139071
v 0.0685652 0.375346 -0.0915616
v 0.0662919 0.342869 -0.0884318
v 0.0186497 -0.486547 0.0138583
v 0.0195779 -0.487758 0.00400652
v -0.0299695 0.258948 -0.102021
v 0.055966 -0.485499 0.0213139
v 0.0111022 -0.479809 0.0128258
v -0.144637 -0.472417 0.0090195
v -0.139361 -0.457304 0.0110891
v 0.139059 -0.45248 0.0100236
v 0.00782916 -0.456184 0.0138314
v 0.136299 -0.445714 0.0137424
v -0.13084 -0.445838 0.019159
v 0.136339 -0.438709 0.0138864
v -0.129788 -0.43006 0.0210888
v 0.120735 -0.113504 -0.0857551
v -0.0180644 -0.42328 0.00809977
v -0.133332 -0.392297 0.0123508
v 0.118205 -0.121461 -0.0989729
v -0.0833381 0.236186 -0.0308629
v -0.031463 -0.362817 0.0165696
v -0.0333773 -0.344182 0.0175829
v 0.0399363 -0.347913 0.0214265
v 0.111575 -0.119686 -0.116857
v -0.0324224 -0.288787 0.01628
v 0.0369704 -0.286583 0.0191167
v -0.0967427 -0.0320262 -0.0867672
v -0.0279559 0.282847 -0.105354
v -0.116108 -0.252099 0.0189689
v 0.0312945 -0.285311 0.0140237
v 0.114017 -0.254418 0.0224362
v -0.0244854 -0.274388 0.0111467
v 0.0283693 -0.271318 0.0148372
v 0.0232387 -0.252548 0.0200037
v -0.117524 -0.229843 0.0202182
v -0.00773936 -0.24168 0.0170375
v 0.00896226 -0.243142 0.0139297
v 0.125711 -0.229353 0.0131012
v 0.134354 -0.168599 0.0189421
v -0.131799 -0.155746 0.0213086
v -0.131279 -0.138834 0.0212842
v 0.136846 -0.132859 0.0122434
v 0.132212 -0.103369 0.0169193
v -0.1313 -0.0933034 0.00875697
v 0.111572 0.00252646 -0.0112211
v -0.108346 -0.00672229 0.0146439
v 0.109086 -0.00165708 0.0139106
v -0.223335 -0.00322719 0.0185743
v 0.0229834 -0.488482 -0.0185946
v 0.0164048 0.257242 -0.106613
v 0.189762 0.000652114 0.0146575
v 0.117219 -0.137278 -0.104275
v 0.228126 -0.00196611 0.0147468
v 0.250938 0.0175884 0.00837912
v -0.155601 0.0301213 0.0106352
v 0.0934246 0.00583873 -0.074311
v 0.0275467 -0.212984 -0.0988548
v -0.257805 0.0366869 0.00891628
v -0.249712 0.0550156 -0.00144032
v 0.0870177 0.0201048 -0.0742957
v -0.145463 0.0702546 0.0155702
v 0.0949558 0.0591855 0.0196566
v 0.246952 0.059705 -0.00204955
v 0.0898586 -0.224071 -0.0924469
v -0.165644 0.0613039 0.0243796
v -0.0918525 0.0165365 -0.0649569
v -0.187517 0.0451606 -0.0662053
v -0.167044 0.120824 -0.0324322
v -0.0904753 0.0767011 0.0210609
v 0.135507 0.0457199 -0.0657457
v 0.18645 0.0366353 -0.0627562
v -0.194234 0.0823111 0.0182227
v 0.188236 0.0838576 -0.0659365
v -0.173438 0.0861961 0.0159974
v -0.159334 0.076204 0.0189017
v 0.0961889 0.0772339 0.0209605
v 0.175458 0.0751356 0.0223341
v 0.184377 0.0772685 0.0221577
v 0.0970995 -0.288703 -0.0916403
v 0.232112 0.0775055 0.0108085
v -0.208895 0.0818691 0.016613
v -0.0676633 0.339655 -0.0828051
v 0.217276 0.0814738 0.0241089
v 0.00555707 0.199946 0.0985955
v 0.0953027 0.0951492 0.0204064
v 0.0767685 -0.296762 -0.0946999
v 0.0948793 0.103839 0.01835
v -0.056683 -0.278844 -0.090573
v 0.0960341 0.120872 0.0138126
v -0.0799519 0.131615 0.0178945
v -0.0762712 0.139382 0.0197717
v -0.076789 0.154831 0.0161517
v 0.0869343 0.147618 0.00607869
v 0.0802327 0.160026 0.0132855
v -0.0733805 0.216848 0.0232023
v 0.075378 0.222718 0.022949
v -0.0729505 0.291632 0.0159499
v 0.075254 0.311147 0.023982
v 0.0682155 0.320749 -0.0824452
v -0.0732514 0.347374 0.0275089
v 0.0797488 0.346857 0.0189066
v 0.0782815 0.356865 0.021865
v -0.0731288 0.357263 0.0296151
v 0.0677814 0.372641 0.0281496
v -0.0609909 0.376735 0.025788
v 0.0587144 0.40204 0.0194684
v 0.164055 0.0980912 -0.0728101
v -0.0937535 0.15218 -0.0116196
v 0.0479695 0.449212 0.0147682
v -0.10695 0.135529 -0.0658943
v -0.109388 0.123227 -0.0752244
v 0.0170471 0.471294 0.0142979
v 0.0291406 0.464191 0.016125
v -0.000528205 0.476328 0.0111868
v -0.125157 -0.498388 0.0085998
v 0.131976 -0.496463 0.00613867
v -0.136276 -0.492026 0.0115341
v -0.0717769 -0.487488 0.00950626
v -0.0230103 -0.489656 -0.0017939
v 0.140667 -0.433474 0.00790699
v -0.0779046 0.389276 -0.0737085
v 0.102474 -0.294453 -0.0902533
v 0.116472 0.129818 -0.0689572
v 0.0823254 0.308528 -0.00275546
v 0.00529374 0.249412 -0.107089
v 0.0642316 -0.483952 0.0170746
v 0.143555 -0.485289 0.00937979
v 0.0667887 0.312159 -0.0832265
v -0.00934359 -0.479775 0.0130846
v 0.00705624 -0.471673 0.0104415
v 0.146221 -0.465841 0.00149602
v -0.00475308 -0.465012 0.0161302
v 0.00685598 -0.459575 0.000466809
v -0.00453107 -0.462838 0.00695735
v -0.13612 -0.449388 0.0114894
v -0.00676158 -0.453992 0.00441796
v 0.139219 -0.442914 0.00792248
v 0.138761 -0.424447 0.0116111
v -0.138556 -0.423421 0.00902011
v 0.0209255 -0.427053 0.0110481
v 0.027109 -0.413386 0.0172047
v -0.0317544 -0.341156 -0.0763005
v -0.0257051 -0.392902 0.0137108
v 0.125271 -0.37054 0.0201254
v -0.0742732 -0.294587 -0.094623
v -0.1266 -0.0822721 0.0201596
v -0.0112613 -0.408843 -0.0370487
v 0.127649 -0.342985 0.0150846
v 0.033989 -0.348152 0.0161912
v -0.127962 -0.319105 0.0110558
v -0.0269338 -0.289089 0.0105496
v 0.123674 -0.287998 0.0159214
v 0.0320133 -0.29422 0.0138463
v -0.123416 -0.288548 0.0139733
v 0.119881 -0.250486 0.0175787
v 0.102024 0.139666 -0.0638816
v -0.0206704 -0.265051 0.0118426
v -0.0169152 -0.256707 0.0128542
v -0.0018032 0.244 -0.106754
v -0.124634 -0.221851 0.0129764
v 0.132273 -0.207099 0.00825501
v -0.131305 -0.195663 0.0101778
v -0.018268 0.271483 -0.10695
v -0.133711 -0.177907 0.0124007
v 0.132916 -0.0957999 0.0128106
v 0.123716 -0.0441201 0.00419745
v -0.232056 0.00110762 0.00586695
v -0.211407 -0.00449257 0.0125544
v 0.0812306 -0.304053 -0.0952948
v -0.239445 0.0053658 0.0065087
v 0.0809158 0.316165 0.000398029
v 0.0898118 -0.320162 -0.0949442
v 0.181854 0.00222687 0.00275844
v 0.231317 0.00183327 0.000757459
v 0.0902077 -0.30423 -0.0943263
v 0.245239 0.0113109 0.00529474
v -0.167561 0.0141912 0.00826913
v -0.100321 0.0222446 0.00174532
v 0.0988057 0.0241674 0.012832
v -0.0847511 -0.322468 -0.0954806
v 0.222626 0.061197 0.158799
v 0.1574 0.0385487 0.0173131
v -0.0927514 0.0397005 0.0103873
v -0.138283 -0.253993 -0.0276765
v 0.255055 0.046723 0.00393371
v 0.060042 -0.326872 -0.0928611
v -0.0123659 -0.299371 -0.0306403
v -0.0903677 0.0616396 0.0194874
v -0.0954834 0.0618779 0.0120932
v 0.0969981 0.0542488 0.0125785
v -0.0965261 -0.30057 -0.0920824
v 0.134495 0.0717398 0.011503
v 0.0828802 0.133994 0.0172477
v -0.0974898 0.0785453 0.014831
v 0.149094 0.0739699 0.0163466
v -0.225641 0.0797516 0.0149395
v 0.101572 0.0816762 0.0153553
v 0.242416 0.0918507 0.134297
v -0.216677 0.0818819 0.0108831
v -0.192249 0.0879643 0.0123763
v -0.19917 0.091012 0.00488899
v -0.147869 0.0856234 0.0134748
v -0.102849 0.0698845 0.00997576
v -0.060931 -0.326599 -0.093623
v 0.162961 0.0876607 0.0148105
v -0.0659839 -0.308614 -0.0944344
v 0.210259 0.081638 0.0188866
v -0.00885918 0.451201 -0.122924
v 0.108232 0.0946517 0.0136903
v 0.10908 0.0766808 0.0109891
v -0.0205428 0.245835 -0.104306
v 0.0244973 0.243576 -0.103369
v -0.0101245 -0.413741 -0.0239146
v -0.0938473 0.109607 0.0159717
v 0.111094 0.108927 0.0111925
v -0.118409 -0.382745 0.0257882
v 0.0960039 0.134634 0.00710895
v -0.083238 0.144615 0.00966121
v 0.0917879 0.140383 0.00624325
v -0.0745732 0.260584 0.0158593
v 0.0766233 0.2781 0.01461
v 0.074857 0.303188 0.0184531
v -0.0735819 0.326312 0.0161803
v 0.0324685 -0.279534 -0.0744976
v 0.0759819 0.363499 0.00681905
v 0.0694298 0.372244 0.0181165
v -0.0727271 0.363149 0.0125082
v -0.0637487 0.377405 0.018785
v 0.0662095 0.381501 0.0156122
v -0.0628704 0.395622 0.0141385
v -0.0662472 0.426691 0.00300702
v -0.0605477 0.440369 0.00522053
v -0.0475771 0.448056 0.0136614
v -0.0394043 0.461155 0.0116491
v -0.0262955 0.464189 0.0162729
v -0.0266005 0.476485 0.00457707
v 0.0603852 -0.358182 -0.0926784
v -0.118893 -0.499007 0.00575184
v -0.108422 -0.496283 -0.00434864
v -0.137647 -0.491235 -0.00551314
v -0.131953 -0.495831 -0.00182001
v -0.0976741 -0.49245 -0.00319149
v -0.136036 -0.229359 -0.0172992
v -0.0122165 0.240514 -0.105603
v 0.0480654 -0.48787 0.00154064
v 0.0506563 -0.346457 -0.088668
v -0.145426 -0.47787 -0.00529119
v -0.0612953 -0.375295 -0.0934804
v -0.0552068 -0.485246 0.0114468
v 0.00843424 0.436305 -0.12859
v -0.0693632 0.247985 -0.0696093
v -0.0530529 -0.487099 0.00257305
v 0.0529638 -0.486152 0.00792403
v 0.0627997 -0.48937 -2.33952e-05
v 0.143877 -0.146051 -0.013205
v 0.0867743 -0.489925 0.00560185
v 0.147248 -0.474896 0.00111062
v -0.143996 -0.460656 -0.00573383
v -0.142245 -0.459268 0.00311938
v 0.0160101 0.226722 -0.104466
v -0.0696104 0.256892 -0.0699485
v -0.0541753 -0.378554 -0.0910869
v -0.0131823 -0.437548 -0.000787599
v 0.0113176 -0.448522 0.00890096
v -0.0154785 -0.430801 0.00431031
v 0.0178026 -0.432606 0.00503261
v 0.0271722 -0.376008 0.0107187
v -0.0808335 0.365953 -0.0598665
v -0.0300558 -0.372537 0.0160469
v 0.137404 -0.370875 0.00551503
v -0.129628 -0.335465 0.0102265
v -0.0332682 -0.185263 0.076037
v 0.0288025 -0.348641 0.0103492
v -0.0222146 -0.287624 0.00435774
v -0.233242 0.0749324 0.000636237
v 0.023242 0.224114 0.114175
v 0.0204013 -0.28221 -9.89835e-05
v -0.0880691 0.0339883 0.0263181
v 0.0145482 -0.265372 -0.00152785
v -0.127781 -0.256123 0.00650338
v 0.129385 -0.242281 0.00641708
v -0.0107845 -0.253978 0.00736683
v 0.00350975 -0.246337 0.00540701
v 0.0080598 0.242542 -0.106272
v 0.137021 -0.172747 0.0121329
v -0.138417 -0.162895 0.0044747
v -0.137023 -0.138549 0.00621893
v -0.135261 -0.129461 0.00845698
v 0.139374 -0.133857 0.00446695
v 0.136101 -0.107433 0.000727869
v -0.134263 -0.109386 -0.000513074
v 0.11412 -0.263306 0.0226511
v -0.109352 -0.00345386 0.00656206
v -0.0869842 0.0210313 -0.0699141
v -0.069785 -0.343088 -0.0953801
v -0.0756267 0.354279 -0.0719158
v 0.00371325 0.219469 -0.105321
v -0.0799078 0.406305 -0.0708218
v 0.0502383 0.472218 -0.0084635
v 0.106103 -0.372297 -0.0907548
v 0.252512 0.0420903 -0.00330814
v 0.108194 -0.103671 -0.115893
v 0.0962012 0.040387 0.00924657
v 0.137706 0.0430251 0.00367105
v 0.0992071 0.0483051 0.00689103
v 0.103214 0.0558877 0.00673819
v -0.13224 0.0643513 0.00974857
v 0.132064 0.0578909 0.00774666
v 0.241347 0.0635721 -0.00853807
v 0.0797719 0.362997 -0.0694714
v -0.102605 0.0595861 0.00650203
v 0.108242 0.0625143 0.00744828
v 0.124293 0.0600557 0.00596701
v -0.129655 0.0712956 0.0101093
v 0.116239 0.0616805 0.00547771
v 0.118152 0.0749065 0.00920415
v 0.126276 0.0735391 0.00951036
v -0.0774506 0.40004 -0.0766403
v -0.0698891 0.309506 -0.0755995
v -0.0902919 -0.37295 -0.0947505
v 0.215381 0.0843744 0.00286147
v 0.027782 -0.450597 -0.0665496
v 0.131254 0.0812859 0.0110521
v 0.212531 0.0832882 0.0111756
v -0.129102 0.0944784 0.00984307
v -0.0704561 0.300698 -0.0751261
v 0.12324 0.087129 0.0105007
v 0.148377 0.092706 0.0113388
v 0.198642 0.0890621 0.00832362
v -0.180757 0.0959424 0.00725252
v -0.00892228 -0.479356 0.00265345
v -0.0111563 -0.203517 0.0609584
v 0.0646175 -0.343177 -0.0940833
v 0.145558 0.100093 0.0081972
v 0.157832 0.0938857 0.011172
v -0.0764371 0.377873 -0.0746531
v -0.143028 0.109018 0.00379909
v 0.130364 0.102031 0.00823898
v -0.120798 0.119697 0.00337369
v -0.0937654 0.123945 0.0120915
v -0.0534386 -0.396251 -0.0905419
v -0.0942336 0.140404 0.00203267
v -0.0830279 0.156847 0.00224766
v 0.085452 0.160815 -0.000439458
v 0.0144607 0.450839 -0.122611
v -0.0787854 0.228412 0.00860186
v 0.0818755 0.245504 0.00529623
v -0.0766709 0.29175 0.008244
v 0.0788912 0.339272 0.00572959
v -0.0768634 0.339524 0.00606223
v 0.0795859 0.345352 0.0108342
v -0.0850629 0.0307722 0.0348535
v -0.0824939 0.398522 -0.0586849
v -0.0678956 0.37829 0.0112681
v -0.116878 -0.494872 -0.0351848
v -0.0267071 -0.412234 -0.0705253
v 0.110787 -0.411976 -0.087743
v 0.0652924 0.442751 0.000993006
v 0.0576897 0.456546 0.00034353
v 0.0421105 0.465352 0.00753652
v -0.00823898 0.485185 -0.000662829
v 0.00992009 0.486682 -0.00269516
v -0.00520186 0.219692 -0.105047
v 0.133235 -0.0842437 0.000718295
v 0.10803 -0.495118 -0.0149967
v 0.062619 0.406526 0.014608
v -0.0739052 0.359306 -0.0764542
v -0.0178227 -0.487256 -0.0096901
v 0.105233 -0.399008 -0.0909582
v 0.0141063 -0.483526 -0.00895248
v 0.0750766 -0.492843 -0.00342035
v -0.11714 -0.28543 0.0196151
v -0.0288667 -0.420514 -0.0727723
v 0.120179 -0.0475767 0.0224141
v 0.0655198 -0.411113 -0.0931753
v 0.14423 -0.432142 0.00063643
v -0.142771 -0.422999 4.60266e-05
v 0.129467 -0.428849 -0.0728826
v 0.0117404 0.223504 0.114873
v -0.0273387 0.0161265 0.084888
v 0.0668574 -0.401821 -0.0938435
v -0.0143858 -0.423249 6.38699e-05
v 0.0829841 0.383182 -0.0172805
v -0.060913 -0.424743 -0.0915881
v -0.0364063 0.0261192 -0.110287
v 0.140868 -0.377456 0.000514332
v -0.137015 -0.361004 0.00161826
v 0.0258069 -0.368453 0.00770246
v -0.0290061 -0.382971 -0.0732253
v 0.141972 -0.360522 -0.00552792
v -0.0855505 0.0400054 0.0328019
v 0.13238 -0.311148 0.007032
v -0.0190637 -0.293469 -0.00140385
v -0.00642239 0.0023525 0.0941979
v -0.127744 -0.282235 0.00839663
v 0.13299 -0.281409 0.00339577
v 0.0168014 -0.27884 -0.00686851
v -0.0794666 0.269216 0.00327071
v 0.0839703 -0.430845 -0.0932857
v -0.12751 -0.22926 0.00681409
v 0.133317 -0.229161 0.000254351
v -0.138688 -0.177564 -0.00172509
v 0.142911 -0.158843 -0.0035325
v -0.133963 -0.10061 -0.0060434
v 0.135377 -0.0927976 -0.00473897
v 0.0136063 0.0225397 0.0854231
v -0.215148 -0.00408865 0.00484185
v 0.06376 0.288665 -0.0834044
v 0.190178 -0.00106197 -0.000819263
v -0.228169 0.000897287 -0.00204923
v 0.121721 -0.498776 0.00582807
v 0.0857491 0.409243 -0.0385981
v 0.135589 -0.387197 -0.0673385
v 0.237643 0.0123124 -0.0112229
v 0.243931 0.018724 -0.00893385
v 0.249578 0.0259807 -0.00583293
v -0.254392 0.0277909 0.00495566
v -0.0697567 -0.425873 -0.0933513
v -0.100741 0.0280916 -0.00448359
v 0.105917 0.0164014 -0.00368965
v -0.100211 0.0360394 -0.00250651
v 0.102632 0.0207577 0.00447326
v -0.079666 0.292775 0.000376375
v -0.10055 0.0437837 4.98306e-05
v -0.131967 0.0503887 0.00428928
v 0.105089 0.0353735 -0.00432842
v 0.114504 0.0490832 -0.000266386
v 0.1305 0.0457679 0.00115336
v -0.124124 0.0515149 0.00129455
v -0.101826 0.0512086 0.00348635
v -0.0024047 -0.0446989 0.108421
v -0.224798 0.0799821 0.00378806
v 0.217046 0.0854265 -0.00660196
v -0.208234 0.0893654 -0.00100671
v 0.192944 0.0946319 0.00353967
v -0.101264 0.0877171 0.0146576
v 0.174741 0.095569 0.00900188
v -0.166608 0.098355 0.00785253
v 0.144171 -0.391645 -0.0510896
v 0.0247713 -0.385031 -0.0652755
v 0.13542 0.116797 0.000147409
v -0.125548 0.125246 -0.00206087
v -0.0256926 -0.388848 -0.0693439
v -0.052116 -0.251703 0.0359245
v 0.218714 -0.00341705 0.00239692
v -0.0941418 0.146938 -0.00418051
v 0.0887833 0.15312 -2.64272e-05
v -0.0882219 0.154126 -0.00464835
v -0.096894 -0.0873897 -0.118675
v -0.0827307 0.238132 -0.00758919
v 0.0840252 0.24072 -0.00213854
v 0.0729595 0.369524 0.0107722
v -0.0746654 0.363784 0.0030847
v -0.0726302 0.416529 -0.00429534
v 0.0653787 0.450441 -0.0044675
v -0.0552741 0.455067 0.00160608
v -0.0422264 0.472898 -0.00239385
v 0.130779 -0.39162 -0.0733544
v -0.0181625 0.491427 -0.0156733
v 0.0188642 0.48383 -0.00109963
v -0.119029 -0.497259 -0.0184904
v 0.124018 -0.496806 -0.0184814
v -0.00367215 0.141875 -0.103647
v 0.079502 0.223464 -0.0532682
v -0.0789768 -0.49115 0.00150091
v -0.0653419 -0.493899 -0.0117449
v 0.0883697 -0.493875 -0.00734805
v 0.0956305 -0.493377 -0.00852194
v -0.012866 0.159479 -0.102915
v 0.0195859 -0.487458 -0.0119144
v 0.056203 -0.487629 0.000647185
v -0.0510231 -0.470396 -0.0904553
v 0.00936087 -0.477254 -0.00487533
v 0.147319 -0.474397 -0.014804
v 0.147196 -0.46618 -0.0134691
v -0.143663 -0.452944 -0.0182037
v -0.068061 0.378562 -0.0896815
v 0.0669296 0.399142 -0.0981771
v -0.0554346 0.314896 -0.0928195
v -0.0112157 -0.443817 -0.00718631
v -0.0114361 -0.434699 -0.00929578
v 0.0153433 -0.437552 0.000471295
v 0.0647027 0.304052 -0.0844431
v -0.0171558 -0.37307 -0.00465037
v 0.0218492 -0.366643 0.000868094
v 0.0202537 -0.347522 -0.00408074
v -0.133067 -0.317369 0.00378406
v -0.0608468 0.27562 -0.0823384
v -0.134946 -0.258943 -0.0078036
v 0.136451 -0.251639 -0.00751371
v -0.0179655 -0.284437 -0.00213467
v 0.0138724 -0.276254 -0.0136001
v 0.121894 -0.0839583 0.0399622
v 0.00267434 -0.251566 -0.00318805
v -0.13548 -0.2058 -0.0058559
v 0.13886 -0.197282 -0.00575685
v -0.14049 -0.172547 -0.00769885
v -0.14181 -0.158187 -0.0117518
v 0.0758847 0.361188 -0.0772817
v -0.13791 -0.128094 -0.00403703
v -0.0596244 0.246317 -0.081225
v 0.137625 -0.106445 -0.0138377
v 0.0571382 0.254039 -0.0860758
v 0.172328 0.117718 -0.0279426
v -0.205679 -0.00212398 -0.0105508
v -0.117425 -0.0416273 0.0186563
v 0.184067 0.0007875 -0.00687452
v 0.198417 -0.00327099 -0.00262409
v 0.2125 0.00032699 -0.0151138
v -0.172299 0.00628099 -0.0081536
v -0.12464 -0.34487 -0.0768598
v -0.10557 0.0118666 -0.00750628
v -0.0480525 0.235458 -0.0905201
v 0.226684 0.00813138 -0.0188854
v -0.243254 0.0192113 -0.0107362
v -0.0460881 0.199105 -0.0903668
v 0.036921 -0.343159 -0.0794411
v 0.0706683 0.339146 -0.0819752
v -0.105899 0.0414377 -0.00562114
v 0.138564 0.0326436 -0.00471248
v -0.113797 0.0444865 -0.00563733
v 0.113012 0.037485 -0.00869398
v 0.126348 0.0414707 -0.00418605
v -0.240354 0.0595674 -0.0157392
v 0.22253 0.079992 -0.0216943
v 0.049548 0.201203 -0.089478
v 0.0257505 -0.356719 -0.0665034
v 0.0257093 -0.34067 -0.066759
v 0.17615 0.102455 0.00124394
v 0.0698968 0.306292 -0.0780903
v -0.00203107 0.456101 -0.120959
v -0.0573695 0.115794 -0.0831471
v 0.029912 -0.306293 -0.0719804
v -0.100944 0.141253 -0.00334964
v 0.108346 0.133602 0.000680972
v 0.00869947 0.153239 -0.103623
v 0.00517651 0.184762 -0.104288
v 0.0834506 0.31552 -0.00720669
v -0.0792595 0.322785 -0.00248657
v 0.0809015 0.350161 -0.0044616
v -0.0754145 0.396237 -0.00537906
v 0.0518692 0.102291 -0.0879942
v 0.070526 0.425589 0.000470864
v -0.0702012 0.429952 -0.00380927
v 0.0242878 -0.319845 -0.0646319
v 0.0577682 0.467791 -0.0121492
v -0.0318807 0.48433 -0.0112687
v -0.000950252 0.493293 -0.0146191
v 0.00286977 0.148364 -0.103862
v 0.090008 0.0424453 0.0348579
v -0.103716 -0.494317 -0.0145421
v 0.0855433 0.27378 -0.0125641
v -0.0507171 -0.488624 -0.00584526
v 0.0370178 -0.48961 -0.0117591
v 0.0638667 -0.493199 -0.0121761
v 0.099781 -0.494175 -0.0174006
v 0.137792 -0.491696 -0.013109
v -0.00768244 -0.469839 -0.0241069
v -0.00688014 -0.473025 -0.01561
v 0.0073418 -0.469477 -0.00976011
v 0.00763341 -0.461286 -0.0129688
v -0.0358842 -0.295948 0.0194785
v 0.0126756 -0.443212 -0.0161708
v 0.146497 -0.357799 -0.0363419
v 0.146869 -0.443232 -0.0160398
v -0.0114763 -0.424103 -0.00965139
v 0.01493 -0.422027 -0.00357866
v 0.148008 -0.418668 -0.0119789
v 0.062585 0.0454697 -0.0894077
v -0.0800429 0.00250537 -0.0911078
v 0.0522288 0.220303 0.0573003
v -0.140538 -0.359379 -0.0067322
v 0.138718 -0.146892 0.0104728
v 0.137909 -0.164664 0.012403
v 0.14014 -0.300232 -0.00868661
v 0.00595717 0.453358 -0.122098
v -0.0156607 -0.290004 -0.00898926
v 0.0172606 -0.293116 -0.0112839
v -0.0821013 0.352659 -0.0525399
v -0.0119019 -0.271791 -0.00841922
v -0.00466713 -0.255554 -0.00630306
v -0.135772 -0.245535 -0.0125276
v 0.00903068 -0.258301 -0.00469683
v 0.137503 -0.237483 -0.0135591
v -0.134192 -0.226233 -0.0088679
v 0.144016 -0.164645 -0.0111524
v 0.141573 -0.128065 -0.0164893
v 0.135467 -0.0903502 -0.0195898
v -0.122699 -0.042783 -0.0152189
v 0.114711 -0.00674774 -0.00994721
v 0.0318995 0.0713854 -0.101558
v -0.23547 0.0122993 -0.014516
v 0.150701 0.0200515 -0.0132062
v -0.15166 0.0200031 -0.0127026
v 0.109057 0.00728569 -0.00310005
v 0.0903409 -0.013726 -0.0898986
v -0.250585 0.0370151 -0.00699177
v -0.108725 0.0327978 -0.0158494
v 0.107063 0.0214021 -0.012044
v 0.095833 -0.0148104 -0.0831752
v 0.24361 0.0348875 -0.0194096
v 0.0549648 -0.425004 -0.0891878
v -0.128232 0.0408183 -0.00530254
v 0.243512 0.0497671 -0.0176237
v -0.22967 0.0744356 -0.0144031
v -0.138521 -0.273802 -0.0426514
v 0.0210045 0.0886152 -0.102799
v 0.216995 0.0863526 -0.0164758
v -0.209547 0.0914433 -0.0105986
v 0.20362 0.094427 -0.00744227
v -0.189364 0.105071 -0.0131809
v 0.187478 0.107246 -0.0157366
v -0.17534 0.105833 -0.00234484
v -0.149172 0.113565 -0.00140282
v 0.130766 -0.324404 -0.0715013
v 0.14221 0.117076 -0.00234942
v -0.127927 0.130062 -0.00824918
v -0.107665 0.140921 -0.0084212
v 0.0971072 0.152006 -0.0111303
v -0.0822134 0.342162 -0.0162113
v -0.0843822 0.167899 -0.0118049
v 0.0881916 0.164999 -0.0132012
v -0.257564 0.0192766 0.0433583
v 0.102498 -0.0887121 -0.113497
v 0.0864244 0.27921 -0.0193515
v 0.0870522 0.289257 -0.0188959
v -0.0806292 0.366818 -0.0140866
v 0.0774485 0.397287 -0.00500471
v 0.0179537 0.0800729 -0.104274
v 0.079805 0.420122 -0.0153037
v 0.071757 0.447218 -0.0124206
v -0.0662497 0.451291 -0.0105691
v -0.0480382 -0.261965 -0.0873858
v -0.0560736 0.466808 -0.0123932
v -0.0451044 0.479253 -0.0167232
v -0.0713303 0.408796 -0.000513666
v -0.0964738 0.0226179 0.0147731
v -0.0259505 -0.295397 -0.0696201
v 0.108662 -0.495168 -0.0226865
v 0.132249 -0.494261 -0.0199117
v -0.134547 -0.491828 -0.0190755
v -0.0333997 -0.307305 -0.0780087
v -0.0969146 -0.494494 -0.0211634
v -0.0735797 -0.495951 -0.0180991
v -0.0595579 -0.493421 -0.0182172
v -0.032406 -0.489917 -0.0161533
v -0.0240288 -0.489365 -0.0175314
v -0.0653107 0.270912 -0.0768591
v 0.0749239 -0.496201 -0.0242634
v 0.0827309 -0.496062 -0.0201392
v 0.128861 -0.293409 -0.0707689
v -0.0104052 -0.478331 -0.0222293
v 0.0120381 -0.478429 -0.0236033
v 0.0499585 -0.298369 -0.0877714
v 0.141164 -0.422374 -0.0574168
v 0.145943 -0.450775 -0.0212426
v -0.0103905 -0.44947 -0.0201578
v 0.145148 -0.451499 -0.0121331
v -0.00994845 -0.431013 -0.0181271
v 0.0117732 -0.434346 -0.0225607
v 0.012859 -0.424037 -0.0104402
v 0.145843 -0.389914 -0.00982847
v 0.247487 0.0141286 0.0601684
v 0.102928 -0.443651 -0.0881898
v -0.144323 -0.368361 -0.0180567
v -0.0419067 -0.492511 -0.034444
v -0.139914 -0.314787 -0.0112952
v 0.142187 -0.295396 -0.0167057
v 0.0097772 0.0642396 -0.107883
v -0.082806 0.247034 -0.00895629
v 0.0118121 -0.273862 -0.0207627
v -0.00847348 -0.267644 -0.0149606
v -0.00475771 -0.259769 -0.0138873
v 0.00800013 -0.261175 -0.0138173
v 0.126488 -0.22047 0.0137883
v -0.137239 -0.21583 -0.0230162
v -0.140843 -0.178621 -0.023644
v -0.140825 -0.13972 -0.0156901
v -0.136045 -0.110547 -0.0181154
v -0.133875 -0.0963148 -0.0131534
v 0.125415 -0.0445297 -0.0205125
v -0.20993 0.000985793 -0.0182506
v 0.202346 0.00105497 -0.0207445
v 0.00435456 0.0870065 -0.105157
v -0.214871 -0.00080936 -0.0105657
v -0.178125 0.00392181 -0.0141976
v -0.107835 0.00628778 -0.0235261
v 0.179037 0.00322134 -0.0122008
v -0.162598 0.0124182 -0.018667
v 0.149729 0.0192658 -0.0228317
v -0.112263 -0.229396 -0.0782493
v -0.242966 0.0277762 -0.0176568
v -0.104576 0.017922 -0.0141369
v 0.239312 0.0270768 -0.0224806
v -0.108886 -0.409443 -0.0879575
v 0.126571 0.0311113 -0.0166253
v -0.117289 0.0357826 -0.016098
v -0.11332 0.0320813 -0.0228687
v 0.129734 -0.233597 0.00670293
v 0.119442 0.0300581 -0.0230598
v -0.239493 0.0523887 -0.0233822
v -0.0432069 -0.314486 -0.0856231
v -0.235184 0.0621268 -0.0233513
v -0.135403 -0.369271 0.00553745
v -0.100479 -0.319507 -0.0916452
v -0.188879 0.107485 -0.0212165
v 0.0620622 0.241352 -0.0806842
v -0.169457 0.116445 -0.0174388
v 0.164918 0.115688 -0.0117614
v -0.112119 -0.306788 -0.0850989
v 0.131724 0.128772 -0.00878547
v -0.0926004 0.156738 -0.0195672
v -0.0837388 0.179259 -0.0262715
v 0.0863788 0.177576 -0.0227082
v -0.0834702 0.253123 -0.014177
v 0.0918342 0.273249 -0.0353412
v -0.0836096 0.30373 -0.0164378
v 0.0869121 0.307146 -0.0199001
v 0.0845148 0.363685 -0.0195787
v -0.0785798 0.409282 -0.0157703
v -0.0740143 0.433255 -0.0121698
v -0.0377424 0.487398 -0.0263915
v 0.0310053 0.486838 -0.0137278
v -0.0222205 0.493352 -0.0242067
v -0.00428974 0.0869906 -0.10497
v 0.0114062 0.495484 -0.0222332
v -0.0173856 -0.242369 -0.0751013
v -0.0451944 -0.48971 -0.0213965
v 0.100659 -0.494481 -0.0279232
v 0.0522472 0.433524 0.0181091
v -0.0161443 -0.48525 -0.0196974
v 0.0271282 -0.48982 -0.0279728
v 0.139397 -0.488555 -0.0222787
v 0.0147002 -0.47954 -0.0388415
v 0.0943085 -0.312763 -0.0938375
v -0.00386846 0.0715864 -0.106811
v -0.146714 -0.42816 -0.0154975
v -0.00949359 -0.427383 -0.0268365
v 0.149087 -0.418978 -0.0213703
v -0.145893 -0.393558 -0.0175081
v -0.0130673 0.0870021 -0.104053
v 0.0162939 -0.371188 -0.0133347
v 0.146003 -0.373657 -0.0154887
v 0.0457176 -0.351231 -0.0859462
v -0.0215211 0.0711104 -0.104107
v -0.0125385 -0.293567 -0.0239086
v 0.139467 -0.249037 -0.0205477
v -0.136715 -0.239381 -0.020591
v 0.00126319 -0.257333 -0.0202889
v -0.123268 -0.0790766 0.0285301
v 0.140014 -0.201469 -0.0155428
v 0.144239 -0.168643 -0.0181894
v -0.141035 -0.172754 -0.0305435
v -0.142254 -0.15453 -0.0253505
v 0.143716 -0.142202 -0.0216261
v 0.13668 -0.104943 -0.0311686
v -0.0599114 -0.0809872 -0.142465
v -0.113179 -0.0099476 -0.0255344
v 0.103164 -0.0960726 -0.118973
v -0.187238 0.004172 -0.0251158
v 0.1121 -0.000337773 -0.0283434
v 0.0840881 -0.391639 -0.0955677
v -0.217129 0.0117851 -0.0311932
v 0.221762 0.016376 -0.0329107
v -0.231833 0.0214079 -0.0277535
v -0.105504 0.0114936 -0.0304216
v 0.110044 0.00714461 -0.021216
v 0.108021 0.0171009 -0.0200414
v 0.141798 0.0232249 -0.0269832
v -0.112891 -0.198182 -0.081463
v 0.0671382 0.0312309 -0.0904187
v 0.134574 0.0266282 -0.0216762
v 0.127861 -0.152634 -0.0748618
v -0.0114163 0.0252309 0.0843964
v 0.229724 0.0666363 -0.0287153
v 0.209622 0.0926422 -0.0212314
v 0.0275775 0.06372 -0.104519
v 0.188201 0.108328 -0.023334
v 0.168932 0.0999122 0.00620041
v 0.025622 -0.205779 0.0591161
v -0.106623 0.148973 -0.0245901
v 0.101259 0.152363 -0.0202959
v -0.0900437 0.160676 -0.0273849
v 0.0935172 0.158322 -0.0165222
v -0.0849659 0.169265 -0.0282275
v 0.0871228 0.171233 -0.0262006
v -0.0831867 0.243918 -0.0327007
v 0.0856773 0.179505 -0.0305857
v 0.0851299 0.250679 -0.0360594
v -0.0834849 0.2532 -0.0352463
v 0.0810612 0.150066 0.0135998
v 0.0878485 0.258988 -0.0343912
v -0.10857 -0.374722 -0.0887598
v 0.0882733 0.283387 -0.0254415
v -0.0848781 0.285986 -0.0227133
v -0.0842579 0.293955 -0.019237
v 0.0549708 -0.371123 -0.0905431
v 0.0336202 -0.485717 -0.0702711
v 0.0922966 0.30778 -0.0292528
v -0.0858914 0.308454 -0.0243974
v -0.0835871 0.362802 -0.0294734
v -0.0824958 0.376031 -0.0236897
v 0.0847992 0.41299 -0.0312001
v 0.0820959 0.432797 -0.0292026
v -0.0746953 0.446603 -0.0258499
v 0.0762581 0.448973 -0.0271145
v 0.0722384 0.457253 -0.0280175
v -0.0661247 0.462187 -0.0256502
v -0.0300064 0.055162 -0.104792
v -0.0443348 -0.407034 -0.0855434
v 0.0552506 0.476397 -0.0249751
v -0.0270581 0.49344 -0.0322159
v 0.0200649 0.493628 -0.021908
v -0.117247 -0.45453 0.0460853
v -0.0802463 -0.496332 -0.0248136
v 0.119074 -0.0764856 -0.0737292
v -0.071685 -0.49597 -0.0270426
v -0.0434989 0.0463128 -0.100729
v 0.0358139 -0.492285 -0.035026
v 0.0424712 -0.491339 -0.030116
v 0.112418 -0.395067 -0.0877111
v 0.0580183 -0.492959 -0.0282078
v 0.132714 -0.489397 -0.0359181
v -0.137499 -0.487033 -0.0248398
v 0.138572 -0.48542 -0.0311628
v -0.143517 -0.475676 -0.0254734
v -0.0107684 -0.470598 -0.0409838
v -0.0106998 -0.458227 -0.0323001
v -0.14269 -0.448775 -0.0385953
v -0.0748114 0.190447 0.0194265
v -0.10214 0.00598478 0.0187785
v 0.0141214 -0.450386 -0.0317879
v 0.01157 -0.426152 -0.0287635
v 0.0117027 -0.419259 -0.0236783
v -0.14681 -0.397779 -0.0250382
v -0.013154 -0.358264 -0.0232391
v 0.00133957 0.449699 0.0302368
v 0.113814 -0.0755596 -0.0831501
v 0.144481 -0.309289 -0.0271668
v -0.114562 -0.400957 -0.0853422
v -0.0122378 -0.290757 -0.0313238
v 0.0127096 -0.278246 -0.0346145
v 0.0108425 -0.2722 -0.0286952
v -0.0525408 -0.423941 -0.0888933
v -0.00291993 -0.260228 -0.0264915
v 0.00349518 -0.258841 -0.0283858
v -0.0378945 0.0387719 -0.105134
v -0.136528 -0.205429 -0.0384952
v -0.139973 -0.138789 -0.0331818
v 0.1405 -0.133087 -0.0393336
v 0.00158823 0.457509 0.0262337
v -0.133641 -0.0981652 -0.0293443
v 0.252896 0.0749917 0.0380065
v 0.123976 -0.0441274 -0.0350168
v 0.116286 -0.0154982 -0.0326678
v -0.21388 0.00570616 -0.0252305
v -0.199937 0.00700278 -0.0322949
v -0.108204 0.00271269 -0.0316564
v 0.167298 0.0116469 -0.0285998
v 0.191068 0.00692086 -0.0324134
v -0.168383 0.0106587 -0.025735
v -0.150722 0.019475 -0.0285348
v -0.105 0.020711 -0.0294726
v 0.0262417 -0.187656 -0.135087
v -0.128139 0.0297786 -0.0305836
v -0.109457 0.0285691 -0.0295943
v 0.110455 -0.0511153 -0.0781806
v -0.0768516 0.204925 0.0144784
v -0.118067 0.0316577 -0.0301408
v 0.0842327 -0.0778344 -0.125759
v 0.106323 -0.435322 -0.0877983
v 0.11447 0.0278286 -0.0292659
v 0.121474 0.0294849 -0.030007
v 0.232245 0.0358085 -0.0342764
v 0.250019 0.0132584 0.0505931
v -0.230257 0.0702796 -0.0225689
v 0.0915188 0.0294952 0.027635
v -0.193985 0.104573 -0.0330747
v 0.159687 0.121552 -0.0181847
v 0.104954 -0.418179 -0.0901581
v -0.151725 0.0378953 0.0121286
v 0.10119 0.153994 -0.0297205
v 0.129246 -0.0882076 0.0232504
v -0.0829539 0.184081 -0.0323058
v -0.0957601 -0.27564 0.0310708
v -0.0852218 0.270885 -0.025351
v -0.0847273 0.279611 -0.0262726
v -0.112642 -0.0568428 -0.0725775
v 0.0369003 -0.340911 0.0187235
v 0.0964171 0.288779 -0.0363955
v 0.0503456 0.0129138 -0.110453
v -0.0957707 0.296933 -0.0302674
v 0.100272 0.305574 -0.0370107
v 0.085925 0.21643 -0.0120443
v 0.0862327 0.323771 -0.0276983
v -0.0838163 0.360091 -0.0381646
v 0.0852418 0.379183 -0.0264849
v -0.0521147 0.204917 -0.0860342
v -0.0816004 0.418658 -0.0284498
v 0.0622404 -0.376209 -0.0930865
v -0.0726125 0.351514 -0.0772843
v -0.199155 0.00645524 0.0408369
v -0.00273594 0.0195228 0.0873151
v 0.24862 0.0207885 0.0757894
v -0.0864372 -0.495498 -0.0318611
v 0.0868547 -0.494994 -0.0386815
v 0.118419 -0.494855 -0.0369008
v -0.131744 -0.4883 -0.0371973
v -0.124265 -0.493103 -0.0359956
v -0.0663555 0.322729 -0.0821256
v -0.0647339 -0.494882 -0.0289777
v -0.0200414 -0.487792 -0.0351908
v -0.0340012 -0.493129 -0.0375984
v 0.0265408 -0.490561 -0.0385729
v 0.0898289 0.300173 -0.0736648
v -0.0137401 -0.481076 -0.0383713
v 0.0194941 -0.485989 -0.0342893
v -0.0656608 0.313896 -0.0817018
v 0.012657 -0.463288 -0.0390039
v 0.14437 -0.468051 -0.032004
v -0.0877519 0.00528738 -0.0797993
v 0.145851 -0.44955 -0.030613
v -0.013837 -0.447123 -0.0411512
v -0.147205 -0.434653 -0.0228735
v -0.0101691 -0.422875 -0.0343387
v 0.148471 -0.430349 -0.0356228
v -0.147319 -0.424836 -0.0246298
v 0.148278 -0.392511 -0.0331108
v -0.0128061 -0.372435 -0.0360264
v 0.0146129 -0.366356 -0.0324114
v 0.147203 -0.373658 -0.0241252
v 0.0820192 0.32299 -0.00366904
v -0.142378 -0.306413 -0.0306111
v 0.0149402 -0.294814 -0.0394138
v -0.00941526 -0.274457 -0.0305157
v -0.137441 -0.248135 -0.0356043
v 0.138517 -0.226734 -0.0352963
v 0.139604 -0.203692 -0.036109
v -0.140603 -0.166302 -0.0375008
v 0.143472 -0.166031 -0.0356388
v 0.140908 -0.149513 -0.0449164
v 0.135326 -0.104594 -0.0395218
v -0.133255 -0.108993 -0.0420768
v -0.132697 -0.100244 -0.0387143
v -0.122677 -0.0464997 -0.0314802
v -0.111216 -0.00947955 -0.0382305
v 0.106972 0.00993154 -0.0398286
v 0.0636546 0.273172 -0.0818519
v -0.187976 0.00985597 -0.0369017
v 0.0975236 -0.0086868 -0.0778685
v 0.2071 0.0165436 -0.0417504
v 0.107058 0.0162165 -0.0339713
v 0.14934 0.0206141 -0.0323086
v 0.0594227 0.211344 -0.0819885
v -0.0819254 0.269586 -0.00555426
v 0.134179 0.0265746 -0.0305414
v 0.235067 0.073658 0.000538053
v -0.233305 0.0562277 -0.0306555
v 0.226675 0.0581147 -0.0393211
v -0.0190422 0.344835 0.0573125
v 0.220105 0.0724177 -0.0400618
v -0.220247 0.080396 -0.02755
v -0.209409 0.0923858 -0.0248955
v 0.191169 0.105731 -0.0380357
v 0.159786 0.124919 -0.0353194
v -0.161305 0.123898 -0.0379019
v -0.131393 0.138726 -0.0310067
v 0.114902 0.146701 -0.029325
v -0.118544 0.0566033 -0.069627
v 0.149964 0.0521339 -0.0734406
v -0.081718 0.166534 -0.0453055
v 0.0861507 0.170306 -0.0345423
v -0.0809176 0.174919 -0.0422949
v -0.0535265 0.186604 -0.0843585
v -0.0820634 0.236238 -0.0393952
v 0.0851867 0.240061 -0.035111
v 0.0511585 0.192805 -0.0881537
v 0.0611635 0.142166 -0.0800015
v -0.0884822 0.260107 -0.0389823
v 0.0876434 0.258199 -0.0418989
v -0.0257993 0.162407 0.0807803
v 0.0105488 -0.0149267 0.0996185
v 0.0930402 0.280875 -0.0426489
v -0.0874947 0.285177 -0.0301964
v -0.0895763 0.291649 -0.0260613
v 0.0159806 -0.412007 -0.048584
v 0.101956 0.295906 -0.040455
v -0.134813 0.0611138 -0.0760725
v 0.0936427 0.312263 -0.038442
v -0.0859778 0.31305 -0.0314824
v 0.0873598 0.31763 -0.0417527
v -0.0836189 0.326121 -0.0388338
v 0.0860491 0.324805 -0.036401
v -0.0769511 0.447123 -0.0394766
v 0.110261 0.0560378 -0.0690035
v -0.0542147 0.169802 -0.0835293
v -0.0899883 0.0609922 -0.0729466
v -0.0616853 0.471948 -0.0410888
v 0.054642 0.479238 -0.0338745
v -0.0476228 0.484154 -0.043771
v -0.0586693 0.191746 -0.0796973
v -0.0100287 0.498852 -0.0483257
v 0.195495 0.0632556 -0.0660412
v -0.181632 0.0849368 -0.0692567
v 0.069792 -0.49542 -0.0420544
v 0.0857493 -0.495087 -0.0465532
v -0.173449 0.0698012 -0.0754842
v -0.144264 0.109894 -0.0744624
v 0.10159 0.0986681 -0.0822599
v 0.132676 -0.486463 -0.0435698
v -0.0127555 -0.461612 -0.0452131
v -0.139326 -0.458248 -0.0431145
v 0.0156196 -0.449396 -0.0401087
v -0.0635273 0.0932539 -0.0835054
v -0.0130103 -0.437616 -0.0428385
v -0.208785 0.0317357 0.0846302
v -0.109187 0.0914068 -0.0818756
v 0.146195 -0.438226 -0.0420727
v 0.013161 -0.414236 -0.0395049
v 0.146024 -0.429755 -0.045619
v 0.145888 -0.399718 -0.0467905
v -0.14598 -0.385351 -0.0321118
v 0.145505 -0.332941 -0.0345988
v -0.142062 -0.313057 -0.0408911
v -0.0122475 -0.286884 -0.0382294
v 0.14287 -0.293718 -0.0389446
v 0.00495249 -0.258399 -0.0360256
v -0.00613071 -0.260104 -0.0427562
v -0.09286 0.110194 -0.0805859
v -0.0010907 -0.255146 -0.0395648
v -0.0220016 0.270111 0.0974547
v -0.136731 -0.255195 -0.0432242
v -0.141106 -0.292256 -0.035232
v 0.143037 -0.414825 -0.0542778
v -0.136173 -0.148159 -0.052425
v -0.0989092 0.0761873 -0.0780288
v -0.0673355 0.41682 0.00380814
v -0.0880997 0.0916377 -0.0817458
v -0.172562 0.0156808 -0.0420054
v -0.103169 0.0168311 -0.0371922
v 0.173216 0.0119263 -0.0352654
v -0.207014 0.0199348 -0.0447572
v -0.0553157 -0.188567 0.0684893
v 0.0705582 -0.00175019 -0.104069
v -0.0749653 -0.270278 0.0343325
v -0.150201 0.0219398 -0.0381768
v -0.0680009 0.00442896 -0.101279
v 0.0587038 0.176462 -0.0818006
v -0.129812 0.0308383 -0.0386944
v -0.104691 0.0262225 -0.0366367
v 0.109043 0.0254931 -0.0369396
v 0.12725 0.0291829 -0.033975
v -0.122278 0.0327718 -0.0379811
v -0.115446 0.0967844 -0.0822663
v -0.116351 0.0899597 -0.0822304
v 0.118922 0.0307053 -0.0377514
v 0.220847 0.0362671 -0.0453381
v 0.0817739 -0.0707096 -0.121901
v 0.229697 0.0438702 -0.0383095
v -0.227226 0.0586114 -0.0380581
v -0.217275 0.0978932 0.100126
v 0.196859 0.0962493 -0.0481804
v 0.0930749 0.130951 -0.0732913
v 0.185149 0.106804 -0.046507
v 0.12681 -0.0651242 -0.0448696
v 0.144788 0.132389 -0.0394285
v -0.126112 0.140915 -0.0429713
v 0.128102 0.140465 -0.0405787
v 0.100846 0.153602 -0.0379351
v -0.0871291 0.161563 -0.0407019
v 0.243757 0.0656114 0.143173
v -0.0800194 0.190126 -0.0449759
v -0.0143303 -0.347718 -0.0447033
v 0.0492345 -0.409114 0.0349195
v 0.100844 0.0844977 -0.0811019
v 0.0825941 0.226646 -0.0450814
v 0.0671979 0.201175 -0.0732491
v 0.0954522 0.268186 -0.0504169
v 0.0948151 0.27089 -0.0436859
v 0.0440797 0.240496 -0.0948639
v -0.0904996 0.275278 -0.0393789
v -0.0867598 0.277304 -0.0328991
v -0.0745221 -0.0172486 -0.104924
v -0.0808499 0.0741377 -0.078824
v 0.0958094 0.283623 -0.0518231
v 0.0552543 -0.0533673 -0.130227
v 0.0834943 -0.0337107 -0.105217
v -0.0996188 0.304043 -0.0391559
v 0.099714 0.310706 -0.0434503
v -0.0682717 -0.0424016 -0.118345
v -0.091902 0.312157 -0.038185
v -0.0852012 0.317437 -0.0385188
v -0.0645767 0.171226 -0.0728573
v -0.0993887 -0.498228 0.036342
v 0.142288 -0.334722 -0.00959845
v -0.0839646 0.399112 -0.0428248
v 0.0860346 0.414817 -0.0444708
v -0.082709 0.42189 -0.0365282
v 0.0839047 0.43088 -0.0380965
v -0.0733898 0.455013 -0.0429594
v 0.20529 0.0269035 0.075074
v -0.029948 0.493977 -0.0460941
v -0.264713 0.0511677 0.0351946
v -0.103006 -0.494593 -0.0443935
v 0.0344689 -0.493425 -0.0498039
v -0.144454 0.0616804 -0.0775481
v -0.073887 -0.0490896 -0.116372
v -0.0257968 -0.490355 -0.0496194
v -0.0204291 -0.484293 -0.0540287
v -0.140104 0.0688963 -0.0796671
v -0.125275 -0.480306 -0.0643355
v 0.131975 -0.477503 -0.0582668
v -0.137772 -0.475025 -0.042439
v 0.134322 -0.470541 -0.057996
v -0.0476848 0.423007 -0.116073
v -0.0166176 -0.44428 -0.0505634
v -0.0123219 -0.426318 -0.044179
v -0.144959 -0.426479 -0.0437114
v -0.0115592 -0.416482 -0.040262
v -0.0155215 -0.364791 -0.0487014
v 0.0157741 -0.363302 -0.0420417
v 0.0913148 -0.064411 -0.108489
v 0.0158824 -0.408075 -0.00460414
v 0.144411 -0.332503 -0.0429835
v -0.0132689 -0.323324 -0.0399858
v 0.0728373 0.235326 -0.0668127
v 0.0347813 0.176963 -0.0972948
v 0.0465654 -0.295528 0.0256829
v 0.0149399 -0.284413 -0.0424798
v -0.0135639 -0.271893 -0.051649
v 0.00989442 -0.264868 -0.041258
v 0.0891092 -0.0387842 -0.101403
v -0.13351 -0.23762 -0.0487246
v -0.0823242 0.00762014 -0.0853285
v 0.135877 -0.199359 -0.050311
v 0.0843336 -0.0503154 -0.110193
v 0.0819819 0.0181059 -0.0819707
v 0.131341 -0.106578 -0.055491
v 0.0742606 0.264667 -0.067762
v 0.0681758 -0.298882 0.035626
v -0.18889 0.0141044 -0.0424283
v -0.234677 0.0718431 -0.00754146
v 0.162986 0.0193654 -0.0441772
v 0.1774 0.0188981 -0.0480904
v 0.0789902 0.296658 -0.0710973
v -0.108821 -0.0688857 -0.0849563
v -0.00245307 -0.0443382 -0.140144
v 0.199565 0.0183471 -0.0458577
v 0.104014 0.0268407 -0.0456623
v -0.105174 0.0324202 -0.0453369
v -0.109258 0.0399454 -0.052823
v 0.218435 0.0665347 -0.0459614
v -0.220371 0.0601086 -0.0459807
v -0.210856 0.085228 -0.0405138
v 0.205274 0.084089 -0.0509229
v -0.200188 0.0929616 -0.0477431
v 0.199784 0.090373 -0.0515141
v -0.155085 0.126335 -0.0449454
v -0.0819319 -0.0400976 -0.106705
v -0.0995802 0.150592 -0.0459933
v 0.10828 0.147254 -0.0486056
v 0.0570462 0.13468 -0.0834719
v 0.0925501 0.153738 -0.0504736
v -0.155481 0.0188531 -0.00695897
v 0.081218 0.174539 -0.048425
v -0.0133155 -0.342779 -0.0386654
v -0.0331995 0.153395 0.0652787
v -0.0758403 0.209488 -0.0560325
v -0.0574296 0.124965 -0.0824635
v -0.0887369 -0.0651447 -0.10932
v 0.0933753 0.262823 -0.0543072
v -0.0923095 0.268081 -0.0444527
v 0.094333 0.275256 -0.0509463
v 0.0421213 0.112634 -0.0928069
v 0.102091 0.295512 -0.0495347
v 0.0749377 0.309067 -0.0715793
v 0.0789185 0.338604 -0.0673379
v 0.103701 0.30378 -0.0458887
v 0.086666 0.317348 -0.0499239
v 0.11059 -0.264485 -0.0833938
v 0.0829484 0.322775 -0.0545827
v 0.093067 -0.0723959 -0.111609
v -0.0807312 0.43753 -0.050423
v 0.113699 -0.257941 -0.0806189
v -0.0438904 0.48665 -0.049857
v 0.0440821 0.488056 -0.0443235
v 0.00782434 0.49938 -0.0481839
v -0.0712995 0.335327 -0.0767891
v -0.0744123 -0.495235 -0.0417643
v -0.0721136 -0.496511 -0.0501361
v 0.109864 -0.291306 -0.0865436
v -0.1183 -0.493589 -0.042628
v -0.107266 -0.389104 0.0333995
v -0.0669807 0.331291 -0.0823978
v -0.0385845 -0.495269 -0.0518641
v 0.0374759 -0.188957 -0.136172
v -0.0398978 -0.279012 -0.0823296
v 0.0935575 -0.495344 -0.0513054
v 0.106897 -0.494665 -0.0608831
v 0.0920363 0.285685 -0.0761541
v 0.0165068 -0.478044 -0.0476604
v 0.0963009 -0.0809091 -0.114908
v 0.0152423 -0.471201 -0.0498891
v -0.0179474 -0.4522 -0.0542505
v 0.139715 -0.450272 -0.051784
v -0.0192479 -0.438563 -0.0581311
v 0.0184516 -0.440657 -0.0520956
v -0.0475211 0.382882 0.0353959
v 0.0161666 -0.426455 -0.0498567
v 0.142906 -0.399679 -0.0549413
v 0.0083591 0.0942209 -0.104221
v 0.0161626 -0.393615 -0.0476068
v -0.143887 -0.386426 -0.0460604
v 0.0200245 -0.364965 -0.0560729
v -0.0970143 -0.077345 -0.108063
v -0.138692 -0.298474 -0.050232
v -0.0162499 -0.295195 -0.0521481
v -0.134055 -0.266981 -0.0545072
v -0.0159208 -0.286864 -0.0517639
v -0.0946703 -0.06961 -0.105213
v 0.138387 -0.266863 -0.0482759
v 0.132457 -0.2467 -0.0577731
v -0.0384429 0.0700245 -0.0978787
v 0.106624 -0.0889992 -0.106771
v -0.162414 0.0159877 0.00226664
v -0.137111 -0.164019 -0.0509295
v 0.0642837 0.464971 -0.0730964
v -0.13101 -0.11096 -0.0512218
v -0.126774 -0.10009 -0.05983
v 0.117977 -0.343575 -0.0837356
v -0.105187 -0.0127688 -0.061178
v 0.235528 0.0887982 0.052204
v 0.100014 0.0135918 -0.0553651
v -0.191336 0.0268536 -0.0547517
v -0.160579 0.0225868 -0.0480073
v 0.122325 -0.29673 0.017652
v -0.199045 0.0310077 -0.0552726
v -0.151261 0.025422 -0.0475523
v -0.117852 -0.445523 -0.0786738
v -0.178366 0.038559 0.0396476
v -0.213567 0.0350982 -0.0500592
v -0.133225 0.0399357 -0.0582289
v -0.0971513 0.0270334 -0.0512739
v 0.104866 0.0340697 -0.0510084
v 0.209839 0.0367481 -0.0529137
v -0.118239 0.0419167 -0.055304
v 0.0770441 0.0318311 -0.080058
v 0.112114 0.037746 -0.0523075
v 0.0436408 -0.358498 -0.0844886
v 0.218324 0.0504708 -0.0494548
v -0.115155 -0.375582 -0.0850432
v -0.210417 0.0797748 -0.047618
v -0.00278222 0.176477 0.0972036
v 0.136054 -0.448094 -0.0594405
v -0.104235 -0.155436 0.0559144
v -0.16583 0.117044 -0.0529265
v 0.0411467 0.0152897 0.0813652
v -0.146659 0.12603 -0.0569899
v -0.111899 -0.25859 0.0226429
v 0.241556 0.00888974 0.0540781
v 0.181368 0.107407 -0.00895552
v -0.0861983 0.15096 -0.0570075
v -0.0784997 0.164549 -0.0532767
v 0.112178 -0.10345 -0.106952
v 0.078692 0.214455 -0.0548442
v -0.079479 0.240846 -0.0485927
v 0.0808547 0.25252 -0.0537082
v -0.0794499 0.250202 -0.0496568
v -0.0830359 0.257451 -0.0515921
v -0.262923 0.0473009 0.027506
v 0.128595 -0.0598836 -0.00475418
v -0.0921251 0.264223 -0.0519582
v 0.0611438 0.126012 -0.0820817
v -0.0681924 0.285051 -0.0757933
v 0.0459659 0.144715 -0.0909887
v -0.0445995 -0.189817 -0.135623
v -0.101067 0.305949 -0.0492573
v 0.0460511 -0.393219 -0.085877
v -0.0882846 0.314418 -0.0452735
v 0.092435 0.313403 -0.0549994
v 0.0847722 0.31522 -0.0576095
v -0.0581448 0.399504 0.0183115
v 0.0831497 0.330898 -0.0536944
v -0.125641 -0.412741 -0.076134
v 0.0846981 0.411362 -0.0615454
v -0.0354105 -0.422251 -0.0788591
v -0.0833557 0.420711 -0.0511605
v 0.0809797 0.443657 -0.0504908
v 0.119137 -0.390946 -0.0836366
v -0.0697358 0.461619 -0.0507232
v 0.0731681 0.459519 -0.0493198
v 0.0686255 0.465426 -0.0563458
v -0.0547815 0.477786 -0.0574202
v -0.0159426 0.497839 -0.0531628
v -0.0074258 0.49893 -0.0556143
v 0.124774 -0.405256 -0.0788601
v 0.0498835 -0.49731 -0.0565219
v 0.0759839 -0.49664 -0.0506612
v 0.0934816 -0.497083 -0.0597671
v -0.111338 -0.494203 -0.0482602
v 0.0419773 -0.495464 -0.0609225
v 0.11397 -0.492233 -0.0622138
v 0.0373506 -0.402463 -0.0793154
v 0.115523 -0.112114 -0.103198
v -0.132919 -0.466785 -0.058095
v 0.0762928 0.0388297 -0.0783335
v 0.0442447 -0.403071 -0.0846103
v -0.132083 -0.448229 -0.0634688
v -0.137089 -0.427462 -0.0612566
v -0.0161777 -0.425123 -0.0541878
v 0.0224132 -0.447843 -0.0579894
v 0.0726339 -0.493244 0.0622483
v -0.0782256 0.261128 0.00737224
v 0.140031 -0.374607 -0.0595121
v -0.136889 -0.329258 -0.0589839
v -0.0788062 -0.101363 -0.146377
v 0.14032 -0.302793 -0.0518749
v -0.113052 -0.416848 -0.0853883
v -0.0194373 -0.269063 -0.0631196
v 0.0180697 -0.273529 -0.0567443
v -0.0114376 -0.256429 -0.0588402
v 0.0123671 -0.255163 -0.0575763
v -0.119105 -0.283677 -0.0777365
v 0.000350099 -0.248065 -0.0523492
v 0.00679978 -0.24661 -0.0577253
v 0.129128 0.139996 -0.0318908
v -0.110367 -0.425191 -0.0862296
v -0.109738 -0.478096 -0.0836444
v -0.131222 -0.176332 -0.0617294
v 0.133481 -0.170521 -0.0627764
v -0.134717 -0.138632 -0.0540971
v 0.0335735 -0.416458 -0.0756132
v 0.128163 -0.108628 -0.0641809
v 0.12958 -0.0909245 -0.055222
v 0.119828 -0.0418609 -0.0502994
v -0.174321 0.0210132 -0.0501766
v 0.0963435 0.0144019 -0.0626795
v -0.174853 0.0272686 -0.0570958
v 0.0966006 0.0212029 -0.0576266
v 0.154872 0.0236474 -0.0468676
v 0.162424 0.0233042 -0.0501814
v 0.181094 0.0296946 -0.0587839
v -0.0705798 0.276709 -0.0714361
v -0.0731321 0.383574 -0.0825135
v 0.204134 0.0415244 -0.0576931
v -0.198021 0.0387163 -0.059278
v -0.0986747 0.0490859 -0.0640967
v 0.098695 0.0369649 -0.0574743
v -0.209854 0.05226 -0.0563959
v 0.123716 -0.427124 -0.0782814
v 0.210641 0.0541116 -0.0555986
v -0.115271 -0.12761 -0.10709
v -0.200679 0.0871077 -0.0534271
v -0.174346 0.105947 -0.0605103
v -0.160001 0.116684 -0.0596625
v 0.16947 0.113624 -0.0547997
v 0.145178 0.12889 -0.0526939
v -0.124521 0.134153 -0.0607819
v 0.0995682 0.146711 -0.0556086
v 0.0709567 0.348245 -0.083164
v 0.0798174 0.153224 -0.0623199
v 0.0756202 0.118638 -0.0800114
v 0.0782152 0.162789 -0.0586175
v -0.0789845 0.245771 0.00689735
v 0.121122 -0.419365 -0.0808637
v 0.077626 -0.0445231 -0.113851
v -0.0725009 0.244575 -0.0642038
v -0.0778792 0.254763 -0.0569646
v 0.0821855 0.25917 -0.0574341
v -0.088615 0.260042 -0.054281
v 0.0664723 0.117837 -0.0816907
v 0.0882936 0.260202 -0.0579783
v 0.0920736 0.264138 -0.0617816
v -0.0925442 0.271546 -0.0533868
v 0.0952239 0.269836 -0.0569942
v 0.0957491 0.278243 -0.059601
v 0.0685795 0.287295 -0.0774754
v -0.113596 -0.140777 -0.11145
v -0.0879823 -0.122636 0.0809313
v -0.0967522 0.310769 -0.0545114
v -0.102243 -0.427103 -0.089693
v -0.0849528 0.315248 -0.0518046
v 0.0801015 0.32034 -0.0618738
v 0.0896675 0.310483 -0.0629103
v 0.0837723 0.426055 -0.0633873
v -0.0646068 0.252024 -0.0758964
v -0.0570747 -0.447182 0.0759781
v -0.0313409 0.491958 -0.0620717
v 0.0332199 -0.397135 -0.0756414
v -0.114961 -0.146612 -0.105662
v -0.0979391 -0.495512 -0.0578853
v -0.116047 -0.153736 -0.0996558
v -0.0310005 -0.487523 -0.0672527
v 0.0346615 -0.491185 -0.0631518
v -0.173479 0.111779 -0.0529766
v 0.0276538 -0.485014 -0.0630893
v 0.012483 0.0360732 0.0804172
v 0.0224118 -0.477426 -0.062152
v 0.125344 -0.473593 -0.0715843
v -0.0222263 -0.463625 -0.0659209
v 0.131619 -0.454925 -0.0641672
v -0.108307 -0.166024 -0.109004
v -0.133245 -0.431568 -0.0663518
v 0.136774 -0.43846 -0.0624985
v 0.0288103 -0.423332 -0.0705644
v 0.0233557 -0.419609 -0.0635593
v 0.137092 -0.422959 -0.0642757
v -0.134669 -0.394772 -0.0662793
v -0.0183324 -0.395695 -0.0577057
v 0.0212395 -0.357588 -0.0585991
v -0.016931 -0.17924 -0.14028
v -0.134926 -0.363094 -0.0647571
v -0.0204775 -0.3708 -0.0607968
v -0.0637868 0.216721 -0.0747884
v -0.134933 -0.311527 -0.0613177
v -0.239283 0.0106038 -0.00613525
v 0.102816 -0.489177 -0.0812446
v -0.0230329 -0.286778 -0.0653398
v 0.0226306 -0.294732 -0.0615514
v -0.128111 -0.279513 -0.0669807
v -0.201268 0.0769795 0.0812211
v 0.0228017 -0.278074 -0.0628494
v 0.132283 -0.289324 -0.0657351
v -0.122904 -0.24288 -0.0679372
v -0.0191618 -0.250428 -0.0717812
v 0.128284 -0.23048 -0.0628515
v -0.120634 -0.218737 -0.0701819
v -0.127364 -0.140998 -0.0716391
v -0.10971 -0.0380587 -0.0680967
v -0.0126699 -0.316559 -0.0252137
v -0.0937711 0.0213661 -0.0579772
v 0.0913248 0.0222827 -0.0657219
v 0.171932 0.0304393 -0.0599726
v -0.19011 0.0391458 -0.0625733
v -0.166374 0.03098 -0.0598237
v -0.152898 0.0422713 -0.0675797
v -0.113292 0.0680742 -0.0757581
v -0.0866808 0.038229 -0.0645052
v -0.039039 0.117767 -0.0931524
v 0.09118 0.0366313 -0.0630869
v 0.12668 0.0400376 -0.056016
v -0.119139 0.0465964 -0.061116
v 0.116293 0.0460686 -0.0610867
v -0.141794 -0.391839 -0.0529411
v -0.0594881 0.174541 -0.0786235
v -0.200976 0.0801164 -0.0578073
v 0.19813 0.0858955 -0.0570958
v -0.188391 0.0990927 -0.0543986
v -0.070416 0.124011 -0.0784155
v -0.113215 -0.162956 -0.101263
v -0.141321 0.120506 -0.0677592
v 0.13638 0.125319 -0.0656249
v 0.124834 0.134385 -0.060234
v -0.110257 0.140185 -0.0591202
v 0.0567425 0.191682 -0.0837038
v -0.0797927 0.149497 -0.0626306
v -0.0737722 0.155184 -0.0636267
v 0.0145947 -0.398729 -0.0427908
v 0.101333 0.125466 -0.0752455
v 0.0782002 0.261613 -0.0625372
v 0.100125 -0.181568 -0.109067
v 0.141943 -0.331763 -0.0519474
v -0.0931244 0.27359 -0.061819
v 0.0978484 0.283598 -0.0661631
v -0.0952068 0.28181 -0.0650759
v 0.138959 -0.11373 -0.0184739
v 0.0809894 0.243235 -0.0507061
v -0.100782 0.302235 -0.057565
v -0.0947045 0.308331 -0.0631375
v -0.0932283 0.127688 -0.0739583
v -0.0893586 0.312469 -0.0574187
v -0.0815143 0.31307 -0.058082
v -0.0770752 0.318061 -0.0632111
v 0.0862997 0.305063 -0.068375
v 0.0762293 0.317991 -0.0694462
v 0.0945594 0.304828 -0.0681414
v -0.0935281 0.118397 -0.0783655
v -0.0780553 0.352003 -0.0659852
v 0.0817652 0.370917 -0.0653813
v 0.0828057 0.410264 -0.0702405
v -0.081917 0.411492 -0.0649959
v -0.0803975 0.4285 -0.0663859
v 0.0789689 0.433391 -0.0749017
v 0.095519 -0.188791 -0.107901
v -0.0695181 0.460072 -0.0597015
v 0.0736928 0.453077 -0.0693267
v 0.142797 0.115039 -0.0715727
v 0.0425558 0.487557 -0.0607248
v -0.0952772 -0.496312 -0.0653734
v -0.0780746 -0.343047 -0.0959651
v -0.0759923 -0.499328 -0.0664137
v -0.0533923 -0.498263 -0.063053
v 0.147349 -0.383645 -0.0376023
v 0.0888482 -0.191291 -0.112339
v 0.0703039 -0.498986 -0.0662159
v 0.0779564 -0.499019 -0.0621912
v 0.0903703 -0.496793 -0.0769813
v 0.107786 -0.493085 -0.068271
v 0.0095935 -0.199906 -0.107992
v 0.108598 -0.489175 -0.0762458
v -0.123918 -0.467262 -0.072645
v -0.106542 0.00462983 0.004645
v 0.119281 -0.476014 -0.0773889
v -0.122838 -0.458638 -0.0732071
v 0.0234292 -0.464814 -0.0652522
v -0.0261807 -0.457908 -0.069188
v -0.0241292 -0.441201 -0.0646973
v 0.0325547 -0.444533 -0.071859
v -0.130399 -0.410751 -0.071149
v -0.0204088 -0.425569 -0.0616906
v 0.0240128 -0.365998 -0.0636428
v 0.125184 -0.367938 -0.0785221
v -0.129951 -0.349386 -0.0711767
v 0.130312 -0.333925 -0.0725027
v 0.12466 -0.348557 -0.0785068
v -0.119293 -0.2596 -0.0743781
v -0.156311 0.103205 -0.0735299
v 0.0263686 -0.265343 -0.070976
v 0.0143641 -0.242403 -0.0699405
v 0.0732102 0.284865 -0.072143
v -0.0126129 -0.245589 -0.0683556
v -0.014948 -0.233895 -0.0784109
v 0.0140134 -0.235172 -0.0748362
v 0.00111705 -0.221659 -0.079363
v -0.0388573 -0.340546 -0.0826488
v -0.119286 -0.197387 -0.0745155
v 0.118485 -0.189152 -0.0799881
v 0.124993 -0.158097 -0.0802185
v -0.124088 -0.155868 -0.0788542
v 0.118452 -0.353481 -0.083559
v -0.128054 -0.132301 -0.0679906
v -0.121448 -0.107166 -0.0753286
v 0.1248 -0.0928047 -0.0689903
v 0.113819 -0.0423886 -0.0670976
v -0.121065 -0.0892187 -0.0709311
v 0.124246 0.0637293 -0.0754467
v -0.096581 -0.00577278 -0.073987
v 0.0880931 0.0119718 -0.0780087
v -0.0818543 0.0263954 -0.0739754
v -0.0808879 0.0350286 -0.0710794
v -0.0397387 -0.446884 0.0801478
v 0.146015 0.0355863 -0.0594771
v 0.160099 0.0377803 -0.0654115
v 0.17259 0.0425285 -0.0685776
v -0.12442 0.0505973 -0.0662151
v 0.0826041 -0.204658 -0.104078
v 0.0740204 -0.207605 -0.105771
v 0.0881159 0.0429065 -0.0678732
v 0.184973 0.0515984 -0.069271
v -0.18832 0.0525315 -0.0683246
v -0.102762 0.0558526 -0.0679246
v 0.0956449 0.044071 -0.0637529
v 0.101355 0.0518012 -0.0667958
v -0.127416 -0.312991 -0.0722019
v -0.122782 -0.307658 -0.0766256
v 0.195754 0.0725154 -0.0648115
v -0.194126 0.0775273 -0.0646224
v -0.171379 0.0607709 -0.0751293
v 0.176479 0.0870273 -0.0714355
v 0.121055 -0.319202 -0.0809059
v 0.164747 0.105541 -0.0676158
v -0.164591 0.10135 -0.0704897
v 0.167098 0.0486399 -0.0721257
v -0.14627 0.115946 -0.0694812
v -0.126297 0.122772 -0.0715816
v -0.103576 0.129173 -0.0719987
v 0.129915 0.12525 -0.0685536
v 0.127135 -0.309265 -0.0742769
v -0.0861868 -0.106489 -0.143802
v -0.0867594 0.144504 -0.0631076
v 0.0933233 0.142819 -0.0634384
v 0.0692018 0.395024 0.009071
v 0.0780346 0.146819 -0.0676222
v 0.0726089 0.151815 -0.0687442
v 0.068989 0.16631 -0.0701413
v 0.0817403 0.0411183 -0.0727123
v -0.0754897 0.26159 -0.0635225
v -0.0904041 0.268654 -0.0669333
v -0.0838913 0.265006 -0.0658278
v 0.080449 0.267368 -0.0658854
v 0.0947335 0.271023 -0.0647305
v -0.0915252 0.275197 -0.0698285
v 0.115862 -0.315157 -0.0846119
v -0.0753852 0.0408496 -0.0756921
v 0.0821173 0.273368 -0.0717832
v 0.0735588 0.277041 -0.0702293
v -0.0957239 0.290257 -0.0702068
v 0.0180447 -0.44905 -0.0485788
v 0.0810242 0.279658 0.00445569
v -0.0778919 0.309618 -0.0643644
v -0.0735849 0.31392 -0.0696763
v 0.083744 0.30014 -0.0715889
v 0.0258786 -0.202466 -0.112284
v 0.0623472 -0.0383477 0.0903208
v 0.187214 0.0633267 0.096067
v -0.0527958 0.475572 -0.0712371
v 0.0541589 0.477533 -0.0685489
v 0.0247757 0.493199 -0.0699096
v -0.0160796 0.493949 -0.0723792
v -0.257113 0.0245032 0.0686523
v 0.00863774 0.494165 -0.0760203
v -0.0636015 -0.496568 -0.0763443
v -0.0292592 -0.28759 -0.0733206
v 0.0833542 0.251525 -0.045697
v -0.0769925 -0.19846 -0.11333
v -0.0513167 0.39888 0.0244603
v 0.0340349 -0.480085 -0.0754085
v 0.0238407 -0.471571 -0.0663045
v 0.121449 -0.467642 -0.0773757
v 0.027651 -0.468031 -0.0713767
v -0.123097 -0.443008 -0.0747133
v 0.104008 -0.0208636 -0.0732102
v -0.0387787 -0.309245 -0.0825347
v 0.121343 -0.448832 -0.0767763
v 0.110129 -0.0590906 -0.0823954
v -0.0361474 -0.44527 -0.076471
v -0.0309867 -0.428868 -0.0746054
v -0.119723 -0.11882 -0.0875195
v -0.0378276 -0.302904 -0.0816602
v 0.121445 -0.24113 -0.0720277
v -0.0278418 -0.397055 -0.0721094
v 0.0695047 -0.0477686 -0.120715
v -0.129676 -0.396146 -0.0724769
v -0.145162 -0.381583 -0.0393317
v -0.0255055 -0.36845 -0.0686157
v -0.128717 -0.330968 -0.0718723
v 0.0294967 -0.334012 -0.0717738
v -0.0287995 -0.313415 -0.0735398
v 0.0845426 0.119461 -0.0790946
v 0.121414 -0.28323 -0.0773824
v 0.13107 -0.0754473 0.00238663
v -0.0264284 -0.27912 -0.0700535
v -0.123939 -0.290642 -0.0737403
v 0.0272792 -0.283118 -0.0685465
v -0.0299314 -0.263224 -0.0766624
v 0.0271016 -0.248368 -0.0778769
v -0.111467 -0.239046 -0.0787846
v -0.0256707 -0.247882 -0.0784677
v 0.0846431 0.38945 -0.0252248
v -0.111203 -0.215251 -0.0798933
v -0.0362401 -0.287723 -0.0799986
v 0.119309 -0.197217 -0.0772797
v -0.121654 -0.18131 -0.0756056
v 0.125117 -0.110301 -0.0717843
v 0.119046 -0.0988139 -0.0840828
v 0.117118 -0.0822946 -0.0805842
v -0.107887 -0.0431679 -0.0748515
v 0.0999961 -0.0156662 -0.0773012
v 0.0812721 0.026162 -0.0778823
v 0.0856342 0.0353302 -0.0685895
v -0.173866 0.0423761 -0.0682983
v -0.157913 0.0474036 -0.0715919
v -0.0657199 -0.0237915 -0.113861
v 0.165127 0.0420169 -0.0686393
v -0.0855288 0.0532924 -0.070778
v 0.0841392 0.049112 -0.0723395
v 0.14215 0.0488603 -0.0703207
v 0.176216 0.0499293 -0.0713942
v -0.246379 0.0362007 -0.0149073
v 0.110262 0.0487007 -0.0637901
v -0.0357825 -0.211145 -0.104821
v -0.107164 0.0620324 -0.0717578
v -0.0986436 0.0618842 -0.0718991
v 0.181608 0.0658237 -0.0726606
v -0.179271 0.0763212 -0.0729812
v 0.175216 0.0706618 -0.0748738
v -0.1737 0.0850484 -0.0733978
v -0.136091 0.109059 -0.0772536
v 0.150011 0.11659 -0.0665517
v -0.10682 0.117119 -0.0783108
v -0.137063 -0.238733 -0.0305927
v -0.0876627 0.136794 -0.0690837
v -0.0793523 0.136013 -0.0716385
v -0.072904 0.140093 -0.0717016
v 0.122209 -0.302947 -0.0786381
v -0.0665392 0.146386 -0.0732936
v 0.0724004 0.225201 -0.0667882
v 0.215956 0.09635 0.100622
v -0.11484 -0.253934 -0.0775111
v 0.0919074 0.273652 -0.0717074
v -0.0798356 0.277073 -0.072895
v -0.077478 0.26993 -0.0687345
v 0.0146987 -0.368953 -0.0226146
v -0.088703 0.290723 -0.0762925
v 0.0803906 0.282074 -0.0731397
v 0.0878914 0.279778 -0.0764823
v -0.0758701 0.284393 -0.0737434
v 0.118533 -0.313941 0.0217028
v 0.10043 0.291295 -0.0654358
v 0.0844976 0.29478 -0.0746647
v -0.0926983 0.297291 -0.0737059
v -0.0384025 -0.00873408 -0.123486
v -0.0724397 0.292234 -0.0737395
v -0.0773852 0.298417 -0.0721324
v -0.0745975 0.305695 -0.0702782
v 0.071702 0.315089 -0.0768162
v -0.0288769 0.12579 -0.0979596
v -0.11296 -0.280176 -0.0821393
v 0.0977946 0.296854 -0.0719569
v 0.0746477 0.33419 -0.0749312
v -0.0718865 0.34358 -0.0771999
v 0.0758595 0.408671 -0.0868764
v -0.0790671 0.423313 -0.073543
v 0.0789957 0.424771 -0.0791353
v 0.0713498 0.446271 -0.0823919
v -0.0680061 0.458962 -0.0684212
v 0.0341175 -0.320459 -0.0768303
v 0.116619 -0.232212 -0.0763367
v -0.0391481 0.484343 -0.0746671
v -0.0240519 0.4872 -0.0835775
v -0.0940417 -0.49152 -0.0831813
v -0.0811883 -0.498798 -0.0744462
v -0.0546829 -0.494196 -0.0771308
v 0.0540988 -0.49225 -0.0794642
v 0.0669839 -0.497872 -0.0725926
v 0.0810311 -0.497637 -0.0788221
v 0.0867179 -0.493105 -0.0848645
v -0.035351 -0.334489 -0.0797224
v 0.0169323 -0.225146 -0.0844297
v -0.114514 -0.470584 -0.0819671
v -0.118503 -0.464051 -0.0783903
v -0.0388889 -0.469292 -0.0832428
v 0.0381226 -0.448281 -0.077129
v 0.125144 -0.435087 -0.0762436
v -0.122496 -0.429431 -0.0777485
v -0.111926 -0.447567 -0.0824213
v -0.0375038 -0.430876 -0.0800987
v 0.0419062 -0.427781 -0.0820105
v -0.122969 -0.397769 -0.0791697
v 0.0393393 -0.395374 -0.0811732
v 0.125183 -0.395991 -0.0789147
v -0.123024 -0.327296 -0.0777622
v 0.0391095 -0.379 -0.0809821
v 0.118881 -0.363091 -0.0834039
v 0.0404827 -0.334742 -0.0823976
v -0.0356324 -0.316767 -0.0801463
v 0.124188 -0.327312 -0.0786291
v -0.123388 -0.299138 -0.0753018
v 0.112587 -0.367802 -0.0875366
v 0.123156 -0.292985 -0.0768578
v -0.0350387 -0.381827 -0.0792395
v -0.109102 -0.151976 -0.117689
v 0.0383622 -0.275822 -0.0796387
v 0.113387 -0.241098 -0.0793043
v -0.110091 -0.247224 -0.0804399
v -0.0761673 0.0316501 -0.0780782
v 0.00547388 -0.212437 -0.0888789
v 0.029796 -0.233501 -0.0865401
v 0.112565 -0.224118 -0.0801438
v -0.00293486 -0.210133 -0.0912391
v 0.0203473 -0.22083 -0.0888119
v 0.125725 -0.222793 -0.0668599
v 0.115378 -0.214173 -0.0785112
v 0.108617 -0.191358 -0.0904791
v 0.116464 -0.173189 -0.0898537
v 0.124288 -0.140026 -0.0833065
v 0.0402548 -0.419221 -0.0811731
v -0.0692245 -0.0814315 0.0964698
v 0.122466 -0.121908 -0.0841671
v -0.113929 -0.08476 -0.0837074
v 0.105986 -0.0514954 -0.0857045
v -0.0882632 -0.0088292 -0.087458
v -0.0704616 0.0368528 -0.0826188
v 0.071982 0.0351473 -0.0842218
v -0.0764569 0.0514639 -0.074914
v 0.072153 0.0536179 -0.0800262
v -0.161216 0.0611909 -0.0768115
v -0.118965 -0.109531 -0.0847551
v -0.266634 0.0444397 0.0898128
v 0.0747552 0.0605386 -0.0790427
v 0.141598 0.0567329 -0.0750078
v -0.119693 -0.415084 -0.0809925
v -0.127025 0.0640858 -0.0761366
v -0.0749652 0.0593825 -0.0773943
v 0.0342512 0.0106459 -0.11828
v -0.180745 0.00281675 0.0026624
v 0.0465574 -0.212905 -0.104175
v -0.110792 -0.485407 -0.0766837
v -0.094373 0.0685209 -0.0753389
v -0.0296221 -0.296708 0.0136174
v 0.102567 0.060619 -0.0720049
v 0.117362 0.0659178 -0.0753754
v 0.0617329 0.21817 -0.0801457
v -0.139582 -0.180881 -0.00934086
v -0.0472439 0.226683 -0.0905092
v 0.16075 0.0812808 -0.0785569
v 0.00908341 0.47656 -0.104668
v 0.156441 0.0958937 -0.0768652
v -0.16007 0.0949733 -0.0757493
v 0.133881 0.105254 -0.079504
v -0.0430356 0.0777975 -0.0942991
v 0.118818 0.117171 -0.0769841
v -0.0858 0.121456 -0.077324
v 0.074623 -0.0851222 -0.139273
v -0.0733144 0.131182 -0.0753613
v -0.07456 0.331143 -0.0703745
v 0.0867078 0.126351 -0.0762523
v 0.0702297 0.126303 -0.0791316
v -0.0647529 0.128608 -0.0785995
v 0.067526 0.140743 -0.0757695
v -0.0535801 0.150439 -0.0837472
v 0.0657591 0.149335 -0.0751297
v 0.0608011 0.204057 -0.0805206
v -0.0635941 0.206057 -0.0747485
v 0.0662229 0.254868 -0.0771419
v 0.0114261 0.481135 -0.0985689
v 0.0386871 -0.410164 -0.0802029
v -0.083591 0.283619 -0.0762114
v -0.086603 0.277303 -0.074328
v 0.0955656 0.280746 -0.0729673
v -0.0803569 0.291355 -0.0749148
v 0.00202194 0.480014 -0.10097
v 0.0916447 0.292565 -0.0763919
v 0.0972598 0.288257 -0.0725244
v -0.0849124 0.298362 -0.0741235
v 0.0259668 0.00882762 -0.121316
v -0.0450283 0.138304 -0.0900425
v -0.0368887 -0.31228 0.0203682
v 0.0278502 0.474296 -0.101334
v -0.0472834 -0.382058 -0.0876769
v -0.0743731 0.412489 -0.0858489
v -0.0751933 0.426908 -0.0818843
v -0.108241 0.0762315 -0.0784243
v -0.0724861 0.444324 -0.0772354
v 0.0636509 0.461072 -0.0810352
v -0.0494957 0.471672 -0.0844154
v 0.0398829 0.483286 -0.0783249
v -0.0551171 -0.334905 -0.0917545
v -0.00892518 0.490039 -0.0850901
v 0.0772881 0.25463 -0.0603245
v -0.137745 -0.301028 -0.00739343
v -0.076963 -0.496556 -0.0808448
v -0.0846337 -0.495179 -0.0823583
v -0.0674684 0.225236 -0.0705086
v 0.0916696 -0.487074 -0.0895697
v -0.0697327 -0.494128 -0.0826082
v 0.0685094 -0.490388 -0.0859209
v -0.102964 -0.485642 -0.0837876
v -0.0520099 -0.487905 -0.0840891
v 0.0506474 -0.485377 -0.0844105
v 0.0954779 -0.479656 -0.0921286
v -0.0437602 -0.482825 -0.082873
v 0.0465818 -0.476139 -0.0863988
v 0.110325 -0.474297 -0.0864152
v -0.107547 -0.469679 -0.0875718
v 0.0393653 -0.469124 -0.0826949
v -0.111784 -0.46225 -0.0840446
v 0.112948 -0.458137 -0.0839675
v -0.0678945 0.176199 -0.0689125
v -0.0446475 -0.456055 -0.0846095
v 0.107975 -0.451011 -0.0864458
v 0.056706 -0.445069 -0.0878747
v 0.111107 -0.442547 -0.0848857
v -0.107827 -0.434007 -0.086809
v -0.104994 -0.443978 -0.0868631
v -0.0472846 -0.439608 -0.0849087
v -0.0496153 -0.431748 -0.0870592
v 0.117362 -0.426602 -0.0831608
v -0.185393 0.0410694 0.128749
v 0.0523678 -0.39903 -0.0891769
v 0.119241 -0.381693 -0.0834965
v -0.0378941 -0.390815 -0.0815652
v -0.11761 -0.390272 -0.0834322
v 0.0708535 0.184106 -0.0680634
v -0.0413819 -0.37707 -0.0841815
v -0.116407 -0.324387 -0.0833155
v -0.0407071 -0.332141 -0.084038
v 0.0389135 -0.316769 -0.0811313
v 0.109703 -0.319637 -0.0884193
v -0.0445671 -0.304785 -0.0862026
v -0.118291 -0.293316 -0.0796532
v -0.0499928 -0.354884 -0.0894018
v 0.049838 -0.27565 -0.08678
v 0.109176 -0.300636 -0.0875866
v -0.0298489 -0.0951659 -0.154879
v 0.0475851 -0.267511 -0.0859671
v 0.0958399 0.13715 -0.0682217
v 0.105956 -0.25801 -0.0854068
v -0.0448003 -0.251555 -0.0876246
v 0.0329516 -0.246574 -0.0825349
v 0.0207131 0.481108 -0.0960752
v 0.109124 0.128366 -0.0722409
v -0.020984 -0.229426 -0.0850034
v -0.100337 -0.212006 -0.0883576
v 0.00465981 -0.206172 -0.0954141
v 0.108321 -0.209855 -0.0848902
v 0.108771 -0.0276196 -0.0682611
v -0.121142 -0.158266 -0.0852595
v 0.121216 -0.145627 -0.0914493
v -0.121982 -0.134553 -0.0852256
v 0.0746459 0.00254774 0.0661203
v 0.0955855 -0.491678 -0.0828887
v -0.0983797 -0.0419018 -0.089213
v -0.0832233 0.311636 -0.0186594
v 0.0866854 -0.00595971 -0.0906565
v 0.224882 -0.000767933 -0.000819321
v 0.0801959 0.142278 0.0172204
v 0.0609456 0.0611871 -0.0871887
v -0.0694505 0.0553559 -0.0802131
v -0.157264 0.0686468 -0.0789547
v -0.0874099 0.114657 -0.0794433
v 0.0698009 0.0755908 -0.0826958
v -0.136206 0.0770606 -0.0815579
v -0.0724192 0.0722432 -0.0799994
v -0.0614344 0.0847772 -0.0837154
v -0.177234 0.0922719 -0.0686373
v 0.146009 0.0754458 -0.080785
v -0.150119 0.0825685 -0.0808678
v -0.112684 0.0837319 -0.0811379
v 0.0751791 0.0822675 -0.0823701
v 0.0825094 0.080672 -0.08121
v 0.106582 0.0776769 -0.0791896
v 0.126947 0.0784644 -0.0809926
v -0.131874 0.0870589 -0.0826527
v -0.0696452 0.0871985 -0.0822253
v 0.133421 0.0856696 -0.0821912
v 0.139244 0.0913491 -0.0815785
v 0.102946 -0.0370128 -0.0836465
v -0.0785273 0.0895484 -0.0816322
v 0.105389 0.091976 -0.0819493
v -0.0152692 0.482095 -0.0965002
v -0.271246 0.0536972 0.0849929
v 0.0894511 0.00515913 -0.0806444
v 0.0774314 0.104642 -0.0823406
v -0.08456 0.107911 -0.0809333
v -0.0719946 0.116814 -0.0796753
v 0.10146 0.106844 -0.0816793
v 0.120832 0.0976838 -0.0821009
v 0.0175947 -0.368911 -0.0496654
v 0.0687842 -0.194694 -0.123147
v 0.118951 0.107094 -0.0805991
v -0.0931726 0.00279568 -0.0735027
v 0.124088 -0.062543 0.0210526
v -0.0911403 -0.00283532 -0.080364
v -0.00158608 -0.0797514 -0.147964
v -0.0541671 0.178221 -0.0836658
v 0.097355 0.00702202 -0.0666794
v 0.0585363 0.225663 -0.0833653
v -0.0599786 0.266761 -0.0824734
v 0.27081 0.0503478 0.07404
v -0.0596141 0.3001 -0.0869429
v -0.00508326 0.223693 0.115107
v 0.0771725 -0.155641 -0.15246
v -0.0608334 -0.453798 -0.0903983
v 0.0707925 0.407989 -0.0946077
v 0.0681634 0.415627 -0.0984291
v -0.0608491 0.45753 -0.0860756
v 0.0522368 0.4707 -0.0849924
v -0.0353387 0.477584 -0.0909749
v 0.00522355 0.485479 -0.0937489
v 0.0159881 0.490447 -0.0827068
v -0.0862327 -0.488724 -0.0896907
v -0.0835323 0.0183781 -0.0771106
v 0.0744072 -0.485863 -0.0915069
v 0.0830212 -0.487629 -0.0910792
v -0.063994 -0.479617 -0.092484
v 0.0656691 -0.482587 -0.0905767
v -0.101951 -0.476991 -0.089244
v -0.0507032 -0.479545 -0.0886518
v 0.0541392 -0.46119 -0.0898761
v -0.0996925 -0.468501 -0.09189
v 0.114412 -0.050098 -0.0705738
v 0.0999387 -0.465234 -0.0924747
v -0.0277428 0.470247 -0.104072
v -0.0530681 -0.460173 -0.0899503
v 0.0625256 -0.450949 -0.0900708
v -0.0947142 -0.443894 -0.0901569
v 0.0646374 -0.442544 -0.0904904
v 0.0948028 -0.444679 -0.0909304
v 0.0243353 0.225143 -0.102463
v -0.0687673 -0.450479 -0.0915177
v -0.0620142 -0.444587 -0.0902455
v 0.0203203 0.310861 -0.111844
v -0.0563637 -0.430638 -0.0899089
v -0.0225339 0.476899 -0.0993986
v 0.0684876 -0.420203 -0.093328
v -0.0797199 -0.466278 -0.0967577
v 0.0528468 -0.416458 -0.0889596
v 0.0766461 0.0471002 -0.0762553
v -0.0532348 -0.406402 -0.0901564
v 0.134676 -0.152674 -0.0621312
v 0.0603875 -0.39559 -0.0924171
v 0.112728 -0.385931 -0.0876023
v -0.0395259 0.464224 -0.102375
v 0.0555497 -0.363504 -0.0908642
v -0.103165 -0.328872 -0.0909534
v -0.00594673 0.262285 -0.107871
v 0.103185 -0.333577 -0.0917998
v -0.152702 0.0617304 -0.0776091
v 0.0459004 -0.317443 -0.0861724
v -0.1059 -0.234567 -0.0827672
v 0.100386 -0.30475 -0.0916552
v -0.0111928 0.302928 -0.112147
v 0.0555914 -0.304496 -0.0907236
v -0.188412 0.0618111 -0.0701661
v -0.104683 -0.303583 -0.0890146
v -0.102961 -0.247972 -0.0847173
v -0.12284 -0.276478 -0.0729037
v 0.103784 -0.276717 -0.0880935
v 0.0542799 -0.380292 -0.0901426
v 0.127151 -0.286162 -0.0718197
v 0.0958589 -0.259596 -0.0895744
v -0.10885 0.109557 -0.0806912
v 0.0546773 -0.255549 -0.0897564
v 0.105181 -0.241013 -0.0845873
v 0.0400785 -0.248112 -0.0857384
v 0.0965093 -0.240579 -0.0885185
v -0.0406786 -0.236538 -0.0904889
v -0.0992967 -0.222073 -0.0876688
v 0.0326237 -0.226362 -0.0907489
v -0.0277049 -0.49119 -0.0321655
v -0.0378042 -0.230253 -0.0917625
v 0.0943893 -0.21849 -0.0915855
v 0.110053 0.111667 -0.079994
v 0.101654 -0.206422 -0.0903467
v -0.094045 -0.19959 -0.0992682
v -0.1071 -0.18646 -0.0938377
v 0.0970792 -0.194616 -0.100771
v -0.110766 -0.177521 -0.0947131
v 0.105518 -0.179515 -0.103038
v 0.0552218 0.453112 -0.0998013
v -0.118109 -0.144621 -0.0971742
v -0.110699 -0.0864345 -0.091827
v 0.103909 0.0691227 -0.0761508
v -0.0425634 0.245967 0.102901
v -0.070502 0.00936962 -0.0966825
v 0.140181 -0.490494 0.00324002
v 0.0606938 0.0375448 -0.0933721
v 0.244234 0.00768255 0.0434757
v 0.0613792 0.0768991 -0.0856418
v 0.0444957 0.104255 -0.0917715
v 0.0564863 0.116753 -0.0849367
v -0.0500572 0.110871 -0.0870537
v -0.0681819 -0.188094 -0.131969
v -0.0435738 0.17509 -0.0913912
v 0.0482012 0.209887 -0.0905624
v -0.0462582 0.218575 -0.090774
v 0.0631534 -0.0386436 -0.121702
v 0.0522512 0.265617 -0.0912567
v -0.060492 0.309626 -0.0873285
v 0.06089 0.437815 -0.102265
v -0.00949385 0.31826 -0.114715
v 0.125939 0.0561277 -0.0712062
v 0.0123036 0.234753 -0.105421
v -0.0666232 0.422009 -0.0972966
v 0.0674028 0.434912 -0.0961224
v -0.0658689 0.439447 -0.0929517
v 0.060917 0.451404 -0.0951753
v 0.0229892 0.486049 -0.087674
v -0.0277727 0.48006 -0.0932257
v 0.0258971 -0.300231 -0.066805
v 0.0310056 -0.341462 0.0128923
v 0.0289582 -0.32489 -0.0711017
v 0.0800225 -0.481522 -0.0944894
v -0.0708251 -0.478311 -0.0947215
v 0.0631832 -0.473475 -0.0928219
v 0.0857805 -0.467015 -0.0964689
v 0.098283 -0.471951 -0.0930619
v -0.0868427 -0.471088 -0.0961303
v -0.088587 -0.452771 -0.0923004
v -0.0660984 -0.465073 -0.0943367
v 0.0677218 -0.457925 -0.0925571
v 0.0775115 -0.467819 -0.0965075
v 0.0966465 -0.459117 -0.0926653
v -0.0730088 -0.46197 -0.0951592
v -0.0694269 -0.0477869 0.0873889
v 0.0729238 -0.440865 -0.092205
v 0.0759176 -0.454939 -0.0935987
v 0.0809979 -0.460606 -0.0955825
v 0.00833711 0.193159 -0.104251
v -0.0908878 -0.435591 -0.0918199
v -0.0640725 -0.434349 -0.0916725
v 0.0811812 -0.439223 -0.0926801
v -0.0878753 -0.427498 -0.0932743
v 0.0755431 -0.432677 -0.0931941
v 0.126575 -0.0679112 0.0165381
v -0.0121877 0.118887 -0.102292
v 0.130428 0.0693934 -0.078988
v 0.0824459 -0.399632 -0.0955254
v 0.0886071 -0.407127 -0.0948998
v -0.0680137 -0.396138 -0.094701
v 0.0697081 -0.392389 -0.0948114
v -0.099529 -0.391703 -0.0925283
v -0.0615523 0.427531 -0.102441
v -0.0606029 -0.391798 -0.093153
v -0.0613309 0.436422 -0.100064
v 0.105767 -0.389961 -0.0909079
v 0.0983408 -0.393766 -0.0933084
v 0.0650645 0.421392 -0.101806
v 0.0674604 -0.327198 -0.0946426
v -0.0935193 -0.327015 -0.0940815
v 0.0818164 0.394742 -0.015355
v 0.0855422 -0.327869 -0.0956074
v 0.0894949 -0.335845 -0.0952281
v -0.0858506 -0.329966 -0.0954877
v -0.0113171 -0.183917 -0.133707
v 0.0546727 -0.331654 -0.0907008
v -0.0253937 -0.328182 -0.0690572
v -0.0618061 -0.302353 -0.0933194
v -0.0615159 0.410832 -0.103742
v -0.0733876 -0.31064 -0.0952943
v 0.0645087 -0.292764 -0.0929197
v 0.0851542 -0.296103 -0.0945052
v 0.0311538 -0.342282 -0.0736372
v -0.0882389 -0.274311 -0.0921822
v 0.0729576 -0.269375 -0.0928226
v -0.0823339 -0.260665 -0.0921289
v -0.00118016 0.318012 -0.115293
v -0.0701501 -0.302226 -0.094739
v -0.0611594 -0.254711 -0.0916843
v -0.0478855 0.302106 -0.0971567
v -0.0688345 -0.249902 -0.0926779
v -0.125304 -0.377877 -0.076792
v 0.08474 -0.256391 -0.091804
v -0.0616426 -0.245505 -0.0926005
v -0.0767427 -0.237022 -0.0935072
v 0.0841842 -0.499597 -0.0702849
v 0.125316 -0.377333 -0.0786775
v -0.0534222 -0.23457 -0.0941125
v -0.0844858 -0.222963 -0.0938604
v 0.0655075 0.407916 -0.101577
v 0.0744681 -0.228907 -0.095286
v -0.0688285 -0.223701 -0.0969419
v -0.0426772 -0.224829 -0.095355
v 0.0554355 -0.231999 -0.0945263
v -0.0298722 -0.375134 -0.0741069
v -0.0301024 -0.215349 -0.0983913
v 0.0437311 -0.219078 -0.0985681
v -0.0844974 -0.213723 -0.0963331
v -0.0151978 -0.204699 -0.103662
v 0.0266864 -0.220218 -0.0924493
v 0.08847 -0.208087 -0.0982004
v -0.00468976 -0.204532 -0.0987303
v -0.00530582 0.162587 -0.103861
v -0.0989129 -0.183536 -0.108016
v -0.0177147 0.192465 -0.102339
v -0.0206698 -0.387897 -0.061872
v 0.0678773 0.129942 0.0350655
v -0.0984996 -0.0661729 -0.0983481
v 0.0240131 -0.39369 -0.0642412
v -0.0873536 -0.0397143 -0.101278
v -0.0845748 0.0117595 -0.0799139
v -0.156777 0.081687 -0.0795566
v 0.0605117 0.0288855 -0.0969124
v 0.0436933 0.0799677 -0.0949095
v -0.0495154 0.0598075 -0.0939041
v -0.0346493 0.110563 -0.0953094
v 0.0678747 -0.189158 0.0652498
v 0.0385645 0.185417 -0.0955421
v 0.1629 0.0901331 -0.0760866
v -0.0623467 -0.0822645 0.100715
v 0.0321099 0.223309 -0.0998412
v -0.0349595 0.227294 -0.0976789
v 0.0463361 0.253822 -0.0944084
v -0.0425491 0.257164 -0.0956051
v -0.0463332 0.293322 -0.0970968
v 0.0525844 0.303038 -0.0955367
v 0.0579768 0.322342 -0.0938199
v -0.0516918 0.329548 -0.0981649
v 0.0631828 0.380461 -0.0990546
v -0.0586493 0.380165 -0.101173
v -0.058675 0.396411 -0.104581
v 0.130101 -0.410465 -0.073837
v -0.0462128 0.463254 -0.0980681
v 0.0423817 0.453341 -0.110273
v 0.0369956 0.474506 -0.095677
v -0.0345098 0.468913 -0.101587
v -0.073961 -0.335488 -0.0958738
v -0.0621914 -0.212619 -0.104531
v 0.0612384 -0.21668 -0.101526
v 0.0701977 -0.214916 -0.101569
v -0.0697444 -0.20895 -0.106149
v -0.048117 -0.21982 -0.0993523
v 0.0375264 -0.213377 -0.10221
v 0.0641213 -0.209283 -0.107474
v -0.118869 -0.0306221 -0.00533852
v -0.0852753 -0.204769 -0.102012
v -0.0135496 -0.198463 -0.113144
v 0.022348 -0.206453 -0.104585
v 0.0901145 -0.200481 -0.102374
v -0.0843046 -0.193933 -0.112968
v -0.10677 -0.0955947 -0.110185
v 0.107875 -0.0956353 -0.110782
v 0.0124034 0.325646 -0.115615
v 0.102445 -0.0825734 -0.107537
v -0.0863823 -0.0561064 -0.10801
v -0.0628226 -0.00942593 -0.110947
v 0.0823244 -0.0257505 -0.103304
v -0.0481158 0.0275847 -0.10404
v 0.0470301 0.0280521 -0.105802
v -0.0233011 -0.419001 -0.0661644
v -0.0583684 -0.249792 0.0375541
v -0.0301104 0.0707045 -0.101411
v -0.000383367 0.170747 0.0909749
v -0.0263144 0.111093 -0.0986586
v 0.0989981 -0.30902 0.0397048
v -0.0523819 -0.448513 -0.0870951
v 0.119172 -0.0229583 -0.007877
v -0.0191555 0.183369 -0.101865
v 0.0214521 0.207977 -0.102304
v -0.0134432 0.222242 -0.104316
v -0.0287162 0.249928 -0.101805
v 0.0316996 0.245336 -0.101033
v 0.0354791 0.280832 -0.102953
v -0.229438 0.0113808 0.0668837
v 0.0602395 0.353554 -0.0969585
v 0.0569149 0.338311 -0.0974569
v 0.0511098 0.318576 -0.0989191
v 0.0538602 0.354042 -0.102748
v 0.0318019 -0.0985697 0.115043
v 0.0633892 0.109113 -0.0833751
v -0.0616802 0.418506 -0.103736
v 0.148041 0.0919293 -0.0799627
v -0.0559682 0.433586 -0.106807
v 0.0542751 0.441225 -0.10753
v 0.0513911 0.449828 -0.105897
v -0.0196059 0.471319 -0.106593
v 0.0172204 0.475894 -0.103745
v 0.00283915 0.473474 -0.10803
v -0.054655 -0.215866 -0.102478
v 0.0551243 -0.211987 -0.105757
v -0.0659822 0.233924 -0.0730248
v 0.0315287 -0.207829 -0.106935
v -0.142357 0.102452 -0.0785567
v 0.126451 -0.0528461 -4.40531e-05
v 0.00308337 -0.197019 -0.111241
v 0.0934738 -0.183343 -0.115804
v 0.12817 -0.419886 -0.0748463
v -0.114178 -0.133761 -0.111015
v 0.135085 0.113132 -0.0753713
v -0.121726 0.102153 -0.0816147
v -0.0910229 -0.0727617 -0.111959
v 0.0888035 -0.0753164 -0.118776
v 0.135971 0.12008 -0.0704563
v 0.0850496 -0.0591132 -0.112539
v 0.0779945 -0.0361217 -0.11073
v -0.197986 0.0494068 0.0820088
v -0.137795 -0.435624 -0.058884
v -0.0439256 0.326659 -0.103421
v -0.0297854 0.0399465 -0.108096
v 0.0295241 0.0236249 -0.114582
v -0.0127381 0.0713735 -0.105909
v 0.00500075 0.0717902 -0.106764
v 0.00449621 0.101688 -0.10364
v 0.0186181 0.0641714 -0.106548
v -0.0491067 0.311099 -0.0976484
v 0.0129851 0.100864 -0.102979
v -0.0129581 0.102699 -0.102423
v -0.0802701 0.115178 -0.0794644
v 0.00382631 0.201807 -0.104677
v -0.00623854 0.202171 -0.104267
v 0.101163 0.116571 -0.0792208
v 0.00336874 0.234913 -0.10605
v 0.0166837 0.242542 -0.105357
v 0.0927988 -0.497911 -0.0682315
v 0.158616 0.02755 -0.0546108
v 0.00704008 0.271287 -0.109034
v 0.0154497 0.271956 -0.108086
v 0.0223346 0.272102 -0.106745
v -0.0984048 -0.388239 0.0367645
v -0.0302452 0.316797 -0.108983
v 0.0365432 0.313962 -0.107013
v 0.0500295 0.348041 -0.104485
v -0.06988 0.26637 -0.0705239
v -0.0605319 0.0284365 -0.0952188
v 0.049749 0.373623 -0.109692
v -0.0525772 0.398932 -0.110767
v -0.0551501 0.448562 -0.100746
v 0.0950805 -0.328424 -0.0941879
v 0.0999357 0.00849741 -0.060111
v 0.0308953 0.466319 -0.107702
v -0.0403766 -0.207562 -0.110167
v -0.0549738 -0.209664 -0.108487
v 0.0444417 -0.203452 -0.115849
v -0.0628862 -0.20687 -0.110512
v -0.057852 0.391875 0.0201763
v 0.0617147 -0.203378 -0.114461
v 0.0814458 -0.194642 -0.115116
v -0.098317 -0.000605129 -0.0666686
v -0.10145 -0.164418 -0.123392
v 0.0984825 -0.168095 -0.125439
v 0.104788 -0.156351 -0.124778
v 0.111452 -0.143605 -0.117502
v -0.0787232 -0.0638278 -0.118097
v -0.145599 -0.389785 -0.0387564
v 0.0648358 0.164085 -0.0752713
v -0.0511708 -0.00136069 -0.115183
v -0.0478151 -0.00822347 -0.119334
v 0.0470375 -0.00170973 -0.118344
v 0.0615047 0.195396 -0.0795791
v -0.0123558 0.0390368 -0.112402
v -0.0046163 0.0330247 -0.114884
v -0.0621399 -0.175152 0.0741182
v 0.0272798 0.0476163 -0.108094
v -0.0228805 0.313624 -0.111071
v -0.00706909 0.294437 -0.111615
v 0.0069433 0.302446 -0.112843
v 0.0480141 0.270587 -0.0948897
v -0.0325127 0.344922 -0.112709
v -0.0268299 0.3492 -0.115784
v 0.0363444 0.345818 -0.112171
v -0.0494422 0.367532 -0.106895
v 0.0423081 0.368863 -0.113342
v 0.0436404 0.286625 -0.0993655
v 0.0537329 0.407064 -0.11286
v -0.137047 -0.117307 -0.0140197
v 0.0531048 0.422398 -0.113121
v 0.0646754 0.210826 -0.0765535
v 0.0436604 0.43735 -0.117102
v -0.038211 0.45199 -0.112385
v 0.035162 0.451874 -0.115492
v 0.0119536 0.458302 -0.118803
v -0.0167888 0.466922 -0.1116
v 0.126418 0.103493 -0.0809272
v -0.00307826 0.463313 -0.116806
v 0.13033 -0.164797 -0.0693915
v -0.0403555 0.291641 -0.100663
v -0.00480992 -0.194782 -0.115994
v -0.108176 -0.138686 -0.124296
v 0.0674208 0.238217 -0.0743822
v 0.113883 -0.126177 -0.113154
v 0.102923 -0.112657 -0.129411
v 0.123508 -0.190843 -0.0736356
v 0.0980065 -0.0963962 -0.127052
v 0.0794767 -0.0628312 -0.118669
v 0.0707118 0.252127 -0.0713255
v -0.0679302 -0.0497888 -0.120809
v -0.0280341 -0.00559479 -0.12578
v 0.0773425 0.238398 -0.0587281
v 0.0764394 0.214726 0.0204106
v -0.012408 0.324713 -0.115318
v -0.00117317 0.333643 -0.117643
v -0.0188906 0.353467 -0.118845
v -0.00929463 0.357424 -0.121244
v 0.0201954 0.359399 -0.120042
v -0.124097 -0.189893 -0.0702261
v 0.240077 0.0703315 0.145512
v -0.0426826 0.406194 -0.118891
v -0.023527 0.448375 -0.120845
v 0.0468471 0.406284 -0.117849
v -0.0421332 0.429829 -0.118136
v -0.0311038 0.450449 -0.116986
v -0.120982 -0.20445 -0.0715118
v -0.0433394 0.27353 -0.0968351
v -0.0604343 -0.189497 -0.133773
v -0.0319184 0.26756 -0.102145
v -0.0313548 -0.187214 -0.136966
v -0.06051 0.236658 -0.0799157
v 0.0410805 0.266743 -0.0987394
v -0.00487698 -0.18902 -0.125427
v -0.123197 -0.233101 -0.0670983
v 0.0841909 -0.17772 -0.1326
v -0.00247201 -0.244788 -0.057727
v -0.103809 -0.142072 -0.131243
v -0.10464 -0.11388 -0.126282
v -0.0964422 -0.0988346 -0.129346
v 0.0853618 -0.0986799 -0.141215
v 0.0706708 -0.0704967 -0.130149
v -0.0657628 -0.0626646 -0.126926
v 0.0151421 -0.177606 -0.14093
v 0.0636437 -0.0553112 -0.126436
v -0.0128461 -0.00884952 -0.129704
v 0.124587 -0.251635 -0.0701671
v -0.0781507 -0.440408 -0.092553
v 0.00528503 0.360007 -0.122319
v -0.013864 0.393114 -0.127826
v 0.0281306 0.394774 -0.125095
v -0.0263237 0.402092 -0.126156
v -0.0324666 0.420178 -0.124618
v -0.000172905 -0.1812 -0.134287
v 0.0375546 0.419997 -0.123105
v -0.0288746 0.43446 -0.123738
v 0.0251152 0.434287 -0.126298
v -0.0225238 0.440358 -0.124301
v -0.0147605 0.437814 -0.127079
v 0.00767608 0.445302 -0.125932
v 0.000240622 0.440078 -0.127821
v -0.051902 -0.18995 -0.135202
v 0.0182921 -0.183333 -0.137003
v -0.0745075 -0.185882 -0.13074
v 0.10351 0.00592983 -0.0541996
v 0.0104682 -0.182282 -0.135143
v 0.129233 -0.271808 -0.0672732
v 0.104956 -0.139632 -0.130606
v 0.106787 -0.129914 -0.128365
v -0.10039 -0.127256 -0.136265
v -0.0820958 -0.0895572 -0.136681
v -0.0580856 -0.0591126 -0.129556
v -0.0542789 -0.0698993 -0.137006
v 0.0824371 -0.474766 -0.0965228
v -0.0397193 -0.0424447 -0.132667
v 0.00448217 0.386072 -0.127698
v 0.127693 -0.244673 -0.0648895
v 0.0198493 0.398176 -0.128162
v -0.012294 0.411884 -0.130606
v 0.0211407 0.416167 -0.129484
v -0.0199272 0.415978 -0.129003
v -0.0136992 0.429503 -0.129267
v 0.00794904 0.427527 -0.130655
v -0.00688739 0.43494 -0.129144
v 0.0237076 -0.179986 -0.141975
v 0.114197 0.0905883 -0.0819441
v -0.000698485 -0.174799 -0.14043
v 0.0950598 -0.163471 -0.133449
v -0.0894598 -0.157887 -0.142513
v -0.0919828 -0.14892 -0.143613
v 0.138579 -0.113656 -0.00989754
v 0.0973706 -0.129785 -0.141009
v 0.0966896 -0.112908 -0.137318
v 0.0338065 0.262534 -0.101866
v 0.09152 -0.1051 -0.139298
v -0.0694394 -0.0897352 -0.144757
v 0.1777 0.113093 -0.0439647
v -0.0360741 0.253581 -0.0989137
v 0.0531819 -0.06708 -0.136443
v 0.043413 -0.0580468 -0.136561
v -0.0255454 -0.0452659 -0.137412
v 0.0162751 -0.0469955 -0.139987
v 0.00654106 -0.0481696 -0.141027
v -0.00943829 -0.0392955 -0.138378
v 0.0331054 -0.0513936 -0.137724
v 0.00152153 0.402627 -0.130865
v 0.00615587 0.419061 -0.131626
v -0.0412204 -0.181579 -0.14432
v -0.0266463 -0.180528 -0.142762
v 0.042316 -0.183592 -0.142597
v -0.0633516 0.0509328 -0.0854016
v 0.039884 0.24799 -0.0976514
v 0.0302719 0.231494 -0.100842
v -0.135699 -0.385253 0.00748597
v 0.0733014 -0.170429 -0.146448
v -0.0828509 -0.173347 -0.137608
v 0.0951569 -0.15434 -0.138814
v 0.093008 -0.136816 -0.145307
v -0.0796904 -0.109782 -0.149519
v -0.0206273 0.236058 -0.103561
v 0.138756 -0.326747 -0.0591525
v -0.028283 0.222653 -0.100232
v -0.0587951 0.0371956 -0.0929874
v 0.0457275 -0.0710834 -0.14088
v -0.0350487 0.23599 -0.098079
v 0.046562 -0.0639859 -0.13743
v -0.0591283 -0.174199 -0.148988
v -0.0347481 -0.177648 -0.147202
v 0.0300233 -0.174631 -0.148803
v 0.0461174 -0.177502 -0.148022
v 0.058644 -0.168321 -0.153001
v -0.00157353 -0.163314 -0.148365
v 0.0825843 -0.158164 -0.147952
v -0.0772267 -0.156087 -0.151637
v -0.0783488 -0.139098 -0.154791
v -0.0889652 -0.126846 -0.147374
v 0.0869979 -0.119859 -0.148348
v 0.0795019 -0.102156 -0.147332
v -0.0650645 0.242789 -0.0747597
v 0.0702766 0.260264 -0.0727052
v 0.0581266 -0.0957815 -0.153164
v -0.0229641 -0.072558 -0.145124
v -0.00905019 -0.0771609 -0.147223
v 0.0111894 -0.0738789 -0.146388
v 0.0264076 -0.0713984 -0.144436
v 0.135034 -0.339407 -0.0661603
v 0.130746 -0.372986 -0.0729927
v -0.0743526 -0.163929 -0.149782
v 0.110362 0.100686 -0.0820033
v -0.0267647 -0.164227 -0.153933
v -0.0648273 0.261583 -0.0765547
v -0.00761751 -0.156515 -0.151975
v -0.0200013 -0.403073 -0.0610995
v 0.070166 0.269727 -0.0737025
v 0.0703382 -0.157585 -0.154626
v 0.00222911 -0.155292 -0.151782
v 0.0820757 -0.150187 -0.151164
v 0.0727733 0.292712 -0.073015
v 0.0785084 -0.13314 -0.155337
v -0.0747122 -0.121497 -0.155782
v -0.199407 0.0992996 -0.0358884
v -0.0665226 -0.100523 -0.152154
v 0.140922 -0.127967 -0.0088826
v 0.0313365 0.209262 -0.0994369
v -0.00874093 -0.120205 -0.156723
v -0.0111417 -0.0927295 -0.151958
v 0.00541017 -0.0854475 -0.14939
v 0.0036544 -0.112081 -0.155312
v -0.0246002 -0.0889827 -0.151929
v -0.0155234 0.201313 -0.102997
v 0.0227175 -0.0933544 -0.153931
v 0.0431986 -0.0908953 -0.153006
v 0.0652043 0.263101 -0.0789815
v 0.0330045 -0.165604 -0.154562
v 0.0781956 0.354661 -0.0718736
v 0.0525992 -0.162238 -0.15712
v -0.0774781 0.327007 -0.0633766
v -0.0339323 -0.149014 -0.160712
v 0.0304542 -0.13911 -0.161953
v -0.00754916 -0.138897 -0.156605
v 0.0130006 -0.147473 -0.156059
v 0.059273 -0.144538 -0.161306
v -0.0604065 -0.139135 -0.161338
v -0.0800656 0.34041 -0.0584207
v 0.00193932 -0.140048 -0.155911
v -0.0651118 0.293906 -0.0801272
v 0.0673714 -0.144475 -0.159234
v -0.0106102 -0.128464 -0.157661
v 0.0155252 -0.134967 -0.158762
v -0.0628992 -0.131743 -0.161082
v 0.00494092 -0.125406 -0.156715
v 0.0668382 -0.185303 -0.136254
v 0.0625331 -0.129399 -0.161215
v -0.0578998 -0.11538 -0.159832
v -0.028738 -0.110033 -0.159197
v 0.0695639 0.329832 -0.0818891
v 0.0250051 -0.119405 -0.160716
v 0.0532548 -0.113208 -0.160516
v 0.0275277 -0.11048 -0.159556
v 0.0748851 0.211973 -0.0622889
v 0.0725553 0.384576 -0.0878959
v 0.0465833 -0.106007 -0.158989
v -0.0422769 -0.143087 -0.162427
v 0.0416791 -0.147796 -0.161954
v -0.0458248 -0.134641 -0.16326
v 0.0460316 -0.140769 -0.163146
v -0.0651912 0.304621 -0.0811216
v -0.0752768 0.367996 -0.0753351
v 0.0575155 -0.135936 -0.162714
v -0.135991 -0.124473 0.00260941
v -0.0259585 -0.119465 -0.160764
v -0.0403936 -0.295917 -0.0834748
v -0.0711368 0.364604 -0.0824124
v -0.0488635 -0.113914 -0.16063
v -0.0366397 -0.107917 -0.159486
v -0.0221221 0.207954 -0.101527
v 0.0869125 -0.498944 -0.0630989
v 0.109881 -0.0677091 0.0545906
v 0.113626 -0.0751048 0.0518323
v -0.0852557 -0.0664521 0.080137
v -0.0575561 -0.0288012 0.0885144
v 0.0390761 -0.266106 -0.0812097
v -0.0126271 -0.328287 -0.0324963
v 0.24743 0.0838262 0.148622
v 0.249014 0.0786356 0.153308
v 0.207978 0.0849463 0.118809
v 0.0392175 -0.0262289 0.0969901
v 0.0328993 0.488858 -0.0739588
v -0.23083 0.0708145 0.152347
v -0.044182 -0.0260736 0.0942267
v -0.0069003 -0.0390591 0.106652
v 0.215486 0.060259 -0.0510914
v -0.0740451 0.403614 -0.0848405
v 0.229128 0.0817002 0.145366
v 0.0155864 -0.385072 -0.0445664
v 0.140913 0.0323153 -0.0520961
v -0.212151 0.078735 0.150089
v -0.0542325 0.177811 0.0793447
v -0.0685922 0.210322 -0.0686751
v 0.253998 0.0812928 0.148734
v -0.25425 0.0794078 0.151295
v -0.006749 -0.0221689 0.101857
v -0.253782 0.0845575 0.145685
v -0.229118 0.0775519 0.151144
v 0.00686363 -0.0322268 0.104834
v 0.224415 0.0822505 0.150585
v 0.217981 0.084988 0.148755
v 0.0210861 0.198889 -0.102302
v 0.125427 -0.277505 -0.0726602
v 0.0647873 -0.0662036 0.0966029
v -0.0799045 0.381328 -0.0660676
v -0.247407 0.0879717 0.144187
v -0.225038 0.0825945 0.149139
v 0.0418443 -0.059882 0.105332
v -0.225828 0.0610907 0.147125
v -0.219879 0.0607417 0.146426
v 0.049978 -0.0656611 0.10368
v 0.226788 0.0638348 0.14436
v 0.130786 -0.401106 -0.0734562
v 0.0107772 -0.017026 -0.13242
v -0.253474 0.0675384 0.13985
v 0.0289799 -0.390606 -0.0709787
v 0.0375397 -0.0118624 -0.125493
v 0.044446 -0.0186355 -0.124925
v -0.188562 0.0853577 -0.0650166
v -0.213831 0.0650098 0.143773
v 0.104589 -0.0301233 -0.0773326
v 0.210921 0.069926 0.142038
v 0.230636 0.067549 0.151138
v 0.136785 -0.304642 -0.0603497
v 0.239773 0.073685 0.149555
v -0.00629682 0.341154 -0.118738
v -0.239554 0.0706034 0.143844
v 0.0182734 0.174019 -0.102513
v -0.229904 0.0662702 0.146047
v -0.209148 0.0723164 0.147274
v 0.11594 -0.471063 -0.082246
v 0.209288 0.0785031 0.142557
v 0.0108055 0.170604 -0.10363
v 0.230224 0.0762751 0.150251
v 0.017604 0.122624 -0.101838
v 0.267167 0.0722991 0.13802
v -0.209633 0.0787443 0.143411
v 0.109795 -0.426895 -0.0871644
v 0.139681 -0.364518 -0.0596727
v 0.0809354 0.441127 -0.058558
v 0.0940317 0.101289 -0.0823397
v -0.258556 0.0792176 0.145325
v -0.238162 0.0819661 0.141304
v 0.241733 0.0831407 0.144676
v -0.241585 0.0874789 0.140396
v 0.0282032 0.116769 -0.0988928
v 0.08445 0.427604 -0.055344
v -0.036444 0.126612 -0.094666
v 0.0492451 0.135741 -0.088709
v -0.137744 -0.338707 -0.0580973
v -0.262649 0.0674937 0.132138
v -0.065091 -0.335146 -0.0945872
v -0.245067 0.0652693 0.140842
v -0.093032 -0.357233 -0.094243
v -0.103317 -0.00431735 -0.0589714
v 0.252041 0.0660806 0.140618
v -0.262076 0.0736001 0.131432
v 0.0747473 0.377432 -0.0826067
v -0.109179 -0.0282486 -0.0628785
v -0.0298114 -0.35053 -0.0740772
v -0.26497 0.0725788 0.135765
v 0.033606 -0.370088 -0.0762874
v 0.0664493 0.190262 -0.0739266
v -0.123003 -0.0781562 -0.0600002
v -0.258924 0.0727824 0.142998
v 0.0146285 -0.464469 -0.0476737
v -0.0219991 0.14406 -0.100558
v 0.257835 0.0738453 0.139549
v -0.014757 -0.14836 -0.156339
v 0.278653 0.0768636 0.130509
v -0.259335 0.0779309 0.139768
v -0.230608 0.0828557 0.139876
v 0.0575899 0.478175 -0.0509895
v -0.0241245 0.198619 -0.100864
v 0.259052 0.0808041 0.135537
v -0.0267815 0.152311 -0.099128
v -0.227444 0.0882749 0.138081
v -0.215766 0.0890333 0.140182
v -0.0150973 -0.327079 -0.0482503
v -0.0816222 0.337606 -0.0523713
v 0.222297 0.0894988 0.140183
v 0.00542741 0.116569 -0.103247
v 0.256445 0.0876177 0.138248
v -0.0760522 0.218299 -0.055683
v 0.0243453 0.153147 -0.100703
v 0.083944 0.177084 -0.0401296
v -0.130112 -0.149465 -0.0664633
v 0.218263 0.0880645 0.144
v -0.0126852 -0.323793 -0.0251754
v 0.241723 0.0877845 0.139769
v 0.142007 -0.280029 -0.0246188
v 0.0859029 0.340288 -0.0257985
v -0.131593 -0.167925 -0.0626625
v 0.029205 0.0908735 -0.100071
v 0.270724 0.0610925 0.127076
v -0.0821878 0.33341 -0.0147179
v 0.179986 0.0600429 0.123098
v 0.234869 0.0700359 0.13191
v 0.0146706 -0.345176 -0.0308992
v 0.232389 0.0642703 0.127491
v 0.239802 0.0646084 0.128815
v 0.246394 0.0664621 0.130577
v -0.105048 -0.41815 -0.0892975
v 0.0170548 -0.346145 -0.0129623
v 0.2152 0.0697517 0.133647
v -0.141735 -0.313676 -0.0185994
v -0.0114323 -0.39126 -0.0227744
v 0.084496 0.329777 -0.014195
v 0.0156208 -0.310411 -0.0424838
v -0.280171 0.0759507 0.126414
v -0.141677 -0.339678 -0.0130064
v -0.211224 0.0739721 0.131073
v 0.0876787 0.16064 -0.0463828
v -0.0326067 -0.279264 -0.0764608
v 0.139441 -0.127208 -0.000598169
v -0.126886 -0.27052 -0.0674413
v -0.0129884 -0.313845 -0.0388896
v -0.258211 0.0837406 0.140087
v 0.273842 0.0820626 0.126318
v -0.0157352 -0.330393 -0.0105807
v 0.275508 0.0838969 0.119012
v -0.257551 0.0875685 0.133767
v -0.252262 0.092569 0.133335
v -0.0835981 0.221472 -0.0134571
v 0.129984 -0.068152 -0.00108652
v -0.114574 -0.0291076 0.0160116
v -0.239777 0.093631 0.127925
v -0.245878 0.0945749 0.131445
v -0.137815 -0.40795 0.00791169
v -0.221804 0.0921778 0.136032
v -0.0836786 0.244063 -0.0161243
v 0.212871 0.0910681 0.131397
v 0.136249 -0.271269 -0.0548889
v 0.218537 0.0947398 0.126833
v 0.0924033 0.289701 -0.0275719
v -0.196591 0.045155 0.122761
v -0.193926 0.04432 0.117172
v 0.14513 -0.319154 -0.0295928
v -0.182122 0.0436172 0.124274
v 0.167974 0.120431 -0.0352793
v 0.0643279 -0.397997 0.0389571
v 0.180674 0.0452078 0.124232
v -0.10792 -0.404839 0.0351791
v -0.108525 -0.0624518 0.0508656
v 0.193544 0.0432929 0.122131
v -0.0745418 -0.0355961 0.0794465
v -0.201128 0.0508464 0.122092
v -0.199878 0.0560875 0.126347
v 0.201231 0.0529223 0.121809
v -0.0173178 0.0790983 -0.10403
v -0.13288 -0.302644 -0.0635442
v 0.147407 -0.374806 -0.0334461
v 0.118709 -0.400325 -0.0835657
v 0.197827 0.0592801 0.127029
v 0.0307191 -0.0323032 0.101221
v -0.273775 0.0640246 0.121401
v -0.0374371 -0.0209777 0.095203
v -0.24845 0.0627242 0.125074
v -0.248046 0.0566835 0.120558
v -0.23495 0.0626057 0.127332
v -0.22904 0.0671418 0.129502
v -0.234194 0.0561364 0.121924
v -0.222249 0.0670336 0.12818
v -0.195201 0.0606033 0.129137
v -0.0751783 -0.0758566 0.0909248
v -0.178558 0.0574229 0.121586
v -0.0134716 -0.0311496 0.103753
v 0.143904 -0.1477 -0.0278864
v 0.146774 -0.479404 -0.00654359
v 0.00158337 -0.039006 0.106932
v 0.0317553 -0.489924 -0.0187798
v -0.141403 -0.320224 -0.0154911
v 0.0174634 -0.0416401 0.106562
v -0.218859 0.0647516 0.121715
v 0.0373753 -0.0814922 0.111839
v -0.0327295 -0.29729 -0.0771058
v 0.0158983 -0.308002 -0.016619
v -0.184281 0.0640469 0.123312
v 0.00600251 -0.033666 -0.137243
v 0.22526 0.065686 0.126644
v 0.0749867 0.438329 -0.0129426
v 0.272738 0.063918 0.120783
v 0.278494 0.0737167 0.114556
v -0.279504 0.0688127 0.122944
v -0.0217153 -0.294732 -0.0636233
v -0.0218339 0.0869357 -0.102166
v 0.0198147 -0.306698 -0.0558685
v 0.090911 0.29845 -0.0231357
v -0.0304845 0.086769 -0.0993064
v 0.0250295 0.19228 -0.101083
v -0.273064 0.0842178 0.121928
v -0.261863 0.0785334 0.129796
v -0.0222216 0.120477 -0.100114
v 0.0336739 0.193354 -0.0979966
v -0.232008 0.00577723 -0.0085899
v -0.214935 0.092052 0.132722
v 0.0298285 0.184597 -0.0992915
v -0.138826 -0.136017 -0.00262169
v 0.243366 0.0954537 0.128387
v -0.109016 -0.391555 -0.0885659
v 0.250685 0.095903 0.127146
v -0.011288 -0.0999164 0.118026
v -0.0263996 -0.0952024 0.115776
v -0.0206291 -0.114941 0.115481
v -0.00366191 -0.106037 0.118122
v -0.00945937 -0.0901228 0.117957
v 0.00535335 -0.102846 0.118516
v 0.00310123 -0.111883 0.117688
v 0.0234709 -0.0998326 0.116808
v 0.0146222 -0.10091 0.118082
v 0.0201471 -0.108191 0.11678
v -0.108384 -0.00183227 -0.0404658
v 0.008415 -0.0920927 0.118479
v -0.0190879 -0.349478 -0.0582044
v -0.00796048 -0.0811622 0.116423
v -0.0067926 -0.073831 0.114838
v -0.21947 0.0945812 0.076963
v 0.0702818 0.391738 -0.0925374
v -0.234023 0.0486669 0.1177
v -0.24125 0.0523055 0.119889
v -0.23422 0.0417498 0.112994
v -0.0346548 0.0948005 -0.0966474
v -0.178961 0.0512065 0.117341
v 0.237757 0.057167 0.122968
v 0.139803 -0.188291 -0.00416313
v 0.143066 -0.352474 -0.00952726
v -0.254663 0.0548099 0.116571
v 0.136984 -0.304937 -0.00106562
v -0.247983 0.049826 0.116303
v -0.22674 0.0530437 0.118556
v -0.226767 0.0453968 0.114135
v 0.230596 0.0511756 0.118822
v 0.247552 0.0534052 0.119176
v -0.0340501 -0.398056 -0.0782056
v 0.0750874 0.392907 -0.0851285
v -0.219867 0.0577475 0.117985
v -0.213619 0.0552531 0.113434
v 0.172489 0.114798 -0.0486108
v -0.1006 -0.0224274 -0.076197
v 0.221041 0.0620613 0.12125
v 0.216602 0.0585301 0.115824
v 0.261206 0.0617608 0.117021
v 0.11803 -0.056811 -0.0658224
v -0.196448 0.0674509 0.118375
v 0.181887 0.062897 0.116649
v -0.00646873 -0.464196 -0.0173759
v 0.0359886 0.0776962 -0.0989924
v -0.193792 0.0712989 0.11244
v 0.213043 0.0725174 0.12036
v -0.00797514 -0.176988 -0.139564
v 0.0860323 0.245444 -0.0264929
v -0.0141377 -0.360983 -0.016643
v 0.209572 0.0793622 0.12978
v -0.134779 -0.353802 -0.0644304
v 0.267586 0.0852368 0.121014
v -0.210292 0.0889565 0.127285
v 0.0847592 0.346606 -0.0182921
v 0.208659 0.0852179 0.127085
v -0.0828909 0.261543 -0.0101665
v 0.265404 0.0888259 0.113929
v 0.133169 -0.272925 0.00244956
v 0.27135 0.0869493 0.115266
v 0.139708 -0.32548 -0.00399668
v -0.225936 0.0948339 0.12349
v 0.0726067 0.400556 0.0030051
v -0.233297 0.0923087 0.124718
v -0.0815405 0.246001 -0.00148434
v 0.217172 0.0963437 0.11859
v 0.22585 0.0927577 0.129219
v 0.231698 0.0920883 0.124655
v 0.0397602 0.0980166 -0.09492
v 0.256604 0.0908774 0.125857
v -0.137909 -0.393588 0.00521353
v -0.252877 0.0963001 0.120268
v 0.0358284 0.0926576 -0.0973443
v -0.0711709 0.283605 0.0197843
v -0.238629 0.0964395 0.120777
v -0.204719 0.095806 -0.0307082
v -0.134581 -0.371776 -0.0657337
v -0.0408573 -0.476772 0.111052
v 0.183789 0.0960192 0.00640705
v 0.120874 -0.0559665 0.0260995
v 0.0346727 -0.470543 0.110549
v 0.0409141 -0.475966 0.111527
v 0.00988519 -0.132671 0.11261
v -0.00441687 -0.124761 0.114876
v -0.00344987 -0.141186 0.109633
v -0.0279021 -0.120616 0.112818
v -0.0261953 -0.129823 0.1107
v -0.00848568 -0.133535 0.112148
v -0.132007 -0.387972 -0.0696018
v 0.0188637 -0.131539 0.111982
v 0.0151573 -0.139975 0.109548
v -0.0617793 0.227016 -0.0777769
v -0.0349081 -0.116979 0.111606
v 0.00151396 -0.119109 0.116367
v -0.012397 -0.1194 0.115616
v 0.0305392 -0.121641 0.112448
v -0.10366 -0.380782 0.0337598
v 0.0336972 -0.113574 0.113238
v 0.0355178 -0.127756 0.109704
v -0.0383571 -0.109319 0.111896
v -0.0424472 -0.117483 0.109259
v 0.00862203 -0.117946 0.116376
v -0.0323526 -0.10153 0.114367
v -0.0432526 -0.0989822 0.111267
v 0.0417741 -0.11217 0.111134
v 0.0369071 -0.105433 0.113457
v -0.217066 0.00789829 0.0570711
v -0.208158 0.0854545 0.00771092
v 0.0223427 -0.0863859 0.116246
v 0.0400537 -0.0972247 0.113079
v -0.0875225 -0.0602663 0.0762274
v -0.0308436 -0.080893 0.112686
v -0.0664805 -0.017511 0.0791075
v 0.0480848 -0.0959981 0.110436
v 0.0429811 -0.0890042 0.111522
v 0.225375 0.0800048 -0.000338333
v 0.139308 -0.400394 -0.0615354
v 0.0231248 -0.402162 -0.0629754
v 0.0191537 -0.0645045 0.111759
v 0.0262973 -0.0157562 0.0974039
v 0.0204858 -0.372551 -0.0574029
v -0.0268927 -0.0632174 0.109609
v 0.0163063 -0.402126 -0.0489376
v 0.0231897 -0.0573464 0.109541
v -0.0143795 -0.415891 -0.049719
v -0.0302046 -0.405235 -0.0746595
v -0.0335191 -0.131838 -0.162586
v -0.240684 0.0727354 0.0123784
v 0.135979 -0.180949 0.0111107
v 0.013354 -0.0680945 0.113345
v 0.109309 -0.0675486 -0.0872049
v -0.247874 0.0430449 0.111958
v 0.141109 -0.435382 -0.0564761
v -0.241143 0.038869 0.110358
v -0.227712 0.0386806 0.108621
v 0.0513889 0.212529 0.0541588
v 0.0500315 -0.0488984 0.0996236
v 0.187599 0.0462602 0.111492
v 0.0201922 -0.0197344 0.0999461
v 0.226015 0.0410746 0.110655
v 0.231753 0.0434842 0.114294
v 0.239231 0.0399422 0.111531
v 0.0828779 0.386832 -0.0643227
v -0.219742 0.0430481 0.108584
v 0.0746565 0.200646 0.0584896
v 0.181497 0.052644 0.110511
v -0.0980435 -0.33605 -0.0928874
v -0.0766376 0.235611 -0.0552654
v 0.218725 0.0432046 0.108062
v 0.217436 0.0510881 0.11298
v 0.21199 0.0490843 0.107695
v -0.01083 0.187026 -0.103616
v 0.0138878 -0.483503 -0.000560002
v 0.257515 0.0532561 0.113069
v 0.258527 0.0439812 0.105491
v -0.137725 -0.186215 -0.00299882
v 0.0179129 0.108015 -0.101561
v 0.0556219 0.208489 0.0596957
v -0.0814365 0.0989587 -0.0817723
v 0.187763 0.070002 0.106921
v 0.0287317 0.145328 -0.0991168
v 0.049857 0.0538667 -0.096481
v -0.276727 0.0826638 0.107966
v -0.0973829 -0.350525 -0.0931831
v -0.208306 0.0837952 0.119618
v 0.131021 0.0917495 0.0105563
v -0.0828069 0.194994 -0.00510104
v 0.275666 0.0845258 0.104842
v 0.128985 0.135977 -0.0546416
v -0.118448 0.139215 -0.0560972
v 0.0821703 0.216811 0.00578955
v 0.263877 0.0906964 0.106698
v 0.149495 0.123145 -0.0592947
v -0.257067 0.0939314 0.112182
v -0.215639 0.0960251 0.114508
v 0.13382 -0.36389 0.00995987
v 0.22514 0.0958146 0.122116
v -0.223533 0.097917 0.116177
v -0.11998 -0.340643 -0.0809123
v 0.231983 0.0955606 0.117757
v -0.00172674 -0.0360921 -0.137947
v 0.145323 -0.353847 -0.0180444
v 0.239203 0.0983834 0.115805
v -0.11359 -0.340732 -0.0857707
v 0.0417836 0.0370303 -0.105147
v -0.0224867 0.217128 0.109196
v -0.0119936 0.226212 0.115168
v -0.0296798 0.026188 -0.112736
v 0.0396805 -0.351091 -0.0816206
v -0.100048 0.104831 -0.0815467
v 0.131218 0.0958542 -0.0816386
v 0.072034 0.247941 0.0261785
v 0.141477 -0.285626 -0.0166991
v -0.154532 0.091811 0.0121369
v 0.0175016 0.225861 0.115151
v 0.0402087 0.229024 0.111652
v 0.0159381 0.153241 -0.102687
v -0.042722 0.23201 0.110038
v -0.0453472 0.223161 0.108529
v -0.0365807 -0.364593 -0.0806877
v -0.152257 0.125233 -0.0526224
v 0.0122629 0.231204 0.115734
v 0.124235 -0.207007 0.0213553
v 0.0224203 0.23287 0.114886
v 0.0332806 0.237434 0.111764
v 0.0477727 0.230501 0.109383
v 0.0280993 0.160961 -0.0995595
v -0.0296574 0.240349 0.110489
v 0.135832 -0.24213 -0.00687965
v -0.0135987 0.234491 0.114594
v 0.136804 -0.295331 -0.00174584
v 0.0146822 0.240442 0.112617
v 0.0967001 0.0925166 -0.0822402
v 0.0387048 0.244816 0.106468
v 0.0517867 0.235974 0.105312
v 0.0241742 0.24291 0.110688
v 0.0789761 0.097086 -0.0827202
v -0.0447856 -0.490124 0.102128
v 0.0725665 0.0908567 -0.0832832
v 0.0726943 0.367493 -0.0841221
v -0.0318796 -0.487303 0.104637
v -0.0941727 -0.0110995 -0.0804162
v 0.0300565 -0.486316 0.103999
v -0.0508103 0.0508213 -0.0953245
v -0.0335942 -0.358011 -0.0779255
v 0.0384662 -0.491391 0.101524
v -0.0882096 -0.472399 0.104432
v 0.135195 -0.121775 -0.0517442
v -0.104905 -0.0367319 -0.076494
v -0.0478637 -0.478096 0.10866
v 0.123913 -0.0838107 -0.0668598
v -0.026855 -0.471246 0.107918
v 0.07559 0.244408 0.0196868
v 0.0555992 -0.478436 0.104761
v 0.137308 -0.191152 -0.0490546
v 0.0943938 -0.477333 0.103354
v 0.0551331 0.045317 -0.0954675
v 0.132214 -0.180215 -0.0629041
v -0.051142 -0.470439 0.106947
v -0.0234782 -0.463735 0.103071
v 0.0219808 -0.470903 0.100812
v 0.0573155 -0.469412 0.104003
v 0.0937571 -0.469717 0.102066
v 0.0194449 -0.396259 -0.0562496
v 0.033238 -0.462807 0.107429
v -0.129782 -0.203023 -0.0585406
v 0.0639046 0.225016 -0.0779668
v 0.0641174 -0.466602 0.0987887
v -0.133639 -0.179875 -0.0556297
v 0.0332399 -0.455722 0.100279
v -0.129174 -0.257554 -0.061871
v 0.00195371 -0.148053 0.106862
v -0.126648 -0.237609 -0.0627007
v 0.0106313 -0.147712 0.106684
v 0.00631221 -0.153522 0.104119
v -0.0233687 -0.13864 0.108245
v -0.0374704 -0.143056 0.103045
v -0.130739 -0.384263 0.0145519
v 0.0209633 -0.14822 0.10534
v 0.0311982 -0.144302 0.104919
v 0.137006 0.136383 -0.0376411
v 0.130032 -0.253251 -0.0629843
v 0.0397944 -0.132609 0.106806
v 0.0465118 -0.132939 0.104621
v 0.0405946 -0.140289 0.103733
v -0.0474575 -0.125747 0.105478
v -0.0493055 -0.134159 0.101934
v 0.0498882 -0.140102 0.100605
v -0.0497927 -0.116944 0.106503
v -0.138767 -0.267288 -0.0205359
v 0.0464002 -0.11879 0.108474
v -0.0554638 -0.111377 0.105028
v -0.0559975 -0.120506 0.103
v 0.0497248 -0.110853 0.108588
v -0.0532199 -0.102019 0.106808
v 0.0574757 -0.109511 0.105383
v 0.0529103 -0.102791 0.10826
v -0.05166 -0.0922865 0.107839
v -0.0672471 -0.0977082 0.0999475
v 0.0557645 -0.0947337 0.107223
v -0.0507002 -0.0831365 0.106684
v 0.0713452 0.244145 -0.0696955
v 0.0578243 -0.0869226 0.105198
v -0.0436532 -0.0789472 0.10844
v -0.0578621 -0.0867498 0.104202
v 0.0677358 0.219532 -0.0730556
v 0.122479 -0.215905 0.0204692
v -0.0833216 0.325995 -0.0215898
v 0.038704 -0.0447824 0.102816
v 0.110612 -0.338726 -0.0883441
v -0.136389 -0.289614 -0.0543249
v -0.0238574 -0.04525 0.10613
v -0.0533929 0.0324693 -0.0986573
v -0.011992 -0.402737 -0.0134155
v -0.0366399 -0.0439617 0.102353
v -0.0555359 0.023943 -0.101107
v -0.0838083 0.234791 -0.01709
v 0.0131155 -0.0254681 0.102426
v -0.24024 0.0332888 0.1032
v -0.230648 0.0329635 0.10256
v 0.224613 0.0366361 0.105204
v 0.238429 0.0343418 0.105214
v -0.253233 0.0419466 0.10786
v -0.0417104 -0.323364 -0.0847445
v 0.0208495 -0.339524 -0.0579456
v 0.0882532 -0.0307158 -0.0992037
v -0.0142756 -0.299754 -0.0455034
v -0.213275 0.0490026 0.108368
v -0.0732909 -0.184217 0.0649379
v 0.137522 -0.229175 -0.0135991
v -0.198073 0.0469055 0.104455
v -0.0169732 -0.312431 -0.0537043
v -0.18282 0.0496808 0.112043
v 0.193215 0.047554 0.105521
v 0.0101589 0.348644 -0.119845
v -0.11779 -0.302236 -0.0808035
v -0.260649 0.0535036 0.110741
v -0.265638 0.0529516 0.103503
v 0.0857912 0.205612 -0.0100222
v 0.138749 -0.225301 -0.020766
v 0.265073 0.052062 0.104398
v -0.0202339 -0.337295 -4.65875e-05
v 0.143247 -0.354525 -0.0503696
v -0.275892 0.0749087 0.102445
v 0.0206521 -0.391013 0.00266641
v -0.014196 -0.353699 -0.0164536
v -0.19268 0.0734785 0.105192
v -0.138032 -0.377371 -0.0601391
v 0.269542 0.0600934 0.102037
v 0.0713826 0.376998 0.00995316
v -0.108817 -0.322031 -0.0879662
v -0.0857521 -0.0252699 -0.0972139
v 0.0371812 -0.294171 -0.0790099
v -0.0782034 -0.0034228 -0.0959036
v 0.0760682 0.295035 0.0141594
v -0.0474864 0.00612018 -0.11383
v -0.253305 0.097433 0.103686
v -0.224713 0.0235154 0.0868815
v -0.245075 0.0996853 0.116717
v -0.0126014 -0.410096 -0.0438289
v -0.226012 0.0994514 0.101233
v 0.124177 -0.336995 0.017995
v -0.0697927 0.260556 0.0243218
v 0.239187 0.100747 0.102356
v -0.0177891 0.220966 0.112782
v -0.00759576 0.213985 0.103854
v 0.0077541 0.218188 0.110908
v -0.0430957 -0.000266682 -0.118583
v -0.11194 -0.291468 0.0238076
v 0.135147 -0.354991 0.00706806
v 0.127046 -0.0797129 0.0240857
v -0.0394756 0.217218 0.105918
v 0.0370305 0.220049 0.109655
v 0.0538503 0.227133 0.105827
v -0.0463502 -0.321935 0.0266974
v 0.0758047 -0.181947 -0.1349
v 0.0594425 0.232966 0.100947
v -0.047105 0.238677 0.105362
v -0.138272 -0.419846 -0.0595832
v -0.0343848 0.247133 0.105539
v -0.0535243 -0.303353 -0.0904997
v -0.0929354 -0.0614743 -0.10321
v -0.0155201 0.242058 0.11142
v -0.133809 -0.296328 0.000341621
v 0.0312286 0.245703 0.108101
v 0.0472619 0.243842 0.103074
v 0.0338927 0.251834 0.103993
v 0.115934 -0.280274 -0.0814566
v 0.069016 0.252877 0.032459
v -0.0183516 0.248753 0.107983
v -0.0180843 -0.332354 -0.00441035
v -0.114965 -0.0727238 0.0439929
v 0.0173449 0.249116 0.108315
v -0.0415932 -0.493831 0.096719
v -0.0869606 -0.0469303 -0.104263
v 0.0983948 -0.0763759 -0.107996
v 0.0192095 0.333531 -0.115997
v -0.0731809 -0.481998 0.101962
v -0.0748851 -0.488947 0.0973897
v 0.083379 -0.488684 0.0998428
v 0.0806347 -0.481334 0.104424
v 0.0750435 -0.486137 0.0991796
v -0.1379 -0.199326 -0.0146191
v 0.0895421 -0.483351 0.103452
v 0.0831766 0.236177 -0.0436172
v -0.0634285 -0.0344467 0.08696
v -0.0728847 -0.472386 0.103139
v -0.0502402 -0.485141 0.103818
v -0.0505233 -0.490863 0.0958408
v 0.0446429 -0.015616 0.0918144
v 0.0524067 -0.486483 0.102519
v 0.038897 -0.0369988 0.100363
v -0.0368824 -0.0370827 0.100244
v -0.0501365 -0.0396541 0.0958493
v -0.13777 -0.352007 -0.00104314
v 0.0192095 -0.476626 0.0957969
v 0.0724893 -0.478311 0.102206
v -0.0952063 -0.472776 0.10051
v -0.00898293 -0.047177 0.108771
v 0.0803334 0.199081 -0.0507381
v -0.0742839 -0.463712 0.099064
v 0.00446877 -0.0467677 0.108953
v 0.017634 -0.473997 0.0861949
v -0.139885 -0.187454 -0.0246357
v 0.0774044 -0.465559 0.1013
v -0.073027 0.187551 -0.0612173
v 0.058434 -0.0790344 0.103046
v 0.188413 0.0140197 0.0390257
v -0.100437 -0.0745198 -0.100834
v -0.124665 -0.283623 -0.0719392
v -0.102666 -0.082334 -0.103969
v 0.00918675 0.108745 -0.102957
v 0.0511713 -0.0749034 0.105354
v -0.0302007 -0.457722 0.102755
v -0.0492841 -0.493634 -0.0396357
v 0.033774 -0.451279 0.0916852
v -0.0173413 0.111069 -0.101349
v 0.0136396 0.200962 -0.103722
v -0.00820804 0.110346 -0.102712
v 0.120739 -0.205849 -0.074481
v 0.0490311 -0.451739 0.0928903
v -0.00300518 -0.162722 0.0990093
v -0.0174733 -0.158721 0.100079
v -0.00550983 -0.169754 0.0941768
v 0.0789973 0.0240089 0.0518518
v 0.0813837 0.0136566 0.0530166
v -0.0312592 -0.158446 0.0971327
v 0.0135035 -0.155236 0.102814
v -0.140472 0.130827 -0.0541965
v -0.0465306 -0.142433 0.0999964
v -0.0408414 -0.148598 0.0992014
v -0.105695 -0.0801962 -0.0962481
v -0.0555615 -0.129476 0.100669
v -0.053744 -0.146281 0.0949208
v -0.0170191 0.336539 0.0567971
v 0.0583981 -0.139216 0.0967701
v -0.0629241 -0.124586 0.098381
v -0.0363913 0.227888 0.067741
v 0.0650498 -0.108137 0.101747
v 0.069226 -0.114705 0.0982104
v -0.141202 0.093299 -0.0810098
v -0.0651206 -0.0890044 0.100892
v 0.0869012 0.171988 -0.0180377
v -0.0473889 -0.496138 -0.0491244
v -0.0744076 -0.0998669 0.0953776
v 0.0681089 -0.100048 0.100861
v -0.121087 -0.143089 -0.0885279
v -0.158488 0.121717 -0.0525765
v 0.118257 -0.112565 -0.0942343
v -0.0493988 -0.0481424 0.0986861
v -0.268158 0.0482868 0.0482073
v -0.0304743 -0.0242956 0.0984621
v -0.0230239 -0.0274505 0.101182
v -0.187963 0.104665 -0.0467149
v 0.110428 -0.0436452 -0.0744626
v 0.000594972 0.109538 -0.103229
v -0.0982969 -0.129672 0.0678113
v -0.0313886 0.11871 -0.0969399
v 0.192901 0.0158164 -0.0442938
v -0.0590466 0.183042 -0.0791108
v 0.0177403 -0.121243 -0.159209
v -0.0320224 0.00122698 0.0898064
v -0.108255 -0.0501879 -0.0777932
v -0.0231828 -0.000981041 0.0930184
v -0.242847 0.0295624 0.0965253
v -0.241171 0.0253181 0.0904564
v -0.235408 0.0282282 0.0964606
v -0.248437 0.0331172 0.0994768
v -0.255098 0.0341136 0.094594
v -0.0338447 0.0014095 -0.121382
v 0.0278516 0.0339126 0.0796057
v -0.225055 0.0285593 0.0944448
v -0.103507 -0.0511521 -0.0858432
v 0.238071 0.0296812 0.0980859
v 0.245278 0.0327793 0.101057
v 0.251461 0.0333558 0.0972173
v -0.214903 0.0335236 0.093846
v 0.111584 -0.0942364 -0.101103
v -0.0484842 -0.446831 0.0786799
v 0.0546693 -0.493209 -0.0366221
v 0.211578 0.0434305 0.101645
v -0.194028 0.0498485 0.097536
v 0.0392793 0.203675 0.0871622
v 0.00502995 0.332019 0.0889758
v 0.191487 0.0510129 0.098492
v 0.191043 0.0674743 0.0913274
v -0.269691 0.0603948 0.100889
v 0.10114 -0.495351 -0.0561236
v 0.064167 -0.081061 -0.141681
v -0.184051 0.0622223 0.102075
v 0.0130987 0.382708 -0.126256
v 0.107613 -0.0844301 -0.100376
v 0.271986 0.0620379 0.0934417
v -0.135417 0.0306528 -0.0436859
v 0.276256 0.0770388 0.101888
v -0.198792 0.0774239 0.103254
v 0.141034 -0.191163 -0.0124771
v -0.209669 0.0903935 0.112844
v -0.106333 -0.00342161 -0.0499092
v 0.268001 0.0885476 0.0928661
v -0.0686656 -0.0325579 -0.114791
v 0.258047 0.0939531 0.105554
v 0.253399 0.097384 0.101225
v -0.222483 0.0994559 0.0916718
v -0.236009 0.0998727 0.102531
v 0.0293688 -0.0380693 -0.135202
v 0.223779 0.0989965 0.104799
v 0.0355359 -0.0206955 -0.128707
v 0.107104 0.00345582 -0.046199
v 0.246859 0.100382 0.105567
v 0.222737 0.0990275 0.0960184
v -0.0155365 0.180822 0.100374
v -0.0158972 0.17483 0.0948066
v 0.00606472 0.175393 0.0959868
v 0.248912 0.0437045 0.112268
v -0.136297 -0.324841 -0.000982903
v -0.0013509 0.495742 -0.0724713
v -0.0214835 -0.0120108 -0.129326
v -0.0228409 0.185676 0.101752
v -0.188911 0.042123 0.121778
v 0.0125969 0.181686 0.101415
v -0.27784 0.080194 0.122556
v 0.0300582 0.188595 0.101124
v -0.142185 -0.435693 -0.049719
v -0.109419 -0.0953409 -0.103757
v -0.00182414 0.363621 -0.123108
v -0.0142713 0.189007 0.10393
v -0.000116946 0.187711 0.103895
v 0.0266928 -0.342756 0.00743925
v 0.0132714 0.18955 0.103618
v 0.00904925 -0.00311266 -0.128418
v -0.0237366 -0.297115 0.006164
v 0.00213852 0.017856 -0.120816
v -0.0214979 0.194871 0.101553
v 0.0293371 -0.363174 -0.0713708
v -0.268131 0.07764 0.132808
v -0.00514165 0.3983 -0.12991
v 0.00972111 0.19489 0.102576
v -0.10183 -0.150922 -0.131176
v -0.0157522 0.0209288 -0.118186
v 0.0881546 0.000171572 -0.0855304
v -0.00603408 0.00319101 -0.126098
v -0.0421875 0.213635 0.0991512
v -0.0154763 0.213347 0.100713
v -0.0150678 -0.0262982 -0.13422
v 0.00281588 0.213826 0.103825
v -0.117725 -0.128087 -0.0987284
v 0.0124203 0.213993 0.103696
v -0.053749 0.364697 0.0492759
v -0.0428941 -0.488934 -0.00758376
v 0.0466428 0.371875 0.0509279
v -0.0586571 0.2285 0.101054
v -0.0513399 0.230395 0.106784
v 0.0217859 -0.308279 -0.000386066
v -0.091572 -0.189368 -0.110864
v -0.0550848 0.237143 0.101318
v 0.0628611 0.238198 0.093275
v 0.138952 -0.135901 -0.0471411
v -0.0960414 -0.191671 -0.103578
v 0.00662027 -0.176086 -0.140024
v -0.0347324 0.260705 0.0989093
v -0.0737839 0.0196561 -0.0879495
v 0.0369922 0.259391 0.0996049
v 0.0283841 0.258671 0.102547
v -0.0303748 0.25446 0.10287
v -0.0264907 0.262157 0.100704
v -0.0221831 0.255409 0.104689
v -0.0137377 0.255356 0.105603
v 0.0470192 -0.0377525 -0.129364
v -0.000507391 0.261379 0.103725
v 0.0113888 0.255564 0.105932
v 0.0198136 0.257363 0.104583
v 0.0224176 0.265118 0.100668
v 0.0260774 -0.484783 0.0555264
v -0.00345468 0.268477 0.0998259
v 0.0174832 0.270132 0.0982009
v -0.0246029 -0.487856 0.0434633
v -0.00476531 0.318732 0.0987991
v 0.0373557 0.374648 -0.117004
v 0.082559 0.00107245 -0.0916301
v -0.0273583 0.378889 -0.121212
v 0.0914638 -0.194664 -0.106449
v -0.0890054 -0.19654 -0.106221
v -0.0273049 0.330978 -0.112458
v -0.0825585 -0.199678 -0.108426
v 0.123784 0.0880513 -0.0822952
v 0.0835228 0.00860809 -0.0859295
v 0.0858348 -0.492764 0.0939731
v 0.138702 -0.252732 -0.0422468
v -0.0195138 -0.480289 0.0976106
v 0.0197713 -0.481958 0.0897872
v 0.126183 -0.317907 -0.0759646
v 0.139386 -0.276631 -0.0478989
v 0.11148 -0.0120573 -0.0496626
v 0.0308932 -0.00529931 -0.125565
v 0.127946 -0.300583 -0.0725799
v -0.0692754 0.0160658 -0.0943389
v 0.027058 -0.48898 0.0388436
v 0.108537 -0.479536 0.088736
v 0.032612 0.00274205 -0.12198
v 0.0188542 -0.465424 0.0866804
v 0.115713 -0.448575 0.0423728
v 0.065269 0.0531627 -0.0854653
v 0.0664634 0.0387742 -0.0880421
v -0.127147 -0.459108 0.0392149
v 0.0339062 -0.432613 0.0389123
v -0.0522519 -0.462499 0.102564
v 0.022054 -0.460189 0.0911205
v 0.104921 -0.148886 -0.128173
v 0.026756 0.327495 -0.112635
v -0.037006 -0.454618 0.101634
v 0.0084805 -0.172789 0.0920996
v -0.0138632 -0.171045 0.0923966
v 0.0150002 -0.162688 0.0984325
v 0.0647595 0.0685596 -0.0840124
v -0.0394351 -0.155477 0.0960938
v 0.0272124 -0.218708 0.0481531
v 0.0293525 0.359921 -0.11762
v -0.0275895 -0.165622 0.0936145
v 0.0228787 -0.165041 0.0956936
v 0.0358589 -0.157631 0.0967125
v 0.0452854 -0.146599 0.0996122
v 0.0424248 -0.162322 0.0917843
v -0.0167921 -0.372121 -0.0528807
v 0.0531112 -0.148482 0.0951903
v 0.0676601 -0.23399 0.0436174
v -0.0586967 -0.149484 0.0907682
v -0.0618248 -0.142242 0.0925592
v -0.14187 -0.169708 -0.0219454
v 0.0667565 -0.137206 0.0930076
v 0.0701198 -0.128985 0.094024
v 0.0743012 -0.134695 0.089198
v -0.06988 -0.120294 0.0951111
v 0.0762908 -0.113192 0.0940622
v -0.0724804 -0.0909909 0.0965198
v -0.0796135 -0.0936295 0.0917151
v 0.0752895 -0.0990348 0.0964924
v 0.0710036 -0.091647 0.0989496
v 0.0127933 -0.204814 -0.10171
v -0.0632139 -0.0423543 0.0897539
v -0.0685704 -0.0642053 0.0924135
v 0.0654693 -0.0754848 0.0986656
v 0.0794606 -0.0748199 0.0892726
v 0.0631134 -0.047624 0.0926013
v -0.066947 0.0785309 -0.0822278
v -0.0161675 0.29508 -0.110337
v 0.00398822 0.0372597 -0.113827
v -0.0930783 -0.201418 0.0480972
v -0.0132143 0.0296985 -0.115306
v 0.0218363 -0.00255296 0.0943463
v 0.0383423 0.000977747 0.088506
v -0.0955751 -0.193591 0.0500016
v 0.205253 0.0388933 0.0878706
v 0.217585 0.0371278 0.100529
v -0.0508885 0.28924 0.0465644
v 0.217124 0.0317727 0.0936131
v 0.223577 0.0271918 0.0916854
v 0.0331883 0.353005 -0.11484
v -0.029699 0.0105926 -0.119051
v 0.114092 -0.0134055 -0.0411892
v 0.108649 0.084985 -0.0810488
v -0.0391151 0.00851447 -0.116587
v -0.105942 -0.199161 0.0403259
v -0.137158 -0.11704 -0.0216101
v 0.0169116 -0.41966 -0.0514907
v -0.272004 0.0681569 0.0975489
v -0.0524583 0.0109772 -0.108949
v -0.119183 -0.139595 0.0412007
v 0.269424 0.0535353 0.0955601
v 0.185909 0.0571455 0.0989926
v 0.14324 -0.392129 -0.00213006
v 0.112179 -0.117271 0.0569102
v -0.272391 0.0684439 0.0889001
v 0.0131526 -0.00489334 0.0963516
v 0.144605 -0.422107 -0.0499044
v 0.271595 0.0560156 0.0870001
v 0.120402 -0.123786 0.0437683
v -0.0874736 -0.0756332 -0.118873
v -0.194037 0.0755813 0.0974298
v 0.200095 0.0805006 0.0937921
v 0.048812 -0.198976 -0.12288
v 0.140996 -0.407357 -0.0584077
v -0.207189 0.0875228 0.0959627
v 0.121581 -0.107845 0.0434039
v -0.028781 0.291429 -0.10617
v 0.216147 0.0954145 0.0918708
v 0.210313 0.0893643 0.0863523
v 0.209937 0.091549 0.105399
v -0.013542 0.277019 -0.108737
v -0.117355 -0.0830883 -0.0759897
v 0.118988 -0.493403 -0.0464831
v -0.0560332 -0.0623038 0.0990182
v -0.245383 0.100609 0.0985909
v -0.153283 0.0756411 -0.0800997
v 0.229088 0.100227 0.0906483
v -0.000592317 0.227009 -0.105654
v 0.246218 0.100757 0.097027
v -0.00859363 0.172453 0.0927314
v 0.0307826 0.493526 -0.0365857
v -0.120982 -0.102706 0.0405078
v 0.00863431 0.169229 0.089042
v 0.0167655 0.166838 -0.102716
v -0.126736 0.07724 -0.0810717
v -0.038895 0.180112 0.0938464
v -0.0467112 0.178415 0.087596
v -0.0232006 0.178193 0.096997
v 0.0799317 -0.213305 -0.09944
v -0.0416687 0.379428 -0.114501
v -0.0830825 0.37851 -0.0512178
v 0.0861446 0.377175 -0.0420804
v 0.0873584 0.0742573 -0.0793446
v 0.0859469 0.333164 -0.0390594
v -0.0462464 0.186535 0.0936683
v 0.136322 -0.474121 -0.0516696
v -0.0791359 0.222094 -0.0484516
v 0.0980423 -0.436503 -0.090661
v 0.102516 -0.0115241 0.0384384
v -0.0434315 0.195346 0.0958003
v -0.0358348 0.195739 0.0980353
v 0.198338 0.0102884 0.0462969
v 0.0386284 0.220231 0.0787534
v -0.0723003 0.192403 0.0512117
v -0.0369902 0.202261 0.092196
v 0.209759 0.00108265 0.0383749
v 0.0458302 0.195001 0.0951849
v 0.0411057 0.200554 0.0932436
v 0.0848589 0.229956 -0.0361715
v -0.0418686 -0.0614967 0.104959
v 0.0110883 0.161194 -0.103464
v -0.0508578 0.214386 0.0970252
v 0.00226927 0.157357 -0.104032
v -0.00962287 0.134732 -0.10291
v -0.0439127 0.212659 0.0914097
v -0.0203867 0.213544 0.0946147
v -0.00315443 0.117652 -0.103276
v 0.00754378 0.213434 0.0956438
v 0.00337169 0.216328 0.0882736
v 0.0336431 0.367752 -0.117263
v 0.0377211 0.213631 0.0935752
v 0.049242 0.213545 0.0935288
v -0.000796315 0.132929 -0.103642
v -0.0170025 0.0634419 -0.106563
v 0.0574314 0.216973 0.0963404
v -0.0262233 -0.208565 -0.104563
v 0.0638082 0.220145 0.0930071
v 0.0316004 0.0383572 -0.108671
v -0.0769748 -0.204384 -0.10732
v -0.0341896 0.0626174 -0.10151
v -0.00514033 -0.47208 0.00966441
v 0.0590396 0.247897 0.0901922
v 0.0554536 0.241744 0.0985017
v 0.0570163 0.137392 0.0462544
v -0.0531116 0.250016 0.093285
v 0.0506086 0.250232 0.0962875
v -0.0421286 0.259153 0.0961373
v 0.045764 0.259159 0.0953184
v 0.0395804 0.267201 0.0938866
v -0.0313915 0.26829 0.0955279
v -0.0407731 0.0307031 -0.10667
v 0.0126219 -0.401041 -0.0274064
v 0.0322854 0.273531 0.0914317
v -0.119537 0.142335 -0.0479936
v -0.0157111 0.275861 0.0916191
v -0.147178 0.129209 -0.0493749
v 0.00246955 0.273617 0.0957017
v 0.0876179 -0.00359992 0.0560971
v 0.0477321 0.133982 0.053526
v 0.11568 -0.0318955 0.0226004
v 0.0330606 0.278009 0.08337
v -0.0022356 0.299596 0.0922181
v -0.0354394 0.0183463 -0.113894
v -0.049459 -0.0564413 -0.13267
v -0.132017 0.0996556 -0.0811206
v -0.0522592 0.135194 0.0483461
v 0.0829829 -0.111532 0.0895716
v 0.0160629 0.317432 0.0926254
v -0.0844551 0.0824777 -0.0807002
v -0.140926 -0.299451 -0.0417404
v 0.0108243 0.321044 0.096341
v 0.019661 0.318272 0.0865876
v -0.0131818 0.325954 0.0869594
v 0.00184176 0.325932 0.0966172
v 0.0525251 0.0204103 -0.106188
v 0.0321274 -0.493707 0.085243
v 0.0397106 -0.495326 0.0922122
v 0.0491202 -0.49395 0.088893
v 0.0600512 0.0207542 -0.101113
v -0.0647346 0.244593 0.0824826
v -0.179465 0.0186314 0.0320682
v -0.0238273 -0.490024 0.08722
v -0.0255511 -0.490155 0.0798502
v -0.0187075 -0.483278 0.0899798
v 0.0243873 -0.488454 0.0879429
v 0.151354 0.0826078 -0.0802238
v -0.0472097 0.147615 0.0520369
v 0.0572899 -0.490417 0.0862147
v 0.261564 0.0259119 0.043713
v -0.0406202 0.126588 0.0566807
v -0.104111 -0.480411 0.0907969
v -0.0407169 0.13547 0.0561001
v -0.106131 -0.486376 0.085269
v -0.121349 0.0845878 -0.0819557
v 0.0744868 -0.492774 0.0856295
v -0.180732 0.0324927 0.0422702
v -0.106177 -0.473374 0.0879156
v -0.0720576 0.0963631 -0.0819912
v 0.0862401 0.0383813 0.0428069
v -0.101311 -0.466783 0.0881495
v -0.0162056 -0.467811 0.0854127
v 0.139509 -0.172643 -0.048631
v 0.0416453 0.296636 -0.101909
v -0.0414427 0.298848 -0.101072
v -0.103691 0.0841778 -0.080476
v -0.0763889 -0.457956 0.0918579
v 0.137178 -0.220975 -0.0421159
v -0.0593761 -0.462459 0.0962595
v -0.0910239 0.10125 -0.0817103
v -0.0210333 0.217517 -0.102208
v 0.26622 0.0479611 0.0397616
v 0.0696629 -0.45716 0.0873733
v -0.267089 0.064564 0.0547486
v 0.0752298 -0.454365 0.082895
v -0.0650971 0.111497 -0.081616
v -0.113269 -0.0134515 -0.032704
v 0.0216843 0.115735 -0.100765
v 0.0606462 0.186563 -0.0800765
v -0.0273319 -0.452823 0.0880315
v -0.00447196 0.171995 -0.104058
v -0.019132 -0.408643 0.00687351
v -0.0311134 -0.449334 0.0803369
v -0.0783908 0.219111 0.0101051
v 0.0877776 0.0944777 -0.0825308
v 0.0531007 -0.450714 0.0861812
v 0.0431167 -0.448713 0.0867326
v 0.0613058 -0.454457 0.0860714
v 0.0335422 -0.44987 0.0822055
v 0.0404766 -0.445938 0.0767265
v 0.0137025 -0.183699 0.0825641
v 0.262227 0.0631034 0.0389773
v -0.0307254 -0.172161 0.0880759
v -0.0222049 -0.171843 0.0904709
v -0.114413 0.103711 -0.0816583
v -0.19823 0.0734662 0.0393979
v -0.0105044 -0.183462 0.0830752
v 0.142363 -0.30943 -0.0467822
v -0.012816 -0.295396 -0.0382128
v -0.0675911 -0.136191 0.0915984
v -0.0697451 -0.142175 0.0874402
v -0.0173512 -0.1326 0.111461
v 0.08012 -0.131929 0.0860687
v -0.107848 0.100041 -0.0819997
v -0.0809115 -0.135256 0.082118
v -0.081824 -0.110805 0.0887101
v -0.0809469 -0.102326 0.0903555
v -0.0878764 -0.11373 0.0832038
v 0.0801467 -0.1194 0.0900272
v 0.079011 -0.105478 0.0933219
v -0.0861043 -0.0964116 0.0865321
v 0.0852503 -0.103498 0.0887217
v 0.0952949 -0.107812 0.0794066
v -0.0940116 0.0838784 -0.0805669
v 0.0866612 -0.0940593 0.0878849
v 0.0940009 -0.0936764 0.0813571
v -0.0275821 0.180105 -0.0992106
v 0.0869702 -0.076879 0.0840092
v -0.0743398 0.107002 -0.081169
v -0.0746604 -0.0620995 0.0875752
v -0.0126719 -0.337372 -0.0320505
v 0.0789786 -0.0588055 0.0851794
v 0.0697492 -0.0433379 0.0871982
v 0.055429 -0.0327156 0.0922678
v -0.0447789 -0.00172652 0.0861518
v -0.0512249 -0.0231278 0.0901694
v 0.0452011 -0.00509375 0.0882061
v 0.0148638 0.136759 -0.10257
v -0.225345 0.0851071 0.0419265
v -0.0218038 0.102911 -0.100473
v -0.0786512 0.0879755 0.0465565
v 0.147323 -0.421672 -0.0416608
v 0.00141916 0.0125058 0.0903434
v 0.0263309 0.0132954 0.0868914
v -0.0135618 -0.33366 -0.0409772
v 0.14368 -0.34027 -0.0473279
v 0.0166013 0.0132439 0.0889023
v 0.224444 0.0179434 0.0783773
v 0.232645 0.0199929 0.0830089
v -0.143075 -0.369526 -0.0468892
v -0.260994 0.0364983 0.0888221
v -0.0420982 0.0618091 -0.097935
v 0.0524887 -0.218124 -0.10028
v -0.099131 0.0938637 -0.0818301
v -0.040854 -0.0512804 0.102845
v 0.144573 -0.40729 -0.0507369
v 0.259047 0.0314929 0.0827554
v 0.255421 0.0773659 0.0458122
v -0.012732 -0.346093 -0.0311622
v 0.145546 -0.340745 -0.0386905
v -0.0446862 0.0144311 -0.11169
v 0.143713 -0.375646 -0.0510233
v -0.191989 0.0558057 0.0916923
v -0.27217 0.0681509 0.0807263
v -0.124775 -0.0537897 -0.027797
v 0.0140108 -0.405794 -0.0415697
v 0.272616 0.0651767 0.0842299
v -0.064415 0.120221 -0.0802921
v 0.197249 0.0740111 0.0863007
v -0.191905 0.0699157 0.0914497
v -0.197555 0.0763204 0.0895175
v 0.0349275 -0.219503 -0.0958878
v 0.27203 0.0740494 0.0863792
v -0.0689324 0.110313 0.0398382
v 0.0621854 0.338472 -0.0924219
v 0.271716 0.0818818 0.0889203
v 0.0778012 0.09841 0.0481454
v -0.0541679 0.263628 -0.0877887
v 0.0244074 0.137345 -0.100423
v -0.0312227 0.142719 -0.097346
v -0.0394916 -0.21753 -0.099291
v -0.254463 0.0963764 0.0875637
v -0.123135 0.0933865 -0.082517
v -0.0462071 -0.158965 0.0915736
v 0.213956 0.0904978 0.0767485
v -0.217002 0.094646 0.0844824
v -0.231428 0.100384 0.0871114
v -0.20997 0.0891711 0.0863628
v -0.0384853 0.202133 -0.0948724
v -0.0293585 0.168977 0.0862285
v -0.0227187 0.172178 0.0909863
v -0.0381987 0.172837 0.0870394
v 0.0871408 -0.169622 -0.13738
v -0.01529 0.169299 0.0887264
v 0.0431664 0.170334 0.081942
v 0.0348227 0.171541 0.0872439
v 0.0851395 0.103449 -0.0822829
v 0.043842 0.178196 0.089661
v -0.143392 -0.409552 -0.0489648
v 0.137391 -0.479168 -0.0442965
v -0.0322163 0.160632 -0.0971301
v -0.0693756 -0.215843 -0.101017
v -0.0110139 -0.480885 -0.0133372
v -0.0530369 0.199215 0.0865279
v 0.0722602 0.110382 -0.0817645
v 0.0425236 0.163377 -0.0931872
v -0.0770374 -0.21102 -0.101494
v -0.0766802 -0.219004 -0.096924
v 0.0329527 0.137289 -0.0974813
v -0.0267884 0.203502 0.0895413
v 0.0746543 -0.220177 -0.0974586
v 0.0451642 0.389339 -0.115596
v 0.068275 0.0213693 -0.0944554
v 0.00960851 0.202923 0.0924858
v 0.0340296 0.202249 0.0934154
v -0.0838842 0.390444 -0.0430462
v -0.118107 0.109745 -0.0799534
v 0.0718131 0.0129721 -0.095583
v -0.0809488 -0.0174721 -0.0989091
v 0.26792 0.0472941 0.0484829
v 0.0677342 0.158276 -0.0720017
v 0.00825867 0.219973 0.0826519
v -0.0830823 -0.00388378 -0.0911669
v -0.0806849 0.199009 -0.0431814
v -0.0576769 0.106991 -0.0838327
v 0.0960545 -0.271148 -0.0905517
v -0.0195914 -0.30239 -0.000574053
v 0.0888077 -0.286804 -0.093403
v 0.0810897 0.111398 -0.0812406
v 0.10622 0.149942 -0.0414197
v -0.0658928 0.233301 0.0901321
v -0.133131 -0.0914094 -0.00805872
v 0.0496847 -0.225212 -0.0959069
v 0.0654229 0.242055 0.0852225
v -0.0429869 -0.0423506 0.0996122
v -0.00196844 -0.0603789 0.112071
v -0.0491714 0.257639 0.0921651
v -0.0561031 0.255667 0.0875037
v 0.0540722 0.257402 0.0900635
v -0.0446834 0.264878 0.0907205
v -0.0802542 -0.270669 -0.0929047
v -0.053047 0.151696 0.047449
v -0.00859899 0.280436 0.0858366
v -0.0263045 0.281831 0.0790463
v 0.0239252 0.278138 0.0869502
v -0.119199 0.144243 -0.0398603
v -0.0589276 0.155218 0.0419521
v -0.0699176 -0.286866 -0.0938389
v -0.0991855 -0.159538 -0.130499
v -0.012946 0.315857 0.0933701
v 0.151541 0.129102 -0.0368748
v -0.0550636 -0.221876 -0.0984697
v 0.0621419 0.152145 0.0408654
v -0.0991804 -0.489856 0.0808198
v -0.0523733 -0.49227 0.0874054
v -0.147851 0.0891231 -0.080571
v 0.100614 -0.15545 -0.131677
v -0.0770602 0.0432444 0.0527739
v -0.0616772 -0.219558 -0.0997674
v -0.0743837 0.236643 0.0480006
v 0.0986334 -0.490166 0.0843501
v -0.114578 -0.486812 0.0829303
v 0.0621009 0.158063 -0.078123
v -0.0656826 -0.489852 0.0862103
v 0.0810531 -0.494796 -0.0106759
v 0.0557055 0.159539 -0.0840418
v -0.181123 0.112591 -0.0331892
v 0.0927814 -0.371668 -0.0945424
v 0.110555 -0.485082 0.0846312
v 0.0823502 0.054303 0.0572669
v 0.203289 0.0914593 -0.0450658
v 0.122193 -0.037243 -0.0341819
v -0.112204 -0.472633 0.0848485
v 0.154511 0.0745318 -0.0797817
v 0.115461 -0.479745 0.0858381
v -0.0579206 0.210447 -0.0809407
v 0.0671738 -0.222372 -0.097599
v -0.0521239 0.140752 -0.0848713
v 0.0910055 -0.358323 -0.0949222
v 0.142516 0.0839199 -0.0815253
v -0.0936296 -0.45769 0.0730598
v 0.129759 -0.496645 -0.0115214
v -0.0845181 -0.454808 0.081138
v -0.0517361 0.214181 -0.086611
v -0.069882 -0.456398 0.0857454
v -0.0781778 -0.454507 0.0839439
v -0.0536553 -0.326063 -0.0911538
v 0.0813256 0.0340848 0.0503094
v -0.0217595 -0.457547 0.0715375
v -0.0663866 -0.350804 -0.0947426
v 0.0265467 -0.45407 0.0777711
v -0.0753256 0.284178 0.0119318
v -0.062147 0.301102 0.043779
v 0.0548412 0.206976 -0.0857489
v 0.0954581 -0.457112 0.0729723
v -0.0273784 -0.45096 0.0723434
v -0.112621 -0.498398 0.0316195
v 0.0587338 -0.449313 0.0789337
v -0.0690379 -0.372945 -0.0950959
v -0.0701778 0.160831 -0.0661239
v -0.0135279 -0.190048 0.0759776
v -0.00160473 -0.181794 0.0849834
v 0.00514246 -0.186314 0.0807403
v 0.112192 -0.49625 -0.00907556
v 0.0203313 -0.187683 0.0775901
v 0.0496829 -0.174362 0.080288
v 0.0399369 -0.179366 0.0800729
v 0.0994172 -0.368149 -0.0930925
v -0.0556111 -0.175064 0.076613
v -0.039277 -0.172884 0.0845036
v 0.117083 -0.0261306 -0.0443283
v 0.0568232 -0.167508 0.0820533
v 0.0554134 -0.180082 0.0742882
v -0.0533769 -0.161008 0.0868488
v 0.127775 -0.0573426 -0.0284284
v -0.135995 0.0277321 -0.0359069
v 0.117466 -0.0900783 -0.0840133
v -0.0663042 -0.156162 0.0823272
v 0.0558029 -0.161421 0.0864087
v 0.121586 -0.311768 -0.0799426
v 0.0767776 -0.3116 -0.0953996
v 0.054469 0.216728 -0.0863185
v -0.0302855 -0.490202 0.0471262
v 0.0760432 -0.185319 0.0643272
v -0.0822159 -0.350218 -0.0958254
v -0.0864631 -0.145064 0.0733261
v -0.0895949 -0.138928 0.0729927
v 0.085559 -0.132483 0.0813714
v 0.0835644 -0.125579 0.0856327
v 0.0867496 -0.117751 0.0851388
v -0.135025 -0.195295 -0.0479138
v -0.090785 -0.0906766 0.0820458
v -0.0921032 -0.0991432 0.0810321
v 0.108194 -0.143871 -0.124138
v 0.0618423 0.249921 -0.0813566
v 0.0148184 -0.479586 0.0364244
v 0.0891908 -0.0472505 0.0725228
v -0.135939 -0.238364 -0.0398577
v -0.0873205 -0.363486 -0.0952844
v -0.0899387 -0.335886 -0.0948715
v -0.089823 -0.350039 -0.094905
v 0.0597906 -0.0146276 0.0839428
v -0.265127 0.0468016 0.0983683
v 0.0812648 0.0882601 -0.0824781
v -0.050212 0.00928259 0.0785569
v 0.0339564 0.0140429 0.0844711
v -0.0587852 0.256622 -0.0830322
v 0.074694 -0.354759 -0.0955926
v -0.0458171 -0.391435 -0.0868295
v -0.0438738 0.00588102 0.0832454
v -0.0201697 0.013643 0.0876615
v -0.0276454 0.0248613 0.0811088
v -0.00584669 0.0106094 0.0908552
v 0.127262 -0.0530184 -0.00726899
v -0.239046 0.020165 0.0819496
v -0.228806 0.0194735 0.0814995
v -0.220302 0.0209834 0.08119
v -0.125709 -0.453181 0.0333383
v -0.0028646 0.0292935 0.0832995
v 0.252105 0.0262781 0.0835438
v 0.126513 -0.0490747 -0.0132275
v -0.0758905 -0.319877 -0.0956391
v 0.0729505 0.14392 -0.0719555
v 0.0584475 0.263537 -0.0859709
v 0.205205 0.032807 0.0814124
v 0.0764837 -0.327666 -0.0958442
v 0.0384996 -0.427131 0.0347219
v 0.142711 -0.302218 -0.0429729
v -0.0128816 -0.304438 -0.0382241
v 0.0650703 0.134075 -0.0790073
v -0.265022 0.0389993 0.0831986
v 0.0679171 0.296565 -0.0795155
v 0.0462885 0.169488 -0.0910937
v 0.268338 0.0439376 0.0800068
v -0.268741 0.0448336 0.0799814
v -0.260959 0.0403727 0.0967486
v -0.144368 -0.364653 -0.040486
v -0.14328 -0.32819 -0.0356303
v 0.146952 -0.365578 -0.029939
v -0.0405577 0.158959 -0.0928994
v -0.0654243 0.278484 -0.0775945
v -0.192925 0.0627575 0.0872587
v -0.196549 0.062506 0.0795202
v 0.139468 -0.458287 -0.0477714
v -0.146776 -0.410512 -0.0335915
v -0.075453 0.0807091 -0.0807778
v 0.271014 0.0724774 0.0782712
v -0.0472506 0.189854 -0.0893335
v -0.206784 0.0840381 0.0793607
v -0.262188 0.0875318 0.0758579
v 0.0620423 0.309747 -0.0880878
v -0.0786994 -0.358775 -0.0958693
v -0.255983 0.0934279 0.0786857
v -0.0468589 0.146887 -0.088908
v 0.147067 -0.407509 -0.0428491
v -0.0684643 0.348107 -0.0832793
v 0.226061 0.0984712 0.0827851
v -0.0950349 -0.272499 -0.0903192
v -0.0960081 -0.0202688 0.0500817
v 0.121494 -0.0303124 -0.0120505
v 0.00168716 0.163996 0.0848114
v -0.00729856 0.166303 0.0866567
v -0.00563724 0.159377 0.0802265
v 0.0656862 0.334611 -0.0878526
v 0.0661303 0.351612 -0.0901454
v 0.0109609 0.162151 0.0828273
v -0.0368217 0.164604 0.0794603
v -0.0462333 0.165245 0.073535
v -0.0672103 -0.457923 -0.0928566
v -0.0897114 0.0754288 -0.07837
v -0.0971008 -0.0295932 0.0531178
v 0.02712 0.165888 0.0841488
v -0.0592181 -0.4935 -0.0354907
v 0.0829505 -0.35691 -0.0958089
v 0.0519655 0.181612 0.0870608
v -0.0572248 0.193887 0.0847133
v 0.031058 -0.297366 -0.0731496
v -0.0580186 0.134333 -0.0809593
v 0.054843 0.200083 0.0863019
v -0.104934 -0.0541085 0.0530201
v 0.110163 -0.49481 -0.0422399
v 0.109682 -0.136667 -0.12252
v -0.0239837 0.2023 0.0810731
v 0.0673344 -0.434261 -0.0921193
v 0.0970209 -0.412164 -0.0928746
v 0.00639197 0.202781 0.0864113
v -0.104804 -0.350817 -0.0904468
v -0.0272844 -0.490219 -0.0093177
v 0.11177 -0.404164 -0.0875689
v -0.0656561 0.137351 -0.076183
v -0.0186267 0.203019 0.0871986
v -0.0694076 -0.239965 0.0408188
v -0.0381893 0.214824 0.0856654
v -0.0951438 -0.429237 -0.0916714
v -0.0814659 0.1659 0.00287809
v -0.0836167 0.335338 -0.0389792
v 0.0718544 0.220548 0.0801193
v -0.183974 0.00283687 -0.0186433
v -0.0642226 0.353654 -0.090039
v -0.113893 -0.497085 -0.0123504
v -0.0596583 0.247759 0.0883433
v 0.0598549 0.255267 0.0849828
v 0.057614 0.262942 0.0830367
v -0.118124 -0.091322 -0.0788836
v -0.0463936 0.269756 0.0840372
v 0.0534768 0.270209 0.0782323
v -0.0697713 0.356404 -0.082983
v 0.0841728 0.231455 -0.00220267
v 0.0455724 0.273888 0.0797433
v -0.0546109 -0.234954 0.043184
v -0.0837098 0.198912 -0.0270418
v -0.115445 0.144411 -0.0228276
v -0.0345533 0.277675 0.0809412
v 0.000387931 0.278888 0.0883349
v -0.0109674 0.286024 0.0772844
v 0.0627733 0.317146 -0.0883669
v 0.0272172 0.282371 0.0785604
v 0.00706277 0.281731 0.0834607
v -0.0540828 0.160398 -0.0835071
v -0.00855684 0.299459 0.086546
v -0.00343844 0.295944 0.0839054
v 0.0111146 0.298553 0.0861842
v 0.00372098 0.296138 0.0860036
v 0.0515201 -0.234384 0.0427016
v -0.0469954 0.16601 -0.0890137
v 0.0576242 -0.247377 0.0377228
v -0.0582532 0.200888 -0.0802817
v -0.125198 0.141983 -0.0350784
v -0.00945765 0.330725 0.070667
v 0.0582904 0.150822 -0.0818121
v 0.0157201 0.324077 0.0904611
v 0.122672 0.142622 -0.0280235
v -0.0780595 -0.493543 0.0763424
v -0.0774126 -0.391491 -0.0955618
v -0.0719626 -0.492679 0.0816577
v 0.0761945 0.267741 0.016413
v -0.0487522 -0.493936 0.0803613
v -0.0748297 -0.223149 0.0465373
v -0.0826336 -0.213315 0.0479813
v -0.182072 0.111783 -0.0241014
v 0.0291359 -0.488546 0.0705811
v 0.0344085 -0.492867 0.0758385
v 0.141132 -0.322292 -0.0529705
v 0.0435385 -0.493521 0.0712331
v -0.079029 -0.475196 -0.096735
v -0.0832602 0.380576 -0.029061
v 0.0703743 -0.49172 0.0771668
v 0.175704 0.11574 -0.0358705
v 0.199281 0.0987833 -0.0389562
v 0.0905375 -0.493135 0.0789801
v -0.0997922 -0.409965 -0.0917812
v -0.115685 -0.409865 -0.0843253
v 0.107325 -0.491553 0.0742726
v 0.118871 -0.0241312 -0.0307171
v 0.108754 -0.149449 0.0550902
v -0.129032 -0.0835363 -0.0424397
v -0.0966561 -0.0240901 -0.0831908
v -0.11733 -0.160505 -0.0931159
v -0.142129 0.0842154 -0.0817825
v 0.021859 -0.460607 0.0738839
v 0.107195 -0.465727 0.078592
v 0.061579 -0.385996 -0.0928529
v -0.146743 -0.40154 -0.0326478
v -0.0800119 -0.452715 0.0765704
v -0.0634363 -0.452069 0.0806727
v -0.0665183 -0.446422 0.0726139
v 0.0199934 -0.215244 -0.0931424
v 0.136706 0.0764949 -0.081231
v 0.111197 -0.348798 -0.0881609
v -0.0878435 -0.219355 0.0438197
v 0.135572 -0.110705 -0.04312
v 0.0322818 -0.448568 0.0729966
v -0.00794491 -0.221791 0.0389642
v 0.113883 -0.162004 0.0480725
v 0.046844 -0.442073 0.0706119
v 0.069981 -0.381803 -0.0948149
v -0.118277 -0.333399 -0.082223
v 0.141526 -0.192528 -0.0221396
v 0.0306673 -0.185051 0.0779301
v 0.0254709 -0.192652 0.0715902
v 0.141505 -0.173944 -0.0408728
v -0.0411951 -0.187363 0.0724049
v 0.102934 -0.154812 0.0592366
v -0.118652 -0.348 -0.0820527
v -0.0435764 -0.424663 -0.0845548
v -0.0721326 0.373594 -0.0823806
v -0.137 -0.197535 -0.0397046
v -0.067867 -0.171177 0.0737008
v -0.0746378 -0.165478 0.0727452
v 0.050085 0.398943 -0.114389
v 0.138316 -0.212489 -0.039267
v 0.0819621 -0.14738 0.0778442
v 0.083232 -0.155237 0.0733732
v 0.0534609 -0.389707 -0.0897109
v 0.0918114 -0.132989 0.0756261
v 0.0985531 -0.11367 0.0750803
v 0.0967583 -0.126601 0.0729339
v -0.136229 -0.230086 -0.0347051
v -0.0931243 -0.107708 0.0792849
v -0.0937917 -0.116553 0.076899
v 0.100827 -0.10611 0.0737838
v -0.0978084 -0.101563 0.0752111
v 0.0990998 -0.0937612 0.0763338
v 0.102713 -0.0982637 0.0722471
v 0.108448 -0.166304 0.0519442
v 0.0971833 -0.0870007 0.0774189
v 0.0939242 -0.0787555 0.0781181
v 0.0473752 -0.374602 -0.0866877
v 0.121264 0.0713699 -0.0785104
v 0.0517966 -0.356077 -0.0891203
v -0.120055 -0.165149 0.0381169
v -0.107585 -0.344546 -0.0890789
v 0.0662245 -0.0185654 0.0812697
v 0.0725327 -0.022049 0.0779924
v 0.0649146 -0.00248109 0.0761744
v 0.144881 -0.325978 -0.0233263
v 0.0605511 0.00575062 0.0753357
v 0.0525169 0.00651515 0.0798866
v -0.101359 -0.343782 -0.0918464
v 0.0989654 -0.0293804 -0.0856348
v -0.0505229 0.0259202 0.0726253
v -0.042966 0.0140748 0.0800371
v 0.0436234 0.0233611 0.0768549
v 0.116266 0.0802692 -0.0805337
v -0.16783 0.010378 -0.000925457
v 0.101795 -0.0440472 -0.0885213
v -0.0462951 -0.338326 -0.0874743
v 0.0140105 0.486275 -0.0911182
v -0.0358268 0.0284447 0.0777381
v -0.00194021 -0.217865 0.0420077
v 0.047085 -0.328086 -0.0868944
v 0.0282209 0.0254825 0.0815613
v 0.147806 -0.400318 -0.0382366
v -0.116522 -0.274122 -0.0787588
v -0.104728 -0.263914 -0.0854113
v -0.0107957 0.0345185 0.0807948
v 0.119331 -0.274803 -0.0782191
v -0.0022849 0.0380472 0.0804012
v 0.0194061 0.0294944 0.0818267
v 0.0111036 0.0293027 0.0828939
v 0.12496 -0.35836 -0.0784748
v 0.0283713 0.0425977 0.078862
v 0.0300174 0.480546 -0.0922137
v -0.0398992 0.047282 0.0785206
v -0.0465345 0.0410515 0.0757026
v -0.030482 0.0443832 0.0790596
v 0.0486838 -0.337567 -0.0876969
v -0.0195895 0.0413972 0.0789964
v -0.00125775 0.0463757 0.0783726
v 0.0214826 0.0477943 0.0787937
v 0.0490059 0.0482785 0.0778005
v -0.0113016 -0.445522 -0.0260584
v 0.0421289 0.0424345 0.0780569
v -0.125946 -0.369768 -0.0760831
v -0.199501 0.0422123 0.0797327
v 0.103059 -0.324326 -0.0915831
v 0.0168944 0.194766 0.10221
v -0.0415788 0.0561912 0.0794845
v 0.00645565 0.0498305 0.0777052
v -0.0070797 0.0508029 0.0779549
v 0.0300164 0.0519012 0.0796944
v -0.031547 0.474388 -0.0978348
v -0.0639762 0.179381 -0.0737318
v -0.126649 -0.495802 -0.019381
v 0.057442 0.0448653 0.0744189
v 0.0565109 0.0541198 0.0770342
v 0.112681 0.0713206 -0.0773099
v 0.0385997 0.47943 -0.0873158
v -0.0546256 0.057739 0.0757995
v -0.05863 0.0522645 0.0731454
v -0.0357827 0.0605841 0.0802268
v -0.101112 -0.036787 -0.082757
v -0.0399292 0.470342 -0.0957993
v -0.0185655 0.0600847 0.07923
v 0.0203963 0.477519 0.00659459
v -0.0525353 -0.287055 -0.0893514
v -0.028184 0.0607875 0.080217
v -0.0188932 -0.00328629 -0.127054
v -0.0121595 0.0677571 0.0773165
v 0.00721539 0.0589382 0.0764071
v -0.104597 -0.0772465 0.0626281
v 0.0219067 0.055501 0.0789258
v 0.0364367 0.0598792 0.0803415
v 0.0265532 -0.406535 -0.0678711
v 0.0471342 0.0586802 0.0795411
v 0.0276224 -0.413858 -0.0693183
v -0.0486036 0.0604538 0.0779873
v -0.0548609 0.0645219 0.0758469
v -0.0486728 0.0687014 0.0779003
v 0.019838 -0.151514 -0.156754
v 0.0494481 0.0670782 0.0791713
v 0.0418814 0.067471 0.0800814
v -0.123909 -0.312171 0.0150446
v 0.0425901 -0.300525 -0.0834288
v -0.0414244 0.073148 0.0789347
v -0.0491047 0.077207 0.0767489
v 0.103412 -0.285724 -0.0890979
v -0.0234396 0.07076 0.0791431
v 0.00063628 0.0797821 0.0729755
v -0.0146632 0.0779227 0.0763932
v 0.0237648 0.0702823 0.0781941
v 0.015344 0.0729198 0.0760209
v 0.0836082 0.408054 -0.0243453
v 0.0548859 0.0715866 0.0774457
v 0.0470513 0.0743199 0.0788189
v 0.0448278 0.472771 -0.0904104
v 0.0509455 -0.284079 -0.0876738
v -0.107091 -0.289503 -0.0867421
v 0.0295253 0.0767957 0.07813
v -0.145929 -0.396826 -0.0380072
v 0.206951 0.0840349 0.0778001
v -0.0968973 -0.264544 -0.0889924
v -0.0333449 0.0876723 0.0761083
v -0.0158136 0.0880211 0.0741834
v 0.0525342 -0.262681 -0.0883949
v 0.12772 0.138774 -0.0228621
v 0.0380418 0.0912051 0.074524
v 0.0442289 0.0835745 0.0769234
v -0.0610577 -0.270889 -0.0914364
v 0.264533 0.0851551 0.0769616
v -0.0529182 -0.255909 -0.0896494
v 0.0429453 0.467596 -0.0982925
v 0.0757753 0.345213 -0.0748326
v 0.164382 0.0109607 -0.0147433
v -0.108941 -0.129941 -0.122847
v -0.136964 0.0261316 -0.027733
v -0.068556 0.192298 -0.0683696
v 0.0284898 0.159665 0.0773313
v 0.036364 0.158178 0.0723931
v -0.048009 0.467974 -0.0909265
v -0.104721 -0.133025 -0.130306
v -0.0515428 0.170567 0.0751942
v -0.0523012 0.167552 0.0696075
v 0.0433792 0.163626 0.0754687
v -0.063707 0.196676 -0.0744233
v 0.0995959 -0.22741 0.0363756
v 0.0574308 0.181276 0.0816268
v -0.0614048 0.181101 0.0720502
v -0.0993012 -0.231091 -0.0867501
v 0.0623998 0.188593 0.0809748
v 0.108315 -0.181904 0.0469323
v 0.064305 0.196611 0.0794212
v -0.145244 -0.414879 -0.0422391
v 0.0671106 0.198263 0.0736936
v -0.0605919 0.202923 0.0748032
v -0.0387601 0.203288 0.0762135
v 0.0560965 0.458351 -0.0942886
v -0.117049 -0.0628448 -0.0660542
v 0.224003 0.0224319 0.0852994
v -0.111643 -0.0478253 -0.0700623
v 0.0268801 0.201858 0.0764821
v 0.0367963 0.202913 0.0791639
v 0.0447442 0.203742 0.0812744
v 0.0434132 0.202652 0.0739579
v 0.111202 -0.127973 -0.120252
v -0.0691499 -0.106335 0.0982034
v -0.0536087 0.212581 0.0830154
v -0.0460509 0.213526 0.0838479
v -0.0492514 0.214919 0.0760936
v 0.167067 0.0102536 -0.00484612
v 0.10645 -0.198394 0.0418512
v 0.123487 -0.0740053 -0.0622136
v -0.0683077 0.21963 0.0816793
v -0.0389111 0.223254 0.0742392
v 0.0222678 0.020567 0.0849145
v 0.112378 -0.193662 0.0388781
v 0.0885285 0.138255 -0.0690942
v -0.0921236 -0.22713 -0.0904956
v 0.00520571 0.22379 0.0765008
v 0.0138565 -0.384425 -0.0352232
v 0.0242315 0.218389 0.0844243
v 0.124947 -0.102055 -0.070407
v -0.130079 -0.37467 -0.0715796
v 0.029648 0.222134 0.0788015
v -0.105212 -0.12367 -0.128753
v 0.0705978 0.238106 0.0797507
v 0.0976746 -0.224716 -0.0895306
v 0.127661 -0.0613147 -0.0365829
v -0.0643124 0.257737 0.0745339
v 0.0679614 0.244918 0.0789898
v 0.0841526 -0.221919 0.0449503
v 0.11488 -0.175831 0.0432245
v -0.0470336 0.273204 0.0765492
v -0.139461 -0.131246 -0.0288979
v -0.0415281 0.274415 0.081113
v -0.0339608 -0.222975 -0.0942994
v 0.0417946 0.278246 0.0735282
v -0.0404878 0.277607 0.0744958
v 0.0507117 0.465662 -0.0930287
v -0.00107201 0.284795 0.0800893
v 0.099836 -0.203427 0.0445917
v 0.0125395 0.283768 0.0801522
v 0.019143 0.28288 0.0798813
v 0.0489846 -0.365267 -0.0876078
v -0.0138543 0.30298 0.0834116
v 0.079054 0.393876 -0.0772329
v 0.0822265 0.394574 -0.0688959
v -0.0177998 0.308861 0.0787314
v -0.110817 -0.165535 0.0476457
v 0.0143855 0.298889 0.0792276
v 0.0875827 -0.239495 -0.0913088
v 0.0195361 0.304739 0.0770295
v 0.0210439 0.311234 0.0820852
v 0.1232 -0.163769 0.0370003
v 0.125063 -0.155299 0.0357983
v -0.131934 -0.210365 -0.0523889
v -0.127402 -0.152671 0.0292722
v -0.137903 -0.20158 -0.0318375
v -0.11002 -0.493215 0.0684897
v -0.100339 -0.490492 0.070507
v 0.105101 -0.224669 -0.0850776
v -0.0917344 -0.49166 0.0757571
v -0.136718 -0.230579 -0.025813
v -0.0844504 -0.492601 0.0715338
v -0.141712 -0.298393 -0.027658
v -0.0768187 -0.49262 0.0682374
v -0.0623439 -0.490828 0.0725495
v -0.0431215 -0.49364 0.0713419
v -0.11513 -0.152638 0.0455805
v -0.0318622 -0.492201 0.0740772
v 0.11483 -0.152532 -0.105503
v 0.0765372 0.196461 -0.0587901
v -0.0691864 0.218047 -0.0679242
v -0.0689788 -0.198195 0.0596406
v 0.0771789 -0.228778 0.0440684
v -0.14389 -0.343187 -0.0357276
v -0.119233 -0.0587779 -0.0580855
v -0.111444 -0.111864 0.0557844
v 0.14114 -0.26874 -0.023962
v 0.102729 -0.067183 -0.0961712
v 0.123972 -0.491121 0.0718559
v -0.0267375 -0.344445 -0.0705188
v -0.131249 -0.483886 0.0665779
v 0.0973588 -0.0697213 -0.104522
v -0.0238244 -0.486437 0.0736003
v 0.0233126 -0.482985 0.0731988
v 0.0182115 -0.387181 -0.0530283
v 0.132199 -0.47951 0.0694667
v 0.0977241 -0.0364908 -0.0905462
v 0.157499 0.0456432 -0.0705909
v -0.0192038 -0.473442 0.0688217
v 0.019529 -0.475478 0.0762731
v 0.0815728 0.341493 -0.0607754
v 0.0829501 0.355209 -0.0586378
v -0.116781 -0.0979122 0.0495061
v 0.127419 -0.0531524 -0.0206228
v -0.145324 -0.372499 -0.025391
v -0.062639 0.0200839 -0.097805
v 0.0200768 -0.46859 0.0705451
v 0.122232 -0.0511815 -0.050508
v -0.0190342 -0.465413 0.0703273
v 0.0486743 0.458998 -0.101447
v -0.116276 -0.462846 0.0600762
v -0.108581 -0.461431 0.0652168
v -0.0722511 -0.00278905 -0.101242
v 0.065654 0.0134575 -0.10041
v -0.0900309 -0.452273 0.0681538
v -0.00861826 -0.461326 -0.0251374
v -0.0194116 -0.460194 0.0638384
v -0.127792 -0.196128 -0.0635485
v 0.0390903 0.489929 -0.0361236
v -0.0756732 -0.44825 0.0717438
v 0.0796321 0.294764 0.00659744
v -0.130219 -0.264846 -0.0614753
v 0.077436 -0.451092 0.0763506
v -0.0656205 -0.44054 0.0662921
v -0.0588819 -0.44167 0.0694048
v -0.0700952 0.0638905 -0.0799686
v 0.0641702 -0.446384 0.074003
v 0.0800742 -0.446554 0.0688006
v 0.135375 -0.263044 -0.0551225
v 0.0821588 0.403588 -0.018417
v -0.00559019 -0.196248 0.0698497
v 0.0107794 -0.195972 0.0699629
v 0.0191558 -0.199171 0.0654544
v -0.081639 0.383274 -0.0206219
v -0.0496264 -0.182437 0.0740477
v -0.047795 -0.189731 0.0693823
v 0.0301324 -0.198692 0.0652135
v -0.0589865 -0.181243 0.0719705
v -0.0607118 -0.195388 0.0631665
v 0.0791808 0.126524 -0.0774901
v 0.0615097 -0.184753 0.0697044
v 0.0529766 -0.188061 0.069869
v 0.0174781 -0.312494 -0.049719
v -0.0834282 0.353977 -0.0260801
v -0.0216646 -0.333693 -0.0633882
v 0.118 -0.103286 0.0505425
v -0.0202746 -0.315878 -0.0610691
v 0.0777236 -0.168924 0.0711278
v 0.077219 -0.16146 0.0744138
v 0.0902911 -0.157369 0.0679733
v 0.0970268 -0.142728 0.0670654
v -0.0934888 -0.12554 0.0742834
v -0.095409 -0.138012 0.0676622
v -0.0999797 -0.119284 0.0691656
v -0.117452 0.0764822 -0.0796785
v -0.103076 -0.103693 0.0688343
v -0.0947677 -0.0855053 0.0768722
v -0.0629844 0.0603605 -0.0840146
v -0.0143802 -0.30866 -0.0461236
v -0.0552085 -0.438265 -0.0887057
v -0.0897828 -0.0539047 0.0721548
v 0.0969932 -0.0578312 0.0681364
v 0.0971423 -0.0721882 0.0727143
v 0.0943334 -0.0510144 0.0685934
v -0.0588357 0.0764969 -0.085115
v 0.0874734 -0.0384924 0.0711674
v -0.018636 -0.339339 -0.0573064
v -0.0792852 -0.0139937 0.0672778
v -0.0798098 -0.0296582 0.0727406
v 0.0581905 0.0855344 -0.0870076
v 0.0713606 -0.00888319 0.0740459
v 0.0839571 -0.0220487 0.0681582
v 0.0677124 0.00451109 0.0708127
v -0.138328 -0.3686 -0.0590059
v 0.144956 -0.359787 -0.0449398
v -0.1375 -0.387533 -0.0614845
v -0.223112 0.0157118 0.073874
v -0.241287 0.0168144 0.0742121
v -0.246668 0.0170898 0.0697145
v 0.0857432 0.369572 -0.0476844
v -0.212749 0.0241408 0.0799913
v -0.204128 0.0235924 0.0700553
v -0.206993 0.018194 0.0665799
v 0.0598014 0.101133 -0.0849951
v 0.211625 0.0209797 0.074689
v 0.213939 0.014571 0.0669945
v 0.257998 0.0269638 0.0739003
v 0.0497166 0.0872602 -0.0906474
v 0.239643 0.0173631 0.0763169
v 0.0818987 0.21728 -0.0468155
v 0.134173 0.133256 -0.0173761
v -0.056553 0.0201071 0.0699886
v -0.136409 0.132601 -0.0183643
v 0.0811131 0.208151 -0.0487233
v 0.19996 0.0278964 0.0689039
v -0.0698564 -0.498572 -0.0590191
v -0.182534 0.109612 -0.0158098
v -0.112512 -0.0273647 -0.0531841
v -0.0524617 0.0347713 0.0722379
v 0.0428235 0.0336464 0.0762887
v 0.0582848 0.0356451 0.0714978
v 0.114 -0.0505478 0.0395279
v 0.196604 0.0340526 0.0686284
v 0.200351 0.0400493 0.0804853
v -0.0533001 0.46069 -0.0929894
v 0.198794 0.0993497 -0.0125341
v 0.0652724 0.0418833 0.0695311
v -0.060284 0.444655 -0.0973109
v -0.115194 -0.0263914 -0.0425369
v 0.195887 0.0415799 0.0718765
v -0.0520687 0.103071 -0.0863297
v -0.117693 -0.0445765 -0.0523552
v 0.192114 0.053019 0.0630497
v -0.271137 0.0519368 0.0746354
v -0.0506318 0.120436 -0.0864576
v -0.145149 0.0761407 -0.0809614
v -0.100318 -0.0170713 0.041327
v 0.0633075 0.0596453 0.0744507
v 0.0179497 -0.359802 -0.050487
v 0.0170082 -0.338012 -0.0478668
v 0.0836192 0.300414 -0.0060584
v -0.0670011 0.0661161 0.0687507
v 0.0683162 -0.224427 0.04732
v 0.0692409 0.0648788 0.0713673
v 0.0623571 0.0682495 0.0752066
v -0.0603579 0.0675512 0.073296
v -0.0480862 0.0864186 -0.0902433
v -0.208828 -0.000226508 0.0340603
v 0.00179172 0.0726563 0.0740153
v 0.169846 0.00869296 -0.0209844
v -0.0624193 0.0743157 0.0711992
v -0.057754 0.452711 -0.0949728
v -0.116785 -0.0218289 -0.0196424
v 0.0608105 0.0766553 0.0745923
v 0.267399 0.0783972 0.0734965
v 0.269292 0.0713164 0.0703048
v -0.267719 0.0737553 0.067733
v 0.0854812 0.378085 -0.0512599
v -0.262744 0.0798772 0.0641301
v -0.0563874 0.0802295 0.073123
v -0.13158 -0.0821531 -0.0188007
v -0.0498259 0.085707 0.0741706
v -0.066525 0.430742 -0.09541
v -0.196413 0.102446 -0.0191752
v 0.0553185 0.0922271 0.0712236
v 0.0586875 0.0846895 0.0732171
v 0.262517 0.0835319 0.0691937
v -0.0425645 0.0924491 0.0733246
v -0.0516589 0.0931486 0.0702009
v 0.138579 -0.113127 -0.0275314
v -0.0813893 0.285739 -0.00483758
v -0.0776208 0.276814 0.00770008
v 0.00218897 0.194188 0.102991
v 0.000152121 0.0879598 0.0713699
v 0.13981 -0.208766 -0.0214307
v 0.0205656 0.086096 0.0744105
v 0.00665223 0.0906818 0.0705926
v -0.232563 0.00188225 0.0385778
v 0.210554 0.085852 0.0690468
v -0.0539108 0.0995994 0.0650774
v -0.0421704 0.151577 -0.0919363
v 0.0283383 0.0907983 0.0740957
v 0.0194443 0.09381 0.0717718
v -0.251853 0.0211454 0.0717064
v 0.0292098 0.0188872 0.0837916
v 0.0334983 0.0971295 0.0718631
v 0.0410952 0.0986675 0.0710577
v 0.217959 0.091036 0.0687466
v 0.25446 0.0942373 0.0776481
v 0.247554 0.0971379 0.075503
v 0.258613 0.0893634 0.0732501
v -0.241369 0.0979683 0.0749063
v -0.0661234 0.41326 -0.0983117
v -0.109033 -0.358129 -0.0884469
v -0.0259658 0.102127 0.0699557
v -0.0248872 0.0927472 0.0740406
v -0.042735 0.131066 -0.0913018
v 0.243796 0.0999909 0.0806947
v -0.0302008 0.157579 0.0733523
v -0.0243963 0.151617 0.0679976
v 0.0187817 -0.337681 -0.00722176
v 0.139963 -0.258225 -0.019945
v -0.0122069 0.155946 0.0761636
v -0.0635933 0.383483 -0.0964898
v 0.0486481 0.161295 -0.0894199
v -0.0177179 -0.475354 -0.0575845
v -0.257951 0.0208805 0.052044
v 0.022165 0.155363 0.0736635
v 0.029028 0.155266 0.0714925
v 0.0569575 0.174501 0.0761386
v -0.164874 0.114597 -0.0094064
v 0.186859 0.0958301 -0.0594002
v -0.0645702 0.190016 0.0717278
v 0.180455 0.0266464 0.039361
v 0.063135 0.202745 0.075827
v 0.127023 -0.0767726 -0.0537865
v -0.0540768 0.205612 0.076745
v -0.0303891 0.201581 0.0748157
v -0.021649 0.201065 0.072521
v -0.0618047 0.373394 -0.0964527
v 0.134134 -0.0872935 -0.0302162
v 0.14331 -0.325549 -0.0143075
v 0.176385 0.023925 0.0318227
v 0.00858566 0.2017 0.0800221
v 0.011536 0.20179 0.0736816
v -0.0408618 0.216206 -0.0940884
v 0.0146972 -0.355329 -0.034571
v -0.0163791 -0.29918 -0.00787134
v 0.0820045 0.226595 0.00565806
v -0.0465881 0.205409 0.0768299
v -0.145398 -0.384924 -0.0179556
v 0.0358952 -0.219084 0.0496151
v 0.0517164 0.213309 0.0834572
v -0.012505 -0.403026 -0.0423371
v -0.246729 0.0144021 0.0623656
v 0.0154767 -0.346296 -0.0410248
v 0.0467946 0.217038 0.0774224
v -0.185246 0.0329353 0.0489543
v 0.0317537 -0.176066 0.0853805
v 0.145908 -0.381712 -0.012364
v 0.08561 0.395191 -0.0328616
v 0.0172341 0.224603 0.0708198
v 0.025687 0.225939 0.0718085
v 0.086157 0.360198 -0.0351177
v 0.0804362 0.140468 -0.0706816
v 0.0861373 0.345851 -0.033069
v -0.0708205 0.235524 0.0739384
v -0.0836131 0.373477 -0.0442795
v -0.0585466 0.261048 0.0808893
v 0.147144 -0.380056 -0.0193518
v 0.148395 -0.411103 -0.0169241
v -0.0398809 0.281305 0.0666
v 0.0853696 0.185009 -0.00676547
v -0.0480805 0.25289 -0.0917762
v 0.14597 -0.340367 -0.0301534
v 0.0348389 0.280971 0.0758295
v 0.134443 -0.222432 -0.0507553
v 0.0446625 0.279297 0.0656337
v -0.146425 -0.402411 -0.0178169
v -0.0252501 0.286958 0.0713374
v 0.0885411 0.0334063 0.0347948
v -0.0541638 0.240355 -0.0858819
v -0.0824674 0.180213 -0.00273006
v -0.0527034 0.256667 -0.0884243
v 0.125667 -0.125295 -0.0762559
v -0.130421 -0.476001 -0.0592762
v -0.137643 -0.187004 -0.0417588
v -0.0586072 0.346872 -0.0949263
v 0.0189264 0.325298 0.065982
v 0.0181765 0.325629 0.0740373
v -0.0577693 0.33259 -0.0930174
v 0.077642 0.413709 -0.00898146
v -0.00989318 0.330123 0.0638946
v 0.0134843 0.331251 0.0782396
v -0.161217 0.0762115 -0.0786826
v -0.00270415 0.380428 -0.126546
v 0.0320567 0.00700813 0.0879818
v 0.00636445 0.334526 0.0750452
v 0.0837119 0.18531 0.00157464
v 0.138169 -0.127588 -0.045554
v -0.0471303 -0.428118 0.0463652
v 0.0792575 0.385589 -0.00670527
v -0.112709 -0.492607 0.0600033
v 0.141446 -0.278502 -0.0397548
v -0.0838022 -0.49294 0.0631722
v -0.0680385 -0.492575 0.0647868
v 0.211213 -0.00439977 0.00785774
v 0.139368 -0.247759 -0.0348047
v -0.058444 -0.492719 0.0648645
v 0.056395 0.311975 -0.0935678
v 0.0729823 0.416186 -0.00104176
v -0.142027 -0.326393 -0.0443936
v -0.0462873 -0.431656 0.0542959
v 0.0590178 0.303439 -0.0903214
v 0.109 -0.492965 0.0677818
v 0.0590586 -0.404562 -0.091694
v -0.053077 0.296454 -0.0923508
v 0.0582896 0.28869 -0.089141
v -0.144282 -0.35078 -0.0346164
v -0.0512917 0.416593 -0.113439
v -0.0822032 0.212157 -0.00286387
v -0.123679 -0.467832 0.0636864
v 0.121549 -0.464727 0.0604798
v -0.054406 0.30569 -0.0925239
v -0.250054 0.0826135 0.0490176
v 0.0554864 0.295776 -0.0923161
v -0.06227 0.327469 -0.0879424
v 0.0844703 0.291777 -0.00915131
v -0.142974 -0.336674 -0.0416225
v 0.105054 0.147046 -0.0122549
v -0.0564866 0.323932 -0.0929943
v -0.0153788 -0.462772 0.0568209
v 0.111474 -0.463669 0.0712095
v -0.0625866 0.363122 -0.0936947
v 0.0125821 -0.407984 -0.0331562
v 0.127799 -0.470496 0.0677931
v 0.100154 -0.455628 0.0654453
v 0.0250208 -0.449123 0.0611787
v 0.0851379 0.204264 -0.0339427
v -0.0823626 0.192443 -0.0355022
v 0.093418 -0.452285 0.067393
v 0.0882623 -0.44729 0.0646736
v -0.0566309 0.281197 -0.0876468
v -0.0795018 -0.44543 0.0665261
v -0.0796685 -0.440443 0.0599721
v -0.0861049 -0.446322 0.0639291
v -0.0353986 0.244851 -0.0985245
v 0.0302836 -0.44599 0.0648132
v 0.0276397 -0.443649 0.0574096
v 0.0821042 -0.441608 0.0610434
v -0.0693062 -0.436671 0.0592459
v -0.0815795 0.225915 -0.0407638
v -0.0525404 -0.43825 0.0654631
v 0.181449 0.111066 -0.0185403
v -0.0457187 -0.435741 0.0618418
v 0.168561 0.117866 -0.020037
v -0.0828553 0.22016 -0.0339687
v 0.0520625 -0.438387 0.0657533
v 0.0594532 -0.437383 0.0640238
v 0.0531608 -0.434223 0.0592595
v 0.0692181 -0.432703 0.0533593
v 0.0655906 -0.441707 0.0680386
v -0.111248 -0.0185281 -0.0489062
v -0.000556631 -0.202589 0.0621805
v 0.00892181 -0.201761 0.0629852
v -0.202665 0.0970091 -0.0141473
v 0.0503406 -0.196922 0.0646555
v 0.0622009 0.402009 -0.104277
v -0.0484002 0.260709 -0.0920859
v -0.244525 0.0515787 -0.0144942
v 0.0722744 -0.201447 0.0574112
v -0.0753072 -0.19274 0.0601162
v -0.0816158 -0.178236 0.0639619
v 0.0772818 -0.176883 0.067788
v -0.0700594 0.407983 -0.0921506
v 0.254813 0.0664053 0.0261812
v -0.0831682 -0.168247 0.0672522
v 0.0847683 -0.180741 0.0624962
v 0.0967258 -0.151507 0.0650292
v 0.102973 -0.137212 0.0632851
v 0.0507217 0.24205 -0.0907675
v -0.0979739 -0.145132 0.0637515
v 0.106263 -0.118653 0.0642675
v 0.106162 -0.104374 0.0677958
v 0.0521873 0.258189 -0.0905935
v -0.048148 0.244523 -0.0910968
v -0.00374854 -0.188779 0.0784454
v 0.188008 0.10852 -0.0310509
v 0.103259 -0.0740566 0.0661571
v -0.0934252 -0.0420719 0.0634999
v 0.00701507 0.0170958 0.0882838
v -0.0837852 -0.00904318 0.0604349
v 0.0636806 0.428916 -0.102412
v -0.0613346 -0.427763 0.0481643
v -0.1396 -0.130621 -0.0192205
v -0.00199715 0.484568 -0.0953725
v -0.137812 -0.205967 -0.0235189
v 0.222748 0.00961619 0.0625622
v 0.237091 0.0139012 0.0700205
v 0.238931 0.0114474 0.0630584
v 0.230909 0.0111646 0.0667506
v -0.0685149 -0.431256 0.0505838
v -0.252365 0.0191793 0.0651449
v -0.20018 0.0223096 0.0638718
v -0.0614992 0.132422 0.0396721
v -0.0576232 0.0288145 0.0679548
v -0.139979 -0.183885 -0.0170945
v 0.0421338 0.233826 -0.0955663
v 0.0593965 0.0184985 0.0704461
v 0.149748 0.0687543 -0.0795226
v -0.118399 -0.100188 -0.0816492
v -0.121971 -0.116768 -0.0782531
v -0.125166 -0.0595489 -0.0351097
v 0.0722113 0.0400913 0.0637046
v -0.192824 0.0450728 0.0665155
v -0.189227 0.0435226 0.0575959
v -0.12313 -0.0515273 -0.0366981
v 0.140989 0.0666958 -0.0791197
v 0.0765781 0.0552247 0.0643796
v -0.193767 0.0532156 0.0683683
v -0.137703 -0.264125 -0.042273
v -0.0290513 0.213795 -0.0995276
v -0.271192 0.0589687 0.0688799
v -0.19274 0.0594293 0.0603744
v -0.0730383 0.0610917 0.0627439
v -0.0728846 0.0688497 0.0630528
v -0.0668007 0.0550908 0.0680538
v 0.0745073 0.0619687 0.067078
v 0.080567 0.0636738 0.0613621
v -0.139157 -0.267998 -0.0348333
v 0.194327 0.0597054 0.0650314
v 0.0152794 -0.33141 -0.0202166
v 0.197904 0.0681046 0.0669958
v -0.0578046 -0.475758 -0.0921616
v -0.269149 0.0659363 0.0636441
v 0.0574576 0.155197 0.0452865
v 0.0837372 -0.436696 0.0530461
v -0.196972 0.0684843 0.0638197
v 0.138492 -0.274275 -0.00916291
v 0.0784774 -0.447252 -0.0923251
v 0.0917303 -0.452442 -0.0921912
v -0.201136 0.0748641 0.0663137
v 0.0131866 -0.392799 -0.0310667
v -0.0693306 0.0753312 0.0655552
v 0.0661855 0.0816828 0.0702884
v 0.0731892 0.0781145 0.0662382
v -0.0136422 -0.38782 -0.0448732
v 0.0711068 0.0865497 0.0652292
v 0.149235 -0.427692 -0.0255561
v 0.267784 0.0695366 0.0627208
v 0.270264 0.0650212 0.0675495
v 0.0704351 0.409362 0.00442401
v -0.205869 0.0805432 0.063924
v -0.063748 0.0838704 0.0677328
v 0.0184071 -0.364197 -0.00706015
v 0.143541 -0.175551 -0.0221422
v 0.0852179 0.40423 -0.0318793
v 0.143038 -0.174899 -0.0315713
v -0.143482 0.0228317 -0.0258225
v 0.0857424 0.349916 -0.0258893
v -0.0838629 0.348564 -0.0320919
v 0.0390639 0.221081 -0.0964752
v 0.0134595 -0.40899 -0.0133699
v -0.076222 0.223157 0.0478046
v -0.225937 0.0960079 0.0729636
v -0.0993874 -0.435671 -0.0897885
v 0.0782348 0.0742546 -0.0804764
v -0.218146 0.0912142 0.0687459
v 0.0435852 0.203986 -0.0933492
v 0.147437 -0.39617 -0.0152414
v 0.10746 -0.120714 -0.125305
v 0.0598496 0.0989556 0.0652734
v -0.0844014 -0.418792 -0.0943364
v 0.0501591 0.414187 -0.116062
v -0.234327 0.0962079 0.0693808
v -0.242676 0.0944404 0.0665786
v -0.082576 -0.43447 -0.0930971
v 0.00875772 0.10391 0.0681818
v -0.0752092 0.216878 0.0421888
v 0.204322 0.0965725 -0.0294468
v 0.0329295 0.153541 -0.0977217
v 0.0174214 0.101694 0.068872
v 0.0822238 -0.189988 0.0595396
v -0.0642354 0.0697056 -0.0827523
v -0.0233741 -0.0370606 -0.135708
v -0.12645 -0.0618007 -0.0283352
v -0.0489513 0.104492 0.064334
v 0.131351 -0.0802287 -0.0389349
v -0.0379296 0.111635 0.0634819
v -0.00770972 0.102644 0.0690659
v -0.0106057 -0.0129332 0.0988759
v -0.0772124 0.402377 -0.0107534
v 0.00684937 0.112081 0.0674865
v 0.123877 0.136185 -0.0127995
v 0.0585404 0.280619 0.0391616
v -0.0172216 0.109065 0.0673855
v 0.000166524 0.114069 0.0675656
v 0.0239311 0.107607 0.0672247
v 0.018244 0.124754 0.0657539
v 0.00934538 0.126344 0.066935
v -0.00840848 0.127243 0.0667956
v -0.013095 0.135007 0.0657782
v -0.0126337 0.119074 0.0663986
v 0.000473194 0.127159 0.0673466
v -0.0255873 0.00778247 0.0887986
v -0.070789 -0.41007 -0.0945381
v 0.0110088 0.142662 0.0664241
v -0.0786022 0.373615 -0.00880469
v -0.00895625 0.143496 0.0665417
v -0.0205966 0.134113 0.0644599
v -0.000281806 0.395819 0.0437474
v 0.142651 -0.285162 -0.0336677
v 0.0753557 0.37187 0.0040644
v 0.146078 -0.364206 -0.0196062
v -0.0802173 0.331923 -0.00640041
v -0.0842304 -0.401062 -0.0949909
v 0.14276 -0.289926 -0.0246497
v 0.0393498 -0.186113 0.0748923
v -0.0408684 0.155519 0.0609138
v -0.0482924 0.162399 0.063751
v -0.143449 -0.328851 -0.0265346
v 0.0112533 -0.265064 -0.00833637
v -0.0566572 0.168517 0.0634336
v -0.0151545 0.398665 0.0417056
v -0.0399977 0.192862 -0.0936793
v 0.0472467 0.159405 0.0631446
v -0.015778 0.426548 0.0356018
v -0.0664672 0.184572 0.0645748
v 0.0578946 -0.411746 -0.090972
v -0.0691692 0.202187 0.063251
v -0.0115854 -0.386807 -0.0294702
v -0.0418469 0.201419 0.0630292
v 0.0775195 -0.423257 -0.0940016
v -0.083771 0.355535 -0.0329395
v -0.0833575 0.345402 -0.0244059
v -0.00468768 0.20208 0.0721119
v 0.0861193 0.240857 -0.0175454
v 0.15814 0.015899 -0.0285043
v 0.0853603 0.245318 -0.00961743
v 0.0490171 -0.430998 -0.0859122
v 0.107023 0.140569 -0.00542518
v -0.0491672 0.218543 0.0690012
v -0.0840165 0.217817 -0.0196014
v -0.00261601 0.405375 0.0417731
v -0.0838628 0.240263 -0.0244122
v -0.0727491 0.219417 0.0644715
v -0.0438888 0.224201 0.068594
v 0.0509652 0.218759 0.0707854
v 0.140292 -0.308533 -0.00760669
v -0.131179 0.0694201 -0.0794447
v -0.021586 0.223558 0.0637372
v 0.00391886 -0.0404112 -0.13914
v -0.118047 -0.0260015 -0.0128359
v 0.00277641 0.224628 0.0701424
v -0.118897 -0.0293817 -0.020141
v 0.0758735 0.220038 0.0677424
v -0.144687 -0.359567 -0.0335392
v -0.123006 -0.0450225 -0.0241248
v -0.129174 -0.074468 -0.0292914
v -0.139653 -0.271638 -0.0272781
v -0.148856 0.0686942 -0.0796286
v -0.0728677 0.236238 0.065478
v 0.0740606 0.134886 -0.0751179
v 0.0711958 0.243214 0.0726152
v -0.121444 -0.0397453 -0.00616799
v 0.0681427 0.251197 0.0749486
v 0.0761798 0.235851 0.0192256
v 0.0634406 0.257741 0.0785451
v 0.0374475 0.145371 -0.095607
v -0.0932364 -0.162945 -0.136157
v -0.0531806 0.271517 0.0710969
v 0.0607221 0.267937 0.0632888
v -0.0451745 0.116633 -0.0896483
v 0.160659 0.111833 -0.00376825
v -0.0427675 0.0949225 -0.0923984
v 0.0520808 0.274543 0.0637694
v -0.0320939 0.286736 0.0632426
v -0.0395866 0.283088 0.058249
v -0.0804915 0.237631 0.00279259
v 0.0219824 0.286623 0.0732853
v 0.0700979 -0.490808 0.0318778
v -0.120709 -0.49297 0.0572902
v 0.0151631 -0.314673 -0.0203888
v -0.0797734 -0.41007 -0.0948927
v -0.168438 0.109577 -0.00419275
v 0.149917 0.0610242 -0.0773588
v -0.014036 -0.33592 -0.0169591
v 0.145962 -0.347037 -0.0244741
v -0.0759496 -0.494019 0.0598736
v -0.0694691 -0.494431 0.057077
v -0.054519 -0.494008 0.0574966
v 0.0131663 -0.393799 -0.0223595
v 0.0394485 -0.49152 0.062361
v 0.0471073 0.0959614 -0.0911969
v 0.075551 -0.492679 0.0694931
v 0.0575561 -0.493628 0.060138
v 0.0847997 -0.492516 0.0699875
v 0.0978354 -0.491958 0.0613653
v 0.0890135 -0.492608 0.0618178
v -0.0672883 -0.403591 -0.0942741
v -0.0459002 0.10297 -0.089739
v 0.113941 -0.493203 0.0628094
v 0.13531 -0.488413 0.0590015
v -0.227952 0.0777075 -0.00601153
v 0.0792138 -0.493002 0.0303884
v -0.0659689 -0.417358 -0.0931685
v 0.139506 -0.480536 0.0577222
v -0.139392 -0.274876 -0.0208555
v -0.0239444 -0.483037 0.0589305
v 0.137163 -0.472088 0.05425
v -0.046594 0.0687671 -0.0935728
v -0.0796467 0.210657 0.00699282
v 0.115205 -0.0109249 -0.00138603
v -0.0949615 -0.449061 0.060831
v -0.102172 -0.45572 0.0622372
v 0.0207626 -0.486918 0.0244476
v 0.0173792 -0.454851 0.0527294
v -0.119138 -0.447442 0.0346939
v 0.0728648 0.0674876 -0.0807756
v -0.0179348 -0.454369 0.0575468
v -0.0231202 -0.445768 0.0569308
v 0.140606 -0.276123 -0.0160682
v -0.031147 -0.439938 0.0580867
v -0.0267329 -0.439937 0.0519191
v 0.0313167 -0.437938 0.0523458
v 0.0217943 -0.448484 0.0549993
v 0.0776507 -0.394189 -0.095586
v -0.0578597 -0.210115 0.0556897
v -0.0440999 -0.203032 0.0613155
v 0.0910751 -0.17389 0.0618304
v -0.0290993 -0.202947 0.0618371
v -0.0415344 -0.211075 0.0557074
v 0.0486418 0.0704586 -0.0934383
v -0.0184562 -0.208802 0.0558107
v -0.104552 -0.400772 -0.0903219
v -0.0216098 -0.202991 0.0618546
v 0.00505131 -0.208121 0.0548602
v -0.131738 -0.0836851 -0.0106966
v 0.0219509 -0.212203 0.0522523
v 0.0160046 -0.338031 -0.0167307
v 0.0356062 -0.205163 0.0596439
v 0.0312875 -0.212392 0.0541529
v 0.0449849 -0.204363 0.0602217
v -0.0945891 -0.400893 -0.0934983
v 0.0522321 -0.203765 0.0599881
v 0.057346 -0.207453 0.0573056
v -0.0822969 0.360279 -0.0200891
v -0.141331 -0.148341 -0.0112444
v 0.109335 0.120772 -0.0765755
v -0.13667 -0.195544 -0.00461384
v 0.0860027 0.25161 -0.0173021
v -0.0889089 -0.159628 0.0664626
v -0.0961843 -0.170378 0.058163
v 0.0970479 -0.168468 0.0599449
v 0.138856 -0.211714 -0.0141872
v -0.104065 -0.146551 0.057975
v 0.0529458 0.0782417 -0.089784
v 0.0499237 -0.43998 -0.0853722
v 0.137702 -0.206721 -0.00659997
v 0.108494 -0.124316 0.0599362
v 0.108941 -0.110635 0.0630025
v 0.13811 -0.245629 -0.0138439
v -0.107737 -0.0968259 0.0631374
v 0.114 -0.0989374 0.0573412
v 0.113468 -0.0895799 0.0575804
v 0.105182 -0.06726 0.0610937
v 0.139602 -0.189122 -0.04189
v 0.0993065 -0.051553 0.0630054
v 0.0974483 -0.0354709 0.0584174
v -0.0981834 -0.038706 0.0560385
v 0.0505882 -0.0594947 -0.133868
v -0.0854854 -0.0182591 0.0624997
v 0.117996 -0.0253439 0.00650884
v 0.121773 0.122281 0.00149836
v -0.0479765 -0.373384 -0.0880959
v -0.0902112 -0.0143534 0.0553118
v -0.0811919 0.00147438 0.0580246
v -0.22589 0.00776767 0.0590527
v 0.086556 0.255671 -0.0271559
v 0.0863848 0.19945 -0.018297
v -0.0566348 0.0558319 -0.0896772
v -0.108908 0.130734 0.00151216
v 0.0863581 0.180414 -0.0158156
v 0.0813603 -0.000159107 0.0612082
v 0.0703735 -0.427458 -0.0931789
v -0.234572 0.00894743 0.059886
v -0.241411 0.0110006 0.0594775
v -0.195852 0.0203596 0.0557276
v 0.0706605 0.0107843 0.065105
v -0.0891692 -0.391558 -0.094827
v -0.0895771 -0.0939086 -0.133598
v 0.252786 0.0197599 0.0665651
v -0.135731 -0.486488 -0.0313714
v -0.0878408 -0.41552 0.0426686
v -0.190687 0.0189655 0.0475533
v -0.194093 0.0282175 0.0605376
v 0.0461864 0.0454535 -0.10056
v 0.139655 -0.353167 -0.000934832
v 0.255421 0.0188952 0.0568069
v -0.0965426 -0.413928 0.0407199
v -0.0631145 0.0226787 0.064523
v -0.1286 -0.0697707 -0.00785459
v 0.193385 0.0252846 0.0572638
v 0.13346 -0.0809776 -0.0208525
v 0.0336635 -0.0519783 0.105937
v -0.262354 0.0291258 0.0638901
v 0.144179 -0.367024 -0.0104233
v -0.140959 -0.17544 -0.0155435
v 0.190244 0.0328557 0.0574046
v -0.137058 -0.290261 -0.0076427
v 0.264726 0.0334871 0.0672437
v -0.0132609 -0.474531 0.0469374
v -0.266115 0.0362146 0.0673531
v -0.068869 0.0476911 0.0645753
v -0.0649268 0.0316901 0.0631902
v 0.189075 0.0413553 0.0573896
v 0.0936112 -0.36483 -0.0944163
v 0.0710762 -0.371174 -0.0950956
v -0.268556 0.0427 0.0620208
v -0.13788 -0.272485 -0.0137675
v 0.268164 0.0404888 0.0612376
v 0.0167199 -0.31551 -0.0130657
v 0.0197377 -0.300336 -0.00471119
v -0.0816978 -0.408561 0.0423461
v -0.188422 0.0525597 0.0540547
v 0.0853396 0.0612196 0.0541168
v -0.0437768 -0.0876604 0.11039
v -0.0158421 -0.381552 -0.00575653
v 0.145632 -0.398235 -0.00723308
v -0.0754912 0.0749209 0.0588757
v 0.0795966 0.074146 0.0608482
v -0.262438 0.0711373 0.0496933
v -0.256868 0.0856661 0.0630866
v -0.0178762 -0.325202 -0.00461758
v -0.0716795 0.0832406 0.0606619
v -0.250266 0.0907877 0.0644569
v 0.0141141 -0.416016 -0.00793153
v 0.0747036 0.0903899 0.0592832
v 0.068399 0.0943205 0.0627186
v 0.0726776 -0.346224 -0.095436
v 0.0663619 0.100899 0.0592389
v 0.230598 0.0920946 0.0603924
v -0.0162428 -0.349629 -0.00909898
v 0.0618089 -0.116166 0.102042
v -0.0860349 -0.34307 -0.095537
v -0.018021 -0.48296 0.0434829
v 0.248622 0.0906982 0.0627083
v -0.0546356 0.107001 0.0590752
v -0.0626242 0.105721 0.0532588
v -0.0833462 0.186399 -0.00901091
v -0.0640884 -0.412931 0.0416419
v 0.14083 -0.192999 -0.0334193
v 0.0528778 0.114096 0.0573744
v -0.0328649 0.120789 0.0611998
v 0.0143958 -0.387245 -0.0166655
v 0.0164509 -0.390819 -0.00726991
v 0.104506 -0.35449 -0.0913793
v 0.0300307 0.113911 0.0646087
v 0.0963698 -0.351833 -0.0939279
v -0.0665046 -0.379893 -0.0946744
v -0.0256529 0.128338 0.0629854
v -0.0699124 -0.396832 0.0400625
v -0.0729436 0.388884 0.000827003
v 0.030584 0.137763 0.0620805
v -0.0753088 0.372332 -0.0006011
v 0.038445 0.135507 0.058667
v 0.0786515 0.365476 -0.00152447
v -0.0786397 0.339521 -0.00235251
v 0.0858386 0.266498 -0.0140767
v 0.0850921 0.282703 -0.0112225
v 0.0422028 0.143174 0.0563997
v 0.0369356 0.149424 0.0598413
v -0.0242674 0.456208 -0.116539
v 0.0829727 0.335581 -0.00856244
v -0.080992 0.261484 -0.00121094
v -0.0787143 0.306469 0.00133269
v 0.0541396 0.164104 0.0631566
v 0.0840105 0.25796 -0.00363316
v -0.0836995 0.278434 -0.0189052
v 0.0831935 0.285466 -0.00290015
v 0.0856628 0.358428 -0.026749
v -0.0583213 -0.352429 -0.0926585
v 0.0201194 0.456468 -0.11846
v 0.0696932 0.185962 0.0663204
v -0.0821418 0.18777 -0.00147678
v 0.0709196 0.196555 0.067
v 0.0668072 0.20327 0.0701606
v 0.0513064 0.202327 0.062552
v 0.0447396 0.200986 0.0579168
v 0.018305 -0.349261 -0.051929
v -0.0341207 0.202935 0.0615572
v -0.079314 -0.496666 0.0454937
v -0.0214406 0.212021 0.0624067
v 0.0220813 0.207764 0.0639184
v 0.0658565 0.208929 0.0673588
v 0.10456 -0.398187 0.036446
v -0.141085 -0.342674 -0.0500769
v -0.0522844 -0.345327 -0.090594
v -0.00864084 0.21569 0.0645977
v 0.0876552 -0.0213313 -0.0960357
v -0.0597036 -0.095398 0.104239
v 0.0285268 0.210181 0.0612492
v 0.0195983 -0.315906 -0.00505899
v 0.0311869 0.446774 -0.119637
v -0.022828 0.217831 0.0617847
v -0.09257 -0.0173098 -0.0857464
v -0.0275857 0.22124 0.0603721
v 0.10368 -0.373774 0.0335261
v -0.0171628 0.461103 -0.115714
v 0.0841441 0.17795 4.45509e-05
v 0.00724956 0.212212 0.0649303
v 0.0662611 0.213873 0.0709
v 0.0856362 0.195677 -0.00872156
v 0.161393 0.100181 0.00690736
v -0.0827642 0.171408 -0.00388968
v -0.0816052 0.202909 0.00047441
v -0.0808462 0.220031 0.00252956
v -0.09246 -0.0531723 -0.100902
v -0.0911046 -0.0343909 -0.0951155
v 0.134245 -0.0847696 -0.0109007
v 0.125561 -0.0460298 -0.00543188
v 0.0216793 0.214701 0.0627867
v 0.223931 0.0803454 -0.0117583
v -0.124093 -0.0492495 -0.0080266
v 0.079089 0.224812 0.0532388
v -0.0280946 0.227156 0.0653067
v -0.240297 0.0650177 -0.00831781
v 0.0848694 -0.383343 -0.0955412
v 0.0234975 -0.316665 0.00270614
v 0.164163 0.0180529 0.00889532
v 0.0744018 0.234188 0.0724974
v -0.0689787 0.253045 0.0666703
v 0.100154 -0.0584834 -0.0961314
v -0.0640689 0.26189 0.0664323
v -0.0582967 0.26841 0.0648521
v 0.102736 -0.0763436 -0.101393
v 0.134188 -0.336181 0.00651784
v -0.138404 -0.342172 -0.00361597
v -0.0457256 0.27885 0.061034
v 0.0345969 -0.311971 -0.0771523
v 0.13945 -0.402547 0.00725722
v 0.142331 -0.408604 0.00278494
v -0.106854 0.00674651 -0.00230058
v 0.0455162 0.0096705 0.0818444
v -0.165854 0.0688888 -0.0775423
v -0.0469331 0.304652 0.0578834
v -0.0525457 0.302068 0.0539601
v 0.0881861 -0.350358 -0.0953994
v -0.0317678 0.305564 0.06094
v -0.0391199 0.300162 0.0588083
v -0.0331624 0.314271 0.0633323
v 0.0824461 0.271545 0.00101862
v -0.104116 -0.0715123 -0.0931662
v 0.0361754 0.304237 0.0608363
v 0.0283708 0.296677 0.0596029
v -0.0769779 0.253007 0.0112334
v 0.0402754 0.31425 0.0628579
v -0.0480102 0.313175 0.0598916
v 0.0922528 -0.379948 -0.0946999
v -0.0500457 0.322718 0.0596798
v -0.0761912 0.268844 0.0117062
v 0.0234713 0.312905 0.0662958
v 0.0309903 0.313375 0.0628223
v -0.0978829 -0.0517002 -0.0937527
v 0.112538 -0.0875583 -0.0926211
v 0.0993585 -0.376339 -0.0931228
v 0.0820009 0.18955 0.00725007
v -0.0265281 0.318937 0.0632109
v 0.115605 -0.103976 -0.097693
v -0.116419 -0.0296892 0.00914742
v -0.0269125 -0.197539 0.066892
v 0.0100138 -0.0405302 0.107054
v -0.0269126 0.325953 0.0621554
v -0.136026 -0.274369 -0.0515041
v 0.0847676 0.337913 -0.0165331
v 0.0295395 0.329143 0.0612006
v -0.110248 -0.320093 0.0279315
v -0.0321411 0.332901 0.0607632
v -0.0583438 -0.011459 0.0823081
v -0.0759018 0.173038 0.017675
v 0.0493214 0.326903 0.0602455
v 0.06378 -0.313039 0.0363848
v -0.243954 0.0679685 0.00593017
v 0.118631 -0.105235 -0.088758
v 0.0397227 0.331292 0.0610078
v 0.137515 -0.113432 -0.0020776
v 0.14278 -0.141848 -0.00664055
v -0.0207531 0.351642 0.0591755
v -0.0737826 -0.286989 0.0349426
v 0.0233274 0.344672 0.0571886
v 0.028115 0.353166 0.0594579
v 0.139672 -0.168937 0.00658808
v 0.0359133 0.354225 0.0579122
v 0.031679 0.360537 0.0600782
v -0.0327368 0.358331 0.0586824
v 0.0730906 -0.293568 0.0358117
v 0.0797281 -0.29137 0.0360384
v -0.030958 0.371561 0.0567103
v -0.118239 -0.121235 -0.0948432
v -0.00974168 0.458615 -0.118708
v -0.114726 -0.493418 0.0529765
v -0.12696 -0.0647931 -0.000941705
v -0.107259 -0.492972 0.0536354
v -0.0923146 -0.495895 0.0505933
v -0.0864108 -0.497049 0.0463176
v -0.0742709 -0.495438 0.0519484
v -0.0587582 -0.494455 0.0506115
v -0.0466494 -0.493922 0.0570317
v 0.0429294 -0.493298 0.054733
v 0.0786483 -0.255844 0.03603
v 0.0287421 -0.383683 0.0140986
v 0.0596217 -0.49458 0.0508963
v -0.0515075 -0.0147312 0.0872839
v 0.0843087 -0.495185 0.0545074
v 0.0683189 0.0607499 -0.0825116
v 0.0838645 -0.241285 0.0385473
v -0.0183803 -0.479424 0.0529084
v 0.0743519 0.287252 0.0180293
v -0.0896367 -0.306643 -0.0941216
v 0.0795817 0.185549 0.0139591
v -0.0611379 -0.286852 -0.0923727
v -0.131761 -0.468575 0.0511196
v 0.0607899 -0.309865 -0.0926478
v -0.0598207 -0.198704 -0.121333
v 0.0855527 0.322964 -0.0191628
v -0.011824 -0.465648 0.049321
v 0.0836636 0.132909 -0.0736581
v 0.121032 -0.0392388 0.0109664
v 0.0146433 -0.461084 0.0505776
v -0.209814 0.0211757 0.0732421
v 0.126929 -0.489117 -0.0494912
v 0.120997 -0.126709 -0.0911294
v -0.119386 -0.135742 -0.0939835
v 0.0701132 0.0445629 -0.0830149
v -0.00998423 -0.459384 0.0431801
v 0.115254 0.124326 -0.0735827
v -0.12469 -0.297707 0.0131401
v -0.124883 -0.0613863 0.00729528
v 0.206975 0.0872569 0.00566079
v 0.119061 -0.131434 -0.0981056
v 0.12164 -0.172236 0.0371806
v 0.0994807 -0.444069 0.0522923
v 0.114183 -0.453666 0.0503184
v -0.0901428 -0.437493 0.0493335
v -0.0837269 -0.43747 0.0531422
v -0.0835859 -0.432401 0.0474969
v -0.0268186 -0.437185 0.0450975
v -0.0325766 -0.435728 0.050779
v 0.0756152 -0.436775 0.0572628
v -0.129004 -0.292015 0.00753985
v 0.0847228 -0.430293 0.0467853
v -0.134395 -0.267507 -0.00510226
v 0.0640735 -0.302115 -0.0932413
v 0.101542 -0.186786 -0.102473
v -0.0611394 -0.43247 0.0552101
v 0.0390127 -0.434831 0.0541712
v 0.0358818 -0.433708 0.0467523
v 0.0469288 -0.431988 0.053821
v -0.0169619 -0.308004 -0.00665484
v -0.0718489 0.0280583 -0.0850848
v 0.127652 -0.161344 0.0316318
v -0.131549 -0.326434 0.00677158
v -0.101843 -0.187251 -0.100748
v 0.132084 -0.144473 0.0252273
v 0.124541 -0.11304 0.0366556
v -0.0331498 -0.214323 0.0532445
v -0.040465 -0.216887 0.0515957
v -0.0238299 -0.214093 0.0516525
v -0.0281606 -0.220539 0.047513
v 0.0810456 -0.319755 -0.0957373
v 0.0488814 -0.21561 0.0530954
v 0.0941097 -0.295807 -0.0929895
v 0.0527403 -0.220944 0.0498214
v 0.0217668 -0.357088 -0.000370596
v 0.118111 -0.075379 0.0433604
v 0.0719754 -0.319254 -0.0952915
v -0.0758034 0.0106261 -0.0908982
v -0.105487 -0.180303 -0.10132
v 0.0754622 -0.21268 0.0511438
v -0.0835762 -0.280225 -0.0932904
v -0.0815409 -0.294056 -0.0944887
v 0.12794 -0.394694 0.0211045
v 0.0253593 -0.391203 0.0108816
v 0.0937563 -0.1993 0.0498493
v 0.0833613 -0.21264 0.0488226
v -0.0536864 0.418863 0.0183835
v 0.100873 -0.194916 0.0473433
v -0.101464 -0.176083 0.0526069
v -0.10612 -0.18241 0.0467733
v -0.098416 -0.185243 0.0514453
v 0.102716 -0.178936 0.052474
v 0.102915 -0.163232 0.0571413
v -0.104471 -0.16571 0.0536764
v -0.110113 -0.15835 0.0498906
v -0.115512 -0.161075 0.0438867
v 0.120683 -0.497907 -0.0101782
v 0.112921 -0.169044 0.0473493
v 0.108819 -0.0350393 0.0406922
v -0.109313 -0.140427 0.053509
v 0.108471 -0.140516 0.0568183
v 0.114569 -0.153213 0.0488582
v 0.108292 -0.131795 0.0587564
v -0.109447 -0.130713 0.0547599
v 0.112507 -0.497604 0.00602176
v 0.066213 -0.283187 -0.0928032
v -0.0140204 -0.075351 0.114684
v -0.0668432 -0.178846 0.0701984
v -0.104134 -0.0876102 0.0668517
v -0.104455 -0.06181 0.0567559
v -0.099306 -0.047879 0.0586642
v 0.0669462 0.418278 0.00721042
v -0.102458 -0.0357154 0.0482801
v -0.104794 -0.0145634 0.0312456
v 0.0743032 -0.284108 -0.0937922
v 0.223081 0.00602227 0.055397
v -0.0942665 0.00818246 0.0347208
v -0.2395 0.00783123 0.0531825
v -0.140323 -0.307834 -0.0467619
v 0.0722044 0.264654 0.0236915
v 0.197127 0.0194132 0.0566647
v -0.0447401 -0.00960372 0.0888053
v 0.00342545 -0.201229 -0.103305
v 0.0678021 0.261482 0.0302844
v 0.0723557 0.0264807 0.0593172
v -0.0778222 0.0232337 -0.0810118
v -0.18974 0.026671 0.052484
v -0.0702488 0.243908 0.0266156
v 0.0776334 0.0383774 0.057253
v -0.269425 0.0495027 0.0566269
v -0.0925926 -0.208219 -0.094775
v -0.108885 -0.023335 0.0278056
v -0.0732066 0.0525254 0.0614505
v 0.083449 0.0448381 0.0516723
v -0.0690992 0.385104 0.00785476
v 0.187605 0.0540872 0.050918
v -0.0604088 0.468762 -0.025554
v 0.269561 0.0608058 0.0606105
v 0.269003 0.0462028 0.0559831
v 0.0761937 0.199634 0.0215208
v 0.0856524 0.33112 -0.0223537
v 0.0955999 -0.203011 -0.0961832
v 0.0881822 -0.216212 -0.0949007
v 0.0818847 -0.222231 -0.0954097
v -0.00339793 0.22178 0.0669593
v 0.266217 0.0675888 0.0549464
v 0.263547 0.0748918 0.0579226
v 0.0718814 -0.290501 -0.093947
v -0.0890257 -0.266722 -0.0914357
v -0.212815 -0.00279773 0.0269677
v 0.0834387 0.080387 0.053327
v 0.257833 0.0795988 0.0536357
v -0.204619 0.0780268 0.0501455
v -0.0754126 0.181813 0.0183945
v 0.0795512 0.309705 0.00506262
v -0.0725219 0.202316 0.0299414
v -0.0800394 0.253548 0.00295796
v 0.204172 0.0771335 0.0505286
v 0.250669 0.083043 0.0500913
v 0.226962 0.00167251 0.0424966
v -0.237952 0.0891637 0.0532551
v 0.0775667 0.0927468 0.0539499
v 0.0843699 0.22169 -0.00250147
v 0.0690071 0.105709 0.0519557
v 0.0605681 0.106887 0.0585687
v 0.0559563 0.119675 0.0517396
v -0.132931 -0.201484 -0.0521629
v 0.0612966 0.120626 0.0464239
v 0.0551477 0.12712 0.0487197
v 0.0191233 -0.209926 -0.0983356
v -0.0477889 0.122957 0.0533677
v 0.049364 0.123146 0.0545446
v -0.0810722 0.174843 0.00383187
v 0.0647858 -0.271897 -0.0918514
v 0.00959976 0.204988 0.0679959
v -0.0422194 0.150677 0.0557599
v -0.0469497 0.139397 0.0522636
v 0.0367517 -0.326472 0.0186799
v 0.0385643 -0.311708 0.02013
v 0.0580037 -0.287675 -0.0907264
v -0.0952624 0.00186268 0.0382121
v -0.0400686 -0.303435 0.0226645
v -0.0656755 -0.294623 -0.093739
v -0.065275 -0.263223 -0.0920483
v -0.0923756 0.0160182 0.0317867
v 0.0554578 0.161614 0.0482984
v 0.0576081 0.166692 0.0554538
v 0.0607111 0.170035 0.0459936
v -0.069835 0.188653 0.0571575
v -0.0285615 -0.329353 0.0120902
v -0.0901536 0.012814 0.0383235
v -0.0716409 0.197074 0.056828
v 0.0735339 0.190874 0.0583466
v 0.0376032 -0.439959 -0.077351
v 0.0923116 0.00738384 0.042838
v -0.0734833 0.2147 0.0579411
v -0.0337247 0.209618 0.0581396
v 0.0771968 -0.0481854 0.0833712
v 0.0902986 0.0137572 0.0413206
v -0.0115787 -0.21034 -0.0949228
v -0.174841 0.0058122 -0.00115245
v 0.080705 -0.280887 -0.0938101
v -0.0339446 0.217406 0.0575635
v -0.041197 0.22098 0.0548392
v -0.142468 0.0292086 -0.00585226
v 0.0542942 0.218072 0.0643519
v 0.122304 -0.0463308 0.0137768
v -0.0489726 0.22213 0.0623123
v 0.119958 -0.275736 0.0187142
v -0.0335455 0.226028 0.0587855
v 0.0366037 0.222452 0.057327
v -0.18592 0.0119328 0.0333785
v 0.0774152 0.228376 0.0637504
v 0.101411 -0.264191 0.0298718
v 0.0769618 0.235629 0.0537609
v -0.0207011 -0.212266 -0.0971011
v -0.0161126 -0.216157 -0.0917397
v 0.0882341 -0.276366 -0.0926487
v 0.0667463 0.259568 0.0696157
v 0.140964 -0.142695 0.00182774
v -0.0564042 0.27039 0.0566952
v 0.121765 -0.39323 0.0262
v -0.0922694 -0.217705 -0.0919992
v -0.0440376 0.279414 0.0541873
v -0.187614 0.00610968 0.026355
v -0.266777 0.0408478 0.0446605
v -0.046611 0.295853 0.0533875
v 0.0772012 0.007591 -0.093468
v -0.262915 0.0320389 0.0317396
v -0.0347368 0.140408 0.0593169
v 0.138649 -0.139316 0.00934454
v 0.0443218 0.298946 0.0574822
v -0.220504 0.098609 0.108159
v -0.0864372 0.0501785 0.0324314
v 0.0518434 0.302662 0.0565733
v 0.0504204 0.295242 0.0531496
v 0.0832589 0.359445 -0.0136671
v 0.057911 0.307061 0.054497
v -0.0592959 0.313456 0.052742
v -0.251788 0.0305808 -0.00292605
v -0.038585 -0.19725 -0.124878
v -0.0577568 0.3216 0.0542814
v -0.015524 -0.0415272 0.106515
v 0.0963273 -0.280875 -0.0912353
v -0.131491 -0.275422 0.00211838
v 0.128742 -0.284993 0.00982234
v 0.061068 0.327332 0.0525308
v 0.0742963 -0.24446 -0.0929727
v 0.0733515 0.176465 0.0262501
v -0.0226676 0.331146 0.059883
v -0.0239338 -0.220813 -0.0915564
v -0.0614011 -0.237248 -0.0940432
v -0.0511935 0.336952 0.0539775
v -0.0643078 0.167265 0.0358378
v -0.203329 0.0154036 0.0589632
v 0.125089 -0.0533141 0.0087688
v -0.0840145 -0.251376 -0.0914877
v -0.0202317 -0.310934 0.000490264
v -0.0272419 0.137178 0.0624103
v 0.259982 0.0612632 0.0307065
v -0.0846139 -0.232272 -0.092547
v 0.131909 -0.341763 0.0100814
v 0.0492706 0.336847 0.0564671
v -0.0331459 0.342828 0.057433
v -0.112441 -0.0300273 0.0236481
v -0.0236626 -0.342572 0.00564395
v -0.118316 -0.0613896 0.0304236
v -0.0404185 0.348019 0.0548233
v 0.0218719 -0.0793159 0.114754
v -0.0137634 0.351092 0.0576882
v -0.00833954 0.358356 0.0568604
v -0.00582847 0.349752 0.0542556
v 0.0245737 -0.361954 0.00553154
v 0.0396446 0.348785 0.0560359
v 0.0614066 0.113646 0.0520497
v -0.0330524 0.351501 0.0574162
v -0.0961195 -0.15446 -0.137299
v -0.0975809 -0.216713 0.0395711
v -0.13343 -0.345144 0.00596563
v 0.043459 0.354816 0.0555569
v -0.134353 -0.354582 0.00569838
v 0.0798105 0.177116 0.013703
v -0.141836 -0.37934 -0.00568504
v 0.0644433 -0.230742 -0.0954894
v 0.0822455 -0.273751 0.0342875
v -0.011523 0.368244 0.056724
v 0.0120473 0.358142 0.0570152
v 0.0117684 0.36691 0.0556394
v -0.0445029 0.364317 0.0544603
v -0.0824794 0.0839195 0.0397175
v -0.0161747 0.376977 0.052754
v 0.00454086 0.370287 0.0510959
v 0.0560086 -0.394873 0.0357873
v -0.081816 0.325083 -0.0116921
v 0.0466932 0.362936 0.0548406
v 0.0842934 -0.230827 -0.09324
v 0.0492809 -0.400909 0.0335989
v -0.051398 -0.00641651 0.0845959
v 0.0194652 0.371632 0.0567868
v 0.041003 0.36788 0.0552269
v -0.0154777 0.433702 0.0340556
v -0.0216183 0.382901 0.0473183
v -0.01966 0.420526 0.0360066
v 0.0124148 0.37523 0.0516241
v -0.0910221 -0.497131 0.0332226
v -0.0112048 0.213754 0.0942113
v -0.0835301 -0.0786222 -0.125832
v 0.0792322 -0.496029 0.0467204
v 0.1359 -0.112368 0.00538802
v 0.135568 -0.405254 0.0136943
v -0.11153 -0.495055 0.0463542
v -0.101453 -0.496423 0.0463404
v -0.180413 0.0120052 0.02552
v -0.0550777 -0.493574 0.0435986
v 0.0351151 -0.491484 0.0389012
v 0.0301146 -0.489365 0.046764
v 0.0527706 -0.493893 0.0452539
v 0.0915029 0.111596 -0.080691
v 0.0980377 -0.496758 0.046411
v 0.111212 -0.493234 0.0546241
v 0.0169544 -0.415739 0.000206514
v 0.1252 -0.49392 0.0517172
v -0.0644347 -0.0267289 0.0836789
v -0.0238787 -0.486071 0.0505578
v 0.0870248 -0.140018 0.0771345
v 0.108112 -0.0262883 0.0366817
v 0.0927065 -0.139606 0.0722693
v 0.0771203 -0.387082 0.0393621
v -0.139715 -0.401645 0.00325396
v -0.0637465 0.111349 0.0465783
v -0.129234 -0.464444 0.0453933
v 0.0135911 -0.059828 0.111399
v 0.126257 -0.461674 0.0466388
v 0.0633179 -0.388671 0.0373538
v -0.0130749 -0.452876 0.0450935
v 0.121077 -0.455352 0.0446558
v 0.0973759 -0.134442 0.0694654
v -0.0691529 0.117068 0.0338009
v -0.114515 -0.448834 0.042242
v -0.105787 -0.444153 0.0454652
v -0.022246 0.213872 0.103066
v -0.0158165 -0.446727 0.0425792
v 0.0727353 -0.40083 0.040876
v 0.119512 -0.13908 -0.0971467
v -0.0869993 -0.38788 0.0389892
v -0.0976894 -0.437119 0.0444806
v -0.0968707 -0.443249 0.0519986
v 0.0626608 0.143499 0.040607
v -0.0214975 -0.488919 0.0120371
v -0.0843098 -0.399191 0.0408306
v -0.139412 -0.323394 -0.052539
v 0.103979 -0.494683 0.0062552
v -0.0336467 -0.432768 0.0429962
v -0.039714 -0.431727 0.0488091
v 0.0769698 -0.432175 0.0498199
v 0.113289 -0.396156 0.0320992
v 0.110743 -0.406973 0.0349268
v 0.114683 -0.14421 -0.109273
v 0.0631438 -0.428969 0.0493023
v -0.127332 0.137771 -0.051791
v 0.0650722 -0.422822 0.0442279
v 0.0393606 0.490292 -0.0530711
v -0.0577139 -0.226801 0.0469716
v -0.0442638 -0.222038 0.0489754
v 0.0611865 -0.219299 0.0502703
v 0.0186605 -0.218301 0.0459368
v 0.0238625 -0.225694 0.0413427
v 0.100901 -0.119839 0.0706391
v -0.0114837 0.420873 0.0375324
v 0.0678417 0.139429 0.0348326
v -0.116477 -0.136749 -0.103671
v 0.0851808 -0.228796 0.0420532
v -0.0761575 -0.200723 0.0560766
v -0.102773 -0.0609907 -0.0908257
v -0.0993133 -0.198336 0.0455904
v -0.0892283 -0.19644 0.0523002
v -0.0907393 -0.2101 0.0456567
v -0.114455 -0.144099 0.046922
v 0.114251 -0.143791 0.0501524
v 0.0653494 0.166389 0.0372357
v 0.11279 -0.126314 0.0541451
v 0.117569 -0.128873 0.0477394
v -0.0738919 0.209815 0.0364857
v 0.0779861 0.330784 0.00877905
v 0.113759 -0.107673 0.0568656
v -0.119861 -0.0916628 0.0426695
v -0.115036 -0.0884179 0.0507377
v 0.106303 -0.0462187 0.0511145
v 0.014563 -0.313932 -0.0354053
v -0.261173 0.091208 0.104347
v -0.0946821 -0.0106047 0.0471123
v -0.101376 -0.0266813 0.0449541
v 0.12152 -0.135597 -0.0908104
v 0.0799876 0.270345 0.0084275
v 0.136496 -0.176082 -0.055359
v -0.0869631 0.00429535 0.049146
v -0.0910735 0.00644424 0.0417029
v -0.0772993 0.238463 0.0115373
v 0.104141 -0.0279935 0.0449391
v 0.211271 0.00410732 0.0464522
v -0.245198 0.00889571 0.0455502
v 0.145582 -0.333273 -0.0267196
v -0.0749942 0.0181022 0.0550179
v 0.0767887 0.228533 0.0189145
v -0.111674 -0.0490839 0.038938
v 0.082055 0.181446 0.00727157
v 0.0757895 0.209496 0.0342804
v 0.0466789 -0.23282 -0.0925777
v 0.239902 0.0921987 0.0608023
v 0.120204 -0.119218 -0.090869
v -0.139246 -0.176078 -0.0394139
v 0.087173 -0.401237 0.0410027
v 0.264875 0.0325334 0.0482717
v 0.261277 0.0253921 0.0527248
v 0.0714153 -0.39205 0.039445
v -0.182214 0.0392797 0.0454893
v -0.184974 0.045898 0.0490674
v -0.0722806 0.0354351 0.0567759
v -0.0765958 0.0496322 0.0559994
v -0.0733929 0.0901882 0.0540437
v 0.185777 0.0459715 0.0509048
v 0.18185 0.0430953 0.0438083
v -0.185048 0.0185861 0.0397366
v 0.183848 0.0510205 0.0447511
v -0.105524 -0.0243299 0.0363635
v -0.268197 0.0562645 0.0512609
v -0.185272 0.0540786 0.0448585
v -0.0762739 0.213723 0.0155529
v -0.265063 0.0626901 0.0458017
v -0.190239 0.0608225 0.0497242
v -0.0157119 -0.335896 -0.0498855
v -0.193668 0.0679504 0.0444757
v 0.0640803 -0.0569991 0.0945752
v 0.0410293 -0.225928 -0.0937103
v -0.080569 0.0729553 0.050646
v 0.0505294 0.204767 0.0555977
v -0.0774595 0.123054 -0.0775489
v 0.102186 0.1311 0.00605434
v 0.0768722 0.225426 0.0382845
v 0.0960447 -0.120066 0.0757882
v -0.199514 0.0734936 0.0480421
v -0.210197 0.0814907 0.0471627
v -0.0508098 -0.226884 -0.0960232
v 0.110133 -0.0522119 0.0475418
v -0.116196 0.11457 0.00733358
v -0.223353 0.087134 0.0500381
v -0.104123 -0.0432822 -0.0812548
v -0.0669363 0.0917741 0.061177
v 0.225444 0.0888472 0.0534977
v 0.220045 0.0850911 0.047355
v 0.235871 0.0857896 0.0443826
v -0.116034 -0.119874 -0.10223
v -0.0984505 -0.497614 0.0261133
v -0.116661 -0.112156 -0.0951692
v -0.0682484 0.0982513 0.0539281
v -0.0689136 0.104286 0.0466816
v -0.0596413 0.117093 0.0464028
v -0.137 0.0709495 0.0125231
v 0.0745709 0.107107 0.0427075
v -0.0305704 -0.00733563 0.0933471
v -0.0455324 -0.23229 -0.0929086
v 0.116044 -0.0965893 -0.0914594
v -0.0526004 0.14314 0.0478092
v -0.0583151 0.146575 0.0427612
v -0.139971 0.0482886 0.0083126
v 0.0570941 0.147832 0.0459033
v -0.0288269 0.213056 0.0979015
v -0.104434 -0.491937 0.0617539
v 0.139545 -0.212002 -0.0297009
v -0.0581824 0.168716 0.0475017
v 0.226104 0.0943791 0.067881
v -0.103786 0.0133247 0.0015128
v -0.245401 0.0110814 0.00621058
v -0.11347 -0.0763477 -0.0803281
v 0.0732547 0.186332 0.0493697
v 0.100238 -0.0217812 0.0478591
v 0.0935092 -0.0269947 0.0595404
v 0.0760757 0.195862 0.0499681
v 0.0772133 0.205666 0.050567
v 0.0748508 0.20975 0.0586607
v -0.108514 -0.0591964 -0.0813353
v 0.108646 -0.0748589 0.0591047
v -0.0925912 -0.0445468 -0.0976475
v 0.0438948 0.217405 0.0543791
v 0.00811886 0.395692 0.0434483
v -0.0751292 0.228685 0.0609308
v 0.0415909 -0.212457 0.0548606
v -0.0758016 0.229579 0.0524952
v -0.0719416 0.24462 0.0612828
v 0.0746912 0.240541 0.0436407
v 0.115245 0.122155 0.00466442
v 0.117676 -0.0197668 -0.0010814
v 0.0715616 0.250711 0.0658119
v 0.0277056 0.495202 -0.0438101
v -0.131018 -0.0871038 0.00434876
v -0.132323 -0.1255 0.0158785
v -0.0596919 0.265585 0.0505558
v 0.0963922 -0.0614161 -0.101904
v 0.0619857 0.265935 0.0521235
v 0.0793485 0.0873509 0.055572
v 0.141668 -0.316316 -0.0106463
v -0.0550573 0.297492 0.0485647
v -0.0947181 -0.0612442 0.0692456
v 0.0956959 -0.0530319 -0.099556
v -0.0586142 0.292402 0.041527
v 0.0621872 0.311912 0.0525995
v 0.113995 -0.0825574 -0.08657
v 0.0787828 -0.238087 -0.0934588
v -0.0578338 0.335191 0.0499334
v -0.101519 -0.0663597 0.0626618
v 0.133217 -0.177008 0.0181827
v 0.0580793 0.335506 0.0517062
v 0.0648344 0.332476 0.0467082
v -0.0545671 0.341959 0.0487881
v 0.0364414 0.39468 0.0361137
v 0.0541321 0.343958 0.0499359
v -0.0480639 0.344586 0.0522685
v -0.249604 0.0951775 0.0722107
v 0.00273806 0.348333 0.0530259
v -0.104467 -0.12555 0.0616757
v 0.0843488 -0.171699 0.0665192
v -0.13312 -0.089754 -0.016117
v 0.0904662 -0.0559093 -0.106048
v 0.129432 -0.250968 0.00663396
v -0.126229 -0.272513 0.00976765
v 0.000111001 0.220651 0.0815979
v 0.0609633 0.359879 0.0471356
v -0.00216887 0.224261 0.0747123
v 0.12585 -0.0486431 -0.0280531
v -0.11499 -0.0931838 -0.087116
v 0.0403025 0.407107 0.0318277
v -0.0468736 0.371923 0.0496294
v -0.0711145 -0.0784227 -0.134913
v -0.0716401 -0.0269595 0.0786445
v -0.0477192 0.377606 0.0434222
v -0.0391575 0.371697 0.0535849
v 0.119728 -0.259044 0.0179094
v -0.0123008 0.383731 0.0467518
v 0.0212656 0.403812 0.0397361
v -0.0819439 0.138693 0.0135844
v -0.0600024 -0.228014 -0.0961876
v -0.0828211 0.129405 -0.0742281
v 0.123565 -0.130729 -0.0835789
v -0.0353175 0.381947 0.0443486
v -0.0288804 0.381385 0.0472591
v 0.0134446 0.408372 0.0402139
v 0.0134768 0.382915 0.046391
v -0.0825056 -0.0100949 -0.0945465
v 0.0210844 0.379123 0.0508206
v -0.131712 -0.495082 0.0453534
v -0.107839 -0.497593 0.0386208
v -0.0687866 -0.23257 -0.0949373
v -0.0712006 -0.495189 0.0442492
v 0.0933203 -0.497455 0.0382396
v -0.0764968 -0.0100794 -0.100348
v 0.12784 -0.49577 0.0445347
v 0.131076 -0.495062 0.0356134
v 0.0339887 -0.11724 -0.161642
v -0.139159 -0.490402 0.0420985
v 0.00517473 0.0252494 0.0850657
v -0.0428153 -0.494152 0.0500803
v 0.00893504 0.431351 0.035985
v -0.0471567 -0.493677 0.0430917
v -0.0361142 -0.492056 0.0506165
v -0.0295991 -0.490343 0.0389352
v 0.000201759 -0.000444706 0.0955078
v -0.0229422 -0.30558 0.00489446
v 0.0450919 -0.492797 0.0399224
v 0.049577 -0.0256101 0.092732
v -0.0271864 -0.304868 0.0106626
v 0.0564992 -0.0258915 0.0895486
v 0.0607277 -0.493519 0.0421786
v 0.107486 -0.495665 0.0464049
v -0.124778 -0.133357 -0.0765545
v 0.138462 -0.467237 0.0359181
v -0.140773 -0.475399 0.0394977
v 0.0311921 -0.355203 0.0137641
v -0.0734307 -0.0687233 0.0902501
v 0.014546 -0.474487 0.0448967
v -0.0278574 -0.347936 0.0113512
v 0.131313 -0.348728 0.0116214
v -0.122419 -0.459465 0.0459748
v 0.120091 -0.460353 0.0519458
v 0.122377 -0.450791 0.0370737
v -0.121082 -0.453712 0.0403067
v 0.0183989 -0.448314 0.0471757
v -0.0746652 -0.13391 0.0875883
v -0.0829058 -0.0512853 0.0776396
v -0.0913548 -0.430694 0.0441338
v 0.0917665 -0.426332 0.043779
v 0.0769076 0.000200216 -0.0976438
v -0.132452 -0.36145 0.00900742
v 0.131841 -0.373202 0.0137121
v -0.00311663 0.199464 0.0990022
v 0.0408175 -0.429649 0.0419726
v 0.0395094 0.00843938 0.0849877
v -0.0241793 -0.375823 0.00902225
v 0.08096 -0.417506 0.0438048
v -0.0702715 -0.419283 0.0434676
v 0.0727883 -0.419871 0.0437315
v -0.0767094 -0.227939 -0.0948777
v 0.0746935 -0.410378 0.0423791
v 0.0842712 -0.409508 0.0423373
v 0.0846909 0.355082 -0.01934
v 0.189407 -0.000614389 0.00705977
v -0.0924463 -0.31867 0.0428654
v -0.072629 -0.314528 0.0429098
v -0.0507113 -0.0314137 0.0930277
v 0.0784842 -0.319132 0.0440942
v 0.0522597 0.0355738 -0.0998941
v -0.0474581 -0.241132 -0.0911121
v 0.0205648 -0.0712951 0.113121
v -0.0832833 -0.304268 0.042911
v -0.0555579 -0.24138 -0.0926284
v -0.0558073 0.0903153 -0.0858928
v -0.0538737 -0.0635559 -0.133399
v 0.142599 -0.479417 0.0228527
v -0.139689 -0.485756 0.0166894
v -0.0635647 -0.233383 0.0439195
v -0.0491401 -0.228131 0.0460255
v -0.0605809 -0.241738 0.0405526
v -0.142393 -0.485642 -0.000838453
v 0.134464 -0.206971 -0.0524821
v 0.0587573 -0.238447 0.0414304
v -0.0690373 -0.056213 0.0899399
v 0.0235273 0.194254 0.101894
v -0.0407497 -0.228318 0.0449016
v -0.219567 -0.00193009 -0.00273752
v 0.0391716 -0.226255 0.0453605
v 0.0759273 -0.238367 0.0409217
v -0.0767159 -0.216712 0.0485897
v -0.0808636 -0.220149 0.0460265
v -0.0783952 -0.238049 0.0400605
v -0.0384311 0.102722 -0.093855
v -0.0107362 -0.216868 0.0456253
v -0.0236662 -0.226096 0.0417113
v -0.0186997 -0.231797 0.0348362
v -0.0323475 -0.227422 0.0433334
v 0.0143095 -0.223056 0.0397714
v -0.0276122 0.420333 0.0333506
v 0.0267269 -0.490121 -0.000239718
v -0.031372 -0.490686 -0.00181156
v -0.0397747 -0.48987 0.0163305
v -0.0106594 -0.210311 0.0529646
v -0.00286567 -0.212166 0.0494146
v 0.0287766 -0.0230996 0.0989733
v -0.136907 -0.15666 -0.051527
v -0.00447022 -0.00576722 0.0971884
v -0.0625073 -0.0672797 0.096806
v 0.0366446 0.129212 -0.0957822
v 0.0913065 -0.224784 0.0411838
v 0.103104 0.115288 0.0126374
v -0.1353 -0.212212 -0.0427218
v -0.0661938 0.399672 0.00904622
v -0.0614421 0.412803 0.0121335
v -0.124206 -0.141873 -0.0801798
v -0.114006 -0.178966 0.0407806
v 0.107421 -0.190246 0.0444971
v -0.11476 -0.169405 0.0427278
v -0.120658 -0.178519 0.0335535
v 0.117862 -0.166877 0.0427567
v -0.0447222 -0.106248 -0.158989
v -0.0382401 0.168056 -0.0942885
v 0.0793501 0.261095 0.0106719
v -0.0416075 0.183821 -0.0926591
v 0.120867 -0.147508 0.0422079
v -0.122681 -0.150013 -0.0832391
v 0.0720849 -0.0712043 0.0934705
v -0.114641 -0.12562 0.0486261
v -0.0365874 0.210888 -0.0961529
v -0.118155 -0.120989 0.043573
v -0.115025 -0.116716 0.0491265
v -0.105257 -0.498532 0.0314527
v -0.125222 -0.102809 0.0306353
v 0.0771625 0.207502 0.0187381
v -0.121539 -0.317055 -0.0785099
v -0.117357 -0.0819023 0.0437852
v 0.0668441 -0.24614 -0.0929403
v -0.0355536 0.151788 -0.0954221
v 0.114191 -0.0673048 0.0471355
v 0.0906408 -0.0856424 0.083409
v -0.110111 -0.0562306 0.0453219
v -0.107628 -0.0491191 0.0464852
v 0.0249105 0.12281 -0.100058
v 0.123249 0.129266 -0.00408383
v 0.0430259 0.194914 -0.0934721
v -0.21209 0.00174719 0.0414023
v -0.206167 0.00573661 0.0459713
v 0.227313 0.00421635 0.0506206
v 0.22001 0.0035025 0.0489717
v 0.234886 0.00467143 0.0480092
v 0.134261 -0.11307 -0.0498169
v 0.0579326 -0.247236 -0.0914706
v -0.236409 0.00473376 0.0456983
v 0.0400077 0.211661 -0.0956109
v 0.253592 0.014776 0.0311572
v -0.252379 0.0146994 0.0489534
v -0.261896 0.0264713 0.0464771
v -0.13787 -0.282129 -0.0480861
v -0.264629 0.0330825 0.0408173
v -0.0756077 0.0270553 0.0510944
v -0.0797293 0.388098 -0.0147282
v -0.0888561 -0.494766 0.0248888
v -0.0352307 0.218993 -0.0971612
v -0.114217 -0.013771 -0.00652244
v 0.258239 0.0201011 0.0382431
v 0.261567 0.0267339 0.0362862
v 0.0522459 -0.239989 -0.0919319
v -0.0318516 -0.0487349 0.105091
v 0.257861 0.0585023 0.0218251
v 0.0374157 0.229165 -0.0976809
v -0.0446413 -0.491994 0.0350818
v 0.144653 0.0606458 0.0146925
v -0.0562591 -0.0707352 0.101034
v 0.0885404 0.0480563 0.0424069
v 0.176898 0.0411794 0.0368193
v 0.1802 0.034798 0.0419996
v -0.080314 0.0504374 0.0500037
v 0.04357 -0.240474 -0.0892586
v -0.0427971 -0.0704966 0.106742
v -0.078572 0.0574571 0.0556184
v -0.259942 0.0686134 0.0403447
v 0.0886968 0.0638923 0.0470904
v 0.0904719 0.0571761 0.0407394
v 0.18675 0.0571571 0.044829
v 0.0364199 0.238122 -0.0986226
v 0.267434 0.0397247 0.0525058
v 0.172649 0.0205742 0.024152
v 0.191025 0.0623847 0.0492192
v 0.102455 0.015447 0.012693
v -0.0689919 -0.241407 -0.0935996
v 0.0517977 0.250054 -0.0905137
v -0.248266 0.079582 0.040608
v -0.076468 0.416889 -0.0119768
v -0.0421122 0.248846 -0.0952812
v 0.245434 0.0782246 0.0345088
v 0.0481933 0.234192 -0.0919227
v -0.0765097 -0.246027 -0.0926035
v 0.21166 0.0825357 0.0493087
v -0.0182737 -0.0598067 0.110573
v -0.049928 0.277792 -0.0926037
v 0.240308 0.0827816 0.039523
v -0.0286933 -0.0721804 0.111221
v -0.0553136 0.272277 -0.087729
v -0.0602847 -0.0669672 -0.132292
v 0.121431 -0.155862 -0.0882651
v -0.231808 0.0873016 0.047283
v -0.0846777 -0.241782 -0.0914491
v -0.054382 0.119883 0.0497091
v -0.0225028 -0.0780571 0.113924
v 0.0668225 0.121361 0.0394955
v 0.117822 -0.163078 -0.0935862
v -0.0586035 -0.493488 -0.0256078
v -0.0598483 0.163606 0.0413281
v 0.0604391 0.281379 -0.0861533
v 0.0114426 -0.45988 -0.0291437
v 0.0608745 0.160493 0.0418783
v 0.133838 -0.111148 0.0132982
v 0.0667277 0.175227 0.0393346
v 0.135725 -0.140409 0.0171894
v -0.0698016 0.185447 0.0489533
v 0.130259 -0.172854 0.0250633
v -0.0209702 -0.440263 0.0392786
v -0.0193753 -0.0506084 -0.140133
v -0.0180982 -0.438152 0.0186095
v 0.0765869 0.201415 0.0406586
v -0.0755447 0.215153 0.0508678
v 0.0778891 0.211723 0.0429827
v 0.129494 -0.202807 0.01555
v 0.0744934 0.23339 0.0348995
v -0.0700035 0.252613 0.0565754
v -0.101209 0.121697 -0.0765486
v 0.0288002 -0.0136944 -0.128621
v -0.189372 0.0344957 0.0559558
v -0.118571 -0.236781 0.0180636
v -0.00820882 -0.0310639 -0.13627
v -0.00695457 -0.0226375 -0.134057
v -0.0478114 0.278952 0.0462844
v 0.0485699 0.280182 0.0493473
v 0.0533434 0.284656 0.0443835
v 0.0171957 -0.0238064 -0.133553
v 0.0490327 0.28808 0.0498868
v 0.0201633 -0.039136 -0.137314
v 0.0552087 0.292296 0.0474678
v 0.047797 -0.391795 0.0313517
v -0.0642013 0.310216 0.046075
v -0.063985 0.319582 0.0481155
v -0.0687509 0.31661 0.0399498
v 0.0694024 0.308306 0.0414561
v -0.0285285 -0.0310426 -0.132823
v -0.12019 -0.269835 0.0160987
v 0.0670119 0.323521 0.0472923
v 0.0798203 -0.0810853 -0.132356
v -0.0627939 0.333653 0.0454523
v -0.110552 -0.494714 -0.039317
v 0.119818 -0.267561 0.0183276
v -0.0585925 0.347237 0.0451741
v 0.0617794 0.340938 0.04563
v -0.112665 -0.412205 0.0336297
v -0.00270576 0.385718 0.0457063
v -0.0538924 -0.24839 -0.091027
v 0.0254225 -0.115064 0.114923
v 0.0537309 0.372738 0.0469083
v 0.0630964 -0.191688 -0.129832
v -0.0419863 0.381416 0.0417399
v 0.0374842 0.374319 0.0527688
v 0.0417914 0.379016 0.0459664
v 0.0470565 0.381437 0.0387716
v 0.0142105 0.391302 0.0436325
v 0.00660129 -0.187495 -0.127873
v 0.0294259 0.390085 0.0405524
v -0.0112468 0.40611 0.0407074
v -0.0154755 0.413375 0.038476
v -0.00777147 0.399709 0.0425985
v -0.0502982 -0.375191 0.0313508
v -0.0336481 -0.047888 -0.136091
v 0.00629147 0.388483 0.0451638
v -0.127784 -0.495059 0.0318356
v -0.0521213 0.34895 -0.10128
v 0.074042 -0.253475 -0.0923879
v -0.0374296 -0.395092 0.025901
v -0.0760708 -0.0745799 -0.128475
v 0.029569 0.375573 -0.120663
v 0.0838616 -0.496208 0.0383499
v -0.048332 -0.41554 -0.0874256
v 0.112513 -0.497306 0.0381451
v 0.260067 0.0257637 0.0625489
v -0.0678413 -0.492838 0.0363671
v -0.0635009 -0.488689 0.0287833
v 0.25231 0.0136478 0.0411573
v -0.0517163 -0.492325 0.0374297
v 0.016083 -0.00120578 -0.12699
v -0.118486 -0.294855 0.0188324
v 0.0465822 -0.38156 0.0290904
v -0.0632524 0.335725 -0.0881643
v 0.0871977 -0.266484 -0.0920188
v -0.111551 -0.022659 0.0197986
v 0.138398 -0.489973 0.0336183
v -0.118717 -0.166917 -0.0866331
v 0.250688 0.0511078 -0.00311878
v 0.0209926 -0.486155 0.0339509
v 0.143069 -0.475166 0.0383215
v -0.0473189 -0.383603 0.0310169
v -0.142404 -0.482653 0.0398175
v 0.077983 -0.263401 -0.0925291
v -0.0532723 -0.0316561 -0.123844
v -0.0535816 -0.366793 0.0318692
v 0.120984 -0.305671 0.0193094
v 0.0553527 0.346422 -0.100077
v -0.120115 -0.17377 -0.0807664
v -0.0627687 -0.364823 0.0347336
v -0.124536 -0.446571 0.0272391
v -0.131434 -0.459155 0.0322957
v 0.0852493 -0.187956 -0.119724
v 0.0266732 -0.436189 0.0353961
v 0.132481 -0.076068 -0.0139351
v 0.107914 -0.43276 0.0386146
v -0.105293 -0.43508 0.0392769
v -0.106125 -0.427162 0.0385109
v -0.054906 0.374156 -0.103658
v -0.0398029 -0.202809 -0.116697
v 0.0307237 -0.369146 0.014102
v 0.106382 -0.423708 0.0390714
v -0.0695228 -0.197155 -0.119436
v -0.0348248 -0.429639 0.0353162
v -0.035101 -0.423464 0.0294935
v -0.0275884 -0.434384 0.0367935
v 0.0197312 0.324686 -0.114466
v 0.0136141 0.342135 -0.118275
v 0.0984804 -0.42081 0.0416539
v 0.0901588 -0.416932 0.0428002
v 0.132047 -0.0759713 -0.00568833
v -0.101895 -0.420939 0.0398907
v -0.0937684 -0.422352 0.0425146
v 0.127607 -0.0608725 0.00408342
v -0.100568 0.113763 -0.0797808
v 0.0545532 -0.413902 0.0380772
v -0.0556587 -0.416596 0.0400862
v 0.101091 -0.40675 0.038994
v 0.112487 -0.417531 0.0355139
v -0.133221 -0.376991 0.0100798
v -0.0907164 -0.406622 0.0410242
v -0.0996399 -0.405402 0.0386407
v 0.112577 -0.182705 -0.0906832
v -0.0743197 -0.350418 -0.0958194
v 0.0796476 -0.370695 -0.095823
v -0.0267049 0.340521 -0.114268
v -0.111276 -0.397102 0.032426
v 0.0782145 -0.341929 -0.0958534
v -0.0668577 -0.404122 0.0406783
v -0.0768822 -0.358501 0.0363399
v -0.0235847 -0.407996 0.0139106
v 0.102323 0.10686 0.0147692
v -0.0627397 -0.381089 0.0366388
v 0.0763288 -0.365935 0.036821
v -0.094498 -0.377701 0.0362906
v 0.0242067 -0.406984 0.0119845
v -0.198841 0.0119871 0.0496213
v 0.0957742 -0.399561 0.0394507
v 0.101315 -0.382188 0.0355171
v -0.0769037 -0.392926 0.0402725
v -0.00606127 -0.458209 0.0227704
v -0.0754074 -0.402023 0.0414082
v -0.0666818 -0.37349 0.0365849
v 0.0277254 0.0167242 -0.117751
v 0.146105 -0.471595 0.00905325
v 0.130821 -0.0792329 0.0092323
v -0.127969 -0.304734 -0.0708646
v -0.0862767 -0.180788 -0.126643
v -0.112498 -0.18201 -0.0891021
v -0.100077 -0.0951273 -0.121694
v 0.081143 -0.371307 0.0373079
v -0.0271133 -0.49044 0.0055668
v -0.0267048 0.45745 0.0208366
v -0.0897523 -0.327719 0.0415397
v -0.0998455 -0.0846211 -0.111383
v -0.0798956 -0.32626 0.0430712
v 0.0928575 -0.115594 0.0800626
v 0.0640279 0.398636 0.0147511
v -0.146762 -0.410873 -0.0181114
v -0.239293 0.0129224 0.0670012
v 0.0814832 -0.336481 0.0385107
v -0.112107 -0.1478 -0.112422
v 0.0718378 0.318452 0.0396856
v 0.0688893 -0.262592 -0.0921716
v -0.0977531 -0.33183 0.036073
v 0.0848029 0.00492414 0.0544977
v 0.0746267 -0.341522 0.0358791
v 0.0112729 -0.196681 -0.114746
v 0.0886969 -0.33118 0.0407408
v 0.0958701 -0.324974 0.0409499
v 0.0967147 -0.333342 0.0367776
v -0.104474 -0.326032 0.0326224
v -0.0660769 -0.326937 0.0374859
v -0.0463774 -0.166718 0.0861601
v 0.073309 -0.333151 0.0382324
v 0.101779 -0.317963 0.0384808
v 0.0515992 0.382712 -0.110141
v 0.0681289 0.270198 0.0289023
v 0.106356 -0.310739 0.0340988
v -0.0669993 -0.308672 0.039233
v -0.0599159 -0.312444 0.0346956
v 0.040571 0.353376 -0.111294
v 0.0919079 -0.308619 0.0430437
v 0.0705071 -0.315716 0.0409108
v -0.115935 -0.102027 -0.0907831
v 0.0695781 -0.306868 0.038886
v 0.0935419 -0.301733 0.0396064
v -0.0736132 -0.293767 0.0367375
v -0.0700354 -0.300001 0.0380791
v 0.0985195 -0.367016 0.0345791
v 0.0637123 -0.254638 -0.0916626
v 0.140846 -0.293898 -0.0480114
v 0.0862926 -0.29631 0.0384167
v 0.0945415 -0.293555 0.0353051
v 0.0916993 -0.101502 0.0837527
v 0.131668 -0.115635 -0.0582912
v -0.0804119 -0.367648 0.0369771
v -0.0725951 0.225906 0.0245508
v -0.0798684 -0.291357 0.036718
v -0.214312 0.00455414 0.0492165
v -0.0671503 -0.34619 0.0344547
v 0.0768431 -0.299717 0.0396202
v 0.0694833 -0.363807 0.0358863
v 0.0874386 -0.28836 0.03462
v -0.0750007 -0.246981 0.0383956
v 0.0612704 -0.352286 0.0329718
v -0.146831 -0.419215 -0.017406
v 0.0766892 0.181086 0.0203222
v -0.056399 -0.256985 0.0351419
v -0.0635871 -0.256178 0.0363381
v 0.0392847 -0.485097 -0.0765759
v 0.140183 -0.25676 -0.0346297
v 0.0634057 -0.252162 0.036983
v 0.0569598 -0.25616 0.0349207
v 0.0646464 -0.259211 0.0352006
v 0.070545 -0.253491 0.0371149
v 0.0661582 -0.267043 0.0340788
v -0.0511865 -0.243698 0.0386211
v 0.0851688 -0.249838 0.0361388
v -0.0601189 0.00616413 -0.106104
v -0.0725066 0.167874 0.0238935
v -0.0415297 -0.24235 0.0371655
v -0.0454858 -0.250185 0.0346775
v 0.0415277 -0.244886 0.0350634
v 0.0501005 -0.242038 0.0390712
v 0.0423764 -0.235058 0.0406049
v 0.0769482 -0.247288 0.0383418
v 0.24128 0.0711135 0.00788081
v -0.0837602 -0.245592 0.0369248
v -0.0368966 -0.23462 0.0398949
v -0.0329891 -0.240994 0.0347222
v 0.0254211 -0.234408 0.0352273
v 0.0326262 -0.230955 0.040733
v -0.126607 -0.0599366 -0.0103082
v 0.091845 -0.243694 0.0355519
v -0.0921519 -0.227095 0.0388938
v -0.0876148 -0.23646 0.0379992
v 0.252687 0.0650098 0.0193287
v 0.0984743 -0.212159 0.0420303
v 0.252437 0.0557391 0.00497075
v 0.106581 -0.20746 0.0383135
v -0.222818 0.00443956 0.0513982
v 0.0472564 -0.0344232 0.0965111
v 0.0617081 -0.0032972 -0.111152
v 0.130832 -0.154577 0.0272739
v -0.139954 -0.283323 -0.0395087
v 0.05445 -0.132168 0.101341
v 0.118356 -0.0665088 0.0385732
v 0.10366 -0.0198667 0.0413068
v -0.0988245 -0.00621563 0.0377273
v -0.147075 -0.406424 -0.0254435
v -0.236307 0.00196808 0.0306959
v -0.228194 0.00268499 0.0452919
v -0.22543 0.000678322 0.0389544
v 0.0599708 -0.262861 -0.0905746
v -0.115382 0.107152 0.00959
v -0.218374 -0.000849195 0.0348385
v 0.217689 0.0010957 0.0410862
v 0.20357 0.00150011 0.0351229
v 0.215791 -0.00108591 0.033576
v -0.075195 -0.0200186 0.0731931
v 0.0582592 0.0132665 -0.105888
v 0.229468 -7.46838e-05 0.0331188
v -0.0689545 -0.257072 -0.0924175
v 0.24304 0.00582561 0.0350315
v -0.158516 0.0351453 0.0170769
v 0.0463178 0.323084 -0.102838
v -0.0757508 -0.254651 -0.0925899
v 0.0341376 0.299334 -0.105893
v -0.169354 0.034819 0.0280971
v 0.0949909 0.00968505 0.036728
v 0.246773 0.00802066 0.0287609
v -0.00540237 0.234033 -0.105854
v 0.125101 -0.056189 -0.0437491
v -0.105885 0.00143681 0.0126843
v -0.168133 0.0264636 0.0230986
v 0.24397 0.00638491 0.0202752
v 0.0113055 0.146059 -0.103233
v -0.026224 0.248292 0.107062
v 0.00537338 0.139477 -0.10359
v -0.26065 0.030659 0.0230102
v -0.265052 0.0414576 0.0351325
v -0.115501 -0.175204 -0.0880634
v -0.0822564 0.0372029 0.0404465
v -0.0810851 0.0436403 0.0454529
v 0.26501 0.0403824 0.035096
v -0.133276 -0.200811 0.00274107
v -0.131013 -0.131644 0.0206849
v 0.00904352 0.0795949 -0.105599
v -0.180607 0.0563485 0.0360122
v -0.0838945 0.0509149 0.0421479
v 0.262004 0.054694 0.028314
v -0.080978 0.0110353 0.0524448
v -0.0653686 -0.00211281 -0.106267
v -0.0761052 -0.116041 0.0918094
v -0.122278 -0.200601 0.0230675
v -0.0517641 0.0415992 -0.0969774
v -0.0750261 0.00977677 0.0597647
v 0.0927237 -0.358566 0.0353178
v 0.182916 0.0562715 0.0391505
v -0.253216 0.073636 0.0360958
v -0.191341 0.0696071 0.0355426
v -0.10502 -0.0895168 -0.107331
v -0.1146 -0.225178 0.0243686
v 0.20009 0.0745057 0.0426246
v 0.0656707 0.362533 -0.0926163
v -0.203606 0.0774833 0.0342395
v -0.0810379 0.0805249 0.0465339
v -0.0836807 0.0753605 0.0415333
v -0.0448826 0.0546977 -0.0979583
v 0.041134 0.054449 -0.101068
v 0.0385664 -0.120106 0.110769
v 0.207216 0.0792593 0.0424709
v -0.114472 -0.243559 0.0215687
v -0.143711 -0.388419 -0.00940571
v -0.0208483 0.226839 -0.102756
v -0.219862 0.08321 0.037585
v 0.127305 0.0290688 -0.0260016
v -0.100034 -0.0570669 0.0611789
v 0.0868154 0.0837961 0.0438365
v 0.0235389 0.167862 -0.101154
v -0.112444 -0.234173 0.0244795
v -0.0842012 0.0868432 0.0317789
v -0.074346 0.096433 0.0465762
v 0.0884611 0.0872749 0.0350076
v 0.0840187 0.0928463 0.0415556
v 0.0449962 0.0624397 -0.0972555
v 0.0826035 0.102635 0.0314369
v 0.0358717 0.0853449 -0.0981647
v -0.078755 0.101501 0.0306738
v -0.0742937 0.102685 0.0390415
v -0.0129596 0.143569 -0.102573
v 0.0768463 0.115024 0.0297152
v -0.0641582 0.117483 0.040988
v 0.108056 -0.200672 -0.0871855
v 0.0720512 0.121753 0.0325676
v -0.0303986 0.102836 -0.0976225
v 0.0634382 0.135777 0.0398538
v -0.0630301 0.141023 0.0378339
v 0.0163427 -0.187839 -0.130681
v -0.0260315 0.0788601 -0.101736
v -0.0251301 0.137232 -0.0994706
v -0.0679283 0.18484 0.0390318
v 0.114152 -0.203772 -0.0808629
v 0.072281 0.18819 0.0342674
v 0.136138 -0.224799 -0.0065892
v -0.0841365 -0.352201 0.035538
v -0.074409 0.199369 0.0489242
v -0.0740212 0.200814 0.0398293
v -0.0753073 0.208081 0.0456054
v -0.0744755 0.225565 0.0401575
v -0.0111823 -0.412839 -0.0139084
v 0.076786 0.218043 0.0365909
v -0.134985 0.12422 -0.00571592
v -0.0831241 0.228888 -0.0327326
v -0.058051 -0.349303 0.0324558
v 0.0840348 -0.0117105 -0.0959397
v 0.0400651 -0.33342 0.021312
v -0.0709179 0.24365 0.0416602
v -0.0726521 0.244792 0.0518219
v 0.0703374 0.250473 0.0416446
v 0.0796068 -0.289159 -0.0943797
v -0.0686121 0.252522 0.0471025
v 0.0800478 -0.272205 -0.0931311
v -0.0404094 -0.326966 0.0229981
v 0.0657254 0.258695 0.03832
v 0.126973 -0.134804 -0.0759988
v -0.0331741 -0.304359 0.0169619
v -0.0607167 0.277311 0.0344368
v 0.0223718 0.0985626 -0.101372
v -0.0124681 -0.126979 0.113855
v 0.0585012 0.271882 0.0396268
v -0.0504001 -0.352249 0.0295997
v 0.0616155 0.29686 0.0449774
v -0.106323 -0.204459 -0.0856931
v 0.1283 0.118854 -0.0740756
v 0.077185 -0.363406 -0.0957477
v -0.061708 0.28732 0.0335645
v -0.12467 -0.368916 0.0187532
v 0.0811254 -0.335417 -0.0958626
v -0.144913 -0.37677 -0.0184031
v -0.122112 -0.353528 0.0196616
v 0.0988791 -0.0143653 0.04614
v -0.070791 0.323233 0.0323253
v -0.0691857 0.332801 0.0329527
v -0.0799083 -0.186412 -0.126012
v -0.0737705 -0.262863 -0.0926105
v -0.0595108 0.339641 -0.0927465
v -0.0570016 0.354905 0.0476431
v -0.0634715 0.35306 0.0420124
v 0.0664894 0.346364 0.0403505
v 0.0552382 0.282248 -0.0908774
v 0.0992257 -0.0279861 0.0526026
v -0.0655217 -0.278894 -0.0928095
v 0.0711612 0.359128 0.0373743
v 0.0668608 0.355153 0.0419333
v -0.0358755 0.177322 -0.0956759
v 0.0313904 0.168869 -0.0985001
v 0.108665 -0.21781 -0.0835085
v -0.114694 -0.014369 -0.0192396
v 0.121674 -0.383331 0.0248882
v 0.0578247 -0.434988 -0.0893708
v -0.0547107 0.37671 0.0388083
v -0.0295023 0.170344 -0.0983726
v 0.0558694 0.376682 0.0396793
v 0.0675492 -0.0262183 0.0831095
v 0.0646058 0.371954 0.0370735
v -0.0398298 0.144553 -0.0930808
v 0.124666 -0.149383 -0.0823286
v -0.0999751 0.146959 -0.0534111
v 0.0141532 0.399592 0.0419131
v 0.0352437 0.403489 0.0349336
v 0.0282665 0.407902 0.0368061
v 0.0210168 0.412373 0.0380114
v 0.0138255 0.417555 0.0382803
v 0.0311865 -0.391237 0.018039
v 0.00689051 0.423985 0.0377935
v -0.00254357 0.422179 0.0382577
v -0.0593711 -0.340194 0.0325582
v 0.0741285 -0.0302795 0.0797026
v -0.0074346 0.437487 0.0345602
v 0.00409529 0.413534 0.0400981
v 0.0361535 0.161833 -0.0965063
v 0.0573763 -0.278693 -0.0902309
v -0.0938927 -0.49392 0.0174707
v -0.0827329 -0.494884 0.0310255
v -0.130625 -0.399203 0.0168238
v 0.155383 0.118288 -0.00958831
v -0.0205701 0.17361 -0.101384
v 0.0442983 -0.153836 0.0960344
v -0.023449 0.130087 -0.0998761
v -0.0128745 0.167932 -0.102932
v 0.0580316 -0.333484 0.0317074
v 0.0156984 -0.353307 -0.0185844
v 0.116942 -0.498257 0.0296082
v 0.0208161 0.12965 -0.101211
v -0.0526196 -0.488987 0.0292854
v -0.144505 -0.35409 -0.0263247
v -0.0585183 -0.484552 0.0208273
v -0.0358025 -0.491517 0.0327816
v -0.0871185 -0.0172738 -0.0924975
v -0.0871993 -0.03622 0.068217
v 0.0540017 -0.49211 0.0371381
v 0.0551275 -0.488811 0.0294177
v 0.0617983 -0.490769 0.034358
v 0.0269992 0.216675 -0.101276
v 0.0298014 -0.490417 0.0296429
v -0.0746215 -0.279115 -0.0936141
v -0.103516 -0.0444937 0.051163
v -0.00819224 -0.471414 0.0321565
v -0.0109673 -0.478956 0.029716
v -0.122429 0.116454 -0.0764639
v -0.0500236 -0.292893 0.02842
v -0.0305223 0.204845 -0.0986177
v -0.133031 -0.464636 0.0379428
v -0.00744291 -0.461084 0.0331411
v -0.0280699 0.23157 -0.100816
v -0.0799884 -0.302635 -0.0949718
v -0.0571359 -0.294955 -0.0914382
v -0.00972046 -0.451364 0.0287207
v -0.0627347 -0.367046 -0.0938708
v -0.0121441 0.211683 -0.103977
v 0.0890533 -0.0200047 0.0618263
v -0.0396538 0.412027 0.0296829
v 0.135822 -0.202383 0.00141224
v 0.0126493 -0.210773 -0.0939155
v -0.113659 -0.43036 0.0345113
v 0.0635349 0.27575 0.0338847
v -0.0930421 -0.281535 -0.0916238
v -0.0211144 -0.437477 0.0289622
v 0.0282578 0.20067 -0.100136
v 0.0828109 0.437748 -0.0441449
v 0.0355129 -0.423374 0.0281155
v 0.0751316 0.216269 0.0285345
v 0.11397 -0.426579 0.0354457
v 0.0430842 -0.412363 0.0316184
v 0.184218 0.00515579 -0.0257391
v 0.0444174 -0.405721 0.0314033
v -0.115162 -0.40457 0.0310194
v -0.11857 -0.410847 0.0295786
v 0.0367565 0.202297 -0.0969194
v -0.00919555 -0.215704 -0.0884342
v 0.0989718 -0.384925 -0.0931848
v -0.0520251 -0.388657 0.0337734
v 0.0598784 -0.287294 0.0314548
v 0.0856696 -0.374935 -0.0955621
v 0.110222 -0.0602338 0.0509289
v 0.0696486 0.17164 0.0318384
v 0.0625856 -0.160908 0.0831391
v 0.0928385 0.0548828 0.026864
v -0.0281446 0.240689 -0.101359
v -0.113953 0.116754 -0.0778124
v -0.0131819 -0.311081 -0.0205022
v -0.0550985 -0.369977 -0.0914657
v -0.0583792 -0.373839 0.0345648
v -0.083789 0.188828 -0.0259017
v -0.0717779 -0.366465 0.036541
v -0.0708415 -0.356564 -0.0954669
v 0.109281 -0.380087 0.0321341
v 0.105842 -0.366483 0.03185
v 0.0529316 -0.282647 0.0291029
v 0.0919246 0.0463259 0.0268995
v -0.104889 -0.366201 -0.0903877
v -0.021683 0.255785 -0.104591
v 0.0994503 0.00449565 0.0325119
v -0.0859453 -0.360809 0.035946
v -0.0706581 -0.353761 0.0353389
v 0.0861352 0.233795 -0.0257468
v 0.0619855 -0.360479 0.0338283
v -0.107098 -0.211479 -0.08367
v 0.0274528 0.267575 -0.104663
v 0.0402692 0.257782 -0.0983247
v 0.0699836 -0.297157 -0.0940869
v -0.0561397 -0.0537122 0.0967894
v 0.0908834 -0.348138 0.0348997
v 0.105606 -0.00883949 0.0303771
v -0.099921 -0.359262 0.0329387
v -0.0921107 -0.355163 0.0348867
v -0.0535251 -0.283526 0.0299505
v -0.035324 0.276766 -0.101579
v 0.105679 -0.363576 -0.0909834
v -0.0829798 -0.343227 0.0362309
v 0.104071 -0.344215 0.0309186
v -0.0262938 0.27391 -0.104803
v -0.135515 -0.261083 -0.0493026
v 0.0624255 -0.334313 -0.0935335
v -0.0748608 -0.33987 0.0361293
v 0.0598656 -0.343707 0.0319622
v -0.0370891 0.261874 -0.0991502
v 0.123259 -0.0544978 0.0175352
v 0.104666 -0.408083 -0.0907254
v 0.0926958 -0.429465 -0.0924802
v -0.0433088 0.283844 -0.0980152
v -0.0789289 -0.426486 -0.0938826
v -0.0597406 -0.331015 0.032943
v -0.0142081 -0.344941 -0.0163693
v 0.0666915 -0.337963 0.0343661
v 0.157315 0.0154113 -0.0184199
v 0.129979 -0.117638 0.0254265
v -0.024502 -0.19008 0.074207
v 0.0605884 -0.325424 0.0332056
v 0.116337 -0.220238 0.0261908
v -0.104709 -0.316608 0.0345234
v -0.0414413 0.231452 -0.0944214
v -0.0101235 -0.227708 0.034392
v 0.0589867 -0.318613 0.0328804
v 0.110325 -0.30449 0.0283446
v -0.110148 -0.250369 0.0243049
v 0.112394 -0.313214 0.0277451
v -0.103647 -0.308705 0.0342804
v 0.100584 -0.255388 0.030348
v 0.0534608 0.168345 -0.0860067
v 0.0578072 -0.310973 0.0317083
v 0.109192 -0.295114 0.0272033
v -0.04244 0.30733 -0.101639
v 0.153581 0.127023 -0.0264699
v -0.100999 -0.295264 0.0310273
v -0.0936527 -0.295452 0.0354481
v -0.0665183 -0.291956 0.0342201
v -0.057755 -0.292522 0.0315855
v 0.101838 -0.290231 0.0305467
v 0.0468752 0.185397 -0.0909977
v 0.0670282 -0.291091 0.0333814
v -0.0884263 -0.279854 0.033235
v -0.112355 -0.10264 0.0561452
v -0.107762 -0.107098 0.0624759
v 0.114399 -0.271907 0.022826
v 0.0526125 -0.291575 0.0287307
v 0.0922523 -0.0072479 -0.0845438
v -0.0814552 -0.274995 0.0340092
v -0.103109 -0.27945 0.0282192
v -0.130277 -0.249138 0.00121274
v -0.101155 -0.286168 -0.089306
v -0.0743648 -0.278697 0.0342386
v -0.0611275 -0.285709 0.0325944
v -0.0607089 -0.277976 0.0324676
v 0.0669353 -0.28287 0.033214
v 0.0524763 -0.316412 0.0290656
v -0.125753 -0.247046 0.00867626
v 0.088486 -0.280099 0.0333565
v 0.0421946 0.275964 -0.0990305
v 0.036886 -0.00749522 0.0920398
v -0.0677019 -0.273839 0.0341067
v -0.101343 -0.270341 -0.0877162
v -0.0608845 -0.269227 0.0332798
v 0.0466182 0.30216 -0.099728
v -0.107376 -0.282365 -0.0858894
v -0.0474101 -0.30155 0.0273971
v 0.0609573 -0.271628 0.0324975
v 0.0731499 -0.276913 -0.0933115
v 0.049607 0.279495 -0.0949101
v -0.105707 -0.218182 -0.084072
v -0.056049 -0.0504726 -0.128069
v 0.117594 -0.181497 -0.0837069
v -0.0544888 -0.264205 0.0327767
v -0.0606766 -0.262164 0.0345142
v -0.10338 -0.111267 0.067269
v 0.0881125 -0.266671 0.0336225
v 0.0802729 -0.264393 0.0346711
v 0.0899534 -0.273308 0.0331924
v -0.0436846 -0.355064 0.0258647
v 0.0559284 -0.357193 0.0313562
v 0.0455084 -0.369834 0.0270313
v -0.0847353 -0.261432 0.0342421
v 0.0482784 -0.358057 0.0277461
v -0.140219 -0.306793 -0.0139454
v -0.0768392 -0.262235 0.03538
v 0.0669818 -0.274806 0.0334043
v 0.0736814 -0.270039 0.0343184
v -0.0800934 -0.254129 0.0358241
v -0.109715 -0.149599 0.051794
v 0.0584174 -0.2648 0.0329639
v 0.048657 -0.261963 0.0308344
v -0.0460341 -0.266205 0.0295351
v -0.111948 -0.367403 0.0280318
v -0.112693 -0.350387 0.0263321
v 0.117457 -0.349817 0.0242043
v -0.0128734 -0.227017 -0.0816964
v 0.0334057 -0.2476 0.0301927
v 0.0405641 -0.254089 0.0299986
v -0.0926352 -0.244521 0.0345547
v -0.0784366 -0.28723 -0.0941024
v -0.0978405 -0.252857 0.0309595
v -0.111898 -0.349866 -0.086844
v -0.0415203 -0.256862 0.0306063
v -0.0866425 -0.288619 -0.093424
v 0.0270154 -0.248778 0.0258149
v -0.0246711 -0.239588 0.0317115
v -0.0294433 -0.2472 0.0293015
v 0.0995073 -0.246648 0.0320529
v 0.10754 0.101775 0.0135452
v 0.0989148 -0.237858 0.0342797
v -0.0836801 0.316426 -0.0239399
v 0.102922 -0.171199 0.0549156
v 0.0171515 -0.230028 0.0341849
v 0.090685 -0.165897 0.064911
v 0.101332 -0.427921 -0.0903924
v 0.00617853 -0.220063 0.0394962
v 0.0679815 0.384296 -0.094079
v -0.0638634 0.343911 -0.0888557
v 0.0714789 -0.00205437 0.0711731
v -0.106325 -0.218426 0.0332823
v -0.105436 -0.209253 0.0368559
v -0.112016 -0.21986 0.0284888
v -0.0702276 0.318223 -0.0760076
v 0.038693 -0.407095 0.0276836
v 0.0388768 -0.378488 0.0232894
v -0.114836 -0.3898 0.0291907
v 0.137336 -0.25807 -0.0489808
v -0.0501808 0.320387 -0.0981359
v -0.125082 -0.161964 0.031948
v 0.0807335 -0.184988 -0.127369
v 0.0887399 -0.180572 -0.124565
v 0.0969866 -0.320182 -0.0934082
v 0.0855967 -0.312076 -0.0952059
v 0.128983 -0.138004 0.0301517
v 0.0254292 -0.434298 0.026566
v 0.0971555 -0.17606 0.0573312
v -0.0624115 0.284116 -0.0817665
v -0.124878 -0.12731 0.0321366
v -0.128149 -0.133685 0.0269528
v -0.12198 -0.120146 0.0370407
v 0.0200292 -0.438334 0.0210264
v 0.121942 -0.0986458 0.0438726
v -0.125596 -0.0881463 0.0274684
v 0.126988 0.11104 -0.0783996
v -0.124201 -0.0731311 0.0214002
v -0.114428 -0.0584719 0.0379704
v -0.127776 -0.321816 -0.0723665
v 0.107036 -0.0175645 0.0331898
v -0.0276316 -0.234914 -0.0856566
v -0.0528146 0.195513 -0.0851957
v 0.0955056 -0.276904 0.0320187
v 0.121299 -0.0389726 -0.0411594
v 0.0952432 -0.269126 0.0319913
v 0.0523581 0.329031 -0.0995565
v 0.0491 0.339475 -0.103673
v 0.0614276 0.345174 -0.0944842
v 0.090534 0.0842943 -0.0815138
v 0.197317 0.00433435 0.0347338
v 0.0971651 0.0758598 -0.0789771
v 0.192946 0.00331263 0.0276835
v -0.0796921 0.015239 -0.0837577
v -0.244327 0.00644106 0.0304417
v -0.0966861 -0.0178174 -0.0800388
v -0.097731 0.00980737 0.0262006
v 0.184932 0.00818181 0.0260698
v 0.190358 0.00841288 0.0336039
v 0.0738797 -0.487479 0.0221137
v -0.256483 0.0180628 0.0346497
v -0.250798 0.0120534 0.0318427
v 0.184889 0.0128742 0.032846
v 0.179324 0.0158184 0.0286267
v 0.176431 0.0118981 0.0194373
v 0.255994 0.0195682 0.0222724
v -0.057251 0.242507 0.0946209
v 0.182333 0.0188629 0.0362466
v 0.0714365 -0.0621159 0.0914926
v 0.0680713 -0.310839 -0.0943723
v 0.261546 0.0353799 0.0224172
v 0.259826 0.0279263 0.0221082
v -0.100765 -0.24321 0.0310229
v 0.0909802 0.0377144 0.0273344
v 0.173567 0.0479514 0.031891
v -0.138359 -0.258722 -0.0352409
v -0.261374 0.056189 0.0283884
v -0.0353949 0.406053 0.0332694
v -0.0356808 0.420254 0.0302053
v 0.056272 0.0131329 0.0746563
v -0.0866752 0.0691729 0.0341174
v 0.0916364 0.0667608 0.0371815
v 0.0921996 0.0586552 0.0333772
v 0.182722 0.0621623 0.0334504
v 0.175881 0.0625399 0.0283664
v 0.0569108 0.400435 -0.108993
v -0.0485952 -0.295556 -0.0879684
v 0.0628507 0.41501 -0.10475
v 0.0265806 -0.24213 0.0299158
v 0.193314 0.0686421 0.0420277
v 0.117514 -0.333483 -0.0839078
v 0.259213 0.0705958 0.0422079
v 0.0256787 0.203036 0.0928433
v 0.0622702 -0.318565 -0.0932909
v 0.188665 0.0682711 0.0343618
v 0.0572944 -0.296107 -0.0908841
v -0.0326606 -0.178804 0.0820949
v -0.114003 -0.366872 -0.0857269
v 0.0811408 0.411202 -0.016866
v 0.0931685 0.0725242 0.0283659
v -0.068229 0.14451 0.031132
v 0.203348 0.0775294 0.0353384
v 0.0598679 0.407864 -0.107352
v -0.0882493 -0.297306 -0.0938478
v 0.222985 0.0840409 0.0390274
v 0.234356 0.0791601 0.0221411
v 0.231913 0.0839589 0.0381639
v 0.237112 0.0809836 0.0314588
v -0.0825766 -0.313102 -0.0952848
v -0.0652551 0.125036 0.036347
v 0.136412 -0.269433 -0.00443082
v -0.0636864 0.150011 0.0367871
v -0.0889111 0.0687714 0.0243814
v -0.0858215 0.0591871 0.0381866
v -0.0916485 -0.316428 -0.0941677
v -0.0686512 0.163054 0.0300997
v 0.0411913 -0.367823 -0.082657
v -0.0646462 0.175584 0.0368721
v -0.0400271 -0.41491 -0.0825874
v -0.0122906 -0.373332 -0.0271668
v -0.0409013 -0.398955 -0.0836167
v 0.0742012 0.195151 0.0351542
v 0.146487 -0.356175 -0.0269451
v -0.117692 -0.423203 -0.0818787
v -0.131311 -0.229315 -0.0526084
v -0.0733599 0.234114 0.0401884
v 0.0542495 0.18498 -0.0856949
v -0.0643743 0.260315 0.0326237
v -0.163834 0.0853813 -0.0771148
v 0.058106 0.446296 -0.101335
v -0.0663418 0.270321 0.0282963
v -0.085614 6.28603e-05 -0.0860301
v 0.0998747 -0.022016 -0.0809446
v -0.102935 -0.00455624 0.0283584
v -0.127009 0.109099 -0.0791645
v 0.106912 -0.0381922 -0.0776965
v -0.115894 -0.0528764 0.0312893
v -0.136593 -0.178458 -0.04831
v 0.0700022 0.328621 0.0404267
v -0.0682089 0.34181 0.0332612
v -0.114388 -0.169237 -0.0943292
v 0.104702 -0.241385 0.0303085
v -0.0589868 -0.310451 -0.0926486
v -0.113939 -0.0674337 -0.0752129
v 0.0741167 0.365782 0.0248975
v -0.123426 -0.11134 0.0342079
v -0.0625136 0.373421 0.0335759
v -0.127811 -0.142391 0.0283653
v 0.127305 -0.303305 0.0129984
v -0.0983743 -0.309918 -0.0919519
v -0.182775 0.0236644 -0.0531941
v -0.0169936 -0.238577 0.0280018
v 0.12424 -0.122272 0.037082
v -0.139229 -0.160573 -0.0444979
v 0.0422327 0.400016 0.0319994
v 0.0421663 0.413712 0.0293874
v -0.116481 -0.202487 0.0292262
v -0.0318074 0.412888 0.0333589
v -0.0311787 0.426555 0.0306251
v 0.0260763 0.42526 0.0339008
v -0.101121 -0.226556 0.0345615
v 0.032056 0.431914 0.0301207
v 0.00678309 0.437207 0.0346906
v 0.0228148 0.434298 0.0326416
v 0.0192553 0.443154 0.0307685
v -0.102935 -0.169351 -0.116001
v 0.00955984 0.444665 0.0318952
v 0.00069835 0.441287 0.033583
v -0.0362911 -0.349373 -0.0805484
v -0.138984 -0.263021 -0.0276605
v 0.0918362 -0.172722 -0.129379
v -0.112061 -0.499196 0.0178415
v 0.121247 -0.498407 0.0214908
v 0.112199 -0.499 0.0217551
v 0.125838 -0.498228 0.0138497
v -0.126335 -0.49645 0.0237209
v -0.0685565 -0.485861 0.0202289
v -0.0777672 -0.488175 0.0186954
v -0.045512 -0.490854 -0.0771085
v -0.110535 -0.143771 -0.118093
v 0.0369628 -0.108041 -0.159747
v 0.1383 -0.156011 0.0115933
v 0.0939447 -0.494792 0.0218899
v -0.109811 -0.102306 -0.108793
v -0.113058 -0.102849 -0.100029
v -0.138353 -0.485917 0.0253749
v 0.0784584 0.380071 -0.076042
v -0.0563702 -0.318884 -0.0921008
v -0.115254 0.140499 -0.013308
v -0.0205562 -0.487651 0.0300016
v -0.0230505 -0.489171 0.0220296
v -0.0740875 0.322524 -0.0699106
v -0.0156871 -0.484528 0.0258723
v 0.115049 -0.119887 -0.108575
v 0.0472978 -0.488957 0.0239985
v -0.0698669 0.168984 -0.065892
v 0.0698887 0.174905 -0.0691579
v 0.0719438 0.193736 -0.0667505
v 0.0104048 -0.470596 0.0363323
v 0.0100621 -0.4589 0.0349166
v 0.0921291 -0.207921 0.0469845
v 0.00835882 -0.457418 0.0234453
v 0.134295 -0.455888 0.0256798
v 0.128534 -0.453215 0.0316169
v -0.100953 -0.0301619 -0.0796384
v 0.124012 -0.446148 0.0298089
v -0.013961 -0.443984 0.0244085
v -0.107844 -0.0879504 -0.0998922
v -0.0383668 0.253217 0.100661
v 0.132665 -0.299785 0.00563809
v 0.015636 -0.442769 0.0152335
v 0.127588 -0.440572 0.0243472
v -0.0193545 -0.431098 0.0125422
v 0.0598514 -0.296909 0.0317791
v 0.0242704 -0.431121 0.0183152
v 0.12091 -0.429334 0.0310412
v 0.127172 -0.431979 0.0255852
v 0.125725 -0.423381 0.0267147
v 0.0514934 -0.341445 0.0287093
v -0.119087 -0.227099 -0.0719143
v 0.106267 -0.233562 0.030732
v 0.0369856 -0.415219 0.0276906
v -0.04089 -0.417485 0.0325598
v -0.0658591 -0.317449 -0.0946343
v 0.123649 -0.416497 0.0277821
v 0.129126 -0.416245 0.0228675
v -0.0527133 -0.335056 0.0299951
v 0.0353567 -0.240452 -0.0860686
v 0.0118872 -0.190219 0.0764662
v -0.0984108 -0.145563 -0.137711
v 0.119485 -0.403235 0.0293407
v 0.0275592 -0.129797 0.111071
v 0.11504 -0.386572 0.0297495
v 0.0899202 -0.0472308 -0.103568
v -0.124729 -0.39826 0.0226745
v -0.121588 -0.405001 0.0264594
v -0.0228095 -0.238407 -0.0812256
v 0.038906 -0.38943 0.0250421
v 0.0340554 -0.400259 0.0224036
v 0.0630712 -0.211786 0.054117
v -0.0348795 -0.379215 0.02161
v 0.132828 -0.423681 -0.0696069
v 0.118512 -0.369552 0.0254046
v -0.108197 -0.374275 0.0309586
v 0.0838898 -0.0417216 -0.107641
v 0.0805114 0.34844 -0.0651117
v -0.108524 -0.359501 0.0293195
v -0.0830761 0.412968 -0.0352771
v -0.0929182 -0.36244 0.0351693
v 0.0404265 -0.3614 0.0227627
v 0.01212 -0.410399 -0.0233239
v -0.104924 -0.344805 0.0299044
v -0.0449388 -0.346803 0.0263175
v -0.0385009 -0.349911 0.0220142
v -0.0517909 -0.343701 0.0299325
v 0.118187 -0.339403 0.0231535
v -0.0971831 -0.36814 0.0344774
v -0.0465949 -0.330519 0.0268681
v 0.149938 0.109569 -0.0723312
v -0.117171 -0.333231 0.0222906
v 0.0480146 -0.331821 0.0266316
v 0.108725 -0.327563 0.0302482
v 0.112292 -0.0265152 -0.0595439
v -0.10883 -0.310524 0.0288072
v -0.0534364 -0.3073 0.0305369
v -0.0984043 -0.349909 0.0326614
v 0.0835447 -0.353852 0.035978
v -0.131311 -0.131278 -0.0597358
v 0.0538738 -0.32266 -0.0904496
v 0.0517974 -0.300074 0.0283612
v 0.0513203 -0.308233 0.0283471
v 0.0583014 -0.34941 -0.092036
v 0.122124 -0.130196 0.0409804
v 0.100719 -0.161445 -0.127469
v -0.104958 -0.288457 0.0276139
v 0.130547 -0.131057 0.02666
v -0.0463141 -0.276672 0.0275284
v 0.045128 -0.286987 0.0248929
v -0.100185 -0.262271 0.0293992
v -0.101893 -0.270568 0.0286275
v 0.126503 -0.13064 0.0337265
v 0.0472039 -0.278491 0.0264861
v 0.0404104 -0.278949 0.022747
v -0.0398128 -0.279795 0.0235709
v 0.067011 -0.0639945 -0.128248
v 0.127142 -0.117554 0.0316568
v -0.0822052 0.383817 -0.0577749
v 0.121504 -0.165025 -0.0848838
v 0.0531101 -0.272801 0.0301996
v 0.0439884 -0.271178 0.0263293
v -0.0837584 -0.032804 -0.102141
v -0.0398078 -0.271655 0.0249037
v 0.0624417 -0.369389 0.0345733
v -0.0487116 -0.320686 -0.0889193
v -0.030549 -0.241712 -0.0842084
v -0.0336929 -0.255044 0.0274336
v -0.0373537 -0.263327 0.026251
v 0.0400091 -0.197852 0.0649916
v 0.0686631 -0.355354 0.0350532
v -0.104418 -0.249056 0.0280139
v -0.0262748 -0.253205 0.0237129
v 0.0810429 0.402028 -0.0737524
v 0.107512 -0.248919 0.0272831
v -0.0641918 -0.358699 -0.0942422
v -0.107956 -0.242538 0.0267973
v -0.0123283 -0.233191 0.0298334
v 0.0897715 -0.368771 0.0365802
v 0.0112876 -0.233433 0.0273108
v -0.00573498 -0.230908 0.027957
v -0.0862459 -0.355952 -0.0954384
v 0.00283782 -0.229897 0.0262352
v 0.108823 -0.224043 0.0315129
v 0.114533 -0.230807 0.0252006
v 0.111382 -0.214305 0.0321381
v 0.114284 -0.205586 0.0327873
v -0.119793 -0.193991 0.0286977
v -0.062915 -0.0506685 0.0922998
v 0.118308 -0.189565 0.034865
v -0.123286 -0.17042 0.0325564
v 0.0307041 -0.125875 -0.162265
v -0.127925 -0.16774 0.0263409
v 0.128599 -0.123965 0.029612
v -0.0128578 -0.302465 -0.0224407
v -0.129519 -0.117805 0.0208645
v 0.129388 -0.103099 0.0254794
v 0.124656 -0.0927516 0.0375455
v -0.128105 -0.102093 0.0220478
v 0.14205 0.10745 -0.076315
v -0.0800802 0.332286 -0.0569433
v 0.11338 -0.04196 0.0358446
v -0.109766 -0.0315628 0.0317488
v 0.149195 0.101495 -0.0768303
v 0.086159 -0.365822 -0.0955304
v -0.195644 0.00142633 0.0265578
v 0.200623 0.000129485 0.0288048
v 0.0755073 0.187174 -0.0605814
v 0.222205 -0.00208112 0.0288774
v -0.0684093 0.183514 -0.0683867
v 0.0994277 -0.350485 0.0329727
v -0.248709 0.0105171 0.0222964
v -0.106331 -0.241729 -0.0828772
v -0.0563983 -0.36123 -0.0919954
v -0.0897787 0.0248046 0.0291442
v -0.149134 0.104627 -0.0754616
v -0.123842 -0.0871445 -0.0629554
v 0.0942496 0.0215071 0.0277427
v 0.169824 0.0299852 0.0265916
v -0.14319 -0.320792 -0.0306557
v -0.259346 0.0241001 0.0288673
v -0.0691987 -0.359778 0.0355417
v -0.134415 -0.162136 -0.0572553
v -0.162605 0.0397414 0.022875
v 0.170889 0.0394143 0.0303108
v 0.260781 0.0418947 0.018293
v 0.0205967 -0.31552 -0.0575385
v -0.0144097 -0.356485 -0.0447077
v 0.138121 -0.149017 -0.0540804
v -0.0223579 -0.342504 -0.0646591
v -0.261226 0.0442407 0.0207391
v -0.260016 0.051633 0.0205573
v 0.0797835 -0.0168927 -0.10225
v -0.0879697 0.0603264 0.0284994
v -0.0548748 -0.38184 0.0341565
v 0.0221246 -0.331787 3.62288e-05
v 0.166763 0.0465121 0.0263255
v 0.140649 -0.260359 -0.0279367
v 0.261603 0.0493404 0.0230521
v -0.135377 -0.116394 -0.0375785
v 0.0784846 -0.0295485 -0.108096
v -0.167304 0.0531844 0.0265335
v 0.0570441 -0.405026 0.0377049
v -0.0707426 -0.364117 -0.0954141
v -0.0261787 -0.336955 -0.070019
v 0.135665 -0.368767 -0.0665604
v 0.169558 0.0640432 0.0251759
v -0.189256 0.0733884 0.0276685
v -0.188069 0.0790229 0.0215839
v 0.124274 -0.138331 0.0377088
v -0.18107 0.0746104 0.023865
v 0.139149 -0.237228 -0.0258149
v 0.18165 0.0696398 0.027623
v 0.147959 -0.383742 -0.0270464
v -0.241216 0.081109 0.035867
v -0.234214 0.0810545 0.0301137
v 0.0840883 0.370415 -0.0565725
v -0.124096 -0.136291 0.0343448
v 0.0550629 -0.385116 0.0338335
v 0.198905 0.0772869 0.0279849
v -0.0545858 -0.0412355 -0.126145
v -0.218418 0.0820218 0.0302211
v -0.217471 0.0265717 0.0872106
v -0.209017 0.0802776 0.0268362
v 0.0347303 -0.25515 -0.0805067
v 0.109002 -0.0119213 -0.0572035
v -0.133733 -0.116195 -0.0450938
v 0.0905617 0.0910868 0.0268493
v -0.0834212 0.0942991 0.0281916
v 0.00521274 -0.214329 0.046357
v 0.132247 -0.259999 -0.0607138
v 0.0192223 -0.330047 -0.0542054
v 0.0821349 0.108488 0.0269751
v 0.0770557 0.122593 0.0261925
v 0.0880366 0.10077 0.0250013
v 0.077133 0.130434 0.0238115
v 0.0724281 0.135066 0.0290175
v 0.0825567 0.124617 0.020148
v -0.0412236 -0.400584 0.0297082
v 0.0722737 0.143878 0.0286865
v 0.0705709 0.16317 0.0308432
v -0.0174901 -0.321394 -0.0548188
v -0.138457 -0.348494 -0.0574137
v -0.13254 -0.0885283 -0.0255704
v -0.0818129 0.344593 -0.052404
v -0.130877 -0.102253 -0.0474798
v -0.0166473 -0.213931 0.0505264
v -0.118797 -0.419661 0.0307328
v 0.0752767 0.208164 0.0256712
v -0.0721647 0.229733 0.0327989
v -0.11846 -0.035906 -0.0396169
v 0.157135 0.103878 -0.0727205
v 0.114069 -0.187894 -0.0855698
v -0.125323 -0.0742336 -0.0492113
v -0.0678746 0.252171 0.0288634
v 0.0675883 -0.0219964 -0.113645
v 0.135056 -0.159777 0.0193019
v -0.127015 -0.1104 0.0256643
v 0.0687327 0.278936 0.0276812
v 0.0645424 0.285996 0.0332896
v 0.0158397 -0.318251 -0.0433794
v 0.0652677 0.294902 0.0378817
v 0.0148276 -0.448674 0.0381033
v 0.0484252 0.00562863 -0.114647
v -0.0695069 0.303077 0.0280192
v 0.0698606 0.301721 0.0355369
v -0.0723653 0.309953 0.0207863
v -0.0717406 0.300229 0.0186135
v -0.150458 0.0967913 -0.0783235
v 0.0731879 0.3255 0.0341396
v 0.114028 -0.134933 -0.113506
v 0.0860803 0.385922 -0.0455493
v 0.0711175 0.342736 0.0333732
v 0.125103 0.140256 -0.048434
v 0.173867 0.113043 -0.0143238
v -0.0946696 -0.460901 0.0881148
v 0.12569 -0.103009 0.0351531
v 0.0134407 0.202937 0.0858343
v 0.0605761 0.37772 0.0310555
v -0.0440522 0.392532 0.0312952
v 0.0545059 0.0267563 -0.10203
v 0.265199 0.0595395 0.109953
v 0.0541835 0.390134 0.0256565
v -0.050745 -0.195767 0.0649953
v 0.0551059 0.39791 0.0234752
v 0.0494449 0.39824 0.0277771
v -0.132534 -0.187011 0.0111765
v -0.0441188 0.419946 0.0253975
v -0.0818674 -0.491954 0.0241461
v -0.0349777 -0.206529 0.0589604
v 0.0501447 0.413744 0.0241877
v 0.0407366 0.429687 0.0264563
v 0.0518734 -0.408017 -0.0887632
v 0.129254 -0.320893 0.0120048
v -0.0458606 0.0362112 -0.101954
v -0.0303642 0.434135 0.029253
v -0.0366097 0.439004 0.0249975
v -0.0224932 0.438065 0.0309325
v 0.13079 -0.095889 0.0208068
v 0.0376118 0.438736 0.0258193
v 0.000648287 0.431862 0.0363219
v -0.0943882 -0.0512844 0.0660053
v -0.0276155 0.450457 0.0243636
v -0.0214343 0.446463 0.0282486
v -0.0204156 0.454205 0.0247978
v -0.0137635 0.450376 0.0285666
v -0.00666177 0.445962 0.0313721
v -0.00510936 0.461506 0.0235667
v 0.0156815 0.450049 0.0286204
v 0.00181099 0.463835 0.0221779
v -0.0117962 0.465469 0.0198051
v 0.0243527 0.451202 0.026125
v 0.0161683 0.456991 0.0249207
v -0.111983 -0.498473 0.0102311
v -0.0898306 -0.490399 0.0117703
v 0.0148111 -0.335192 -0.0362553
v -0.121761 -0.0642833 0.0225595
v 0.0147171 -0.323661 -0.0358125
v 0.0811458 -0.488252 0.0131919
v 0.0904993 -0.490761 0.0140162
v 0.141356 -0.339714 -0.0542247
v 0.132651 -0.4955 0.0145716
v -0.0533785 -0.215037 0.0532737
v -0.0464279 -0.487935 0.00924517
v -0.143444 -0.377807 -0.0465399
v -0.0238312 0.413084 0.0363226
v -0.14242 -0.361366 -0.0480324
v 0.145413 -0.38359 -0.046733
v -0.0111961 -0.401212 -0.0344368
v 0.086137 0.392535 -0.0405197
v 0.013699 -0.481573 0.0214671
v -0.14268 -0.471026 0.0164098
v -0.109713 -0.120657 -0.120507
v 0.0856895 0.368445 -0.0284799
v -0.139805 -0.462788 0.0180534
v -0.142969 -0.465093 0.00991082
v -0.0163698 0.21759 0.0852216
v -0.0128126 -0.354544 -0.0306009
v 0.139529 -0.458897 0.0185871
v -0.135184 -0.454984 0.0184578
v 0.0210639 0.419783 0.0364366
v 0.0287551 0.399208 0.0384116
v 0.0349821 0.411743 0.0333157
v 0.132572 -0.443355 0.0188617
v -0.0342539 0.047115 -0.10482
v 0.00317916 0.254489 0.106512
v -0.0828027 0.340114 -0.0460444
v 0.132419 -0.435268 0.0198067
v -0.131678 -0.437112 0.0180429
v 0.0732679 -0.121045 0.0943218
v -0.126943 -0.42148 0.0239517
v 0.0364234 0.0630604 -0.101415
v -0.133209 -0.407106 0.0147506
v -0.127648 -0.406078 0.0210877
v 0.139029 -0.221623 -0.0282561
v 0.0327744 -0.410065 0.0226876
v 0.0289542 -0.405939 0.0179894
v -0.124862 -0.383487 0.0205725
v 0.0666677 0.157435 0.0358842
v 0.0844447 0.220159 -0.03823
v 0.0685964 -0.361088 -0.0947963
v 0.121847 -0.376023 0.0237614
v -0.108751 -0.110045 -0.116232
v -0.0376051 -0.358691 0.0217353
v -0.0323996 -0.353446 0.0168716
v -0.0269097 -0.35716 0.0106466
v 0.122798 -0.360533 0.0210886
v -0.0809846 0.207989 -0.0423825
v 0.0245821 -0.442562 0.0496801
v -0.121883 -0.362485 0.0207271
v 0.033995 -0.36203 0.0170005
v 0.0230574 0.0561463 -0.107342
v 0.066059 -0.122733 0.0983888
v -0.0397857 -0.341272 0.022648
v 0.0143977 -0.0321186 -0.136162
v 0.0904826 -0.397268 -0.0949267
v 0.141257 0.133319 -0.0460662
v 0.120016 -0.330505 0.0214588
v -0.116507 -0.324233 0.0227748
v 0.0367444 0.0463957 -0.104879
v 0.0406633 -0.319956 0.0217578
v 0.143111 -0.175029 -0.0119453
v -0.119369 -0.0759654 0.0365256
v 0.122503 -0.321679 0.0187155
v -0.00867984 0.0947309 -0.103779
v 0.139704 -0.261717 -0.0414795
v -0.0384613 -0.287732 0.0213781
v -0.0835346 0.394346 -0.0352628
v 0.0399089 -0.295072 0.0211518
v -0.113943 -0.045546 0.0314964
v 0.26417 0.0653516 0.0471398
v -0.168926 0.09336 -0.0725677
v -0.11558 -0.276237 0.0205101
v 0.143567 0.130682 -0.0215034
v -0.0946085 -0.382474 -0.0937691
v 0.097825 0.0125716 0.0284175
v 0.140103 -0.252697 -0.0275104
v -0.0341321 -0.281409 0.019236
v -0.028681 -0.281852 0.0141269
v -0.0306692 -0.274803 0.0173681
v 0.0337304 -0.278875 0.0172386
v -0.0997543 -0.136514 -0.137191
v 0.0285883 -0.279817 0.0120352
v 0.0320726 -0.264639 0.0205483
v -0.0333981 -0.268902 0.0216683
v 0.031533 -0.255998 0.0241165
v 0.0255599 -0.261182 0.0166959
v 0.0209236 -0.245015 0.0239414
v -0.193315 0.0063927 0.0338394
v 0.0148174 -0.337221 -0.0255168
v 0.0155134 0.0939156 -0.103345
v -0.143829 -0.355948 -0.0414416
v 0.266499 0.0563493 0.0450282
v 0.146363 -0.366898 -0.0391716
v 0.0132807 -0.399775 -0.0359715
v 0.116487 -0.238547 0.0222326
v 0.121252 -0.225168 0.0197057
v 0.131919 -0.328932 0.00917103
v -0.119825 -0.223271 0.0192775
v 0.122352 -0.19391 0.0287446
v -0.125273 -0.192258 0.02205
v 0.141066 -0.128838 -0.0315852
v 0.131211 -0.164339 0.0258372
v -0.129044 -0.160438 0.0259415
v -0.131796 -0.16402 0.0201125
v 0.0278937 0.0808746 -0.101602
v 0.113799 -0.195014 -0.0835776
v -0.00654285 0.126074 -0.103173
v -0.131424 -0.147369 0.021926
v 0.118369 -0.0328872 -0.0467155
v -0.130802 -0.0803825 -0.0255829
v 0.133081 -0.118059 0.0180701
v 0.133824 -0.13193 0.0196184
v -0.0947896 0.0193381 0.0232945
v -0.130678 -0.101295 0.0132599
v -0.128785 -0.0925247 0.0186954
v -0.0985788 0.00197591 0.0318324
v -0.0413122 -0.451572 0.0956093
v -0.10679 -0.00989901 0.0225871
v 0.0021158 0.124544 -0.103522
v 0.110008 -0.0148221 0.0243212
v -0.230713 -0.000829315 0.0223501
v -0.221586 -0.0026777 0.025785
v -0.188085 0.108556 -0.0292781
v 0.00303057 0.16658 -0.104144
v 0.00382111 0.175782 -0.104238
v -0.199744 -0.00186938 0.0193018
v -0.19708 -0.00267613 0.0107643
v -0.131817 -0.0909004 -0.0357402
v 0.196782 -0.000928595 0.0202186
v -0.231349 0.00540686 0.0526608
v 0.189427 0.00292717 0.0212921
v 0.229485 -0.00126168 0.0239284
v -0.130315 -0.093266 -0.0452236
v -0.103114 0.00963493 0.0106747
v 0.252911 0.0166856 0.015784
v 0.256273 0.0244529 0.0132443
v -0.117442 -0.0253616 -0.0265877
v -0.160456 0.0217611 0.00829648
v -0.162074 0.0274847 0.0164174
v -0.164017 0.0326837 0.0216262
v -0.00196673 0.192209 -0.104453
v 0.105778 -0.45247 0.0569928
v -0.134929 -0.203732 -0.0456009
v -0.260384 0.0375492 0.017461
v -0.258193 0.0292815 0.0143838
v -0.148049 0.0461044 0.0133778
v 0.0953275 0.0327099 0.014388
v -0.255935 0.0432521 0.00488772
v -0.0878188 0.0435415 0.0241781
v 0.164694 0.0383455 0.0237685
v -0.255914 0.0554354 0.0136082
v -0.254366 0.0511397 0.00548638
v -0.153775 0.0530803 0.0186571
v -0.161281 0.0482334 0.0230279
v -0.161002 0.055519 0.022895
v -0.252904 0.0623937 0.015232
v -0.14911 0.0620516 0.0172105
v -0.157558 0.0617265 0.0208564
v 0.0935005 0.0505536 0.0194431
v 0.253054 0.0605403 0.0131164
v -0.141837 -0.300647 -0.0347007
v -0.120338 -0.0342075 -0.0135618
v 0.0508145 -0.157909 0.0910479
v -0.14067 -0.284253 -0.0320864
v 0.130408 -0.343834 -0.0727133
v 0.156241 0.0685677 0.0195868
v 0.12729 -0.14637 0.0332426
v 0.166228 0.0712978 0.021977
v 0.113675 -0.185416 0.040947
v -0.173286 0.0782135 0.0205058
v -0.162483 0.0688273 0.0215823
v -0.153973 0.0694807 0.0188785
v 0.0974599 -0.402913 -0.0931741
v -0.0154198 0.127742 -0.101881
v -0.00673398 0.152217 -0.103455
v -0.0129063 -0.341073 -0.0241293
v -0.116484 -0.181762 -0.0828571
v -0.0960983 -0.455369 0.0665491
v -0.166511 0.0749618 0.0210247
v -0.181007 0.0819739 0.0186478
v -0.150794 0.0774424 0.0164821
v 0.0899246 -0.392691 0.039559
v -0.120618 -0.0385551 -0.0306905
v 0.0959072 0.0681474 0.0202774
v 0.116859 -0.0215229 -0.0389303
v 0.155989 0.0884356 -0.0787165
v -0.0179391 -0.364177 -0.00365985
v -0.0108778 -0.399643 -0.0264148
v -0.258029 0.0225404 0.0605283
v -0.119316 -0.032006 -0.0264992
v 0.241495 0.0742142 0.0170057
v -0.201569 0.0804146 0.0209746
v -0.0767423 -0.383431 0.0389341
v -0.0214448 -0.320315 0.00242017
v 0.0117915 0.179237 -0.103606
v 0.208352 0.0799252 0.0279426
v 0.226452 0.0820803 0.0294533
v -0.0870351 0.0887266 0.0253998
v 0.0959806 0.0862367 0.0210669
v 0.0659048 -0.406798 0.0407249
v 0.148474 -0.408804 -0.0346975
v -0.088608 0.0945032 0.0215532
v -0.0791221 0.108711 0.024752
v -0.0816906 0.116389 0.0206745
v -0.086306 0.109027 0.0195306
v 0.0888972 0.118446 0.0180764
v 0.088088 0.109811 0.0205678
v 0.09543 0.112453 0.0160866
v 0.0894378 0.126772 0.0151626
v -0.0772079 0.124155 0.0220104
v -0.0847181 0.123975 0.0167251
v -0.0739578 0.132318 0.0243933
v 0.101479 -0.49438 -0.0375957
v -0.0717616 0.139712 0.0259808
v 0.085173 0.14127 0.0116342
v -0.154965 0.0884962 -0.079094
v 0.076521 0.147542 0.0218011
v 0.0472788 -0.0520445 -0.133263
v 0.0769953 0.156237 0.0203384
v 0.0769671 0.172704 0.0199256
v -0.0711253 0.193555 0.0350828
v -0.0721574 0.176643 0.0244
v 0.0353536 -0.425588 -0.0769748
v -0.0773492 -0.0846886 0.0917744
v -0.0834918 0.207052 -0.0289629
v -0.0715331 0.235108 0.0255131
v 0.0746299 0.23063 0.0255041
v 0.0718393 0.256225 0.0252192
v 0.194779 0.00923094 0.0403854
v -0.173606 0.116859 -0.0369749
v -0.139971 0.0252351 -0.0199594
v -0.251972 0.0131547 0.040303
v -0.0346755 -0.250055 -0.0834013
v 0.0708067 -0.38325 0.0381203
v 0.0732075 0.310001 0.0332412
v 0.0726838 0.302551 0.0273047
v 0.131759 -0.076135 -0.02957
v 0.10341 -0.104047 -0.124344
v 0.0758623 0.320312 0.0206814
v -0.074362 0.334793 0.0183893
v 0.0511601 -0.494304 0.0535386
v -0.0728712 -0.410734 0.0422951
v 0.12971 -0.0664722 -0.0289306
v 0.0763423 0.348953 0.0281401
v -0.138194 -0.123707 -0.0251426
v -0.11586 -0.0182283 -0.012818
v 0.0168834 -0.330431 -0.0130693
v 0.0598491 0.394232 0.0200209
v 0.223115 0.00316924 -0.013909
v 0.0481695 -0.493128 0.0619274
v -0.144253 -0.344956 -0.0283873
v 0.0544915 0.425962 0.0181916
v 0.0581757 0.431274 0.0132168
v 0.0554236 0.4379 0.0136221
v 0.0500772 0.441158 0.0171028
v 0.0427403 0.444428 0.0204569
v -0.0519892 -0.122165 -0.162007
v -0.0347857 0.44727 0.0226366
v 0.0315844 0.456473 0.020236
v 0.0344234 0.447791 0.0237675
v -0.0623478 -0.396635 0.0385244
v 0.034664 -0.490393 0.0549407
v -0.0474777 -0.400023 -0.0874747
v -0.0105726 0.472709 0.0138401
v 0.00860962 0.461229 0.0235815
v 0.00718492 0.469418 0.0176839
v 0.0158398 0.464531 0.0201308
v -0.0386012 -0.0180088 -0.126103
v 0.0222468 0.466363 0.01691
v -0.144754 -0.373156 -0.0398051
v -0.104886 -0.412936 0.037685
v -0.00320258 0.468591 0.0185011
v -0.120178 -0.499015 0.0149631
v -0.0112522 -0.398718 -0.0194782
v -0.129241 -0.496322 0.0142788
v -0.0568338 -0.405827 0.0382905
v -0.0537543 -0.395917 0.0356085
v -0.108504 -0.0195674 -0.057981
v -0.13511 -0.334344 0.00215248
v -0.0939512 -0.397344 0.0390839
v -0.230316 0.0139397 -0.0225321
v 0.0363903 -0.490607 0.0116122
v 0.175898 0.079009 -0.0736881
v 0.104552 -0.414827 0.0387917
v 0.0102035 0.211392 -0.104507
v 0.00766913 0.227229 -0.105406
v -0.063385 -0.484516 0.0130951
v 0.0863806 0.192198 -0.0229187
v -0.0201937 -0.488517 0.00477707
v 0.0502004 -0.486913 0.0154789
v -0.0745698 -0.402087 -0.0951604
v 0.0715756 -0.486938 0.0109493
v 0.0857591 0.222906 -0.0289298
v 0.138074 -0.491422 0.0117961
v 0.0863124 0.215439 -0.0224635
v -0.143057 -0.478776 0.0128005
v -0.0146298 -0.485344 0.00827517
v 0.0746597 -0.494534 0.0387397
v 0.141222 -0.485943 0.017316
v 0.00810416 0.256361 -0.107511
v -0.00635581 -0.473384 0.0185962
v 0.008453 -0.474025 0.0196744
v 0.143397 -0.46947 0.019011
v -0.129133 0.134367 -0.0147978
v -0.0711554 -0.113109 0.0960802
v -0.00574542 -0.467376 0.0248757
v 0.00661169 -0.464876 0.0171479
v -0.140937 -0.289019 -0.025824
v 0.143302 -0.456788 0.00189307
v -0.00624795 -0.456146 0.0134631
v -0.0135193 -0.319078 -0.0188345
v -0.23738 0.0280814 -0.0252608
v 0.0226444 -0.37495 0.00346982
v -0.00974534 -0.44802 0.0108358
v -0.0897086 -0.410178 -0.0941122
v 0.136591 -0.431487 0.0149234
v -0.133212 -0.422552 0.0168862
v -0.135449 -0.431218 0.0139481
v 0.0258058 -0.42231 0.0170134
v 0.132726 -0.425385 0.0199717
v 0.109497 -0.249603 -0.0824324
v -0.0143894 -0.305086 -0.0142707
v 0.135487 -0.415002 0.0150454
v 0.0273782 -0.399107 0.0150094
v 0.126188 -0.401346 0.0235861
v -0.0134242 0.231056 -0.104857
v -0.0207629 -0.415613 0.0113902
v -0.0261928 -0.40133 0.0156004
v 0.132053 -0.383348 0.0149361
v -0.0124275 -0.394162 -0.0138812
v -0.0324937 -0.388929 0.0208557
v 0.0338973 -0.383901 0.0196896
v -0.130358 -0.369058 0.0128409
v -0.0152457 0.262848 -0.106653
v 0.00633252 0.300037 0.0913488
v 0.129865 -0.357267 0.0141767
v 0.0131856 -0.401591 -0.0185219
v -0.119171 -0.342635 0.0213587
v 0.0351642 0.0451374 0.078973
v -0.0786067 0.394768 -0.0129158
v 0.122734 -0.343937 0.0198114
v -0.121187 -0.328189 0.0187095
v -0.00762865 0.226798 -0.105213
v -0.0269072 -0.320666 0.0101874
v -0.122107 -0.320768 0.0172872
v 0.0219069 0.234682 -0.103523
v -0.12416 -0.420862 -0.0769355
v -0.248308 0.0509529 -0.00783136
v 0.0343938 -0.318777 0.0163541
v 0.0853897 0.404086 -0.0558716
v 0.0284787 -0.317765 0.00996211
v 0.0116744 0.26418 -0.107879
v -0.112827 -0.301812 0.0242626
v 0.116581 -0.0122018 -0.0171704
v 0.0198485 0.265161 -0.106609
v -0.113827 -0.267261 0.0215211
v 0.129399 -0.0621504 -0.020539
v -0.129864 -0.0748014 -0.0214147
v 0.124873 -0.271904 0.013768
v -0.0269814 -0.26727 0.0172489
v -0.120237 -0.245253 0.0153435
v -0.124359 -0.263117 0.0114379
v -0.262946 0.0600026 0.036944
v -0.0235237 -0.258973 0.0177538
v 0.0183602 -0.256181 0.0124559
v 0.0135594 -0.258328 0.00424264
v -0.0192442 -0.251244 0.0193919
v -0.138294 -0.12508 -0.0117311
v 0.0160945 -0.248071 0.0169083
v 0.0147812 -0.351738 -0.0261719
v 0.120497 -0.242221 0.017681
v 0.115032 -0.245752 0.0224652
v -0.122063 -0.229834 0.0148203
v -0.1319 0.029363 -0.0210997
v -0.122281 -0.215374 0.0183332
v 0.130354 -0.224848 0.00715896
v 0.127819 -0.211572 0.0145873
v -0.124648 -0.206959 0.0173023
v -0.127099 -0.213471 0.0115323
v -0.028961 0.299628 -0.107158
v 0.127568 -0.189817 0.0232727
v -0.15155 0.106331 0.00405018
v -0.129141 -0.191398 0.0159616
v 0.131998 -0.185463 0.0172606
v -0.134897 -0.168338 0.0128435
v -0.130861 -0.17301 0.0198382
v 0.135526 -0.150357 0.018694
v 0.135582 -0.118841 0.0103206
v -0.179651 0.0256459 0.0377434
v -0.117756 -0.189574 -0.0783925
v 0.128766 -0.0697113 0.00866961
v -0.175873 0.0331313 0.0354929
v 0.119256 -0.0395344 0.0184449
v 0.144639 -0.333784 -0.0186924
v -0.236084 0.00178643 0.0139148
v -0.216174 -0.00403224 0.0193923
v -0.0909627 -0.457574 0.0809602
v -0.208024 -0.00355698 0.0198679
v 0.206087 -0.00274113 0.0229378
v 0.20414 -0.00375735 0.0141098
v -0.243702 0.00728388 0.0139603
v -0.143458 -0.347422 -0.0194208
v -0.190105 0.00143549 0.0175064
v -0.188542 -0.000143308 0.00699634
v -0.174172 0.00764827 0.00630087
v -0.182581 0.00665824 0.0196819
v -0.0840709 0.0665588 0.0440081
v 0.184359 0.00240509 0.0105825
v 0.241357 0.00582098 0.0113818
v -0.249665 0.0139387 0.0131236
v -0.140107 -0.369394 -0.00351969
v 0.170975 0.0121988 0.0105539
v 0.178078 0.00642536 0.0107712
v 0.168726 0.0184087 0.0165307
v 0.238516 0.00591276 0.00282934
v 0.24803 0.011219 0.0137154
v -0.175013 0.0116059 0.0162151
v 0.074625 -0.400355 -0.0951777
v 0.0271053 0.250135 -0.103163
v -0.097912 0.0248076 0.00787836
v -0.00473149 0.40714 -0.131167
v 0.105851 0.00692045 0.0130153
v 0.102118 0.0103951 0.0202662
v 0.256975 0.0684621 0.0341865
v -0.254838 0.0170666 0.0261077
v -0.253349 0.0168884 0.0188741
v 0.0720544 -0.406887 -0.0945765
v 0.185765 0.0170468 -0.0463209
v 0.167174 0.0247395 0.0204583
v -0.0607503 -0.400554 -0.0929941
v -0.0945402 0.0313612 0.0110303
v -0.0130967 -0.384269 -0.0146209
v 0.0282551 0.284673 -0.106185
v 0.158036 0.0305088 0.0138388
v -0.0381086 -0.260483 -0.0826884
v -0.091089 0.0469299 0.0146478
v -0.0904927 0.0371706 0.0175849
v 0.160858 0.0448223 0.0218144
v -0.0215486 0.288363 -0.10819
v 0.147108 0.052007 0.0144326
v -0.0352786 0.286939 -0.10286
v -0.083193 0.286229 -0.0140671
v -0.062479 -0.409045 -0.0929224
v 0.116856 -0.266328 -0.0793448
v 0.0851478 0.252807 -0.00887548
v 0.0217615 -0.157532 0.100422
v -0.0364075 0.312164 -0.105606
v 0.0862402 0.224732 -0.0193323
v 0.0950753 0.047036 0.0130516
v 0.153456 0.0585561 0.0189163
v 0.0742255 -0.413956 -0.0945993
v 0.100193 0.0633899 0.0123306
v 0.149082 0.0661345 0.016982
v -0.064097 0.15884 0.0361038
v -0.244848 0.072929 0.0203484
v -0.0936731 0.0696818 0.0164588
v -0.0832907 0.204405 -0.00925496
v -0.116141 -0.107523 0.0489853
v 0.142454 0.068916 0.0142629
v -0.123279 -0.145593 0.0356808
v -0.235476 0.0778114 0.0198731
v 0.10099 0.072803 0.014437
v -0.0194455 -0.378732 0.00169916
v 0.160636 0.0169025 0.000480861
v -0.11095 -0.203722 0.0344397
v -0.226271 0.0810119 0.0249283
v -0.217498 0.081432 0.0207329
v -0.0571632 -0.41619 -0.0909569
v 0.166905 0.0126445 0.00376182
v 0.073842 0.168298 0.0257109
v -0.102678 -0.191373 0.0459498
v 0.101971 -0.18679 0.049937
v -0.165603 0.0819219 0.0180258
v 0.0969511 -0.219756 0.040333
v -0.0352003 0.295309 -0.103992
v -0.0920939 0.0861485 0.0195217
v 0.0918131 -0.0970395 -0.13447
v 0.0221682 -0.123223 0.113551
v 0.0871995 -0.422541 -0.0937751
v 0.193129 0.0793731 0.0216024
v 0.217247 0.0818654 0.0166196
v -0.187622 0.0840972 0.0166928
v -0.182563 0.0894338 0.0128972
v -0.164353 0.0907443 0.0134592
v -0.157 0.0841385 0.0158824
v 0.0276276 0.293253 -0.107551
v 0.0938779 -0.0638074 0.0733057
v 0.0332546 0.306937 -0.10734
v 0.101673 0.0904609 0.0162005
v 0.108606 0.0862352 0.0127344
v 0.010609 0.271784 0.0973625
v -0.040402 -0.129088 -0.163144
v 0.178086 0.0829322 0.0182879
v -0.0147965 -0.313677 -0.0127772
v 0.187055 0.084048 0.0169207
v -0.104568 0.0965012 0.0138365
v -0.113241 0.0985259 0.0112195
v 0.101686 0.0987924 0.016224
v -0.0820658 -0.227978 0.0425379
v -0.107148 0.104942 0.0123797
v 0.215881 0.0859654 -0.0260972
v -0.0152073 -0.322062 -0.0115887
v 0.141043 -0.344119 -0.00518428
v 0.0148784 -0.400612 -0.00989571
v 0.0773347 0.218254 0.0605474
v 0.0407977 0.306292 -0.103667
v -0.0962077 0.116051 0.0138489
v -0.0894141 0.116485 0.0164508
v 0.0583129 -0.228629 0.0462668
v 0.0902349 0.134261 0.0113213
v 0.096083 0.128486 0.0104394
v -0.0784796 0.146156 0.0150316
v 0.0180061 -0.399547 -0.00117641
v 0.0791359 -0.407162 -0.095163
v -0.0723283 0.379452 0.00390521
v 0.0794245 0.194291 0.0139531
v -0.0728888 0.251039 0.0200517
v -0.0736995 0.241061 0.0191354
v 0.0791248 0.240762 0.0126962
v 0.0756177 0.258743 0.0183672
v -0.0738992 0.276404 0.0156173
v -0.0725079 -0.231346 0.0437271
v 0.0783095 0.287174 0.0103222
v 0.0724572 0.295026 0.0220717
v -0.0665311 -0.22503 0.0471474
v 0.0798501 -0.403286 0.0417155
v 0.0397994 0.322121 -0.106496
v 0.0749366 0.338312 0.0243814
v 0.130617 -0.23828 -0.0598837
v -0.0447239 0.35125 -0.107211
v 0.0748085 0.363708 0.0156276
v -0.072047 0.364423 0.0223197
v 0.0446911 0.421419 0.0260288
v 0.0405731 -0.491321 0.031041
v 0.0332332 -0.135562 0.107617
v -0.0391696 0.344153 -0.109206
v -0.0687502 0.370854 0.0161093
v -0.0475142 0.334655 -0.102329
v 0.0630843 0.378267 0.0229218
v 0.0839095 0.249529 -0.00238509
v -0.0639178 0.386257 0.0146442
v 0.0652108 0.390283 0.0149989
v -0.0620756 0.403676 0.0133637
v -0.0667115 0.406908 0.00680129
v 0.0578894 0.361684 -0.100536
v -0.0554232 0.429791 0.0144514
v -0.0498066 0.43833 0.0161737
v -0.0612792 0.432099 0.00771559
v -0.0423106 0.443847 0.0199365
v -0.0543326 0.444137 0.00960413
v -0.0394526 0.452891 0.0166394
v -0.0456774 0.456018 0.0101898
v -0.0330528 0.459486 0.0166105
v 0.0401229 0.452989 0.0179102
v -0.0189225 0.46863 0.0154237
v -0.0259578 0.470608 0.0108662
v -0.0185176 0.475293 0.00886644
v 0.090324 -0.415583 -0.0940992
v 0.0256151 0.470843 0.011956
v 0.0828479 -0.41495 -0.0945886
v 0.0104283 0.476853 0.0100726
v 0.0279328 0.416498 0.0351835
v 0.0843528 0.267137 -0.00608231
v 0.0854662 0.236364 -0.00969241
v -0.10808 -0.498892 0.024446
v 0.0327366 -0.0295284 -0.132009
v -0.0575555 0.138325 0.0437096
v -0.137375 -0.4917 0.00297302
v -0.131262 -0.496114 0.00624086
v -0.119213 -0.0358763 0.00359166
v -0.0555797 0.441813 -0.103461
v 0.0501653 0.144854 0.0513565
v -0.0887436 -0.490372 0.00368595
v -0.030209 -0.490772 0.0142713
v -0.0369093 -0.490116 0.00592076
v 0.0269086 -0.490092 0.00858841
v 0.0345296 -0.490282 -0.00339295
v 0.194152 0.104007 -0.0184066
v 0.115149 -0.015854 0.0071089
v 0.0956536 -0.491297 0.00623265
v 0.0494209 0.163506 0.0698933
v 0.142076 -0.169315 -0.00179529
v -0.141243 -0.485753 0.00800993
v -0.132764 -0.285875 0.000844322
v -0.00124545 0.247256 0.10978
v -0.0136749 0.476654 -0.10294
v 0.0771557 -0.0739359 -0.128298
v 0.060416 -0.418559 -0.0914577
v -0.0241171 0.0518386 0.0797598
v 0.0166042 0.150301 0.0688428
v -0.0446689 -0.488389 0.000300564
v 0.0190792 -0.32931 -0.0062842
v -0.0777009 0.299206 0.00521028
v 0.0569081 -0.484566 0.0137579
v 0.0621031 -0.48617 0.00731735
v 0.0693696 -0.489818 0.00249732
v 0.0843903 0.2116 -0.00231283
v -0.0435512 -0.270271 -0.0847621
v -0.0806941 0.183685 0.00464531
v 0.201619 0.0991084 -0.0207569
v 0.14463 -0.478569 0.0143075
v -0.0194629 0.142826 0.0645039
v -0.145307 -0.468849 0.000842321
v -0.130202 -0.0776291 -0.00524468
v -0.00402971 0.469454 -0.111317
v -0.139264 -0.452536 0.00527653
v -0.00093453 0.054821 0.0769932
v -0.0990248 0.103185 0.0151943
v -0.0161559 -0.483611 0.034107
v -0.138982 -0.444699 0.0042063
v -0.111979 -0.207507 -0.0804597
v -0.0700303 -0.203092 -0.112191
v 0.197981 0.0145326 0.0518995
v 0.0229793 -0.340492 0.00148065
v 0.0112258 -0.449396 0.018804
v 0.00787481 -0.45562 0.00635268
v -0.135642 -0.440317 0.0119129
v 0.0877435 0.00987573 0.0477237
v 0.0161642 -0.440577 0.00703308
v -0.140646 -0.433592 0.00451365
v 0.0269256 0.122605 0.0634588
v -0.0241866 -0.326743 0.00658088
v 0.195716 0.103665 -0.028595
v -0.020778 -0.329329 0.00117439
v -0.14453 0.130245 -0.0217117
v 0.0355828 0.12032 0.0614115
v 0.18825 0.0119516 -0.0398169
v -0.0838992 0.368457 -0.0372012
v 0.129559 -0.335995 0.0125339
v 0.0533009 -0.193725 -0.129985
v 0.13606 -0.397064 0.0118616
v -0.129452 -0.35339 0.011883
v -0.0227969 -0.351566 0.00477824
v 0.0194685 -0.407682 0.0040271
v -0.0937938 -0.183336 -0.114957
v 0.00796159 -0.467176 0.0268746
v 0.0286012 -0.362058 0.0110622
v -0.151397 0.124393 -0.016112
v -0.12612 -0.327523 0.0136255
v -0.0972646 -0.172186 -0.122241
v 0.138785 -0.463898 0.0271061
v 0.0659603 0.410439 0.010039
v 0.134847 -0.45102 0.0183329
v -0.125775 -0.305197 0.0124363
v -0.0928226 -0.00139292 0.0446074
v 0.12545 -0.31276 0.0155673
v -0.0244911 -0.282447 0.00897144
v 0.0257736 -0.286964 0.00728495
v -0.0861906 0.0125451 0.0446734
v -0.0202384 -0.279263 0.00448597
v -0.0861893 -0.176135 -0.132036
v 0.0236765 -0.276623 0.00687225
v 0.124907 -0.263534 0.0131414
v -0.0869335 -0.186777 -0.119103
v 0.0203213 -0.266072 0.00763398
v 0.0182723 -0.273431 -0.000217412
v -0.09501 -0.420171 -0.09251
v 0.169259 0.0843185 -0.0752175
v 0.0437572 -0.273148 -0.0835833
v 0.0115008 -0.250786 0.00913677
v 0.129436 -0.259623 0.0071895
v 0.12486 -0.246489 0.0121962
v -0.0124094 -0.249072 0.0146926
v 0.117352 -0.112292 0.0501794
v -0.00566567 -0.246542 0.00947717
v 0.000264938 -0.239921 0.0131467
v 0.125284 -0.237998 0.0125209
v 0.194017 0.0930172 -0.0551825
v -0.134653 -0.19125 0.00356103
v 0.0189546 -0.441369 0.0305769
v 0.0631584 -0.426768 -0.0917503
v -0.0749074 -0.418147 -0.0946163
v -0.135188 -0.158805 0.013837
v -0.137193 -0.17321 0.00541915
v -0.074897 0.297874 0.0117969
v -0.134351 -0.151189 0.0159318
v -0.137543 -0.150613 0.00734424
v -0.134454 -0.143493 0.0146456
v -0.133795 -0.134548 0.0146211
v 0.139925 -0.39448 0.0051445
v 0.137722 -0.119751 0.00254451
v 0.137405 -0.12632 0.00736757
v 0.0746277 -0.0667639 -0.124875
v -0.132396 -0.109184 0.00856996
v -0.134201 -0.122606 0.00890849
v 0.134568 -0.103573 0.00748448
v -0.132645 -0.101133 0.00405077
v -0.075596 -0.0537024 0.0845659
v -0.120099 -0.0434997 0.0104614
v -0.127045 -0.0700962 0.00613315
v 0.183976 0.0229245 -0.052806
v 0.106731 -0.165325 -0.113919
v 0.120164 -0.0282791 -0.00222722
v -0.0716331 -0.0575847 -0.120653
v 0.112444 -0.00631803 0.00640993
v -0.204227 -0.00378691 0.0135962
v -0.0171452 0.127179 0.0652639
v 0.219838 -0.0036989 0.0114283
v 0.0809901 0.288162 0.00354316
v 0.0823695 0.173182 0.00682995
v -0.077446 0.196191 0.0132895
v -0.0988279 -0.205911 0.0429056
v -0.0771871 0.388396 -0.00798712
v 0.109352 0.00276189 0.00551849
v -0.14545 0.12089 -0.00727959
v -0.250403 0.0182595 0.00524351
v 0.106023 0.0116504 0.00485046
v 0.162607 0.0243843 0.0145829
v -0.15292 0.0261312 0.00336208
v -0.0635767 -0.0542317 -0.124894
v -0.0899636 -0.188276 0.0553839
v -0.0103852 -0.414893 -0.032046
v -0.142328 0.0348562 0.000343469
v 0.15198 0.0344014 0.00986884
v -0.00384811 0.119838 0.0672905
v -0.108411 -0.273185 -0.0843517
v 0.255469 0.0391446 0.00313516
v -0.101303 0.111007 0.0131415
v 0.149313 0.0430024 0.0130341
v 0.14458 0.0390765 0.00647042
v -0.109007 0.113162 0.0101491
v -0.251637 0.0670032 0.0213759
v 0.139602 0.0551652 0.010617
v -0.0916255 0.0555367 0.015125
v -0.136121 0.0564548 0.00919205
v -0.140635 0.0631125 0.0131659
v -0.144236 0.0402291 0.00708751
v 0.137027 0.0633188 0.0113956
v 0.247553 0.0639614 0.00611281
v -0.0504446 0.244623 0.0995255
v 0.0762851 -0.219445 0.0479354
v -0.111698 0.0639792 0.0057799
v 0.0895713 -0.437776 -0.0921766
v 0.114604 -0.0221053 0.0167502
v -0.0353285 -0.40374 0.0257747
v 0.129305 0.0657297 0.00870832
v -0.0740355 -0.43397 -0.0929829
v 0.237206 0.069708 -0.00608913
v 0.0441837 -0.280674 -0.0837915
v 0.014686 -0.304546 -0.0367175
v 0.106164 0.0689345 0.0103338
v -0.0245504 -0.312544 0.00731674
v 0.0252199 -0.325074 0.00540304
v 0.113137 0.0687834 0.00821903
v 0.121251 0.0675063 0.00761558
v -0.135629 -0.400286 0.0101779
v 0.10795 -0.157722 -0.117536
v -0.134085 0.129989 -0.0118819
v 0.0160826 -0.354799 -0.0441019
v -0.141776 0.0784229 0.0138081
v -0.122626 0.0665545 0.00711564
v 0.113891 -0.4592 0.05799
v 0.123274 -0.0474116 -0.0427988
v 0.086547 -0.44582 -0.0918211
v -0.114136 0.0734727 0.00843947
v 0.150054 0.124688 -0.0157362
v 0.221249 0.0813036 0.00999802
v 0.0764642 0.189783 0.0207922
v -0.200669 0.0846583 0.0133541
v 0.00550479 0.134747 0.0670087
v -0.107097 0.0804322 0.0112859
v 0.110078 -0.166988 -0.106334
v -0.0549055 -0.138041 0.0978097
v 0.140873 0.0777183 0.0134775
v 0.14848 0.0830998 0.0144486
v 0.204347 0.0844327 0.0133145
v 0.111688 -0.151328 -0.113585
v -0.126618 0.0852819 0.0104231
v -0.138386 0.135643 -0.0369231
v -0.116984 0.0828588 0.0102968
v -0.126996 -0.0864828 -0.0532664
v -0.110478 0.0896642 0.0119265
v 0.12303 0.0799101 0.0101223
v 0.116233 0.08268 0.0105908
v 0.115488 0.091064 0.0114708
v 0.0242798 0.131642 0.0640908
v 0.13981 0.0872271 0.0120754
v -0.0904507 -0.0829312 -0.122539
v 0.195804 0.0844608 0.0151553
v -0.18873 0.0941693 0.00638504
v -0.0791012 -0.0249629 -0.103618
v 0.0541181 0.273005 0.0537964
v -0.173779 0.0937331 0.0106497
v -0.0854631 -0.44266 -0.092061
v -0.14582 0.094092 0.0106963
v -0.067588 -0.0170004 -0.110306
v -0.137335 0.0877518 0.0115474
v -0.137722 0.0977331 0.00930209
v 0.0997865 -0.451857 -0.0897522
v 0.122449 0.0961016 0.00996578
v -0.144334 0.0547395 0.0137778
v 0.15509 0.0874065 0.0141481
v 0.0654073 -0.0303377 -0.117836
v 0.0837572 -0.45344 -0.0934555
v 0.166312 0.0945176 0.0106689
v 0.154709 0.0481967 0.0183143
v 0.0887965 -0.459716 -0.0944804
v 0.180972 0.0898175 0.0129548
v -0.138209 0.104444 0.00661341
v -0.0261816 -0.414971 0.0185759
v -0.119767 0.0919626 0.0105302
v 0.114189 0.0996057 0.0113534
v -0.127006 -0.0760901 0.0129288
v 0.120571 0.1052 0.00900228
v 0.139121 0.0964831 0.00978149
v -0.0467374 -0.151044 0.0957381
v 0.0210621 0.116106 0.0655218
v -0.124323 0.110598 0.00633867
v 0.126399 -0.32916 0.0154573
v -0.111088 0.121891 0.00610113
v 0.109228 0.126384 0.00534208
v 0.110183 0.118591 0.00853572
v -0.0870389 0.131679 0.0124672
v -0.0943857 0.132936 0.00724848
v -0.0301769 -0.312824 0.0140778
v -0.0468073 0.131188 0.0525067
v 0.0707153 -0.0125413 -0.108136
v -0.0793057 0.160423 0.00950601
v -0.0809284 0.151607 0.00901787
v 0.0839461 0.155992 0.00638052
v 0.132021 -0.391827 0.0162037
v 0.0826207 0.164647 0.00648649
v -0.0780752 0.187346 0.0120003
v -0.0805411 0.193517 0.00462097
v -0.075589 0.222663 0.0165505
v 0.0221379 -0.399214 0.00744747
v -0.055992 0.407338 0.0187904
v 0.079335 0.231624 0.012775
v -0.0760936 0.245881 0.0138238
v 0.057614 -0.0312456 -0.122527
v -0.0720879 0.26882 0.0198359
v 0.109959 0.0015456 -0.0374388
v 0.070468 -0.449125 -0.091361
v -0.13048 0.137132 -0.0225878
v -0.0423955 -0.376815 0.0272356
v -0.0747938 0.23194 0.0175926
v 0.0786215 0.338258 0.01449
v -0.075496 0.33269 0.0104719
v -0.0727571 0.0447638 0.0594104
v -0.0762986 0.339294 0.0131563
v -0.128822 -0.125763 0.0243533
v -0.0755624 0.34328 0.0193497
v -0.0764095 0.346475 0.0111296
v -0.0759285 0.354176 0.0186654
v 0.078648 0.354545 0.0113153
v -0.116892 -0.217396 0.0241804
v 0.114925 -0.28037 0.0228488
v -0.0754994 0.355152 0.0075169
v -0.110378 -0.282404 0.0243281
v 0.204235 0.0152663 0.0592957
v 0.0775041 -0.00780713 -0.100826
v -0.0678064 0.392533 0.0082325
v 0.07041 0.38601 0.00919966
v -0.107077 -0.264731 0.0258508
v -0.107215 -0.0418884 0.0435297
v 0.0616669 0.414412 0.0140287
v -0.121621 -0.390509 0.0242843
v -0.107022 -0.0691556 0.0558402
v -0.0318846 -0.46 -0.0757302
v 0.0645699 0.428668 0.00753534
v -0.135777 -0.415055 0.0122139
v 0.0528896 0.453078 0.00800482
v 0.0548511 0.444782 0.0112323
v 0.0599612 0.447931 0.00436672
v -0.0327087 0.465978 0.0114514
v 0.0452827 0.457407 0.0114112
v 0.0372379 0.461098 0.0142554
v 0.0500529 0.461365 0.00421292
v -0.0318453 0.471396 0.00681366
v 0.0338346 0.468345 0.00995072
v -0.0099308 0.479463 0.00668942
v -0.0185793 0.482259 0.000312032
v -0.00262579 0.482181 0.00424226
v 0.000535124 0.486374 -0.00159121
v 0.00513999 0.482089 0.00446552
v 0.168482 0.0757076 -0.0768734
v -0.125418 -0.498301 0.00166602
v 0.116314 -0.296965 -0.0828817
v 0.116328 -0.287841 -0.0819757
v 0.0455367 -0.313746 0.0251724
v 0.108221 -0.495738 -0.00149243
v 0.115753 -0.299881 0.0229524
v 0.126227 -0.49823 -0.00266068
v 0.135326 -0.494498 -0.00398043
v -0.0837738 0.22321 -0.0262305
v -0.064803 0.0119874 -0.100092
v -0.196483 0.0391539 0.072275
v 0.0400795 -0.489891 0.00295472
v 0.0916626 -0.491775 -0.0013692
v -0.0823878 -0.48843 0.0104144
v 0.0524089 0.106227 0.063423
v -0.0414738 -0.334249 0.0237163
v -0.0403856 -0.319039 0.0229605
v 0.0141067 -0.483565 0.00688587
v -0.0337712 -0.32215 0.0176188
v -0.0733685 -0.066909 -0.124269
v 0.0779006 -0.490115 0.00449195
v 0.0834869 -0.492553 -0.00200921
v 0.100502 -0.0808473 0.0718562
v 0.145193 -0.483174 0.00150355
v -0.11615 -0.360256 0.0248956
v 0.095253 -0.191047 0.05251
v -0.0398271 -0.386118 0.0265373
v 0.141586 -0.44787 0.00145198
v 0.145578 -0.43557 -0.0042509
v 0.0118265 0.215966 0.0887449
v 0.142908 -0.439294 0.00128479
v -0.0611807 -0.460854 -0.0922125
v -0.06993 -0.204663 0.0561977
v 0.0570909 0.409966 0.0192619
v 0.143409 -0.424978 0.0033582
v -0.140186 -0.415212 0.00459542
v 0.049981 0.0991477 0.0687617
v 0.140963 -0.41645 0.00671041
v 0.0174857 -0.424062 0.00324718
v 0.063299 0.266863 0.0351225
v 0.0212461 -0.416693 0.00951718
v -0.0660796 -0.210561 0.0538915
v 0.105276 0.00262074 0.0206264
v -0.141035 -0.408473 0.00168482
v 0.0284941 -0.160051 0.097402
v -0.0158426 -0.409672 0.000519922
v -0.0167991 -0.415963 0.00389129
v -0.0939291 -0.139889 -0.143305
v -0.115236 -0.035015 0.0196152
v -0.0216727 -0.401007 0.00964733
v 0.138957 -0.409555 0.00921631
v -0.0169843 -0.0505876 0.108641
v -0.140139 -0.386627 -0.000245288
v 0.13644 -0.388761 0.0100307
v 0.142887 -0.400403 0.000291797
v -0.0221905 -0.385074 0.00774218
v 0.0380262 -0.284862 -0.0794212
v -0.137954 -0.377799 0.00239535
v 0.0237532 -0.383159 0.00689058
v 0.0639971 0.47124 -0.0491385
v 0.122904 -0.0752024 0.0330226
v 0.125218 -0.0708461 0.0235022
v 0.141414 -0.36886 -0.0023625
v 0.138413 -0.362039 0.0023784
v -0.0733348 -0.455344 -0.0936353
v -0.018694 -0.355096 -0.00245497
v 0.136177 -0.34496 0.00418817
v 0.0555648 -0.214191 0.0536565
v 0.136021 -0.329635 0.00319345
v 0.0471152 -0.322233 0.0261099
v -0.0452242 -0.311801 0.0260727
v -0.0120471 -0.380261 -0.0323384
v -0.0778742 -0.448819 -0.0925326
v 0.0546547 -0.364968 0.0313733
v -0.0377195 -0.36866 0.0225505
v 0.128176 -0.293829 0.0112607
v 0.132877 -0.29024 0.00444163
v 0.0208127 -0.291295 -0.0016226
v 0.0179922 -0.285914 -0.00652877
v 0.111196 -0.371438 0.0300953
v -0.118297 -0.397529 0.027809
v -0.0181431 -0.270595 0.0051628
v -0.0766456 -0.434595 0.0523972
v -0.129834 -0.265435 0.0041948
v -0.0335182 -0.413884 0.0260458
v -0.0149393 -0.261987 0.0059842
v 0.133314 -0.255712 0.000460496
v 0.0846679 -0.491351 0.022041
v -0.128917 -0.239758 0.00368651
v -0.123943 -0.237989 0.0113046
v 0.133126 -0.237891 8.06077e-05
v 0.133922 -0.220373 0.000504867
v -0.0799927 -0.45783 -0.0947812
v 0.136976 -0.21597 -0.00653858
v 0.133541 -0.198242 0.00908704
v -0.129444 -0.204615 0.0103019
v -0.135889 -0.182208 0.0046892
v -0.0619483 -0.0458152 -0.12322
v 0.140966 -0.152616 0.0034396
v 0.142898 -0.149532 -0.00498934
v 0.00562403 0.0413023 0.0794056
v -0.132547 -0.0931031 0.000117228
v 0.13577 -0.100781 -0.00121189
v 0.134395 -0.0941284 0.00426272
v -0.128548 -0.0722425 -0.00080814
v -0.12231 -0.254064 0.0132713
v 0.0165825 0.213573 0.0953047
v 0.130495 -0.0672723 -0.0113951
v 0.0597233 -0.0464619 -0.125947
v -0.219727 -0.00381985 0.0122279
v -0.20521 -0.00424206 0.00525334
v -0.187507 -0.000285367 -0.00256817
v -0.195891 -0.00286561 0.00133585
v 0.213502 0.0857579 -0.0348872
v 0.195227 -0.00255345 0.00395306
v 0.202313 -0.00406836 0.0051908
v -0.241333 0.00906452 0.000732167
v -0.23561 0.00514109 -0.000729313
v 0.0482858 -0.456773 -0.0859299
v 0.108132 -0.446485 0.0475992
v 0.0358172 0.0186251 -0.114495
v 0.0135937 -0.455813 0.0450157
v -0.0165781 -0.303684 -0.052765
v 0.051444 -0.0249404 -0.123758
v -0.0838261 0.377076 -0.0366214
v 0.235072 0.00631304 -0.00524885
v 0.241966 0.0116027 -0.00322319
v -0.0686869 0.153874 0.0302726
v 0.247985 0.0180609 -0.000387425
v 0.253117 0.0251039 0.00329031
v 0.0694292 -0.466917 -0.0943585
v -0.254266 0.0213226 0.0127411
v -0.156764 0.0200107 -0.000321806
v -0.00917895 0.0582423 0.0776485
v 0.133478 0.0281639 -0.0375556
v 0.0555102 0.271133 0.0704085
v 0.256456 0.0326955 0.00710555
v 0.0742436 -0.461571 -0.0949225
v -0.0963183 0.0377563 0.00437121
v -0.0979343 0.0299719 0.00284962
v -0.120766 -0.0701301 0.0294919
v 0.0998573 0.0314207 0.00456631
v 0.253413 0.0333794 -0.00133638
v 0.0469935 0.279002 0.057291
v -0.0257646 0.0631311 -0.104486
v 0.136773 0.0296075 -0.0441382
v -0.252295 0.0456123 -0.00266041
v -0.113443 -0.195952 0.0347185
v -0.0958921 0.0456233 0.00661817
v 0.0601454 -0.457543 -0.0908351
v -0.0105762 0.221461 0.0664889
v 0.102011 0.041482 0.00186271
v -0.104666 -0.367013 0.0317583
v 0.106215 0.0492806 0.00181171
v 0.111254 0.0556073 0.00379596
v 0.10968 0.0427787 -0.00266214
v 0.127451 0.0529362 0.00349791
v 0.12272 0.0478406 -0.000329412
v -0.0257507 0.0476869 -0.10788
v 0.134777 0.0502005 0.00617738
v -0.105027 -0.352756 0.0305314
v -0.127684 0.0579092 0.00566237
v -0.0886693 -0.253322 0.0342392
v -0.118654 0.0578006 0.00328881
v -0.109629 0.0555411 0.00215095
v -0.11598 0.0506066 -0.000760047
v -0.0148478 0.00449918 -0.124712
v 0.119404 0.054503 0.00308194
v -0.140224 -0.140389 -0.00829789
v -0.0588523 -0.467452 -0.0928168
v -0.0337196 0.131472 0.0599442
v -0.233181 0.0766063 0.00944788
v -0.238253 0.0725139 0.00543408
v -0.0440282 -0.347777 -0.0860804
v -0.00768068 0.0478319 -0.111168
v 0.164682 0.0152413 -0.0364262
v 0.0328686 0.129077 0.0613419
v 0.201441 0.0924703 0.000690168
v -0.0639655 -0.355336 0.0342838
v -0.193226 0.0977553 -0.00125937
v -0.0611912 0.099458 0.0601298
v -0.183658 0.100816 0.000439984
v 0.189933 0.0899062 0.0107689
v 0.108102 -0.351133 0.0297747
v -0.174673 0.10018 0.004552
v 0.0832876 -0.362825 0.0366455
v 0.0117554 -0.108323 -0.155964
v -0.15961 0.102733 0.00530478
v -0.152671 0.0990953 0.0085256
v 0.0761289 -0.358637 0.0362976
v 0.102975 -0.359115 0.0323738
v 0.0861285 0.232595 -0.0165169
v 0.139639 0.10454 0.00650498
v 0.147717 0.106155 0.00453781
v 0.152905 0.10008 0.00778963
v 0.133445 0.110092 0.00432817
v -0.0457468 -0.368347 0.0281553
v 0.141461 0.111484 0.00212948
v -0.130086 0.117964 0.00137904
v 0.118973 0.114729 0.00634603
v 0.127654 0.116178 0.0029887
v 0.235062 0.0956178 0.0676461
v -0.0721103 -0.469903 -0.0960632
v -0.0648254 -0.472727 -0.0942707
v -0.101294 0.135008 0.00211944
v -0.102109 0.12743 0.00694655
v 0.161687 0.0727694 -0.0785853
v 0.0997842 0.138996 0.00154352
v -0.243889 0.0904659 0.0589545
v -0.0870345 0.14745 0.002858
v -0.0156056 -0.486057 -0.000218487
v -0.128953 -0.183387 0.019571
v -0.00806776 0.0636947 -0.10791
v -0.000418018 0.254546 -0.107715
v 0.0901283 0.15771 -0.00760342
v -0.0475598 -0.402636 0.0339035
v -0.0817823 0.228923 -0.00173377
v 0.16379 0.121895 -0.0426588
v 0.0842918 0.201802 -0.00139857
v -0.0441161 -0.287339 -0.0853407
v 0.058768 -0.0616755 -0.131674
v 0.0823082 0.293715 -0.000940992
v 0.0779972 0.302781 0.010025
v 0.113031 -0.333004 0.0267707
v 0.0791585 0.347893 0.00369874
v 0.263882 0.0553628 0.035565
v -0.0461104 -0.338605 0.0267682
v 0.115911 -0.306261 -0.0839525
v -0.0715491 0.37122 0.00754836
v -0.265996 0.0349928 0.0586104
v -0.0833289 0.336336 -0.0231658
v 0.0987206 -0.390897 0.037563
v -0.0200946 0.279828 -0.107549
v -0.0955022 -0.460756 -0.0926632
v -0.0024737 0.28628 -0.111006
v -0.0443595 0.462173 0.00656524
v -0.0522772 0.452066 0.00746814
v -0.0390119 0.468027 0.00534826
v -0.0467785 0.465792 0.00062183
v -0.0344009 0.475036 0.00098236
v 0.0299247 0.474731 0.0052709
v 0.0381402 0.472365 0.00308137
v -0.0137894 0.488474 -0.0076169
v -0.0232016 0.486587 -0.00884435
v 0.0130011 0.481699 0.00369718
v 0.119506 -0.223169 -0.0738766
v -0.0123472 0.197615 0.1001
v 0.0270515 0.480619 -0.000310109
v -0.11245 -0.497964 0.002597
v 0.0935262 -0.466057 -0.0946541
v 0.188432 0.0274522 0.0511165
v 0.221807 0.0586651 -0.0450058
v 0.115301 -0.496593 -0.0170124
v -0.103169 -0.396979 0.0361565
v 0.116823 -0.498067 -0.001964
v 0.00218192 0.294481 -0.11199
v -0.0862188 -0.493318 -0.00586247
v 0.0023987 0.278662 -0.110178
v -0.211482 0.0125169 0.0622307
v -0.0619229 -0.487555 0.00525791
v -0.220128 0.0113791 0.0650771
v 0.0429016 -0.489062 -0.00521816
v -0.0592193 -0.490262 -0.00375566
v -0.0354415 -0.489912 -0.0087193
v 0.0887991 -0.0264337 0.0650548
v 0.0949091 -0.0188023 0.0540647
v -0.0924135 -0.0328222 0.0607905
v -0.0529106 -0.31696 0.0303899
v 0.0198166 -0.487808 -0.00460409
v 0.106695 -0.0616682 0.0569565
v 0.0613748 -0.464486 -0.0923766
v -0.0960276 0.0949984 0.0170012
v -0.0115599 -0.482408 -0.00551761
v 0.0093801 -0.478019 0.00419267
v 0.147488 -0.470111 -0.00654908
v 0.00644371 -0.468979 0.000369593
v -0.184846 0.0257474 0.0450324
v -0.0304814 -0.331727 -0.0750996
v 0.107328 -0.0836558 0.0641434
v -0.143236 -0.454625 -0.010675
v -0.00494677 -0.460448 -0.00219592
v -0.00517437 -0.466971 -0.00889316
v -0.106284 -0.116035 0.0620142
v 0.14368 -0.452034 -0.00458448
v -0.0720703 -0.0105479 0.0723948
v -0.142954 -0.440962 -0.0040836
v -0.0426438 -0.294586 0.0245194
v 0.00962645 -0.451952 0.000425878
v -0.144782 -0.430877 -0.00603267
v -0.112776 -0.0643522 0.0442053
v -0.0873573 -0.462594 -0.0950815
v 0.143572 -0.383763 -0.0046216
v -0.212888 0.085684 0.0616512
v -0.0179059 -0.387151 0.000271198
v -0.0208274 -0.369824 0.00282765
v 0.119525 -0.0475245 -0.056214
v 0.0968605 -0.160247 0.0625094
v 0.108496 -0.276587 0.0265858
v 0.0262709 -0.355594 0.00753681
v -0.0959143 -0.267915 0.0310686
v 0.0241811 -0.348679 0.00388776
v 0.0209882 -0.323628 -0.0020228
v 0.00752263 0.317972 -0.115086
v -0.118706 -0.147425 0.0416049
v 0.0358321 -0.303305 -0.0780863
v -0.227354 0.093118 0.0642062
v -0.219559 0.0184391 -0.0360882
v 0.0859629 -0.203277 0.0519032
v 0.157211 0.0664621 -0.0785419
v 0.133305 -0.264444 0.00145071
v 0.0843496 0.395179 -0.0597436
v 0.0594128 -0.0230785 -0.119038
v 0.0879666 -0.194859 0.0548115
v 0.0140383 -0.2714 -0.00739209
v 0.0204768 0.279851 -0.10795
v 0.0907307 -0.473561 -0.0954304
v 0.24528 0.0879461 0.0549321
v -0.118316 -0.260814 0.0175381
v -0.132013 -0.258085 -0.00113902
v -0.0496819 -0.209701 0.0564465
v 0.0803734 -0.394681 0.0405111
v 0.00848528 -0.252687 0.00190758
v -0.13283 -0.242412 -0.00441259
v 0.133232 -0.246759 8.75337e-06
v -0.0351657 -0.199437 0.0642881
v -0.131796 -0.21199 0.00275671
v -0.054382 -0.2031 0.0602235
v 0.138181 -0.184659 0.00358787
v 0.139287 -0.176067 0.0048421
v -0.139264 -0.1701 -0.000932101
v -0.117799 -0.309835 -0.0812653
v -0.140288 -0.154823 -0.00297973
v -0.140694 -0.164248 -0.00534941
v -0.139633 -0.144745 -0.00183976
v 0.141226 -0.134943 -0.00382779
v 0.0223278 0.287901 -0.108541
v 0.167043 0.0659739 -0.0767968
v -0.137182 -0.131284 0.00217165
v 0.13918 -0.120495 -0.00542648
v -0.0197262 -0.111343 -0.158061
v 0.192512 0.0202928 0.0513286
v 0.0730706 -0.476305 -0.0945813
v 0.140237 -0.121023 -0.0137544
v 0.136967 -0.106945 -0.00591908
v 0.0665827 -0.494361 0.0572286
v 0.136595 -0.0998272 -0.00918738
v 0.0111394 0.294663 -0.111434
v -0.0815755 0.408698 -0.0256688
v 0.0246217 -0.226464 -0.0873277
v -0.223902 -0.00210079 0.00511568
v -0.0187956 0.327636 -0.114622
v -0.202533 -0.00335772 -0.0032583
v 0.0975938 -0.00566591 0.0433999
v 0.114285 -0.0590352 0.0431503
v 0.0355726 0.329337 -0.109789
v -0.0358257 0.329256 -0.108492
v 0.104072 -0.494148 -0.00881649
v -0.0350286 0.364337 -0.115078
v 0.209293 -0.00361927 -0.00306786
v 0.219619 -0.00116561 -0.00642819
v -0.126387 -0.0930351 -0.0590794
v 0.101929 -0.272646 0.0297667
v -0.181499 0.00442252 0.0117437
v 0.0543087 -0.470145 -0.0908985
v 0.132835 0.0607157 -0.0754723
v -0.109364 -0.000231546 -0.0014914
v -0.108625 0.00401668 -0.00874324
v 0.172995 0.0073731 0.00314563
v 0.0318798 0.320718 -0.109656
v -0.0506786 0.358295 -0.104071
v -0.103674 -0.449946 0.0548141
v 0.227694 0.00231904 -0.00653977
v 0.230724 0.00720754 -0.0126
v -0.249419 0.0229992 -0.00269211
v -0.24525 0.0149011 -0.00141821
v -0.111286 -0.452169 0.0496657
v -0.0422098 0.370395 -0.112389
v 0.100026 -0.492866 -0.00132067
v -0.00393251 0.135185 0.0670408
v 0.146847 0.0307513 0.00118036
v -0.135604 0.0353265 -0.00608245
v 0.11662 -0.289761 0.0220009
v 0.00652664 -0.0727362 0.114784
v 0.00424234 0.119599 0.0674505
v 0.0150531 0.133686 0.0661015
v 0.0486139 0.366432 -0.109093
v 0.140247 0.0368343 0.00103877
v -0.0425134 0.105117 0.0661039
v 0.0464572 0.111269 0.062094
v -0.0469833 0.39327 -0.113696
v -0.135773 0.0422491 0.00123162
v -0.128398 0.0461729 -0.000435223
v 0.00567462 -0.0553767 0.110925
v -0.121816 0.0457818 -0.00353952
v -0.0467612 0.400591 -0.11541
v -0.107837 0.048036 -0.0013513
v 0.11802 0.0429734 -0.00474828
v -0.106308 -0.0333075 0.0401531
v 0.171976 0.088927 0.0145677
v -0.247628 0.0674986 0.0136241
v -0.245097 0.0576944 -0.00834806
v -0.239644 0.0695862 -0.000988969
v -0.159561 0.0966315 0.00958826
v -0.00530989 0.475547 -0.105454
v -0.215505 0.0845045 0.00181182
v 0.0611053 0.438417 0.00767548
v -0.2017 0.0949582 -0.00512135
v 0.20863 0.0818008 0.0593583
v 0.209282 0.0893563 -0.00264268
v -0.189048 0.102352 -0.00612987
v 0.0229546 -0.193391 -0.12607
v 0.187135 0.100843 -0.00168383
v -0.167433 0.104671 0.00180904
v 0.165776 0.105353 0.00154381
v 0.15648 0.106432 0.002869
v 0.0329489 -0.193978 -0.128456
v -0.104592 -0.234731 0.0301546
v 0.0721597 -0.188563 -0.129073
v -0.0867228 -0.47992 -0.0941939
v 0.0675735 0.403453 0.00940397
v 0.0785806 0.18083 -0.0544926
v -0.010081 -0.237123 0.0240886
v -0.139585 0.116153 -0.000583975
v -0.220724 0.0254178 -0.0403271
v -0.0602504 0.037512 0.0683698
v -0.0164008 -0.190462 -0.127188
v 0.112156 -0.1117 -0.112227
v -0.117178 0.127429 0.000115935
v 0.218082 0.017439 0.0744906
v -0.106756 0.136754 -0.00245825
v -0.0767835 -0.00485489 0.0656927
v -0.0938828 -0.0800272 -0.115322
v -0.0842084 0.162473 -0.00468912
v 0.0916882 -0.0895334 -0.128781
v 0.0864061 0.165157 -0.00614623
v 0.0843305 0.169205 -0.000339925
v 0.116618 -0.323943 -0.0844022
v 0.102342 -0.132081 -0.134889
v 0.239489 0.0986263 0.0748105
v 0.195029 0.0299451 0.0632929
v -0.0801266 0.299772 -0.00171067
v -0.0825993 0.277892 -0.00981285
v 0.0793967 0.323443 0.00392344
v -0.0758529 0.324269 0.00728908
v 0.0829827 0.328526 -0.00759362
v 0.0807684 0.341442 -0.00246276
v -0.077564 0.331785 0.00205506
v 0.0788282 0.35667 0.00145186
v -0.0761435 0.380726 -0.00403759
v 0.013794 -0.240549 0.0217519
v 0.0751626 0.381065 0.00261231
v 0.0873908 -0.481057 -0.0940344
v -0.0890553 -0.17414 0.0618187
v -0.0741357 0.403312 -0.00439437
v 0.0048211 0.267055 0.101106
v 0.0214195 0.0233152 -0.116632
v 0.0757187 0.422917 -0.00725179
v -0.0656294 0.435172 0.000757789
v -0.0818072 -0.186684 0.060206
v -0.0703224 0.422862 -0.00172289
v 0.0678886 0.43492 0.00118162
v 0.0355355 -0.359502 -0.0782516
v -0.0131343 -0.380005 -0.0406382
v -0.0582607 0.448432 0.0031683
v 0.0758567 0.220312 -0.0606537
v 0.0541475 0.464732 -0.00386215
v 0.046261 0.469131 -0.000210058
v 0.0614319 0.459893 -0.00815977
v 0.0413084 0.476785 -0.00542379
v -0.0287963 0.481005 -0.00318989
v -0.036953 0.478813 -0.0065432
v -0.0214622 0.0272437 -0.114543
v -0.00927754 0.492693 -0.0146711
v -0.00468874 0.489757 -0.00774141
v 0.00375109 0.490226 -0.00849256
v 0.0171572 0.488634 -0.00814637
v 0.0105808 0.490359 -0.00987836
v -0.0172049 0.319583 -0.113628
v -0.111838 -0.496058 -0.0214233
v -0.103617 -0.494687 -0.025301
v -0.105248 -0.495574 0.00492386
v -0.131431 -0.495164 -0.0108595
v 0.112249 -0.0814489 0.0565425
v -0.12612 -0.497868 -0.00528066
v -0.0137601 0.340412 -0.117722
v -0.046698 0.276594 0.0689515
v 0.209093 0.0757182 -0.0518982
v 0.00612367 -0.236192 0.0198322
v -0.00931157 0.224616 0.0719118
v 0.110686 -0.239806 0.026264
v 0.0594987 -0.49036 -0.00598632
v 0.0670221 -0.49199 -0.00491362
v 0.0719189 -0.494372 -0.0109826
v 0.00571357 -0.21776 -0.0839597
v -0.130388 -0.0820315 -0.0328037
v 0.142373 -0.487849 -0.0056447
v 0.0801543 -0.198304 0.0564944
v -0.0421454 -0.194654 0.0671495
v -0.0629779 -0.20364 0.0580834
v 0.012471 0.118125 0.0667663
v -0.00732492 -0.475766 -0.00681409
v 0.112071 -0.358535 -0.0878193
v -0.000991881 0.201911 0.0820557
v 0.00654126 -0.462997 -0.00576332
v -0.0134827 0.203384 0.0690283
v 0.00836149 -0.456037 -0.00657714
v 0.145638 -0.46021 -0.00719101
v 0.0836668 -0.0139343 0.0651819
v -0.00532202 0.325499 -0.116121
v -0.141673 -0.451439 -0.00288833
v 0.00347187 0.325723 -0.116591
v 0.0812049 0.334243 -0.0605431
v 0.013221 -0.444479 0.000526476
v 0.0117541 -0.448189 -0.00708263
v 0.0661939 -0.197078 0.0614722
v 0.0134193 0.156092 0.0757584
v 0.147427 -0.435414 -0.011377
v 0.144971 -0.443598 -0.00646068
v 0.120607 -0.234006 0.0183786
v -0.0130236 -0.430075 -0.00302321
v 0.0343078 -0.329205 -0.0771282
v -0.0401121 0.0997954 0.0699474
v 0.148787 -0.427221 -0.0159907
v 0.146707 -0.427192 -0.00585804
v -0.145559 -0.421522 -0.00902156
v -0.0348338 0.104591 0.0682071
v 0.0072464 -0.0815302 0.116691
v -0.0708349 0.399505 0.00220365
v 0.14526 -0.41623 -0.00260956
v -0.0134798 -0.415396 -0.00402734
v 0.00855111 0.333916 -0.117447
v 0.270688 0.0509963 0.081597
v -0.0170674 -0.401698 0.00135526
v -0.142951 -0.404141 -0.00367233
v -0.145373 -0.407306 -0.010873
v 0.0128675 0.223476 0.077391
v -0.0567445 0.00448147 0.0769531
v 0.14534 -0.406521 -0.00470351
v -0.0147759 -0.389895 -0.00688392
v -0.0354178 -0.326866 -0.0799529
v -0.0621862 0.000164092 0.0754078
v -0.143252 -0.373347 -0.0114875
v 0.116652 -0.197638 0.0334886
v 0.143924 -0.375392 -0.0073685
v -0.0194669 -0.345947 -0.00146633
v -0.0157054 -0.358566 -0.00999412
v 0.144433 -0.343639 -0.015414
v -0.0974882 -0.0718914 0.0696716
v -0.1392 -0.33211 -0.00668673
v -0.134499 -0.307401 0.000380135
v -0.142038 -0.328897 -0.0164322
v 0.215093 0.0872344 0.0627433
v 0.0142441 0.0811422 0.0743375
v 0.120554 -0.202311 0.0278086
v 0.0178339 -0.322992 -0.00959777
v -0.135838 -0.279087 -0.0065772
v 0.136439 -0.277637 -0.00314071
v -0.0119202 0.347743 -0.119204
v -0.265053 0.0727654 0.0589571
v 0.0155324 -0.283969 -0.0130896
v 0.139113 -0.281742 -0.00939077
v 0.136349 -0.26093 -0.0057995
v -0.129092 -0.103616 -0.0543375
v -0.0159501 -0.275634 -0.00186317
v -0.0130872 -0.26709 -0.00103419
v -0.00875936 -0.263432 -0.00744528
v -0.023664 -0.0222841 -0.131609
v -0.133854 -0.251434 -0.0062911
v -0.00960926 -0.258793 -4.309e-05
v -0.00341344 0.349641 -0.120471
v -0.00475068 -0.251164 0.00151787
v 0.00441253 0.352233 -0.120945
v -0.0375008 0.0379267 0.0772871
v -0.081024 -0.0605141 0.0820344
v 0.138779 -0.252469 -0.0147373
v -0.131829 -0.232721 -0.00224349
v 0.13568 -0.233436 -0.00668978
v -0.131469 -0.222731 -0.000272485
v -0.13481 -0.235933 -0.0109252
v -0.0413556 -0.358187 -0.0842772
v 0.19176 0.0458819 0.0643194
v -0.134623 -0.216314 -0.00701854
v -0.138658 -0.189542 -0.0111427
v 0.140863 -0.179509 -0.0031832
v 0.144063 -0.155202 -0.0121679
v -0.00423758 0.389274 -0.128234
v 0.131913 -0.124678 0.0224475
v 0.0714238 0.0484582 0.0672617
v 0.135906 -0.0932839 -0.0123145
v -0.122405 -0.0459723 0.00142841
v 0.117853 0.0593535 -0.0721077
v -0.201688 0.0345172 0.0780947
v 0.110767 0.0637227 -0.0736736
v 0.121706 -0.0647485 0.029554
v -0.21056 -0.00357416 -0.00297482
v 0.0116953 0.355708 -0.120913
v -0.0583049 -0.0203562 0.0852638
v -0.00134989 0.488412 -0.089118
v 0.175947 0.00463141 -0.00513945
v -0.0735955 -0.156994 0.0771781
v 0.0239076 0.319018 -0.112141
v 0.128225 -0.0750984 0.0164993
v 0.158532 0.0155735 -0.00897397
v -0.165051 0.0107751 -0.0101898
v -0.160692 0.0149182 -0.00461752
v 0.112539 -0.0332701 0.0318441
v -0.0595125 -0.155402 0.0869225
v -0.150091 0.0239403 -0.00500925
v 0.211072 0.0265781 0.0812758
v 0.0410289 -0.170934 0.0862805
v 0.152623 0.0220607 -0.00353161
v -0.136756 0.0293836 -0.0129862
v -0.254372 0.0367857 0.000775783
v -0.0196309 0.201731 0.0952444
v 0.0295804 0.34644 -0.115044
v 0.103934 0.0258729 -0.00408437
v 0.00795968 0.00901931 0.0914932
v -0.247981 0.0245324 0.0846183
v 0.244685 0.0267347 -0.0144059
v 0.248913 0.0358228 -0.0105237
v 0.0237301 0.00573528 0.0906332
v -0.248055 0.0442737 -0.0112534
v -0.0105524 -0.407356 -0.0291609
v -0.116766 -0.356961 -0.0836749
v -0.104436 0.0342872 -0.00909874
v 0.108579 0.0303735 -0.0113768
v 0.116565 0.0326433 -0.0153395
v 0.220782 0.060257 0.146425
v -0.120028 0.0401267 -0.00917489
v 0.134063 0.0392278 -0.0020091
v 0.248271 0.0460795 -0.0104594
v 0.245501 0.0552224 -0.0102334
v -0.0205055 0.385149 -0.124697
v -0.235436 0.0674864 -0.0154804
v 0.235461 0.0684579 -0.0134713
v -0.00868348 0.485845 -0.0925806
v -0.0628183 0.00655973 0.0719503
v -0.220683 0.0829299 -0.0051744
v -0.223614 0.0807964 -0.0131932
v 0.229064 0.0741697 -0.0172489
v 0.0811783 0.358601 -0.00681834
v -0.214306 0.087049 -0.00539416
v -0.124324 -0.35492 -0.0773395
v 0.111518 -0.0242711 0.0276417
v 0.107906 -0.00562288 0.0221811
v 0.210568 0.0910484 -0.0114212
v 0.196002 0.0977989 -0.00444111
v 0.148514 -0.39405 -0.023849
v -0.195648 0.100344 -0.00968706
v 0.036986 0.382553 -0.118827
v -0.0798987 -0.0694207 0.0856465
v -0.270912 0.0670848 0.0723704
v -0.182576 0.106213 -0.00773783
v -0.159604 0.110207 -0.00141922
v -0.0755694 -0.124427 0.089901
v 0.214402 -0.00306094 0.0257554
v 0.0771419 -0.0163045 0.0721656
v 0.150058 0.113304 -0.00180163
v 0.170649 0.109824 -0.00564506
v 0.237641 0.101107 0.093504
v 0.236148 0.00165647 0.0178815
v -0.08156 -0.0404733 0.0752259
v 0.129686 0.122785 -0.00203929
v -0.0578154 0.473601 -0.0325903
v 0.0191619 0.014932 -0.120311
v 0.0766269 0.0313346 0.0557617
v -0.121495 0.130743 -0.00501363
v 0.115692 0.128351 0.000732405
v -0.121965 0.135187 -0.0106342
v -0.0476323 0.384946 -0.11159
v 0.0993369 0.145967 -0.0052055
v 0.0933385 0.146132 0.000622009
v 0.0935065 0.150787 -0.00483471
v -0.087823 0.159318 -0.012165
v -0.0371784 -0.0291457 0.0977692
v -0.0214889 0.482121 -0.093588
v -0.0376909 -0.0126788 0.0926056
v 0.0910732 -0.0555985 0.0734388
v 0.0999572 -0.0657446 0.0673896
v 0.0862983 0.208691 -0.0176097
v 0.0731076 0.0336645 0.060341
v 0.0888826 0.265609 -0.0287791
v 0.0855186 0.2596 -0.0116089
v -0.100242 0.0178517 0.00898911
v -0.0814057 0.305034 -0.00688316
v 0.0859401 0.299103 -0.0148046
v -0.016632 -0.0208305 0.100357
v -0.0808343 0.338933 -0.00950652
v -0.077989 0.365112 -0.00555702
v 0.0819504 0.367444 -0.0107453
v -0.104801 -0.00182476 0.0204617
v -0.0792619 0.381545 -0.0121079
v -0.0218013 -0.360709 0.00389212
v -0.075236 0.409553 -0.00786623
v -0.0930982 -0.0771289 0.0761041
v 0.0779459 0.429348 -0.0138422
v -0.0909533 -0.0683994 0.0755633
v 0.0733171 0.432163 -0.00602148
v 0.0699928 0.441067 -0.00546891
v -0.0400911 0.396828 -0.118974
v -0.0648571 0.444323 -0.0028344
v -0.060359 0.453543 -0.00367121
v 0.0676129 0.455389 -0.013573
v 0.0708794 -0.173165 0.0724007
v 0.063461 -0.176951 0.0736407
v -0.0546329 0.461744 -0.0036231
v -0.0613063 0.459405 -0.0109038
v -0.0494844 0.469981 -0.00707664
v -0.0441899 0.476374 -0.0103064
v -0.0509577 0.474088 -0.0159585
v 0.0991285 -0.13854 -0.138608
v 0.0466418 0.478479 -0.0139109
v -0.0394554 0.481931 -0.0139116
v 0.0340419 0.477603 -0.000566863
v -0.0412482 0.387916 -0.116459
v 0.0985463 0.0184969 0.0204946
v 0.00705374 0.493155 -0.0152983
v -0.118214 -0.498399 -0.00342524
v 0.0201036 -0.011032 0.0973944
v -0.0639716 -0.186678 0.0670828
v 0.0439439 0.378603 -0.114242
v 0.0235948 -0.0374499 0.104385
v -0.137563 -0.490354 -0.0126203
v -0.0927807 -0.494241 -0.0138488
v 0.0927011 0.0171194 0.0347666
v -0.067405 0.0403854 0.0639408
v -0.083034 -0.495602 -0.0155282
v -0.0759563 -0.494452 -0.00824237
v -0.251905 0.0981658 0.0949963
v -0.077448 0.356145 -0.00209204
v -0.0559189 -0.491343 -0.0122073
v -0.0402517 -0.489217 -0.0150081
v 0.015529 -0.0342831 0.104708
v 0.0860294 0.400573 -0.039934
v 0.00344469 -0.023276 0.102394
v -0.0170975 0.486228 -0.0888314
v 0.0515035 -0.488479 -0.00623505
v 0.0557093 -0.491028 -0.0133598
v 0.0758921 -0.495596 -0.0168569
v 0.0689146 -0.495074 -0.0184171
v 0.0179408 0.167629 0.0868246
v 0.00381644 -0.00954515 -0.130671
v -0.0726332 -0.190806 -0.125976
v 0.0898777 -0.494928 -0.0146447
v 0.0767249 0.312314 0.013796
v -0.142112 -0.48543 -0.00972612
v -0.0553718 -0.194483 -0.128256
v 0.101529 -0.122617 -0.134421
v -0.0380287 -0.191696 -0.132658
v 0.0639001 0.181204 0.0740461
v 0.0157556 -0.483844 -0.017202
v 0.081953 0.254832 0.00438163
v -0.14441 -0.478124 -0.0160073
v 0.0411697 -0.388012 -0.0825364
v 0.0101451 -0.477351 -0.0142845
v -0.145651 -0.469107 -0.0101904
v -0.144344 -0.460942 -0.0147839
v 0.145687 -0.45916 -0.017046
v 0.0567213 0.18763 0.0874102
v -0.0462841 -0.194176 -0.129907
v -0.0279941 -0.193313 -0.128381
v -0.0106776 -0.44163 -0.0171628
v 0.0105735 -0.453187 -0.0142798
v 0.00790812 0.0681142 0.0753445
v -0.0213068 -0.145964 0.105682
v 0.263094 0.0412405 0.0266034
v 0.0135848 -0.439471 -0.00647928
v 0.0146827 -0.430368 -0.00345706
v 0.0125304 -0.432866 -0.0129822
v 0.147334 -0.404374 -0.0123287
v -0.0313799 -0.366252 -0.0754842
v 0.0167662 0.062957 0.0775899
v 0.0142493 -0.394802 -0.0149168
v -0.14404 -0.380553 -0.0125317
v -0.142613 -0.365749 -0.0112085
v -0.0289005 -0.14471 0.104627
v -0.0242288 0.483905 -0.0892561
v 0.0268908 0.0615561 0.0794289
v -0.0891694 -0.495522 -0.0227509
v 0.0245005 0.489777 -0.0789161
v 0.0926384 0.0334386 0.0215865
v -0.0351288 -0.0666608 0.108358
v 0.015566 -0.323127 -0.0186629
v 0.0578949 -0.0703994 0.101207
v -0.0821447 0.35123 -0.017639
v 0.0466453 -0.384136 -0.0864487
v -0.0126996 -0.28611 -0.0176309
v -0.0141159 -0.280711 -0.00915239
v 0.0138455 -0.280613 -0.01904
v -0.0395211 -0.186517 -0.138775
v -0.0205711 -0.196374 -0.120006
v -0.0114238 -0.276094 -0.0161955
v -0.0490253 -0.0571251 0.10109
v 0.0431651 -0.194356 -0.129676
v -0.139282 -0.283109 -0.0167636
v 0.0288583 -0.0837871 0.114509
v 0.13819 -0.22062 -0.0137991
v -0.136747 -0.210612 -0.0148924
v -0.136183 -0.220349 -0.0155099
v -0.139223 -0.191319 -0.0183285
v -0.138865 -0.196313 -0.0242236
v 0.141622 -0.183544 -0.00985856
v -0.141617 -0.166877 -0.013657
v 0.0317267 0.48519 -0.0833415
v -0.139569 -0.13327 -0.0102324
v 0.0433356 -0.0507767 0.102671
v -0.138135 -0.122731 -0.0183395
v -0.135444 -0.109934 -0.0097392
v -0.112883 -0.0165437 -0.0402659
v -0.134798 -0.103118 -0.0151337
v 0.148827 -0.418876 -0.032081
v 0.136667 -0.0988136 -0.0172127
v -0.12851 -0.0681155 -0.0164701
v 0.131349 -0.0714909 -0.0208714
v -0.00737194 -0.22148 -0.0825156
v 0.119007 -0.0209559 -0.0152904
v 0.257675 0.0507194 0.0133355
v 0.201712 -0.00178047 -0.0113591
v 0.0579165 0.000306061 0.0794787
v 0.195212 -9.13937e-05 -0.0164612
v 0.192536 -0.00132848 -0.00919812
v 0.0635096 0.0121945 0.0703101
v -0.223804 0.00174205 -0.00998899
v 0.0819805 0.236116 0.00542587
v -0.241208 0.0848063 0.0451744
v -0.179725 0.00285838 -0.00580725
v -0.185833 0.000769571 -0.0114976
v -0.109913 0.000990107 -0.0166021
v -0.106923 0.00934003 -0.0154795
v 0.172016 0.00652216 -0.0129227
v 0.0573851 -0.187787 -0.136866
v -0.0687077 -0.0326183 0.082782
v -0.0545303 0.465801 -0.0854526
v 0.0412981 -0.071411 0.108156
v -0.0867465 -0.0737318 0.0810176
v -0.0216514 -0.186147 -0.135182
v 0.226025 0.0130613 -0.0260377
v -0.0199747 0.228691 0.114857
v -0.15805 0.0151838 -0.0120911
v 0.232738 0.0128572 -0.0187782
v -0.247971 0.0287976 -0.00962822
v -0.0120453 -0.193809 -0.120338
v -0.102712 0.0198819 -0.00590242
v 0.2391 0.0192977 -0.0170663
v 0.23353 0.0198568 -0.0247098
v -0.0788801 0.16944 0.0103937
v -0.103785 0.0264804 -0.0120326
v 0.144477 0.0262029 -0.00835334
v 0.090692 -0.124508 0.0797442
v 0.136228 0.029195 -0.0128719
v -0.237464 0.0985752 0.11255
v 0.0624329 0.456443 -0.0883859
v -0.127508 0.03474 -0.0133081
v 0.0731057 0.127915 0.0291623
v -0.0103223 -0.0661741 0.112908
v -0.111454 0.0387856 -0.0108329
v 0.0675112 0.148398 0.035036
v -0.0195046 -0.183969 0.0810228
v 0.121922 0.0372892 -0.0100903
v 0.130594 0.0351154 -0.00838656
v -0.0269678 -0.183323 0.0797408
v 0.0662332 0.448782 -0.0889738
v -0.0769481 0.347371 0.00192635
v -0.0704285 0.238586 0.0334716
v 0.238094 0.051799 -0.0255789
v 0.0937095 0.0656407 -0.0754838
v 0.0417224 -0.495167 0.0819208
v -0.0201588 -0.0690787 0.112385
v 0.0957868 -0.175551 -0.121496
v -0.105541 -0.0996593 -0.116059
v -0.217149 0.0863559 -0.0121377
v -0.207936 0.093815 -0.0181443
v -0.2133 0.0893529 -0.018684
v -0.0132931 0.201312 0.0794084
v 0.0795609 0.203107 0.0133573
v 0.000722124 -0.133121 0.112609
v -0.00561801 -0.0137839 -0.131697
v -0.0158272 -0.0343328 -0.136302
v 0.175564 0.114803 -0.021686
v 0.0136806 -0.00880789 -0.129862
v 0.0261591 -0.0472134 -0.138372
v -0.160847 0.119879 -0.0160894
v 0.223525 0.0139326 0.0708184
v 0.146132 0.120736 -0.00765813
v -0.0701063 0.276073 0.0222575
v 0.137698 0.12232 -0.00541256
v 0.064225 0.443486 -0.0957779
v -0.080719 -0.0712981 -0.121877
v -0.0182425 0.363438 -0.120802
v 0.113814 0.142031 -0.0124694
v -0.100829 0.146434 -0.010229
v -0.100079 0.150857 -0.0182644
v -0.0879111 0.139242 0.00789642
v -0.0835818 0.177129 -0.0107315
v 0.0508574 -0.0321927 -0.126092
v -0.0347667 0.374132 -0.1171
v -0.261034 0.0328904 0.0809537
v -0.0839103 0.261255 -0.0198696
v 0.0883703 0.275662 -0.0271598
v 0.214034 0.00816361 0.056141
v -0.0865487 -0.086107 -0.129729
v 0.0844926 0.307651 -0.0110462
v 0.0206391 0.388778 -0.126
v 0.00548565 0.37701 -0.125826
v 0.0831728 0.352337 -0.0120964
v 0.0816067 0.376844 -0.0114263
v 0.0842413 -0.0895197 -0.135987
v 0.0432402 -0.0447089 -0.13297
v -0.015578 -0.151079 0.104201
v 0.0753646 0.406997 -0.00297166
v -0.0738021 0.424071 -0.00821881
v 0.0697061 0.44078 -0.0892541
v 0.102895 0.123543 0.00968171
v -0.0998232 -0.11769 -0.134438
v -0.0693945 0.437219 -0.00564121
v -0.0704459 0.44281 -0.0112545
v -0.0349082 0.486413 -0.0190215
v -0.0418138 0.483308 -0.0211459
v 0.0331403 0.482207 -0.00645797
v 0.0251477 0.485746 -0.00714893
v -0.0269525 0.489061 -0.0172061
v -0.0306987 0.490596 -0.0248955
v -0.215943 0.019314 0.0758035
v -0.00499739 0.495287 -0.0206642
v -0.0125924 0.0162344 0.0879483
v -0.0638445 0.447952 -0.0898204
v -0.0198067 0.02109 0.0846153
v -0.0706883 0.433561 -0.0878522
v 0.0229383 0.49014 -0.014362
v 0.0142795 0.0319093 -0.114617
v 0.204532 0.00921468 0.0505658
v -0.0388684 0.00214672 0.0869803
v 0.0021406 -0.000288466 -0.12766
v -0.0694085 0.442185 -0.0851215
v -0.0655069 -0.495026 -0.0216018
v -0.0529015 -0.491439 -0.0200822
v -0.0480651 -0.489352 -0.0137486
v -0.0611979 -0.0368216 -0.120873
v 0.0353015 0.0210782 0.0812269
v -0.0555436 -0.00869171 -0.115572
v -0.00503649 -0.00507788 -0.129197
v 0.0698041 0.424935 -0.0954562
v 0.0273689 -0.489971 -0.0099283
v 0.0462712 -0.488712 -0.0144313
v 0.143962 -0.483902 -0.0146967
v -0.00606053 0.023753 -0.118221
v 0.0145286 -0.480565 -0.0309704
v 0.0242673 0.000826122 -0.124767
v 0.0110758 -0.471867 -0.0323533
v 0.000507297 -0.175147 0.090909
v 0.00995895 -0.458744 -0.0200092
v 0.16875 0.0809785 0.0185371
v 0.146267 -0.467458 -0.021592
v -0.143776 -0.446993 -0.0116458
v -0.145704 -0.43773 -0.0133759
v -0.0508347 0.00149477 0.0817369
v -0.0709785 0.425019 -0.0903087
v -0.0102896 -0.436583 -0.0262021
v 0.0589389 -0.00661543 0.0816966
v -0.0706655 0.416765 -0.0918794
v -0.0737914 0.393854 -0.0834286
v 0.0512873 -0.0454501 -0.129701
v 0.0424217 0.398838 -0.119211
v 0.148504 -0.402915 -0.0205663
v -0.0235259 0.393899 -0.125631
v -0.07427 0.00289406 0.0641666
v 0.0226188 0.343648 -0.11682
v 0.0746915 0.318854 0.0298738
v 0.147432 -0.387591 -0.0178997
v 0.0254493 0.35207 -0.117496
v 0.0549937 -0.0385814 -0.125988
v 0.0430122 -0.028633 -0.128398
v -0.0246367 0.322071 -0.111919
v -0.14353 -0.337719 -0.0225392
v 0.0826531 -0.043204 0.0773788
v -0.0690425 -0.000484734 0.0707104
v -0.0523377 -0.0145199 -0.119076
v 0.0145869 -0.288865 -0.0214999
v -0.0137405 -0.327263 -0.0179383
v -0.0139709 -0.296076 -0.0158273
v 0.017327 0.350233 -0.119125
v -0.091707 -0.145181 0.068903
v 0.138489 -0.257928 -0.0121065
v 0.0754981 -0.147318 0.0823963
v 0.0111105 -0.268845 -0.0144038
v 0.239139 0.0597552 -0.0180735
v -0.0196604 0.344551 -0.117059
v 0.138884 -0.241147 -0.0201796
v -0.0188846 0.0339106 -0.112761
v 0.0223132 -0.00716732 -0.128041
v 0.138442 -0.233426 -0.0202292
v -0.136895 -0.22368 -0.022207
v -0.044013 -0.026001 -0.126269
v 0.13934 -0.216685 -0.0213453
v 0.142471 -0.183627 -0.0176394
v 0.0590268 -0.154603 0.0887518
v -0.048036 0.410027 0.0247272
v -0.142181 -0.161069 -0.0198176
v -0.142097 -0.153805 -0.0177608
v -0.142014 -0.16332 -0.0284925
v 0.144507 -0.160693 -0.0196263
v 0.0392349 -0.00346393 -0.12225
v 0.142743 -0.136214 -0.0133546
v -0.14169 -0.14698 -0.0206999
v -0.067316 -0.16354 0.0776284
v 0.137531 -0.105721 -0.0223705
v 0.140482 -0.122493 -0.0234663
v 0.136126 -0.0973138 -0.025994
v -0.12814 -0.0678146 -0.0249024
v -0.120962 -0.0369624 -0.0217133
v 0.040729 0.00441598 -0.118556
v 0.0296883 -0.0737607 0.111982
v -0.112592 -0.00694788 -0.0180589
v 0.0647389 0.389405 -0.098902
v -0.195483 -0.00190501 -0.00911772
v -0.20054 0.000134618 -0.018081
v 0.0836928 0.402908 -0.0650599
v -0.191408 0.00102743 -0.0181257
v 0.102336 -0.0595972 0.0621151
v -0.110695 -0.00200884 -0.024618
v 0.113673 -0.00305119 -0.0189955
v 0.0613325 0.37085 -0.0992104
v -0.06036 -0.162302 0.0822817
v -0.0374292 -0.164635 0.0914852
v 0.210327 0.00494724 -0.0257872
v 0.219677 0.00595486 -0.0220983
v -0.219019 0.00327039 -0.0178508
v -0.227516 0.00718265 -0.0166097
v 0.052959 0.404753 0.0239602
v -0.0313512 -0.389933 -0.0758635
v 0.217199 0.0106082 -0.0301997
v -0.0368935 -0.406305 -0.0804633
v 0.0494994 -0.165851 0.0864785
v -0.237404 0.0200985 -0.0201645
v -0.0115508 -0.00184914 -0.127493
v -0.105454 0.0151076 -0.0223636
v 0.108489 0.011944 -0.0118974
v -0.0333226 0.0324448 -0.108847
v -0.102373 0.119025 0.0107189
v -0.105907 0.0252993 -0.02116
v 0.12903 -0.181324 0.0242579
v -0.00841459 0.0130471 -0.122139
v 0.142671 0.0236335 -0.0175446
v 0.0190461 0.215924 0.0887665
v -0.14453 0.0245318 -0.0126227
v -0.00568982 0.216877 0.0871512
v -0.0427338 0.0228441 -0.109099
v 0.00359203 0.0275992 -0.117055
v -0.0577107 0.0154511 -0.103545
v -0.122723 0.032316 -0.0223734
v 0.00159618 0.00841939 -0.124416
v -0.243827 0.043945 -0.0193204
v 0.0454264 0.390133 0.0325369
v 0.00132962 0.202966 0.0917804
v 0.233806 0.0603545 -0.0273719
v -0.0292679 0.308233 -0.108125
v 0.118103 -0.410459 -0.0834891
v -0.020994 0.303762 -0.110249
v 0.205125 0.09571 -0.0145975
v 0.0711519 0.357388 -0.0844019
v -0.0333319 0.282501 0.0728462
v -0.00954889 0.20302 0.0908751
v 0.0136758 0.115803 -0.102386
v 0.0124812 0.186664 -0.103803
v -0.152458 0.12743 -0.0258309
v -0.141331 0.127445 -0.0132445
v 0.0103039 0.0122541 -0.122498
v 0.140683 0.127011 -0.0125567
v -0.122841 0.139055 -0.0183943
v 0.00946465 0.00385497 -0.125789
v 0.11903 0.142506 -0.0208577
v 0.250418 0.0980447 0.0827756
v -0.107733 0.1455 -0.0161917
v -0.0981024 0.154057 -0.0279377
v -0.211697 0.092926 0.100143
v -0.086567 0.164177 -0.0198111
v -0.00131893 -0.215781 -0.0849442
v 0.011833 0.0213919 -0.11886
v -0.0613515 0.318727 -0.0876968
v 0.124568 -0.413097 -0.078507
v -0.0843019 0.173486 -0.0191216
v 0.0896433 0.164569 -0.021562
v 0.0616513 0.296187 -0.0866404
v 0.017569 0.00666207 -0.123803
v -0.0838059 0.25098 -0.024629
v -0.0840542 0.207386 -0.0200481
v 0.0861748 0.20651 -0.0252766
v -0.0100052 0.219121 0.111643
v -0.0582666 0.290456 -0.0871333
v 0.0555239 0.2737 -0.0895897
v -0.0816618 0.404427 -0.0641199
v -0.25513 0.0300202 0.0867136
v 0.230418 0.028034 0.095285
v 0.115527 0.135321 -0.00525583
v -0.0582362 -0.00184635 -0.110982
v 0.0566811 0.245452 -0.0860268
v 0.0487462 0.309575 -0.0993424
v -0.0822596 0.311661 -0.0118644
v -0.0826639 0.318163 -0.0161492
v -0.0432815 0.316387 -0.102363
v -0.0239738 0.265063 -0.104748
v -0.0823796 0.368891 -0.022299
v -0.0810377 0.375044 -0.016883
v -0.0834635 0.372316 -0.029703
v -0.0801331 0.400978 -0.0186745
v -0.14334 -0.45994 -0.0238486
v 0.0794874 0.404619 -0.0111623
v -0.0126158 -0.45552 -0.039518
v 0.0814965 0.426336 -0.0222447
v 0.0789988 0.435453 -0.020831
v -0.0746907 0.440769 -0.019263
v -0.0708245 0.448942 -0.0183581
v 0.0724059 0.452074 -0.0201697
v 0.0760153 0.444037 -0.0200156
v 0.0686954 0.458498 -0.0206279
v -0.0614873 0.464224 -0.0185247
v -0.066525 0.456991 -0.0181174
v 0.0640396 0.462904 -0.0166001
v 0.000702395 0.00593333 0.092963
v -0.056785 0.469763 -0.0193219
v -0.0544118 0.474365 -0.0244462
v 0.0535562 0.474239 -0.0167083
v 0.0498387 0.479015 -0.0205562
v 0.0602178 0.469895 -0.021005
v -0.0483982 0.479582 -0.0227522
v 0.0389928 0.482833 -0.0132595
v -0.033806 0.49036 -0.0312951
v 0.014935 0.492298 -0.0151411
v 0.0284692 0.49087 -0.0212852
v 0.00249461 0.495888 -0.0219895
v 0.086113 0.338586 -0.0338009
v -0.00194875 0.372047 -0.124802
v -0.0352184 0.00960727 0.0851744
v 0.0540897 -0.0190436 0.08851
v -0.122152 0.10099 0.00932359
v 0.0954561 0.0571475 -0.0713601
v -0.0570035 -0.036926 0.09154
v 0.029028 0.238626 -0.101689
v -0.14157 -0.458692 -0.0333673
v 0.127023 -0.495171 -0.0251767
v 0.126298 -0.493963 -0.0324148
v -0.110965 -0.495218 -0.0305444
v -0.0218365 0.16237 -0.100892
v 0.0368294 -0.490665 -0.0256621
v 0.0687035 -0.0344442 0.0851503
v 0.0392784 -0.489672 -0.0188202
v 0.126218 0.109677 0.00626704
v 0.0608393 -0.493363 -0.0200027
v 0.066492 -0.49489 -0.0265065
v 0.0915311 -0.495494 -0.0240366
v 0.0457192 -0.413182 -0.0851484
v -0.110039 -0.221956 -0.0804076
v -0.0387048 0.429354 0.026714
v -0.140399 -0.48635 -0.0176658
v 0.0445402 -0.489822 -0.0234472
v 0.0276468 0.108417 -0.0990685
v 0.133168 -0.491839 -0.0280143
v -0.14171 -0.482047 -0.0228041
v 0.144355 -0.478337 -0.024977
v -0.144872 -0.468511 -0.0200388
v -0.00924019 -0.466247 -0.032076
v 0.0619628 0.257074 -0.0820937
v 0.0561667 0.00577974 -0.110555
v -0.0108215 -0.462384 -0.0381069
v 0.0142507 0.372936 -0.124048
v 0.0905561 -0.0701598 0.0787208
v -0.143886 -0.451025 -0.0275513
v -0.143111 -0.467442 -0.0293304
v -0.0539673 0.00406511 -0.111135
v -0.145332 -0.444197 -0.020679
v -0.0106529 -0.453565 -0.0258612
v 0.0122851 -0.451426 -0.0229798
v 0.147515 -0.44252 -0.0249414
v 0.0559033 0.418118 0.0186638
v 0.0803163 -0.348803 -0.0958499
v 0.0829002 -0.084058 0.0891827
v 0.0811512 -0.0987138 0.0922489
v 0.012892 -0.442822 -0.0267964
v -0.0536967 0.249547 -0.0870271
v -0.0103064 -0.432143 -0.0348783
v 0.141913 0.046898 0.00943982
v 0.0121732 -0.435122 -0.0316352
v 0.0114642 -0.425671 -0.0190639
v 0.148664 -0.435346 -0.0279904
v -0.14724 -0.415405 -0.025491
v -0.0819364 -0.119313 0.0866542
v 0.0507706 0.421504 0.0220127
v 0.0630416 -0.146001 0.0913245
v -0.145833 -0.380972 -0.0251989
v -0.145507 -0.376995 -0.0324562
v -0.032819 -0.413586 -0.0768723
v 0.0178072 -0.355042 -0.0097259
v 0.0225878 -0.180586 0.0840147
v -0.0454815 -0.449187 0.0872217
v -0.121166 -0.406875 -0.0802872
v 0.142924 -0.306588 -0.0164578
v -0.0195476 0.461433 0.0204297
v 0.108714 -0.158196 0.0535416
v -0.0575776 0.35602 -0.0975838
v -0.0410535 0.223193 -0.094183
v -0.0117617 -0.286569 -0.025629
v -0.0267544 0.368967 -0.119403
v 0.0140466 -0.287295 -0.0322547
v -0.0112921 0.382961 -0.126174
v 0.0189992 0.367102 -0.121898
v 0.0085121 -0.264978 -0.022686
v -0.140238 -0.279934 -0.0260798
v -0.00545446 -0.263467 -0.0212299
v -0.0340167 0.186547 -0.0967777
v -0.00179773 0.213605 0.0952619
v 0.0256809 0.366999 -0.120124
v 0.139609 -0.244164 -0.027162
v 0.0526438 0.126767 -0.0867399
v 0.091955 -0.180199 0.058903
v -0.13701 -0.222237 -0.0295031
v -0.138828 -0.19207 -0.0324095
v 0.0462582 0.218808 -0.0920866
v -0.141105 -0.146706 -0.0296148
v -0.140813 -0.138959 -0.0245627
v 0.142296 -0.132801 -0.0230233
v 0.142605 -0.139227 -0.0315752
v 0.139232 -0.120086 -0.0333701
v 0.0344623 0.114555 -0.096454
v -0.137431 -0.124033 -0.0336035
v -0.135952 -0.111401 -0.0248803
v -0.134948 -0.104658 -0.0233467
v 0.0289654 0.385469 -0.122951
v -0.133999 -0.096732 -0.0204446
v 0.129495 -0.0705398 -0.037548
v 0.0281642 -0.490165 0.0183398
v -0.0447705 0.209419 -0.0915378
v 0.123747 -0.0404456 -0.0278852
v -0.127123 -0.0673448 -0.0328852
v 0.115197 -0.00929083 -0.0260367
v -0.0909282 -0.166572 0.0629773
v 0.113379 -0.00691223 -0.0349838
v 0.0367268 0.106162 -0.0955143
v -0.204895 0.00369324 -0.0255572
v 0.143727 -0.462239 0.010196
v -0.195898 0.00325782 -0.0253973
v -0.111024 -0.00560875 -0.0322326
v 0.177608 0.00486004 -0.0194453
v 0.18642 0.0015751 -0.0163977
v 0.193275 0.00273975 -0.0238328
v -0.222512 0.00902518 -0.0243243
v -0.17776 0.00605221 -0.0238628
v -0.170441 0.00785482 -0.016859
v 0.021003 0.199495 0.0983725
v 0.163308 0.0123376 -0.0222768
v -0.159818 0.0148846 -0.0271672
v -0.154906 0.0169716 -0.0198348
v -0.147338 0.0211343 -0.0198689
v 0.0639661 0.00568403 -0.105339
v 0.22735 0.0286266 -0.036439
v 0.227717 0.0209948 -0.0317583
v 0.233574 0.0277077 -0.0299104
v 0.075051 0.0257522 -0.0856843
v -0.0199534 -0.393639 0.00538371
v 0.110788 0.0266449 -0.0202008
v -0.0700268 -0.00968329 -0.10592
v -0.241328 0.0357031 -0.0225064
v 0.0120009 0.392177 -0.128343
v -0.0315731 0.395808 -0.122908
v 0.0265127 -0.309303 0.00741408
v 0.0505485 0.176992 -0.0883672
v 0.238097 0.0353003 -0.0270271
v 0.210289 0.0907767 -0.029772
v 0.241209 0.0429539 -0.0231056
v 0.00623931 -0.46274 0.00812658
v 0.235916 0.0438605 -0.0309815
v 0.0220334 -0.0286456 0.102192
v 0.0229494 0.180237 0.0982702
v 0.0427782 0.177312 -0.0932472
v 0.227059 0.0730242 -0.0260736
v 0.120167 -0.432863 -0.0807083
v -0.0123413 -0.4503 -0.0330685
v -0.0442822 0.446048 -0.111477
v -0.193539 0.105264 -0.0261233
v 0.1809 0.11286 -0.0279419
v 0.244844 0.100792 0.0880618
v -0.176665 0.113524 -0.0187983
v -0.145914 0.131574 -0.031097
v 0.114223 -0.434262 -0.0843415
v 0.0915516 -0.388481 -0.0947899
v 0.136261 0.135683 -0.0270177
v 0.0781076 -0.378144 -0.0956973
v 0.107163 0.150344 -0.026722
v 0.0949138 0.158381 -0.0253261
v 0.0899466 0.163974 -0.0299104
v -0.126361 -0.438063 0.0238261
v -0.0836903 0.214538 -0.0273135
v 0.0850971 -0.34266 -0.0956348
v 0.169244 0.0212212 -0.0492304
v -0.0475169 0.155709 -0.0885253
v 0.0908216 0.282203 -0.0327567
v 0.0263027 0.441876 -0.123301
v -0.0605835 -0.383339 -0.0932469
v -0.0611077 -0.343618 -0.093509
v -0.0483809 0.181274 -0.0882424
v -0.0889222 0.300253 -0.0241727
v -0.0739971 -0.380645 -0.0956043
v 0.0978306 0.297495 -0.0307637
v -0.0678039 -0.387223 -0.0948013
v -0.0922855 0.306518 -0.0304613
v 0.0862555 0.315356 -0.0243034
v -0.0838676 0.340115 -0.0313845
v 0.0431301 -0.435961 -0.0819883
v 0.093096 -0.343631 -0.0945565
v 0.0839674 0.373154 -0.0189172
v 0.0841185 0.399231 -0.0246063
v 0.106062 -0.381054 -0.0907458
v -0.0795313 0.41706 -0.0201649
v -0.0810995 0.392419 -0.0202802
v -0.0773578 0.424648 -0.0162742
v -0.0781549 0.432251 -0.0226007
v 0.136788 -0.379921 0.0081323
v 0.0210672 -0.233057 -0.081502
v 0.0828599 0.416955 -0.0235127
v -0.0774839 0.443314 -0.0328377
v 0.0793471 0.441215 -0.0275244
v -0.0706996 0.454371 -0.0257484
v -0.0775612 0.0662036 -0.0777683
v -0.0444231 0.483871 -0.0285395
v 0.0439457 0.482932 -0.0205074
v 0.0365653 0.487273 -0.0207299
v 0.0490196 0.481935 -0.0271031
v -0.130358 -0.41417 0.0192238
v 0.0340931 0.437534 -0.12147
v -0.00445155 0.497723 -0.0296895
v 0.00783708 0.0764346 0.0740158
v -0.087296 -0.181348 0.0596842
v -0.0330582 -0.468598 -0.0782451
v -0.0999239 -0.374096 -0.0924171
v -0.134412 0.110313 0.00443264
v -0.0953688 -0.494699 -0.0293175
v 0.0829941 -0.496159 -0.0306238
v 0.0850284 0.386765 -0.0550937
v 0.0928561 -0.494766 -0.0335397
v 0.109649 -0.494946 -0.0323044
v 0.118497 -0.496021 -0.0265011
v -0.082124 -0.33599 -0.0958824
v -0.130518 -0.491927 -0.0280601
v 0.0718259 -0.336558 -0.0953799
v -0.000813973 0.448406 -0.124814
v -0.120141 -0.495933 -0.0271834
v -0.0346021 0.404238 -0.123064
v 0.00438513 0.460608 -0.118295
v -0.0375306 -0.489853 -0.0223304
v -0.0218078 -0.488512 -0.0262281
v 0.0620664 -0.366879 -0.0931154
v -0.0298156 -0.49035 -0.0239812
v -0.0785301 -0.192491 -0.11965
v -0.0445211 -0.0178133 0.0915233
v -0.093832 -0.343226 -0.0941494
v -0.041867 -0.368297 -0.0844367
v -0.0148051 -0.483246 -0.0288713
v -0.124179 -0.412849 0.0253949
v 0.0182844 -0.48497 -0.0254573
v 0.0537462 0.14342 -0.0854223
v -0.0100923 -0.475243 -0.0312427
v -0.04342 -0.433196 -0.0837769
v -0.139888 -0.481599 -0.0293301
v -0.00097395 0.356556 -0.121785
v 0.0771791 -0.0669806 0.0888729
v -0.0495539 0.174077 -0.0872736
v 0.0779679 -0.206224 0.05341
v 0.142931 -0.457366 -0.0377584
v 0.0600908 0.16632 -0.0802708
v 0.0651687 -0.084596 0.101149
v -0.0115163 -0.4416 -0.0340875
v -0.0686447 -0.0721296 0.0943627
v -0.0681026 -0.0708042 -0.130652
v -0.145808 -0.441403 -0.030543
v -0.0743209 -0.0858329 -0.138952
v -0.06898 -0.128883 0.0933864
v 0.0378839 -0.149453 0.100716
v -0.0665185 -0.0827592 -0.140814
v 0.0151779 -0.176564 0.08834
v -0.00792872 -0.176625 0.0889411
v 0.147753 -0.414298 -0.0396126
v 0.148911 -0.410356 -0.0258353
v -0.0123514 0.269518 0.0985849
v -0.0113322 -0.393506 -0.0315942
v 0.0704452 -0.208831 0.0542015
v -0.0127233 -0.363994 -0.0308147
v -0.0159534 0.215584 0.107358
v 0.0159879 -0.362044 -0.01601
v -0.0555149 0.0667322 -0.0881031
v 0.0711771 0.00645619 -0.0996065
v -0.127834 -0.391318 0.0187219
v -0.0948169 -0.291449 -0.0919549
v -0.0107402 -0.40583 -0.0210313
v -0.143785 -0.336592 -0.0317439
v -0.0125285 -0.319237 -0.031921
v -0.0909934 -0.257783 -0.090263
v 0.145524 -0.339613 -0.0230727
v 0.0145515 -0.318619 -0.0273298
v -0.0461815 -0.0368085 -0.128475
v -0.139989 -0.276804 -0.0337562
v -0.00883247 0.262207 0.10307
v -0.0108392 -0.279543 -0.0239868
v -0.0111189 -0.282782 -0.0313115
v -0.0935834 -0.247367 -0.0887147
v -0.00880693 -0.271202 -0.0226325
v -0.00667845 -0.266198 -0.0288348
v 0.00645282 0.260659 0.104183
v 0.138796 -0.230252 -0.0274153
v -0.135819 -0.221106 -0.0386174
v 0.22644 0.059758 0.151958
v 0.138722 -0.21877 -0.0349591
v 0.140375 -0.201919 -0.0263984
v -0.0456984 -0.0162288 -0.122733
v 0.14141 -0.18276 -0.0370855
v 0.142403 -0.183757 -0.0273536
v 0.144264 -0.167164 -0.0261307
v 0.0646404 -0.204551 0.0577086
v 0.144183 -0.157012 -0.0294763
v 0.14253 -0.157368 -0.0401313
v 0.14303 -0.148698 -0.0359635
v -0.13979 -0.145616 -0.0382329
v 0.141292 -0.141546 -0.0413149
v 0.137234 -0.118656 -0.0426766
v -0.115418 -0.431647 -0.0825611
v -0.134726 -0.108072 -0.0321651
v 0.135087 -0.0968961 -0.0353397
v -0.0307421 -0.0150773 -0.127846
v -0.12794 -0.0745546 -0.0380649
v -0.0373662 -0.0332616 -0.130909
v -0.125388 -0.0659256 -0.041518
v 0.119577 -0.0304445 -0.0378625
v -0.117867 -0.0299364 -0.0332824
v -0.131012 0.103172 0.00791204
v 0.0595525 -0.192744 0.0653787
v 0.110871 -0.00505077 -0.0439573
v 0.108772 0.00800581 -0.0312284
v -0.208705 0.00874013 -0.0321616
v -0.107759 -0.255497 -0.0827428
v -0.19151 0.00666499 -0.0318445
v 0.175542 0.00812695 -0.0274842
v 0.198368 0.0116035 -0.0388205
v 0.200698 0.0056111 -0.0297115
v 0.0325509 -0.376782 0.0171991
v 0.208385 0.0102653 -0.0344471
v 0.10816 0.0139712 -0.0268197
v -0.0309041 -0.398087 0.0204811
v -0.0518219 -0.454736 0.0945563
v 0.0126999 0.363869 -0.122336
v -0.112556 -0.382686 -0.0867581
v 0.10877 0.0215287 -0.0278085
v 0.0648236 -0.168372 0.0773755
v 0.0564657 -0.340429 -0.091385
v -0.231925 0.029035 -0.0318629
v -0.0400806 -0.438866 -0.0805831
v -0.0119181 -0.381808 -0.0241069
v -0.231604 0.0355526 -0.0349762
v -0.238768 0.0430807 -0.0266962
v -0.235492 0.0487148 -0.0303286
v 0.00267393 0.181592 0.101634
v 0.231776 0.0532084 -0.0343598
v -0.0856382 0.0675842 -0.0761563
v 0.225394 0.0698061 -0.0336949
v 0.228753 0.0622323 -0.0340231
v 0.223901 0.064775 -0.0399346
v -0.0673524 0.369081 -0.0888716
v -0.224965 0.0774481 -0.0212547
v -0.224923 0.0734876 -0.0293146
v 0.2204 0.0784159 -0.0320706
v -0.219352 0.083814 -0.0199227
v -0.0247075 -0.153018 0.101759
v -0.21504 0.0867041 -0.0263549
v 0.0140684 -0.455964 -0.0368348
v 0.207001 0.0917943 -0.0369227
v -0.144859 0.101987 0.00758401
v -0.198955 0.101223 -0.02794
v 0.183379 0.110898 -0.0372944
v -0.0671416 0.361359 -0.0876927
v 0.163865 0.122009 -0.0271287
v -0.173819 0.116551 -0.0266366
v -0.165044 0.120696 -0.0239415
v 0.246771 0.0999251 0.113609
v -0.0499901 0.130528 -0.0866114
v -0.0193047 0.399826 -0.127887
v -0.0213925 -0.0115952 0.0968141
v -0.0570036 0.219968 -0.0821879
v -0.112486 0.147367 -0.0366713
v -0.118198 0.144822 -0.0317925
v 0.0136074 -0.385457 -0.0257236
v -0.105804 0.150193 -0.0329591
v -0.0922703 0.157828 -0.0351229
v -0.0838406 0.168594 -0.0373278
v -0.0873957 0.163412 -0.0337001
v -0.0243987 -0.0200193 0.0986553
v 0.0934873 -0.0291728 -0.0927307
v -0.0828287 0.176557 -0.0342864
v -0.134163 0.034719 -0.0511818
v 0.0855292 0.21335 -0.0315618
v -0.0826182 0.211569 -0.0349642
v 0.049668 0.110519 -0.0886563
v 0.00429971 -0.00638652 0.0975095
v -0.0853381 0.26099 -0.0298679
v 0.0923817 0.264188 -0.0378787
v -0.000591331 -0.0141905 0.0997344
v 0.00112346 0.424425 -0.131292
v -0.0248184 -0.178165 0.0849769
v 0.0422912 -0.354176 0.0235947
v 0.110328 -0.328934 -0.0884597
v 0.0141833 -0.0762395 0.115029
v -0.0303923 -0.016072 0.0960834
v 0.0873832 0.316376 -0.033172
v -0.0837901 0.321621 -0.0308785
v -0.0836493 0.344122 -0.0388676
v -0.0829004 0.389086 -0.0279903
v -0.0798326 0.423997 -0.0234183
v -0.0797932 0.435433 -0.0316492
v -0.0301634 -0.0324313 0.100941
v 0.0815163 0.439344 -0.0355003
v 0.0788886 0.445842 -0.0331338
v 0.0761957 0.452229 -0.0345357
v 0.0689009 0.463984 -0.033722
v 0.0663833 0.464295 -0.0251184
v -0.051309 0.479564 -0.0307924
v -0.0581814 0.475465 -0.0492592
v -0.0626568 -0.0754186 0.0987948
v -0.0643798 0.467048 -0.0333091
v 0.062224 0.471709 -0.0314243
v 0.0858283 0.360947 -0.0442196
v -0.0431589 -0.447009 -0.0818807
v -0.039796 0.487937 -0.0339032
v -0.0466422 0.484088 -0.0365328
v -0.0420288 -0.49065 -0.0274912
v 0.0255216 0.494208 -0.0292105
v 0.0338967 0.490854 -0.0285498
v -0.00802125 0.49907 -0.0404471
v 0.00685158 0.497924 -0.0301943
v -0.11871 -0.368315 0.0237705
v 0.056558 -0.0522155 0.0974036
v 0.0165456 0.496464 -0.0299465
v 0.0572606 -0.0612785 0.0992914
v 0.0887823 -0.16098 -0.141734
v -0.0774332 -0.495949 -0.0335673
v 0.0728095 -0.495678 -0.0331357
v 0.079025 -0.495437 -0.0402762
v 0.0723477 -0.1068 0.0977523
v -0.120881 -0.048706 -0.0443687
v 0.0624779 -0.130825 0.0978139
v -0.0688824 -0.495054 -0.0350708
v -0.0502051 0.0960304 -0.0879914
v -0.0499677 -0.491519 -0.0292483
v 0.0399344 -0.32445 -0.0820342
v -0.0406031 -0.494514 -0.0430398
v 0.0525785 -0.490952 -0.0215212
v 0.0496859 -0.491344 -0.0295499
v 0.0637716 -0.49428 -0.0350423
v 0.0220282 0.372422 -0.12226
v 0.0368325 -0.354804 0.0192765
v -0.113139 -0.440111 -0.082826
v -0.0572498 0.098621 -0.0846362
v -0.111232 -0.33115 -0.0870183
v 0.136974 -0.483947 -0.0383763
v -0.120358 -0.37253 -0.0810523
v 0.0696815 0.100826 -0.0830533
v -0.140514 -0.466895 -0.0384906
v 0.0294162 -0.15299 0.101152
v 0.0642499 0.326 -0.0881357
v -0.144815 -0.437893 -0.0404381
v -0.132662 0.0783335 0.0114793
v 0.00272675 -0.168196 0.0956782
v -0.123808 0.0763308 0.00944171
v 0.0675543 -0.436957 0.0608409
v -0.0247143 0.221672 0.0792001
v 0.0133444 -0.435238 -0.0396763
v 0.0139279 -0.442474 -0.0356711
v 0.147344 -0.440584 -0.03349
v 0.144896 -0.447014 -0.0394027
v 0.0124918 -0.429417 -0.0360093
v 0.0976244 -0.104582 -0.132171
v 0.0635633 0.0927232 -0.0846677
v 0.0120289 -0.416745 -0.0309614
v 0.0126411 -0.422508 -0.0371854
v 0.145913 -0.414621 -0.0465622
v -0.0620941 -0.075202 -0.137155
v -0.146459 -0.393434 -0.0319321
v -0.0542113 -0.0769339 -0.141448
v 0.146913 -0.391893 -0.0423558
v 0.106584 -0.0442029 -0.0814609
v -0.14507 -0.368402 -0.0328609
v -0.112788 -0.287616 -0.0831118
v 0.146223 -0.348648 -0.0333495
v 0.120878 -0.259324 -0.0749013
v -0.143305 -0.346941 -0.0422095
v 0.0146027 -0.32821 -0.0272911
v 0.145354 -0.327021 -0.0305335
v -0.00145104 0.21802 0.111275
v 0.144129 -0.311865 -0.0379204
v 0.143945 -0.301729 -0.0339083
v -0.011022 -0.278337 -0.0381239
v 0.141785 -0.274725 -0.0327405
v 0.0643815 0.0508213 0.0727277
v 0.00838774 -0.264905 -0.0321207
v -0.0273471 -0.359106 -0.0711559
v -0.00377148 -0.259824 -0.0340003
v -0.00854792 -0.268538 -0.0381635
v 0.0691423 -0.0898886 -0.145805
v 0.125492 -0.350529 0.0178569
v 0.124342 -0.338442 -0.078509
v -0.119539 -0.381085 -0.0818093
v -0.124244 -0.336204 -0.0770637
v -0.146318 -0.389331 -0.0249469
v -0.0413622 -0.0511863 -0.134464
v 0.0730137 0.400246 -0.0900614
v -0.133419 -0.220506 -0.0481814
v 0.0440351 -0.303931 0.0240974
v -0.0778493 0.361125 -0.0681941
v -0.258458 0.0938291 0.095547
v -0.138794 -0.138586 -0.0401168
v -0.138865 -0.151516 -0.0447957
v 0.0561068 0.107935 -0.0856599
v -0.137906 -0.142731 -0.0459676
v 0.13932 -0.143093 -0.0483918
v 0.0548874 0.0941141 -0.0873935
v -0.0599855 0.165583 -0.0779704
v -0.0493903 -0.0660992 0.103124
v -0.033702 -0.0575426 0.106668
v 0.0358877 -0.303152 0.0177779
v 0.0499217 -0.0563971 0.101547
v 0.114551 -0.0197109 -0.0467143
v -0.07561 0.201119 -0.0564468
v 0.144954 -0.458724 -0.0266821
v -0.183348 0.00776527 -0.0318583
v 0.0667006 0.0839889 -0.0839776
v -0.105118 0.00773065 -0.038564
v -0.104337 0.0044927 -0.046738
v 0.00621962 -0.160894 0.10032
v 0.181877 0.00912234 -0.0339349
v 0.0342646 -0.33668 -0.0771051
v -0.21489 0.0208967 -0.0412275
v -0.203401 0.0125029 -0.0385721
v -0.174758 0.0106461 -0.0329852
v -0.163334 0.0182949 -0.0417
v -0.165908 0.0142481 -0.0343333
v -0.157638 0.0180496 -0.0354454
v -0.0548515 0.082871 -0.0865137
v 0.156399 0.0191694 -0.0382145
v -0.130435 -0.358459 -0.0707835
v -0.12952 -0.340068 -0.0714258
v 0.215169 0.0163053 -0.0371972
v -0.226323 0.0232721 -0.034378
v -0.214128 0.02703 -0.0455282
v -0.126441 -0.344215 0.0145542
v 0.00965784 -0.16693 0.0961898
v -0.0223031 0.243385 0.110272
v -0.0615994 -0.104578 0.102681
v 0.221435 0.0223617 -0.0377922
v -0.102772 -0.104088 -0.123877
v 0.0568453 0.0694976 -0.0885172
v -0.226859 0.0310063 -0.0381153
v -0.143235 0.0237733 -0.0329972
v -0.142903 0.0263319 -0.0414635
v 0.0277699 -0.399446 -0.0694718
v 0.0845156 0.362141 -0.0531584
v -0.0717862 0.177898 -0.0631078
v 0.130758 -0.194067 0.0163576
v 0.0430094 -0.126363 0.107951
v 0.0112263 -0.0400319 -0.138624
v -0.00703779 0.240394 0.112768
v 0.00359583 0.238014 0.113942
v 0.0702103 0.210716 -0.0695284
v 0.102474 -0.0120345 -0.0711742
v 0.22609 0.0361212 -0.0405631
v -0.0813899 -0.021715 0.0683536
v -0.0863935 -0.0270053 0.0652043
v 0.231129 0.0745148 -0.0080884
v -0.0823617 0.361144 -0.0524818
v 0.145419 0.026858 -0.0457228
v 0.14133 0.0250421 -0.0368671
v -0.0282546 0.231286 0.113777
v -0.0696777 0.0461466 -0.0807593
v -0.118847 -0.0722382 -0.0670096
v -0.220125 0.0768859 -0.0341401
v -0.0354848 0.390225 -0.120137
v -0.0125852 0.402896 -0.129666
v -0.133231 0.137333 -0.0445733
v 0.090553 -0.442273 0.0566573
v -0.194115 0.102567 -0.0408728
v 0.123828 -0.0598307 -0.0517554
v 0.0423658 -0.326783 0.0231201
v 0.192687 0.101743 -0.0448573
v -0.0142971 -0.0175907 -0.131938
v 0.189884 0.0998012 -0.0519265
v -0.0958981 0.0536202 0.00922015
v 0.170956 0.117762 -0.0426726
v -0.167435 0.1203 -0.0397521
v 0.166692 0.118304 -0.0490988
v -0.0814696 0.37517 -0.0590901
v -0.147026 0.131139 -0.0406229
v 0.0494191 -0.0973766 -0.155524
v 0.00832555 -0.0256246 -0.134898
v 0.121823 0.143567 -0.0354648
v 0.0835528 0.378681 -0.0603098
v 0.119108 -0.441 -0.079831
v 0.0781987 0.328124 -0.0671619
v 0.0809183 0.356879 -0.0653542
v 0.0950655 0.158226 -0.0338653
v 0.0723541 0.217543 -0.0665486
v -0.0814088 0.183292 -0.0395047
v -0.0791074 0.181605 -0.0476506
v -0.0812504 0.216821 -0.041657
v 0.0838575 0.210819 -0.040363
v -0.0787656 0.213198 -0.0490298
v -0.0816456 0.246629 -0.0415485
v 0.0939054 0.262487 -0.0463296
v -0.0674189 0.024262 -0.0917624
v 0.0776696 0.205563 -0.0567736
v -0.00856975 -0.0636594 -0.14424
v -0.120364 -0.0538565 -0.0510664
v 0.098023 0.289121 -0.0455962
v 0.00169823 -0.0193747 -0.133462
v 0.0350594 -0.0449381 -0.135599
v 0.247761 0.0678871 0.0140943
v 0.0384747 -0.0371987 -0.132466
v -0.0213683 -0.360288 -0.06233
v -0.0641053 0.0416558 -0.0868775
v -0.083448 0.364939 -0.0449569
v -0.0830918 0.348378 -0.0457344
v 0.086099 0.353179 -0.0322466
v 0.0860271 0.351465 -0.0404722
v 0.0860204 0.385036 -0.0352401
v -0.0837036 0.385595 -0.0359199
v 0.116989 0.143439 -0.0490853
v 0.083309 0.339079 -0.0544245
v 0.117357 -0.0487669 -0.062866
v -0.0833433 0.403572 -0.0348104
v 0.0854706 0.416521 -0.0374504
v 0.0461309 -0.081143 0.10877
v -0.0809635 0.427134 -0.0300384
v 0.0855468 0.422664 -0.0413852
v 0.0843302 0.422811 -0.0317494
v -0.0816727 0.430227 -0.0379809
v 0.00600471 -0.0642173 0.112904
v 0.0797983 0.446858 -0.0412983
v -0.0742186 0.451137 -0.0333673
v -0.0742026 0.00349122 -0.0962706
v -0.0697063 0.459186 -0.0337594
v -0.0675349 0.46415 -0.0418443
v 0.0713622 0.462194 -0.0414885
v 0.0731167 0.458373 -0.0359066
v -0.0538782 0.479085 -0.0405492
v -0.0415501 0.487999 -0.0418278
v -0.0334697 0.491771 -0.0391123
v 0.0528818 -0.0820337 0.106244
v 0.0437902 -0.444158 -0.0811045
v -0.0246991 0.495477 -0.0407106
v -0.016674 0.49674 -0.0333808
v -0.0165738 0.497859 -0.0442313
v 0.00213029 0.499416 -0.0391952
v -0.10281 -0.494553 -0.0348153
v -0.10874 -0.273436 0.0249903
v -0.0959318 -0.494861 -0.0503696
v -0.121927 -0.279122 0.0149265
v -0.147253 0.0293438 -0.000226855
v -0.0692508 -0.039529 0.0847952
v 0.032632 -0.492707 -0.0429126
v -0.122901 -0.211212 -0.0680418
v 0.0454776 -0.492993 -0.03682
v 0.120119 -0.282761 0.0189654
v 0.0606187 -0.495049 -0.0436806
v 0.126379 -0.491955 -0.0409854
v 0.0808716 -0.0343997 0.0758199
v -0.0148322 -0.478236 -0.0481925
v 0.135073 -0.283869 -0.0598894
v -0.0193979 -0.486358 -0.0445512
v -0.148857 0.0329701 0.00569478
v 0.0944603 -0.0217043 -0.0881411
v -0.133162 -0.482919 -0.044799
v -0.127763 -0.484108 -0.0543659
v 0.123951 -0.185475 0.0298647
v 0.0203038 -0.485441 -0.0436638
v 0.0262858 -0.0222587 -0.13152
v -0.137163 -0.481913 -0.036737
v -0.134066 -0.47558 -0.0515039
v -0.140975 -0.474927 -0.0338522
v -0.229418 0.0652663 -0.0307473
v -0.0170937 -0.3579 -0.0534934
v -0.0365565 -0.0752542 0.109977
v -0.12326 -0.185345 0.0277463
v -0.0146654 -0.317794 -0.0470707
v -0.14215 -0.443299 -0.0462895
v -0.0346648 -0.182945 -0.142239
v 0.115288 -0.449873 -0.0813161
v 0.0813198 -0.16624 -0.144279
v -0.146878 -0.431011 -0.0327495
v 0.0135968 -0.124608 0.114389
v -0.146818 -0.420529 -0.0337839
v 0.156445 0.0250725 0.00665635
v -0.047193 -0.0723501 -0.140441
v -0.145283 -0.40426 -0.0416911
v 0.0956759 -0.0437694 -0.0962732
v -0.0123347 -0.394935 -0.0398462
v -0.0135958 -0.364699 -0.040345
v 0.0141989 -0.39239 -0.0395913
v 0.146049 -0.375431 -0.0426253
v 0.00582376 -0.140593 0.110001
v 0.144902 -0.349833 -0.0433861
v -0.0132329 -0.350965 -0.0378191
v -0.142676 -0.319874 -0.0387184
v -0.141643 -0.35243 -0.0493977
v 0.0146412 -0.359615 -0.025041
v -0.0143314 -0.340831 -0.0451247
v 0.105011 -0.0591954 -0.090172
v 0.10862 -0.0774328 -0.0922845
v -0.0184266 -0.0933036 0.117355
v -0.109306 -0.0780681 -0.0882908
v -0.0339051 -0.0615125 -0.139425
v 0.109184 -0.232623 -0.0823383
v 0.143262 -0.325578 -0.0465737
v 0.0848327 0.353611 -0.0501833
v 0.0169762 -0.292572 -0.0484259
v 0.112378 -0.00179049 -0.0022489
v -0.0118571 -0.274509 -0.0453941
v -0.0134268 -0.282745 -0.0450251
v -0.0314753 -0.103125 -0.157682
v 0.140583 -0.270621 -0.0406885
v -0.0101662 -0.266609 -0.0476329
v 0.0108504 -0.270953 -0.0358077
v 0.0132249 -0.274286 -0.0422016
v -0.0837557 0.38198 -0.0435834
v 0.00576914 -0.256411 -0.0434683
v -0.127046 -0.19858 0.0164958
v -0.136548 -0.268058 -0.0481031
v 0.136708 -0.231589 -0.0447062
v 0.0497189 -0.121891 -0.162677
v 0.0207396 -0.241528 -0.076291
v -0.0822165 0.330655 -0.0477678
v 0.137321 -0.20557 -0.0447914
v 0.0404889 -0.12502 -0.162918
v 0.11835 -0.0320458 0.0133856
v -0.113507 -0.0364223 -0.0578926
v 0.138967 -0.18162 -0.0470106
v 0.141289 -0.16557 -0.0449744
v 0.140028 -0.157425 -0.0493102
v 0.0360233 -0.0575148 -0.138362
v 0.133616 -0.105212 -0.0473058
v -0.07028 -0.171887 -0.147041
v 0.131846 -0.0920908 -0.0482662
v 0.133572 -0.0978054 -0.043929
v 0.13298 -0.0896355 -0.0409808
v 0.128576 -0.0741741 -0.0462478
v -0.0349691 -0.115793 -0.161106
v -0.0415963 -0.112828 -0.160927
v -0.132331 -0.116891 0.0127397
v -0.194849 0.0106485 -0.038034
v -0.19722 0.016458 -0.0440952
v 0.134993 -0.125429 0.0150897
v 0.131109 -0.110697 0.0214292
v -0.181484 0.0122504 -0.0389393
v 0.171106 0.0164151 -0.0426047
v 0.17955 0.0138231 -0.0412626
v -0.103436 0.0688494 -0.0751408
v -0.107586 -0.0114061 -0.0537879
v 0.0654246 -0.491899 0.0674698
v 0.043375 -0.452265 -0.0813436
v -0.142746 -0.32098 -0.0223208
v -0.011444 -0.164264 0.0973931
v 0.104417 0.0183585 -0.0420392
v -0.114561 -0.0452453 -0.0618771
v -0.122175 -0.125905 -0.0817303
v 0.2058 0.022287 -0.0467704
v -0.118963 -0.041639 -0.0445824
v -0.119595 -0.151726 -0.0912276
v -0.037573 -0.453686 -0.0788291
v 0.221107 0.0297361 -0.0423349
v -0.112603 0.0320544 -0.0374509
v -0.230764 0.0495326 -0.0365068
v 0.225662 0.0512788 -0.0422086
v 0.0544457 -0.12862 -0.162802
v -0.214578 0.0700091 -0.048645
v 0.121292 0.143092 -0.0427839
v -0.21589 0.0830767 -0.0338757
v -0.216116 0.0776076 -0.0408163
v -0.210461 0.0896858 -0.0328143
v 0.11809 -0.153929 -0.0969999
v 0.209493 0.0856576 -0.042685
v -0.0427442 -0.12072 -0.162319
v -0.204685 0.0928408 -0.0397995
v 0.0165529 -0.30281 -0.0469393
v -0.0207243 -0.174776 -0.145305
v -0.0626207 -0.494024 0.0576517
v -0.163356 0.121344 -0.0456902
v -0.140396 0.133486 -0.0461905
v 0.108951 -0.173318 -0.103053
v 0.0475706 -0.128781 -0.163336
v -0.112754 0.145855 -0.0444622
v -0.0991152 0.152894 -0.0377598
v 0.0277917 -0.240611 -0.0818856
v 0.126986 -0.0897905 -0.0622053
v -0.0928635 0.155578 -0.0434763
v 0.094223 0.156646 -0.0421177
v 0.129977 -0.0838144 -0.0488619
v 0.0845487 0.168346 -0.042919
v -0.135279 -0.246212 -0.0454133
v -0.018049 -0.365184 -0.0557355
v 0.113039 -0.169082 -0.0986201
v -0.0758948 0.179935 -0.0556417
v 0.0846859 0.195339 -0.0360729
v -0.0780417 0.196167 -0.0507233
v 0.021811 -0.128316 -0.160584
v -0.14036 -0.332841 -0.0510655
v -0.0121578 -0.387221 -0.0364896
v -0.0904176 0.26863 -0.0341391
v -0.114001 0.0610371 -0.0720862
v 0.0989489 0.289942 -0.0527135
v -0.122597 0.0695191 -0.0781074
v 0.110681 -0.17713 -0.0970525
v 0.12288 -0.0372026 -0.00385289
v 0.0628499 -0.0709526 -0.134691
v 0.0860959 0.406262 -0.0467913
v 0.0860251 0.375713 -0.0341624
v 0.0934626 0.31391 -0.0466259
v -0.0379621 -0.46202 -0.0818403
v -0.083263 0.320737 -0.0460511
v 0.0842108 0.186243 -0.0379206
v 0.0859182 0.341637 -0.0402592
v -0.0824846 0.202832 -0.0353652
v 0.086211 0.368682 -0.0386157
v -0.0834139 0.386745 -0.0503687
v -0.0837955 0.408016 -0.0429508
v -0.0817348 0.432261 -0.0449401
v -0.0342419 -0.124056 -0.162331
v 0.075504 0.455315 -0.0420198
v 0.0662707 0.468722 -0.040763
v 0.0598593 0.475577 -0.0415537
v -0.0364913 0.490938 -0.04781
v -0.0471025 -0.127593 -0.163122
v 0.0471867 0.485219 -0.0353586
v 0.107119 -0.184798 -0.0968119
v 0.0525258 0.48243 -0.0433012
v -0.0245324 -0.31921 -0.0680858
v -0.131634 -0.0852687 -0.00259016
v 0.0195872 0.497728 -0.0483619
v 0.0222858 0.496505 -0.0377387
v 0.035271 0.492145 -0.0443289
v -0.00223423 0.499772 -0.0480877
v -0.128642 -0.219875 0.00683332
v -0.0792953 -0.495649 -0.0475667
v -0.0657587 -0.495125 -0.0435475
v 0.0502143 -0.134749 -0.163227
v -0.063269 -0.49745 -0.0524073
v 0.0429303 -0.133715 -0.163445
v 0.0351245 -0.132764 -0.162912
v -0.121519 -0.363974 -0.0800329
v -0.0829613 -0.494966 -0.0405909
v -0.0644412 -0.00703808 0.076894
v -0.116193 -0.45455 -0.0794088
v -0.0869633 -0.495258 -0.0487779
v -0.0565572 -0.495543 -0.0459221
v 0.0281931 -0.132658 -0.161919
v -0.138279 -0.169463 -0.045991
v -0.026176 -0.491351 -0.0408672
v -0.124725 -0.0671931 0.0143791
v -0.0326176 -0.493562 -0.0460297
v -0.0195054 -0.165519 0.0955992
v 0.0400334 -0.494254 -0.043705
v -0.203736 0.0826011 0.0880737
v 0.0664778 -0.496808 -0.0494177
v 0.101781 -0.49474 -0.0471282
v 0.110627 -0.494775 -0.053033
v -0.0544154 -0.131467 -0.162528
v -0.126274 -0.489551 -0.0446883
v 0.215126 0.0795336 -0.0406127
v -0.119564 -0.491066 -0.0516768
v -0.0198914 0.407366 -0.128749
v -0.0142827 -0.46857 -0.0511068
v -0.144811 -0.363536 -0.0254534
v 0.0130916 -0.471548 -0.0428446
v 0.0151165 -0.374644 -0.0406799
v 0.281022 0.0715374 0.133511
v -0.0152324 -0.453437 -0.047248
v 0.144609 0.132192 -0.0314526
v 0.136934 -0.465365 -0.0531731
v 0.140479 -0.468644 -0.0434864
v 0.141935 -0.451448 -0.0447595
v -0.0150185 -0.433977 -0.0517163
v 0.143113 -0.44439 -0.047253
v 0.0527078 -0.140658 -0.162641
v 0.140516 -0.442315 -0.0548089
v 0.143834 -0.436652 -0.0501453
v 0.0382062 -0.140174 -0.162743
v 0.0138987 -0.428042 -0.0425715
v 0.0156922 -0.434138 -0.0473274
v 0.142987 -0.429363 -0.053458
v 0.0146298 -0.42048 -0.044921
v -0.115445 -0.0215406 -0.0336244
v 0.111857 -0.0109685 0.0152044
v -0.0144834 -0.40624 -0.0494434
v -0.227948 -0.00209759 0.0129539
v 0.103362 -0.191088 -0.0968402
v -0.0390544 -0.135708 -0.162906
v 0.196108 -0.00249241 0.0109296
v -0.142587 -0.401374 -0.0511366
v 0.0176436 -0.378257 -0.0507849
v 0.183619 0.00508097 0.0172552
v -0.0289688 0.387798 -0.122392
v 0.14233 -0.383353 -0.0551677
v -0.11217 -0.188926 -0.0857673
v 0.0161077 -0.327738 -0.0449682
v 0.0145511 -0.308075 -0.0264511
v -0.13955 -0.290846 -0.0449486
v -0.141122 -0.317462 -0.0462737
v 0.0152616 -0.345272 -0.0217877
v -0.0141586 -0.291141 -0.0451516
v 0.102338 -0.197824 -0.0935713
v -0.0820773 0.295326 -0.00894098
v -0.049306 -0.148145 -0.161733
v -0.0516282 -0.140757 -0.162587
v 0.0176052 -0.285385 -0.0504825
v -0.0150267 -0.278774 -0.0515518
v 0.141335 -0.285513 -0.043498
v 0.238353 0.00251238 0.0282579
v 0.136111 -0.24922 -0.0501022
v 0.137737 -0.243052 -0.0430479
v -0.0571783 -0.147668 -0.160765
v -0.0142492 -0.372335 -0.0446893
v -0.13402 -0.253068 -0.051039
v 0.234065 0.0011829 0.00883035
v 0.0504118 -0.147207 -0.161862
v 0.0863831 0.261573 -0.0199007
v 0.134459 -0.239946 -0.0517797
v 0.036225 0.391932 -0.121096
v -0.0098544 -0.421511 -0.0199437
v -0.062924 -0.155847 -0.157537
v -0.10096 -0.193826 -0.096484
v 0.13736 -0.157256 -0.0566345
v -0.106524 -0.195657 -0.089179
v 0.137057 -0.139504 -0.0544321
v 0.0414533 -0.460178 -0.0822734
v -0.135866 -0.124448 -0.0432829
v -0.256939 0.059993 0.0213423
v 0.0465774 -0.155295 -0.159943
v -0.128623 -0.0964381 -0.0532624
v 0.033161 -0.146709 -0.161348
v -0.123055 -0.0570724 -0.0432228
v -0.121027 -0.0437539 -0.0379586
v 0.0648316 -0.101646 -0.153816
v -0.000764999 -0.155453 0.10343
v -0.109846 -0.0101356 -0.0453318
v 0.107344 -0.00355984 -0.0538204
v 0.111878 -0.0190238 -0.054775
v -0.0681952 0.241738 0.0769909
v 0.056159 -0.104156 -0.157055
v 0.103486 0.0117732 -0.047823
v -0.190145 0.0199469 -0.0488458
v 0.0435015 -0.115127 -0.161584
v -0.167501 0.0202485 -0.0471393
v -0.0681102 0.235915 0.0827813
v 0.0861349 0.331962 -0.0308444
v -0.101795 0.0129278 -0.0450359
v -0.0165073 -0.177718 0.0870606
v 0.030226 -0.101059 -0.157274
v 0.0128794 -0.0987612 -0.154034
v -0.113783 -0.021668 0.0106209
v -0.198716 0.0233731 -0.05026
v -0.156486 0.0209459 -0.0423124
v -0.0384183 -0.100021 -0.156909
v 0.00906565 -0.468203 -0.0204477
v -0.100607 0.0222294 -0.0440088
v -0.0485659 -0.097127 -0.15523
v 0.128235 0.0315625 -0.0419079
v 0.0379187 -0.455304 -0.0782608
v -0.227289 0.0405705 -0.0402683
v -0.220719 0.0333999 -0.0441176
v -0.20659 0.0286364 -0.0505884
v -0.127524 0.0341077 -0.0450534
v -0.142259 0.0305087 -0.04966
v -0.134463 -0.116835 0.0046593
v -0.141927 -0.305824 -0.0223736
v 0.085641 0.227215 -0.0103452
v 0.207927 0.0287133 -0.0499122
v 0.213752 0.0236778 -0.0439186
v 0.215322 0.0324426 -0.0477301
v -0.219536 0.0423898 -0.0475236
v -0.125991 0.0384454 -0.0526913
v -0.117292 0.0364628 -0.0463969
v -0.0238208 -0.102858 -0.15665
v -0.0996871 0.036638 -0.0537801
v 0.111368 0.0324373 -0.0448604
v -0.245127 0.0628488 -0.00113634
v 0.120298 -0.491115 -0.0556977
v 0.0641608 -0.112012 -0.15752
v 0.12105 0.0356451 -0.0483744
v 0.0144451 -0.297192 -0.0293078
v 0.0587831 -0.121146 -0.16111
v 0.223294 0.0430538 -0.0446474
v -0.100099 -0.202273 -0.0922474
v -0.224238 0.0504901 -0.0436718
v -0.142732 -0.313503 -0.0264555
v -0.222344 0.0691202 -0.0385852
v -0.0590987 -0.099382 -0.153981
v 0.212494 0.0683405 -0.0515109
v 0.214623 0.0738793 -0.0463101
v 0.210983 0.0799394 -0.0466709
v -0.198846 0.0975502 -0.0426037
v -0.169718 0.0769867 -0.0763658
v 0.241795 0.0671572 -0.000445984
v -0.0540215 -0.106538 -0.15789
v -0.17093 0.117007 -0.0455651
v 0.010331 -0.118072 -0.157224
v 0.00259441 -0.119015 -0.156038
v -0.0644592 -0.10809 -0.155895
v 0.0140781 -0.37633 -0.0293954
v 0.176946 0.110133 -0.052057
v 0.0679213 -0.122313 -0.15878
v 0.15994 0.122134 -0.0496693
v 0.174948 0.0634163 -0.0745859
v 0.152846 0.125443 -0.0510507
v 0.101447 -0.216163 -0.0881601
v -0.134999 0.134613 -0.0510003
v -0.106246 0.146954 -0.0487515
v 0.0163293 -0.166862 -0.149219
v 0.133172 0.137056 -0.0470126
v 0.140535 -0.161738 0.0048525
v -0.0928172 0.151233 -0.0512115
v 0.0857634 0.189319 -0.0297173
v 0.0948788 -0.211349 -0.0930925
v -0.0452084 0.414716 -0.117845
v -0.0852106 0.157868 -0.0495459
v -0.0160659 -0.120062 -0.158402
v 0.0817765 0.183552 -0.0463863
v -0.0754029 0.19401 -0.0568166
v 0.0794506 0.189956 -0.0526726
v 0.0825317 0.192646 -0.0444505
v 0.0803189 0.232856 -0.051976
v -0.0764628 0.22705 -0.0551348
v 0.0836888 0.244326 -0.0422668
v -0.0605749 -0.124258 -0.160973
v -0.0832495 0.255229 -0.0439386
v -0.0838345 0.2316 -0.025011
v -0.0903715 0.284226 -0.0388531
v -0.155385 0.11764 -0.0083255
v -0.0931385 0.289022 -0.0323615
v -0.0667831 -0.118107 -0.158183
v -0.138028 0.134672 -0.0268572
v -0.0957511 0.311562 -0.0461564
v 0.117451 -0.250089 -0.0768231
v -0.091291 0.313721 -0.0511526
v -0.116471 -0.0219842 -0.00557207
v 0.0338557 -0.462465 -0.0768499
v 0.100225 0.310651 -0.0512284
v -0.11531 -0.0177083 -0.0262371
v 0.0849526 0.326047 -0.0459929
v -0.126762 -0.0605146 -0.0209349
v 0.070639 -0.131086 -0.158568
v 0.0849494 0.344804 -0.0481286
v -0.0826884 0.369866 -0.0520196
v 0.085959 0.395906 -0.0490879
v -0.137684 -0.245956 -0.0269283
v -0.0836525 0.40339 -0.0505941
v -0.0826764 0.390854 -0.0561365
v 0.0858156 0.412903 -0.0528276
v -0.0835003 0.416843 -0.0434777
v -0.0830393 0.425235 -0.0442323
v -0.0824274 0.429075 -0.0514063
v -0.0401428 0.421532 -0.120628
v 0.0845026 0.429334 -0.0469192
v 0.0651724 -0.137505 -0.160585
v -0.0775597 0.446188 -0.0477296
v 0.0129783 -0.126896 -0.1582
v -0.0373985 0.413095 -0.122248
v 0.00743404 -0.133335 -0.157079
v 0.236658 0.0249495 0.0906352
v 0.0774268 0.45159 -0.0497333
v -0.0642956 0.468657 -0.0493648
v -0.0130458 -0.349778 -0.023635
v 0.158001 0.0791614 0.0176491
v 0.0688628 0.465568 -0.047409
v 0.0641421 0.468736 -0.0650278
v -0.00110189 -0.131599 -0.156438
v 0.031802 -0.26278 -0.076488
v -0.0686589 -0.127082 -0.158811
v -0.0511898 0.481562 -0.0500273
v 0.0274077 0.40377 -0.126894
v -0.023623 0.496065 -0.0493268
v 0.116725 -0.464125 -0.0818386
v -0.076394 -0.130238 -0.155619
v -0.0298464 -0.322697 -0.0745025
v 0.144048 -0.317132 -0.020207
v 0.0929622 -0.232079 -0.0906576
v 0.0728431 -0.139496 -0.157653
v -0.0784551 0.204496 -0.0496769
v 0.0501899 -0.49527 -0.0459724
v 0.0420145 -0.495589 -0.0521867
v 0.0586678 -0.497538 -0.0525068
v -0.0696376 -0.136833 -0.158809
v 0.0231039 -0.13718 -0.160586
v 0.0177833 -0.142904 -0.158388
v 0.0856388 -0.497301 -0.0555199
v 0.111384 -0.46614 -0.0861499
v -0.0130458 -0.366552 -0.0213687
v -0.0451406 -0.496881 -0.0597288
v 0.014582 -0.378254 -0.0196482
v 0.0364037 -0.493671 -0.0564505
v -0.0297847 -0.229002 -0.0893306
v 0.0851485 0.315194 -0.0154596
v -0.0280762 -0.127594 -0.161717
v -0.0730897 -0.144341 -0.156804
v 0.0738043 -0.148793 -0.155786
v 0.0469648 -0.465513 -0.0870495
v -0.119827 -0.488027 -0.0614018
v 0.13267 -0.4823 -0.0510663
v 0.137045 -0.193426 0.00244054
v -0.137301 -0.466833 -0.0478814
v -0.0180795 -0.465866 -0.0595788
v -0.135855 -0.458086 -0.0523311
v 0.0155604 -0.456664 -0.044325
v 0.12838 -0.0574091 -0.0129608
v -0.135564 -0.449947 -0.0562753
v -0.139059 -0.443141 -0.0533385
v 0.163022 0.0309509 0.0196695
v 0.125858 -0.052452 -0.0358068
v -0.0183003 -0.431308 -0.0580642
v 0.0102567 -0.141076 -0.156858
v -0.140769 -0.427188 -0.054223
v 0.00588567 -0.147658 -0.154796
v -0.139474 -0.409304 -0.0578227
v -0.0151825 -0.379978 -0.049146
v 0.142309 -0.368893 -0.0541102
v 0.140169 -0.391672 -0.0600596
v -0.139087 -0.359178 -0.0566869
v 0.101176 -0.232617 -0.0869364
v -0.0910244 0.102021 0.0182076
v 0.0329007 -0.472638 -0.076943
v 0.14233 -0.347115 -0.0522894
v -0.0161393 -0.344071 -0.051035
v -0.0180615 -0.330369 -0.0560764
v -0.138446 -0.314289 -0.053875
v 0.0181342 -0.321245 -0.0514748
v 0.140022 -0.312777 -0.0544116
v -0.130189 -0.076007 -0.013409
v 0.0350238 0.400867 -0.12354
v -0.135221 -0.280938 -0.0551122
v 0.138736 -0.285364 -0.0522085
v -0.137413 -0.24965 -0.0202238
v -0.0169232 -0.274159 -0.0574032
v 0.0196604 -0.281928 -0.0562545
v 0.016195 -0.278146 -0.049648
v 0.0140157 -0.269259 -0.0495281
v -0.013822 -0.26542 -0.056251
v -0.00868739 -0.258641 -0.0509649
v -0.0169441 -0.261004 -0.0638956
v 0.0109426 -0.260328 -0.0499028
v 0.0160207 -0.264313 -0.0572622
v 0.00654072 -0.25244 -0.0507391
v 0.179471 0.0579202 -0.0723635
v 0.134163 -0.255019 -0.0560673
v -0.00228734 -0.253145 -0.0469213
v -0.00588816 -0.251371 -0.0544985
v 0.143502 -0.293973 -0.0312468
v -0.130682 -0.251771 -0.0581604
v -0.126528 -0.25152 -0.0649411
v -0.13014 -0.237376 -0.0565663
v -0.136599 -0.254534 -0.0133463
v 0.0853539 -0.0300524 0.0699907
v -0.12894 -0.220483 -0.0579961
v 0.0250579 -0.0660006 0.111268
v 0.133087 -0.201238 -0.0564126
v -0.134398 -0.186996 -0.0518748
v -0.00331604 -0.147789 -0.154507
v -0.134931 -0.171194 -0.0547385
v 0.131291 -0.189342 -0.0626188
v -0.073248 0.148154 0.023088
v 0.137872 -0.16585 -0.0544593
v 0.134384 -0.161283 -0.0624562
v -0.0683971 0.180329 0.0308044
v 0.0153052 -0.299528 -0.0194886
v 0.136104 -0.130735 -0.0534606
v 0.134471 -0.143838 -0.0616463
v -0.026262 -0.134724 -0.161277
v -0.133917 -0.128812 -0.0518687
v 0.038097 -0.233341 -0.0900577
v 0.132462 -0.125166 -0.0602419
v -0.0332889 -0.139787 -0.1622
v 0.128433 -0.0984483 -0.0612925
v 0.13155 -0.098498 -0.0519586
v -0.0660234 -0.146036 -0.159191
v 0.0771937 0.164539 0.019692
v 0.0800437 0.168706 0.013399
v 0.125419 -0.0688368 -0.0531958
v -0.0716883 -0.151631 -0.155961
v -0.0712477 0.193108 0.0266232
v -0.10289 0.00211509 -0.0535766
v 0.0649224 -0.151667 -0.158346
v -0.181673 0.0173385 -0.0462712
v 0.056055 -0.153743 -0.159948
v 0.100722 0.0199383 -0.0499849
v -0.143514 -0.358321 -0.0166468
v -0.184151 0.0317196 -0.059808
v -0.166938 0.0245606 -0.053227
v 0.0990783 0.0281923 -0.0530576
v 0.0848746 0.335938 -0.0469521
v 0.0129307 -0.280192 -0.0261481
v 0.149338 0.0227367 -0.0401195
v 0.0124287 -0.417382 -0.0162787
v 0.0405136 0.405847 -0.121679
v 0.0253146 -0.144918 -0.159985
v -0.0803245 0.357883 -0.0111922
v 0.175037 0.0244974 -0.0543523
v 0.192417 0.0211256 -0.0497794
v 0.191826 0.0291923 -0.0564177
v -0.0925487 -0.236614 -0.0896795
v 0.201856 0.0330142 -0.0553108
v -0.105571 -0.226229 -0.083533
v -0.0397069 -0.0750138 -0.143732
v -0.205852 0.0368899 -0.0550936
v 0.170887 0.0569331 -0.0742945
v -0.0250664 -0.143953 -0.159944
v -0.0314979 -0.0863549 -0.150691
v -0.211955 0.0438309 -0.0534499
v -0.204253 0.0453809 -0.0586414
v 0.0867022 0.270389 -0.0203439
v -0.0306663 -0.255599 -0.0790093
v 0.0140894 -0.049636 0.109079
v 0.211174 0.0453377 -0.0543279
v 0.216814 0.0406106 -0.0495214
v -0.0740355 0.199194 0.0207949
v -0.207418 0.0591042 -0.0580569
v -0.208065 0.066529 -0.0564804
v -0.207139 0.0751585 -0.0542119
v 0.0358468 -0.155874 -0.159065
v 0.0280205 -0.15164 -0.158908
v -0.0253377 -0.154245 -0.157634
v -0.205109 0.0818938 -0.0521483
v -0.205681 0.0869096 -0.0471204
v -0.181256 0.105707 -0.0537334
v -0.19447 0.0987285 -0.04804
v -0.0351093 -0.159039 -0.157855
v -0.167267 0.111509 -0.0599622
v 0.0863908 0.184769 -0.0229443
v -0.15308 0.121485 -0.0586281
v 0.156468 0.121476 -0.0554839
v -0.0705695 -0.15872 -0.153963
v 0.0161935 0.219462 0.0833449
v -0.132937 0.132372 -0.0578199
v -0.112333 0.143409 -0.0520158
v 0.137004 0.13253 -0.0538219
v 0.111015 0.141439 -0.0577697
v 0.100393 0.151536 -0.0461135
v 0.123026 -0.0357978 -0.0206487
v 0.0891529 0.149909 -0.0586069
v 0.0617995 -0.160055 -0.156244
v 0.139005 -0.237231 -0.0340871
v 0.0785204 0.251012 0.0131875
v 0.0846078 0.157438 -0.0543074
v -0.114 -0.0116365 -0.0131581
v -0.074613 0.171211 -0.0580407
v -0.11668 -0.0261524 0.00237501
v 0.114122 -0.477658 -0.0817769
v 0.0738053 0.168989 -0.0636694
v 0.077793 0.171787 -0.0562332
v 0.0745959 0.177964 -0.0621409
v -0.0726151 0.214242 -0.0623491
v -0.0723932 0.196977 -0.062424
v -0.0740651 0.231293 -0.0603301
v -0.0760243 0.245134 -0.057128
v 0.0492651 -0.170376 -0.153105
v 0.103281 -0.477456 -0.089464
v 0.086809 0.258478 -0.0509474
v -0.0888631 0.259945 -0.0475872
v -0.138194 -0.309199 -0.00712754
v 0.0389214 -0.477914 -0.0805348
v 0.0169552 -0.301866 -0.0120426
v -0.0341738 -0.235892 -0.0882162
v -0.0771433 0.188233 -0.0529252
v 0.0428303 -0.163882 -0.156583
v -0.0429853 -0.153138 -0.160757
v -0.0386847 -0.242845 -0.0876077
v -0.0522811 -0.155537 -0.159609
v -0.0912687 0.277938 -0.0468668
v 0.0398896 -0.171914 -0.151637
v -0.0972087 0.291972 -0.0393384
v -0.0942198 0.287391 -0.0481814
v -0.100053 0.296324 -0.0487084
v -0.036961 -0.169538 -0.153056
v -0.0451788 -0.162465 -0.157098
v 0.144315 -0.359606 -0.0125772
v 0.0163048 -0.380474 -0.0103761
v 0.0188037 -0.373258 -0.00450126
v 0.0649804 -0.0946148 -0.150365
v 0.081098 0.327283 -0.0595585
v 0.0825135 0.363091 -0.0614749
v -0.0837524 0.412136 -0.0507539
v 0.0857144 0.421209 -0.0498866
v 0.0850163 0.419615 -0.0583133
v 0.0826576 0.433464 -0.0607325
v 0.07865 0.447858 -0.0563667
v -0.0660385 0.465936 -0.0562583
v -0.0610754 0.471568 -0.0569023
v 0.134791 -0.189503 0.0100625
v 0.0618105 0.473079 -0.0577588
v 0.0375935 -0.0845317 -0.149916
v -0.0305647 0.49315 -0.0533486
v -0.0383006 0.489409 -0.056368
v -0.023375 0.495503 -0.0581295
v 0.0123557 0.498297 -0.0578549
v 0.0155188 0.496087 -0.0676365
v 0.00206391 0.499198 -0.0566751
v 0.120452 -0.0269212 -0.0219303
v 0.0286803 -0.0852032 -0.15037
v 0.033737 -0.0921308 -0.154026
v -0.00271206 -0.123449 -0.156432
v -0.0347158 0.428206 -0.122505
v -0.104078 -0.494885 -0.0535677
v -0.0316566 -0.492861 -0.053237
v -0.0273611 -0.489037 -0.0582103
v 0.0299699 -0.490198 -0.0558664
v -0.118573 -0.483667 -0.0704995
v -0.111813 -0.490742 -0.0676252
v -0.113442 -0.263931 -0.0798671
v 0.0271559 -0.490187 -0.0475894
v 0.0840459 0.192578 -0.000200143
v -0.250389 0.0606189 0.00712793
v -0.11428 -0.0173311 0.00157212
v -0.0234971 -0.481486 -0.06333
v 0.0220698 -0.483859 -0.0540617
v -0.100104 -0.239891 -0.0859084
v 0.0181047 -0.474738 -0.0552851
v 0.117148 -0.0155693 -0.00878214
v 0.130842 -0.471589 -0.064576
v -0.0316826 -0.0781384 -0.146426
v 0.0203693 -0.469785 -0.0608389
v 0.13299 -0.463709 -0.0610931
v 0.0726288 0.273452 0.0222965
v -0.131939 -0.456493 -0.0607484
v 0.0185241 -0.457868 -0.0536885
v 0.135878 -0.456745 -0.0561022
v 0.124279 -0.0404604 -0.0126122
v -0.0392535 -0.0912873 -0.153125
v 0.0201686 -0.0840713 -0.149877
v -0.132804 -0.440209 -0.0655008
v 0.131488 -0.445746 -0.0671131
v 0.139264 -0.429805 -0.060336
v -0.136381 -0.118693 -0.00465105
v 0.0235449 -0.430454 -0.0637516
v 0.0262268 -0.441027 -0.0655125
v 0.0194585 -0.423992 -0.0568647
v 0.0747982 0.251673 0.0205731
v -0.0205643 0.156504 0.075259
v 0.139001 -0.415142 -0.0617647
v -0.133905 -0.404023 -0.0670764
v 0.00617927 -0.0785732 -0.147581
v -0.0174868 -0.409338 -0.056334
v 0.0192909 -0.406425 -0.0562052
v 0.0746778 0.327688 0.0267019
v -0.0991713 -0.0142507 -0.074372
v -0.014638 -0.396846 -0.0490435
v 0.076334 0.329614 0.0177827
v 0.09132 -0.248721 -0.0904625
v 0.138938 -0.38299 -0.0619458
v -0.133851 -0.380164 -0.0670032
v -0.0771813 0.315039 0.00442201
v -0.00968103 -0.0841283 -0.149297
v -0.0186884 -0.379644 -0.0576236
v -0.0175932 -0.0869091 -0.150691
v -0.0739712 0.316981 0.0136443
v -0.134265 -0.344207 -0.0648127
v -0.135985 -0.320176 -0.0600386
v -0.133536 -0.334807 -0.0653486
v -0.0240718 -0.0820653 -0.148601
v -0.0369289 -0.47646 -0.0806573
v 0.0858231 0.173523 -0.00862517
v -0.0200119 -0.0948287 -0.153839
v -0.0196739 -0.307159 -0.059848
v -0.137104 -0.305417 -0.055621
v 0.0193808 -0.298092 -0.0550275
v 0.138426 -0.319367 -0.0589188
v -0.0227055 -0.301782 -0.0652746
v -0.0190373 -0.29082 -0.0583125
v 0.0221868 -0.301835 -0.0608489
v 0.0197873 -0.289886 -0.0557176
v -0.0282229 0.411792 -0.126334
v -0.132149 -0.274457 -0.0599072
v -0.1326 -0.293073 -0.0623006
v -0.0185764 -0.282449 -0.058001
v 0.0489337 -0.248181 -0.0891542
v -0.0212673 -0.277321 -0.0637323
v 0.023024 -0.286587 -0.0622263
v -0.0827074 0.220846 -0.00634296
v -0.0794012 0.201651 0.00803358
v -0.111965 -0.00502933 -0.00920023
v 0.00492371 -0.0941368 -0.151687
v 0.13266 -0.267186 -0.0612116
v -0.117318 -0.0357621 0.0129643
v -0.111979 -0.00859383 -7.83715e-05
v 0.132716 -0.230888 -0.0549604
v 0.12631 -0.237137 -0.0659549
v 0.132661 -0.214636 -0.0556178
v -0.127355 -0.211059 -0.0611765
v -0.125045 -0.217207 -0.0647324
v -0.123698 -0.198405 -0.069153
v -0.130907 -0.159384 -0.0645265
v -0.133788 -0.153614 -0.0585983
v -0.130985 -0.139747 -0.0632258
v -0.116215 -0.0353463 -0.0484192
v -0.122568 -0.0629858 -0.0503216
v -0.00332498 -0.115923 -0.155751
v 0.00430905 -0.10326 -0.153845
v -0.00385994 -0.10763 -0.154674
v -0.0994863 0.00457453 -0.0595058
v 0.045318 -0.257624 -0.0859586
v -0.0980438 0.0174977 -0.0514631
v 0.0197777 0.407438 -0.129368
v -0.0642509 -0.093925 -0.149651
v -0.0336511 0.0967456 0.0723064
v -0.192626 0.0333123 -0.0586382
v 0.117849 -0.0181357 -0.0239721
v -0.0101773 0.248078 0.108933
v 0.0343353 0.410436 -0.124827
v -0.158522 0.0279622 -0.0549385
v 0.0607986 0.386098 0.0206374
v -0.124911 -0.0518332 -0.0177391
v 0.0729074 -0.106703 -0.152613
v -0.147641 0.0379825 -0.0627046
v 0.134234 0.0526898 -0.0709506
v -0.0918451 0.0311271 -0.0591474
v 0.0937567 0.0292274 -0.0599028
v -0.124849 -0.0555709 -0.000279784
v 0.177026 0.0362566 -0.0641474
v 0.195858 0.0385262 -0.0605105
v -0.203648 0.0974875 -0.0224941
v -0.141058 0.035876 -0.0570323
v -0.129363 -0.0790362 0.0037765
v 0.0742149 -0.11602 -0.155163
v -0.0731775 -0.113063 -0.154302
v -0.0725699 -0.104826 -0.15146
v 0.137992 -0.314682 -0.00180937
v 0.134805 -0.321783 0.00442119
v 0.0806719 -0.119734 -0.152548
v -0.112103 0.0457584 -0.0593421
v 0.106009 0.0394416 -0.0556798
v 0.0760892 -0.124776 -0.155829
v 0.111112 0.0430899 -0.0581238
v -0.0820715 -0.124105 -0.15216
v 0.118371 0.041431 -0.0560986
v -0.0793988 -0.116985 -0.151981
v 0.0833445 -0.126731 -0.152022
v -0.202822 0.0539882 -0.0612676
v -0.202016 0.0626801 -0.0616263
v 0.208736 0.0628793 -0.0564222
v 0.0604034 0.422827 0.0132642
v 0.202152 0.0768664 -0.0582842
v 0.0857701 -0.135046 -0.150601
v 0.0804384 -0.141785 -0.153723
v -0.0476172 -0.174267 0.0802573
v 0.0876985 -0.143671 -0.148496
v -0.194972 0.0930618 -0.0542703
v 0.108103 -0.482673 -0.0832932
v 0.100736 -0.249578 -0.0868743
v 0.19111 0.0885356 -0.061518
v -0.0160831 -0.0791003 -0.147534
v -0.01746 -0.0641934 -0.143358
v 0.179034 0.0983722 -0.0635187
v 0.182117 0.103291 -0.0560415
v 0.173002 0.106662 -0.0610557
v -0.139199 0.12633 -0.0625044
v 0.14036 -0.386068 0.00295738
v 0.256161 0.0876574 0.0655757
v -0.12995 0.128091 -0.065263
v 0.0265243 0.411226 -0.127922
v 0.131787 0.130419 -0.061443
v -0.101211 0.141635 -0.0607097
v -0.115799 0.135011 -0.0636146
v 0.243874 0.0950613 0.0683658
v 0.0771632 0.322215 0.0119193
v 0.075612 -0.162517 -0.150043
v 0.0675643 -0.165705 -0.151889
v -0.0791656 0.156486 -0.0573184
v 0.0438885 0.105631 0.0664762
v -0.120135 -0.437742 -0.0785099
v -0.0741573 0.16283 -0.060562
v -0.0763645 0.164045 0.0170034
v -0.137146 -0.212066 -0.0325632
v 0.0765159 0.229255 -0.0597749
v 0.0112051 -0.15421 -0.153647
v 0.0776229 0.24688 -0.058752
v 0.00869289 -0.162931 -0.149296
v 0.0876563 0.0572695 -0.0733305
v 0.0788895 0.221845 0.0142709
v -0.0907192 0.265014 -0.0595466
v 0.120871 -0.0343241 0.00486539
v 0.00682746 -0.0578119 -0.143163
v -0.093181 0.28068 -0.0558343
v -0.0974953 0.290851 -0.0589348
v -0.0794615 0.23129 -0.0480136
v 0.0438848 -0.483146 -0.0818661
v 0.101701 0.29401 -0.0576134
v 0.0249595 -0.299106 0.00498879
v 0.0553504 -0.269869 -0.0889775
v -0.0173663 -0.159563 -0.153175
v 0.0307286 -0.326071 0.0125278
v 0.0806418 0.31095 -0.064559
v 0.0706045 -0.0153311 0.0770252
v 0.0983877 0.308634 -0.0604466
v 0.103667 0.302245 -0.0550936
v 0.0558533 0.198681 -0.0846414
v -0.0802483 0.322389 -0.0550706
v 0.0262264 -0.158796 -0.156165
v 0.223935 0.0318556 0.0983343
v 0.0176354 -0.160245 -0.152943
v 0.0341777 0.0837332 0.0769799
v -0.0776916 0.335701 -0.0642727
v -0.111462 -0.0120909 0.00837465
v -0.174471 0.111294 -0.0105804
v -0.0804485 0.356878 -0.059756
v 0.0427902 0.413037 -0.120836
v 0.08029 0.386717 -0.0727121
v -0.0193564 -0.168292 -0.149293
v -0.0835388 0.394849 -0.050296
v -0.0811707 0.390316 -0.0634574
v -0.0828498 0.407681 -0.0579224
v -0.0828565 0.416099 -0.0582596
v 0.0834497 0.418375 -0.0666579
v -0.0822242 0.424672 -0.0586923
v -0.0814121 0.419812 -0.0657934
v -0.080718 0.433554 -0.0588265
v 0.0816694 0.431403 -0.067431
v 0.0801228 0.438535 -0.0667075
v -0.077631 0.443819 -0.058787
v 0.0457261 0.421468 -0.118681
v -0.074084 0.453511 -0.0540347
v 0.217147 0.0265684 0.0869793
v 0.0746128 0.455356 -0.0588595
v 0.0776455 0.446814 -0.0640193
v -0.0468451 0.483727 -0.0590474
v -0.0707639 0.219899 0.073541
v -0.0556589 -0.16449 -0.155466
v 0.0489268 0.484561 -0.0539026
v -0.0391847 0.487161 -0.0654959
v 0.0301012 0.494766 -0.0521002
v -0.0657061 -0.165191 -0.152761
v -0.0903497 -0.496487 -0.0573937
v 0.126031 -0.061451 0.0128089
v -0.0801002 -0.497767 -0.05631
v -0.144701 -0.478446 0.00423086
v -0.0543883 -0.497938 -0.0551245
v -0.0667164 -0.499104 -0.0679874
v -0.00474723 -0.0713955 -0.146094
v -0.0788142 -0.169121 -0.144071
v -0.0490572 -0.496435 -0.0696152
v -0.0399545 -0.492684 -0.0687101
v 0.0494543 -0.496794 -0.0659959
v 0.0577161 -0.498662 -0.061886
v 0.0673098 -0.498796 -0.0583495
v 0.0639606 -0.498887 -0.0661999
v 0.124878 -0.255013 0.012579
v 0.130038 -0.0833361 0.016723
v 0.100524 -0.496 -0.0646251
v 0.100116 -0.494257 -0.0743711
v -0.112005 -0.492986 -0.0576818
v 0.13259 -0.0877453 0.010188
v -0.103976 -0.49438 -0.062739
v -0.122626 -0.0523952 0.00865124
v -0.129342 -0.0849849 0.0115179
v 0.121248 -0.486954 -0.0639816
v 0.0553322 -0.176022 -0.148472
v -0.122633 -0.475545 -0.0717855
v -0.028455 -0.477382 -0.0733072
v -0.0218486 -0.471819 -0.06592
v 0.126899 -0.479787 -0.0649377
v 0.0321689 -0.310671 0.014053
v -0.128111 -0.46238 -0.0666077
v -0.127796 -0.471517 -0.065823
v -0.0273424 0.426544 -0.125903
v -0.0480472 -0.1714 -0.152302
v 0.0201423 -0.463243 -0.0595798
v -0.127332 -0.453502 -0.0678115
v -0.0481041 -0.278851 -0.0870095
v -0.0211758 -0.456592 -0.0609693
v -0.0260431 -0.44967 -0.065924
v -0.0211522 -0.447079 -0.0589166
v 0.0231714 -0.457244 -0.0622131
v 0.0313426 -0.433983 -0.0723987
v -0.133842 -0.422959 -0.0662991
v 0.0149569 -0.0604129 -0.143145
v 0.000479224 -0.0642965 -0.144622
v -0.0221426 -0.433188 -0.063696
v 0.00902843 -0.0661521 -0.14487
v -0.0215166 -0.410907 -0.0636745
v 0.0212851 -0.388679 -0.0595916
v 0.146102 -0.478865 0.00718676
v 0.135513 -0.378139 -0.0670785
v 0.0411413 -0.0777036 -0.145677
v -0.13059 -0.366761 -0.070796
v 0.135354 -0.349039 -0.0660748
v 0.13886 -0.33532 -0.0596333
v -0.132705 -0.325661 -0.0660334
v 0.0229571 -0.348803 -0.0621268
v -0.0257522 0.419751 -0.127237
v -0.131313 -0.30976 -0.0671182
v 0.135945 -0.313467 -0.0627967
v 0.132285 -0.306919 -0.0678174
v 0.131557 -0.399651 0.0178751
v -0.0523631 -0.270618 -0.0885859
v -0.120929 -0.267498 -0.073817
v -0.127104 -0.436308 -0.072345
v 0.130743 -0.280664 -0.0665906
v 0.12684 -0.37897 0.0198812
v 0.221796 0.0952303 0.0756155
v 0.0217021 -0.268987 -0.0637999
v -0.0196415 -0.257165 -0.0691824
v 0.0196209 -0.258417 -0.0656199
v 0.0201319 -0.249545 -0.0716006
v 0.0137513 -0.249143 -0.0644841
v -0.1176 -0.0512257 -0.0576263
v -0.0567801 -0.262889 -0.0902189
v -0.00892526 -0.248702 -0.0615048
v 0.0253158 -0.0790913 -0.147524
v 0.123317 -0.231151 -0.069946
v 0.104132 -0.267145 -0.0870689
v -0.00588806 -0.241151 -0.0643338
v 0.045193 -0.488497 0.00932822
v 0.00932863 -0.242661 -0.064308
v 0.00266803 -0.239605 -0.0621266
v -0.00117101 -0.23401 -0.0680868
v 0.0135914 -0.228972 -0.0791151
v -0.124322 -0.224505 -0.0655698
v 0.129099 -0.276553 0.00873529
v 0.130487 -0.222659 -0.059137
v 0.130968 -0.207123 -0.0597706
v 0.0231839 -0.0624117 -0.142428
v 0.00342216 -0.0723321 -0.146269
v 0.127592 -0.192491 -0.0679692
v 0.124735 -0.198604 -0.0707247
v 0.127824 -0.174709 -0.0711402
v 0.12206 -0.173834 -0.0804687
v -0.061249 0.422914 0.0102252
v -0.127901 -0.165793 -0.0697519
v -0.125898 -0.149262 -0.0754102
v 0.131067 -0.148146 -0.0685848
v 0.0461878 -0.0837363 -0.148574
v -0.00909244 -0.449869 0.0195187
v 0.2309 0.0997388 0.0993702
v -0.128352 -0.124003 -0.0639503
v 0.127968 -0.118677 -0.0680477
v -0.12758 -0.108378 -0.0597332
v -0.124259 -0.103892 -0.0668426
v -0.0258957 -0.0633703 -0.141815
v -0.0323834 -0.0697098 -0.142513
v 0.110298 -0.282472 -0.0853352
v 0.118804 -0.065957 -0.0691569
v 0.116861 -0.0414428 -0.0592729
v -0.0106874 -0.445867 0.00196548
v -0.124079 -0.0951933 -0.0655275
v 0.075346 -0.498834 -0.071691
v 0.104945 -0.00756162 -0.0632014
v 0.0544336 -0.0825684 -0.145984
v -0.0948948 0.00810503 -0.0661947
v -0.101331 -0.00945307 -0.0672152
v 0.0819379 0.0650381 -0.0776307
v 0.102167 0.00143797 -0.0615127
v 0.0923251 0.0136296 -0.070319
v 0.0956607 -0.421001 -0.0925896
v -0.0859671 0.029156 -0.0667637
v -0.089703 0.0237239 -0.0635197
v -0.0394963 -0.0829049 -0.148341
v 0.150005 0.0295617 -0.0533609
v 0.154865 0.0332617 -0.0601059
v 0.151692 0.0396786 -0.0653388
v 0.163348 0.0313924 -0.0605674
v 0.0725531 0.28099 0.0216402
v -0.0717831 0.184977 0.0250566
v -0.140048 0.0415219 -0.0634088
v 0.0716633 -0.097923 -0.149236
v -0.0716936 -0.0970063 -0.148397
v -0.0945368 0.0416418 -0.0600749
v -0.0818385 0.0445232 -0.0696325
v -0.073648 0.208069 0.021951
v 0.0857329 -0.105938 -0.144498
v 0.0816141 -0.111731 -0.149536
v 0.0898229 -0.112571 -0.144
v 0.136185 0.0389739 -0.0587841
v 0.181411 0.0434192 -0.06742
v 0.130657 -0.407822 0.0200246
v -0.00117741 -0.0690767 0.114121
v -0.0866814 -0.116743 -0.147086
v -0.195722 0.0575209 -0.065777
v -0.107185 0.0504834 -0.0637081
v -0.0362802 0.436329 -0.119734
v -0.10346 0.0442958 -0.0585746
v -0.0942944 -0.121897 -0.141506
v -0.0479245 -0.0464084 -0.130495
v 0.0437178 -0.34071 0.023956
v 0.014634 0.422004 -0.130404
v 0.103793 0.0441405 -0.0607727
v 0.198992 0.0473369 -0.0621023
v 0.205729 0.048964 -0.0585621
v -0.139892 -0.182358 -0.0321016
v -0.195163 0.0671468 -0.0658146
v 0.202594 0.0567871 -0.0613946
v 0.0942333 -0.120868 -0.142465
v -0.201692 0.0716728 -0.0606563
v 0.194392 0.0809959 -0.0630378
v 0.090363 -0.128145 -0.146928
v -0.0949196 -0.131146 -0.142512
v -0.19513 0.0862349 -0.0597348
v 0.182731 0.0819753 -0.0698649
v -0.0285709 -0.338655 0.0121098
v -0.188938 0.0923978 -0.0604107
v -0.183716 0.0908213 -0.0653074
v -0.181245 0.0983391 -0.0618061
v 0.183187 0.0900822 -0.0661143
v 0.170229 0.0922307 -0.0724063
v 0.176207 0.0935393 -0.0685365
v -0.0840253 -0.132863 -0.151602
v -0.172547 0.099685 -0.0667644
v -0.167914 0.105713 -0.0650199
v -0.0435729 0.438129 -0.11519
v -0.0347976 -0.333838 0.0187772
v -0.160343 0.109499 -0.0667135
v -0.151762 0.110114 -0.0711246
v -0.153188 0.116064 -0.0650856
v 0.164201 0.112387 -0.0615377
v -0.120286 0.0628174 -0.0740996
v -0.139066 0.11581 -0.0725358
v -0.134635 0.121929 -0.069441
v -0.121264 0.129103 -0.0677834
v -0.0898026 -0.134615 -0.147028
v -0.112602 0.129699 -0.0702391
v 0.123983 0.130252 -0.0658768
v -0.140916 -0.155489 -0.0355539
v -0.0862944 -0.142307 -0.149322
v -0.0977434 0.135597 -0.0679208
v -0.0933872 0.140988 -0.0638637
v -0.0934758 0.146237 -0.0583643
v -0.0789289 -0.14782 -0.15348
v 0.139323 -0.125641 -0.0385175
v 0.137236 -0.112 -0.0362509
v 0.0888368 -0.152302 -0.14557
v -0.0847274 -0.152551 -0.148394
v -0.101192 -0.277655 -0.0885063
v 0.26018 0.0816392 0.0614516
v 0.0847958 0.145115 -0.0651199
v -0.0821866 -0.161213 -0.146675
v -0.136591 -0.11675 -0.0291701
v -0.0133813 -0.0564145 -0.142167
v 0.0998593 -0.485114 -0.0870704
v 0.0732077 0.160166 -0.0656338
v 0.0318354 0.427458 -0.124968
v 0.0130045 -0.0535121 -0.141834
v -0.010793 -0.165048 -0.148496
v -0.0725507 0.223735 -0.0627002
v -0.0696619 0.239882 -0.0684143
v -0.0732503 0.251843 -0.063432
v 0.0645463 -0.173624 -0.147865
v 0.111745 -0.273139 -0.083572
v -0.110248 -0.0149718 0.0166803
v -0.0833676 0.260432 -0.0587544
v 0.12724 -0.38754 0.0207301
v -0.113976 -0.0386626 0.0265939
v 0.0849151 0.262863 -0.0625938
v 0.117971 -0.0575854 0.0347491
v 0.108136 -0.267938 0.0265926
v 0.0611887 -0.181124 -0.142909
v 0.0420315 -0.399168 0.0288094
v 0.0703312 -0.178192 -0.141837
v -0.0625855 -0.059036 0.0946423
v 0.0237808 -0.16671 -0.151687
v -0.0978695 0.299392 -0.0671402
v 0.101558 0.300079 -0.0639876
v -0.0227642 -0.0363576 0.103752
v 0.0408043 -0.30954 -0.0824237
v -0.0161356 0.223539 0.0762466
v 0.0793879 0.303353 -0.0689334
v -0.028252 0.40539 0.0363505
v 0.0521119 -0.291341 -0.0885307
v -0.0477997 0.428807 0.0209339
v 0.0629961 -0.49424 -0.0795055
v -0.0343273 0.39691 0.0355401
v -0.0274347 -0.172747 -0.148934
v 0.051696 -0.18295 -0.143062
v -0.0338512 -0.150693 0.100586
v -0.0789079 0.37156 -0.0673
v 0.0382371 -0.178207 -0.146866
v -0.0803523 0.39814 -0.0679835
v -0.0781799 0.437071 -0.066813
v 0.0759721 0.444108 -0.0739292
v -0.0728698 0.452371 -0.0639147
v 0.0694265 0.461175 -0.0663798
v -0.00827888 0.221813 0.0797965
v -0.0574107 0.473423 -0.0643908
v -0.0518653 0.47866 -0.0643276
v 0.0552818 0.478722 -0.0600997
v 0.0485088 0.482933 -0.0643751
v 0.059218 0.47424 -0.0646385
v 0.0336245 0.491534 -0.0627832
v 0.0229154 0.496141 -0.0599183
v -0.0235543 0.493496 -0.0671813
v -0.102046 -0.493006 -0.0739846
v -0.00891051 0.496 -0.0698952
v -0.01423 0.496656 -0.0630028
v -0.00402939 0.497748 -0.0640092
v 0.00558787 0.497359 -0.0658861
v 0.0200074 -0.173039 -0.146583
v -0.0420256 -0.176064 -0.14893
v -0.0491775 -0.179125 -0.146482
v -0.0571529 -0.183645 -0.141044
v -0.0665424 -0.179366 -0.142177
v 0.0397295 -0.0513915 -0.135879
v 0.0415681 -0.492051 -0.0703195
v 0.0203621 -0.0543891 -0.141121
v 0.0496001 -0.493998 -0.0733578
v -0.138242 -0.131838 -0.0374623
v 0.0743238 0.161249 0.0250792
v -0.141713 0.0545789 -0.0737506
v -0.0350661 -0.493531 -0.0601208
v -0.0278456 -0.0544572 -0.139113
v -0.0683333 0.171798 0.0302405
v 0.12104 -0.481745 -0.0713396
v -0.0369017 -0.485314 -0.075789
v 0.0279473 -0.477578 -0.070108
v 0.0131919 0.0886304 0.0721983
v -0.0267659 -0.466509 -0.0718491
v 0.0268029 0.0832778 0.076344
v 0.0448087 -0.290557 -0.0845484
v -0.0356718 -0.0548426 -0.137282
v -0.122422 -0.450079 -0.0738688
v -0.127597 -0.445262 -0.0697376
v -0.031316 -0.451659 -0.072796
v -0.0297512 -0.443352 -0.0709023
v -0.179882 0.111549 -0.0440848
v 0.120526 -0.457676 -0.0778662
v 0.126175 -0.452251 -0.0714342
v 0.127651 -0.463053 -0.0702084
v 0.0331268 -0.453445 -0.0732628
v 0.125863 -0.443364 -0.0737648
v 0.086306 0.189589 -0.015895
v 0.0404208 0.429011 -0.120507
v 0.0399032 -0.0642926 -0.139418
v -0.033382 -0.437122 -0.07572
v -0.0273532 -0.435176 -0.069893
v 0.109057 -0.310268 -0.0882467
v 0.0284397 -0.0560897 -0.13996
v -0.129772 -0.418026 -0.0716118
v -0.0252608 -0.427074 -0.068346
v 0.0376003 -0.432687 -0.0784821
v -0.10856 -0.0170578 0.0236764
v -0.121874 -0.0851139 0.0356628
v 0.134698 -0.43016 -0.0668689
v -0.0226455 -0.423063 0.0158607
v 0.134111 -0.416501 -0.0686803
v -0.022586 -0.396117 -0.0652184
v 0.0316303 -0.0638823 -0.140947
v -0.12749 -0.404733 -0.0745742
v -0.0374315 0.444369 -0.116404
v -0.0414177 -0.0593331 -0.136703
v 0.0319365 -0.406578 -0.0740983
v -0.258196 0.0797593 0.0549436
v 0.135711 -0.396465 -0.0672435
v -0.236218 0.0355086 -0.0294558
v -0.12243 -0.0583995 0.01567
v -0.0610914 -0.490924 -0.0835278
v 0.130687 -0.382318 -0.0731608
v -0.126723 -0.362779 -0.075158
v -0.119454 -0.0556168 0.023733
v -0.0403636 -0.0671713 -0.139792
v 0.0302183 -0.355713 -0.072571
v 0.0280427 -0.349051 -0.0697478
v -0.256368 0.0901156 0.0702832
v 0.125965 -0.19835 0.0222748
v 0.0237897 -0.330343 -0.0638241
v -0.047697 -0.0648821 -0.136472
v 0.0291259 -0.315479 -0.0712029
v 0.0240242 -0.309412 -0.0644687
v 0.13152 -0.315576 -0.0697151
v -0.0507126 -0.312094 -0.0897379
v -0.0291362 -0.406644 0.0202034
v -0.128471 -0.296329 -0.0690949
v -0.260945 0.0849746 0.0689788
v -0.106565 -0.31287 -0.088633
v -0.0275814 -0.304238 -0.0719829
v 0.119135 -0.372451 -0.083364
v 0.0324542 -0.270658 -0.075487
v 0.0319252 -0.288464 -0.0739664
v 0.0268041 -0.291749 -0.0678486
v -0.0844147 -0.0977471 -0.140244
v -0.0236899 -0.272289 -0.0681203
v -0.0279828 -0.382387 0.0150606
v -0.0233819 -0.264346 -0.0697068
v -0.0284199 -0.271506 -0.0735687
v 0.0272341 -0.274276 -0.0693298
v -0.0246167 -0.256497 -0.0742838
v -0.0934034 -0.112054 -0.139798
v 0.0266369 -0.256592 -0.0738479
v -0.128678 -0.426557 -0.0721142
v -0.117635 -0.236125 -0.0732354
v -0.11646 -0.24523 -0.0750345
v -0.0916833 -0.102697 -0.136725
v -0.0197605 0.405753 0.0391883
v -0.11405 -0.315481 -0.0843904
v 0.103756 -0.000685557 0.0279783
v 0.117446 -0.0489526 0.0310717
v -0.115242 -0.220698 -0.0760762
v 0.0124706 -0.0813534 -0.148402
v 0.128363 -0.21473 -0.0633501
v -0.116559 -0.203856 -0.0766259
v 0.126363 -0.206574 -0.0671185
v 0.122828 -0.214556 -0.0708265
v 0.0945159 -0.145581 -0.142532
v -0.128449 -0.172584 -0.067118
v 0.100343 -0.147174 -0.135426
v -0.123395 -0.164418 -0.0780949
v -0.0862041 -0.165957 -0.140399
v 0.127413 -0.14403 -0.0755398
v -0.124906 -0.124514 -0.072634
v 0.123787 -0.115977 -0.0774802
v -0.0752596 -0.176574 -0.140432
v 0.121723 -0.106029 -0.0792345
v -0.0895594 -0.170322 -0.134132
v 0.121701 -0.0960843 -0.0770952
v -0.121263 -0.0978315 -0.0731996
v 0.120749 -0.086913 -0.0752389
v 0.114541 -0.0583277 -0.0741607
v -0.116873 -0.0759952 -0.0734489
v -0.0797364 -0.180567 -0.13305
v 0.0843702 -0.385925 0.0391458
v -0.12549 -0.387543 -0.0768076
v 0.06286 -0.379049 0.0358198
v -0.0891203 0.0120548 -0.0731663
v 0.0935579 -0.00102501 -0.079096
v 0.0857122 0.027848 -0.0709191
v -0.126931 -0.361466 0.015581
v 0.0892063 0.0302065 -0.0653861
v 0.0811022 0.033468 -0.0745957
v -0.0947892 -0.483532 -0.0899763
v -0.181991 0.0398643 -0.0653592
v -0.17463 0.0346203 -0.0632721
v 0.0928904 -0.384088 0.0378916
v -0.166322 0.0380056 -0.0658483
v -0.16589 0.0452778 -0.0704205
v -0.160023 0.041407 -0.0679733
v 0.079018 -0.174422 -0.140047
v -0.14897 0.049262 -0.0716963
v -0.145944 0.0436143 -0.0670239
v 0.168356 0.0363268 -0.0651128
v 0.102345 -0.315304 -0.0914332
v -0.181004 0.0476596 -0.0692311
v -0.140399 0.0477551 -0.068775
v 0.129828 0.0438374 -0.0616198
v 0.143315 0.0421394 -0.0650818
v 0.148875 0.0455081 -0.0692113
v -0.017437 -0.13708 -0.158842
v 0.00325813 -0.169724 -0.144515
v 0.0116781 -0.171045 -0.145085
v -0.133328 0.0527446 -0.0706268
v -0.00520875 -0.17041 -0.144329
v -0.115369 0.0510554 -0.0647157
v -0.110818 0.0560432 -0.0685028
v -0.0134685 -0.172545 -0.144644
v -0.0716602 -0.182832 -0.136162
v 0.12297 0.045391 -0.0612044
v 0.118765 0.0515069 -0.0664301
v 0.127849 0.0491481 -0.0662675
v -0.0648866 -0.184927 -0.137231
v -0.0201851 0.424172 -0.128382
v 0.0292805 0.418401 -0.126932
v -0.0900073 0.0472029 -0.0658238
v -0.0942174 0.0548111 -0.0687463
v 0.0919755 0.0504831 -0.0690346
v 0.187553 0.0601902 -0.0698032
v -0.127785 -0.376403 0.0166856
v -0.180296 0.0660828 -0.0731158
v -0.186432 0.0792146 -0.0686734
v -0.187547 0.0714197 -0.0697241
v 0.188924 0.068872 -0.069417
v 0.182377 0.0739699 -0.0717448
v 0.189033 0.0771774 -0.0679906
v 0.0435291 -0.34404 -0.0845543
v -0.0257389 -0.366476 0.00993634
v 0.107153 -0.388979 0.034181
v 0.157349 0.111215 -0.0673523
v 0.124628 -0.279979 0.0145051
v 0.142711 0.12157 -0.0658941
v 0.12891 -0.36507 0.0159846
v -0.13102 0.116061 -0.0747445
v -0.11774 0.123215 -0.0735004
v 0.1222 0.124496 -0.0716227
v 0.109869 0.134935 -0.0662933
v 0.0475682 -0.188891 -0.136666
v -0.0323911 -0.13629 0.107079
v -0.00870826 0.428813 0.0362439
v -0.0382042 -0.00456431 0.0898693
v 0.0329236 -0.182563 -0.14231
v -0.0475727 -0.329247 -0.0882607
v 0.10195 0.13303 -0.0702071
v -0.0799886 0.1425 -0.0676959
v 0.0719315 -0.495957 -0.0794371
v -0.0486447 -0.364331 -0.08855
v 0.0130778 -0.0894718 -0.151354
v -0.0732859 0.147862 -0.0677266
v 0.121443 -0.0324637 -0.0288788
v 0.0340795 -0.0161124 0.0955707
v -0.117066 -0.0472763 0.0249163
v -0.111686 -0.0778824 0.0523842
v -0.0638596 0.187774 -0.0740583
v -0.00559739 0.0744092 0.0747965
v 0.074879 0.242868 -0.0639176
v 0.0755077 0.270804 -0.068593
v 0.0745081 0.249624 -0.0652013
v 0.0880249 0.267214 -0.0678842
v -0.0851325 0.271087 -0.0714335
v 0.01879 -0.0764417 -0.146648
v -0.129387 -0.310446 0.00848577
v 0.0963535 0.277076 -0.0672669
v -0.100991 -0.358043 -0.0919921
v 0.078696 -0.37969 0.0382617
v -0.0916769 0.282566 -0.0738896
v -0.173726 0.0188405 0.0241904
v 0.0400357 -0.0990379 -0.15697
v 0.117202 -0.084289 0.0493741
v -0.187793 0.107809 -0.0379546
v -0.0472741 -0.185446 -0.140551
v 0.0855468 0.287486 -0.0765462
v 0.0325533 -0.0781988 -0.146734
v 0.0795624 0.289704 -0.072513
v 0.0733404 0.300784 -0.0729838
v -0.103634 -0.497101 0.015558
v -0.0898908 0.303951 -0.069908
v 0.159979 0.0564447 -0.0754586
v -0.0817559 0.303666 -0.0686042
v -0.00581546 0.426469 -0.130584
v 0.0350954 -0.388354 -0.0775947
v -0.0858173 0.308782 -0.0637906
v -0.120455 -0.304185 0.0177209
v 0.0985106 -0.360198 -0.0933651
v 0.0733959 0.324309 -0.0756308
v 0.0335933 -0.333809 0.015552
v 0.120856 -0.11669 0.0434283
v 0.104022 -0.0372293 0.0500291
v -0.0708189 0.326853 -0.0764157
v -0.0752663 0.347462 -0.071454
v 0.0745367 0.353333 -0.0783907
v -0.0126773 0.420903 -0.13057
v 0.0300653 -0.303295 0.0118315
v 0.0272208 -0.334498 0.00809142
v 0.0797126 0.409419 -0.0786401
v -0.0797678 0.414631 -0.072365
v 0.0811078 0.417527 -0.0749505
v 0.0817117 0.42531 -0.0711844
v -0.0213209 0.432206 -0.126777
v -0.0301461 0.442551 -0.12079
v 0.0718814 0.451196 -0.0767259
v 0.0605639 -0.0887525 -0.148265
v 0.00380186 0.410202 -0.131876
v -0.00352346 0.41717 -0.131716
v -0.0633709 0.463581 -0.0720352
v -0.0638654 0.466442 -0.0643206
v -0.0587659 0.469273 -0.071615
v 0.0592564 0.471646 -0.071332
v 0.0127195 0.412902 -0.130881
v 0.0737585 -0.0818181 0.0952419
v -0.0463622 0.481571 -0.0690605
v 0.01047 0.402595 -0.130368
v -0.0315587 0.489241 -0.070853
v 0.0575953 -0.497452 -0.0717349
v -0.02401 0.490528 -0.0757742
v 0.0889414 -0.0120032 0.0584952
v -0.0907698 -0.496543 -0.0744304
v -0.0858217 -0.498786 -0.0656815
v -0.0722821 -0.49822 -0.0750242
v -0.0413033 -0.384645 -0.0841748
v -0.0579243 -0.498169 -0.0694347
v 0.00319193 0.395116 -0.129554
v 0.0462324 -0.489104 -0.0780647
f 2 10 4
f 2 4 13
f 2 5 10
f 2 16 5
f 13 16 2
f 5489 3 114
f 6165 114 3
f 9719 3 3110
f 9735 3110 3
f 5489 9735 3
f 6165 3 9719
f 4 10 34
f 4 48 13
f 4 34 5118
f 4 5118 48
f 35 10 5
f 5 16 52
f 35 5 24
f 5 52 24
f 6 123 124
f 123 6 180
f 127 6 124
f 133 125 6
f 180 6 125
f 6 127 133
f 7 18 165
f 7 5171 18
f 7 39 204
f 7 269 39
f 269 7 165
f 7 204 5171
f 11 8 9
f 8 19 9
f 37 8 11
f 19 8 20
f 63 20 8
f 63 8 37
f 26 11 9
f 9 19 2754
f 26 9 22
f 2754 22 9
f 45 34 10
f 45 10 35
f 71 11 26
f 37 11 36
f 71 36 11
f 3885 12 1529
f 12 7730 1529
f 1862 8023 12
f 1862 12 10815
f 10815 12 3885
f 8023 7730 12
f 16 13 15
f 48 15 13
f 14 3712 4033
f 5029 3712 14
f 4403 14 4033
f 13575 14 4403
f 5029 14 4899
f 13575 4899 14
f 51 16 15
f 5144 15 48
f 5145 51 15
f 5144 5145 15
f 51 52 16
f 1790 17 5259
f 5634 17 1790
f 5259 17 7359
f 12606 17 5634
f 10479 7359 17
f 12606 10479 17
f 18 5254 165
f 18 5171 166
f 5205 18 166
f 5205 5254 18
f 54 19 20
f 19 54 2754
f 54 20 53
f 63 53 20
f 5326 220 21
f 5873 21 220
f 270 324 21
f 270 21 5327
f 5326 21 324
f 5873 5327 21
f 5158 26 22
f 2754 11879 22
f 5158 22 11879
f 28 250 23
f 28 23 308
f 49 23 250
f 23 49 319
f 23 5186 308
f 5192 23 319
f 5186 23 5192
f 35 24 5126
f 52 5165 24
f 5126 24 5165
f 25 1434 4534
f 25 4632 1434
f 25 4534 10704
f 25 10761 4632
f 25 10704 10761
f 71 26 5169
f 5158 5169 26
f 31 32 27
f 31 27 59
f 32 5130 27
f 86 59 27
f 98 86 27
f 98 27 5130
f 28 5293 250
f 28 308 297
f 28 297 5293
f 12225 29 3760
f 12409 3760 29
f 12004 12007 29
f 12225 12004 29
f 12410 29 12007
f 12409 29 12410
f 30 94 5508
f 30 11345 94
f 8390 30 4903
f 13055 4903 30
f 13055 30 5508
f 8390 11345 30
f 70 32 31
f 60 31 59
f 60 70 31
f 70 75 32
f 75 74 32
f 32 74 5130
f 5259 7359 33
f 12955 5259 33
f 10051 7137 33
f 12955 33 7137
f 7359 11556 33
f 10051 33 11556
f 45 5133 34
f 5133 5118 34
f 45 35 46
f 46 35 5126
f 80 37 36
f 71 5135 36
f 80 36 5136
f 5136 36 5135
f 76 63 37
f 76 37 80
f 11581 3378 38
f 11789 38 3378
f 11581 38 11785
f 11984 11785 38
f 11984 38 11789
f 39 320 204
f 39 218 320
f 5203 218 39
f 269 5210 39
f 5210 5203 39
f 1557 1014 40
f 40 1014 7198
f 1557 40 3828
f 3828 40 7472
f 40 7198 7472
f 41 2734 140
f 10562 41 140
f 8941 2734 41
f 7475 8941 41
f 10564 7475 41
f 10564 41 10562
f 5618 541 42
f 42 541 8429
f 5622 42 4724
f 4724 42 11993
f 5618 42 5622
f 42 8429 11993
f 43 65 91
f 5114 65 43
f 43 68 73
f 43 92 68
f 5114 43 73
f 43 91 92
f 6083 44 987
f 44 11400 987
f 44 1151 4814
f 6083 1151 44
f 10926 44 4814
f 10926 11400 44
f 45 46 5142
f 45 5142 5133
f 46 106 79
f 5142 46 79
f 46 5126 106
f 5842 47 682
f 47 6261 682
f 5841 47 5678
f 5842 5678 47
f 5841 6261 47
f 5164 48 5118
f 5144 48 5164
f 146 319 49
f 146 49 5150
f 207 49 250
f 207 5150 49
f 2415 2893 50
f 2415 50 11771
f 6413 50 2893
f 50 9477 6373
f 11771 50 6373
f 6413 6466 50
f 6466 9477 50
f 5155 52 51
f 5145 5155 51
f 5155 5165 52
f 54 53 11098
f 63 5157 53
f 5157 89 53
f 89 11098 53
f 2754 54 11879
f 54 11098 11879
f 55 6413 2893
f 55 2893 11803
f 55 5189 6413
f 55 13581 5189
f 55 11803 8979
f 55 8979 13581
f 56 5384 268
f 5388 56 268
f 451 56 5115
f 451 5384 56
f 5393 5115 56
f 5388 5393 56
f 1973 57 1993
f 1973 5197 57
f 1993 57 3013
f 3013 57 5151
f 4306 57 5197
f 4306 13598 57
f 13598 5151 57
f 8475 58 7780
f 9132 7780 58
f 9706 58 8475
f 9132 58 9381
f 9706 9381 58
f 60 59 87
f 87 59 86
f 5162 70 60
f 60 87 5188
f 5162 60 5188
f 3402 61 3585
f 12257 61 3402
f 12682 3585 61
f 12257 12686 61
f 12685 12682 61
f 12686 12685 61
f 3336 62 10777
f 3336 11715 62
f 3338 62 9875
f 3338 12117 62
f 62 11715 9875
f 62 12117 10777
f 76 5157 63
f 12685 64 3881
f 12907 3881 64
f 12686 4811 64
f 12907 64 4811
f 12686 64 12685
f 65 5160 91
f 5114 107 65
f 65 107 5160
f 66 4229 4552
f 13054 4229 66
f 66 4339 4343
f 66 4552 4339
f 66 4343 13226
f 13054 66 13226
f 67 5112 5224
f 6205 5112 67
f 67 5224 11449
f 6205 67 9770
f 7403 9770 67
f 7403 67 11449
f 104 73 68
f 5191 68 92
f 5203 104 68
f 5203 68 5191
f 2434 69 2277
f 3781 2277 69
f 2434 2678 69
f 2678 9252 69
f 8879 3781 69
f 8879 69 9252
f 70 101 75
f 5162 101 70
f 71 5169 5135
f 72 7766 5701
f 72 5701 11020
f 72 7753 7766
f 72 10238 7753
f 13579 10238 72
f 13579 72 11020
f 5129 73 104
f 5114 73 5129
f 75 78 74
f 78 5141 74
f 74 5132 5130
f 74 5141 5132
f 75 101 78
f 5167 76 80
f 5167 5157 76
f 77 3691 6757
f 77 12691 3691
f 77 5696 12691
f 77 12693 5696
f 77 6757 6273
f 77 6273 12693
f 5178 78 101
f 5180 5141 78
f 5178 5180 78
f 79 106 5213
f 116 110 79
f 5142 79 110
f 116 79 5213
f 80 5136 117
f 5167 80 117
f 5129 108 81
f 5218 81 108
f 113 81 238
f 5113 81 113
f 5218 238 81
f 5113 5129 81
f 84 129 82
f 2116 84 82
f 82 129 128
f 82 128 130
f 2116 82 130
f 6932 3981 83
f 83 3981 12917
f 4017 6932 83
f 12469 4017 83
f 12469 83 12693
f 12693 83 12917
f 85 144 84
f 85 84 2116
f 84 138 129
f 84 144 138
f 97 144 85
f 97 85 145
f 85 2116 145
f 87 86 5150
f 98 5200 86
f 86 5200 5150
f 5188 87 5150
f 88 2707 6086
f 88 10751 2707
f 88 6086 2904
f 88 2904 10971
f 88 10752 10751
f 88 10971 10752
f 89 150 141
f 89 141 5147
f 89 5240 150
f 89 5147 11098
f 5157 5240 89
f 193 7007 90
f 193 90 7008
f 2971 90 3528
f 2971 7008 90
f 90 10912 3528
f 90 7007 10912
f 92 91 3644
f 4910 3644 91
f 4910 91 5160
f 5191 92 3644
f 93 96 99
f 93 137 96
f 2365 93 99
f 137 93 197
f 93 2365 197
f 1108 10689 94
f 1108 94 11345
f 5508 94 10191
f 94 10689 10191
f 95 11090 3174
f 95 3174 11738
f 95 3177 11101
f 95 11738 3177
f 95 11101 11090
f 99 96 156
f 143 96 137
f 96 143 156
f 97 158 144
f 97 145 5196
f 5873 158 97
f 5873 97 5196
f 98 5130 5177
f 98 5177 5200
f 156 166 99
f 166 5171 99
f 5171 2365 99
f 9656 5709 100
f 100 5709 10760
f 9144 7982 100
f 7982 10611 100
f 9144 100 10760
f 10611 9656 100
f 5162 159 101
f 5178 101 159
f 224 102 105
f 5133 105 102
f 224 160 102
f 5164 102 160
f 5133 102 5118
f 5164 5118 102
f 103 112 5123
f 103 5216 112
f 103 163 172
f 103 5123 163
f 233 103 172
f 233 5216 103
f 5129 104 108
f 5203 108 104
f 5142 110 105
f 110 5207 105
f 224 105 5207
f 5142 105 5133
f 106 5172 167
f 106 167 5213
f 5126 5172 106
f 5160 107 164
f 107 5179 164
f 5113 107 5114
f 5113 5179 107
f 5210 108 5203
f 5218 108 5210
f 7595 3459 109
f 109 3459 11368
f 3528 109 5394
f 3528 10912 109
f 109 11368 5394
f 7595 109 10912
f 116 5212 110
f 110 5212 5207
f 111 6628 8896
f 11127 6628 111
f 11127 111 6928
f 111 12731 6928
f 111 8896 12238
f 111 12238 12731
f 5135 5123 112
f 5136 5135 112
f 5136 112 5223
f 112 5216 5223
f 113 238 5225
f 5113 113 5179
f 113 5225 5179
f 5489 114 4772
f 4772 114 8905
f 6165 8908 114
f 114 8908 8905
f 170 5141 115
f 170 115 5258
f 5180 173 115
f 5263 115 173
f 5180 115 5141
f 5263 5258 115
f 116 5265 5212
f 116 5213 5265
f 229 117 174
f 174 117 5223
f 229 5167 117
f 5136 5223 117
f 2568 9579 118
f 2568 118 9581
f 118 3410 3424
f 118 9580 3410
f 118 3424 9581
f 118 9579 9580
f 121 119 120
f 184 120 119
f 132 119 121
f 200 119 132
f 5299 184 119
f 5299 119 200
f 175 121 120
f 239 175 120
f 185 120 184
f 239 120 185
f 132 121 122
f 175 122 121
f 186 132 122
f 178 122 175
f 186 122 178
f 123 126 124
f 126 123 182
f 123 180 182
f 188 124 126
f 188 127 124
f 187 125 133
f 181 180 125
f 187 181 125
f 5280 126 182
f 240 188 126
f 240 126 5280
f 203 133 127
f 5289 127 188
f 5289 203 127
f 129 243 128
f 130 128 245
f 245 128 243
f 199 129 138
f 199 243 129
f 2116 130 145
f 145 130 5186
f 5186 130 245
f 9037 131 2490
f 2490 131 10768
f 9037 9030 131
f 10852 131 9030
f 131 10441 10768
f 10441 131 10852
f 202 132 186
f 202 200 132
f 194 187 133
f 203 194 133
f 9707 3210 134
f 134 3210 11154
f 3404 9162 134
f 3404 134 9728
f 9707 134 9162
f 134 11154 9728
f 135 1323 6728
f 7010 1323 135
f 6713 7010 135
f 6713 135 13572
f 6714 135 6728
f 6714 13572 135
f 136 5184 2457
f 136 2457 8365
f 3848 5184 136
f 3848 136 7385
f 6283 7385 136
f 6283 136 8365
f 143 137 198
f 137 197 5230
f 137 5230 198
f 144 210 138
f 199 138 210
f 2626 10292 139
f 2626 139 12494
f 4469 2747 139
f 12494 139 2747
f 4469 139 3018
f 3018 139 10292
f 9971 140 2734
f 3248 9970 140
f 3248 140 9971
f 10562 140 9970
f 255 141 150
f 214 151 141
f 5147 141 151
f 141 255 214
f 142 247 197
f 197 2365 142
f 316 142 204
f 142 5171 204
f 142 316 247
f 2365 5171 142
f 143 12446 156
f 143 198 157
f 143 157 12446
f 158 210 144
f 5196 145 5186
f 146 222 319
f 5206 222 146
f 5200 146 5150
f 5206 146 5200
f 252 148 147
f 5155 147 148
f 252 147 160
f 5164 160 147
f 5144 147 5145
f 5144 5164 147
f 5145 147 5155
f 5155 148 149
f 148 5247 149
f 5298 148 252
f 309 5247 148
f 148 5298 309
f 161 5172 149
f 5247 161 149
f 5155 149 5165
f 149 5172 5165
f 150 5315 255
f 5240 261 150
f 5315 150 261
f 151 214 1054
f 1054 5169 151
f 5158 5147 151
f 5158 151 5169
f 12739 152 2665
f 13048 2665 152
f 8697 152 9221
f 13048 152 8697
f 152 10598 9221
f 12739 10598 152
f 216 153 164
f 4910 164 153
f 217 209 153
f 209 3644 153
f 216 217 153
f 4910 153 3644
f 154 3982 4710
f 154 12923 3982
f 154 4710 12930
f 7263 154 12694
f 7263 12923 154
f 154 12930 12694
f 155 162 9198
f 9551 162 155
f 6765 1063 155
f 1063 9551 155
f 6765 155 1064
f 155 9198 1064
f 12446 166 156
f 205 157 198
f 205 219 157
f 5205 157 219
f 12446 157 5205
f 5245 210 158
f 5245 158 220
f 5873 220 158
f 212 159 208
f 5162 208 159
f 223 159 212
f 5178 159 223
f 224 258 160
f 252 160 258
f 231 167 161
f 167 5172 161
f 271 231 161
f 5247 271 161
f 805 162 6288
f 805 11718 162
f 9551 6288 162
f 162 11718 9198
f 163 169 172
f 169 163 216
f 216 163 214
f 214 163 1054
f 1054 163 5123
f 216 164 169
f 169 164 5179
f 4910 5160 164
f 269 165 325
f 165 5390 325
f 165 5254 5390
f 12446 5205 166
f 5213 167 231
f 229 168 5167
f 5388 168 229
f 168 268 5240
f 5388 268 168
f 168 5157 5167
f 168 5240 5157
f 169 237 172
f 237 169 5225
f 169 5179 5225
f 170 5132 5141
f 170 5253 5132
f 170 5257 5253
f 170 5258 5257
f 276 173 171
f 5180 171 173
f 223 228 171
f 5178 223 171
f 171 228 276
f 5178 171 5180
f 233 172 328
f 237 328 172
f 276 5262 173
f 5263 173 5262
f 229 174 5267
f 236 174 5216
f 5267 174 236
f 174 5223 5216
f 4432 178 175
f 239 4432 175
f 5344 206 176
f 5446 176 206
f 5348 176 341
f 5446 341 176
f 5345 5344 176
f 5348 5345 176
f 1469 177 1335
f 177 6477 1335
f 1469 10986 177
f 177 6475 6477
f 177 6480 6475
f 177 10986 6480
f 241 186 178
f 241 178 5274
f 5274 178 4432
f 2457 179 900
f 3747 900 179
f 2457 11683 179
f 3747 179 11968
f 11683 4605 179
f 179 4605 11968
f 5277 180 181
f 5277 182 180
f 242 181 187
f 242 5277 181
f 287 182 5277
f 287 5280 182
f 5346 337 183
f 5439 183 337
f 5346 183 8517
f 12262 183 5439
f 10072 8517 183
f 10072 183 12262
f 5283 185 184
f 5299 5283 184
f 239 185 5271
f 5282 5271 185
f 5283 5282 185
f 5301 202 186
f 241 5301 186
f 194 5232 187
f 242 187 5232
f 240 5284 188
f 5289 188 5284
f 4032 189 3636
f 4370 3636 189
f 4032 4825 189
f 4370 189 4202
f 4202 189 8033
f 8033 189 4825
f 190 831 6100
f 6318 831 190
f 6318 190 956
f 6529 956 190
f 6317 190 6100
f 6529 190 6317
f 191 792 677
f 191 677 6025
f 191 6024 792
f 191 4251 6023
f 4251 191 6025
f 191 6023 6024
f 10780 192 5396
f 13194 5396 192
f 10247 9953 192
f 13194 192 9953
f 10255 10247 192
f 10780 10255 192
f 2996 193 2921
f 6366 2921 193
f 2996 7007 193
f 6366 193 7008
f 253 194 203
f 253 5232 194
f 7869 195 7696
f 11316 7696 195
f 7869 10417 195
f 10193 7888 195
f 7888 11316 195
f 10193 195 10417
f 3243 196 3288
f 5402 196 3243
f 196 5394 3288
f 7591 5394 196
f 7872 196 5402
f 7872 7591 196
f 5230 197 247
f 5317 205 198
f 5317 198 5230
f 199 210 5319
f 199 5291 243
f 199 5319 5291
f 5313 200 202
f 310 5299 200
f 310 200 5313
f 8452 1109 201
f 201 1109 11687
f 8426 7224 201
f 8452 201 7224
f 8426 201 7278
f 201 11687 7278
f 5313 202 5301
f 253 203 246
f 246 203 5289
f 320 316 204
f 5318 219 205
f 5317 317 205
f 5318 205 317
f 410 206 4783
f 410 11266 206
f 4783 206 5344
f 11266 5446 206
f 207 249 208
f 5188 207 208
f 249 207 250
f 5188 5150 207
f 251 212 208
f 249 251 208
f 5162 5188 208
f 5237 209 217
f 5191 209 218
f 209 5237 218
f 5191 3644 209
f 5245 5319 210
f 1283 4893 211
f 5584 1283 211
f 3699 4250 211
f 3699 211 4893
f 4250 5623 211
f 5584 211 5623
f 212 224 223
f 224 212 258
f 251 258 212
f 213 2691 3038
f 213 10730 2691
f 213 3038 11198
f 3039 10733 213
f 3039 213 11198
f 213 10733 10730
f 216 214 5233
f 214 255 5233
f 6224 694 215
f 6930 215 694
f 1718 215 5665
f 9598 215 1718
f 6930 5665 215
f 9598 6224 215
f 216 5233 217
f 217 5233 5236
f 5237 217 5236
f 257 320 218
f 257 218 5237
f 5203 5191 218
f 219 321 5256
f 321 219 5318
f 5205 219 5254
f 5256 5254 219
f 5245 220 5859
f 220 5326 5859
f 221 5174 1049
f 221 1049 5660
f 6931 2251 221
f 221 2251 12695
f 221 12695 5174
f 6931 221 5660
f 270 222 5257
f 270 5327 222
f 5327 319 222
f 5253 222 5206
f 5253 5257 222
f 5207 223 224
f 223 5207 228
f 4928 225 11384
f 4928 12124 225
f 4929 225 12124
f 4929 13464 225
f 13459 11384 225
f 13464 13459 225
f 1116 7566 226
f 8972 1116 226
f 5504 226 7566
f 5504 10051 226
f 8972 226 6525
f 6525 226 11556
f 10051 11556 226
f 227 3786 4017
f 227 4858 3786
f 12469 227 4017
f 6724 4858 227
f 6724 227 12266
f 12469 12266 227
f 228 277 276
f 228 5212 277
f 228 5207 5212
f 5393 229 5267
f 229 5393 5388
f 269 325 230
f 269 230 5210
f 5407 230 325
f 5218 230 392
f 5407 392 230
f 5218 5210 230
f 5391 231 271
f 5331 5213 231
f 5331 231 5391
f 3540 232 6542
f 10428 232 3540
f 6526 232 11539
f 11956 232 6526
f 11956 6542 232
f 11539 232 10428
f 233 236 5216
f 233 5404 236
f 233 328 5404
f 392 234 238
f 238 234 2771
f 392 5336 234
f 234 5334 2771
f 5336 5334 234
f 2304 10209 235
f 2304 235 10264
f 9307 9305 235
f 9536 235 9305
f 9307 235 10209
f 9536 10264 235
f 5269 5267 236
f 5269 236 5404
f 237 282 328
f 2771 282 237
f 2771 237 5225
f 5218 392 238
f 238 2771 5225
f 239 5857 4432
f 239 5271 5857
f 289 240 5280
f 289 5284 240
f 285 241 5274
f 285 5358 241
f 5358 5301 241
f 286 242 244
f 244 242 5232
f 286 5277 242
f 296 245 243
f 296 243 5291
f 286 244 5483
f 5380 435 244
f 244 435 5483
f 5380 244 5232
f 296 308 245
f 5186 245 308
f 253 246 312
f 246 303 367
f 246 5289 303
f 246 367 312
f 247 316 306
f 5230 247 306
f 3706 6412 248
f 3706 248 9230
f 6612 248 6412
f 248 6612 11878
f 248 12081 9230
f 248 11878 12081
f 249 250 5293
f 5295 251 249
f 298 249 5293
f 298 5295 249
f 5296 258 251
f 5296 251 5295
f 5296 252 258
f 252 5296 5298
f 5380 253 312
f 5380 5232 253
f 3297 3032 254
f 254 3032 10943
f 3297 254 12223
f 254 10943 11394
f 254 11394 11799
f 254 11799 12223
f 5235 5233 255
f 5315 5235 255
f 314 257 256
f 257 5237 256
f 5368 314 256
f 256 5237 5236
f 256 5236 5359
f 5368 256 5359
f 314 315 257
f 257 315 320
f 3780 1758 259
f 12911 259 1758
f 3884 3780 259
f 3884 259 12912
f 12911 12912 259
f 531 453 260
f 260 453 4428
f 531 260 10704
f 260 4428 4540
f 260 4540 4633
f 260 4633 10704
f 261 5240 268
f 261 268 5384
f 5375 261 362
f 261 5384 362
f 5315 261 5375
f 6647 3501 262
f 11118 262 3501
f 9795 6647 262
f 9795 262 11851
f 11118 11434 262
f 11434 11851 262
f 3979 263 327
f 12920 327 263
f 263 6002 3559
f 12920 263 3559
f 3979 12913 263
f 12913 6002 263
f 5400 264 3201
f 264 7118 3201
f 5400 4145 264
f 10447 264 4145
f 264 10921 7118
f 10447 10921 264
f 1263 265 10821
f 1263 10955 265
f 10821 265 4904
f 10979 4904 265
f 5161 4905 265
f 10979 265 4905
f 5161 265 10955
f 370 318 266
f 5859 266 318
f 5326 323 266
f 5500 266 323
f 266 5500 370
f 266 5859 5326
f 267 271 5247
f 267 5502 271
f 309 364 267
f 309 267 5247
f 267 364 447
f 267 447 5502
f 275 326 270
f 275 270 5257
f 270 326 324
f 5391 271 5502
f 6185 809 272
f 272 809 6392
f 5965 272 5964
f 11077 5964 272
f 6185 272 5965
f 11077 272 6392
f 273 4813 1100
f 273 1100 11459
f 273 11508 4813
f 273 10942 5525
f 273 5525 11508
f 273 11459 10942
f 274 987 1544
f 274 4867 987
f 274 1544 1495
f 274 1495 1553
f 274 1553 9645
f 274 9645 4867
f 275 5258 278
f 275 278 5409
f 275 5409 326
f 275 5257 5258
f 5401 276 277
f 5401 5262 276
f 280 277 5265
f 5399 277 280
f 5265 277 5212
f 5401 277 5399
f 279 278 5263
f 279 5409 278
f 5263 278 5258
f 279 5263 5262
f 279 5262 5412
f 279 5676 5409
f 279 5412 5676
f 329 379 280
f 329 280 5331
f 5399 280 379
f 280 5265 5331
f 4404 7526 281
f 4404 281 9082
f 281 9902 6829
f 281 6829 12545
f 7526 11265 281
f 9082 281 12545
f 11265 9902 281
f 328 282 5405
f 5334 331 282
f 331 5405 282
f 2771 5334 282
f 3646 9461 283
f 3646 283 12702
f 283 12253 5349
f 283 5349 12702
f 283 9461 12253
f 285 284 5650
f 285 5857 284
f 344 422 284
f 344 284 5272
f 284 422 5650
f 284 5857 5272
f 285 5274 5857
f 285 5650 5358
f 286 287 5277
f 286 5475 287
f 286 5483 5475
f 287 288 5280
f 287 5475 288
f 288 424 289
f 288 289 5280
f 288 5475 424
f 289 424 291
f 289 291 5284
f 292 438 290
f 292 290 5282
f 347 400 290
f 347 290 433
f 290 400 5282
f 290 438 433
f 291 431 355
f 355 5284 291
f 291 424 430
f 291 430 431
f 301 365 292
f 301 292 5283
f 438 292 365
f 292 5282 5283
f 293 439 375
f 293 375 5301
f 293 556 439
f 293 5650 556
f 293 5301 5358
f 293 5358 5650
f 366 5268 294
f 12240 366 294
f 5930 294 5268
f 5930 12710 294
f 12240 294 12710
f 296 295 358
f 296 5291 295
f 442 295 307
f 5291 307 295
f 358 295 443
f 443 295 442
f 296 358 308
f 297 308 358
f 297 358 5362
f 5293 297 5294
f 297 5362 5294
f 298 5293 5294
f 298 5294 5355
f 5297 5295 298
f 5297 298 5355
f 5296 5295 299
f 5297 299 5295
f 5298 5296 299
f 5297 5365 299
f 5309 5298 299
f 5309 299 5371
f 299 5365 5371
f 300 336 5341
f 300 5348 336
f 300 5337 5340
f 300 5341 5337
f 300 5340 5342
f 300 5342 5348
f 310 301 5299
f 310 5379 301
f 301 5379 365
f 301 5283 5299
f 313 5337 302
f 313 302 5339
f 302 335 5339
f 5440 335 302
f 302 5337 12281
f 5440 302 5338
f 302 12281 5338
f 303 355 361
f 5284 355 303
f 303 361 367
f 303 5289 5284
f 304 356 5367
f 304 5375 356
f 5315 304 5235
f 304 5359 5235
f 5315 5375 304
f 304 5367 5359
f 3328 2828 305
f 305 2828 11055
f 3328 305 5303
f 11887 5303 305
f 11471 305 11055
f 11887 305 11471
f 316 315 306
f 5377 306 315
f 5317 306 368
f 5377 368 306
f 5317 5230 306
f 318 370 307
f 5319 318 307
f 370 442 307
f 5291 5319 307
f 5309 364 309
f 5309 309 5298
f 311 310 5313
f 311 5379 310
f 375 360 311
f 311 360 5383
f 311 5313 375
f 311 5383 5379
f 312 367 449
f 5380 312 440
f 312 5497 440
f 312 449 5497
f 313 333 5340
f 313 5432 333
f 313 5340 5337
f 313 5339 5432
f 5377 315 314
f 5368 5491 314
f 5377 314 5491
f 320 315 316
f 369 317 368
f 5317 368 317
f 369 452 317
f 5318 317 452
f 5245 318 5319
f 5245 5859 318
f 5192 319 5327
f 373 322 321
f 322 5256 321
f 373 321 5318
f 373 5505 322
f 378 5397 322
f 378 322 5505
f 5397 5256 322
f 374 323 324
f 323 5326 324
f 374 458 323
f 458 5500 323
f 374 324 326
f 363 325 5390
f 363 5407 325
f 374 326 5511
f 5511 326 5409
f 6700 3979 327
f 327 5455 6698
f 12920 5455 327
f 6700 327 6698
f 328 5405 5404
f 329 376 379
f 329 5391 376
f 329 5331 5391
f 11982 330 9661
f 9661 330 12202
f 11575 10818 330
f 10818 12202 330
f 11575 330 11783
f 11982 11783 330
f 5334 332 331
f 331 332 5520
f 331 5517 5405
f 331 5520 5517
f 382 332 5336
f 382 11950 332
f 5336 332 5334
f 11950 5520 332
f 5340 333 5343
f 333 5431 5343
f 333 5421 5431
f 5432 5421 333
f 8465 334 340
f 340 334 12281
f 408 5338 334
f 5449 408 334
f 334 5338 12281
f 8465 5449 334
f 5423 5339 335
f 5430 5423 335
f 5430 335 5437
f 5440 5437 335
f 342 5350 336
f 342 336 10997
f 5350 5341 336
f 336 5348 10997
f 5343 337 5342
f 5345 5342 337
f 5439 337 5343
f 5346 5345 337
f 4783 5344 338
f 5443 4783 338
f 5346 338 5344
f 5346 8517 338
f 5443 338 5435
f 8517 5435 338
f 339 958 6324
f 6809 958 339
f 339 6324 1085
f 6812 339 1085
f 6812 6809 339
f 340 5341 5350
f 340 12281 5341
f 7822 340 5350
f 7822 8465 340
f 5348 341 10997
f 7984 341 5446
f 7984 11977 341
f 11977 10997 341
f 342 5351 5350
f 342 13251 5351
f 342 10997 10853
f 342 10853 13251
f 6901 4671 343
f 4671 12407 343
f 6901 343 12703
f 6903 9515 343
f 6903 343 12407
f 343 9515 12703
f 400 347 344
f 344 347 5648
f 344 5272 400
f 344 5648 422
f 345 1946 1947
f 345 8208 1946
f 8214 345 1947
f 345 7388 7934
f 8214 7388 345
f 345 7934 8208
f 346 5354 5355
f 346 5356 5354
f 5364 346 5355
f 346 5471 5356
f 5469 346 5364
f 5469 5471 346
f 347 433 554
f 347 554 5648
f 3118 348 9460
f 3118 13437 348
f 348 12705 9460
f 9505 12705 348
f 9505 348 13437
f 3789 5628 349
f 3789 349 12941
f 5286 12941 349
f 5286 349 12950
f 5628 12950 349
f 5359 5367 350
f 5368 5359 350
f 5478 350 5367
f 5852 5368 350
f 5479 350 5478
f 5852 350 5479
f 356 351 5367
f 5487 351 356
f 5478 5367 351
f 5478 351 5477
f 5486 5477 351
f 5487 5486 351
f 2092 3996 352
f 2092 352 5159
f 3890 5159 352
f 8668 3890 352
f 12240 352 3996
f 8668 352 12710
f 12240 12710 352
f 550 5640 353
f 550 353 5654
f 5362 353 5364
f 5362 5654 353
f 5469 5364 353
f 5469 353 5640
f 354 5365 5366
f 5371 5365 354
f 354 5366 5481
f 5372 5371 354
f 5645 5372 354
f 5645 354 5481
f 441 361 355
f 431 432 355
f 441 355 432
f 5375 5376 356
f 5487 356 5376
f 357 428 5812
f 5852 428 357
f 5492 357 551
f 5813 551 357
f 5492 5852 357
f 5813 357 5812
f 358 443 5654
f 5362 358 5654
f 444 364 359
f 5309 359 364
f 438 444 359
f 438 359 5372
f 5309 5371 359
f 5372 359 5371
f 360 375 439
f 360 439 5827
f 360 669 5664
f 360 5827 669
f 5383 360 5664
f 450 367 361
f 446 361 441
f 450 361 446
f 446 441 362
f 441 5376 362
f 446 362 5384
f 5375 362 5376
f 459 382 363
f 382 5407 363
f 5395 459 363
f 5395 363 5390
f 444 447 364
f 365 444 438
f 365 448 444
f 5379 448 365
f 4956 12959 366
f 4956 366 13173
f 12959 5268 366
f 12240 13173 366
f 450 449 367
f 368 9555 369
f 9555 368 5377
f 566 452 369
f 5666 566 369
f 5666 369 9555
f 370 5661 442
f 370 5500 5661
f 371 567 448
f 5383 371 448
f 371 5833 567
f 5383 5664 371
f 371 5664 5833
f 3894 12718 372
f 13183 3894 372
f 4094 372 3998
f 13177 3998 372
f 13183 372 4094
f 13177 372 12718
f 373 5318 452
f 373 452 5832
f 373 5832 5505
f 374 8105 458
f 374 5511 8105
f 375 5313 5301
f 379 376 5512
f 5391 5502 376
f 5502 5835 376
f 5835 5512 376
f 377 5115 406
f 377 406 5403
f 456 5115 377
f 456 377 6025
f 377 5403 461
f 6025 377 461
f 571 378 5505
f 571 5509 378
f 378 5395 5397
f 378 5509 5395
f 5399 379 5515
f 379 5512 5515
f 5515 462 380
f 462 11321 380
f 5401 5399 380
f 5399 5515 380
f 5401 380 5412
f 5412 380 11321
f 3239 3486 381
f 12000 3239 381
f 381 3486 4584
f 381 4584 11821
f 381 11821 11818
f 12000 381 11818
f 2173 382 459
f 2173 11950 382
f 382 5336 5407
f 383 572 5674
f 383 5676 572
f 383 5511 5409
f 383 5409 5676
f 383 5674 5511
f 3791 384 6878
f 3791 9001 384
f 5588 6878 384
f 5588 384 12727
f 12493 384 9001
f 12493 12727 384
f 461 5403 385
f 5844 461 385
f 463 385 5517
f 5844 385 463
f 5514 385 5403
f 5514 5517 385
f 386 391 5415
f 386 5558 391
f 386 5555 488
f 386 488 5558
f 386 5415 5567
f 5725 5555 386
f 5725 386 5567
f 387 390 397
f 387 5415 390
f 387 397 5576
f 387 5567 5415
f 387 5576 5567
f 12727 388 625
f 625 388 12729
f 388 12370 3706
f 388 3706 12729
f 12493 12370 388
f 12493 388 12727
f 893 6206 389
f 11636 893 389
f 6202 389 5980
f 11834 5980 389
f 11636 389 6202
f 6206 11834 389
f 390 5415 391
f 390 391 5569
f 390 516 397
f 390 517 516
f 390 5569 517
f 391 5558 501
f 391 501 5569
f 5407 5336 392
f 399 393 396
f 5419 396 393
f 399 398 393
f 398 5582 393
f 5418 5419 393
f 5418 393 5582
f 502 491 394
f 5418 394 491
f 502 394 5578
f 518 5578 394
f 518 394 5582
f 5418 5582 394
f 5419 491 395
f 5560 395 491
f 494 395 493
f 493 395 5563
f 5419 395 494
f 5560 5563 395
f 399 396 5579
f 5419 494 396
f 494 5571 396
f 5571 5579 396
f 397 516 520
f 5944 397 520
f 5944 5576 397
f 523 398 399
f 527 398 523
f 527 5587 398
f 398 5587 5582
f 524 523 399
f 524 399 5579
f 400 5272 5271
f 400 5271 5282
f 5420 401 11346
f 12262 401 5420
f 5421 401 5431
f 5421 11346 401
f 5439 5431 401
f 12262 5439 401
f 5422 402 663
f 11379 663 402
f 5425 402 5422
f 5425 6186 402
f 6186 5593 402
f 11235 402 5593
f 11235 11379 402
f 5423 403 5339
f 5432 5339 403
f 5424 403 5423
f 5424 6186 403
f 5432 403 8847
f 6186 8847 403
f 530 404 5603
f 530 13556 404
f 5424 5423 404
f 404 5423 5430
f 5424 404 13556
f 404 5430 5438
f 5603 404 5438
f 5427 5428 405
f 5427 405 9337
f 5428 5596 405
f 405 5596 5597
f 405 5597 10129
f 405 10129 9337
f 5393 406 5115
f 5269 406 5267
f 5393 5267 406
f 5269 5403 406
f 5437 407 5438
f 5437 5441 407
f 5606 5438 407
f 5612 407 5441
f 5609 5606 407
f 5612 5609 407
f 5449 411 408
f 408 411 7543
f 5440 5338 408
f 5440 408 5441
f 408 7543 5441
f 5442 409 5443
f 5611 409 5442
f 5443 409 5447
f 5447 409 5451
f 5614 5451 409
f 5611 5614 409
f 5447 410 4783
f 5310 410 5452
f 5310 11266 410
f 5447 5452 410
f 5449 12254 411
f 5621 7543 411
f 12254 5621 411
f 5451 412 5452
f 5617 412 5451
f 12204 5452 412
f 5617 5620 412
f 12220 412 5620
f 12220 12204 412
f 413 434 2062
f 413 4883 434
f 413 2062 1989
f 413 1989 7589
f 413 4915 4883
f 413 7589 4915
f 414 5572 483
f 414 483 12738
f 12308 5572 414
f 8110 414 5575
f 414 12738 5575
f 8110 12308 414
f 6605 6152 415
f 6152 7093 415
f 6605 415 12304
f 12964 415 7093
f 415 8338 12304
f 12964 8338 415
f 12064 2440 416
f 12285 416 2440
f 12064 416 6182
f 6182 416 12706
f 6557 416 12285
f 6557 12706 416
f 417 5736 2155
f 417 2155 6310
f 3004 5736 417
f 3004 417 5739
f 417 10863 5739
f 417 6310 10863
f 5631 1674 418
f 11003 418 1674
f 5631 418 8828
f 11000 8828 418
f 10516 11000 418
f 11003 10516 418
f 549 419 5640
f 5805 419 549
f 5469 419 5471
f 5469 5640 419
f 419 5636 5471
f 5805 5636 419
f 420 5356 5471
f 420 5472 5356
f 420 5471 5636
f 420 5637 5472
f 420 5636 5637
f 421 553 5481
f 5814 553 421
f 421 5481 5472
f 421 5472 5637
f 5809 421 5637
f 5814 421 5809
f 422 668 556
f 422 556 5650
f 422 5819 668
f 422 5648 5819
f 429 423 5483
f 429 6007 423
f 5475 5483 423
f 5651 5475 423
f 5651 423 5822
f 5822 423 6007
f 5651 430 424
f 5651 424 5475
f 425 11629 3398
f 425 3398 12029
f 425 3493 11629
f 425 12450 3493
f 425 12029 6274
f 425 6274 12450
f 426 563 5548
f 11031 563 426
f 3241 426 3148
f 426 5548 3148
f 3241 5530 426
f 5530 11031 426
f 548 427 5638
f 548 5639 427
f 427 5478 5477
f 427 5477 5638
f 5479 5478 427
f 5479 427 5639
f 5479 5639 428
f 5852 5479 428
f 5639 5812 428
f 440 429 435
f 435 429 5483
f 561 429 440
f 561 6007 429
f 558 431 430
f 557 558 430
f 5651 557 430
f 431 5488 432
f 558 5488 431
f 441 432 5376
f 5487 5376 432
f 5488 5487 432
f 433 438 5372
f 433 5645 554
f 433 5372 5645
f 2062 434 4557
f 434 2063 2071
f 434 4883 2063
f 434 2071 4557
f 5380 440 435
f 6874 475 436
f 12735 436 475
f 3902 2305 436
f 2305 4909 436
f 3902 436 5586
f 6874 436 4909
f 12735 5586 436
f 470 4738 437
f 470 437 4882
f 437 4788 500
f 437 500 4882
f 437 4738 4789
f 437 4789 4788
f 5827 439 556
f 561 440 5497
f 443 442 5824
f 6003 442 5661
f 6003 5824 442
f 443 5655 5654
f 443 5824 5655
f 448 447 444
f 4107 445 590
f 445 4460 590
f 5792 445 4107
f 5156 4460 445
f 5156 445 9241
f 5792 9241 445
f 451 450 446
f 451 446 5384
f 447 448 567
f 447 567 455
f 5502 447 455
f 5383 448 5379
f 450 568 449
f 565 449 568
f 565 5497 449
f 450 451 569
f 450 569 568
f 456 569 451
f 456 451 5115
f 566 5832 452
f 531 4420 453
f 4428 453 4299
f 453 12423 4299
f 4420 12423 453
f 570 454 458
f 458 454 5500
f 570 678 454
f 454 678 673
f 454 673 5661
f 454 5661 5500
f 455 567 676
f 455 676 679
f 5835 455 679
f 5502 455 5835
f 456 677 569
f 456 6025 677
f 571 5505 457
f 571 457 5837
f 675 457 5832
f 675 6250 457
f 5505 5832 457
f 6250 5837 457
f 570 458 8105
f 2173 459 5839
f 5395 5509 459
f 5839 459 5509
f 5835 679 460
f 679 11545 460
f 7948 460 3634
f 11545 3634 460
f 5835 460 5512
f 5512 460 7948
f 5844 4251 461
f 6025 461 4251
f 5515 7948 462
f 5842 462 5678
f 7948 5678 462
f 5842 11321 462
f 463 5520 464
f 463 464 5681
f 463 5517 5520
f 463 5681 13209
f 5844 463 13209
f 11950 464 5520
f 5847 5681 464
f 5847 464 11950
f 466 467 465
f 466 465 12146
f 465 467 5523
f 465 5523 5682
f 465 5682 11308
f 465 11308 12146
f 5689 467 466
f 5535 466 474
f 474 466 12146
f 5535 5536 466
f 5689 466 5536
f 705 467 5689
f 705 8182 467
f 467 8056 5523
f 8182 8056 467
f 3621 468 842
f 468 9302 842
f 3621 6163 468
f 4437 468 5198
f 4437 9302 468
f 468 6163 5198
f 476 4515 469
f 476 469 12136
f 469 2952 5539
f 5684 2952 469
f 4515 12063 469
f 12136 469 5539
f 5684 469 12063
f 470 4884 4738
f 470 4882 11798
f 7620 4884 470
f 7620 470 11798
f 472 2849 471
f 5690 472 471
f 471 575 576
f 471 2849 575
f 471 576 577
f 5690 471 577
f 472 5541 2849
f 5533 5542 472
f 5533 472 5690
f 472 5542 5541
f 708 580 473
f 580 5691 473
f 708 473 5690
f 5533 473 5543
f 5533 5690 473
f 5543 473 5691
f 5535 474 479
f 479 474 5545
f 474 12146 5545
f 6874 5583 475
f 7882 475 5583
f 7882 6405 475
f 12735 475 6405
f 476 5524 4515
f 476 5547 5524
f 476 12135 5547
f 476 12136 12135
f 12233 477 4916
f 12967 4916 477
f 6874 477 5583
f 12965 5583 477
f 12967 477 6874
f 12233 12965 477
f 5533 478 5542
f 5533 5543 478
f 478 5551 5542
f 5543 5552 478
f 478 5703 5551
f 478 5552 5703
f 4598 5695 479
f 4598 479 5697
f 5535 479 5695
f 479 5545 5697
f 480 12121 5545
f 480 5545 12146
f 480 5547 5700
f 480 11308 5547
f 480 5700 12121
f 480 12146 11308
f 481 483 12734
f 481 12738 483
f 481 12734 13196
f 13199 12738 481
f 481 13196 13473
f 13199 481 13200
f 481 13473 13200
f 482 4896 2362
f 482 2362 13201
f 13199 4896 482
f 482 5575 12738
f 482 13201 5575
f 13199 482 12738
f 3708 483 5572
f 3708 12734 483
f 484 996 1061
f 484 13161 996
f 484 1061 6655
f 484 6655 4088
f 9759 484 4088
f 9759 13161 484
f 5710 485 5549
f 12136 5549 485
f 5908 485 5710
f 9619 485 5908
f 10179 485 9619
f 10179 12136 485
f 10165 486 507
f 486 11747 507
f 1252 2063 486
f 4841 1252 486
f 2063 11747 486
f 4841 486 10165
f 547 4536 487
f 547 487 12666
f 4424 4421 487
f 4421 12666 487
f 4424 487 10383
f 4637 487 4536
f 4637 10383 487
f 488 593 5558
f 5711 593 488
f 5711 488 5555
f 489 501 5558
f 5927 501 489
f 731 489 593
f 489 5558 593
f 731 6127 489
f 5927 489 6129
f 489 6127 6129
f 699 3346 490
f 699 490 4889
f 13206 490 3346
f 4554 12741 490
f 13206 4554 490
f 4889 490 12741
f 502 5560 491
f 5418 491 5419
f 502 492 5560
f 5733 492 502
f 594 5560 492
f 594 492 6130
f 5733 5928 492
f 6130 492 5928
f 5728 494 493
f 597 493 5563
f 5728 493 597
f 5728 5571 494
f 5728 597 495
f 597 6123 495
f 613 495 612
f 612 495 6133
f 5728 495 613
f 6133 495 6123
f 496 503 500
f 496 500 4788
f 503 496 4880
f 496 529 4880
f 496 7209 529
f 496 4788 4614
f 496 4614 7209
f 499 497 498
f 600 498 497
f 5564 497 499
f 600 497 599
f 5735 599 497
f 5735 497 5564
f 499 498 5715
f 602 498 600
f 602 5716 498
f 498 5716 5715
f 5564 499 508
f 508 499 5724
f 499 5715 5724
f 500 503 4882
f 1996 5569 501
f 1996 501 5927
f 5733 502 5578
f 503 4880 13096
f 503 13404 4882
f 503 13096 13404
f 504 519 512
f 504 512 5718
f 5580 519 504
f 5580 504 5573
f 5573 504 5721
f 504 5718 5721
f 5143 7521 505
f 5143 505 11304
f 7521 5461 505
f 5461 12733 505
f 11304 505 11482
f 12733 11482 505
f 532 506 2433
f 532 12745 506
f 506 8843 2433
f 13480 8843 506
f 13206 506 12745
f 13480 506 13206
f 4787 507 522
f 13284 522 507
f 10165 507 4787
f 13284 507 11747
f 620 508 630
f 5564 508 620
f 5738 630 508
f 5738 508 5724
f 609 509 515
f 5576 515 509
f 509 609 610
f 5725 509 610
f 5576 509 5567
f 5725 5567 509
f 3904 12088 510
f 3904 510 12747
f 510 12088 12085
f 510 12085 13379
f 12747 510 12506
f 510 13379 12506
f 613 605 511
f 5734 511 605
f 613 511 5571
f 618 5585 511
f 618 511 5734
f 511 5579 5571
f 511 5585 5579
f 512 519 5742
f 512 618 5734
f 512 5742 618
f 512 5734 5718
f 513 607 619
f 5573 607 513
f 513 619 628
f 513 628 627
f 5580 513 627
f 5580 5573 513
f 514 2399 2404
f 514 3801 2399
f 12747 514 2404
f 9500 3801 514
f 9500 514 12506
f 12747 12506 514
f 515 616 609
f 6153 616 515
f 5944 515 5576
f 5944 6153 515
f 516 517 5751
f 5948 520 516
f 5948 516 5751
f 5577 517 5569
f 5577 5751 517
f 624 5578 518
f 624 518 5945
f 635 518 5587
f 635 5945 518
f 518 5582 5587
f 519 632 631
f 519 631 5742
f 5580 632 519
f 11916 5944 520
f 5948 9711 520
f 11916 520 9711
f 521 2202 4096
f 13191 2202 521
f 521 4096 4092
f 13189 521 4092
f 13190 521 13189
f 13191 521 13190
f 562 522 3688
f 4787 522 562
f 4914 3688 522
f 4914 522 13284
f 636 523 524
f 5758 527 523
f 636 5758 523
f 636 524 637
f 637 524 5585
f 524 5579 5585
f 525 1017 768
f 525 768 9818
f 11305 1017 525
f 525 9818 5300
f 525 5300 11121
f 11305 525 11121
f 7599 765 526
f 7620 526 765
f 1447 2918 526
f 526 11766 1447
f 7599 526 2918
f 11766 526 7620
f 5753 5587 527
f 5753 527 6171
f 6171 527 5758
f 528 663 11379
f 528 12514 663
f 528 12333 5759
f 528 5759 12514
f 528 11379 5760
f 528 5760 12333
f 529 542 4880
f 9193 542 529
f 7209 4662 529
f 9193 529 4662
f 530 5767 5594
f 530 5594 13556
f 530 5603 5604
f 530 5604 5767
f 531 4418 4420
f 531 4534 4418
f 531 10704 4534
f 532 2433 12749
f 532 12744 12504
f 532 12504 12745
f 532 12749 12744
f 533 595 3469
f 533 12194 595
f 12143 3152 533
f 3152 12194 533
f 533 3469 12193
f 12143 533 12193
f 534 574 3045
f 534 4295 574
f 534 3045 4538
f 12389 4295 534
f 534 4538 4423
f 12389 534 4423
f 536 535 645
f 536 5608 535
f 645 535 8723
f 8723 535 5601
f 12133 5601 535
f 5608 12133 535
f 536 645 7560
f 536 5611 5608
f 536 5613 5611
f 536 7560 5613
f 5610 5609 537
f 12122 537 5609
f 5610 537 5774
f 5970 5774 537
f 5970 537 9899
f 537 6770 9899
f 12122 6770 537
f 538 540 5617
f 538 5783 540
f 538 5614 5613
f 538 5613 5776
f 538 5617 5614
f 538 5776 5783
f 539 3907 12365
f 3907 539 12368
f 539 5568 6776
f 539 12365 5568
f 7052 539 6776
f 7052 12368 539
f 540 5620 5617
f 540 11839 5620
f 540 5783 5975
f 540 5975 11839
f 5618 5621 541
f 5621 8435 541
f 8429 541 12092
f 8435 12092 541
f 4878 7290 542
f 542 9208 4878
f 7290 4880 542
f 9208 542 9193
f 649 543 5474
f 649 8719 543
f 543 11276 5474
f 543 5729 5626
f 543 5626 11276
f 543 8719 5729
f 2133 1065 544
f 7136 544 1065
f 4840 2133 544
f 4840 544 10865
f 4911 10865 544
f 12594 4911 544
f 7136 12594 544
f 545 8424 5629
f 13337 545 5629
f 545 5730 5632
f 545 5632 8424
f 545 11985 5730
f 13337 11985 545
f 546 653 6011
f 546 11087 653
f 546 6011 5987
f 546 5987 11091
f 546 6221 11087
f 546 11091 6221
f 4417 547 12666
f 12834 547 4417
f 4631 4536 547
f 4631 547 12834
f 548 5638 13075
f 548 5811 5639
f 11563 5811 548
f 11563 548 13075
f 550 549 5640
f 6450 549 550
f 5805 549 5806
f 6450 5806 549
f 550 5654 5655
f 6417 550 5655
f 6417 6450 550
f 560 552 551
f 5492 551 552
f 560 551 778
f 5813 778 551
f 560 782 552
f 6006 552 782
f 5658 5492 552
f 5658 552 6006
f 554 553 555
f 554 5645 553
f 555 553 779
f 779 553 5814
f 5645 5481 553
f 555 5648 554
f 908 555 779
f 908 1032 555
f 5819 555 1032
f 5648 555 5819
f 5827 556 668
f 557 662 558
f 662 557 780
f 5822 780 557
f 5651 5822 557
f 558 662 5818
f 558 5818 5488
f 2438 5378 559
f 2438 559 12155
f 559 5378 12201
f 6864 559 10766
f 6864 12155 559
f 10766 559 12201
f 6231 560 778
f 560 6448 782
f 6231 1028 560
f 560 1028 6448
f 561 670 4168
f 561 5497 670
f 561 4168 6007
f 4785 562 1065
f 7136 1065 562
f 7136 562 3688
f 4785 4657 562
f 4787 562 4657
f 563 2969 10547
f 11027 2969 563
f 5548 563 10547
f 11031 11027 563
f 2137 564 2248
f 4735 564 2137
f 2248 564 11140
f 4840 564 4735
f 4840 10860 564
f 10860 11140 564
f 565 568 674
f 565 672 670
f 565 670 5497
f 565 674 672
f 675 566 790
f 675 5832 566
f 566 5830 790
f 5666 5830 566
f 5833 676 567
f 568 569 674
f 569 677 674
f 570 920 678
f 570 12084 920
f 570 8105 12084
f 571 980 5509
f 571 5837 980
f 5674 572 6030
f 11321 572 5676
f 5842 6030 572
f 5842 572 11321
f 5841 3634 573
f 11545 573 3634
f 5841 573 6260
f 6262 573 6020
f 6020 573 11545
f 6262 6260 573
f 574 4532 3045
f 12937 574 4295
f 4415 4532 574
f 12937 4415 574
f 575 5885 576
f 575 2849 5532
f 575 5532 2952
f 5684 575 2952
f 5684 5885 575
f 819 577 576
f 819 576 10577
f 10577 576 5885
f 708 5690 577
f 708 577 6076
f 6076 577 819
f 5536 579 578
f 6067 578 579
f 5689 5536 578
f 5880 5689 578
f 5880 578 6067
f 709 579 5889
f 709 6067 579
f 5890 579 5536
f 5890 5889 579
f 580 581 5691
f 580 6080 581
f 708 6077 580
f 580 6077 6080
f 581 583 5694
f 581 6082 583
f 581 5694 5691
f 581 6080 6082
f 582 3541 658
f 582 658 6304
f 582 3642 3455
f 582 3455 11757
f 582 11757 3541
f 582 6304 3642
f 712 583 823
f 712 5894 583
f 583 6082 823
f 583 5894 5694
f 584 586 9368
f 9703 586 584
f 9703 584 6385
f 6385 584 12096
f 12517 584 9368
f 12517 12096 584
f 585 1452 614
f 10856 585 614
f 585 4782 1452
f 1702 10139 585
f 10856 1702 585
f 585 10139 4782
f 586 590 9368
f 586 13218 590
f 3908 586 9703
f 3908 13218 586
f 587 11870 5905
f 587 5905 12984
f 587 9619 5907
f 587 5907 11870
f 587 10179 9619
f 587 12984 10179
f 588 5553 5702
f 588 5710 5553
f 5704 588 5702
f 5704 5901 588
f 5909 5710 588
f 5901 5909 588
f 5551 5703 589
f 5551 589 5704
f 5703 6091 589
f 5900 5704 589
f 5900 589 6093
f 589 6091 6093
f 4107 590 13218
f 9368 590 4460
f 4402 591 727
f 727 591 5854
f 795 4172 591
f 4402 795 591
f 13366 591 4172
f 13366 5854 591
f 592 1147 4569
f 6722 1147 592
f 592 4569 3283
f 3283 5653 592
f 4444 592 5653
f 4444 12057 592
f 12057 6722 592
f 731 593 730
f 5711 730 593
f 594 5563 5560
f 594 6122 5563
f 594 6121 6122
f 594 6130 6121
f 595 7350 3469
f 595 7277 7350
f 595 11981 7277
f 12194 11981 595
f 3411 596 3389
f 13217 3389 596
f 3411 5468 596
f 4188 596 5468
f 4188 13489 596
f 13489 13217 596
f 597 5563 6122
f 597 6122 6123
f 598 3914 4829
f 598 11763 3914
f 598 4006 12775
f 598 13236 4006
f 598 4829 13236
f 598 12775 11763
f 600 599 737
f 5735 615 599
f 599 615 6136
f 599 6136 737
f 602 600 854
f 600 737 854
f 2178 3726 601
f 3922 2178 601
f 12346 601 3726
f 3922 601 12794
f 12795 601 12346
f 12794 601 12795
f 602 854 855
f 602 855 856
f 602 856 5716
f 610 609 603
f 5715 603 609
f 728 610 603
f 728 603 6338
f 856 603 5716
f 856 6338 603
f 5715 5716 603
f 740 604 5719
f 6140 604 740
f 5925 604 860
f 860 604 6140
f 5717 5719 604
f 5925 5717 604
f 613 612 605
f 740 605 612
f 740 5719 605
f 5719 5734 605
f 736 607 606
f 606 607 5721
f 736 606 735
f 5925 735 606
f 5717 606 5721
f 5925 606 5717
f 736 619 607
f 5573 5721 607
f 3586 608 4161
f 12042 608 3586
f 3780 4161 608
f 3780 608 12459
f 12042 12041 608
f 12041 12459 608
f 5724 609 616
f 5724 5715 609
f 728 5726 610
f 5725 610 5726
f 4425 706 611
f 10589 611 706
f 4425 611 7474
f 611 12221 7474
f 10589 12331 611
f 611 12331 12221
f 740 612 734
f 734 612 6133
f 5728 613 5571
f 614 643 4876
f 614 8658 643
f 1452 8658 614
f 10856 614 4876
f 5735 747 615
f 615 747 6145
f 6136 615 6142
f 615 6145 6142
f 5738 616 748
f 748 616 6153
f 5738 5724 616
f 1634 617 13016
f 1634 13018 617
f 10957 12568 617
f 13018 10957 617
f 13016 617 12568
f 618 626 5585
f 618 5742 626
f 5936 628 619
f 741 619 736
f 5936 619 741
f 620 630 629
f 620 629 747
f 5735 620 747
f 5735 5564 620
f 3831 621 12807
f 13032 621 3831
f 4137 621 4024
f 13032 4024 621
f 4137 13288 621
f 621 13288 12807
f 749 622 623
f 5577 623 622
f 638 5751 622
f 6164 638 622
f 749 6164 622
f 5577 622 5751
f 749 623 6146
f 1996 2039 623
f 1996 623 5577
f 2039 6146 623
f 5733 5578 624
f 5740 5733 624
f 5740 624 5938
f 624 5945 5938
f 625 5590 3997
f 12728 625 3997
f 625 12729 5590
f 12727 625 12728
f 752 626 631
f 626 5742 631
f 626 637 5585
f 626 6157 637
f 752 6157 626
f 746 627 628
f 756 632 627
f 5580 627 632
f 756 627 746
f 872 746 628
f 5936 872 628
f 629 630 755
f 629 9549 747
f 629 755 9549
f 6151 755 630
f 5738 6151 630
f 757 631 632
f 757 752 631
f 757 632 756
f 1693 12808 633
f 1693 633 13289
f 12163 3929 633
f 13289 633 3929
f 12582 12163 633
f 12582 633 12808
f 634 4228 3570
f 634 3570 11930
f 634 4338 4228
f 634 4347 4338
f 634 11792 4347
f 634 11930 11792
f 635 5753 875
f 635 875 5945
f 635 5587 5753
f 636 637 6172
f 636 6170 5758
f 636 6172 6170
f 637 6157 6172
f 758 638 6164
f 758 9711 638
f 5948 5751 638
f 5948 638 9711
f 639 6325 1903
f 12584 639 1903
f 639 3639 6325
f 9650 3639 639
f 9650 639 3930
f 12584 3930 639
f 12812 640 4027
f 13038 4027 640
f 8886 640 12587
f 13038 640 8886
f 12812 12587 640
f 641 5760 11939
f 12431 5760 641
f 641 5764 5956
f 641 11939 5764
f 12431 641 5956
f 642 883 5957
f 642 11848 883
f 642 5949 11848
f 642 12120 5949
f 642 5957 5951
f 642 5951 12120
f 6075 4876 643
f 5955 643 5995
f 6075 643 5955
f 5995 643 8658
f 644 5770 5774
f 10357 5770 644
f 644 5774 11845
f 6184 5965 644
f 10357 644 5965
f 6184 644 11845
f 645 9646 7560
f 645 8723 12015
f 645 12015 9646
f 646 4026 648
f 646 648 12814
f 646 5506 4026
f 646 9547 5506
f 646 12199 9547
f 646 12814 12199
f 6191 647 5782
f 6770 5782 647
f 6191 6190 647
f 6190 8771 647
f 6770 647 9899
f 8771 9899 647
f 2696 648 13296
f 13554 648 2696
f 13296 648 4026
f 13554 12814 648
f 649 5981 4167
f 649 4167 6208
f 649 5474 12006
f 649 12006 5981
f 649 6208 8719
f 650 5787 5731
f 650 5731 11607
f 650 8990 5787
f 5977 9422 650
f 5977 650 11607
f 650 9422 8990
f 659 651 5088
f 659 10657 651
f 5060 12528 651
f 5060 651 12529
f 651 12528 5088
f 10657 12529 651
f 652 2967 654
f 5801 652 654
f 8363 2967 652
f 5801 11953 652
f 7307 8363 652
f 7307 652 11953
f 653 11969 6011
f 11589 8281 653
f 653 8281 11969
f 11589 653 11087
f 2967 6427 654
f 5801 654 7321
f 7321 654 6425
f 11395 6425 654
f 11395 654 6427
f 655 5803 5802
f 655 5802 5805
f 655 11088 5803
f 655 5805 5806
f 655 5806 11562
f 655 11562 11088
f 5809 656 5675
f 5675 656 6430
f 5804 5803 656
f 656 5803 6429
f 5809 5804 656
f 656 6429 6430
f 3544 3546 657
f 3544 657 3836
f 3546 12176 657
f 12823 3836 657
f 12373 657 12176
f 12373 12823 657
f 3541 12168 658
f 3734 6304 658
f 12199 3734 658
f 12347 658 12168
f 12199 658 12347
f 659 5088 5086
f 659 5086 5798
f 659 5798 12576
f 659 12576 10657
f 6434 660 777
f 660 12639 777
f 660 778 5813
f 6434 778 660
f 660 5812 5811
f 660 5811 12639
f 660 5813 5812
f 10124 661 692
f 10828 692 661
f 661 10840 4875
f 661 4875 10847
f 10124 10840 661
f 10828 661 10847
f 909 662 780
f 5990 662 909
f 662 1841 5818
f 5990 1841 662
f 5422 663 5589
f 12514 5589 663
f 6843 664 9471
f 6843 12067 664
f 664 8688 9471
f 664 9659 8688
f 664 12292 9659
f 12067 12292 664
f 910 780 665
f 5822 665 780
f 910 665 786
f 5823 786 665
f 5823 665 4168
f 4168 665 6007
f 5822 6007 665
f 783 4495 666
f 5824 783 666
f 4342 666 4495
f 4342 6417 666
f 666 5655 5824
f 6417 5655 666
f 10810 667 684
f 12975 684 667
f 963 667 5055
f 963 12975 667
f 667 12939 5055
f 10810 12553 667
f 12553 12939 667
f 5827 668 788
f 6237 788 668
f 6237 668 5819
f 5827 788 669
f 6244 669 788
f 6016 5664 669
f 6244 6016 669
f 5823 670 672
f 5823 4168 670
f 671 2314 5607
f 12730 2314 671
f 671 7768 3062
f 12730 671 3062
f 7536 671 5607
f 7536 7768 671
f 6017 672 674
f 5823 672 6243
f 6017 6243 672
f 912 673 678
f 6010 673 912
f 6003 5661 673
f 6010 6003 673
f 6017 674 677
f 675 790 6247
f 675 6247 6250
f 6020 679 676
f 5833 791 676
f 791 6020 676
f 6017 677 792
f 793 912 678
f 793 678 920
f 6020 11545 679
f 4836 680 1452
f 1452 680 8658
f 680 1465 4874
f 9153 1465 680
f 4836 9153 680
f 680 4874 8658
f 681 919 1045
f 681 5837 919
f 681 1741 980
f 681 980 5837
f 681 1045 1046
f 681 1046 1741
f 796 682 1047
f 796 6030 682
f 1047 682 6261
f 5842 682 6030
f 794 6023 683
f 794 683 6471
f 6023 5848 683
f 6032 683 5848
f 6032 6471 683
f 12596 684 5054
f 12973 5054 684
f 12596 10810 684
f 12975 12973 684
f 687 3826 685
f 5849 687 685
f 5864 685 700
f 5865 700 685
f 3826 11928 685
f 5849 685 5864
f 5865 685 11928
f 686 4924 5590
f 686 13193 4924
f 12729 686 5590
f 9230 686 12729
f 9230 12732 686
f 12732 13193 686
f 6035 3826 687
f 5849 5850 687
f 5850 6035 687
f 800 688 11211
f 800 11742 688
f 5851 688 5858
f 5851 6038 688
f 11742 5858 688
f 6038 11211 688
f 1121 7149 689
f 7153 1121 689
f 1398 689 7149
f 1398 10346 689
f 7153 689 9736
f 9736 689 10346
f 1783 4052 690
f 1783 690 9292
f 3072 690 2883
f 2883 690 4052
f 3072 5557 690
f 690 5557 5193
f 9292 690 5193
f 691 801 696
f 691 696 6056
f 691 6041 801
f 691 6050 6041
f 691 6055 6050
f 691 6056 6055
f 4873 692 1048
f 10828 1048 692
f 4872 692 4873
f 4872 10130 692
f 10130 10124 692
f 5858 693 5867
f 11742 693 5858
f 8341 693 5860
f 11742 5860 693
f 6671 5867 693
f 8341 6671 693
f 6224 9600 694
f 6930 694 12697
f 12697 694 9600
f 11250 695 4171
f 4171 695 12873
f 4524 4174 695
f 4174 12873 695
f 4524 695 11250
f 5871 701 696
f 6056 696 701
f 5856 696 801
f 5856 5871 696
f 5858 5867 697
f 11928 5858 697
f 5865 697 7009
f 5865 11928 697
f 5875 697 5867
f 5875 7009 697
f 698 12596 5077
f 698 5077 13518
f 698 5100 12596
f 698 12673 5100
f 698 12746 12673
f 698 13518 12746
f 699 2354 4101
f 699 4889 2354
f 699 4101 3346
f 10717 5864 700
f 5865 7009 700
f 8309 700 7009
f 10717 700 8309
f 11084 701 5871
f 6056 701 6060
f 6060 701 6284
f 6284 701 11084
f 702 765 798
f 702 4884 765
f 702 798 4844
f 702 2046 4738
f 702 4844 2046
f 702 4738 4884
f 703 709 941
f 703 6067 709
f 703 815 6067
f 703 6771 815
f 703 941 1067
f 703 1067 6771
f 6763 704 5994
f 11563 5994 704
f 6763 6223 704
f 6223 12639 704
f 11563 704 12639
f 705 5880 817
f 705 817 8182
f 705 5689 5880
f 4425 4539 706
f 10589 706 4533
f 4533 706 10620
f 706 4539 10620
f 12166 707 5030
f 707 13619 5030
f 12166 5061 707
f 13207 707 5061
f 13207 13223 707
f 13223 13619 707
f 708 6076 6077
f 709 710 941
f 709 5889 710
f 710 5889 711
f 710 711 6305
f 710 949 941
f 710 6305 949
f 711 825 6305
f 9172 825 711
f 711 5889 5893
f 9172 711 5893
f 712 823 951
f 712 951 6790
f 712 6308 5894
f 712 6790 6308
f 7870 2744 713
f 713 2744 10913
f 7870 713 11215
f 713 10913 13041
f 11215 713 13041
f 6095 829 714
f 6314 714 829
f 6092 5898 714
f 6095 714 5898
f 6314 6092 714
f 715 720 5910
f 715 6098 720
f 715 5901 5900
f 715 5900 6094
f 715 5910 5901
f 715 6094 6098
f 3604 5903 716
f 3604 716 11852
f 716 5903 5904
f 716 5904 5905
f 11870 716 5905
f 11852 716 11870
f 717 5908 5909
f 717 11876 5908
f 717 5909 5910
f 717 5910 5913
f 717 5913 10085
f 717 10085 10925
f 717 10925 11876
f 718 4559 5484
f 12028 4559 718
f 718 5484 6633
f 718 6626 5521
f 12028 718 5521
f 718 6633 6626
f 13154 719 5033
f 719 13578 5033
f 13197 5034 719
f 719 5034 13578
f 13151 719 13154
f 13151 13197 719
f 720 833 5913
f 720 6319 833
f 720 5913 5910
f 720 6098 6319
f 721 722 724
f 6107 722 721
f 721 724 5915
f 6107 721 958
f 6324 958 721
f 6324 721 5915
f 722 725 724
f 722 838 725
f 9929 838 722
f 6107 9929 722
f 13027 5031 723
f 5031 13028 723
f 13027 723 5032
f 5032 723 13114
f 13028 12184 723
f 12184 13114 723
f 724 725 6116
f 5915 724 6119
f 724 6116 6119
f 725 838 841
f 725 841 6113
f 725 6113 6116
f 6118 726 848
f 726 6119 848
f 726 5915 6119
f 6324 5915 726
f 6324 726 6118
f 1729 727 4174
f 1729 11068 727
f 727 5854 4174
f 11068 4402 727
f 728 971 6329
f 728 6338 971
f 728 6329 5726
f 13312 729 8479
f 8479 729 13383
f 13028 13214 729
f 13028 729 13312
f 13383 729 13214
f 858 731 730
f 850 730 849
f 5711 849 730
f 858 730 850
f 858 6127 731
f 732 897 6211
f 732 11429 897
f 732 6211 5727
f 732 5727 11604
f 732 6416 11429
f 732 11604 6416
f 851 6130 733
f 6850 851 733
f 5740 733 5928
f 6856 733 5740
f 733 6130 5928
f 6850 733 6856
f 6140 740 734
f 973 734 6133
f 973 6561 734
f 6140 734 6561
f 6335 736 735
f 5925 860 735
f 860 6564 735
f 6335 735 6564
f 741 736 6335
f 6328 854 737
f 6136 6138 737
f 6138 6328 737
f 859 986 738
f 859 738 6129
f 738 986 869
f 738 869 6146
f 738 2039 6129
f 738 6146 2039
f 739 4721 6398
f 6897 4721 739
f 739 6398 7190
f 6897 739 11175
f 739 7190 11174
f 11175 739 11174
f 981 741 6335
f 981 6343 741
f 5936 741 6343
f 934 3720 742
f 934 742 13312
f 4992 742 3720
f 4992 13058 742
f 13152 12184 742
f 12184 13312 742
f 13152 742 13058
f 764 4546 743
f 10082 764 743
f 11071 743 4546
f 10082 743 4835
f 10839 4835 743
f 11071 10839 743
f 868 744 995
f 6145 744 868
f 744 998 995
f 744 6355 998
f 6145 9549 744
f 9991 6355 744
f 9549 9991 744
f 745 5938 750
f 745 750 6574
f 745 5740 5938
f 745 6856 5740
f 6863 745 6574
f 6863 6856 745
f 756 746 753
f 746 6575 753
f 872 6575 746
f 6145 747 9549
f 748 6153 873
f 748 873 6359
f 5738 748 6151
f 6151 748 6359
f 749 871 880
f 749 6146 871
f 749 880 6164
f 750 5945 875
f 6365 750 875
f 750 5938 5945
f 6365 6574 750
f 751 4677 3090
f 5526 751 3090
f 13434 4677 751
f 5526 10932 751
f 13433 751 10932
f 13434 751 13433
f 877 752 757
f 877 6159 752
f 752 6159 6157
f 756 753 1003
f 1003 753 6369
f 6369 753 1121
f 753 6575 1121
f 4561 754 1019
f 754 11778 1019
f 4561 5627 754
f 5627 6583 754
f 6583 7573 754
f 754 7573 7575
f 754 7575 11778
f 6151 6360 755
f 6357 755 6360
f 6357 9991 755
f 9549 755 9991
f 757 756 1003
f 877 757 1003
f 758 6167 4114
f 11664 758 4114
f 758 6164 6167
f 11664 9711 758
f 1494 759 764
f 764 759 4546
f 1145 4546 759
f 4870 1145 759
f 1494 10817 759
f 10817 4870 759
f 5949 11420 760
f 11848 5949 760
f 6175 760 6377
f 6175 11848 760
f 6376 6377 760
f 6376 760 11420
f 5964 761 5771
f 761 10400 5771
f 11077 761 5964
f 6258 761 6388
f 6258 10400 761
f 11077 6388 761
f 762 5013 834
f 762 834 13223
f 762 13159 5013
f 762 13207 13159
f 762 13223 13207
f 763 5957 883
f 7075 763 883
f 763 10515 5957
f 763 5960 5958
f 763 5958 10515
f 11080 5960 763
f 7075 11080 763
f 1494 764 10080
f 8745 10080 764
f 8745 764 10082
f 7599 798 765
f 7620 765 4884
f 766 887 5969
f 11454 887 766
f 766 922 11454
f 766 11658 922
f 766 5969 5967
f 766 5967 11658
f 767 5968 5969
f 9623 5968 767
f 6187 767 5969
f 6403 767 6187
f 6403 6193 767
f 6193 9623 767
f 6406 768 1017
f 6195 5973 768
f 9818 768 5973
f 6406 6195 768
f 769 5975 5974
f 769 5974 11647
f 13627 5975 769
f 6199 11646 769
f 6199 769 11647
f 13627 769 11646
f 836 770 774
f 13232 774 770
f 836 12053 770
f 12265 770 12053
f 12265 12781 770
f 13232 770 12781
f 4051 1748 771
f 5073 771 1748
f 3152 771 9518
f 3152 13081 771
f 4051 771 13081
f 5073 9518 771
f 12701 1049 772
f 772 1049 13161
f 5035 772 13161
f 5035 13162 772
f 12701 772 9594
f 9594 772 13162
f 773 5987 1656
f 9058 773 1656
f 773 11091 5987
f 5988 7113 773
f 5988 773 9058
f 7113 11091 773
f 836 774 784
f 12536 784 774
f 12536 774 12905
f 13232 12905 774
f 5990 775 1841
f 775 5993 1841
f 6439 775 5990
f 775 13098 5993
f 6439 11079 775
f 775 11079 13098
f 6222 6763 776
f 10899 6222 776
f 776 6763 13098
f 10899 776 6941
f 6941 776 11079
f 776 13098 11079
f 6434 777 3477
f 6945 3477 777
f 6945 777 6223
f 777 12639 6223
f 6231 778 6434
f 908 779 907
f 907 779 3589
f 3589 779 5814
f 910 909 780
f 4510 781 2629
f 2629 781 13496
f 781 12138 3523
f 781 3523 13496
f 4510 13227 781
f 781 13222 12138
f 13227 13222 781
f 6006 782 6013
f 11002 6013 782
f 11002 782 6448
f 783 913 4495
f 783 6010 913
f 783 5824 6003
f 783 6003 6010
f 836 784 894
f 784 12980 894
f 12567 784 12536
f 784 12567 12980
f 840 785 1508
f 840 10817 785
f 10806 785 1494
f 1494 785 10817
f 10785 1508 785
f 10806 10785 785
f 1035 910 786
f 1035 786 1184
f 1037 1184 786
f 1037 786 6243
f 5823 6243 786
f 12831 787 789
f 789 787 13319
f 12832 3940 787
f 787 3940 13319
f 12831 5485 787
f 12832 787 5485
f 6237 6456 788
f 6244 788 6456
f 789 4795 4407
f 789 4407 13318
f 789 13319 4795
f 12831 789 13318
f 6241 790 5830
f 6241 6247 790
f 5833 6016 791
f 6245 791 6016
f 12433 6020 791
f 6245 12433 791
f 917 6017 792
f 917 792 6024
f 793 1039 912
f 793 920 6464
f 793 1041 1039
f 793 6464 1041
f 6024 6023 794
f 6259 6024 794
f 6259 794 13175
f 13175 794 6471
f 13632 4172 795
f 4283 795 11206
f 4283 13632 795
f 4402 11206 795
f 796 1047 1203
f 6256 796 1203
f 796 11199 6030
f 6256 11199 796
f 1206 6471 797
f 10909 1206 797
f 797 6471 6032
f 11130 797 6032
f 10909 797 7034
f 797 11750 7034
f 11130 11750 797
f 948 1976 798
f 7599 948 798
f 798 1976 4844
f 9351 799 6857
f 6857 799 12200
f 6858 799 9351
f 12286 799 6858
f 12200 799 12622
f 12286 12622 799
f 804 800 6270
f 804 11742 800
f 800 6486 6270
f 800 11211 6486
f 6041 803 801
f 6043 801 803
f 5856 801 6043
f 802 10185 5887
f 802 5887 10734
f 802 8357 10169
f 802 10734 8357
f 802 10169 10185
f 6041 6266 803
f 6265 6043 803
f 6265 803 6264
f 6266 6264 803
f 807 5860 804
f 6272 807 804
f 804 5860 11742
f 6272 804 6270
f 805 2657 5875
f 805 6288 2657
f 805 5875 6671
f 805 6671 11718
f 806 930 6050
f 806 6490 930
f 806 6055 935
f 806 935 6278
f 806 6050 6055
f 806 6278 6490
f 6062 807 808
f 6272 808 807
f 807 812 5860
f 6062 812 807
f 932 6062 808
f 932 808 11229
f 6489 808 6272
f 6489 11229 808
f 809 886 938
f 6185 886 809
f 809 938 11070
f 6392 809 11070
f 810 1594 816
f 810 816 6374
f 12091 1594 810
f 3666 810 9301
f 3666 12091 810
f 810 6374 9301
f 9303 3650 811
f 811 3650 12137
f 811 12137 5089
f 12183 811 5089
f 9303 811 6836
f 12183 6836 811
f 812 939 5860
f 812 6289 939
f 6063 812 6062
f 6063 6289 812
f 813 3303 2563
f 813 2563 9565
f 9846 3303 813
f 10127 813 9565
f 11657 9846 813
f 11657 813 10127
f 1710 5128 814
f 12830 1710 814
f 4377 814 5128
f 4377 6749 814
f 6749 6741 814
f 12830 814 6741
f 6067 815 6070
f 6070 815 6772
f 815 6771 6772
f 4249 816 1594
f 4030 6374 816
f 13566 4030 816
f 13566 816 4249
f 817 6507 943
f 817 943 8182
f 5880 6070 817
f 6070 6507 817
f 1743 1920 818
f 4283 1743 818
f 818 1920 4282
f 13630 818 4282
f 4283 818 13632
f 13632 818 13630
f 6076 819 1070
f 819 6785 1070
f 819 11514 6785
f 819 10577 11514
f 6058 820 1070
f 6076 1070 820
f 6058 7073 820
f 6077 6076 820
f 7069 6077 820
f 7069 820 7073
f 821 1292 1281
f 821 1281 4870
f 821 4566 1292
f 4869 4566 821
f 4869 821 10726
f 821 4870 10726
f 947 822 1072
f 947 6082 822
f 7069 1072 822
f 6080 6077 822
f 7069 822 6077
f 6082 6080 822
f 947 823 6082
f 947 6511 823
f 951 823 6511
f 2760 824 6443
f 2760 9428 824
f 4003 824 8969
f 4003 11864 824
f 5252 6443 824
f 5252 824 11864
f 824 9428 8969
f 825 6515 6125
f 825 6125 12524
f 825 12524 6305
f 9172 6515 825
f 6087 6308 826
f 6087 826 6516
f 6308 6794 826
f 826 7384 6516
f 826 6794 7382
f 826 7382 7384
f 827 4598 9314
f 827 10324 4598
f 6311 6090 827
f 6090 10324 827
f 6311 827 6092
f 6092 827 9314
f 830 6094 828
f 6523 830 828
f 828 6094 6093
f 6313 828 6093
f 6517 828 6313
f 6520 828 6517
f 6520 6523 828
f 6095 831 829
f 6527 829 831
f 6314 829 6519
f 6799 6519 829
f 6799 829 6527
f 1079 6106 830
f 1079 830 6523
f 830 6098 6094
f 830 6106 6098
f 6095 3604 831
f 6100 831 3604
f 6318 6527 831
f 5912 6102 832
f 11852 5912 832
f 6317 6100 832
f 6100 11852 832
f 6528 832 6102
f 6317 832 6528
f 957 1716 833
f 957 833 6319
f 10085 833 1716
f 5913 833 10085
f 5013 4988 834
f 4988 12385 834
f 834 12385 5826
f 13223 834 5826
f 6712 835 1191
f 835 6727 1191
f 6714 835 6712
f 6714 6728 835
f 835 7032 6727
f 835 6728 7032
f 3330 836 894
f 3330 12053 836
f 837 8496 5149
f 837 5149 11350
f 11460 8488 837
f 837 8488 12248
f 837 12248 8496
f 11460 837 11350
f 1084 841 838
f 1084 838 6536
f 6536 838 9929
f 839 4297 2951
f 839 2951 13415
f 3977 12908 839
f 3977 839 13415
f 839 13402 4297
f 839 12908 13402
f 840 1508 10728
f 10705 10726 840
f 10705 840 10728
f 840 10726 10817
f 1084 6817 841
f 841 6117 6113
f 841 6817 6117
f 3621 842 11838
f 4148 4859 842
f 9302 4148 842
f 4859 11838 842
f 4082 843 12917
f 4082 13410 843
f 12693 843 5696
f 13150 5696 843
f 12693 12917 843
f 13150 843 13410
f 1153 3456 844
f 1153 844 9431
f 3066 9431 844
f 3066 844 10531
f 844 3456 5688
f 844 5688 10531
f 3404 845 9162
f 11161 845 3404
f 9710 9162 845
f 9239 9710 845
f 9239 845 11161
f 2241 846 4292
f 2241 10964 846
f 4292 846 4324
f 8942 846 4320
f 846 10964 4320
f 846 6581 4324
f 8942 6581 846
f 5821 847 966
f 6545 966 847
f 5821 6119 847
f 847 6119 6116
f 6545 847 6116
f 965 848 967
f 965 6118 848
f 848 5821 967
f 848 6119 5821
f 850 849 6551
f 5711 5726 849
f 849 5726 6329
f 849 6329 6551
f 858 850 6834
f 850 6551 6832
f 850 6832 6834
f 851 6121 6130
f 851 6556 6121
f 851 6555 6556
f 6850 6555 851
f 11037 5882 852
f 11348 852 5882
f 8505 852 7301
f 11348 7301 852
f 11037 852 8505
f 973 853 1101
f 973 6133 853
f 1101 853 6558
f 853 6133 6123
f 853 6123 11337
f 6558 853 11337
f 854 970 855
f 854 6826 970
f 6328 6826 854
f 6549 856 855
f 855 970 6547
f 6549 855 6547
f 6549 6338 856
f 968 1509 857
f 968 857 10728
f 6026 857 1509
f 6026 1552 857
f 1552 10705 857
f 10705 10728 857
f 858 6128 6127
f 858 6834 6128
f 859 6849 986
f 859 6127 6128
f 859 6129 6127
f 859 6128 6849
f 860 6140 1103
f 860 1103 6564
f 861 5312 7538
f 861 12839 5312
f 5891 7539 861
f 5891 861 7619
f 861 7538 7619
f 861 7539 12839
f 4083 862 3883
f 5462 3883 862
f 4764 862 4083
f 4764 13155 862
f 5462 862 12919
f 13155 12919 862
f 6336 1095 863
f 863 1095 6823
f 6138 863 6328
f 6138 6336 863
f 6328 863 6824
f 6824 863 6823
f 976 6336 864
f 976 864 6347
f 6136 864 6138
f 864 6136 6142
f 6138 864 6336
f 6142 6347 864
f 865 4314 4438
f 865 4699 4314
f 865 4438 11825
f 865 11241 4699
f 865 5537 11241
f 865 11825 5537
f 6843 7038 866
f 6843 866 7438
f 7038 11453 866
f 7438 866 7255
f 866 9216 7255
f 11032 9216 866
f 11032 866 11453
f 867 5255 5708
f 7403 5255 867
f 5659 867 5708
f 5659 11015 867
f 7403 867 9012
f 867 7559 9012
f 867 11015 7559
f 868 995 991
f 6347 868 991
f 6142 6145 868
f 6142 868 6347
f 6146 869 871
f 869 6865 871
f 6855 869 986
f 6855 6865 869
f 4566 870 1292
f 4615 1292 870
f 11528 870 4566
f 10948 4615 870
f 4868 10948 870
f 4868 870 11528
f 880 871 6363
f 871 6865 6363
f 872 993 1117
f 872 6349 993
f 872 1117 6575
f 5936 6349 872
f 873 874 6579
f 11916 874 873
f 11916 873 6153
f 873 6579 6359
f 874 5816 3960
f 874 3960 6579
f 11664 5816 874
f 11664 874 11916
f 6173 875 5753
f 6365 875 6173
f 876 6879 1127
f 6883 876 1127
f 6159 876 6157
f 876 6172 6157
f 6159 6879 876
f 6372 6172 876
f 6883 6372 876
f 877 1003 1274
f 877 1274 6879
f 877 6879 6159
f 878 5042 3982
f 878 3982 12923
f 878 12919 5042
f 12464 12919 878
f 12464 878 12923
f 1004 879 1277
f 1004 4114 879
f 879 1124 1277
f 879 6370 1124
f 6167 879 4114
f 6167 6370 879
f 6167 6164 880
f 6167 880 6370
f 880 6363 6370
f 1126 881 6372
f 1126 6589 881
f 881 6171 6170
f 6372 881 6170
f 6174 6171 881
f 6174 881 6589
f 4367 11377 882
f 12073 4367 882
f 5027 882 4930
f 4930 882 11377
f 13240 882 5027
f 12073 882 13240
f 7075 883 11663
f 11848 11663 883
f 5826 884 4367
f 884 8508 4367
f 884 4931 10181
f 12385 4931 884
f 5826 12385 884
f 884 10181 8508
f 4562 885 1042
f 13509 1042 885
f 4562 3679 885
f 13381 885 3679
f 13381 13509 885
f 1113 938 886
f 6189 1113 886
f 6185 8302 886
f 6189 886 8302
f 6187 5969 887
f 6402 6187 887
f 8040 6402 887
f 6606 8040 887
f 6606 887 11454
f 3952 1115 888
f 6189 888 1115
f 3952 888 11656
f 6189 8302 888
f 8302 11125 888
f 11125 11656 888
f 6191 889 6190
f 6192 6190 889
f 6195 889 6191
f 6613 6192 889
f 6407 889 6195
f 6613 889 6407
f 6196 6112 890
f 6404 890 6112
f 6196 890 8671
f 8633 6197 890
f 6197 8671 890
f 8633 890 6404
f 6197 6615 891
f 6197 891 8671
f 891 6617 6200
f 891 6200 8671
f 6618 891 6615
f 6618 6617 891
f 4639 892 10282
f 12231 892 4639
f 11132 892 5281
f 5281 892 12231
f 8303 10282 892
f 11132 8303 892
f 1585 6206 893
f 1585 893 11148
f 10081 11148 893
f 10081 893 11636
f 11847 3330 894
f 11847 894 4985
f 4985 894 12980
f 1962 8286 895
f 8882 1962 895
f 6208 4167 895
f 895 4167 11615
f 6208 895 8286
f 8882 895 11615
f 3521 906 896
f 3950 896 906
f 5043 3521 896
f 3950 4093 896
f 896 4093 4159
f 5043 896 4159
f 2377 6211 897
f 2377 897 6632
f 6632 897 11289
f 11289 897 11429
f 898 1150 6636
f 898 6643 1150
f 2953 6426 898
f 2953 898 11603
f 6426 6643 898
f 11603 898 6636
f 6654 3970 899
f 10571 899 3970
f 899 6652 6433
f 899 6433 8275
f 10571 6652 899
f 6654 899 8275
f 2457 900 8365
f 2524 8365 900
f 11693 2524 900
f 11693 900 3747
f 901 945 3240
f 901 5853 945
f 901 3240 5307
f 901 5307 11021
f 901 11019 5853
f 901 11021 11019
f 902 6223 6222
f 11353 902 6222
f 6945 6223 902
f 7215 6945 902
f 7217 7215 902
f 7217 902 11353
f 7020 903 904
f 11088 904 903
f 6934 6429 903
f 11088 903 6429
f 6934 903 6935
f 7020 6935 903
f 1029 4173 904
f 11367 1029 904
f 7020 904 4173
f 11562 904 11088
f 11367 904 11562
f 1993 3013 905
f 5458 1993 905
f 3013 13156 905
f 5458 905 12470
f 905 6851 12470
f 13156 6851 905
f 2981 3950 906
f 8470 2981 906
f 8470 906 3521
f 6669 908 907
f 11062 907 3589
f 11062 6669 907
f 908 4810 1032
f 6669 4810 908
f 1033 909 910
f 1033 6960 909
f 6960 5990 909
f 1033 910 1035
f 911 1137 922
f 911 922 8965
f 911 1012 6905
f 911 11920 1012
f 911 6905 1137
f 911 8965 11920
f 6238 912 1039
f 6010 912 6238
f 4495 913 1038
f 6238 1038 913
f 6010 6238 913
f 1189 1040 914
f 6241 914 1040
f 4513 1189 914
f 11002 4513 914
f 6241 6013 914
f 11002 914 6013
f 915 6243 917
f 6725 915 917
f 1037 915 1196
f 1037 6243 915
f 6725 1196 915
f 1185 3994 916
f 1185 916 6457
f 916 3994 6245
f 916 6245 6244
f 916 6244 6456
f 6457 916 6456
f 917 6243 6017
f 6725 917 6024
f 919 6250 918
f 919 918 6734
f 918 6250 6247
f 918 6247 6461
f 918 6461 6991
f 918 6991 6734
f 919 6734 1045
f 919 5837 6250
f 6256 6467 920
f 6256 920 12084
f 920 6467 6464
f 921 923 6463
f 921 7284 923
f 921 6463 1197
f 921 1197 7269
f 921 7269 10763
f 921 10763 7284
f 1137 11454 922
f 11466 8965 922
f 11466 922 11658
f 923 5352 6260
f 923 7284 5352
f 6262 923 6260
f 6463 923 6262
f 1205 6261 924
f 7281 1205 924
f 5352 924 6260
f 7281 924 5352
f 5841 6260 924
f 5841 924 6261
f 6143 925 3587
f 3587 925 12027
f 6143 6203 925
f 6203 6160 925
f 6160 6299 925
f 6299 12027 925
f 3565 926 6510
f 3565 11980 926
f 10701 926 5625
f 11980 5625 926
f 6510 926 11776
f 10701 11776 926
f 6042 5127 927
f 927 5127 6746
f 6042 927 6266
f 6266 927 6481
f 927 6482 6481
f 927 6746 6482
f 928 3554 1052
f 928 1052 6268
f 928 6264 3554
f 928 6265 6264
f 928 6268 6265
f 929 6269 1210
f 929 1210 7046
f 929 6272 6269
f 6489 6272 929
f 6489 929 6751
f 929 7046 6751
f 1058 5127 930
f 6490 1058 930
f 6042 930 5127
f 6042 6050 930
f 932 931 6493
f 932 11229 931
f 1059 6493 931
f 1059 931 6756
f 931 6754 6756
f 931 11229 6754
f 940 6062 932
f 940 932 6493
f 6490 933 1057
f 933 6759 1057
f 1060 933 6278
f 1060 7053 933
f 6490 6278 933
f 933 7053 6759
f 934 975 4993
f 934 8479 975
f 934 4993 3720
f 934 13312 8479
f 1060 935 936
f 6060 936 935
f 1060 6278 935
f 6055 6060 935
f 1060 936 7066
f 6060 1062 936
f 936 1062 6760
f 936 6760 7066
f 937 2135 4315
f 4853 2135 937
f 2192 937 4315
f 5876 937 2192
f 4853 937 6323
f 5876 6323 937
f 938 1020 1013
f 11070 938 1013
f 938 6400 1020
f 1113 6400 938
f 8341 5860 939
f 9198 939 6289
f 8341 939 11718
f 9198 11718 939
f 1066 940 6493
f 940 1066 6767
f 940 5820 6063
f 940 6767 5820
f 940 6063 6062
f 6777 941 949
f 1067 941 6777
f 4938 5863 942
f 4938 942 11917
f 11602 942 5863
f 11602 11374 942
f 11374 11635 942
f 11635 11917 942
f 6507 1068 943
f 943 1068 12040
f 8182 943 6071
f 943 9610 6071
f 943 12040 9610
f 4946 950 944
f 13260 944 950
f 1447 944 2823
f 1447 4946 944
f 4972 2823 944
f 4972 944 13260
f 3060 945 5853
f 3060 11020 945
f 3240 945 12837
f 11020 12837 945
f 946 11037 8505
f 11898 946 8505
f 9862 946 11463
f 9862 11896 946
f 11896 11037 946
f 11463 946 11898
f 947 1072 1226
f 947 1226 6511
f 948 992 1236
f 948 4885 992
f 948 1236 1976
f 7599 4885 948
f 6777 949 1361
f 12524 1361 949
f 12524 949 6305
f 13315 950 4946
f 4969 13260 950
f 13532 4969 950
f 13532 950 13315
f 951 6511 1360
f 951 1360 7647
f 951 7647 6790
f 11873 952 4570
f 4570 952 11907
f 6726 6649 952
f 11907 952 6649
f 6726 952 11865
f 11873 11865 952
f 10645 953 1050
f 953 10683 1050
f 953 1566 1102
f 953 1102 6079
f 10645 1566 953
f 953 6079 10683
f 1077 954 6519
f 1077 7085 954
f 6312 6311 954
f 6314 954 6311
f 6312 954 7085
f 6314 6519 954
f 1130 955 1617
f 1130 5153 955
f 4862 1617 955
f 11472 4862 955
f 5153 5152 955
f 11472 955 5152
f 6529 1367 956
f 1367 7096 956
f 6318 956 7096
f 6532 1716 957
f 6807 957 6319
f 6806 6532 957
f 6806 957 6807
f 6534 6107 958
f 6809 6534 958
f 959 4960 11371
f 959 11844 4960
f 959 8022 8537
f 959 11371 8022
f 959 8537 8248
f 959 8248 11844
f 4413 960 1015
f 1015 960 4530
f 4416 960 4413
f 4416 10834 960
f 4629 4530 960
f 4629 960 10834
f 3125 7586 961
f 10157 3125 961
f 4162 961 7596
f 4162 7668 961
f 7586 7596 961
f 7668 10157 961
f 4503 962 1843
f 1843 962 4851
f 4503 10888 962
f 8569 4851 962
f 9128 8569 962
f 9128 962 10888
f 963 5055 1756
f 12958 963 1756
f 12974 963 12958
f 12974 12975 963
f 4503 964 1177
f 964 4850 1177
f 1843 1785 964
f 964 1785 4850
f 4503 1843 964
f 1247 965 967
f 1087 6118 965
f 1087 965 6543
f 1247 6543 965
f 1090 966 6545
f 7110 966 1090
f 1092 5821 966
f 7110 1092 966
f 1092 967 5821
f 7114 967 1092
f 1247 967 7114
f 968 4560 1509
f 968 1766 4560
f 968 4830 1766
f 968 10728 4830
f 5013 13159 969
f 5013 969 13405
f 13419 969 5034
f 13590 5034 969
f 13590 969 13159
f 13419 13405 969
f 6828 6547 970
f 6826 6828 970
f 6338 979 971
f 971 979 6831
f 6551 971 1097
f 971 6831 1097
f 6551 6329 971
f 5148 972 4736
f 13417 4736 972
f 13425 972 5148
f 6019 972 5454
f 13425 5454 972
f 6019 12916 972
f 13417 972 12916
f 12330 973 1101
f 12330 6561 973
f 974 6728 1323
f 974 1323 7306
f 974 7032 6728
f 974 7031 7032
f 974 7312 7031
f 974 7306 7312
f 4990 7301 975
f 8479 4990 975
f 11348 4993 975
f 11348 975 7301
f 976 977 978
f 976 985 977
f 976 978 6336
f 976 991 985
f 976 6347 991
f 978 977 1093
f 977 985 1111
f 977 6847 1093
f 6847 977 1111
f 978 1093 1095
f 6336 978 1095
f 6549 1096 979
f 1096 6831 979
f 6549 979 6338
f 980 1741 5840
f 980 5839 5509
f 980 5840 5839
f 981 983 6343
f 981 6567 983
f 981 6335 1105
f 981 1105 6567
f 982 983 984
f 982 6343 983
f 982 984 988
f 982 988 6349
f 982 6349 6343
f 1107 984 983
f 1107 983 6567
f 988 984 1110
f 1107 6845 984
f 6845 1110 984
f 990 985 991
f 990 7138 985
f 985 7138 1111
f 6849 1264 986
f 6855 986 1264
f 987 11400 1544
f 6083 987 4867
f 988 989 993
f 988 1110 989
f 6349 988 993
f 993 989 997
f 997 989 7152
f 6852 989 1110
f 6852 7152 989
f 990 991 995
f 990 995 6868
f 990 6868 6867
f 990 6867 7138
f 1236 992 1312
f 1312 992 11817
f 992 4885 11817
f 993 997 1117
f 994 1394 4400
f 994 13360 1394
f 994 4061 13360
f 994 13362 4061
f 994 4400 5117
f 994 5117 13362
f 998 6868 995
f 5174 996 1049
f 13161 1049 996
f 9479 1061 996
f 9479 996 5174
f 1399 1117 997
f 1399 997 7152
f 9772 998 6355
f 998 7431 6868
f 9772 7431 998
f 999 6578 1270
f 999 1270 6871
f 999 6871 6355
f 9991 999 6355
f 6357 6578 999
f 6357 999 9991
f 6360 6359 1000
f 1000 6359 6579
f 6360 1000 6578
f 1000 6876 6578
f 1000 6579 6580
f 1000 6580 6876
f 5199 9527 1001
f 12148 5199 1001
f 6762 1001 6841
f 12148 1001 6762
f 12972 6841 1001
f 9527 12972 1001
f 1400 1268 1002
f 1268 6574 1002
f 1400 1002 7154
f 6365 1002 6574
f 6365 6586 1002
f 7164 1002 6586
f 7164 7154 1002
f 1003 6369 1274
f 1004 1276 1128
f 1004 1128 5816
f 1004 1277 1276
f 1004 5816 4114
f 1279 1005 6887
f 6888 1005 1279
f 1005 6377 7203
f 9334 6377 1005
f 1005 7203 6887
f 6888 9334 1005
f 6594 6379 1006
f 9334 1006 6379
f 6889 6594 1006
f 6888 6889 1006
f 6888 1006 9334
f 6898 1007 1135
f 1135 1007 7334
f 1007 6380 6381
f 1007 6387 6380
f 1007 6381 7334
f 6898 6387 1007
f 1008 1011 6383
f 11493 1011 1008
f 1008 6383 13021
f 1008 8650 6388
f 6388 11493 1008
f 1008 13021 8650
f 2845 1009 6596
f 9202 1009 2845
f 9202 6384 1009
f 6384 13021 1009
f 1009 6891 6596
f 1009 13021 6891
f 1010 6386 6380
f 1010 6380 6387
f 11920 6386 1010
f 11175 1010 6387
f 11175 11920 1010
f 1011 4866 6383
f 1011 6602 4866
f 1011 11475 6602
f 11493 11475 1011
f 6904 6905 1012
f 6904 1012 11174
f 11920 11174 1012
f 1020 7468 1013
f 6603 1013 7193
f 11070 1013 6603
f 7193 1013 7468
f 1020 1014 7468
f 11452 1014 1020
f 1557 7468 1014
f 11452 7198 1014
f 4413 1015 4287
f 1015 13344 4287
f 4410 1015 4530
f 4410 13344 1015
f 1288 1287 1016
f 1287 6616 1016
f 6913 1288 1016
f 1016 6407 6406
f 6913 1016 6406
f 6616 6407 1016
f 6913 6406 1017
f 6913 1017 11165
f 11165 1017 11305
f 6207 7913 1018
f 6207 1018 11615
f 11445 1018 7913
f 8896 11615 1018
f 12238 8896 1018
f 11445 12238 1018
f 4842 4561 1019
f 4842 1019 4667
f 4667 1019 11778
f 11452 1020 6400
f 1555 1021 1050
f 1021 1767 1050
f 1021 1553 1495
f 1021 1495 1767
f 1021 3242 1553
f 1555 3242 1021
f 1155 6426 1022
f 6662 1155 1022
f 6650 1022 3347
f 11397 3347 1022
f 11397 1022 6426
f 6662 1022 6650
f 4778 6933 1023
f 8636 4778 1023
f 1023 6430 6429
f 6934 1023 6429
f 6933 6430 1023
f 8636 1023 6934
f 6933 10731 1024
f 11393 6933 1024
f 6939 7746 1024
f 6939 1024 10729
f 7746 11393 1024
f 10731 10729 1024
f 1152 1025 6938
f 1152 11062 1025
f 1025 3589 6937
f 11062 3589 1025
f 1025 6937 7746
f 1025 7746 6938
f 1026 6951 1302
f 1026 1302 10444
f 6941 3674 1026
f 1026 3674 6951
f 6942 6941 1026
f 6942 1026 10444
f 1027 3674 6439
f 1027 6951 3674
f 1027 6439 6960
f 1027 6959 6951
f 1027 6966 6959
f 1027 6960 6966
f 1028 1031 6448
f 1028 7527 1031
f 6231 6943 1028
f 1028 6943 7527
f 1029 1030 7529
f 11367 1030 1029
f 1029 7522 4173
f 1029 7529 7522
f 1030 6449 1167
f 1030 1167 7529
f 6445 6449 1030
f 11367 6445 1030
f 4513 1031 1173
f 1173 1031 7537
f 4513 6448 1031
f 1031 7527 7537
f 4810 1036 1032
f 6237 1032 1036
f 6237 5819 1032
f 1033 1035 1178
f 1033 1178 6966
f 1033 6966 6960
f 1034 1036 4810
f 6457 1036 1034
f 1168 1034 4810
f 7236 1034 1168
f 1311 6457 1034
f 7236 1311 1034
f 1035 1184 1178
f 6237 1036 6456
f 6457 6456 1036
f 7249 1184 1037
f 7249 1037 1196
f 4495 1038 6970
f 6238 11122 1038
f 7239 6970 1038
f 11122 7239 1038
f 6993 1039 1041
f 6238 1039 11122
f 6993 11122 1039
f 1189 7267 1040
f 6241 1040 6461
f 6461 1040 6992
f 7267 6992 1040
f 13445 1041 6464
f 6995 6993 1041
f 13445 6995 1041
f 1125 1042 4225
f 1125 4340 1042
f 4225 1042 13509
f 4562 1042 4340
f 2962 1043 3016
f 2962 4699 1043
f 1043 4710 3016
f 3986 1043 4198
f 3986 12930 1043
f 4198 1043 4699
f 1043 12930 4710
f 5659 1044 7981
f 10218 1044 5659
f 7905 1044 10216
f 7905 13274 1044
f 13274 7981 1044
f 10216 1044 10218
f 1046 1045 7025
f 1045 6734 7027
f 1045 7027 7025
f 1741 1046 11542
f 11542 1046 7025
f 7028 1203 1047
f 1205 1047 6261
f 1205 7028 1047
f 4873 1048 4906
f 11359 4906 1048
f 10828 11672 1048
f 11359 1048 11672
f 5660 1049 12701
f 1555 1050 10683
f 1767 10645 1050
f 1091 4529 1051
f 13428 1091 1051
f 4412 1051 4532
f 4412 13428 1051
f 7250 1051 4529
f 7250 4532 1051
f 3554 12915 1052
f 6268 1052 6476
f 6476 1052 6477
f 1052 7039 6477
f 1052 12915 7039
f 10986 1053 6480
f 11211 6480 1053
f 6742 6486 1053
f 11211 1053 6486
f 6742 1053 7044
f 7044 1053 10986
f 1054 5123 5169
f 1055 3740 7035
f 7335 3740 1055
f 1055 6481 6482
f 1055 7035 6481
f 7336 1055 6482
f 7336 7335 1055
f 6269 6270 1056
f 6269 1056 6748
f 1056 6270 6486
f 1056 6486 6742
f 1056 6742 6743
f 1056 6743 6748
f 6490 1057 1058
f 1058 1057 7049
f 1214 1057 6759
f 1214 7049 1057
f 1058 6752 5127
f 1058 7049 6752
f 1348 1066 1059
f 1059 1066 6493
f 1059 7051 1348
f 1059 6756 7051
f 1060 7066 7053
f 5036 4085 1061
f 1061 4085 6655
f 5036 1061 9479
f 6060 6284 1062
f 6497 1062 6284
f 6497 7054 1062
f 6760 1062 7054
f 6765 1345 1063
f 7061 1063 1345
f 7060 1063 7061
f 7060 9551 1063
f 5820 1064 6289
f 5820 6766 1064
f 9198 6289 1064
f 6766 6765 1064
f 2133 4673 1065
f 4785 1065 4673
f 1066 1348 1218
f 6767 1066 1218
f 1067 1221 1222
f 1067 6777 1221
f 1067 1222 6771
f 6507 1069 1068
f 6778 1068 1069
f 6778 1227 1068
f 1068 1227 12040
f 1223 1069 6773
f 1223 6778 1069
f 6507 6772 1069
f 6772 6773 1069
f 6058 1070 6788
f 6788 1070 6785
f 11366 1071 5918
f 1071 12472 5918
f 1071 6045 11185
f 11366 6045 1071
f 1071 11185 12150
f 1071 12150 12472
f 1072 1496 1226
f 1072 1353 1496
f 7069 1353 1072
f 1073 3658 3949
f 1073 12381 3658
f 1073 3949 4037
f 4262 1073 4037
f 4262 13063 1073
f 1073 13063 12381
f 1226 1074 6511
f 1226 7628 1074
f 1360 6511 1074
f 1360 1074 7372
f 1074 1619 7372
f 1619 1074 7628
f 1075 1232 6125
f 6793 1232 1075
f 1075 6125 6515
f 6312 1075 6515
f 6312 7085 1075
f 6793 1075 7085
f 6846 1076 5195
f 12070 5195 1076
f 5349 1076 9463
f 12191 1076 5349
f 6846 9463 1076
f 12191 12070 1076
f 1362 7085 1077
f 1362 1077 7387
f 6797 1077 6519
f 6797 7387 1077
f 1078 6520 6517
f 1078 6517 7384
f 1078 10606 6520
f 1078 7384 7934
f 1078 7934 7388
f 1078 7388 10606
f 1079 7092 6106
f 1079 6523 6801
f 1079 6801 7092
f 1080 5828 11373
f 1080 11635 5828
f 1080 11697 8538
f 1080 8538 12024
f 1080 11373 11697
f 1080 12024 11635
f 5161 1081 4905
f 4905 1081 11001
f 11040 1081 5161
f 1081 5652 8584
f 1081 11042 5652
f 1081 8584 11001
f 11040 11042 1081
f 1082 1368 1238
f 1082 1238 6535
f 1082 1241 1368
f 1082 6809 1241
f 1082 6535 6534
f 1082 6534 6809
f 1239 1083 1242
f 1083 1239 1243
f 1242 1083 6537
f 1243 6814 1083
f 6536 6537 1083
f 6814 6536 1083
f 6814 1084 6536
f 6816 1084 6814
f 6816 6817 1084
f 1087 1371 1085
f 1087 1085 6118
f 1371 6812 1085
f 6324 6118 1085
f 1086 1090 6117
f 7106 1090 1086
f 1245 1372 1086
f 1245 1086 6817
f 7106 1086 1372
f 1086 6117 6817
f 1246 1371 1087
f 1246 1087 1373
f 1087 6543 1373
f 2319 1088 1600
f 1600 1088 3057
f 2319 12667 1088
f 9781 3057 1088
f 1088 5387 11016
f 1088 12667 5387
f 9781 1088 11016
f 1089 4698 6307
f 7999 4698 1089
f 1089 6227 4743
f 6351 1089 4743
f 1089 6307 6227
f 7999 1089 6351
f 1090 6545 6117
f 7110 1090 7106
f 1213 1091 1377
f 1213 4628 1091
f 1377 1091 4409
f 13428 4409 1091
f 4628 4529 1091
f 7110 7114 1092
f 1093 1094 1095
f 1093 1248 1094
f 1248 1093 6847
f 1095 1094 6823
f 1248 7398 1094
f 7119 6823 1094
f 7119 1094 7398
f 6549 6547 1096
f 6830 1096 6547
f 6830 7122 1096
f 1096 7122 6831
f 6832 1097 1381
f 1381 1097 7125
f 6551 1097 6832
f 6831 7125 1097
f 1253 1526 1098
f 6832 1253 1098
f 1260 1098 1527
f 6834 1098 1260
f 1098 1526 1527
f 6832 1098 6834
f 1528 1099 6555
f 1528 7409 1099
f 1099 6556 6555
f 1099 6558 6556
f 7409 6558 1099
f 4864 1100 1566
f 1100 10629 1566
f 4813 10629 1100
f 1100 4864 11459
f 9844 1101 6558
f 9844 7412 1101
f 7412 12330 1101
f 1102 1566 10629
f 3382 10615 1102
f 3382 1102 10629
f 6079 1102 10615
f 6140 6561 1103
f 1103 6561 7411
f 1103 7413 6564
f 1103 7411 7413
f 1256 1105 1104
f 1104 1105 6564
f 1256 1104 7414
f 1104 6564 7413
f 1104 7413 7415
f 1104 7415 7414
f 1256 6567 1105
f 6335 6564 1105
f 9788 7550 1106
f 1106 7550 10096
f 7973 1106 7775
f 10088 7775 1106
f 9788 1106 7973
f 10088 1106 10096
f 1107 1386 6845
f 7418 1386 1107
f 1107 6567 7131
f 7418 1107 7131
f 10110 7683 1108
f 1108 7683 12888
f 10110 1108 11345
f 1108 12888 10689
f 1109 1573 4511
f 8452 1573 1109
f 1109 4511 6396
f 1109 6396 11687
f 6845 1258 1110
f 6852 1110 1258
f 1111 1537 1534
f 1111 1534 6847
f 1111 7138 1537
f 6852 1262 1112
f 1262 7423 1112
f 1390 7152 1112
f 7426 1390 1112
f 6852 1112 7152
f 7423 7426 1112
f 6189 1115 1113
f 1113 1115 6401
f 1113 6401 6400
f 4917 1114 2102
f 9005 2102 1114
f 4917 8996 1114
f 4919 1114 8996
f 4919 9005 1114
f 1115 1255 6401
f 6908 1255 1115
f 3952 6908 1115
f 8972 3286 1116
f 1116 3286 11551
f 1116 11364 7566
f 1116 11551 11364
f 1399 7149 1117
f 1117 7149 6575
f 1123 1877 1118
f 8561 1123 1118
f 11447 1118 1877
f 8561 1118 11463
f 11447 11882 1118
f 11463 1118 11882
f 1119 2781 1143
f 4912 1119 1143
f 7716 2781 1119
f 7589 1119 4912
f 7589 7625 1119
f 7716 1119 7625
f 3790 10593 1120
f 3790 1120 12945
f 1120 12944 5320
f 1120 5320 12945
f 1120 10593 12940
f 1120 12940 12944
f 6369 1121 7153
f 1121 6575 7149
f 1502 4563 1122
f 1502 1122 4567
f 4567 1122 3227
f 6708 3227 1122
f 4563 13338 1122
f 6708 1122 13338
f 1123 4226 1877
f 5838 4226 1123
f 11408 5838 1123
f 8561 11408 1123
f 1124 6370 1272
f 1124 1272 7437
f 1124 7439 1277
f 1124 7437 7439
f 4131 1125 1240
f 1125 13506 1240
f 4131 4340 1125
f 1125 4225 13506
f 6883 1126 6372
f 1126 7174 6589
f 6883 7178 1126
f 1126 7175 7174
f 1126 7178 7175
f 6884 1278 1127
f 7178 1127 1278
f 6884 1127 6879
f 6883 1127 7178
f 1128 1276 7169
f 5816 1128 3960
f 3960 1128 6881
f 1128 7169 6881
f 1129 1407 1405
f 1129 1405 7164
f 1129 6589 1407
f 1129 6586 6174
f 1129 6174 6589
f 1129 7164 6586
f 1130 1617 1333
f 1130 1333 10782
f 5153 1130 10594
f 1130 10782 10594
f 2905 6887 1131
f 2905 1131 7452
f 6375 1131 6887
f 6375 9016 1131
f 7687 7452 1131
f 7687 1131 9016
f 1135 7334 1132
f 9403 1135 1132
f 6594 1132 6593
f 6593 1132 7334
f 6893 1132 6594
f 9403 1132 6893
f 2845 6596 1133
f 2845 1133 9016
f 10968 1133 6596
f 7687 9016 1133
f 10795 7687 1133
f 10968 10795 1133
f 1134 3443 1332
f 1134 1332 10904
f 1134 8508 3443
f 1134 11377 8508
f 1134 10904 11377
f 6898 1135 7183
f 9403 7183 1135
f 1136 7189 5646
f 7823 1136 5646
f 6602 6603 1136
f 7823 6602 1136
f 1136 6603 7193
f 1136 7193 7189
f 1137 6607 6606
f 1137 6606 11454
f 1137 6905 6607
f 1138 6606 6607
f 1138 8040 6606
f 6906 1138 6607
f 6906 7195 1138
f 6907 1138 7195
f 1138 6907 8042
f 1138 8042 8040
f 1139 6615 6610
f 1139 6610 8083
f 1139 7200 6615
f 1139 7199 7477
f 1139 8083 7199
f 1139 7477 7200
f 1140 6611 8052
f 8083 6611 1140
f 1140 7196 7818
f 1140 8052 7196
f 7476 7199 1140
f 8083 1140 7199
f 7476 1140 7818
f 1141 6614 6613
f 1141 6613 6616
f 6910 6614 1141
f 6912 1141 6616
f 6910 1141 9073
f 6912 9073 1141
f 1142 6618 1259
f 1142 1259 10749
f 1142 6617 6618
f 1142 6620 6617
f 1142 10493 6620
f 1142 10749 10493
f 1143 2781 1478
f 1143 1478 4948
f 4912 1143 4947
f 1143 4948 4947
f 6917 8303 1144
f 6917 1144 9575
f 1144 8918 7206
f 9575 1144 7206
f 11132 1144 8303
f 11132 8918 1144
f 1269 4546 1145
f 1269 1145 10773
f 1281 1145 4870
f 1281 10773 1145
f 1146 6416 6627
f 1146 11429 6416
f 13069 1146 6627
f 6927 6629 1146
f 6629 11429 1146
f 13069 6927 1146
f 1147 2764 4569
f 1147 11861 2764
f 6722 9049 1147
f 1147 9049 11861
f 1148 1304 1301
f 1148 1301 6637
f 1148 7225 1304
f 1148 6637 2566
f 9185 1148 2566
f 9185 7225 1148
f 1149 1565 1421
f 1149 1421 11107
f 7517 1565 1149
f 6948 1149 2249
f 1149 11107 2249
f 7517 1149 6948
f 1154 6635 1150
f 1154 1150 6643
f 1150 6635 2191
f 1150 2191 6636
f 1151 4763 1968
f 1151 1968 10591
f 1151 5522 4763
f 4814 1151 10591
f 6083 5522 1151
f 1152 7512 1303
f 1152 1303 10481
f 1152 6938 7220
f 1152 7220 7512
f 1152 10481 11062
f 1153 9572 3456
f 1153 9550 9430
f 1153 9430 9572
f 1153 9431 9550
f 1154 6955 6635
f 11043 1154 6643
f 1154 6659 6955
f 11043 6659 1154
f 1155 6643 6426
f 1155 11043 6643
f 6660 1155 6662
f 6660 11043 1155
f 5808 1632 1156
f 1156 1632 6956
f 6656 5808 1156
f 6656 1156 9933
f 1156 6956 6667
f 1156 6667 9933
f 7071 1157 1424
f 8412 1424 1157
f 7043 8412 1157
f 7043 1157 9783
f 7219 1157 7071
f 9783 1157 7219
f 6662 1158 1163
f 1158 6674 1163
f 1158 6650 6652
f 6662 6650 1158
f 6663 1158 6652
f 6663 6674 1158
f 1160 1159 3970
f 6664 1159 1160
f 6664 1164 1159
f 1164 6673 1159
f 1159 10571 3970
f 1159 6673 10571
f 1160 3970 6653
f 1160 6653 5808
f 1160 5808 6656
f 6664 1160 6656
f 1161 1169 6659
f 1161 6684 1169
f 1161 6659 6658
f 6672 1161 6658
f 6672 6701 1161
f 1161 6683 6684
f 1161 6701 6683
f 6660 1162 6658
f 1162 6672 6658
f 10183 1162 6660
f 1162 6685 6672
f 6691 6685 1162
f 10183 6691 1162
f 10183 6662 1163
f 10604 1163 6674
f 10183 1163 6688
f 10604 6688 1163
f 6664 6696 1164
f 1164 6694 6673
f 1164 11242 6694
f 1164 6696 11242
f 1301 1165 6956
f 1301 6957 1165
f 6667 1165 6665
f 6679 6665 1165
f 6667 6956 1165
f 6679 1165 6957
f 6667 6665 1166
f 6699 1166 6665
f 9933 6667 1166
f 6675 1166 6697
f 6675 9933 1166
f 6697 1166 6699
f 1167 6970 1308
f 7535 1167 1308
f 1167 6449 6970
f 7535 7529 1167
f 1168 4810 6669
f 1168 6669 10481
f 7236 1168 7231
f 7231 1168 10481
f 1169 6684 1428
f 1169 1428 10895
f 1169 6955 6659
f 1169 10895 6955
f 6693 10604 1170
f 13572 6693 1170
f 6694 1170 10201
f 6694 11234 1170
f 11234 6985 1170
f 13572 1170 6985
f 10201 1170 10604
f 6913 1171 1288
f 7824 1288 1171
f 7824 1171 6695
f 6695 1171 11018
f 6913 11165 1171
f 11165 11018 1171
f 8626 3022 1172
f 3022 10372 1172
f 4929 1172 7507
f 8626 1172 4929
f 7507 1172 11371
f 10372 11371 1172
f 4513 1173 1189
f 1189 1173 7853
f 1770 7853 1173
f 1770 1173 7854
f 1173 7537 7854
f 9461 1174 12269
f 9461 12274 1174
f 1174 9611 11855
f 12274 9611 1174
f 12269 1174 11855
f 1180 1175 6685
f 1180 6709 1175
f 6672 6685 1175
f 6672 1175 6701
f 1175 6703 6701
f 1175 6709 6703
f 4862 1176 1617
f 1617 1176 8720
f 4862 9537 1176
f 1176 11633 8720
f 1176 9537 11633
f 1177 4850 1788
f 6018 1177 1788
f 8519 4503 1177
f 6018 10224 1177
f 8519 1177 10224
f 7247 1178 1184
f 11051 6966 1178
f 7247 6969 1178
f 1178 6969 11051
f 1660 1179 1812
f 10886 1179 1660
f 1179 4847 1812
f 6018 4847 1179
f 6018 1179 11264
f 11264 1179 10886
f 1191 6709 1180
f 6712 1191 1180
f 6691 1180 6685
f 6712 1180 6691
f 3180 3202 1181
f 3180 1181 9684
f 1181 3202 8765
f 1181 3257 3784
f 1181 8765 3257
f 9684 1181 3784
f 1182 6706 1198
f 6723 1182 1198
f 1182 6697 6706
f 1182 11248 6697
f 6723 6715 1182
f 6715 11248 1182
f 6680 1183 6699
f 6680 6974 1183
f 1183 6705 6699
f 1183 6718 6705
f 6981 6718 1183
f 6981 1183 6974
f 7249 7247 1184
f 1185 1197 3994
f 7258 1197 1185
f 1311 1185 6457
f 7254 1185 1311
f 7254 7258 1185
f 6702 6703 1186
f 6702 1186 6982
f 1186 6703 6710
f 1186 6710 6996
f 1186 6987 6982
f 1186 6996 6987
f 4289 1187 4290
f 4289 13563 1187
f 4290 1187 4528
f 4410 4527 1187
f 4410 1187 13563
f 4527 4528 1187
f 1188 1842 1195
f 1188 1195 11261
f 1188 6081 1842
f 1188 4751 4703
f 1188 4703 6081
f 1188 11261 4751
f 1189 7853 7267
f 1191 1190 6709
f 1191 6727 1190
f 1190 6710 6709
f 1190 6998 6710
f 6727 7004 1190
f 1190 7004 6998
f 4201 1192 12407
f 4201 13447 1192
f 6903 12407 1192
f 6903 1192 12940
f 12940 1192 12944
f 12944 1192 13447
f 6716 6715 1193
f 6723 1193 6715
f 6716 1193 11023
f 6723 13390 1193
f 1193 7012 11023
f 13390 7012 1193
f 1194 1320 6732
f 1194 7002 1320
f 1194 6719 6718
f 6990 1194 6718
f 1194 6732 6719
f 6990 7002 1194
f 1195 1842 8576
f 1195 8576 7956
f 1195 7956 11231
f 1195 11231 11261
f 7249 1196 1441
f 10878 1441 1196
f 7015 1196 6725
f 7015 10878 1196
f 1197 6463 3994
f 7258 7269 1197
f 1198 6706 6719
f 1198 6719 6732
f 6723 1198 13077
f 13077 1198 6732
f 1199 1931 1204
f 1199 1204 7740
f 1199 8576 1931
f 1199 7740 11217
f 1199 7956 8576
f 1199 11230 7956
f 1199 11217 11230
f 4195 1665 1200
f 1200 1665 4898
f 4195 1200 4934
f 1200 4898 10277
f 9390 4934 1200
f 9390 1200 10277
f 1201 6732 1320
f 1201 1320 7001
f 1201 6731 6732
f 1201 7023 6731
f 1201 7001 10507
f 1201 10507 7023
f 1202 1968 3464
f 10591 1968 1202
f 1202 3464 9537
f 4348 10591 1202
f 4348 1202 11481
f 1202 9537 11481
f 6256 1203 6467
f 1203 8233 6467
f 7028 8233 1203
f 1204 4848 1867
f 1204 1867 7740
f 1204 1931 4846
f 1204 4846 4848
f 1205 7291 7028
f 7281 7291 1205
f 13175 6471 1206
f 8186 1206 10672
f 8186 13175 1206
f 10909 10672 1206
f 1207 2597 7287
f 1207 10897 2597
f 1207 9832 2875
f 1207 2875 10897
f 1207 7287 4895
f 1207 4895 9832
f 6743 1474 1208
f 7342 1208 1474
f 1208 6748 6743
f 10175 6748 1208
f 7342 10175 1208
f 1209 6752 1337
f 1209 1337 7339
f 1209 6746 5127
f 1209 5127 6752
f 1209 6747 6746
f 1209 7339 6747
f 1210 1476 7046
f 1210 10175 1476
f 6269 6748 1210
f 1210 6748 10175
f 1211 1476 1609
f 1211 7046 1476
f 1211 1609 1611
f 11220 1211 1611
f 11220 7046 1211
f 6754 1212 6756
f 1212 6754 11220
f 1212 6758 6756
f 1212 7602 6758
f 1212 7600 7602
f 11220 7600 1212
f 1213 1377 4525
f 10889 1213 4525
f 1213 6559 4628
f 10889 6559 1213
f 1214 1338 7049
f 1214 7346 1338
f 1214 6759 1479
f 1214 1479 7346
f 6760 1341 1215
f 1215 1341 7348
f 1215 1481 1350
f 1215 1350 7066
f 1215 7348 1481
f 6760 1215 7066
f 4918 1216 4607
f 1216 11213 4607
f 4918 11217 1216
f 7740 8579 1216
f 7740 1216 11217
f 8579 11213 1216
f 1793 1217 1347
f 1217 6768 1347
f 1793 1487 1217
f 1217 1487 6765
f 6766 1217 6765
f 6766 6768 1217
f 1218 1348 1346
f 1218 1346 6768
f 6767 1218 6768
f 2370 1219 1225
f 1225 1219 7191
f 1489 1219 2370
f 1489 11431 1219
f 5122 7191 1219
f 5122 1219 11431
f 1221 1220 1493
f 1221 13102 1220
f 1220 1479 1493
f 1479 1220 1620
f 1620 1220 7362
f 1220 13102 7362
f 1493 1222 1221
f 6777 13102 1221
f 1222 1493 1351
f 1222 1351 6773
f 6771 1222 6773
f 1223 6773 7358
f 1223 7363 6778
f 1223 7358 7363
f 4817 1902 1224
f 1902 9658 1224
f 4817 1224 5793
f 5756 1224 4821
f 9658 4821 1224
f 5793 1224 5756
f 2133 1225 4673
f 4735 1225 2133
f 4735 2370 1225
f 1225 7029 4673
f 1225 7191 7029
f 1226 1496 7628
f 1227 7642 1357
f 12040 1227 1357
f 6778 5775 1227
f 5775 7642 1227
f 7367 1228 1357
f 13339 1357 1228
f 1629 1228 7367
f 1629 10621 1228
f 10959 1228 10621
f 10959 13339 1228
f 6788 6785 1229
f 1229 6785 12810
f 6788 1229 7079
f 7078 7079 1229
f 7078 1229 11006
f 1229 12810 11006
f 1639 1355 1230
f 6058 1230 1355
f 1639 1230 1359
f 1359 1230 7079
f 6058 6788 1230
f 6788 7079 1230
f 8575 2248 1231
f 1231 2248 11140
f 8575 1231 4875
f 4875 1231 10847
f 10847 1231 6045
f 1231 11140 6045
f 7648 2161 1232
f 2161 12518 1232
f 6125 1232 12518
f 7648 1232 6793
f 3993 1235 1233
f 12950 1233 1235
f 12949 3993 1233
f 12709 1233 5628
f 5628 1233 12950
f 12709 12949 1233
f 4089 1234 1257
f 1257 1234 12728
f 13171 1234 4089
f 6878 1234 5251
f 13171 5251 1234
f 5588 1234 6878
f 5588 12728 1234
f 5747 1235 3993
f 4206 1235 5747
f 4206 13444 1235
f 12950 1235 13444
f 1236 1312 4792
f 1236 4791 1976
f 1236 4360 4791
f 1236 4792 4360
f 6520 1237 6523
f 6520 10606 1237
f 6523 1237 6801
f 7094 6801 1237
f 7392 7094 1237
f 7392 1237 10606
f 1238 1242 6535
f 1238 6804 1242
f 1238 1368 6529
f 1238 6529 6804
f 6804 1239 1242
f 1369 1243 1239
f 1239 6806 1369
f 6804 6532 1239
f 1239 6532 6806
f 1429 4131 1240
f 1429 1240 13513
f 4224 1240 13506
f 13513 1240 4224
f 1244 1516 1241
f 1244 1241 6812
f 1241 1516 1368
f 1241 6809 6812
f 6535 1242 6537
f 1243 1369 1517
f 1243 1517 1370
f 1243 1370 6814
f 1520 1244 1371
f 1244 6812 1371
f 1244 1657 1516
f 1244 1520 1518
f 1244 1518 1657
f 1245 7678 1372
f 1245 6816 1519
f 1245 1519 7678
f 1245 6817 6816
f 1246 1520 1371
f 1246 1373 1670
f 1246 1670 1520
f 1247 1682 1375
f 1247 1375 6543
f 1247 7114 1682
f 1706 1248 1522
f 6847 1522 1248
f 1706 7398 1248
f 1249 4874 1465
f 1249 1465 10825
f 11085 4874 1249
f 1249 5947 5714
f 1249 5714 11437
f 1249 10825 5947
f 11085 1249 11437
f 1523 1251 1250
f 6824 1250 1251
f 1523 1250 1379
f 8183 1379 1250
f 6824 8183 1250
f 1523 7121 1251
f 6824 1251 6826
f 6826 1251 6828
f 6828 1251 7121
f 1252 2071 2063
f 1252 4737 2071
f 1252 6961 4737
f 4841 6988 1252
f 1252 6988 6961
f 6832 1381 1253
f 1381 7724 1253
f 7724 1526 1253
f 1254 1265 1261
f 1254 1261 5911
f 6850 1265 1254
f 1528 1254 5911
f 1528 6555 1254
f 6850 1254 6555
f 6908 5794 1255
f 6909 1255 5794
f 6909 6401 1255
f 1256 1384 7131
f 1256 7414 1384
f 1256 7131 6567
f 1257 12728 3997
f 1257 3997 13463
f 4252 4089 1257
f 4252 1257 13463
f 6852 1258 1262
f 1258 7419 1262
f 1532 1258 1386
f 6845 1386 1258
f 7419 1258 1532
f 1259 7200 1418
f 7480 1259 1418
f 1259 6618 7200
f 7480 7481 1259
f 7481 10749 1259
f 6849 1260 1264
f 7425 1264 1260
f 7425 1260 1527
f 6834 1260 6849
f 1261 1265 1267
f 1539 1261 1267
f 1539 5911 1261
f 7423 1262 7419
f 8602 1263 5921
f 5921 1263 10821
f 8602 11457 1263
f 1263 11457 10955
f 6855 1264 1538
f 7425 1538 1264
f 6863 1267 1265
f 6850 6856 1265
f 6863 1265 6856
f 1392 1266 1538
f 1392 7148 1266
f 6855 1538 1266
f 6855 1266 6865
f 6865 1266 6873
f 7148 6873 1266
f 1393 1267 1268
f 6863 1268 1267
f 1393 1540 1267
f 1539 1267 1540
f 1400 1393 1268
f 6863 6574 1268
f 1269 11071 4546
f 1269 4757 8583
f 1269 10773 4757
f 1269 8583 11071
f 6876 1270 6578
f 7162 6871 1270
f 6876 7160 1270
f 7162 1270 7160
f 8863 1271 6315
f 8924 6315 1271
f 7899 6733 1271
f 8870 1271 6733
f 8863 7899 1271
f 8924 1271 8870
f 6363 1272 6370
f 6873 1272 6363
f 7436 1272 6873
f 7436 7437 1272
f 4886 1273 1310
f 10199 1310 1273
f 4886 4790 1273
f 1273 4790 10180
f 10874 1273 10180
f 10874 10199 1273
f 6369 7157 1274
f 6884 6879 1274
f 7158 6884 1274
f 7158 1274 7157
f 1406 1275 7169
f 1406 7771 1275
f 1275 6880 6881
f 1275 7167 6880
f 1275 6881 7169
f 7771 7167 1275
f 1277 7171 1276
f 1276 7171 7169
f 1546 7171 1277
f 7439 1546 1277
f 6884 7166 1278
f 7166 7765 1278
f 7178 1278 12039
f 12039 1278 7765
f 1279 6887 7180
f 6888 1279 7181
f 1279 7180 7181
f 1280 7453 1410
f 1280 1410 7455
f 6889 1280 3353
f 1280 7455 3353
f 6889 7181 1280
f 1280 7181 7453
f 4681 1281 1292
f 4681 10773 1281
f 1282 5646 7188
f 11190 5646 1282
f 6838 6895 1282
f 6838 1282 7188
f 6895 11190 1282
f 1573 3280 1283
f 4511 1573 1283
f 1283 3280 4893
f 4511 1283 5584
f 4721 1284 6398
f 4721 10985 1284
f 6398 1284 7299
f 1284 7187 10967
f 10985 7187 1284
f 7299 1284 10967
f 6905 1285 6607
f 6906 6607 1285
f 6904 1285 6905
f 6904 8236 1285
f 6906 1285 9112
f 1285 8236 9112
f 6909 5794 1286
f 5794 8235 1286
f 6909 1286 7198
f 1286 7472 7198
f 7815 7472 1286
f 7819 7815 1286
f 8235 7819 1286
f 7824 1287 1288
f 6912 6616 1287
f 6912 1287 7479
f 7824 7479 1287
f 7966 1289 4456
f 9094 4456 1289
f 7966 7932 1289
f 8958 1289 7932
f 8958 11285 1289
f 9094 1289 11285
f 7999 1500 1290
f 1290 1500 8393
f 7999 1290 4698
f 4698 1290 8423
f 1290 8393 8408
f 1290 8408 8423
f 6922 1590 1291
f 7485 1291 1590
f 6922 1291 12731
f 7485 8192 1291
f 10735 1291 8192
f 10735 12731 1291
f 4681 1292 4615
f 1564 7500 1293
f 10978 1564 1293
f 7500 4464 1293
f 1293 4464 9117
f 6927 1293 9117
f 11127 1293 6927
f 10978 1293 11127
f 1294 5996 2263
f 1294 2263 10637
f 1294 4901 5807
f 1294 6692 4901
f 1294 5807 5996
f 1294 10637 6692
f 4102 1295 13205
f 4102 13478 1295
f 5222 1295 12968
f 5222 13205 1295
f 12968 1295 13204
f 13478 13204 1295
f 3904 1296 3608
f 3608 1296 12969
f 3904 12970 1296
f 5222 12969 1296
f 5222 1296 12970
f 1297 1951 2159
f 1297 11359 1951
f 1297 2159 11602
f 1297 5863 4907
f 1297 4907 11359
f 1297 11602 5863
f 1298 7521 1426
f 1298 1426 11192
f 1298 11192 5308
f 1298 5308 12790
f 1298 5461 7521
f 1298 12790 5461
f 7216 3236 1299
f 1299 3236 7508
f 1299 3477 6945
f 1299 7508 3477
f 7215 1299 6945
f 7216 1299 7215
f 1562 7484 1300
f 1562 1300 8103
f 1300 7484 11489
f 8103 1300 8159
f 8963 8159 1300
f 8963 1300 10740
f 10740 1300 11489
f 1301 1304 6957
f 6637 1301 6956
f 1302 6951 10910
f 7519 7836 1302
f 7519 1302 10910
f 10444 1302 7836
f 7232 7231 1303
f 7231 10481 1303
f 7232 1303 8489
f 7512 8489 1303
f 1425 1854 1304
f 1425 1304 7225
f 1304 1854 6957
f 1305 6959 6966
f 1305 10910 6959
f 1305 6966 11051
f 7525 1305 7532
f 7525 10910 1305
f 7532 1305 11051
f 6980 6974 1306
f 6974 12068 1306
f 6980 1306 7244
f 1306 7235 7244
f 1306 11058 7235
f 1306 12068 11058
f 1432 1307 6969
f 1432 7851 1307
f 1307 11051 6969
f 8136 7532 1307
f 7532 11051 1307
f 8136 1307 7851
f 1308 7239 1433
f 1308 1433 7845
f 1308 6970 7239
f 7535 1308 7845
f 6683 1309 6684
f 6683 6702 1309
f 7243 6684 1309
f 6702 6982 1309
f 1309 6982 6978
f 7243 1309 6978
f 4886 1310 7625
f 4888 7716 1310
f 4888 1310 10199
f 7716 7625 1310
f 7240 1311 7236
f 7254 1311 7240
f 1312 10199 4792
f 1312 4888 10199
f 1312 11817 4888
f 6980 1435 1313
f 1313 1435 7262
f 6981 6980 1313
f 6990 6981 1313
f 6990 1313 7261
f 7261 1313 7262
f 5843 8498 1314
f 10160 5843 1314
f 8496 1314 9648
f 8496 12248 1314
f 1314 8498 9648
f 10160 1314 12248
f 6713 1315 7010
f 6713 11800 1315
f 1315 7013 7010
f 1315 13388 7013
f 11800 11023 1315
f 1315 11023 13388
f 4687 8535 1316
f 1316 12925 4687
f 8223 6815 1316
f 1316 6815 12925
f 8223 1316 7963
f 1316 8535 7963
f 6992 1317 6991
f 7003 6991 1317
f 7266 1317 6992
f 13308 7003 1317
f 7266 7862 1317
f 13308 1317 7862
f 3775 1318 1332
f 1318 10904 1332
f 3197 3332 1318
f 3775 3197 1318
f 1318 3332 4897
f 1318 4897 10904
f 1319 7005 1446
f 1319 1446 7270
f 1319 6996 6998
f 1319 7270 6996
f 1319 6998 7005
f 7001 1320 7002
f 7001 7002 1321
f 7001 1321 7288
f 7002 7261 1321
f 7261 7264 1321
f 1321 7264 7555
f 7288 1321 7555
f 1322 1601 4809
f 10387 1601 1322
f 4195 1322 3939
f 1322 4809 3939
f 4611 1322 4195
f 10387 1322 4611
f 1324 1323 7010
f 1324 7306 1323
f 1325 1324 7013
f 1325 7294 1324
f 1324 7294 1459
f 1324 1459 7306
f 1324 7010 7013
f 1325 7013 13388
f 1325 7019 7298
f 1325 13388 7019
f 1325 7298 7294
f 1326 1453 8164
f 11022 1453 1326
f 8165 1326 8164
f 8165 8454 1326
f 1326 8454 10878
f 11022 1326 10878
f 1327 7005 7004
f 1327 7004 10992
f 1327 7016 7005
f 1327 7303 7016
f 10858 7303 1327
f 10858 1327 10992
f 1328 7022 1460
f 7314 1328 1460
f 1328 7019 7018
f 1328 7018 7022
f 1328 7298 7019
f 7314 7298 1328
f 1329 9474 1601
f 9529 1329 1601
f 1329 9466 4761
f 1329 4761 9474
f 1329 10411 9466
f 10411 1329 9529
f 7026 7025 1330
f 7027 1330 7025
f 13040 7026 1330
f 7027 13034 1330
f 1330 13034 7563
f 13040 1330 7563
f 1599 1331 7312
f 7570 1331 1599
f 1331 7031 7312
f 10996 7031 1331
f 7570 7305 1331
f 10996 1331 7305
f 4806 1332 3443
f 3775 1332 4806
f 1333 1617 8720
f 1333 8720 10411
f 10411 9529 1333
f 10782 1333 9529
f 4108 1334 6027
f 4108 9450 1334
f 5199 1334 9450
f 12148 1334 5199
f 6027 1334 13490
f 12148 13490 1334
f 1469 1335 1464
f 1464 1335 7325
f 7039 1468 1335
f 7325 1335 1468
f 6477 7039 1335
f 1470 1336 1466
f 1466 1336 10184
f 1471 1336 1470
f 1471 7045 1336
f 7045 7044 1336
f 7044 10184 1336
f 1337 1610 1608
f 7339 1337 1608
f 1337 7344 1610
f 6752 7344 1337
f 1338 7344 7049
f 7904 7344 1338
f 1338 7346 7907
f 7904 1338 7907
f 5321 2252 1339
f 6214 1339 2252
f 5321 1339 3314
f 3314 1339 9658
f 4821 1339 6214
f 9658 1339 4821
f 1490 1340 1350
f 1340 7053 1350
f 1340 1493 1479
f 6759 1340 1479
f 1493 1340 1490
f 6759 7053 1340
f 1341 7054 1342
f 1341 1342 7607
f 6760 7054 1341
f 1341 7607 7348
f 1484 1616 1342
f 7055 1484 1342
f 7607 1342 1616
f 7055 1342 7054
f 1343 5838 1356
f 1343 1356 10375
f 1343 10375 3656
f 1343 3656 10380
f 1343 4226 5838
f 1343 10380 4226
f 1485 7352 1344
f 1485 1344 7890
f 7060 7061 1344
f 10973 7060 1344
f 7061 7890 1344
f 10973 1344 7352
f 6765 1487 1345
f 1345 1487 7610
f 1625 1345 7610
f 1625 7890 1345
f 7061 1345 7890
f 6768 1346 1347
f 7604 1347 1346
f 1348 1618 1346
f 7604 1346 1618
f 1793 1347 7605
f 7604 7605 1347
f 1349 1618 1348
f 1349 1348 7051
f 1349 1492 1618
f 1492 1349 7611
f 7603 1349 7051
f 7611 1349 7603
f 1490 1350 1481
f 7053 7066 1350
f 1490 1351 1493
f 1351 1490 1621
f 1621 7358 1351
f 6773 1351 7358
f 3668 5398 1352
f 3668 1352 10097
f 5398 10539 1352
f 1352 7653 10537
f 1352 10539 7653
f 10097 1352 10537
f 1496 1353 1627
f 7364 1627 1353
f 7069 7073 1353
f 7073 7364 1353
f 1354 5175 3861
f 1354 3861 8948
f 12862 5175 1354
f 12633 5182 1354
f 12862 1354 5182
f 12633 1354 8948
f 1639 1637 1355
f 7364 1355 1637
f 6058 1355 7073
f 7073 1355 7364
f 1356 1363 3732
f 1356 5838 1363
f 9396 1356 3732
f 9396 10375 1356
f 7367 1357 7642
f 13339 12040 1357
f 1631 1635 1358
f 1631 1358 7370
f 1635 7078 1358
f 1358 6783 7370
f 1358 11006 6783
f 1358 7078 11006
f 1636 1359 1503
f 1359 7079 1503
f 7926 1359 1636
f 7926 1639 1359
f 1360 7372 7928
f 1360 7928 7647
f 1361 7083 1498
f 1361 1498 13102
f 6777 1361 13102
f 12524 7083 1361
f 6793 7085 1362
f 7650 6793 1362
f 7651 1362 7387
f 7651 7650 1362
f 1994 1363 3680
f 1994 3732 1363
f 3680 1363 3663
f 1363 5838 3663
f 1767 5984 1364
f 1767 1364 10645
f 4865 4864 1364
f 10645 1364 4864
f 5984 4865 1364
f 1366 1648 1365
f 1366 1365 7092
f 1649 1365 1648
f 1649 7396 1365
f 7092 1365 6531
f 6531 1365 7396
f 1818 1648 1366
f 1818 1366 7094
f 1366 7092 6801
f 1366 6801 7094
f 1367 1368 1516
f 6529 1368 1367
f 1647 1367 1516
f 1647 7096 1367
f 1517 1369 7396
f 6806 6807 1369
f 6807 7396 1369
f 1517 1650 1370
f 1519 1370 1650
f 1519 6816 1370
f 1370 6816 6814
f 1372 1521 7105
f 1521 1372 7678
f 7106 1372 7105
f 1675 1670 1373
f 1675 1373 7109
f 7109 1373 6543
f 1829 1374 1676
f 7105 1676 1374
f 1829 1682 1374
f 7114 1374 1682
f 7106 7105 1374
f 7110 7106 1374
f 7110 1374 7114
f 1375 1682 1681
f 1375 1681 1828
f 1375 1828 7109
f 1375 7109 6543
f 1376 1383 4759
f 4857 1383 1376
f 1994 3680 1376
f 1994 1376 4759
f 3680 10288 1376
f 4857 1376 10288
f 4406 1377 4405
f 1377 4409 4405
f 4406 4525 1377
f 1378 5877 2263
f 5996 1378 2263
f 1378 6108 5525
f 1378 5525 10942
f 1378 10942 5877
f 5996 6108 1378
f 7720 1523 1379
f 8027 1379 7719
f 8183 7719 1379
f 7720 1379 8027
f 3631 1380 4806
f 4898 1380 3631
f 3755 1380 3695
f 4808 3695 1380
f 3755 4806 1380
f 4808 1380 4898
f 1381 7125 7407
f 1381 7407 7724
f 3743 1383 1382
f 4857 1382 1383
f 3743 1382 4805
f 6015 4805 1382
f 4857 11358 1382
f 6015 1382 11358
f 3743 4759 1383
f 1385 1384 7414
f 1385 8035 1384
f 7418 7131 1384
f 7418 1384 8035
f 1385 7414 1530
f 1385 1530 8034
f 1385 8034 8288
f 1385 8288 8035
f 1531 1532 1386
f 7418 1531 1386
f 1507 4293 1387
f 13133 1507 1387
f 3901 1387 4293
f 3901 4351 1387
f 4351 12884 1387
f 13133 1387 12884
f 5194 1388 1644
f 1644 1388 5374
f 3804 1388 9872
f 3804 13225 1388
f 5194 9872 1388
f 1388 12922 5374
f 1388 13225 12922
f 3733 1389 12363
f 3733 12587 1389
f 1389 11955 11958
f 12362 11955 1389
f 1389 11958 12363
f 12362 1389 12587
f 1723 1390 1720
f 1720 1390 7426
f 1723 7139 1390
f 7139 7152 1390
f 1391 6867 1395
f 1395 8297 1391
f 1391 1537 7138
f 7738 1537 1391
f 1391 7138 6867
f 8046 7738 1391
f 8046 1391 8297
f 1392 1538 7733
f 1392 7742 7148
f 1392 7733 7528
f 1392 7528 7742
f 1400 7433 1393
f 1393 7745 1540
f 1393 7433 7745
f 1394 2077 2020
f 4400 1394 2020
f 4170 2077 1394
f 13360 4170 1394
f 1395 6867 1396
f 10846 1395 1396
f 1395 3387 8297
f 10846 3387 1395
f 6867 6868 1396
f 7431 1396 6868
f 10841 1396 7431
f 10841 10846 1396
f 1397 1456 4166
f 1397 8644 1456
f 1397 5976 4072
f 1397 4072 8644
f 1397 4166 4752
f 1397 4752 5976
f 1399 7139 1398
f 1399 1398 7149
f 1398 7139 10346
f 1399 7152 7139
f 1400 7154 7442
f 1400 7442 7433
f 6103 1401 1757
f 10823 1757 1401
f 13633 1401 6103
f 10736 8859 1401
f 8859 10823 1401
f 10736 1401 13633
f 7157 7153 1402
f 7153 9736 1402
f 7158 7157 1402
f 7158 1402 12153
f 7758 1402 9736
f 7758 12153 1402
f 6876 6580 1403
f 1403 6580 6880
f 6876 1403 7160
f 1403 6880 7167
f 7161 7160 1403
f 7161 1403 7167
f 1404 1486 4169
f 1404 4399 1486
f 1404 1920 1814
f 1404 1814 4399
f 1404 4282 1920
f 13628 1404 4169
f 13628 4282 1404
f 1405 1407 7772
f 7165 7164 1405
f 7165 1405 7441
f 7441 1405 7772
f 1406 7129 1733
f 1406 1733 7771
f 1406 7171 7129
f 1406 7169 7171
f 7174 1407 6589
f 7176 1407 7174
f 7176 7774 1407
f 7774 7772 1407
f 7176 1408 1737
f 1737 1408 8074
f 7176 7175 1408
f 7175 12039 1408
f 7177 8074 1408
f 7177 1408 12039
f 2905 1409 7180
f 8359 1409 2905
f 7453 7180 1409
f 7453 1409 8360
f 8359 8360 1409
f 1894 8081 1410
f 1894 1410 9503
f 7453 9503 1410
f 8081 7455 1410
f 7461 1411 7183
f 11903 7183 1411
f 7462 1411 7461
f 7462 11886 1411
f 11886 10985 1411
f 11903 1411 10985
f 6979 1412 8080
f 6979 10325 1412
f 1412 10325 7795
f 1412 7795 11854
f 9345 8080 1412
f 9345 1412 11854
f 1413 1897 8088
f 1413 8091 1897
f 1413 8088 7188
f 1413 7188 10929
f 1413 10305 8091
f 1413 10929 10305
f 1556 1414 10496
f 1556 11684 1414
f 7299 1414 7194
f 11684 7194 1414
f 7299 10783 1414
f 10783 10496 1414
f 7804 1415 7469
f 1415 10923 7469
f 7806 1415 7804
f 7806 10305 1415
f 11801 1415 10305
f 11801 10923 1415
f 6569 1416 6597
f 7816 1416 6569
f 6597 1416 7195
f 6907 7195 1416
f 6907 1416 7196
f 7816 7196 1416
f 1417 1456 8644
f 1417 10881 1456
f 8525 1417 1929
f 1417 8644 1929
f 8525 8816 1417
f 8816 10881 1417
f 7477 1418 7200
f 8100 1418 7477
f 8100 7480 1418
f 4720 1419 4012
f 4012 1419 7389
f 7389 1419 4606
f 7417 4606 1419
f 4720 8349 1419
f 7417 1419 8349
f 7208 1420 7492
f 7493 1420 7208
f 7492 1420 8106
f 7493 8111 1420
f 10239 8106 1420
f 8111 10239 1420
f 8774 1421 1565
f 8774 11436 1421
f 11446 11107 1421
f 11436 11446 1421
f 12976 1462 1422
f 1422 1462 12978
f 1422 4004 2639
f 1422 2639 13224
f 1422 12978 4004
f 12976 1422 13224
f 3833 7216 1423
f 3833 1423 8406
f 7217 7214 1423
f 7214 7831 1423
f 7217 1423 7216
f 7831 8404 1423
f 8404 8406 1423
f 7503 7071 1424
f 7503 1424 7833
f 8116 7833 1424
f 8116 1424 8412
f 1425 7505 1761
f 1425 1761 7840
f 1425 7840 1854
f 1425 7225 11292
f 1425 11292 7505
f 5729 5290 1426
f 11192 1426 5290
f 5729 1426 5626
f 5626 1426 7521
f 1427 6835 1640
f 1427 1640 10356
f 1427 10361 6835
f 1427 10286 10341
f 1427 10356 10286
f 1427 10341 10361
f 7243 1428 6684
f 7243 7530 1428
f 7530 11196 1428
f 1428 11196 10895
f 1429 4123 4568
f 1429 13513 4123
f 1429 13538 4131
f 1429 4568 13538
f 7232 1430 7231
f 7236 7231 1430
f 7232 7541 1430
f 7240 7236 1430
f 7240 1430 7541
f 7235 1431 6344
f 7849 6344 1431
f 7230 7844 1431
f 7230 1431 11058
f 7235 11058 1431
f 7849 1431 7844
f 7247 1436 1432
f 8444 1432 1436
f 7247 1432 6969
f 8444 7851 1432
f 6158 1433 7251
f 6158 8141 1433
f 7239 7251 1433
f 8141 7845 1433
f 4534 1434 4531
f 13501 4531 1434
f 10889 1434 4632
f 10889 13501 1434
f 6980 7244 1435
f 7245 1435 7244
f 7245 7547 1435
f 7262 1435 7547
f 1436 1441 1924
f 7249 1441 1436
f 8444 1436 1924
f 7249 1436 7247
f 4893 3280 1437
f 6409 1437 3280
f 1437 4378 4899
f 6409 4378 1437
f 5619 4893 1437
f 5619 1437 4899
f 1438 2049 1440
f 1438 1440 8653
f 1438 9191 2049
f 1438 6286 6604
f 1438 8653 6286
f 1438 6604 9191
f 7254 1439 1442
f 1442 1439 8156
f 7254 7240 1439
f 7240 8145 1439
f 1439 8145 8147
f 1439 8147 8156
f 1440 2049 11484
f 1440 4733 2177
f 1440 2177 8653
f 1440 11484 4733
f 1441 7873 1924
f 10878 7873 1441
f 7269 1442 1445
f 7868 1445 1442
f 7254 1442 7258
f 7258 1442 7269
f 7868 1442 8156
f 7264 7262 1443
f 7262 7547 1443
f 7264 1443 7554
f 7547 7866 1443
f 7554 1443 8215
f 8215 1443 7866
f 1659 1444 1643
f 11339 1643 1444
f 4034 1444 1659
f 4034 4800 1444
f 11339 1444 4800
f 1445 8157 1449
f 1445 1449 10763
f 7269 1445 10763
f 7868 8157 1445
f 1446 7005 7016
f 1446 7016 10651
f 7270 1446 8163
f 1446 10651 8163
f 1447 2823 4949
f 1447 4949 2918
f 1447 11766 4946
f 10787 7563 1448
f 13034 1448 7563
f 7874 1448 7867
f 13308 7867 1448
f 10787 1448 7874
f 13308 1448 13034
f 1449 8161 1450
f 10763 1449 1450
f 8157 1926 1449
f 1926 8161 1449
f 1450 8161 1451
f 10776 1450 1451
f 10763 1450 7284
f 10776 7284 1450
f 7876 1454 1451
f 10776 1451 1454
f 7876 1451 8462
f 8462 1451 8161
f 4836 1452 4782
f 8186 1453 7024
f 11022 7024 1453
f 7558 8164 1453
f 7558 1453 8186
f 7291 1454 7292
f 10776 1454 7291
f 10679 7292 1454
f 7876 10679 1454
f 1455 7294 7298
f 7309 7294 1455
f 7314 1455 7298
f 7309 1455 10970
f 7314 10401 1455
f 1455 10401 10970
f 1456 1660 4166
f 1456 10881 1660
f 7574 1460 1457
f 1460 13045 1457
f 10220 1457 1597
f 10859 1597 1457
f 7574 1457 10220
f 10859 1457 13045
f 1596 1458 1598
f 1596 7564 1458
f 7305 1598 1458
f 7303 1458 7564
f 10858 1458 7303
f 10858 7305 1458
f 1459 1461 7306
f 7313 1461 1459
f 7309 1459 7294
f 7313 1459 7309
f 1460 7022 7023
f 1460 7023 13045
f 7314 1460 7574
f 1461 7312 7306
f 1461 7319 7312
f 7313 10309 1461
f 1461 10309 7319
f 1462 12102 12526
f 12759 12102 1462
f 12978 1462 12526
f 12976 12759 1462
f 5662 1463 7572
f 5662 10529 1463
f 7572 1463 12854
f 9907 1463 10529
f 9907 12855 1463
f 12855 12854 1463
f 1469 1464 7323
f 10354 7323 1464
f 1464 7325 10849
f 10354 1464 10849
f 9153 2347 1465
f 10825 1465 2347
f 1470 1466 7580
f 1466 10184 7323
f 1466 7323 10855
f 1466 10370 7580
f 1466 10855 10370
f 12986 1467 1510
f 12990 1510 1467
f 12986 4008 1467
f 13505 1467 4008
f 12990 1467 4009
f 13507 4009 1467
f 13505 13507 1467
f 10196 1468 7036
f 12915 7036 1468
f 12915 1468 7039
f 10196 7325 1468
f 1469 7323 10184
f 1469 10184 10986
f 7588 1471 1470
f 1602 1470 7580
f 7588 1470 1602
f 6743 1471 1474
f 7588 1474 1471
f 6743 7045 1471
f 1472 1606 1935
f 1472 7336 1606
f 1472 1935 6316
f 1472 6316 6132
f 1472 6132 7891
f 1472 7335 7336
f 1472 7891 7335
f 1473 1604 3740
f 1473 7945 1604
f 1473 7891 1784
f 1473 1784 7945
f 1473 3740 7335
f 1473 7335 7891
f 7342 1474 1605
f 7588 1605 1474
f 1475 4834 2452
f 1475 2452 10826
f 1475 11443 4834
f 1475 10826 5921
f 1475 5921 11443
f 7593 1609 1476
f 7593 1476 10175
f 1477 1724 10130
f 1477 10826 1724
f 8602 1477 4872
f 1477 10130 4872
f 8602 5921 1477
f 1477 5921 10826
f 11814 1478 2781
f 4948 1478 4973
f 4950 4973 1478
f 4950 1478 11814
f 1620 7346 1479
f 1491 1481 1480
f 1480 1481 7348
f 1491 1480 1890
f 1480 1795 1890
f 1480 7348 1795
f 1490 1481 1491
f 4854 1482 1643
f 1643 1482 10286
f 4854 9379 1482
f 9379 4855 1482
f 4855 10341 1482
f 10341 10286 1482
f 1485 1624 1483
f 1485 1483 7352
f 1483 7615 1622
f 1483 1622 10975
f 1483 1624 7615
f 1483 10975 7352
f 7609 1616 1484
f 7609 1484 1622
f 1484 10975 1622
f 7055 10975 1484
f 7627 1624 1485
f 7627 1485 7890
f 1486 11303 2123
f 13624 1486 2123
f 13624 4169 1486
f 1486 4399 11303
f 1793 7618 1487
f 1487 7618 7610
f 1551 1488 4708
f 1551 9271 1488
f 10229 1488 1726
f 1726 1488 10234
f 10229 4708 1488
f 9271 10234 1488
f 1489 2370 7040
f 3917 1489 3050
f 1489 7040 3050
f 3917 11431 1489
f 1621 1490 1491
f 1621 1491 1797
f 1491 1890 1797
f 1492 1496 1627
f 1496 1492 7628
f 1618 1492 1799
f 1799 1492 1627
f 7611 7628 1492
f 10806 1494 10080
f 1544 1767 1495
f 5001 1497 3653
f 1497 7197 3653
f 4727 1497 5001
f 8447 1497 4727
f 8447 7197 1497
f 7378 1498 7083
f 7362 1498 8201
f 7362 13102 1498
f 7378 8201 1498
f 3453 2930 1499
f 2930 11527 1499
f 5173 3453 1499
f 3938 4431 1499
f 3938 1499 11527
f 4431 5173 1499
f 4695 1500 7999
f 8223 1500 4695
f 8223 7963 1500
f 7963 8393 1500
f 1515 4398 1501
f 1515 1501 13618
f 3800 1501 4398
f 13355 1501 3800
f 4059 1501 13355
f 13618 1501 4059
f 1502 9374 4563
f 1502 4567 7739
f 1502 7739 9199
f 1502 9199 9374
f 1635 1503 7078
f 1635 7638 1503
f 1636 1503 7638
f 1503 7079 7078
f 4762 1504 5633
f 4762 11517 1504
f 5633 1504 11519
f 1504 6235 6004
f 1504 6004 11519
f 1504 11517 6235
f 6207 5981 1505
f 5981 8148 1505
f 1505 6206 7913
f 1505 9174 6206
f 6207 1505 7913
f 8148 9174 1505
f 5737 6950 1506
f 12600 5737 1506
f 6950 12178 1506
f 7155 1506 12178
f 7155 12374 1506
f 12600 1506 12374
f 4074 4294 1507
f 4074 1507 13133
f 1507 4294 4293
f 4830 1508 4831
f 4830 10728 1508
f 10785 4831 1508
f 6026 1509 2736
f 9928 2736 1509
f 9928 1509 4560
f 3811 1510 12543
f 3811 12986 1510
f 12998 12543 1510
f 12998 1510 12990
f 1511 4122 1927
f 1511 1927 13262
f 12996 2644 1511
f 1511 2644 13249
f 1511 13249 4122
f 12996 1511 13262
f 1512 7655 1811
f 1512 1811 7936
f 1512 7651 7387
f 1512 7387 10956
f 1512 7936 7651
f 1512 10956 7655
f 2025 1513 3815
f 2025 4118 1513
f 3815 1513 12551
f 4015 3819 1513
f 1513 3819 12551
f 4015 1513 4118
f 1826 2416 1514
f 5170 1826 1514
f 6212 1514 2416
f 5170 1514 8912
f 8912 1514 6212
f 1515 4278 11332
f 1515 13618 4278
f 1515 11322 4398
f 1515 11332 11322
f 1647 1516 1657
f 1649 1650 1517
f 1649 1517 7396
f 1520 7684 1518
f 1657 1518 7665
f 7665 1518 7667
f 7667 1518 7684
f 1519 1650 1651
f 1519 1651 7678
f 1670 7684 1520
f 7105 1521 1677
f 1677 1521 7692
f 1521 7679 1678
f 1521 1678 7692
f 1521 7678 7679
f 1714 1522 1534
f 1522 6847 1534
f 1706 1522 1705
f 1714 1705 1522
f 1524 7121 1523
f 7720 1524 1523
f 7405 7121 1524
f 7405 1524 7722
f 7721 7608 1524
f 1524 7608 7722
f 7721 1524 7720
f 1866 7723 1525
f 8268 1866 1525
f 7722 1525 7406
f 7406 1525 12357
f 8268 1525 7722
f 12357 1525 7723
f 8279 1527 1526
f 8276 1526 7724
f 8279 1526 8276
f 8039 1527 6397
f 8279 6397 1527
f 8039 7425 1527
f 9856 1528 5911
f 9856 7409 1528
f 3885 1529 7411
f 1529 7413 7411
f 1529 7415 7413
f 7730 7415 1529
f 7730 1861 1530
f 8034 1530 1861
f 1530 7414 7415
f 7730 1530 7415
f 1531 8037 1532
f 1531 8035 1869
f 1531 1869 8037
f 7418 8035 1531
f 1713 7419 1532
f 1713 1532 8037
f 1872 1536 1533
f 1536 7423 1533
f 1533 1713 1871
f 1533 7419 1713
f 1872 1533 1871
f 7419 1533 7423
f 1715 1534 1537
f 1714 1534 1715
f 1535 4364 2481
f 5324 1535 2481
f 1535 3796 4364
f 1535 4766 3796
f 8817 4766 1535
f 5324 8817 1535
f 8557 1536 1872
f 1536 1875 7426
f 1536 8557 1875
f 1536 7426 7423
f 1715 1537 7738
f 7425 7733 1538
f 8294 1539 1540
f 1539 1874 5911
f 8294 1874 1539
f 1722 1540 7745
f 8294 1540 1722
f 7436 1541 1543
f 8050 1543 1541
f 7436 7148 1541
f 7148 7742 1541
f 1541 7742 7751
f 8050 1541 7751
f 1542 7162 7161
f 1542 7161 7761
f 7162 1542 7430
f 1542 8062 7430
f 1542 7761 7760
f 1542 7760 8062
f 7437 1543 1545
f 8057 1545 1543
f 7436 1543 7437
f 8050 8057 1543
f 1544 5984 1767
f 1544 11400 5984
f 7437 1545 7440
f 7763 7440 1545
f 8478 7763 1545
f 8478 1545 8057
f 7129 7171 1546
f 7129 1546 8069
f 7764 1546 7439
f 7764 8069 1546
f 1885 1547 8570
f 1885 9642 1547
f 1547 7773 5943
f 1547 5943 8570
f 1547 7441 7773
f 1547 9642 7441
f 1742 10119 1548
f 1742 1548 10512
f 8078 1893 1548
f 9596 1548 1893
f 9596 7444 1548
f 10512 1548 7444
f 10119 8078 1548
f 8079 1549 1893
f 9596 1893 1549
f 7783 7448 1549
f 10790 1549 7448
f 7783 1549 8079
f 9596 1549 10790
f 7452 7447 1550
f 9563 1550 7447
f 7452 1550 7450
f 7784 7450 1550
f 7784 1550 7782
f 9563 7782 1550
f 3975 1551 2021
f 1551 7794 2021
f 3975 9271 1551
f 1551 4708 7794
f 4869 1552 5983
f 4869 10705 1552
f 1552 10033 5983
f 6026 10703 1552
f 1552 10703 10033
f 4818 1553 3242
f 4818 9645 1553
f 7461 7459 1554
f 7459 8202 1554
f 7462 7461 1554
f 7462 1554 10538
f 8202 7787 1554
f 7787 10538 1554
f 1555 4816 3242
f 1555 3309 4816
f 1555 10683 3309
f 7807 9134 1556
f 7807 1556 10066
f 1556 9134 11684
f 10066 1556 10496
f 7809 1557 3828
f 1557 11705 7468
f 7809 7469 1557
f 1557 7469 11705
f 1558 6842 8387
f 1558 10753 6842
f 7819 8235 1558
f 1558 8384 7819
f 1558 8235 10753
f 1558 8387 8384
f 1559 6009 8096
f 1559 10258 6009
f 1559 8097 6014
f 1559 6014 13604
f 1559 8096 8097
f 1559 13604 10258
f 1560 7479 1755
f 1560 1755 8102
f 1560 8102 6859
f 1560 6859 9041
f 1560 9041 7479
f 3154 1561 3067
f 3067 1561 3156
f 3246 1561 3154
f 3156 1561 3247
f 3246 3322 1561
f 3322 3247 1561
f 1562 1590 7484
f 1562 7485 1590
f 1562 13605 7485
f 1562 8103 13605
f 6485 1563 6473
f 6473 1563 7492
f 6485 10737 1563
f 1563 7488 7492
f 1563 12141 7488
f 10737 12141 1563
f 1564 6103 7500
f 1564 13633 6103
f 10978 13633 1564
f 7517 1762 1565
f 8118 1565 1762
f 8774 1565 8118
f 10645 4864 1566
f 1567 4545 4544
f 1567 4544 10543
f 1567 4645 4545
f 1567 10331 4645
f 4937 10331 1567
f 4937 1567 10543
f 1568 8402 8676
f 8733 8402 1568
f 1568 8676 8718
f 1568 8718 8729
f 8730 1568 8729
f 8730 8733 1568
f 1569 5444 8676
f 1569 10729 5444
f 7970 1569 8613
f 7970 10729 1569
f 8403 8613 1569
f 8403 1569 8676
f 1570 5763 1761
f 1570 1761 7505
f 7500 1570 4464
f 1570 7505 4464
f 1570 8642 5763
f 7500 8642 1570
f 8406 1571 4602
f 8741 4602 1571
f 8406 7875 1571
f 8739 1571 7875
f 8739 12488 1571
f 8741 1571 12488
f 4014 1572 12559
f 4014 13248 1572
f 1572 5125 10616
f 1572 13248 5125
f 12537 1572 10616
f 12537 12559 1572
f 1573 11566 3280
f 8452 7197 1573
f 1573 7197 11566
f 1574 7515 3448
f 8545 1574 3448
f 6134 8129 1574
f 8421 6134 1574
f 8129 7515 1574
f 8421 1574 8545
f 1575 1578 7050
f 1575 10721 1578
f 1575 5745 1910
f 1575 1910 10811
f 1575 9173 5745
f 1575 7050 9173
f 1575 10811 10721
f 4007 1576 2640
f 2640 1576 4123
f 3919 1576 4007
f 3919 12787 1576
f 13253 4123 1576
f 12787 13014 1576
f 13253 1576 13014
f 8413 1577 1580
f 10700 1580 1577
f 7043 1577 8413
f 7043 9783 1577
f 9783 7522 1577
f 10700 1577 7522
f 1578 1582 8432
f 1578 10721 1582
f 1578 8432 7050
f 1579 7537 7527
f 8542 1579 7527
f 1579 8442 7537
f 8129 8128 1579
f 8128 8442 1579
f 8542 8129 1579
f 7941 1580 1583
f 10700 1583 1580
f 8415 1580 7941
f 8413 1580 8415
f 1646 1581 4397
f 1646 13354 1581
f 1581 2150 2204
f 1581 4279 2150
f 4397 1581 2204
f 13354 4279 1581
f 1582 7525 7532
f 1582 10721 7525
f 8136 1582 7532
f 8137 1582 8136
f 8137 8432 1582
f 1583 7845 5788
f 7941 1583 5788
f 7535 7845 1583
f 10700 7535 1583
f 7074 8131 1584
f 7074 1584 8489
f 7232 1584 8132
f 7232 8489 1584
f 8131 8132 1584
f 1585 7913 6206
f 1585 11148 6411
f 1585 6411 11445
f 1585 11445 7913
f 2247 1586 2013
f 4056 2013 1586
f 11382 1586 2247
f 13353 4056 1586
f 11382 4278 1586
f 13353 1586 4278
f 1587 8150 1923
f 1587 1923 8436
f 1587 7241 7242
f 1587 8436 7241
f 1587 7242 7546
f 1587 7546 8150
f 7141 8448 1588
f 7141 1588 13424
f 7548 1588 8437
f 7548 13424 1588
f 8777 8437 1588
f 8777 1588 8448
f 1591 7141 1589
f 1591 1589 10679
f 7141 13424 1589
f 7552 1589 7549
f 7549 1589 13424
f 10679 1589 7552
f 6920 1590 6411
f 6922 6411 1590
f 7484 1590 6920
f 11295 7141 1591
f 7876 1591 10679
f 11295 1591 7876
f 1592 7877 6251
f 7879 1592 6251
f 7555 7554 1592
f 1592 7554 7877
f 7555 1592 7557
f 7879 7557 1592
f 1593 7874 1779
f 1593 1779 8457
f 3805 1593 8166
f 3805 10787 1593
f 1593 10787 7874
f 1593 8457 8166
f 2240 4249 1594
f 4374 2240 1594
f 6533 4374 1594
f 6533 1594 12091
f 1595 7564 1596
f 1595 1596 8464
f 1595 7565 7564
f 1595 8045 7565
f 1595 8172 8045
f 1595 8464 8172
f 1596 1598 7886
f 1596 7886 8464
f 1603 1597 7887
f 1603 10220 1597
f 7887 1597 7569
f 10859 7569 1597
f 6135 1598 7570
f 6135 7886 1598
f 7570 1598 7305
f 1599 7312 7319
f 1599 7319 10291
f 7570 1599 7577
f 1599 10291 7577
f 10026 2319 1600
f 1600 3057 7544
f 10026 1600 7544
f 1601 9474 4809
f 10387 9529 1601
f 7582 1602 7580
f 7582 7587 1602
f 7587 7588 1602
f 7582 1603 6104
f 6104 1603 7887
f 7582 10647 1603
f 1603 10647 10220
f 7036 3740 1604
f 10196 7036 1604
f 7945 7974 1604
f 10196 1604 7974
f 1936 1607 1605
f 7342 1605 1607
f 10166 1936 1605
f 7587 1605 7588
f 7587 10166 1605
f 1606 7339 1608
f 8185 1606 1608
f 8185 1935 1606
f 7336 7339 1606
f 7901 1607 1936
f 7593 7342 1607
f 7593 1607 7902
f 7901 7902 1607
f 1938 1608 1610
f 8185 1608 1938
f 1789 1611 1609
f 1789 1609 7902
f 7593 7902 1609
f 8476 1938 1610
f 7904 1610 7344
f 7904 8476 1610
f 1789 1612 1611
f 7600 1611 1612
f 11220 1611 7600
f 1789 1939 1612
f 1939 8190 1612
f 7600 1612 7908
f 8190 7908 1612
f 7611 1613 1619
f 8195 1619 1613
f 5482 1613 7602
f 5482 8195 1613
f 7603 7602 1613
f 7603 1613 7611
f 5498 1614 5220
f 5534 5220 1614
f 5498 6253 1614
f 5534 1614 8754
f 1614 6253 6212
f 1614 6212 8754
f 2524 1615 8365
f 8399 1615 2524
f 1615 6253 6283
f 8912 6253 1615
f 1615 6283 8365
f 8399 8912 1615
f 7609 1623 1616
f 7912 1616 1623
f 7607 1616 7912
f 5495 1618 1799
f 7604 1618 5495
f 7372 1619 10099
f 7611 1619 7628
f 8195 10099 1619
f 1620 2097 7346
f 1620 7911 2097
f 1620 7362 7911
f 1621 1797 7923
f 1621 7923 7358
f 7609 1622 1629
f 7615 1629 1622
f 7609 7621 1623
f 7621 7623 1623
f 7623 7918 1623
f 7918 7912 1623
f 7627 1631 1624
f 1631 7860 1624
f 7615 1624 7860
f 7627 1625 1635
f 1625 7638 1635
f 1625 7610 7638
f 7627 7890 1625
f 1626 1636 7618
f 7926 1636 1626
f 1793 1942 1626
f 1793 1626 7618
f 8199 1626 1942
f 8199 7926 1626
f 1799 1627 7921
f 7364 7921 1627
f 8203 7280 1628
f 1628 7280 8482
f 7362 1628 7911
f 7362 8201 1628
f 1628 8482 7911
f 8203 1628 8201
f 7621 1629 7367
f 7609 1629 7621
f 7615 10621 1629
f 1878 1630 4073
f 1878 13385 1630
f 1630 3875 4071
f 1630 13131 3875
f 1630 4071 4073
f 1630 13385 13131
f 7627 1635 1631
f 1631 7370 7860
f 5808 6646 1632
f 6637 6956 1632
f 11409 6637 1632
f 11409 1632 6646
f 7641 1633 1944
f 8483 1944 1633
f 7641 10099 1633
f 8194 1633 8195
f 8194 8483 1633
f 8195 1633 10099
f 1634 3576 4129
f 13266 3576 1634
f 1634 4129 13018
f 13266 1634 13016
f 7638 7618 1636
f 1803 1637 1639
f 1803 3144 1637
f 7921 1637 3144
f 7364 1637 7921
f 8059 1638 2625
f 8073 2625 1638
f 8059 4462 1638
f 12351 1638 4462
f 8073 1638 6835
f 12351 6835 1638
f 1803 1639 7926
f 12351 1640 6835
f 12351 8467 1640
f 8467 12372 1640
f 10356 1640 12372
f 7930 1946 1641
f 8208 1641 1946
f 7647 1641 7380
f 8208 7380 1641
f 7647 7928 1641
f 7930 1641 7928
f 1810 1948 1642
f 7650 1810 1642
f 8486 1642 1948
f 7650 1642 7648
f 8486 7648 1642
f 1659 1643 10286
f 4854 1643 11339
f 5194 1644 4002
f 1644 5566 4002
f 1644 5374 9310
f 1644 9310 5566
f 1645 3335 7443
f 1645 7644 3335
f 6590 1645 4655
f 4655 1645 7443
f 6590 11756 1645
f 11756 7644 1645
f 1646 4397 1760
f 1646 1760 13352
f 1646 13352 13095
f 1646 13095 13354
f 1817 1647 1657
f 7393 1647 1817
f 7393 7096 1647
f 1649 1648 7671
f 1818 1658 1648
f 1658 7671 1648
f 1649 7671 1650
f 1651 1650 7671
f 7670 1651 7671
f 7670 7679 1651
f 7679 7678 1651
f 1652 2129 1760
f 1652 1760 4397
f 1652 4395 2129
f 1652 11398 4395
f 1652 4397 11404
f 1652 11404 11398
f 7667 1663 1653
f 7674 1653 1663
f 7666 1653 7662
f 7674 7662 1653
f 7665 1653 7666
f 7665 7667 1653
f 7674 1662 1654
f 1662 7954 1654
f 7663 1654 1823
f 1654 7954 1823
f 7663 7662 1654
f 7674 1654 7662
f 4336 1655 7776
f 4336 12192 1655
f 4838 1655 5012
f 4838 12182 1655
f 5012 1655 12192
f 7776 1655 12182
f 5457 1656 11189
f 5457 13568 1656
f 11189 1656 5987
f 9058 1656 13568
f 1817 1657 7665
f 1818 1820 1658
f 1658 1820 7947
f 7670 7671 1658
f 7670 1658 7947
f 4593 4034 1659
f 4593 1659 12360
f 10356 1659 10286
f 12360 1659 10356
f 1660 1812 4166
f 10886 1660 10881
f 1661 1668 1667
f 7673 1661 1667
f 1661 7950 1668
f 7670 1661 7673
f 7670 7947 1661
f 1661 7947 7950
f 7676 1662 7674
f 7676 7957 1662
f 1662 7957 7954
f 1664 1672 1663
f 7667 1664 1663
f 7676 1663 1672
f 7676 7674 1663
f 1664 7694 1672
f 7667 7684 1664
f 1664 7684 7689
f 1664 7689 7694
f 3939 3709 1665
f 4808 1665 3709
f 4195 3939 1665
f 4808 4898 1665
f 4134 1666 2680
f 1666 13279 2680
f 13031 1666 4134
f 13029 1666 13031
f 13280 1666 13029
f 13280 13279 1666
f 1822 1667 1668
f 1822 1671 1667
f 7697 1667 1671
f 7673 1667 1679
f 7697 1679 1667
f 1822 1668 7953
f 7950 7953 1668
f 1669 1672 1831
f 7676 1672 1669
f 7676 1669 1827
f 7968 1827 1669
f 7968 1669 1831
f 1675 7965 1670
f 1670 7689 7684
f 7965 7689 1670
f 1683 7697 1671
f 1683 1671 7962
f 1822 1958 1671
f 7962 1671 1958
f 7694 1831 1672
f 1673 3542 4118
f 1673 13290 3542
f 1673 3561 4346
f 1673 13521 3561
f 1673 4118 13521
f 1673 4346 13290
f 11003 1674 1985
f 1674 11009 1985
f 5631 9924 1674
f 1674 9924 11009
f 1675 1828 5772
f 1675 7109 1828
f 1675 5772 7965
f 1836 1676 1677
f 7105 1677 1676
f 1835 1829 1676
f 1835 1676 1836
f 1836 1677 7692
f 7673 1679 1678
f 7701 1678 1679
f 7673 1678 7679
f 7701 7692 1678
f 7697 7701 1679
f 1680 5193 5090
f 5090 5370 1680
f 1680 9292 5193
f 6810 1680 5370
f 6810 13083 1680
f 13083 9292 1680
f 1829 1681 1682
f 1828 1681 1833
f 1834 1681 1829
f 1833 1681 1834
f 1683 7978 7697
f 8227 1683 7962
f 8227 7978 1683
f 8624 1726 1684
f 1684 1726 10234
f 2055 1684 10234
f 13485 1684 2055
f 8624 1684 10245
f 13485 10245 1684
f 9769 1685 3042
f 1685 11613 3042
f 1685 5202 5211
f 1685 8808 5202
f 1685 5211 11613
f 9769 8808 1685
f 1686 1694 1837
f 1686 7989 1694
f 1686 1837 7701
f 1686 7978 1839
f 1686 1839 7989
f 1686 7701 7978
f 7695 8013 1687
f 12422 7695 1687
f 11426 1687 8013
f 11011 1687 11007
f 11426 11007 1687
f 12422 1687 11011
f 1688 1690 1698
f 1688 7704 1690
f 1688 1698 7711
f 1688 1840 7704
f 1688 7991 1840
f 1688 7711 7991
f 1689 3533 1840
f 1689 1840 7979
f 1689 5772 3533
f 1689 7965 5772
f 1689 7694 7965
f 1689 7979 7694
f 1690 1700 1698
f 1690 8001 1700
f 1690 7704 7985
f 1690 7985 7986
f 1690 7986 8001
f 1696 1692 1691
f 7707 1691 1692
f 1701 1696 1691
f 7710 1701 1691
f 7710 1691 7707
f 8002 1692 1696
f 1838 7706 1692
f 8002 1838 1692
f 7707 1692 7706
f 4242 5510 1693
f 4242 1693 13547
f 5510 12808 1693
f 13547 1693 13289
f 1837 1694 7706
f 7707 7706 1694
f 7709 7707 1694
f 7709 1694 7989
f 1695 3930 5510
f 12813 3930 1695
f 13037 1695 4025
f 1695 13549 4025
f 1695 5510 13549
f 12813 1695 13037
f 8014 1696 1701
f 8002 1696 8003
f 8003 1696 8014
f 1697 1703 7710
f 1697 8015 1703
f 1697 7710 7709
f 1697 7709 7995
f 1697 7995 8010
f 1697 8010 8015
f 1698 1700 7714
f 1698 1853 7711
f 1698 7714 1853
f 5249 3770 1699
f 1699 3770 10192
f 4208 1699 10029
f 4208 13456 1699
f 5249 1699 13456
f 1699 10192 10029
f 1700 1704 7714
f 1700 8006 1704
f 8001 8006 1700
f 1855 1701 1703
f 1703 1701 7710
f 8014 1701 1855
f 2177 1702 4839
f 2177 11492 1702
f 10856 4839 1702
f 1702 11492 10139
f 8521 1855 1703
f 8521 1703 8015
f 7714 1704 1857
f 1857 1704 8260
f 8006 8017 1704
f 1704 8017 8260
f 1706 1705 8265
f 1714 1873 1705
f 1873 8274 1705
f 8274 8265 1705
f 1707 7398 1706
f 1707 1706 8265
f 1707 1863 1864
f 1707 8265 1863
f 1707 1864 8026
f 7717 7398 1707
f 7717 1707 8026
f 8575 4875 1708
f 10840 1708 4875
f 7150 7056 1708
f 8575 1708 7056
f 7150 1708 11669
f 11669 1708 10840
f 7721 1709 1860
f 1709 8020 1860
f 1709 3667 8020
f 8027 3667 1709
f 7721 7720 1709
f 7720 8027 1709
f 12097 3741 1710
f 12829 1710 3741
f 12829 5128 1710
f 12830 12097 1710
f 1711 7725 1712
f 1711 1712 8283
f 1711 9835 7725
f 1711 8283 8032
f 1711 8032 9835
f 1712 7725 9856
f 1712 8031 8030
f 1712 8030 8283
f 1712 9856 8031
f 1713 8271 1871
f 1713 8037 8271
f 1714 1715 1876
f 1714 1876 1873
f 1876 1715 1719
f 1719 1715 7738
f 6528 6102 1716
f 10085 1716 6102
f 6528 1716 6532
f 1717 1721 7528
f 8926 1721 1717
f 1717 7528 7562
f 10203 1717 7562
f 8927 8926 1717
f 10203 8927 1717
f 4017 3786 1718
f 9598 1718 3786
f 4017 1718 6932
f 1718 5665 6932
f 8291 1876 1719
f 8291 1719 1992
f 1719 8931 1992
f 8046 1719 7738
f 8046 8931 1719
f 1723 1720 8048
f 1720 1875 1879
f 1720 7426 1875
f 8048 1720 1879
f 1721 7742 7528
f 1721 7751 7742
f 8932 7751 1721
f 8932 1721 8926
f 1722 7745 10592
f 8294 1722 9304
f 1722 9305 9304
f 1722 10592 9305
f 8298 7139 1723
f 8298 1723 8048
f 10130 1724 2313
f 10132 2313 1724
f 10132 1724 4812
f 10826 4812 1724
f 4877 1725 2392
f 1725 7142 2392
f 1725 4730 7142
f 9062 4730 1725
f 4877 6148 1725
f 6148 9062 1725
f 8624 10248 1726
f 10229 1726 10248
f 2002 1728 1727
f 7758 1727 1728
f 8572 1727 1999
f 1999 1727 10590
f 8572 2002 1727
f 7758 10590 1727
f 2002 8305 1728
f 7253 1728 7767
f 7253 12153 1728
f 7758 1728 12153
f 7767 1728 8305
f 1729 4174 4524
f 1729 6642 4523
f 1729 4523 11068
f 1729 4524 6642
f 2470 1730 4358
f 2470 11954 1730
f 1730 3086 4358
f 1730 7098 3086
f 1730 5429 4921
f 1730 4921 7098
f 1730 11954 5429
f 4877 4777 1731
f 10027 1731 4777
f 4877 1731 6148
f 8745 6148 1731
f 8745 1731 10080
f 10027 10080 1731
f 4363 1732 5528
f 4363 9433 1732
f 4490 1732 4786
f 4490 5528 1732
f 1732 9437 4786
f 1732 9433 9437
f 1735 1733 7117
f 1735 7210 1733
f 1733 7129 7117
f 1733 7210 7771
f 1734 7774 1736
f 8310 1734 1736
f 1734 7773 7772
f 1734 7772 7774
f 8310 7773 1734
f 1735 2009 7210
f 1735 8593 2009
f 2156 1735 7117
f 2156 8593 1735
f 1892 1736 1737
f 1736 7774 1737
f 1892 2005 1736
f 1736 2005 2006
f 8310 1736 2006
f 1892 1737 8074
f 7176 1737 7774
f 7783 1738 7782
f 7785 7782 1738
f 7783 8079 1738
f 7785 1738 8353
f 8342 1738 8079
f 8342 8353 1738
f 1739 2047 8350
f 1739 8351 2047
f 7785 1739 7784
f 7784 1739 9520
f 7785 8351 1739
f 1739 8350 9520
f 2045 7789 1740
f 2045 1740 8344
f 7068 1740 8202
f 7068 8344 1740
f 1740 7789 7787
f 8202 1740 7787
f 1741 6034 5840
f 1741 11750 6034
f 1741 11542 11750
f 1742 1744 8346
f 1742 10512 1744
f 1742 8346 6552
f 1742 6552 10119
f 1743 4522 1920
f 11247 1743 4283
f 1743 4623 4522
f 11247 4623 1743
f 6553 1744 1897
f 1744 8088 1897
f 8346 1744 6553
f 1744 10503 8088
f 10503 1744 10512
f 6795 1745 7801
f 6795 8366 1745
f 7801 1745 9306
f 10068 1745 8366
f 8715 9306 1745
f 8715 1745 10068
f 4119 1769 1746
f 4851 1746 1769
f 4851 4067 1746
f 1746 4067 5919
f 4119 1746 4753
f 1746 5919 4753
f 6813 1747 7809
f 6813 8374 1747
f 7805 7804 1747
f 7809 1747 7804
f 7805 1747 8372
f 8372 1747 8374
f 13078 1748 1750
f 1748 13607 1750
f 4051 13607 1748
f 5073 1748 13078
f 7813 6619 1749
f 1749 6619 9110
f 6755 6796 1749
f 6755 1749 7807
f 7813 1749 6796
f 7807 1749 9110
f 3761 1750 4274
f 3761 4369 1750
f 4274 1750 13607
f 4369 13078 1750
f 7817 6588 1751
f 6588 8376 1751
f 6819 1751 6818
f 6818 1751 8376
f 6819 8381 1751
f 7817 1751 8381
f 8094 1899 1752
f 8097 1752 1899
f 7816 1752 7818
f 7816 8094 1752
f 8096 7818 1752
f 8097 8096 1752
f 6005 1753 2060
f 1753 8384 2060
f 6005 8093 1753
f 7819 1753 7815
f 7815 1753 8093
f 7819 8384 1753
f 2064 1754 9140
f 2064 13586 1754
f 7480 6902 1754
f 6902 9140 1754
f 7480 1754 7481
f 7481 1754 13586
f 7824 6695 1755
f 13570 1755 6695
f 7824 1755 7479
f 13570 8102 1755
f 5056 1756 4508
f 4508 1756 12929
f 1756 5055 12929
f 5056 12958 1756
f 2066 7910 1757
f 10823 2066 1757
f 6103 1757 8642
f 10212 1757 7910
f 8642 1757 10212
f 3780 12459 1758
f 3782 1758 12459
f 3782 12913 1758
f 12913 12911 1758
f 7087 1759 3141
f 10999 3141 1759
f 7087 11240 1759
f 10999 1759 11008
f 11008 1759 11240
f 2129 13352 1760
f 1761 5763 5762
f 1761 5762 7840
f 7517 7531 1762
f 8133 1762 7531
f 8118 1762 8416
f 8133 8416 1762
f 4983 1763 2569
f 1763 10013 2569
f 4776 1763 5001
f 4776 10013 1763
f 4983 8988 1763
f 1763 8988 5001
f 1778 2623 1764
f 4827 1778 1764
f 1764 2623 2569
f 1764 2569 10013
f 4827 1764 2785
f 2785 1764 10013
f 3676 1765 1919
f 1919 1765 5788
f 3676 8758 1765
f 7941 5788 1765
f 8758 7941 1765
f 10684 4560 1766
f 9946 1766 4830
f 9946 9894 1766
f 10684 1766 9894
f 1768 7542 6344
f 7849 1768 6344
f 1768 8438 7542
f 7849 8430 1768
f 1768 8430 8439
f 1768 8439 8438
f 1843 1769 1785
f 4120 1785 1769
f 1843 4851 1769
f 4120 1769 4119
f 1772 7853 1770
f 1772 1770 9686
f 1770 7854 6294
f 1770 6294 9686
f 1775 7866 1771
f 1775 1771 8438
f 1771 7245 7542
f 1771 7547 7245
f 1771 7542 8438
f 1771 7866 7547
f 1772 7861 7853
f 9664 7861 1772
f 9664 1772 9686
f 1773 6232 7867
f 1773 9197 6232
f 1773 7862 7861
f 9664 1773 7861
f 1773 7867 7862
f 9664 9197 1773
f 8135 6215 1774
f 8784 1774 6215
f 1774 7546 7551
f 8150 7546 1774
f 8135 1774 7551
f 8784 8150 1774
f 2237 8796 1775
f 2237 1775 9187
f 8796 7866 1775
f 9187 1775 8438
f 1776 1925 8157
f 1776 8783 1925
f 1776 8156 6180
f 1776 6180 8783
f 7868 8156 1776
f 7868 1776 8157
f 1777 6251 7877
f 8802 6251 1777
f 1777 8215 7866
f 1777 7866 8796
f 1777 7877 8215
f 8802 1777 8796
f 1778 9894 2623
f 2857 2698 1778
f 2698 9894 1778
f 2857 1778 4827
f 3426 1779 6232
f 8451 1779 3426
f 1779 7874 6232
f 8451 8457 1779
f 1932 1780 8174
f 1932 8466 1780
f 1780 7990 7879
f 1780 7879 8174
f 1780 7883 7990
f 1780 8466 7883
f 1781 8466 4711
f 1781 4711 8814
f 1781 6089 7884
f 1781 8814 6089
f 1781 7884 7883
f 1781 7883 8466
f 1934 2090 1782
f 6111 1934 1782
f 1782 2090 8464
f 6111 1782 10410
f 1782 8464 7886
f 1782 7886 10410
f 1783 12169 4052
f 1783 5480 12169
f 1783 13083 5480
f 1783 9292 13083
f 6132 1784 7891
f 7892 1784 6132
f 7892 6137 1784
f 1784 6137 7945
f 4120 4748 1785
f 1785 4748 4850
f 1786 12080 4275
f 1786 4275 13612
f 6810 5370 1786
f 1786 5370 12080
f 9407 6810 1786
f 9407 1786 13612
f 5732 1787 3145
f 3145 1787 12764
f 7654 5246 1787
f 1787 5246 9996
f 7654 1787 5732
f 1787 9996 12764
f 1906 1788 1791
f 1788 4850 1791
f 1906 4847 1788
f 6018 1788 4847
f 1789 7903 1939
f 1789 7902 7903
f 3023 5634 1790
f 3023 1790 10687
f 12955 1790 5259
f 12955 10687 1790
f 1906 1791 4794
f 4794 1791 4748
f 1791 4850 4748
f 1792 2732 2817
f 10684 2732 1792
f 1792 2817 2784
f 1792 2784 8980
f 9928 4560 1792
f 10684 1792 4560
f 9928 1792 8980
f 1793 7605 1942
f 1794 6977 2697
f 7870 1794 2697
f 1794 6877 10692
f 10693 6877 1794
f 1794 10692 6977
f 7870 10693 1794
f 1798 1890 1795
f 1798 1795 7912
f 7348 7607 1795
f 1795 7607 7912
f 1796 7594 10157
f 11222 7594 1796
f 8109 1796 7668
f 7668 1796 10157
f 8109 8379 1796
f 11222 1796 8379
f 1798 1797 1890
f 7919 1797 1798
f 7919 7923 1797
f 1798 7912 7918
f 7919 1798 7918
f 1799 2523 5495
f 1799 7921 2523
f 7363 1800 5775
f 5775 1800 7925
f 7363 7923 1800
f 7919 1800 7923
f 7919 7925 1800
f 12442 1801 3584
f 1801 12447 3584
f 1801 3777 12447
f 3777 1801 13145
f 12442 12681 1801
f 1801 12681 13145
f 3545 11759 1802
f 12369 3545 1802
f 12367 5248 1802
f 12369 1802 5248
f 11759 12173 1802
f 12367 1802 12173
f 8199 3144 1803
f 8199 1803 7926
f 8203 1804 6334
f 1804 8836 6334
f 1804 8201 7378
f 1804 7378 8204
f 8203 8201 1804
f 1804 8204 8836
f 1805 8791 1825
f 11004 1805 1825
f 1805 8044 5408
f 1805 5408 10523
f 11004 8044 1805
f 1805 10523 8791
f 7641 1944 1806
f 8154 1806 1944
f 7641 1806 7930
f 8205 7930 1806
f 8485 1806 8154
f 8485 8205 1806
f 1807 8586 2154
f 1807 2154 8594
f 8127 8318 1807
f 8614 8127 1807
f 1807 8318 8586
f 8614 1807 8594
f 2833 1808 1809
f 9879 1809 1808
f 2833 4543 1808
f 8922 1808 4543
f 8922 4773 1808
f 9879 1808 4773
f 2833 1809 9880
f 2870 1809 9879
f 2870 9880 1809
f 8212 1948 1810
f 7651 1810 7650
f 7651 7936 1810
f 8212 1810 7936
f 7936 1811 1949
f 8493 1949 1811
f 7655 7939 1811
f 8493 1811 7939
f 4796 1812 1921
f 1921 1812 4847
f 4796 4166 1812
f 5279 1813 10452
f 5279 10760 1813
f 1813 10760 5709
f 13570 1813 5709
f 13570 10452 1813
f 1814 1920 4522
f 1814 6744 4399
f 1814 4522 6687
f 1814 6687 6744
f 2936 2870 1815
f 1815 2870 9879
f 8938 2936 1815
f 4824 1815 4823
f 1815 9879 4823
f 8938 1815 4824
f 7393 1817 1816
f 1817 7666 1816
f 7394 1816 1819
f 7942 1819 1816
f 7393 1816 7394
f 7942 1816 7666
f 1817 7665 7666
f 1818 1954 1820
f 1818 10614 1954
f 1818 7094 10614
f 7942 5992 1819
f 8493 1819 5992
f 7394 1819 7939
f 8493 7939 1819
f 8497 1820 1954
f 7947 1820 7951
f 7951 1820 8497
f 1821 1957 7953
f 1821 8850 1957
f 1821 7950 7951
f 1821 7953 7950
f 1821 7951 8499
f 1821 8499 8850
f 8221 1958 1822
f 8221 1822 7953
f 8217 1823 6367
f 8501 6367 1823
f 8217 7663 1823
f 8501 1823 7954
f 7957 1827 1824
f 1827 8224 1824
f 1824 2108 8502
f 1824 8509 2108
f 7957 1824 8502
f 1824 8224 8509
f 7095 1825 3313
f 3313 1825 8791
f 11005 1825 7095
f 11005 11004 1825
f 9713 2416 1826
f 5170 11533 1826
f 9713 1826 5217
f 1826 11533 5217
f 7676 1827 7957
f 7968 8224 1827
f 1828 1833 1832
f 1828 1832 5772
f 1834 1829 1835
f 2421 5325 1830
f 11534 2421 1830
f 5163 1830 2485
f 2485 1830 5332
f 5163 9789 1830
f 5332 1830 5325
f 11534 1830 9789
f 7979 1831 7694
f 7968 1831 8232
f 7979 7983 1831
f 1831 7983 8232
f 7987 1832 1833
f 1832 3533 5772
f 7985 3533 1832
f 7987 7985 1832
f 1833 1834 8234
f 7987 1833 8234
f 1834 1835 1838
f 1834 1838 8234
f 1835 1836 7706
f 1835 7706 1838
f 1836 7692 1837
f 1836 1837 7706
f 7701 1837 7692
f 8002 1845 1838
f 1838 1845 8234
f 1964 7995 1839
f 8231 1964 1839
f 8231 1839 7978
f 1839 7995 7989
f 7704 1840 3533
f 7991 7979 1840
f 5818 1841 5991
f 5993 5991 1841
f 1842 4234 4845
f 1842 6081 4234
f 1842 4845 8576
f 1844 1845 1848
f 1844 8234 1845
f 1851 1844 1848
f 7986 1844 1851
f 7987 1844 7986
f 7987 8234 1844
f 8002 1848 1845
f 1846 1847 7983
f 1846 8004 1847
f 7711 1853 1846
f 1846 1853 8004
f 7991 7711 1846
f 7991 1846 7983
f 1847 1963 8232
f 1847 8865 1963
f 1847 8004 5886
f 1847 5886 8865
f 1847 8232 7983
f 1851 1848 8007
f 8002 8003 1848
f 8003 8007 1848
f 8001 1851 1849
f 1851 8007 1849
f 1849 8007 1971
f 1849 1971 8515
f 8001 1849 8006
f 8006 1849 8253
f 1849 8515 8253
f 1850 5202 8808
f 1850 8818 5202
f 1850 8808 6069
f 1850 6069 9768
f 1850 8907 8818
f 1850 9768 8907
f 7986 1851 8001
f 5059 1852 4709
f 5489 4709 1852
f 5059 4824 1852
f 1852 4824 9735
f 5489 1852 9735
f 7714 8251 1853
f 8251 8004 1853
f 6963 6957 1854
f 6963 1854 7230
f 1854 11151 7230
f 1854 7840 11151
f 1855 2119 8264
f 8521 2119 1855
f 8014 1855 8264
f 1856 8010 1964
f 8242 1856 1964
f 8242 2114 1856
f 8518 1856 2114
f 1856 5888 8010
f 8518 5888 1856
f 8251 1857 1972
f 1857 8259 1972
f 7714 1857 8251
f 1857 8260 8259
f 2118 1975 1858
f 1858 1975 8017
f 1858 2115 7340
f 1858 8253 2115
f 2118 1858 7340
f 1858 8017 8253
f 13112 1859 4065
f 1859 13638 4065
f 12417 6952 1859
f 1859 6952 13113
f 12417 1859 13112
f 1859 13113 13638
f 7608 1860 1980
f 1980 1860 8902
f 7721 1860 7608
f 8902 1860 8020
f 8023 1861 7730
f 8539 1861 8023
f 8269 8034 1861
f 8269 1861 8539
f 8287 1990 1862
f 9892 1862 1990
f 8287 1862 7728
f 1862 10815 7728
f 9892 8023 1862
f 1863 2126 1864
f 8265 1979 1863
f 8533 1863 1979
f 8533 2126 1863
f 6371 1864 2126
f 6371 8266 1864
f 8026 1864 8266
f 7407 7723 1865
f 7407 1865 7724
f 8029 1865 7723
f 8276 7724 1865
f 8029 8278 1865
f 8278 8276 1865
f 2131 8029 1866
f 2131 1866 8543
f 1866 8029 7723
f 8268 8543 1866
f 10206 1867 4848
f 7740 1867 8579
f 10206 8579 1867
f 8120 1868 9663
f 8120 10449 1868
f 9436 1868 10868
f 9436 13326 1868
f 1868 13326 9663
f 1868 10449 10868
f 1982 8271 1869
f 8541 1982 1869
f 8288 1869 8035
f 8037 1869 8271
f 8541 1869 8288
f 1870 3685 12678
f 1870 13136 3685
f 1870 7747 12557
f 1870 12678 7747
f 1870 12557 13131
f 1870 13131 13136
f 1872 1871 8553
f 8272 1871 8271
f 8272 8553 1871
f 2142 1872 8553
f 1872 2142 8557
f 8559 1873 1876
f 8559 8274 1873
f 1874 8031 5911
f 1874 5935 8031
f 1874 8556 5935
f 8294 6410 1874
f 1874 6410 8556
f 8290 1879 1875
f 8557 8290 1875
f 8559 1876 8291
f 1877 4226 10380
f 4760 1877 10380
f 4760 11410 1877
f 11410 11447 1877
f 1878 4073 13024
f 12825 4076 1878
f 1878 4076 13385
f 12825 1878 13024
f 1997 1879 2144
f 1997 8048 1879
f 8290 2144 1879
f 1900 1880 3298
f 1900 3309 1880
f 1880 3314 3298
f 1880 3309 4815
f 1880 5285 3314
f 1880 4815 5285
f 2148 1999 1881
f 1999 5939 1881
f 2148 1881 2308
f 9311 2308 1881
f 8299 1881 5939
f 8299 9311 1881
f 1882 2307 7434
f 8943 2307 1882
f 8054 1882 7434
f 8054 8055 1882
f 8055 8573 1882
f 8943 1882 8573
f 1884 8057 1883
f 1884 1883 8936
f 1883 8050 7751
f 8932 1883 7751
f 1883 8057 8050
f 8932 8936 1883
f 1884 8478 8057
f 1884 8946 8478
f 1884 8936 9312
f 1884 9312 8946
f 8301 1885 9536
f 8301 9642 1885
f 1885 8570 10264
f 1885 10264 9536
f 1886 13148 2895
f 1886 2895 13401
f 4183 4078 1886
f 4078 13148 1886
f 4183 1886 12616
f 1886 13401 12616
f 1887 2003 2001
f 7762 1887 2001
f 1887 8314 2003
f 1887 7218 2004
f 1887 2004 8314
f 1887 10553 7218
f 7762 10553 1887
f 1888 1896 3202
f 4818 1896 1888
f 1888 3164 3350
f 9699 3164 1888
f 9699 1888 3202
f 4818 1888 3350
f 2151 2156 1889
f 8580 2151 1889
f 2156 7117 1889
f 7117 8069 1889
f 1889 8069 8068
f 8580 1889 8068
f 2007 8070 1891
f 2007 1891 8315
f 1891 7767 2008
f 1891 2008 8313
f 1891 8070 7767
f 1891 8313 8315
f 1892 2011 2005
f 1892 8076 2011
f 1892 8074 8076
f 8335 1893 8078
f 8335 8079 1893
f 1894 8354 8081
f 1894 9114 8354
f 1894 9503 9114
f 5954 1895 7068
f 5954 8082 1895
f 7068 1895 8344
f 8082 8709 1895
f 8709 8344 1895
f 3202 1896 8765
f 4816 1896 3242
f 4818 3242 1896
f 8765 1896 4816
f 5985 1897 8091
f 5985 8092 1897
f 6553 1897 8092
f 1898 4706 4703
f 1898 4703 4751
f 1898 7838 4706
f 1898 4751 4891
f 1898 4891 4799
f 1898 4799 7838
f 8094 8381 1899
f 8097 1899 9378
f 9483 1899 8381
f 9483 9378 1899
f 1900 3298 3257
f 8765 1900 3257
f 4816 3309 1900
f 8765 4816 1900
f 1901 2381 8389
f 1901 9141 2381
f 1901 6037 8101
f 1901 8389 6037
f 1901 8101 13414
f 1901 13414 9141
f 1902 3257 3298
f 3784 3257 1902
f 1902 3298 9658
f 3784 1902 4817
f 3538 1903 6325
f 10688 1903 3538
f 10688 12582 1903
f 12582 12584 1903
f 3475 1904 2067
f 6984 2067 1904
f 3475 8403 1904
f 6984 1904 8402
f 8403 8402 1904
f 2072 2219 1905
f 2072 1905 8416
f 10243 1905 2219
f 8118 8416 1905
f 8118 1905 8769
f 10243 8769 1905
f 1906 4350 1921
f 1906 1921 4847
f 1906 4794 4350
f 9823 1907 6057
f 11401 6057 1907
f 8115 1907 6061
f 1907 8735 6061
f 8115 11401 1907
f 1907 9156 8735
f 9823 9156 1907
f 2069 8116 1908
f 9160 2069 1908
f 1908 8116 9826
f 9167 9160 1908
f 9167 1908 9826
f 2220 1917 1909
f 5762 1909 1917
f 2220 1909 7914
f 5763 1909 5762
f 10212 1909 5763
f 10212 7914 1909
f 9823 1910 5745
f 9823 6057 1910
f 10207 1910 6057
f 10207 10811 1910
f 1911 8545 4602
f 8741 1911 4602
f 8411 8545 1911
f 8748 8411 1911
f 8741 8748 1911
f 1912 8613 3475
f 1912 3475 9682
f 1912 8138 7511
f 1912 7511 8613
f 1912 7927 8138
f 1912 9682 7927
f 1913 1914 8128
f 1913 8762 1914
f 8422 2227 1913
f 2227 8762 1913
f 1913 8128 6134
f 8422 1913 6134
f 6156 6294 1914
f 8762 6156 1914
f 1914 6294 8442
f 8128 1914 8442
f 1915 2075 2228
f 1915 3813 2075
f 1915 2228 8766
f 1915 8131 3813
f 1915 8132 8131
f 1915 8142 8132
f 1915 8766 8142
f 1916 2072 8416
f 1916 8760 2072
f 1916 8133 6332
f 1916 6332 8761
f 1916 8416 8133
f 1916 8761 8760
f 2220 2223 1917
f 2223 7097 1917
f 6362 5762 1917
f 6362 1917 6144
f 7097 6144 1917
f 8776 2232 1918
f 2232 9180 1918
f 8139 1918 8137
f 8137 1918 8431
f 8139 8776 1918
f 9180 8431 1918
f 9957 3676 1919
f 1919 5788 8141
f 1919 8141 8144
f 9957 1919 8144
f 1921 4350 4747
f 4796 1921 4747
f 1922 8436 1923
f 1922 1923 10001
f 1922 8433 8436
f 1922 8767 8433
f 1922 9219 8767
f 1922 10001 9219
f 10001 1923 8150
f 8781 1924 7873
f 8444 1924 9195
f 8781 9195 1924
f 8157 1925 1926
f 1925 8793 1926
f 1925 8783 9497
f 1925 9495 8793
f 1925 9497 9495
f 1926 6213 8161
f 8793 6213 1926
f 13266 1927 3576
f 3576 1927 13536
f 4122 13536 1927
f 13266 13262 1927
f 3805 1928 8164
f 3805 8166 1928
f 8165 8164 1928
f 8165 1928 9210
f 8166 9212 1928
f 1928 9212 9210
f 4891 1929 4799
f 8644 4799 1929
f 4891 4923 1929
f 8525 1929 4923
f 1930 8802 2243
f 1930 2243 8804
f 1930 2244 8174
f 1930 8804 2244
f 1930 8174 6251
f 1930 6251 8802
f 1953 1931 4845
f 1953 4846 1931
f 4845 1931 8576
f 1932 8174 2244
f 1932 2244 8809
f 1932 8812 8466
f 1932 8809 8812
f 10995 1952 1933
f 11005 1933 1952
f 8635 8683 1933
f 11005 8635 1933
f 10995 1933 8683
f 1934 7221 2090
f 10161 1934 6111
f 10161 7221 1934
f 6316 1935 6321
f 8469 6321 1935
f 8185 8469 1935
f 7252 7901 1936
f 7252 1936 8181
f 8181 1936 10166
f 3350 9625 1937
f 9645 3350 1937
f 9645 1937 4867
f 4867 1937 9653
f 1937 9625 8787
f 1937 8787 9653
f 8185 1938 2093
f 2093 1938 9223
f 8476 8819 1938
f 1938 8819 9223
f 2094 8190 1939
f 2094 1939 8474
f 1939 7903 8474
f 2094 1940 8190
f 2094 8821 1940
f 8190 1940 8193
f 8193 1940 8481
f 9227 8481 1940
f 9227 1940 8821
f 1941 2929 5463
f 1941 13155 2929
f 1941 5463 4194
f 1941 4194 13418
f 1941 5042 13155
f 1941 13418 5042
f 5473 1942 8151
f 8199 1942 5473
f 7605 8151 1942
f 8203 6334 1943
f 9231 1943 6334
f 8203 1943 7280
f 7280 1943 8827
f 9231 8827 1943
f 8829 8154 1944
f 8829 1944 8483
f 8981 2066 1945
f 10823 1945 2066
f 1945 6054 8992
f 10823 6054 1945
f 8981 1945 13467
f 1945 8992 13467
f 1947 1946 8837
f 8205 1946 7930
f 8837 1946 8205
f 8214 1947 2100
f 8842 2100 1947
f 8842 1947 8837
f 2260 1948 8212
f 2260 8839 1948
f 8486 1948 8839
f 2101 1949 2104
f 8212 1949 2101
f 8493 2104 1949
f 8212 7936 1949
f 8214 2100 1950
f 8848 1950 2100
f 8848 2103 1950
f 10376 1950 2103
f 8214 1950 10376
f 1951 11674 2159
f 1951 5918 11103
f 1951 11672 5918
f 1951 11103 11674
f 1951 11359 11672
f 2950 10506 1952
f 2950 1952 10995
f 10514 1952 10506
f 10514 11004 1952
f 11005 1952 11004
f 1953 4845 4234
f 1953 4234 6255
f 1953 4746 4793
f 1953 6255 4746
f 1953 4793 4846
f 8494 8497 1954
f 8494 1954 10614
f 8493 1955 2104
f 1955 8845 2104
f 5992 8220 1955
f 8493 5992 1955
f 8220 8854 1955
f 1955 8854 8845
f 6367 2107 1956
f 2107 9538 1956
f 1956 2265 8854
f 1956 9538 2265
f 8220 6367 1956
f 8220 1956 8854
f 8504 1957 2109
f 2109 1957 8850
f 8221 1957 2110
f 8504 2110 1957
f 8221 7953 1957
f 8221 2110 1958
f 8507 1958 2110
f 8507 7962 1958
f 1961 1959 2111
f 1961 9245 1959
f 8509 1959 2108
f 2108 1959 8861
f 2111 1959 8509
f 8861 1959 9245
f 3382 1960 6085
f 3382 9618 1960
f 1960 3391 8786
f 9618 3391 1960
f 6085 1960 6226
f 1960 8786 6226
f 8512 1961 2111
f 8866 2430 1961
f 1961 2430 9245
f 8512 8866 1961
f 6627 6416 1962
f 1962 6416 11604
f 8882 6627 1962
f 1962 11604 8286
f 1963 8229 8232
f 8512 8229 1963
f 8512 1963 8865
f 8231 1965 1964
f 8242 1964 1965
f 1964 8010 7995
f 8513 1965 8231
f 8242 1965 8872
f 8513 8867 1965
f 1965 8867 8872
f 1966 2113 2273
f 1966 5886 2113
f 1966 2273 2271
f 8866 1966 2271
f 8865 5886 1966
f 8865 1966 8866
f 1967 2114 8242
f 8883 2114 1967
f 1967 8871 2274
f 8883 1967 2274
f 8242 8872 1967
f 1967 8872 8871
f 6120 3464 1968
f 4763 6120 1968
f 4385 1969 7212
f 4385 10874 1969
f 4494 1969 10180
f 4494 11106 1969
f 7212 1969 11106
f 10874 10180 1969
f 1970 2113 5886
f 1970 8879 2113
f 8247 1970 5886
f 8247 8250 1970
f 1970 8250 8879
f 8007 8019 1971
f 8262 1971 8019
f 8262 8532 1971
f 8515 1971 8532
f 8247 1972 8250
f 8251 1972 8247
f 8250 1972 8520
f 1972 8259 8520
f 1973 1993 4084
f 4084 5872 1973
f 1973 5872 5197
f 8518 1974 5888
f 5888 1974 8522
f 8518 8881 1974
f 8522 1974 8523
f 1974 8881 8523
f 8259 1975 2117
f 13345 2117 1975
f 13345 1975 2118
f 8017 1975 8260
f 8259 8260 1975
f 4392 1976 4791
f 4392 4844 1976
f 8323 1977 5119
f 11145 5119 1977
f 5730 1977 6309
f 5730 11145 1977
f 5731 6309 1977
f 8323 5731 1977
f 8264 2119 1978
f 2119 8526 1978
f 2121 8524 1978
f 2121 1978 8526
f 8262 8264 1978
f 8262 1978 8524
f 1983 2290 1979
f 8274 1983 1979
f 8533 1979 2290
f 8274 1979 8265
f 8543 1980 2132
f 1980 8902 2132
f 7608 1980 8268
f 8268 1980 8543
f 1981 2288 2289
f 8269 2288 1981
f 1981 2289 8541
f 8269 1981 8034
f 1981 8288 8034
f 1981 8541 8288
f 2130 8272 1982
f 8911 2130 1982
f 1982 8272 8271
f 8541 8911 1982
f 8559 2140 1983
f 9291 1983 2140
f 9291 2290 1983
f 8559 1983 8274
f 1984 6397 8279
f 8280 6397 1984
f 1984 8276 8278
f 1984 8279 8276
f 8427 1984 8278
f 8280 1984 8916
f 8916 1984 8427
f 10764 1985 11009
f 11728 1985 10764
f 11003 1985 11728
f 1986 8280 2294
f 9295 1986 2294
f 1986 7562 5914
f 1986 5914 8280
f 1986 10203 7562
f 10203 1986 9295
f 9300 1987 2451
f 1987 9876 2451
f 8923 1987 10128
f 11700 1987 8923
f 9300 10128 1987
f 11700 9876 1987
f 1988 11789 3567
f 1988 3567 12635
f 12397 1988 3756
f 3756 1988 12635
f 11984 11789 1988
f 11984 1988 12208
f 12397 12208 1988
f 2062 4537 1989
f 4790 1989 4537
f 4886 1989 4790
f 4886 7625 1989
f 7589 1989 7625
f 8921 7397 1990
f 9892 1990 7397
f 8287 8921 1990
f 2360 1991 2406
f 2360 3230 1991
f 2406 1991 2386
f 3053 2386 1991
f 11232 3053 1991
f 11232 1991 3230
f 1995 2299 1992
f 1995 1992 8931
f 1992 2299 2140
f 8291 1992 2140
f 4084 1993 5458
f 1994 5712 3732
f 1994 4759 5712
f 1995 2302 2299
f 1995 8568 2302
f 1995 8931 8568
f 1996 5927 2039
f 1996 5577 5569
f 9309 1997 2144
f 1997 8051 8048
f 8299 8051 1997
f 9309 8299 1997
f 1998 3022 8626
f 8631 3022 1998
f 1998 4755 8779
f 1998 11340 4755
f 1998 8626 11340
f 8631 1998 8779
f 8572 1999 2148
f 1999 10590 5939
f 8061 8304 2000
f 8061 2000 8573
f 8589 2000 8304
f 2000 8574 8573
f 8588 8574 2000
f 8588 2000 8589
f 7510 2001 2003
f 7510 8589 2001
f 7762 2001 8304
f 8589 8304 2001
f 2002 8585 8305
f 8578 2002 8572
f 8578 8585 2002
f 7510 2003 7540
f 7540 2003 9836
f 2003 8314 9836
f 2004 7210 2009
f 8314 2004 2009
f 2004 7218 7210
f 2005 2157 2006
f 2005 2011 8592
f 2005 8592 2157
f 2157 2153 2006
f 6441 2006 2153
f 8310 2006 6441
f 7177 8070 2007
f 7177 2007 8074
f 8076 8074 2007
f 8076 2007 8315
f 7767 8305 2008
f 2008 8305 8586
f 8313 2008 8586
f 7567 8314 2009
f 7567 2009 8593
f 2010 2046 4844
f 6736 2046 2010
f 4392 4739 2010
f 4392 2010 4844
f 6736 2010 4739
f 2216 2011 2012
f 8076 2012 2011
f 2216 8592 2011
f 2216 2012 9794
f 8076 8315 2012
f 2012 8315 8317
f 9794 2012 8317
f 2247 2013 2387
f 4277 2387 2013
f 4056 4277 2013
f 2261 8167 2014
f 2261 2014 9636
f 8169 2014 8167
f 2014 8169 9290
f 2014 9290 9289
f 9636 2014 9289
f 4304 2015 3031
f 13429 3031 2015
f 4304 3862 2015
f 2015 3862 4434
f 4691 2015 4434
f 13429 2015 4691
f 6787 4686 2016
f 4686 13493 2016
f 2016 5426 12927
f 2016 13493 5426
f 6787 2016 12927
f 2026 2017 2018
f 2018 2017 8632
f 2026 2024 2017
f 2024 8321 2017
f 2017 8321 8630
f 2017 8630 8632
f 2026 2018 8322
f 2027 8322 2018
f 2027 2018 8632
f 2022 8324 2019
f 2022 2019 8645
f 2029 2019 8324
f 8651 2019 2029
f 8637 8645 2019
f 8637 2019 8651
f 4521 2020 2077
f 6682 4400 2020
f 6720 2020 4521
f 6720 6682 2020
f 3975 2021 4023
f 9246 4023 2021
f 4592 2021 7794
f 9246 2021 4592
f 2033 2032 2022
f 2032 8324 2022
f 2033 2022 8646
f 2022 8645 8646
f 2183 2023 8321
f 2183 9019 2023
f 8321 2023 8630
f 8630 2023 8641
f 8648 8641 2023
f 8648 2023 9019
f 2026 8328 2024
f 2183 2024 2037
f 2037 2024 8328
f 2183 8321 2024
f 2025 3815 13239
f 2025 13521 4118
f 13514 2025 13239
f 13514 13521 2025
f 2035 2026 8322
f 2035 8328 2026
f 2027 2028 8322
f 2027 8649 2028
f 2027 8632 2176
f 2027 2176 8649
f 2028 8649 2184
f 2028 2184 8657
f 8322 2028 8656
f 2028 8657 8656
f 2029 2189 2181
f 8651 2029 2181
f 2029 8660 2189
f 2029 8324 8660
f 2040 2030 2032
f 2032 2030 8324
f 8678 2030 2040
f 2030 8660 8324
f 2030 8662 8660
f 8678 8662 2030
f 3975 2031 2135
f 2135 2031 4315
f 3965 3963 2031
f 3963 8638 2031
f 3965 2031 4023
f 3975 4023 2031
f 8638 4315 2031
f 2033 8659 2032
f 2040 2032 8659
f 8652 4769 2033
f 4769 8659 2033
f 8652 2033 8646
f 2037 8328 2034
f 2037 2034 9034
f 2038 2034 8328
f 2038 8675 2034
f 2196 2034 8675
f 2196 9034 2034
f 2038 8328 2035
f 2038 2035 8665
f 2035 8322 8656
f 2035 8656 8665
f 11557 2036 7155
f 2036 12374 7155
f 7496 9882 2036
f 7496 2036 11557
f 2036 9882 12592
f 2036 12592 12374
f 2183 2037 2187
f 2037 9034 2187
f 2038 8665 8664
f 2038 8664 8675
f 2039 5927 6129
f 8663 2040 8659
f 8663 8669 2040
f 8669 8678 2040
f 2041 8681 2200
f 2041 2200 8686
f 8336 2041 4765
f 2041 8686 4765
f 6506 2041 8336
f 2041 6506 8681
f 6526 3354 2042
f 3354 11958 2042
f 11956 6526 2042
f 11956 2042 11955
f 11955 2042 11958
f 8335 6524 2043
f 8694 2043 6524
f 8342 8335 2043
f 8706 8342 2043
f 8698 2043 8694
f 8706 2043 8698
f 5963 8339 2044
f 5963 2044 8345
f 2044 8339 6540
f 2044 6540 8689
f 8703 8345 2044
f 8692 2044 8689
f 8703 2044 8692
f 2045 8702 6538
f 10103 2045 6538
f 10103 7789 2045
f 2045 8344 8702
f 4738 2046 6866
f 6736 6866 2046
f 2047 6587 8350
f 2047 9021 6587
f 8352 2047 8351
f 8352 9021 2047
f 8352 8351 2048
f 8353 2048 8351
f 8352 2048 9104
f 8706 2048 8353
f 8707 2048 8706
f 8707 9104 2048
f 3051 2049 7184
f 3051 11484 2049
f 7184 2049 9191
f 7732 2053 2050
f 2053 8087 2050
f 8087 6839 2050
f 2050 6839 8345
f 7732 2050 8345
f 2051 4731 9152
f 12034 4731 2051
f 4780 6249 2051
f 4780 2051 9152
f 6478 2051 6249
f 12034 2051 6478
f 2371 9114 2052
f 9416 2371 2052
f 2052 6644 6587
f 2052 6587 9021
f 9114 6644 2052
f 9414 2052 9021
f 9416 2052 9414
f 6750 8366 2053
f 6750 2053 9108
f 7732 8711 2053
f 2053 8366 8087
f 9108 2053 8711
f 2054 6780 6775
f 2054 6775 8717
f 11013 6780 2054
f 2054 8717 9420
f 11013 2054 9420
f 4853 6323 2055
f 4853 2055 10234
f 6323 7386 2055
f 13485 2055 7386
f 2374 2056 8372
f 10618 2056 2374
f 6000 10065 2056
f 10618 6000 2056
f 7805 8372 2056
f 7805 2056 10065
f 6625 2057 8374
f 9424 2057 6625
f 2057 8372 8374
f 8375 8372 2057
f 9424 8375 2057
f 7757 2058 2375
f 12246 2375 2058
f 7757 6796 2058
f 2058 6796 9763
f 2058 9763 9423
f 12246 2058 9423
f 6625 7811 2059
f 6625 2059 9127
f 2059 6821 9127
f 2059 10054 6821
f 2059 7811 6833
f 2059 6833 10774
f 2059 10774 10054
f 9491 6005 2060
f 8386 2060 8384
f 9138 2060 8386
f 9138 9136 2060
f 9136 9491 2060
f 9251 2061 6037
f 6037 2061 10052
f 2061 8386 8387
f 9138 8386 2061
f 2061 8387 10052
f 9251 9138 2061
f 2062 4740 4537
f 2062 4557 4740
f 4883 11747 2063
f 2064 9431 3066
f 2064 3066 13586
f 2064 9140 9431
f 2065 13241 3889
f 2065 3889 13452
f 2065 4960 11844
f 2065 13452 4960
f 4985 2065 11844
f 4985 13241 2065
f 8747 7910 2066
f 8981 8747 2066
f 2384 2067 6984
f 2384 9439 2067
f 3475 2067 9682
f 2067 9439 9682
f 2068 7875 8734
f 8739 7875 2068
f 8736 2068 8734
f 8736 9442 2068
f 8739 2068 9442
f 7014 8409 2069
f 7014 2069 8728
f 2069 8409 8116
f 9160 8728 2069
f 2070 3196 8413
f 9166 3196 2070
f 7944 2070 8415
f 9454 2070 7944
f 2070 8413 8415
f 9454 9166 2070
f 4737 4557 2071
f 2072 2925 2219
f 2072 8760 2925
f 3188 2105 2073
f 2105 5010 2073
f 3188 2073 4087
f 5035 4087 2073
f 2073 5010 13162
f 5035 2073 13162
f 8422 2074 2227
f 2227 2074 9177
f 8421 8411 2074
f 8411 9171 2074
f 8422 8421 2074
f 9177 2074 9171
f 2398 2228 2075
f 2398 2075 8746
f 3813 9986 2075
f 9986 8746 2075
f 6126 2076 9983
f 6126 13584 2076
f 8752 8746 2076
f 9986 2076 8746
f 8752 2076 13584
f 9983 2076 9986
f 4521 2077 2091
f 2091 2077 13625
f 4170 13625 2077
f 7050 2078 7059
f 8432 2078 7050
f 7059 2078 9452
f 8432 8431 2078
f 8431 9458 2078
f 9458 9452 2078
f 3123 2079 8430
f 8978 2079 3123
f 8439 8430 2079
f 9188 8439 2079
f 8978 8966 2079
f 8966 9188 2079
f 5120 2080 5302
f 5120 5305 2080
f 5131 5302 2080
f 5131 2080 11205
f 2080 5305 5134
f 2080 5134 11205
f 2081 8777 2233
f 10316 2081 2233
f 2081 8437 8777
f 9957 8437 2081
f 9182 9957 2081
f 9182 2081 12507
f 10316 12507 2081
f 12934 3988 2082
f 13166 2082 3988
f 2082 4127 9145
f 13166 4127 2082
f 13163 2082 9145
f 12934 2082 13163
f 8444 2083 8440
f 2083 8776 8440
f 8444 9195 2083
f 2083 9189 8776
f 2083 9200 9189
f 2083 9195 9200
f 3175 2084 4551
f 3175 7356 2084
f 2084 4301 4330
f 7356 4301 2084
f 11621 2084 4330
f 11621 4551 2084
f 2085 2528 2233
f 2085 2233 8777
f 9488 2528 2085
f 2085 8777 8448
f 9488 2085 8448
f 2408 2088 2086
f 2088 8451 2086
f 2408 2086 7192
f 2086 8451 3426
f 2086 3426 10018
f 7192 2086 10018
f 2087 2412 2411
f 2087 2411 8789
f 2087 9210 2412
f 2087 8454 8165
f 2087 8165 9210
f 2087 8789 8454
f 9785 2088 2408
f 9213 8451 2088
f 9213 2088 9211
f 9211 2088 9785
f 3336 10777 2089
f 11906 3336 2089
f 3615 2089 12106
f 12107 2089 3615
f 2089 10777 12106
f 11906 2089 12107
f 9215 2090 7221
f 2090 8172 8464
f 2090 8810 8172
f 9215 8810 2090
f 2099 2091 4398
f 2099 4521 2091
f 3800 4398 2091
f 3800 2091 13625
f 3224 3996 2092
f 5933 3224 2092
f 2092 5159 13168
f 5933 2092 13168
f 8469 2093 7969
f 2093 9223 7969
f 8185 2093 8469
f 2094 8474 2250
f 2094 2250 8821
f 2095 4871 4612
f 2095 4612 7201
f 2095 7201 4727
f 2095 4727 8988
f 2095 4922 4871
f 2095 8988 4922
f 8476 6059 2096
f 6059 8824 2096
f 8476 2096 8819
f 9815 8819 2096
f 8825 2096 8824
f 9815 2096 8825
f 7346 2097 7907
f 7907 2097 8824
f 7911 8482 2097
f 2097 8482 8826
f 2097 8826 8824
f 7855 2098 2420
f 9227 2420 2098
f 7855 9522 2098
f 8122 8481 2098
f 8122 2098 9522
f 9227 2098 8481
f 2099 4398 11322
f 2099 6803 4521
f 2099 6761 6803
f 2099 11322 6761
f 8842 10510 2100
f 8848 2100 10510
f 2101 2104 2262
f 2260 2101 2262
f 2260 8212 2101
f 4917 2102 2394
f 2394 2102 7185
f 4728 7185 2102
f 9005 4728 2102
f 7311 8495 2103
f 8848 7311 2103
f 8494 2103 8495
f 10376 2103 8494
f 2104 8845 2262
f 3188 13441 2105
f 2105 12943 5010
f 2105 13167 12943
f 2105 13441 13167
f 2551 4777 2106
f 8987 2551 2106
f 2106 4777 9057
f 4983 2106 4922
f 2106 9057 4922
f 4983 8987 2106
f 8503 2266 2107
f 2266 9538 2107
f 8501 2107 6367
f 8501 8503 2107
f 8502 2108 8503
f 8503 2108 8860
f 2108 8861 8860
f 9539 8504 2109
f 9535 2109 8850
f 9539 2109 9535
f 8504 8639 2110
f 8507 2110 8639
f 8229 2111 8224
f 8509 8224 2111
f 8512 2111 8229
f 2112 3034 6514
f 2112 6678 3034
f 2112 6514 11188
f 2112 10952 6678
f 2112 10954 10952
f 2112 11188 10954
f 2113 9252 2273
f 2113 8879 9252
f 8518 2114 8881
f 8883 8881 2114
f 2115 8515 7327
f 8529 2115 7327
f 8529 7340 2115
f 8253 8515 2115
f 2117 3781 8520
f 2117 9553 3781
f 8259 2117 8520
f 13345 9553 2117
f 2118 7340 13465
f 13345 2118 13341
f 13341 2118 13465
f 2119 8522 2122
f 2119 2122 8526
f 8521 8522 2119
f 5434 8611 2120
f 9349 5434 2120
f 2120 8611 9362
f 9349 2120 10623
f 10623 2120 9362
f 8254 8887 2121
f 8254 2121 9615
f 8887 8524 2121
f 2121 8526 9615
f 8230 8526 2122
f 8230 2122 11523
f 8522 8523 2122
f 8523 11523 2122
f 2150 2123 4520
f 2150 13622 2123
f 2123 11303 4520
f 13624 2123 13622
f 2124 8527 7360
f 2124 7360 8898
f 8528 2124 8084
f 8084 2124 8894
f 8528 8527 2124
f 8894 2124 8898
f 7360 7327 2125
f 7327 8200 2125
f 7360 2125 8898
f 8200 8887 2125
f 8261 2125 8887
f 8261 8898 2125
f 6371 2126 2128
f 9281 2128 2126
f 8533 9281 2126
f 4956 2139 2127
f 12059 2127 2139
f 2127 4936 5599
f 12059 4936 2127
f 4956 2127 12959
f 2127 5599 9504
f 2127 9504 12959
f 6371 2128 10159
f 9867 9277 2128
f 9277 10159 2128
f 9867 2128 9281
f 4055 2129 4276
f 4055 13352 2129
f 2129 4395 4276
f 2130 2447 2136
f 2130 2136 8272
f 9278 2447 2130
f 8911 9278 2130
f 2131 8546 8029
f 2131 8543 8544
f 2131 8544 8913
f 2131 8913 8546
f 8543 2132 8544
f 9282 8544 2132
f 2132 8902 9562
f 9282 2132 9283
f 2132 9562 9283
f 4840 4735 2133
f 8269 2134 2288
f 2134 9288 2288
f 2134 8539 7421
f 10558 2134 7421
f 8269 8539 2134
f 10558 9288 2134
f 3975 2135 9271
f 4853 9271 2135
f 2136 2447 2454
f 2460 2136 2454
f 2460 8553 2136
f 2136 8553 8272
f 4734 2137 2248
f 4735 2137 2370
f 2370 2137 7040
f 4734 7040 2137
f 5314 5518 2138
f 12167 5314 2138
f 2138 5518 8491
f 2138 8491 8492
f 12187 2138 8492
f 12167 2138 12187
f 4956 5138 2139
f 2139 5138 6651
f 2139 6651 10038
f 12059 2139 10038
f 2461 2140 2299
f 2461 9291 2140
f 8559 8291 2140
f 2141 6410 2464
f 2141 2464 9604
f 2141 8556 6410
f 2141 7432 8556
f 2141 9604 7432
f 2142 8332 2143
f 8557 2142 2143
f 2142 2460 8332
f 2142 8553 2460
f 8557 2143 8290
f 2143 10235 8290
f 2143 8332 9897
f 2143 9897 10235
f 8290 10235 2144
f 9309 2144 9308
f 9308 2144 10235
f 2145 2302 8568
f 9613 2302 2145
f 2586 2145 8567
f 2586 9613 2145
f 6432 8567 2145
f 6432 2145 8568
f 2146 4950 2823
f 4972 2146 2823
f 2146 4973 4950
f 4972 11973 2146
f 2146 13597 4973
f 11973 13597 2146
f 2147 8949 2469
f 9133 2147 2469
f 2147 5943 6441
f 2147 8570 5943
f 2147 6441 8949
f 9133 8570 2147
f 9321 2148 2308
f 8572 2148 8951
f 9321 8951 2148
f 8514 9521 2149
f 8514 2149 9865
f 8588 2149 8574
f 8943 8574 2149
f 8588 9865 2149
f 8943 2149 9521
f 2204 2150 4520
f 2150 4279 13622
f 9328 2156 2151
f 8580 8581 2151
f 8581 9328 2151
f 2472 2152 2310
f 2310 2152 8946
f 8581 2152 2472
f 8580 2152 8581
f 8580 8582 2152
f 8582 8946 2152
f 8952 2153 2157
f 8949 6441 2153
f 8949 2153 9327
f 8952 9327 2153
f 2154 8586 8585
f 9878 2154 8585
f 9878 8594 2154
f 5736 10522 2155
f 6310 2155 11325
f 8455 2155 10522
f 8455 11325 2155
f 2156 2158 8593
f 9328 2158 2156
f 8592 3647 2157
f 8952 2157 3647
f 9328 2312 2158
f 10686 2158 2312
f 9870 8593 2158
f 9870 2158 10686
f 11602 2159 7112
f 11674 7112 2159
f 8595 2311 2160
f 2160 2311 9330
f 2474 2160 9330
f 2474 9336 2160
f 8595 2160 8072
f 2160 9336 8072
f 2161 7378 7083
f 2161 7083 12518
f 2161 8204 7378
f 7648 8204 2161
f 8609 2164 2162
f 9855 2162 2164
f 9468 8609 2162
f 9468 2162 8960
f 9871 8960 2162
f 9871 2162 9855
f 5946 2163 4855
f 4855 2163 10341
f 6408 4856 2163
f 4856 10361 2163
f 5946 6408 2163
f 2163 10361 10341
f 8609 2390 2164
f 2390 9787 2164
f 8616 7578 2164
f 9855 2164 7578
f 8616 2164 9787
f 8610 2165 8627
f 8610 8679 2165
f 13582 8627 2165
f 2165 8679 9398
f 2165 9398 13494
f 9828 2165 13494
f 13582 2165 9828
f 2169 2166 8611
f 2169 8673 2166
f 2166 9362 8611
f 2166 8673 8982
f 2166 8982 9354
f 2166 9354 9362
f 2167 4095 2171
f 13191 2167 2171
f 2167 4094 3300
f 2167 3300 4095
f 13187 4094 2167
f 13191 13187 2167
f 2168 9412 2172
f 13504 2168 2172
f 2168 8615 7624
f 2168 7624 8666
f 13504 8615 2168
f 2168 8666 9412
f 2169 2170 8673
f 2169 9787 2170
f 2169 8611 8060
f 2169 8060 9787
f 2390 8619 2170
f 2390 2170 9787
f 8619 8973 2170
f 2170 8973 8673
f 2171 4097 2202
f 13191 2171 2202
f 2171 4095 9094
f 2171 11285 4097
f 2171 9094 11285
f 2172 9412 8627
f 13582 2172 8627
f 13492 13504 2172
f 13492 2172 13582
f 2173 5839 5840
f 2173 5840 5847
f 2173 5847 11950
f 8630 2175 2174
f 2174 2175 8998
f 2174 2176 8632
f 2176 2174 9003
f 8630 2174 8632
f 2174 8998 9003
f 2175 2329 2330
f 2175 8641 2329
f 2175 2330 8998
f 8630 8641 2175
f 2332 8649 2176
f 2332 2176 9003
f 4733 11492 2177
f 8653 2177 4839
f 2178 12564 3726
f 3922 12786 2178
f 2178 12550 12564
f 2178 12786 12550
f 2325 8647 2179
f 2325 2179 8991
f 2328 2179 8637
f 2328 8991 2179
f 2179 8645 8637
f 2179 8647 8645
f 8641 2180 2329
f 2180 9357 2329
f 2337 2483 2180
f 2337 2180 8648
f 2483 9357 2180
f 8648 2180 8641
f 9017 2181 2189
f 8651 2181 9013
f 9013 2181 8909
f 9017 8909 2181
f 2325 2182 8647
f 2325 8999 2182
f 2182 2397 8647
f 2182 9367 2397
f 2182 8999 2482
f 2182 2482 10694
f 2182 10694 9367
f 2183 2187 9026
f 2183 9026 9019
f 2334 2184 9011
f 10738 2184 2334
f 8649 9011 2184
f 10738 8657 2184
f 9025 2185 2338
f 9367 2338 2185
f 2397 2185 8652
f 2397 9367 2185
f 8652 2185 8655
f 8655 2185 9025
f 2186 4769 8655
f 2186 8663 4769
f 2186 8655 9023
f 2186 8670 8663
f 2186 9037 8670
f 2186 9023 9030
f 2186 9030 9037
f 2340 9026 2187
f 2340 2187 9033
f 2187 9034 9033
f 2344 9036 2188
f 9370 2344 2188
f 8656 8657 2188
f 8656 2188 8665
f 9370 2188 8657
f 9035 8665 2188
f 9036 9035 2188
f 8660 7698 2189
f 7698 9022 2189
f 9022 9017 2189
f 9029 2190 2341
f 2341 2190 9319
f 8662 3713 2190
f 2190 3713 9319
f 7698 8662 2190
f 7698 2190 9029
f 2191 2249 6419
f 6948 2249 2191
f 2191 6419 6636
f 6948 2191 6635
f 2192 4315 9285
f 2192 4892 4927
f 2192 9285 4892
f 5876 2192 4927
f 2193 2198 2355
f 2193 7713 2198
f 2193 2355 9053
f 2193 7712 7713
f 2193 9039 7712
f 2193 9053 9039
f 2194 9037 2490
f 9149 2194 2490
f 2194 8680 8670
f 2194 8670 9037
f 2194 9056 8680
f 9149 9056 2194
f 2195 2196 8675
f 2195 9040 2196
f 2195 8675 7705
f 2195 7705 9050
f 2195 9046 9040
f 2195 9050 9046
f 2343 9034 2196
f 2343 2196 9040
f 4964 2197 8531
f 4964 11898 2197
f 4990 2197 7301
f 8531 2197 4990
f 8505 7301 2197
f 11898 8505 2197
f 2355 2198 8000
f 2198 7713 8680
f 2198 9056 8000
f 2198 8680 9056
f 2199 5183 2444
f 6254 2199 2444
f 4270 5183 2199
f 4270 2199 8907
f 8818 2199 6254
f 8818 8907 2199
f 2357 8686 2200
f 2357 2200 9083
f 8681 9086 2200
f 2200 9086 9083
f 2201 3017 8685
f 2201 8699 3017
f 9071 2201 8685
f 9101 8699 2201
f 9090 2201 9071
f 9090 9101 2201
f 2241 2202 4097
f 13192 2202 2241
f 13192 4096 2202
f 6540 2203 8690
f 6540 8701 2203
f 8690 2203 9089
f 8700 2203 8701
f 8700 9096 2203
f 9089 2203 9096
f 4397 2204 11404
f 2204 4520 11396
f 2204 11396 11404
f 2205 7726 8692
f 2205 9075 7726
f 2205 8692 8691
f 2205 8691 8693
f 2205 8693 9085
f 2205 9085 9075
f 2361 2209 2206
f 2206 2209 8695
f 2361 2206 9074
f 7726 2206 8695
f 2206 7726 9075
f 2206 9075 9074
f 8698 8699 2207
f 8707 8698 2207
f 2207 8699 9101
f 8707 2207 9105
f 2207 9101 9401
f 9105 2207 9401
f 8700 8702 2208
f 8700 2208 9095
f 8709 2208 8702
f 8709 8708 2208
f 9194 2208 8708
f 9194 9095 2208
f 2361 9027 2209
f 8711 8695 2209
f 9106 8711 2209
f 9106 2209 9027
f 2210 3738 12369
f 2210 12827 3738
f 2210 12821 3936
f 2210 3936 12827
f 2210 12369 5248
f 2210 5248 12821
f 6750 9417 2211
f 6750 2211 10068
f 2211 8717 8715
f 2211 8715 10068
f 2211 9419 8717
f 2211 9417 9419
f 7757 2375 2212
f 8477 2212 2375
f 6818 7757 2212
f 6818 2212 7777
f 9696 7777 2212
f 9696 2212 8477
f 8159 6958 2213
f 2213 6958 9435
f 7814 2213 9435
f 7814 13605 2213
f 8103 8159 2213
f 8103 2213 13605
f 4802 2283 2214
f 6739 2214 2283
f 3951 4802 2214
f 3951 2214 9285
f 6739 4892 2214
f 4892 9285 2214
f 7014 8728 2215
f 7014 2215 8730
f 8728 9715 2215
f 8730 2215 8733
f 2215 9716 8733
f 2215 9715 9716
f 2216 9476 8592
f 2216 9794 9476
f 2217 6061 8735
f 8736 6061 2217
f 2217 8735 9440
f 8736 2217 11126
f 2217 9440 9993
f 2217 9993 11126
f 9294 2218 3191
f 10900 3191 2218
f 10898 7498 2218
f 7498 10900 2218
f 9294 11139 2218
f 10898 2218 11137
f 11139 11137 2218
f 2925 9448 2219
f 2219 7900 7906
f 9448 7900 2219
f 10243 2219 7906
f 2220 11195 2223
f 2220 7914 11195
f 8748 2221 8411
f 8411 2221 9171
f 8748 8753 2221
f 2221 8753 10010
f 2221 9729 9171
f 2221 10010 9729
f 2750 9732 2222
f 2750 2222 10011
f 8752 2222 9733
f 8752 13584 2222
f 9733 2222 9732
f 10011 2222 13584
f 2223 3450 7097
f 9451 3450 2223
f 2223 11195 9451
f 2224 8758 3843
f 9464 2224 3843
f 7944 2224 8757
f 7944 8758 2224
f 9738 8757 2224
f 9738 2224 9464
f 3721 2225 12337
f 3721 12776 2225
f 2225 12547 12337
f 2225 12779 12547
f 2225 12776 12777
f 2225 12777 12779
f 2964 2226 7949
f 2964 8760 2226
f 8767 7949 2226
f 8761 2226 8760
f 8767 2226 8761
f 11236 8762 2227
f 2227 9177 9176
f 11236 2227 9176
f 2398 9475 2228
f 8766 2228 2400
f 9475 2400 2228
f 2229 6156 8762
f 2229 10696 6156
f 11236 2229 8762
f 2229 9472 8768
f 2229 8768 10696
f 11236 9472 2229
f 6875 12002 2230
f 12404 6875 2230
f 11794 2230 11795
f 11794 11796 2230
f 11795 2230 12002
f 12404 2230 11796
f 2231 8766 2401
f 2231 2401 8778
f 2231 8145 8142
f 2231 8142 8766
f 2231 8147 8145
f 2231 8778 8147
f 2232 2405 9180
f 9190 2405 2232
f 8776 9189 2232
f 9190 2232 9189
f 10049 2233 2528
f 10316 2233 10049
f 2409 2410 2234
f 2409 2234 9481
f 8783 2234 2410
f 6180 8778 2234
f 6180 2234 8783
f 8778 9481 2234
f 2527 9200 2235
f 2527 2235 9493
f 8781 2235 9195
f 8781 9207 2235
f 9195 2235 9200
f 9493 2235 9207
f 2407 2236 2534
f 2407 9186 2236
f 8799 2534 2236
f 8785 8005 2236
f 8005 8799 2236
f 8785 2236 9186
f 2531 8801 2237
f 2531 2237 9205
f 2237 8801 8796
f 2237 9187 9205
f 2238 6213 2239
f 9489 2238 2239
f 2238 8462 6213
f 2238 11295 8462
f 9488 2238 9489
f 9488 11295 2238
f 8793 2239 6213
f 9495 2239 8793
f 10060 9489 2239
f 10060 2239 9495
f 6504 4249 2240
f 6352 2240 4374
f 6352 6492 2240
f 6504 2240 6492
f 2241 4097 10964
f 13192 2241 4292
f 6215 2242 8005
f 6215 8800 2242
f 8005 2242 8799
f 9502 8799 2242
f 8800 8807 2242
f 8806 2242 8807
f 9502 2242 8806
f 2243 8802 8801
f 2243 8801 9501
f 9508 8804 2243
f 9508 2243 9501
f 2244 8804 9506
f 2244 9506 8809
f 2245 8053 2396
f 9797 2245 2396
f 2245 6248 8053
f 8807 6248 2245
f 8806 8807 2245
f 8806 2245 9797
f 9215 2246 2414
f 9806 2414 2246
f 8815 2246 7221
f 9215 7221 2246
f 9206 2246 8815
f 9808 2246 9206
f 9806 2246 9808
f 11412 2247 2387
f 11382 2247 4619
f 4619 2247 11412
f 8575 4734 2248
f 11007 6419 2249
f 11007 2249 11107
f 7964 2419 2250
f 8821 2250 2419
f 7964 2250 8964
f 2250 8474 8964
f 2251 12271 6236
f 2251 6236 12695
f 6931 9687 2251
f 2251 9687 12271
f 5321 5324 2252
f 5324 5357 2252
f 8813 2252 5357
f 8813 6214 2252
f 2253 6944 4718
f 2253 4718 8805
f 2253 5410 5406
f 7410 2253 5406
f 2253 8805 5410
f 7410 6944 2253
f 2542 2254 2668
f 2542 8098 2254
f 8674 2668 2254
f 7295 2254 8098
f 7295 8827 2254
f 9523 8674 2254
f 9523 2254 8827
f 2669 2255 8950
f 2669 9821 2255
f 8485 8154 2255
f 2255 8154 8829
f 8485 2255 9821
f 8950 2255 8829
f 5229 2256 5410
f 5229 8846 2256
f 2256 5406 5410
f 2256 11707 5406
f 11626 2256 8846
f 11626 11707 2256
f 2260 2257 8839
f 2260 9233 2257
f 8835 2257 2544
f 2544 2257 9528
f 8839 2257 8835
f 9233 9528 2257
f 5529 2258 2545
f 8485 2545 2258
f 5706 2258 5529
f 5706 8837 2258
f 8485 2258 8205
f 8837 8205 2258
f 3164 5382 2259
f 3164 2259 9625
f 2259 5382 4718
f 2259 4718 7449
f 2259 7449 8803
f 2259 8803 9625
f 2260 2262 9233
f 2283 3925 2261
f 2283 2261 9606
f 3925 8167 2261
f 9606 2261 9636
f 9236 2262 8845
f 9236 9233 2262
f 11512 2263 5877
f 11512 10637 2263
f 7311 2264 8495
f 9533 2264 7311
f 2264 8499 8495
f 2264 8850 8499
f 9535 8850 2264
f 9535 2264 9533
f 5411 2424 2265
f 2265 2424 8854
f 5411 2265 2670
f 9541 2670 2265
f 9541 2265 9538
f 2266 8860 2426
f 2266 2426 9540
f 8503 8860 2266
f 2266 9540 9538
f 12539 11925 2267
f 2267 11925 13426
f 2267 11926 11927
f 2267 13426 11926
f 2267 11927 12343
f 12539 2267 12343
f 10707 2268 3029
f 11176 3029 2268
f 10706 2268 10146
f 10707 10146 2268
f 10709 2268 10706
f 11176 2268 10709
f 2269 4471 2279
f 2269 2279 5499
f 12125 4471 2269
f 2269 5499 8803
f 2269 8803 7449
f 12125 2269 7449
f 9244 2428 2270
f 2270 2428 9546
f 8228 2270 8513
f 8228 9244 2270
f 8513 2270 8867
f 2270 9546 8867
f 2432 2271 2273
f 2676 2430 2271
f 8866 2271 2430
f 2676 2271 2432
f 2431 8871 2272
f 9838 2431 2272
f 8872 8867 2272
f 8867 9546 2272
f 8872 2272 8871
f 9838 2272 9546
f 2432 2273 9252
f 2431 2274 8871
f 9250 2274 2431
f 2677 8883 2274
f 2677 2274 9250
f 10921 2275 7118
f 2275 11376 7118
f 7329 7583 2275
f 7329 2275 10921
f 11160 2275 7583
f 11376 2275 11160
f 3776 5201 2276
f 3776 2276 12894
f 12902 2276 5201
f 12898 12894 2276
f 12898 2276 13142
f 12902 13142 2276
f 2434 2277 4849
f 3781 9553 2277
f 4849 2277 4179
f 4179 2277 9553
f 9552 2559 2278
f 9556 2278 2559
f 2278 8523 8881
f 2278 11523 8523
f 9552 2278 8881
f 9556 11523 2278
f 5574 2279 3142
f 5940 3142 2279
f 5940 2279 4471
f 5574 5499 2279
f 9616 9261 2280
f 9261 10127 2280
f 9267 9265 2280
f 10156 2280 9265
f 9267 2280 9565
f 10127 9565 2280
f 9616 2280 10156
f 8277 2281 2282
f 2282 2281 9269
f 8277 8893 2281
f 8891 2281 8893
f 8891 9614 2281
f 2281 9265 9269
f 9614 9265 2281
f 8277 2282 9268
f 9268 2282 9272
f 9270 2282 9269
f 9270 9272 2282
f 3925 2283 4802
f 6739 2283 9606
f 2284 7343 8016
f 2284 8018 7343
f 2284 8016 9571
f 2284 8355 8018
f 2284 9264 8355
f 2284 9569 9264
f 2284 9571 9569
f 2313 2285 8534
f 10132 2285 2313
f 4732 7107 2285
f 10132 4732 2285
f 8534 2285 7104
f 8864 7104 2285
f 8864 2285 7107
f 3848 2455 2286
f 2286 2455 7041
f 3848 2286 11829
f 6340 6544 2286
f 6340 2286 7041
f 2286 6544 11829
f 8418 8901 2287
f 8418 2287 9562
f 2287 8901 9588
f 2287 9283 9562
f 10484 9283 2287
f 10484 2287 9588
f 2288 2445 2289
f 2288 9288 2445
f 2445 9279 2289
f 8541 2289 8911
f 8911 2289 9279
f 9281 2290 2448
f 9291 2448 2290
f 8533 2290 9281
f 2291 5917 4468
f 2291 4468 8833
f 2291 8306 5917
f 2291 10445 8306
f 2291 8833 10445
f 2293 2292 8358
f 2293 8916 2292
f 2292 2450 8358
f 8913 2450 2292
f 8913 2292 8427
f 2292 8916 8427
f 2294 8916 2293
f 9296 2294 2293
f 10168 2293 8358
f 9296 2293 10168
f 2294 8280 8916
f 9296 9295 2294
f 8283 2295 8919
f 8283 10128 2295
f 8919 2295 8920
f 8920 2295 9300
f 9300 2295 10128
f 2579 2699 2296
f 8920 2579 2296
f 9165 2296 2699
f 8921 2296 7397
f 9165 7397 2296
f 8920 2296 8921
f 2297 4000 12233
f 2297 13469 4000
f 2297 10205 4213
f 2297 4213 13469
f 2297 12233 4916
f 2297 4916 13472
f 2297 13472 10205
f 8245 4596 2298
f 4596 9313 2298
f 5862 9290 2298
f 5862 2298 9313
f 8245 2298 8661
f 8661 2298 9290
f 9608 2299 2302
f 2461 2299 9605
f 9605 2299 9608
f 8927 2462 2300
f 2462 9895 2300
f 8927 2300 8926
f 8926 2300 9900
f 2300 9895 9900
f 11158 2301 3193
f 11255 3193 2301
f 7584 2301 11158
f 11333 2301 7584
f 11333 11200 2301
f 12774 2301 11200
f 11255 2301 12774
f 9608 2302 9613
f 2303 4191 7715
f 2303 12336 4191
f 2303 7749 4463
f 2303 4463 12336
f 2303 7715 5884
f 2303 5884 7749
f 2304 9139 9316
f 2304 10264 9139
f 9316 10209 2304
f 2305 2376 4216
f 2305 13476 2376
f 3902 13476 2305
f 2305 4216 4909
f 2467 8480 2306
f 2467 2306 9908
f 2306 8480 9312
f 13208 2306 9312
f 13208 9908 2306
f 8943 2471 2307
f 11760 2307 2471
f 7434 2307 8567
f 8567 2307 11760
f 9311 9317 2308
f 9317 9322 2308
f 9321 2308 9322
f 2742 2309 2659
f 8989 2659 2309
f 2742 6395 2309
f 9175 2309 6395
f 7769 8989 2309
f 9175 7769 2309
f 13416 2472 2310
f 2310 8946 8480
f 2310 8480 9318
f 13416 2310 9318
f 8595 8951 2311
f 9321 2311 8951
f 9321 9323 2311
f 9323 9330 2311
f 10555 2312 9328
f 10329 9512 2312
f 10686 2312 9512
f 10555 10329 2312
f 10124 2313 8534
f 10130 2313 10124
f 2757 9275 2314
f 2757 2314 12711
f 5607 2314 9275
f 12730 12711 2314
f 2789 2315 2477
f 2315 9349 2477
f 2789 9124 2315
f 3766 5434 2315
f 9124 3766 2315
f 9349 2315 5434
f 8536 2316 9512
f 8536 10497 2316
f 8960 2316 8558
f 2316 10497 8558
f 9871 2316 8960
f 10686 9512 2316
f 9871 10686 2316
f 2317 9079 8549
f 2317 8549 9492
f 2317 10544 9079
f 2317 9398 10544
f 2317 13494 9398
f 2317 9492 13494
f 8877 2318 9338
f 8877 9635 2318
f 2318 8975 9338
f 2318 10550 8975
f 2318 9635 9348
f 2318 9348 10550
f 2319 11924 9225
f 2319 9225 12667
f 10026 11924 2319
f 2321 8562 2320
f 2321 2320 8849
f 9077 2320 2480
f 2320 10667 2480
f 8562 10667 2320
f 9077 8849 2320
f 2321 8566 8562
f 2321 10649 8566
f 2321 8849 8832
f 2321 8832 10649
f 4741 2350 2322
f 2350 6436 2322
f 2322 2777 5187
f 2322 9329 2777
f 4741 2322 5187
f 6436 9329 2322
f 10550 2323 8976
f 10661 8976 2323
f 9640 9093 2323
f 9093 10654 2323
f 9640 2323 9348
f 10550 9348 2323
f 10661 2323 10654
f 2324 8643 2327
f 2324 2327 9404
f 2328 8643 2324
f 2328 2324 9372
f 2324 10660 9372
f 2324 9404 10660
f 2325 8991 9444
f 2325 9444 8999
f 8823 8606 2326
f 8983 2326 8606
f 8677 2326 8983
f 8677 9003 2326
f 8823 2326 8998
f 9003 8998 2326
f 8643 9013 2327
f 2327 9004 8682
f 9404 2327 8682
f 2327 9013 9004
f 2328 8637 8643
f 2328 9372 8991
f 9371 2330 2329
f 9371 2329 9357
f 8823 2330 8994
f 8823 8998 2330
f 8994 2330 9371
f 2331 2387 2345
f 2331 2345 4275
f 11412 2387 2331
f 4518 2331 4275
f 4519 2331 4518
f 4519 11412 2331
f 2332 9011 8649
f 8895 2332 8677
f 2332 9003 8677
f 8895 9011 2332
f 2333 2484 9081
f 2333 9324 2484
f 2333 8682 9004
f 2333 9078 8682
f 2333 9004 9324
f 2333 9081 9078
f 9363 5692 2334
f 10738 2334 5692
f 2334 9011 9332
f 9363 2334 9332
f 2335 8909 9017
f 2335 9366 8909
f 9022 2335 9017
f 9022 9054 2335
f 9054 10540 2335
f 2335 10540 9366
f 9939 2336 6707
f 6707 2336 13600
f 9369 2336 7693
f 2336 9652 7693
f 9947 2336 9369
f 9939 9652 2336
f 9947 13600 2336
f 9365 2483 2337
f 7693 2337 8648
f 7693 9652 2337
f 9365 2337 9652
f 4261 9025 2338
f 4261 2338 9657
f 9367 10694 2338
f 9651 9657 2338
f 9651 2338 10694
f 4261 8563 2339
f 4261 2339 9025
f 8563 10476 2339
f 9023 9025 2339
f 9023 2339 10476
f 2489 2340 9033
f 9947 2340 2489
f 9369 9026 2340
f 9947 9369 2340
f 9029 2341 9376
f 2341 9319 9375
f 2341 9375 9376
f 2592 7756 2342
f 2592 2342 9299
f 2342 7756 2625
f 9544 2342 2625
f 9299 2342 4894
f 4894 2342 9544
f 2343 9040 3458
f 2343 3458 9047
f 2343 9033 9034
f 2343 9380 9033
f 2343 9047 9380
f 2344 8929 9036
f 2344 9064 8929
f 9370 9064 2344
f 4277 2345 2387
f 13612 4275 2345
f 13614 2345 4277
f 13614 13612 2345
f 2346 9046 2352
f 2346 2352 9080
f 2346 9080 2356
f 10770 2346 2356
f 2346 3458 9040
f 10770 3458 2346
f 2346 9040 9046
f 8743 2347 9152
f 8743 10121 2347
f 9152 2347 9153
f 10825 2347 10121
f 2348 7705 9035
f 2348 9050 7705
f 2348 9035 9051
f 2348 9059 9050
f 2348 9051 9052
f 2348 9052 9059
f 2349 8977 8961
f 9053 2349 8961
f 9394 8977 2349
f 9053 9084 2349
f 2349 9084 9065
f 9394 2349 9065
f 2350 4668 2753
f 2350 2753 6436
f 2350 11811 4668
f 4741 11811 2350
f 2437 3112 2351
f 11568 2437 2351
f 8009 2351 3112
f 11569 2351 8009
f 11568 2351 11569
f 3618 2352 9046
f 3618 9083 2352
f 2352 9083 9080
f 2353 9052 8995
f 2353 8995 9382
f 2353 9061 9052
f 2353 9071 9061
f 9090 9071 2353
f 9090 2353 9382
f 4101 2354 9393
f 4889 13201 2354
f 13202 9393 2354
f 13202 2354 13201
f 2355 8000 9085
f 2355 9084 9053
f 2355 9085 9084
f 10633 2356 9080
f 9384 2356 9099
f 10633 9099 2356
f 9384 10770 2356
f 2357 3618 9059
f 2357 9083 3618
f 2357 9072 8686
f 2357 9059 9061
f 2357 9061 9072
f 10987 3138 2358
f 2358 3138 11643
f 10993 2358 7265
f 2358 11654 7265
f 10987 2358 10993
f 2358 11643 11654
f 4393 2359 2835
f 2835 2359 11767
f 4658 2359 2914
f 6423 2914 2359
f 4393 6423 2359
f 4658 11767 2359
f 2360 2406 5381
f 2360 11641 3230
f 2360 5381 6872
f 2360 6872 11641
f 2361 7929 9027
f 9151 7929 2361
f 9151 2361 9074
f 4100 2362 4896
f 4100 9070 2362
f 13202 2362 9070
f 13202 13201 2362
f 8099 2363 2922
f 2363 10916 2922
f 2363 10913 3505
f 2363 3505 10915
f 2363 10915 7590
f 2363 7590 10916
f 8099 10913 2363
f 4781 2364 8743
f 4781 11567 2364
f 4835 2364 10100
f 4835 10121 2364
f 8743 2364 10121
f 10100 2364 11567
f 9395 2366 2493
f 9677 2493 2366
f 2366 9089 9096
f 9395 9089 2366
f 9679 2366 9096
f 9677 2366 9679
f 8712 2367 8713
f 8712 9266 2367
f 9097 8713 2367
f 9178 9097 2367
f 9178 2367 10887
f 9266 10887 2367
f 2368 11535 2423
f 2368 2423 11949
f 11352 10232 2368
f 2368 10232 11535
f 11352 2368 11949
f 2499 9257 2369
f 2499 2369 9961
f 9104 9105 2369
f 9104 2369 9257
f 9105 9406 2369
f 2369 9406 9961
f 2371 9111 8354
f 2371 8354 9114
f 9413 9111 2371
f 9416 9413 2371
f 8798 2372 8780
f 9120 8780 2372
f 8798 10887 2372
f 9120 2372 9118
f 9118 2372 9266
f 9266 2372 10887
f 9262 2502 2373
f 2502 10440 2373
f 9119 2373 9118
f 9120 9118 2373
f 9119 10059 2373
f 9120 2373 10440
f 9262 2373 10059
f 8375 2374 8372
f 12255 2374 8375
f 9421 10618 2374
f 9421 2374 12255
f 8477 2375 11511
f 12246 11511 2375
f 8565 4216 2376
f 8565 2376 13478
f 13476 13204 2376
f 13478 2376 13204
f 2377 5988 6211
f 2377 8311 5988
f 2377 6632 7660
f 2377 7660 8311
f 5459 8455 2378
f 12093 5459 2378
f 8424 2378 5629
f 10522 5629 2378
f 12093 2378 8424
f 8455 10522 2378
f 9138 2379 9136
f 2379 10435 9136
f 9251 2379 9138
f 9251 9531 2379
f 9429 2379 9531
f 9429 10435 2379
f 7781 9391 2380
f 9550 7781 2380
f 2380 9391 9015
f 2380 9015 12324
f 9550 2380 9430
f 2380 12324 9430
f 9432 8389 2381
f 9709 2381 9141
f 9432 2381 9709
f 3079 10283 2382
f 3079 2382 13569
f 13129 2382 10283
f 13129 13427 2382
f 13431 2382 13427
f 13431 13569 2382
f 8981 2383 9669
f 8981 13467 2383
f 10017 9669 2383
f 10513 10017 2383
f 10513 2383 13467
f 2384 6984 7865
f 2384 7865 9992
f 2384 9720 9439
f 2384 9992 9720
f 2385 8728 9160
f 2385 9715 8728
f 2385 9160 9445
f 2385 9445 9995
f 2385 9989 9715
f 2385 9995 9989
f 10751 2406 2386
f 2709 10751 2386
f 2709 2386 13219
f 13219 2386 3053
f 2388 3113 10916
f 2388 11375 3113
f 2388 7691 5392
f 2388 5392 11375
f 2388 7590 7691
f 2388 10916 7590
f 3505 3111 2389
f 2389 3111 12672
f 3505 2389 10915
f 5243 2389 7741
f 5243 10915 2389
f 2389 12672 7741
f 8609 8619 2390
f 2475 2391 4394
f 2475 4395 2391
f 4394 2391 11430
f 11427 2391 4395
f 2391 11427 11430
f 4877 2392 9067
f 7134 2392 7142
f 7134 8868 2392
f 9067 2392 8868
f 3185 3834 2393
f 10172 3185 2393
f 2393 3834 10882
f 10172 2393 6962
f 6962 2393 11117
f 2393 10882 11117
f 4917 2394 8456
f 6252 2394 7185
f 6252 8459 2394
f 2394 8459 8456
f 2395 7133 4729
f 9009 2395 4729
f 2395 11559 7133
f 2395 8456 7159
f 2395 7159 11559
f 9009 8456 2395
f 2414 2396 8053
f 2414 9804 2396
f 9797 2396 9798
f 9798 2396 9804
f 2397 8646 8647
f 2397 8652 8646
f 2398 8746 9457
f 2398 9457 9748
f 2398 9748 9475
f 2404 2399 13210
f 2422 13210 2399
f 2422 2399 13212
f 3801 13212 2399
f 2401 2400 2522
f 2401 8766 2400
f 2638 2522 2400
f 2638 2400 9475
f 2401 2522 9484
f 2401 9481 8778
f 2401 9484 9481
f 3506 2402 2511
f 3597 2511 2402
f 9755 2402 3506
f 7834 3597 2402
f 7834 2402 6115
f 6115 2402 9755
f 8966 2635 2403
f 2635 9778 2403
f 8966 2403 9188
f 2403 9187 9188
f 9205 9187 2403
f 9205 2403 9778
f 9373 12747 2404
f 9373 2404 13210
f 2405 2520 2518
f 9470 2405 2518
f 2405 9480 2520
f 9470 9180 2405
f 9190 9480 2405
f 10752 5381 2406
f 10751 10752 2406
f 2642 2407 2534
f 9218 2407 2642
f 9218 9186 2407
f 2408 7192 8714
f 12189 2408 8714
f 9785 2408 12189
f 2409 9786 2410
f 2409 9482 2645
f 2409 2645 9786
f 2409 9481 9482
f 9497 8783 2410
f 9497 2410 9786
f 2412 9790 2411
f 8789 2411 9207
f 9790 9207 2411
f 2412 2656 9790
f 9791 2656 2412
f 9210 9791 2412
f 3579 2413 3479
f 2413 11808 3479
f 3771 2413 3579
f 3771 12435 2413
f 2413 9807 11808
f 12435 9807 2413
f 9215 2414 8053
f 9806 9804 2414
f 2415 9668 2893
f 7506 2415 6548
f 2415 11771 6548
f 7506 9668 2415
f 6078 8756 2416
f 6078 2416 9713
f 8756 6212 2416
f 3086 7202 2417
f 9020 3086 2417
f 5014 2417 7163
f 5014 9020 2417
f 7163 2417 8450
f 2417 7202 8450
f 9815 2418 8819
f 8819 2418 12742
f 12758 2418 9815
f 13238 12742 2418
f 12758 13238 2418
f 8821 2419 2420
f 10352 2420 2419
f 7964 8684 2419
f 10352 2419 8684
f 7855 2420 10352
f 9227 8821 2420
f 5755 2421 4643
f 4643 2421 11534
f 5137 5325 2421
f 5755 5137 2421
f 4105 7228 2422
f 4105 2422 13213
f 2422 7228 13481
f 2422 13481 13210
f 2422 13212 13213
f 3539 2423 2556
f 2423 11535 2556
f 3539 2641 2423
f 2423 2641 11949
f 5411 11355 2424
f 8845 8854 2424
f 9236 8845 2424
f 9236 2424 11355
f 2425 3540 6542
f 2425 10363 3540
f 3640 2425 6542
f 3640 12152 2425
f 12152 10363 2425
f 2796 2426 2427
f 2427 2426 8860
f 2796 12932 2426
f 9540 2426 12932
f 2429 2427 8861
f 9834 2427 2429
f 9834 2796 2427
f 2427 8860 8861
f 9244 9543 2428
f 2428 9543 12921
f 2428 10122 9546
f 2428 12921 10122
f 2429 9245 2673
f 10436 2429 2673
f 2429 8861 9245
f 9834 2429 10436
f 2676 2673 2430
f 2673 9245 2430
f 9250 2431 2675
f 9838 2675 2431
f 2432 9252 2555
f 10126 2432 2555
f 10126 2676 2432
f 7101 2433 8843
f 7101 13211 2433
f 2433 13211 12749
f 2434 2801 2678
f 2434 10135 2801
f 2434 4849 10135
f 4725 7278 2435
f 8922 4725 2435
f 5053 2435 8410
f 8922 2435 5053
f 2435 7278 8410
f 4179 9553 2436
f 11467 4179 2436
f 9183 8940 2436
f 11467 2436 8940
f 13345 9183 2436
f 13345 2436 9553
f 12928 3112 2437
f 7592 2437 11155
f 7592 12928 2437
f 11568 11155 2437
f 2438 13217 5378
f 2438 12756 6776
f 2438 6776 13217
f 2438 12155 12756
f 8246 9260 2439
f 9261 8246 2439
f 9559 2439 9260
f 9564 9261 2439
f 9559 11499 2439
f 9564 2439 11499
f 3596 3697 2440
f 3596 2440 12062
f 3697 12285 2440
f 12062 2440 5273
f 12064 5273 2440
f 8897 2441 8016
f 9571 8016 2441
f 8897 9580 2441
f 9571 2441 9577
f 9577 2441 9579
f 9579 2441 9580
f 2442 9269 9267
f 2442 9267 9573
f 9270 9269 2442
f 9270 2442 9585
f 2442 9573 9854
f 2442 9854 9585
f 3410 2443 3424
f 3410 9272 2443
f 2443 9859 3424
f 9582 2443 9272
f 9582 9586 2443
f 2443 9586 9859
f 7033 4390 2444
f 8884 2444 4390
f 5183 7033 2444
f 6254 2444 8884
f 2572 2573 2445
f 2572 2445 9288
f 2445 2573 9279
f 7820 2446 2573
f 9279 2573 2446
f 7820 2984 2446
f 2984 9280 2446
f 9279 2446 9278
f 9280 9278 2446
f 2454 2447 9595
f 9280 2447 9278
f 9280 9595 2447
f 8333 2690 2448
f 9869 2448 2690
f 9291 8333 2448
f 9869 9281 2448
f 4312 2449 2873
f 2873 2449 11781
f 13448 2449 4312
f 4434 4556 2449
f 13448 4434 2449
f 11781 2449 4556
f 8915 2822 2450
f 9597 2450 2822
f 8358 2450 9597
f 8913 8915 2450
f 9300 2451 9884
f 13188 2451 9876
f 13188 9884 2451
f 10826 2452 4812
f 4812 2452 11570
f 4834 10041 2452
f 10041 11570 2452
f 5183 4012 2453
f 4012 7389 2453
f 5183 2453 7033
f 6971 2453 7389
f 11951 2453 6971
f 11951 7033 2453
f 9893 2460 2454
f 9888 2454 9595
f 9893 2454 9888
f 3848 7385 2455
f 6280 7041 2455
f 6280 2455 8899
f 7297 2455 7385
f 7297 8899 2455
f 2549 2456 5209
f 11679 2456 2549
f 8930 5209 2456
f 2456 7341 6263
f 8930 2456 6263
f 11679 7341 2456
f 2457 5184 11683
f 2458 2702 2462
f 2458 2462 9298
f 2458 9891 2702
f 2458 9296 8064
f 2458 8064 9891
f 2458 9298 9296
f 5534 2459 5220
f 5544 5220 2459
f 6066 2459 5534
f 8797 5544 2459
f 6066 6039 2459
f 8797 2459 6039
f 8332 2460 9893
f 2461 8333 9291
f 2461 9890 8333
f 2461 9605 9890
f 2462 2702 9895
f 8927 9298 2462
f 3700 2463 8874
f 3700 11743 2463
f 6280 2463 6447
f 6280 8899 2463
f 11743 6447 2463
f 8874 2463 8899
f 6410 9304 2464
f 2464 9304 10230
f 2464 9896 9604
f 2464 10230 9896
f 3461 6762 2465
f 3461 2465 6764
f 2465 6762 6841
f 2465 12335 6764
f 2465 6841 13181
f 2465 13181 12335
f 9309 9308 2466
f 9308 10237 2466
f 9309 2466 9311
f 9311 2466 9317
f 9317 2466 9617
f 9617 2466 10237
f 2467 2836 2838
f 2467 13219 2836
f 2467 2838 9318
f 2467 9318 8480
f 2467 9908 13219
f 2839 2468 2713
f 9320 2713 2468
f 2839 10213 2468
f 9316 9139 2468
f 9320 2468 9139
f 9316 2468 10213
f 2469 8949 2473
f 2469 2473 9913
f 9133 2469 9320
f 9320 2469 9913
f 2470 4358 4610
f 2470 4610 6358
f 2470 6358 11954
f 2588 2471 9624
f 2588 11760 2471
f 8943 9521 2471
f 9624 2471 9521
f 8581 2472 10555
f 10394 10555 2472
f 10394 2472 13416
f 9629 2714 2473
f 2714 9913 2473
f 2473 8949 9327
f 9629 2473 9327
f 2474 9330 9331
f 2474 9331 13250
f 2474 9919 9336
f 2474 13250 9919
f 2475 4394 2476
f 2475 2476 13613
f 2475 4276 4395
f 2475 13613 4276
f 2871 2476 2891
f 2871 13613 2476
f 2891 2476 5122
f 2476 4394 5122
f 2789 2477 2478
f 12005 2478 2477
f 9349 9091 2477
f 12005 2477 9091
f 2789 2478 9631
f 8855 2478 12005
f 8855 13537 2478
f 13537 9631 2478
f 8577 2479 9644
f 11912 2479 8577
f 9123 9079 2479
f 9079 9355 2479
f 11912 9123 2479
f 9644 2479 9355
f 9077 2480 9637
f 10545 9637 2480
f 10545 2480 10667
f 4364 6983 2481
f 5324 2481 5357
f 5357 2481 7391
f 2481 6983 7391
f 8999 10654 2482
f 2482 9093 9361
f 2482 10654 9093
f 2482 9361 10694
f 9092 9357 2483
f 9932 9092 2483
f 9932 2483 9365
f 11975 2484 2596
f 2596 2484 13259
f 11975 9081 2484
f 2484 9324 13259
f 3700 2485 5332
f 3700 8874 2485
f 5163 2485 8797
f 8797 2485 8874
f 2844 2486 10233
f 2844 12119 2486
f 9932 9365 2486
f 9936 2486 9365
f 9932 2486 12119
f 9936 10233 2486
f 8929 2487 8995
f 10757 2487 8929
f 9382 8995 2487
f 9382 2487 9389
f 9660 9389 2487
f 9660 2487 10757
f 11525 3348 2488
f 3348 11744 2488
f 2488 11110 11105
f 11456 2488 11105
f 2488 11744 11110
f 11525 2488 11456
f 2489 9380 5686
f 9947 2489 5686
f 2489 9033 9380
f 9149 2490 10832
f 10832 2490 10768
f 3511 2491 7568
f 3511 12304 2491
f 3708 5572 2491
f 3708 2491 12304
f 7483 2491 5572
f 7483 7568 2491
f 3832 2492 9024
f 10448 2492 3832
f 9024 2492 9405
f 9384 9099 2492
f 9405 2492 9099
f 10448 9384 2492
f 9674 2493 2606
f 9677 2606 2493
f 9395 2493 9388
f 9674 9388 2493
f 9389 2494 9397
f 9671 2494 9389
f 9678 9397 2494
f 9673 2494 9671
f 9678 2494 9673
f 2495 2865 2604
f 9408 2495 2604
f 2495 13329 2865
f 9027 7929 2495
f 7929 13329 2495
f 9408 9027 2495
f 2496 9401 9402
f 2496 9406 9401
f 2496 9402 9678
f 2496 9958 9406
f 2496 9678 9954
f 2496 9954 9958
f 2497 8708 9111
f 2497 9194 8708
f 9413 2497 9111
f 9681 9194 2497
f 9413 10920 2497
f 9681 2497 10920
f 4364 2498 6983
f 4364 7427 2498
f 6921 2498 11858
f 6921 12112 2498
f 12112 6983 2498
f 11858 2498 7427
f 10257 2609 2499
f 2609 10892 2499
f 10892 9257 2499
f 10257 2499 9961
f 10260 2500 2609
f 2609 2500 10892
f 9416 9414 2500
f 9414 10892 2500
f 9416 2500 10958
f 10958 2500 10260
f 2501 5624 5540
f 2501 5540 11024
f 2501 9018 5624
f 2501 9419 9018
f 2501 9420 9419
f 2501 11024 9420
f 9262 8772 2502
f 9972 2502 8772
f 9969 2502 9972
f 9969 10440 2502
f 9424 2503 8375
f 12255 8375 2503
f 9424 9426 2503
f 9426 9980 2503
f 2503 9980 10682
f 12255 2503 10682
f 9429 9531 2504
f 9429 2504 12320
f 9432 2504 9531
f 9432 9708 2504
f 2504 9708 10278
f 2504 10278 12320
f 2505 9572 2738
f 2505 2738 13127
f 2505 3456 9572
f 2505 13123 3456
f 2505 13127 13123
f 2506 2947 9987
f 2506 13468 2947
f 2506 9987 6105
f 2506 6105 11076
f 2506 11076 9435
f 2506 9435 13468
f 2507 10292 2508
f 2507 2508 11126
f 2507 9994 7123
f 2507 7123 10292
f 2507 9993 9994
f 2507 11126 9993
f 2508 2626 9726
f 2508 10292 2626
f 2508 9726 9442
f 2508 9442 11126
f 9448 2851 2509
f 10031 2509 2851
f 9707 2509 3210
f 10025 3210 2509
f 9448 2509 9707
f 10031 10025 2509
f 2752 9741 2510
f 11186 2752 2510
f 9451 2510 3450
f 3450 2510 11251
f 9451 11186 2510
f 9741 11251 2510
f 3506 2511 12565
f 3597 12275 2511
f 9453 2511 12275
f 9453 12565 2511
f 9454 8757 2512
f 9739 2512 8757
f 9454 2512 10019
f 9739 10602 2512
f 10020 10019 2512
f 10020 2512 10602
f 8742 3454 2513
f 9740 2513 3454
f 9457 8742 2513
f 9748 9457 2513
f 9747 2513 9740
f 9748 2513 9747
f 2514 2519 9459
f 10607 2519 2514
f 2514 9176 9177
f 2514 9459 9176
f 2514 9177 9730
f 10607 2514 9730
f 2515 9741 2876
f 10043 2515 2876
f 8978 9179 2515
f 8978 2515 9753
f 2515 9179 11251
f 2515 11251 9741
f 10043 9753 2515
f 9738 2516 2631
f 9742 2631 2516
f 9464 9465 2516
f 9738 9464 2516
f 9745 2516 9465
f 9742 2516 9746
f 9745 9746 2516
f 2761 2517 9467
f 2761 10318 2517
f 9467 2517 7949
f 7949 2517 9743
f 10030 9743 2517
f 10030 2517 10318
f 2518 2520 10044
f 9470 2518 10032
f 10390 10032 2518
f 10390 2518 10044
f 2519 10311 2758
f 2519 2758 11287
f 2519 11287 9459
f 10607 10311 2519
f 9762 2520 9480
f 9760 2520 9762
f 9760 10044 2520
f 10306 2786 2521
f 2521 2786 12499
f 3311 3498 2521
f 3311 2521 12499
f 10306 2521 3498
f 9765 2522 2638
f 9484 2522 9764
f 9764 2522 9773
f 9765 9773 2522
f 2523 3144 5473
f 2523 7921 3144
f 2523 5473 5495
f 5181 8399 2524
f 5181 2524 11693
f 9031 2525 6149
f 6149 2525 10069
f 9031 10041 2525
f 9974 10069 2525
f 11526 9974 2525
f 11526 2525 10041
f 9486 2650 2526
f 9762 2526 2650
f 9190 2526 9480
f 9486 2526 9190
f 9762 9480 2526
f 2651 9486 2527
f 2651 2527 10074
f 2527 9486 9200
f 2527 9493 10074
f 9488 9489 2528
f 10055 2528 9489
f 10055 10049 2528
f 3355 7146 2529
f 3355 2529 11757
f 11541 3541 2529
f 3541 11757 2529
f 11360 2529 7146
f 11541 2529 11360
f 7497 2530 5000
f 5000 2530 12192
f 8773 5012 2530
f 5012 12192 2530
f 7497 5561 2530
f 8773 2530 5561
f 2649 2531 9205
f 2649 9793 2531
f 2531 9501 8801
f 2531 9793 9501
f 2780 2532 9790
f 2780 10360 2532
f 9790 2532 9493
f 9493 2532 10074
f 10373 10074 2532
f 10373 2532 10360
f 8356 2533 10170
f 8356 10171 2533
f 2533 9876 10170
f 2533 10482 9876
f 2533 10171 10482
f 10070 2642 2534
f 8799 9792 2534
f 10070 2534 9792
f 9502 8806 2535
f 8806 9797 2535
f 9502 2535 9796
f 12699 9796 2535
f 9797 9799 2535
f 12699 2535 9799
f 5983 10033 2536
f 11528 5983 2536
f 6022 9974 2536
f 6022 2536 10033
f 11528 2536 9974
f 2537 8809 9506
f 2537 9507 8809
f 9801 2537 9506
f 2537 9511 9507
f 2537 9800 9511
f 9801 9800 2537
f 2538 2766 4470
f 2538 9509 2766
f 2538 4470 9811
f 2538 9510 9509
f 2538 9513 9510
f 2538 9811 9513
f 2539 9513 9811
f 2539 11327 9513
f 2539 9514 9632
f 2539 13380 9514
f 2539 9632 11327
f 2539 9811 9813
f 2539 9813 13380
f 3478 11805 2540
f 3478 2540 12421
f 12226 3677 2540
f 2540 3677 12228
f 12226 2540 11805
f 12228 12424 2540
f 2540 12424 12421
f 4185 2541 4460
f 4185 12138 2541
f 9368 4460 2541
f 12517 9368 2541
f 12517 2541 9499
f 9499 2541 13222
f 12138 13222 2541
f 2542 2668 13244
f 7871 8098 2542
f 7871 2542 13244
f 2543 2805 10142
f 2805 2543 10144
f 2543 10140 10141
f 10142 10140 2543
f 10144 2543 10141
f 2544 9528 7843
f 11334 2544 7843
f 11334 8835 2544
f 5529 2545 5570
f 5570 2545 7383
f 2545 9821 7383
f 8485 9821 2545
f 2810 9377 2546
f 2810 2546 9634
f 2546 2906 7556
f 9377 2906 2546
f 2546 7556 6422
f 9634 2546 6422
f 9533 2547 2548
f 2547 10118 2548
f 2547 7734 10118
f 2547 13237 7734
f 9533 9532 2547
f 9532 13237 2547
f 9535 9533 2548
f 9539 9535 2548
f 9539 2548 9830
f 2548 10118 9830
f 2549 4709 4772
f 2549 5209 4709
f 2549 4772 6201
f 11679 2549 6201
f 10187 2550 7592
f 7592 2550 12928
f 9541 9540 2550
f 9540 12932 2550
f 9541 2550 10269
f 10187 10269 2550
f 12932 12928 2550
f 10027 4777 2551
f 8987 4832 2551
f 10785 2551 4832
f 10785 10027 2551
f 3710 5924 2552
f 3710 2552 11727
f 5924 7943 2552
f 6287 2552 6292
f 6287 11727 2552
f 6292 2552 7943
f 2600 6571 2553
f 2600 2553 7635
f 5669 7635 2553
f 5669 2553 8917
f 7622 2553 6571
f 7622 8917 2553
f 5643 2554 3705
f 2554 12267 3705
f 5643 11963 2554
f 2554 11963 6853
f 2554 6853 12267
f 2678 2801 2555
f 2678 2555 9252
f 2801 10131 2555
f 10126 2555 10131
f 3539 2556 3731
f 2556 12165 3731
f 11535 11752 2556
f 2556 11752 12165
f 3366 11803 2557
f 3366 2557 11918
f 2557 4656 5335
f 2557 9668 4656
f 2557 5335 11918
f 2557 11803 9668
f 2558 6640 4334
f 2558 4334 12279
f 2558 12267 6640
f 8219 2558 7649
f 2558 12279 7649
f 8219 12267 2558
f 9552 10133 2559
f 9556 2559 12987
f 10133 12987 2559
f 5699 4712 2560
f 8089 2560 4712
f 7634 5699 2560
f 7634 2560 7680
f 8089 7680 2560
f 7333 3241 2561
f 11666 2561 3241
f 11666 3412 2561
f 3412 12065 2561
f 7333 2561 12726
f 12065 12726 2561
f 9211 2653 2562
f 10351 2562 2653
f 9791 2562 2656
f 10075 2656 2562
f 9211 2562 9791
f 10075 2562 10351
f 9849 2563 3303
f 9565 2563 9573
f 9850 9573 2563
f 9849 9850 2563
f 2564 9570 10143
f 2564 11623 9570
f 2564 10143 10141
f 2564 10141 13343
f 2564 13343 11623
f 9569 2565 9570
f 9569 9571 2565
f 9852 9570 2565
f 9571 9577 2565
f 9576 2565 9577
f 9576 9852 2565
f 3830 2566 6637
f 7660 2566 3830
f 7660 6632 2566
f 9185 2566 6632
f 9576 8629 2567
f 2567 8629 10147
f 9576 2567 9852
f 9852 2567 10145
f 2567 10147 10145
f 2568 9578 9579
f 2568 11667 9578
f 2568 9581 9584
f 2568 9584 11667
f 2569 2623 9949
f 4983 2569 8987
f 8987 2569 9949
f 2570 9853 2686
f 2570 2686 9863
f 2570 9586 9585
f 2570 9585 9853
f 2570 9861 9586
f 2570 9863 9861
f 2815 10167 2571
f 2815 2571 10951
f 2571 9588 8901
f 2571 8901 13593
f 2571 10167 9588
f 2571 13593 10951
f 2572 8067 2573
f 2572 10174 8067
f 2572 9288 9593
f 2572 9593 10174
f 8067 7820 2573
f 2574 4733 9115
f 2574 11492 4733
f 2574 5090 5193
f 2574 9115 5090
f 2574 5193 5557
f 2574 5557 8782
f 2574 8782 11492
f 2575 3933 3091
f 6478 2575 3091
f 6479 3933 2575
f 6478 6249 2575
f 9154 2575 6249
f 6479 2575 9154
f 2576 2577 10170
f 10488 2577 2576
f 9604 2580 2576
f 10488 2576 2580
f 7432 9604 2576
f 7432 2576 11700
f 11700 2576 10170
f 5490 2577 10488
f 5490 10739 2577
f 8356 10170 2577
f 8356 2577 10739
f 2578 4775 4987
f 8980 4775 2578
f 4919 2578 9005
f 11571 2578 4919
f 2578 4987 9005
f 11571 8980 2578
f 10188 2699 2579
f 8920 9300 2579
f 2579 9300 9884
f 10188 2579 9884
f 2703 2580 9896
f 10744 2580 2703
f 9604 9896 2580
f 10744 10488 2580
f 2581 9605 9609
f 2581 9890 9605
f 2581 9609 10197
f 2581 13111 9890
f 2581 10197 13111
f 2582 9613 2708
f 2582 2708 10200
f 2832 9609 2582
f 2832 2582 10200
f 9609 9608 2582
f 9608 9613 2582
f 2585 2583 2710
f 2585 10237 2583
f 10498 2710 2583
f 10237 9612 2583
f 11709 2583 9612
f 9903 10498 2583
f 11709 9903 2583
f 2837 2584 10209
f 2837 10210 2584
f 9307 2584 9901
f 9307 10209 2584
f 9901 2584 11739
f 10210 11739 2584
f 2587 2585 2710
f 9617 2585 2587
f 9617 10237 2585
f 2586 2708 9613
f 2586 10211 2708
f 2586 8567 11760
f 2586 9622 10211
f 2586 11760 9622
f 2693 2587 2710
f 2693 9910 2587
f 9617 2587 9621
f 9910 9621 2587
f 9912 9622 2588
f 2588 9622 11760
f 9911 2588 9624
f 9912 2588 9911
f 2589 4332 8125
f 2589 13482 4332
f 7700 2589 5786
f 2589 8125 5786
f 7700 13484 2589
f 2589 13484 13482
f 2955 2590 2838
f 2590 9318 2838
f 2955 10517 2590
f 13416 9318 2590
f 10517 9921 2590
f 13416 2590 9921
f 2591 5003 5408
f 2591 5595 5003
f 2591 5408 10340
f 2591 11860 5595
f 2591 10340 8903
f 2591 8903 11860
f 2592 3877 5786
f 2592 9299 3877
f 2592 5786 8125
f 2592 7748 7756
f 2592 8125 7748
f 3360 3548 2593
f 3360 2593 7361
f 8831 2593 3548
f 12606 7361 2593
f 8831 12606 2593
f 2842 2594 10545
f 2842 13545 2594
f 9638 9637 2594
f 2594 9637 10545
f 9638 2594 9639
f 13545 9639 2594
f 9638 8295 2595
f 13274 2595 8295
f 9638 2595 9359
f 2595 9647 9359
f 13285 9647 2595
f 13274 13285 2595
f 2722 2596 3462
f 2722 12025 2596
f 3462 2596 13259
f 11975 2596 12025
f 2597 4894 6769
f 2597 9299 4894
f 2597 6769 7287
f 10897 9299 2597
f 4353 2724 2598
f 2724 9672 2598
f 4353 2598 3135
f 2598 9660 3135
f 9671 9660 2598
f 9672 9671 2598
f 2726 2599 2603
f 9674 2603 2599
f 2726 9662 2599
f 9388 2599 9383
f 9383 2599 9662
f 9674 2599 9388
f 2600 4466 6686
f 2600 7635 4466
f 2600 9310 6571
f 2600 6686 9310
f 6022 10033 2601
f 6022 2601 10035
f 2601 9000 8996
f 2601 8996 10035
f 10703 9000 2601
f 10703 2601 10033
f 2602 3832 9024
f 2602 10788 3832
f 2602 9024 8790
f 2602 8790 9955
f 10576 2602 9955
f 10576 10788 2602
f 2726 2603 10242
f 9676 2603 9674
f 9676 10242 2603
f 8252 2728 2604
f 9966 2604 2728
f 8252 2604 2865
f 9966 9408 2604
f 9954 2605 2730
f 2730 2605 10552
f 9673 9672 2605
f 9672 10241 2605
f 9673 2605 9954
f 10244 2605 10241
f 10244 10552 2605
f 9676 9674 2606
f 9676 2606 10246
f 9677 9680 2606
f 10249 2606 9680
f 10249 10246 2606
f 9103 2607 9679
f 9681 2607 9103
f 9679 2607 9680
f 9959 9680 2607
f 9681 9963 2607
f 9959 2607 9963
f 8798 2608 8490
f 8490 2608 9967
f 8798 8780 2608
f 8780 9692 2608
f 2608 9692 9967
f 10257 10259 2609
f 10260 2609 10259
f 2856 10254 2610
f 2856 2610 10260
f 2610 10254 9963
f 2610 9963 10920
f 2610 10958 10260
f 2610 10920 10958
f 9690 2611 3248
f 3248 2611 9970
f 3272 9970 2611
f 3272 2611 10261
f 9690 10989 2611
f 10261 2611 10989
f 2858 3147 2612
f 2858 2612 8226
f 3147 9530 2612
f 8226 2612 8477
f 9696 8477 2612
f 9696 2612 9530
f 2613 9697 6821
f 2613 6821 9702
f 2613 9698 9697
f 2613 10267 9698
f 2613 9702 10270
f 2613 10270 10267
f 2614 9137 8764
f 2614 8764 10273
f 9253 9137 2614
f 9253 2614 9702
f 2614 10272 9702
f 2614 10273 10272
f 2862 2615 7946
f 2862 10276 2615
f 8475 7946 2615
f 9706 8475 2615
f 9706 2615 12323
f 10276 12323 2615
f 2738 9572 2616
f 2738 2616 10280
f 8473 10280 2616
f 8473 2616 12324
f 2616 9572 9430
f 2616 9430 12324
f 2617 8210 10572
f 13130 8210 2617
f 2617 9708 9709
f 2617 10281 9708
f 13130 2617 9709
f 2617 10572 10281
f 2618 3163 11491
f 2618 12288 3163
f 11507 3168 2618
f 2618 3168 12288
f 2618 11491 3340
f 11507 2618 3340
f 8751 2866 2619
f 2866 13079 2619
f 8751 2619 11161
f 2619 9712 11161
f 2619 13323 9712
f 13079 13323 2619
f 10016 2620 10298
f 10513 2620 10016
f 10298 2620 10289
f 12463 10289 2620
f 10513 11115 2620
f 12463 2620 11115
f 2621 9716 9715
f 12465 2621 9715
f 2621 9990 9716
f 2621 10580 9990
f 12465 10580 2621
f 11221 2622 3043
f 11413 3043 2622
f 2622 3305 5306
f 2622 11828 3305
f 11413 2622 5306
f 11221 11828 2622
f 9946 2623 9894
f 9946 9949 2623
f 8320 2624 10002
f 8320 12468 2624
f 9723 9725 2624
f 12468 9723 2624
f 12471 2624 9725
f 12471 10002 2624
f 8059 2625 7756
f 9544 2625 8073
f 2626 11131 9726
f 2626 12494 11131
f 2627 10010 2749
f 10599 2627 2749
f 2627 9730 9729
f 2627 9729 10010
f 10600 9730 2627
f 10600 2627 10599
f 8742 2628 3454
f 12242 3454 2628
f 8742 9733 2628
f 9733 9732 2628
f 10303 2628 9732
f 12242 2628 10303
f 4111 2629 4496
f 4111 13228 2629
f 2629 13496 4496
f 4510 2629 13228
f 6246 4704 2630
f 4704 6581 2630
f 2630 4796 4747
f 6246 2630 4747
f 2630 4752 4796
f 2630 7885 4752
f 2630 6581 7885
f 9739 2631 2990
f 2990 2631 11083
f 9739 9738 2631
f 9742 11083 2631
f 9746 2632 10617
f 12889 2632 9746
f 2632 9942 10617
f 2632 10871 9942
f 12556 10871 2632
f 12889 12556 2632
f 4111 3710 2633
f 4222 2633 3710
f 4005 13228 2633
f 4005 2633 13497
f 4111 2633 13228
f 4222 13497 2633
f 10320 8173 2634
f 8173 10344 2634
f 9751 2634 9766
f 10320 2634 9751
f 9766 2634 9775
f 9775 2634 10344
f 2635 9753 2763
f 10046 2635 2763
f 8966 9753 2635
f 10046 9778 2635
f 11102 2882 2636
f 12573 2636 2882
f 8716 8555 2636
f 8555 11102 2636
f 10323 8716 2636
f 10323 2636 12573
f 4586 6791 2637
f 4586 2637 7858
f 2637 6791 12656
f 7858 2637 7859
f 7859 2637 8011
f 2637 12656 8011
f 9749 2638 9475
f 9752 2638 9749
f 9752 9765 2638
f 2639 13231 2867
f 2639 2867 13495
f 4004 13231 2639
f 2639 13495 13224
f 4007 2640 13502
f 13513 2640 4123
f 13513 13502 2640
f 3539 12162 2641
f 11948 2641 9824
f 9824 2641 12162
f 11948 11949 2641
f 2767 10050 2642
f 2767 2642 10070
f 9218 2642 10050
f 2643 12991 4230
f 2643 4230 13516
f 2643 13529 12991
f 2643 13248 13515
f 2643 13516 13248
f 2643 13515 13529
f 3915 2644 12777
f 12995 2644 3915
f 12996 12777 2644
f 12995 13249 2644
f 2773 2645 10076
f 10353 2645 2773
f 9482 10076 2645
f 10353 9786 2645
f 13269 2646 13026
f 13278 13026 2646
f 13269 13543 2646
f 13273 13278 2646
f 13273 2646 13543
f 9774 9764 2647
f 9764 10067 2647
f 10077 9774 2647
f 2647 10067 10078
f 10077 2647 10377
f 10377 2647 10078
f 2648 9765 9766
f 2648 9773 9765
f 2648 9766 9775
f 2648 10067 9773
f 2648 9775 10079
f 2648 10079 10067
f 2649 2770 9793
f 2649 10056 2770
f 2649 9205 9778
f 2649 9778 10056
f 2651 2650 9486
f 2651 10087 2650
f 9762 2650 11422
f 10087 11422 2650
f 2651 10074 10089
f 2651 10089 10087
f 6711 2695 2652
f 2652 2695 7788
f 6302 2652 7788
f 7959 2652 6302
f 6711 2652 7959
f 2653 3530 5453
f 2653 8704 3530
f 10351 2653 5453
f 9785 8704 2653
f 9211 9785 2653
f 2772 2654 5445
f 10061 2654 2772
f 10353 5445 2654
f 9497 9786 2654
f 10061 9497 2654
f 10353 2654 9786
f 3761 2655 3767
f 3761 4274 2655
f 8550 3767 2655
f 4274 6470 2655
f 9116 2655 6470
f 8550 2655 9116
f 2656 2780 9790
f 10075 2780 2656
f 5875 2657 7009
f 11524 2657 6288
f 8309 7009 2657
f 8309 2657 11524
f 9508 2658 2660
f 2658 10092 2660
f 9508 9501 2658
f 9793 2658 9501
f 9793 10083 2658
f 10083 10092 2658
f 2742 2659 4676
f 4676 2659 8838
f 7863 8838 2659
f 8989 7863 2659
f 9802 2660 8608
f 8608 2660 10092
f 9801 9508 2660
f 9801 2660 9802
f 2661 6690 7737
f 2661 13144 6690
f 2661 8870 6733
f 2661 6733 13170
f 2661 7737 8870
f 2661 13170 13144
f 9802 8367 2662
f 8367 11383 2662
f 9802 2662 9800
f 9800 2662 9803
f 2662 10105 9803
f 11383 10105 2662
f 8255 2663 2664
f 9806 2664 2663
f 10407 2663 8255
f 2663 9805 9804
f 9806 2663 9804
f 10407 9805 2663
f 8255 2664 10106
f 9806 9808 2664
f 12739 2664 9808
f 12739 10106 2664
f 2665 10413 10106
f 12739 2665 10106
f 10412 10413 2665
f 10412 2665 13048
f 2792 2666 9809
f 2792 11142 2666
f 10414 2666 3020
f 2666 11142 3020
f 2666 3364 9809
f 10414 3364 2666
f 2667 9813 3364
f 2667 3364 10414
f 2667 12754 9813
f 10416 2667 10414
f 10416 12755 2667
f 2667 12755 12754
f 8143 2668 10419
f 8143 13244 2668
f 8674 10419 2668
f 2669 8950 4903
f 2669 4903 13055
f 2669 8119 9821
f 2669 13055 8119
f 6366 2670 2921
f 2921 2670 10269
f 6366 5411 2670
f 9541 10269 2670
f 9830 2795 2671
f 11215 2671 2795
f 9830 2671 9829
f 9829 2671 11438
f 11215 9833 2671
f 9833 11438 2671
f 2672 4269 2701
f 6530 2672 2701
f 2672 13602 4269
f 2672 12034 5085
f 2672 5085 13602
f 6530 12034 2672
f 10438 2673 2676
f 10436 2673 10438
f 9838 2674 2675
f 10439 2675 2674
f 10431 2924 2674
f 10439 2674 2924
f 9838 10122 2674
f 10431 2674 10122
f 9250 2675 10125
f 10439 10125 2675
f 10438 2676 10126
f 2677 9250 2799
f 2677 2799 10133
f 2677 9552 8883
f 2677 10133 9552
f 2939 2679 8634
f 2939 10504 2679
f 9842 8634 2679
f 9558 9842 2679
f 9558 2679 11499
f 2679 10504 11499
f 4134 2680 9525
f 4361 2680 4723
f 4361 9525 2680
f 2680 13279 4723
f 3021 2681 3019
f 3019 2681 11361
f 3021 11144 2681
f 11144 3285 2681
f 2681 3285 11362
f 2681 11362 11361
f 9849 2682 9850
f 9849 10457 2682
f 9850 2682 10148
f 10460 10148 2682
f 10457 10456 2682
f 10460 2682 10456
f 13038 2683 4027
f 13039 4027 2683
f 2683 4139 13295
f 2683 13299 4139
f 13038 13299 2683
f 13039 2683 13295
f 4139 8487 2684
f 4139 2684 13295
f 2684 8487 4243
f 8968 2684 4243
f 8968 13552 2684
f 13295 2684 13552
f 2685 10153 6689
f 2685 6689 10155
f 9861 2685 9860
f 9860 2685 10155
f 9863 2685 9861
f 9863 10153 2685
f 2686 9853 10461
f 9863 2686 10153
f 10464 10153 2686
f 10464 2686 10461
f 9858 9866 2687
f 10465 9858 2687
f 2687 9866 9860
f 2687 9860 10155
f 2687 10155 10469
f 10465 2687 10467
f 10467 2687 10469
f 2688 2811 9867
f 2688 10471 2811
f 2688 9867 9869
f 2688 9869 10163
f 2688 10163 10471
f 2984 2689 9280
f 2984 10477 2689
f 2689 4600 9888
f 2689 10478 4600
f 2689 9595 9280
f 2689 9888 9595
f 2689 10477 10478
f 10177 2690 8333
f 9869 2690 10163
f 2690 10162 10163
f 10177 10162 2690
f 10484 3038 2691
f 9282 9283 2691
f 9282 2691 9881
f 10484 2691 9283
f 10730 9881 2691
f 6502 2941 2692
f 10681 2692 2941
f 6502 2692 8357
f 8628 8357 2692
f 9883 8628 2692
f 9883 2692 10681
f 2693 2710 10501
f 2693 2711 9910
f 2693 10505 2711
f 2693 10501 2949
f 2693 2949 10505
f 2891 11431 2694
f 2891 2694 13351
f 2909 2694 3917
f 2909 5140 2694
f 2694 11431 3917
f 13086 2694 5140
f 13086 13351 2694
f 3764 4447 2695
f 6711 3764 2695
f 4565 2695 4447
f 4565 7788 2695
f 7752 4455 2696
f 13554 2696 4455
f 13553 7752 2696
f 13553 2696 13296
f 2744 2697 3111
f 7870 2697 2744
f 2697 11372 3111
f 2697 6977 11372
f 2732 2698 2857
f 10684 2698 2732
f 10684 9894 2698
f 9886 9165 2699
f 9886 2699 10189
f 10189 2699 10188
f 2700 9888 4600
f 2700 4600 10494
f 2700 9893 9888
f 2700 10195 9893
f 2700 13157 10195
f 2700 10494 13157
f 3056 2701 3103
f 3056 6465 2701
f 2701 4269 3103
f 6530 2701 6465
f 6086 2702 2904
f 2702 9891 2904
f 6086 9895 2702
f 2703 9896 9901
f 2703 9901 11739
f 10746 10744 2703
f 10746 2703 11739
f 8621 2830 2704
f 2704 2830 10745
f 11709 8621 2704
f 2704 10977 9903
f 11709 2704 9903
f 2704 10745 10977
f 6086 2707 2705
f 2707 9904 2705
f 6086 2705 9895
f 2705 8617 9900
f 2705 9904 8617
f 2705 9900 9895
f 2706 10210 10758
f 2706 11739 10210
f 10746 2706 10974
f 10746 11739 2706
f 2706 10758 10976
f 2706 10976 10974
f 2709 9904 2707
f 2709 2707 10751
f 2708 10204 10200
f 2708 10211 10204
f 2709 9908 9904
f 2709 13219 9908
f 10501 2710 10498
f 9914 9910 2711
f 9914 2711 9917
f 10508 9917 2711
f 10508 2711 10505
f 2950 10214 2712
f 2950 2712 10506
f 9912 9911 2712
f 9911 10455 2712
f 9912 2712 10214
f 10455 10506 2712
f 2839 2713 10509
f 9320 9913 2713
f 9913 10511 2713
f 10511 10509 2713
f 8612 2714 9630
f 10511 2714 8612
f 9630 2714 9629
f 10511 9913 2714
f 4291 2715 4098
f 9274 4098 2715
f 4291 10748 2715
f 6846 5195 2715
f 9274 2715 5195
f 6846 2715 9478
f 2715 10748 9478
f 2716 9922 10520
f 2716 11915 9922
f 2716 9925 11915
f 2716 13454 9925
f 2716 10520 11728
f 2716 11728 10526
f 2716 10526 13454
f 13174 8308 2717
f 13550 2717 8308
f 9635 2717 9348
f 9640 9348 2717
f 9635 13174 2717
f 13550 9640 2717
f 2718 7898 4682
f 8934 2718 4682
f 2718 6322 7898
f 9098 6322 2718
f 8934 7797 2718
f 9098 2718 7797
f 2719 9141 3323
f 2719 3323 9143
f 2719 9709 9141
f 2719 9143 10397
f 13130 9709 2719
f 13130 2719 10397
f 5677 2720 3692
f 10306 3692 2720
f 2720 5677 7070
f 2720 7070 9602
f 11093 2720 9602
f 10306 2720 11093
f 2721 5679 9935
f 10223 5679 2721
f 7977 2721 8296
f 7977 10223 2721
f 2721 12074 8296
f 2721 9935 12074
f 2846 2722 4625
f 2846 8292 2722
f 2722 3462 4625
f 2722 8292 12025
f 7778 2723 3060
f 13579 3060 2723
f 9939 6707 2723
f 13579 2723 6707
f 7778 10233 2723
f 9939 2723 10233
f 2724 5869 2847
f 2724 2847 10241
f 4353 5869 2724
f 2724 10241 9672
f 2725 3809 10546
f 10852 3809 2725
f 7961 2725 10546
f 7961 13548 2725
f 10852 2725 12235
f 12235 2725 13548
f 2726 12094 9662
f 2726 10242 13064
f 2726 13610 12094
f 2726 13064 13610
f 2945 2727 8548
f 2945 12229 2727
f 2727 2968 7766
f 2727 12229 2968
f 2727 7766 7753
f 2727 7753 8548
f 8252 13122 2728
f 9966 2728 9965
f 10256 9965 2728
f 10256 2728 13122
f 3932 2729 4144
f 3932 12814 2729
f 2729 4450 4144
f 13561 4450 2729
f 13554 2729 12814
f 13561 2729 13554
f 9958 2730 2731
f 2730 10556 2731
f 9958 9954 2730
f 2730 10552 10556
f 10257 2731 2855
f 2855 2731 10556
f 9961 9958 2731
f 10257 9961 2731
f 8749 2817 2732
f 2732 2857 4826
f 8749 2732 4826
f 2733 2973 9967
f 12413 2973 2733
f 2733 9967 9692
f 9969 2733 9692
f 9969 9973 2733
f 12413 2733 9973
f 2734 8484 9971
f 10565 8484 2734
f 10565 2734 8941
f 2735 10263 8763
f 2735 8763 10566
f 2735 9977 9560
f 2735 9560 10263
f 2735 12298 9977
f 2735 10566 12298
f 6026 2736 10703
f 10703 2736 9000
f 11571 9000 2736
f 9928 11571 2736
f 2737 10567 9560
f 10682 2737 9560
f 2737 9980 9979
f 2737 9979 10268
f 10682 9980 2737
f 2737 10268 10567
f 2738 10280 10574
f 2738 10574 13127
f 7637 2739 4798
f 2739 7971 4798
f 12384 2739 7637
f 7744 7922 2739
f 7744 2739 13057
f 7922 7971 2739
f 12384 13057 2739
f 2740 9989 2743
f 2740 2743 10588
f 2740 10588 2983
f 2740 2983 10820
f 2740 12465 9989
f 2740 10820 12465
f 2741 10580 2980
f 2741 2980 10581
f 2741 9992 9990
f 2741 9990 10580
f 2741 10290 9992
f 2741 10581 10290
f 2748 2742 4676
f 2748 9131 2742
f 2742 9131 6395
f 2743 9995 8188
f 2743 8188 10587
f 2743 9989 9995
f 2743 10587 10588
f 2744 3111 3505
f 10913 2744 3505
f 3308 9130 2745
f 3308 2745 9131
f 4666 2745 4842
f 4666 7786 2745
f 4842 2745 9130
f 2745 7786 9131
f 2982 2746 3080
f 8320 2746 2982
f 3080 2746 11069
f 8320 10002 2746
f 10007 2746 10002
f 10007 10838 2746
f 11069 2746 10838
f 4469 10842 2747
f 2747 10596 10009
f 12494 2747 10009
f 2747 10842 10596
f 2748 4565 3308
f 2748 3308 9131
f 2748 7788 4565
f 2748 4676 7788
f 2749 10003 10009
f 2749 10010 10003
f 2749 10009 10597
f 10599 2749 10597
f 3798 2750 6639
f 3798 9732 2750
f 9999 6639 2750
f 9999 2750 10011
f 2992 2751 10610
f 11313 2751 2992
f 8187 11154 2751
f 11313 8187 2751
f 10610 2751 10014
f 10014 2751 11154
f 8445 2995 2752
f 2752 2995 10612
f 8445 2752 11186
f 2752 10612 9741
f 4664 2753 4668
f 4664 9220 2753
f 9214 6436 2753
f 9214 2753 9220
f 9744 10032 2755
f 9744 2755 12687
f 2755 10308 10028
f 2755 10028 12687
f 2755 10032 10390
f 10313 10308 2755
f 10313 2755 10390
f 10031 2756 10025
f 10609 10025 2756
f 10030 2756 10031
f 10030 10619 2756
f 10609 2756 10619
f 9181 2757 3509
f 2757 12625 3509
f 9181 9275 2757
f 2757 12711 12625
f 8555 2758 2874
f 10311 2874 2758
f 8716 2758 8555
f 11287 2758 8716
f 4663 9002 2759
f 4663 2759 9199
f 2759 9002 4670
f 2759 4670 9374
f 2759 9374 9199
f 2760 3414 3319
f 2760 3319 9428
f 2760 6183 3414
f 2760 6443 6183
f 2762 2761 10050
f 2762 10318 2761
f 2761 9467 9218
f 2761 9218 10050
f 2762 2776 2884
f 2762 10050 2776
f 2762 2884 12160
f 2762 12160 10318
f 2763 2878 2879
f 10043 2878 2763
f 10046 2763 2879
f 10043 2763 9753
f 9255 4569 2764
f 9209 7735 2764
f 9255 2764 7735
f 9209 2764 11861
f 2765 2896 2890
f 2765 2890 10330
f 2765 10358 2896
f 10322 10053 2765
f 2765 10053 10358
f 10322 2765 10330
f 4470 2766 9809
f 9511 2766 9509
f 9511 9803 2766
f 10104 2766 9803
f 2766 10104 9809
f 2767 2776 10050
f 10355 2776 2767
f 2767 10070 3009
f 10355 2767 3009
f 9760 2768 10047
f 12643 2768 9760
f 2768 10053 10047
f 2768 10358 10053
f 10359 10358 2768
f 12643 10359 2768
f 3005 2769 2772
f 10061 2772 2769
f 3005 10642 2769
f 10055 10060 2769
f 10055 2769 10642
f 10061 2769 10060
f 2770 10056 2783
f 2770 2783 10084
f 9793 2770 10083
f 10083 2770 10084
f 3005 2772 10875
f 2772 5445 10875
f 2774 10353 2773
f 2774 2773 10374
f 2773 10076 10077
f 2773 10077 10374
f 3007 5445 2774
f 3007 2774 10877
f 2774 5445 10353
f 10650 2774 10374
f 10650 10877 2774
f 10079 2775 5531
f 10379 5531 2775
f 9775 2775 10079
f 9775 10344 2775
f 2775 10344 10381
f 10381 10379 2775
f 10326 2884 2776
f 10326 2776 10349
f 10355 10349 2776
f 5187 2777 4401
f 6361 4401 2777
f 6361 2777 9293
f 9329 9293 2777
f 2908 10386 2778
f 2908 2778 10389
f 12643 2778 10386
f 10389 2778 10869
f 11422 10869 2778
f 12643 11422 2778
f 4672 2779 4682
f 9248 2779 4672
f 4674 4682 2779
f 4674 2779 9329
f 9329 2779 9248
f 10075 2897 2780
f 2897 10360 2780
f 3104 2781 7716
f 3104 11814 2781
f 10092 2782 9107
f 9107 2782 10396
f 10083 10084 2782
f 10083 2782 10092
f 10084 10369 2782
f 10396 2782 10369
f 2889 2783 10338
f 10368 2783 2889
f 10056 10335 2783
f 10084 2783 10368
f 10335 10338 2783
f 2784 2817 5009
f 8967 4775 2784
f 8980 2784 4775
f 8967 2784 5009
f 2785 10013 4776
f 2785 4776 11608
f 4827 2785 9940
f 2785 11608 9940
f 8828 2786 11862
f 8828 12499 2786
f 10306 11093 2786
f 11093 11862 2786
f 10102 2787 9799
f 12699 9799 2787
f 10101 2787 10102
f 10312 2787 10101
f 10202 2787 10312
f 10202 12699 2787
f 8367 8608 2788
f 8367 2788 10406
f 8608 9107 2788
f 9107 10396 2788
f 10398 2788 10396
f 10398 10670 2788
f 10406 2788 10670
f 10451 9124 2789
f 10451 2789 9631
f 2792 10104 2790
f 2792 2790 10678
f 2790 10105 8153
f 2790 8153 10678
f 2790 10104 10105
f 8255 10106 2791
f 11363 8255 2791
f 2791 10106 10413
f 2791 10413 10680
f 11363 2791 10680
f 2792 9809 10104
f 2792 10678 11142
f 3886 7672 2793
f 3886 2793 7677
f 2793 10111 5680
f 10425 2793 5680
f 2793 7672 10111
f 10425 7677 2793
f 8109 4162 2794
f 4162 10117 2794
f 6550 8109 2794
f 12900 6550 2794
f 7734 2794 10117
f 13237 2794 7734
f 12900 2794 13237
f 5672 2795 10118
f 5672 10693 2795
f 9830 10118 2795
f 11215 2795 10693
f 10432 2796 9834
f 10432 10914 2796
f 2796 10914 12932
f 4207 2797 13450
f 4207 13457 2797
f 10527 2797 4316
f 13449 4316 2797
f 10527 13450 2797
f 13457 13449 2797
f 3025 2798 7329
f 3025 10125 2798
f 2798 7583 7329
f 2798 10918 7583
f 2798 10125 10439
f 2798 10439 10918
f 5667 2802 2799
f 10133 2799 2802
f 3025 5667 2799
f 3025 2799 10125
f 9250 10125 2799
f 3026 10442 2800
f 3026 2800 10699
f 2800 10126 10131
f 10438 10126 2800
f 10699 2800 10131
f 10438 2800 10442
f 2927 10131 2801
f 2927 2801 10135
f 5667 10447 2802
f 10133 2802 12987
f 10447 10136 2802
f 10136 12987 2802
f 4849 3855 2803
f 2803 3855 10137
f 4849 2803 10135
f 8369 2803 10137
f 8369 10446 2803
f 10446 10135 2803
f 3117 2804 10928
f 10930 2804 3117
f 10930 3610 2804
f 13203 2804 3610
f 10928 2804 10142
f 13203 10142 2804
f 10928 10142 2805
f 10934 2805 10144
f 11171 10928 2805
f 11171 2805 10934
f 2806 10141 10143
f 2806 10144 10141
f 2806 10143 10145
f 10707 10144 2806
f 10146 2806 10145
f 10707 2806 10146
f 2807 10146 10145
f 10147 2807 10145
f 10706 10146 2807
f 10459 2807 10147
f 10459 10708 2807
f 10708 10706 2807
f 8629 2808 10147
f 8629 11667 2808
f 10459 10147 2808
f 10150 2808 10149
f 10149 2808 11667
f 10459 2808 10150
f 10151 2809 10150
f 10463 10150 2809
f 10151 10466 2809
f 10463 2809 10710
f 10466 10940 2809
f 2809 10940 10710
f 2810 4558 6624
f 11820 4558 2810
f 2810 6624 9377
f 11820 2810 9634
f 9867 2811 9587
f 9587 2811 10719
f 11188 2811 10471
f 11188 10719 2811
f 3124 2815 2812
f 2815 10951 2812
f 3124 2812 6514
f 11188 6514 2812
f 2812 10951 10719
f 11188 2812 10719
f 2814 10162 2813
f 10952 2814 2813
f 8337 2813 10162
f 8337 11216 2813
f 11193 10952 2813
f 11193 2813 11216
f 2814 10163 10162
f 2814 10471 10163
f 10954 10471 2814
f 10954 2814 10952
f 11194 2815 3124
f 10727 10167 2815
f 10727 2815 11194
f 11049 3158 2816
f 11269 2816 3158
f 6827 3321 2816
f 11049 2816 3321
f 6827 2816 11462
f 11269 11462 2816
f 9920 5009 2817
f 9920 2817 8749
f 2818 3044 2826
f 2818 2826 13188
f 2818 11207 3044
f 2818 10482 10732
f 2818 13188 10482
f 2818 10732 11207
f 2819 6624 3317
f 2819 3317 13544
f 2819 9377 6624
f 11921 2819 6661
f 2819 13544 6661
f 2819 11921 9377
f 8337 2820 11216
f 8337 13111 2820
f 11226 2820 10197
f 13111 10197 2820
f 11216 2820 11223
f 11223 2820 11226
f 2821 8970 2835
f 2821 2835 11767
f 2821 7576 6373
f 2821 6373 8937
f 2821 11767 7576
f 2821 8937 8970
f 9597 2822 2825
f 10730 2825 2822
f 9881 2822 8915
f 10730 2822 9881
f 4950 4949 2823
f 3959 2824 2834
f 2834 2824 13320
f 3940 2824 13319
f 3940 13320 2824
f 3959 5028 2824
f 2824 5028 13319
f 3126 10185 2825
f 10733 3126 2825
f 9597 2825 10185
f 10733 2825 10730
f 10189 2826 3044
f 10188 9884 2826
f 13188 2826 9884
f 10189 10188 2826
f 10189 3044 2827
f 2827 3044 10961
f 10190 10189 2827
f 10190 2827 10962
f 2827 10961 10962
f 3328 11473 2828
f 7703 10570 2828
f 11473 7703 2828
f 11055 2828 10570
f 2829 9593 9592
f 2829 9592 10491
f 2829 10174 9593
f 2829 10483 10174
f 2829 10492 10483
f 2829 10491 10492
f 2830 10494 5304
f 2830 5304 10745
f 8621 13157 2830
f 2830 13157 10494
f 2832 2831 10197
f 2832 10980 2831
f 11226 10197 2831
f 10980 10750 2831
f 11227 2831 10750
f 11226 2831 11227
f 2832 10197 9609
f 2832 10200 10980
f 2833 9940 4543
f 2833 9880 4617
f 2833 4617 9940
f 3959 2834 5040
f 4837 2834 4150
f 2834 13320 4150
f 4837 5040 2834
f 4393 2835 7491
f 2835 8970 7491
f 2836 10990 2838
f 2836 3053 3054
f 13219 3053 2836
f 2836 3054 10990
f 9316 2837 10209
f 9316 10213 2837
f 10758 10210 2837
f 10983 2837 10213
f 10983 10758 2837
f 2955 2838 10990
f 2839 3055 10213
f 2839 11238 3055
f 2839 10509 11238
f 2840 8577 2961
f 2840 2961 9907
f 2840 10529 7727
f 2840 7727 11912
f 2840 11912 8577
f 2840 9907 10529
f 2841 12083 13081
f 2841 13349 12083
f 12143 12623 2841
f 12143 2841 13081
f 12164 2841 12623
f 12164 13349 2841
f 8312 2842 13454
f 2842 8312 13545
f 9346 2842 10545
f 9346 13454 2842
f 2959 10533 2843
f 2959 2843 11786
f 5513 8308 2843
f 5513 2843 10534
f 11786 2843 8308
f 10533 10534 2843
f 7778 9873 2844
f 7778 2844 10233
f 7994 2844 9873
f 7994 12119 2844
f 2845 9016 11331
f 9202 2845 11331
f 5866 2846 4625
f 5866 10771 2846
f 2846 10769 8292
f 2846 10771 10769
f 2847 2966 3064
f 5869 2966 2847
f 10244 2847 3064
f 10244 10241 2847
f 3005 7420 2848
f 3005 2848 10642
f 2848 7420 3715
f 2848 3715 10872
f 10643 10642 2848
f 10643 2848 10872
f 2849 5541 5532
f 2850 10250 2970
f 2850 2970 10549
f 2850 10242 10246
f 2850 10548 10242
f 2850 10246 10250
f 2850 10549 10548
f 2925 2964 2851
f 2925 2851 9448
f 2964 9743 2851
f 10031 2851 9743
f 3156 7338 2852
f 9960 3156 2852
f 10784 2852 7338
f 10249 9960 2852
f 10249 2852 10250
f 10250 2852 10784
f 2853 9055 9048
f 2853 9048 10789
f 10576 9055 2853
f 2853 10554 9956
f 10576 2853 9956
f 2853 10789 10554
f 2854 3272 10261
f 2854 10561 3272
f 2854 10256 8239
f 2854 8239 10794
f 2854 10261 10256
f 2854 10794 10561
f 10257 2855 10259
f 10259 2855 11041
f 2855 10556 11039
f 2855 11039 11041
f 2856 3067 10792
f 2856 11041 3067
f 2856 10792 10254
f 2856 10260 10259
f 2856 10259 11041
f 2857 4617 4826
f 2857 4827 4617
f 2858 7708 3147
f 2858 8226 5466
f 2858 5466 10799
f 2858 10799 7708
f 2859 9979 10267
f 2859 10268 9979
f 2859 10267 10271
f 2859 10800 10268
f 2859 10271 10802
f 10803 10800 2859
f 10803 2859 10802
f 2860 10273 2861
f 10808 2860 2861
f 2860 5333 10804
f 10808 5333 2860
f 2860 10271 10272
f 2860 10804 10271
f 2860 10272 10273
f 5099 2861 10279
f 5099 10808 2861
f 2861 10273 8211
f 10279 2861 8211
f 2862 5250 10276
f 2862 10805 5250
f 2862 7946 7935
f 2862 7935 10805
f 7702 2863 8024
f 7702 10814 2863
f 2863 10280 8024
f 10573 10280 2863
f 10573 2863 10814
f 2977 2864 10281
f 11278 2864 2977
f 2864 10278 10281
f 2864 12544 10278
f 12910 2864 11278
f 12910 12544 2864
f 8252 2865 8511
f 8511 2865 9043
f 13329 9043 2865
f 8751 4075 2866
f 4075 10836 2866
f 10836 12961 2866
f 2866 12961 13079
f 4112 4526 2867
f 4112 2867 13230
f 4526 13495 2867
f 13230 2867 13231
f 4741 2868 4063
f 4063 2868 8600
f 4741 5187 2868
f 11768 2868 5187
f 8600 2868 6364
f 11768 6364 2868
f 2869 2940 3474
f 2869 12083 2940
f 2869 3474 13607
f 2869 4051 12083
f 2869 13607 4051
f 2936 6033 2870
f 6033 9880 2870
f 2871 2891 13351
f 11561 4054 2871
f 4054 13613 2871
f 11561 2871 13351
f 3119 2872 10936
f 11592 2872 3119
f 10936 2872 10937
f 10939 10937 2872
f 10939 2872 11182
f 11592 11182 2872
f 4312 2873 8997
f 2873 7682 6382
f 8997 2873 6382
f 2873 11781 7682
f 8555 2874 11101
f 10311 10613 2874
f 11090 2874 10613
f 11101 2874 11090
f 2875 3332 4756
f 2875 9832 3332
f 2875 4756 3837
f 2875 3837 10897
f 10043 2876 2878
f 10622 2878 2876
f 9741 10612 2876
f 10622 2876 10612
f 3001 2877 10630
f 11100 2877 3001
f 10857 10314 2877
f 2877 10314 11651
f 10630 2877 11651
f 11100 10857 2877
f 2879 2878 10624
f 10622 10624 2878
f 10046 2879 2885
f 2879 10625 2885
f 2879 10624 10625
f 2887 8173 2880
f 2887 2880 10345
f 10320 2880 8173
f 10320 10319 2880
f 2880 10319 10632
f 2880 10632 10345
f 2881 10330 2886
f 2881 2886 10627
f 10322 2881 10317
f 10317 2881 10630
f 10322 10330 2881
f 2881 10627 10630
f 10332 2882 11105
f 12573 2882 10332
f 11456 2882 11102
f 11456 11105 2882
f 3072 2883 5064
f 2883 4052 12858
f 2883 12172 5064
f 2883 12858 12172
f 10635 3003 2884
f 12160 2884 3003
f 10635 2884 10326
f 2885 2888 10338
f 2885 10625 2888
f 10046 2885 10335
f 2885 10338 10335
f 2886 10339 2888
f 10638 2886 2888
f 10330 10339 2886
f 10638 10627 2886
f 2887 12036 8173
f 2887 10345 12038
f 2887 12038 12036
f 2888 10339 10338
f 10638 2888 10625
f 2890 2889 10339
f 10367 2889 2890
f 2889 10338 10339
f 10368 2889 10367
f 2896 10367 2890
f 10330 2890 10339
f 2891 5122 11431
f 2892 2899 4268
f 5096 2899 2892
f 5096 2892 3491
f 9121 3491 2892
f 2892 4268 4164
f 9121 2892 4164
f 9668 11803 2893
f 2897 2894 7755
f 10351 2894 2897
f 2894 5453 3006
f 2894 3006 10879
f 10351 5453 2894
f 2894 10879 7755
f 3884 12912 2895
f 3884 2895 13148
f 4081 2895 12912
f 4081 13401 2895
f 5503 2900 2896
f 2900 10367 2896
f 5503 2896 10371
f 10371 2896 10358
f 2897 7755 10360
f 10075 10351 2897
f 10381 10362 2898
f 10362 10395 2898
f 10381 2898 10382
f 2898 11902 10382
f 2898 10395 11605
f 2898 11605 11902
f 2899 4266 4267
f 5075 4266 2899
f 2899 4267 4268
f 5096 5075 2899
f 5503 10384 2900
f 2900 10368 10367
f 2900 10369 10368
f 2900 10384 10369
f 10399 2901 2907
f 2901 10665 2907
f 2901 10386 2908
f 2901 2908 10665
f 10371 10359 2901
f 2901 10359 10386
f 10399 10371 2901
f 3008 2902 10648
f 3008 10653 2902
f 7755 2902 10360
f 7755 10648 2902
f 10373 10360 2902
f 10373 2902 10653
f 10077 2903 10374
f 10077 10377 2903
f 10652 10374 2903
f 2903 10377 10655
f 10652 2903 10655
f 10681 2904 9891
f 10681 10743 2904
f 2904 10743 10971
f 2905 7180 6887
f 2905 7452 7450
f 8359 2905 7450
f 2906 11813 7556
f 2906 9002 11813
f 2906 11921 9002
f 9377 11921 2906
f 10399 2907 10663
f 10663 2907 10664
f 2907 10665 10664
f 2908 10389 7630
f 2908 7630 10665
f 2909 3917 6600
f 2909 6600 5097
f 2909 5097 13349
f 2909 13349 5140
f 3187 9976 2910
f 10893 3187 2910
f 9976 11943 2910
f 10393 11804 2910
f 10393 2910 11943
f 11804 10893 2910
f 5503 2911 10384
f 10399 2911 5503
f 10398 10384 2911
f 10398 2911 11617
f 10399 10663 2911
f 10666 2911 10663
f 10666 11617 2911
f 10669 2912 3015
f 2912 10898 3015
f 2912 10402 8160
f 2912 8160 10404
f 10669 10402 2912
f 2912 10404 10898
f 9805 2913 10102
f 10407 2913 9805
f 2913 10101 10102
f 2913 11509 10101
f 10407 10408 2913
f 10676 2913 10408
f 10676 11509 2913
f 4553 2914 9857
f 10024 2914 4553
f 10024 4658 2914
f 9857 2914 6423
f 2915 3019 3107
f 10680 3019 2915
f 10675 2915 3107
f 10675 10408 2915
f 11363 2915 10408
f 11363 10680 2915
f 10680 2916 3021
f 2916 10903 3021
f 6509 2916 10412
f 6509 10903 2916
f 10412 2916 10413
f 10680 10413 2916
f 10414 3020 2917
f 2917 3020 10685
f 10416 10414 2917
f 10416 2917 10906
f 2917 10685 10905
f 2917 10905 10906
f 3149 4885 2918
f 4949 3149 2918
f 7599 2918 4885
f 7633 6168 2919
f 10419 2919 6168
f 8113 7395 2919
f 7395 10687 2919
f 7633 2919 10687
f 8113 2919 10430
f 10419 10430 2919
f 2920 3024 10134
f 2920 11294 3024
f 2920 10113 11294
f 12820 10113 2920
f 11222 2920 10134
f 11222 12820 2920
f 2996 2921 10187
f 2921 10269 10187
f 10431 2922 2924
f 10695 2924 2922
f 8099 2922 10431
f 10695 2922 10916
f 2923 7584 10917
f 2923 11333 7584
f 10432 10434 2923
f 10432 2923 10917
f 10434 10437 2923
f 10437 11333 2923
f 10695 10439 2924
f 2925 8760 2964
f 11561 2926 13087
f 11561 13351 2926
f 13085 12626 2926
f 12626 13087 2926
f 13085 2926 12627
f 13086 12627 2926
f 13086 2926 13351
f 10109 2927 7850
f 2927 10135 7850
f 10699 2927 10109
f 10699 10131 2927
f 2928 3482 3765
f 2928 11815 3482
f 8510 2928 3765
f 8510 11612 2928
f 2928 11612 11815
f 4764 2946 2929
f 2946 11661 2929
f 4764 2929 13155
f 11661 5463 2929
f 3453 9007 2930
f 9007 6503 2930
f 6503 11527 2930
f 3028 10458 2931
f 3028 2931 11169
f 10458 10876 2931
f 10876 10931 2931
f 11169 2931 10931
f 3028 2932 10458
f 3028 10938 2932
f 10458 2932 10456
f 10456 2932 10462
f 10936 10462 2932
f 10938 10936 2932
f 10460 2933 10461
f 10460 10462 2933
f 10464 10461 2933
f 10937 2933 10462
f 10464 2933 10712
f 10937 10712 2933
f 10465 2934 10466
f 10465 10467 2934
f 10466 2934 10713
f 10467 10468 2934
f 2934 10468 10944
f 2934 10944 10713
f 3033 2935 10715
f 3033 10946 2935
f 10468 10469 2935
f 10468 2935 10945
f 2935 10469 10715
f 2935 10947 10945
f 2935 10946 10947
f 8938 4774 2936
f 2936 4774 9937
f 2936 9937 6033
f 7636 2937 2978
f 2978 2937 10574
f 8587 4204 2937
f 4204 8622 2937
f 7636 8587 2937
f 8622 13127 2937
f 10574 2937 13127
f 2938 3129 3212
f 2938 10827 3129
f 10723 2938 3212
f 6378 2938 10723
f 6378 10827 2938
f 2939 8634 10890
f 10450 2939 10236
f 2939 10890 10236
f 10450 10504 2939
f 2940 6521 3474
f 5102 2940 5097
f 5097 2940 12083
f 5102 6521 2940
f 3304 2941 3220
f 3220 2941 6502
f 3304 6277 2941
f 10743 2941 6277
f 10681 2941 10743
f 4660 3394 2942
f 6503 2942 3394
f 4660 2942 4661
f 9767 4661 2942
f 9007 2942 6503
f 9007 9767 2942
f 10739 2943 3043
f 11221 3043 2943
f 5490 3046 2943
f 11225 2943 3046
f 5490 2943 10739
f 11221 2943 11225
f 2944 6339 10492
f 2944 10963 6339
f 10491 10190 2944
f 10190 10962 2944
f 10491 2944 10492
f 10962 10963 2944
f 2945 8548 5686
f 2945 5686 10443
f 2945 10443 9666
f 2945 9666 12229
f 3859 2946 4190
f 3859 11661 2946
f 13411 4190 2946
f 13411 2946 4764
f 5417 9006 2947
f 5417 2947 13468
f 7922 2947 9006
f 7922 9987 2947
f 7132 2954 2948
f 2948 2954 10021
f 2948 10045 4549
f 10182 2948 4549
f 7132 2948 7345
f 10182 7345 2948
f 2948 10021 10045
f 2949 10501 10499
f 2949 10499 10994
f 2949 10994 10505
f 2950 10759 10214
f 2950 10995 10759
f 3923 2951 4297
f 3923 4801 2951
f 9347 2951 4801
f 13415 2951 9347
f 2952 5532 5539
f 2953 7321 6425
f 2953 6425 11397
f 2953 11397 6426
f 2953 11603 7321
f 4655 2954 4555
f 7132 4555 2954
f 4655 10012 2954
f 2954 10012 10021
f 2955 10990 3139
f 2955 3139 11000
f 2955 11000 10517
f 4212 2956 3470
f 2956 11779 3470
f 4212 4665 2956
f 2956 4665 7118
f 2956 7118 11376
f 2956 11376 11779
f 4645 2991 2957
f 2991 7422 2957
f 4547 2957 3417
f 10062 3417 2957
f 4645 2957 4547
f 10062 2957 7422
f 5525 6108 2958
f 11508 5525 2958
f 11508 2958 6096
f 6096 2958 11517
f 6108 11517 2958
f 2959 11014 10533
f 2959 10762 11014
f 2959 13033 10762
f 2959 11786 13033
f 2960 5732 3145
f 2960 3145 10005
f 2960 3277 8307
f 2960 10005 3277
f 7996 5732 2960
f 7996 2960 8307
f 3058 2961 7988
f 9907 2961 3058
f 2961 10231 7988
f 8577 10231 2961
f 2962 3016 11500
f 4314 4699 2962
f 4314 2962 11500
f 5361 7514 2963
f 5361 2963 12853
f 2963 7514 10534
f 10533 7523 2963
f 2963 7523 12853
f 10533 2963 10534
f 2964 7949 9743
f 5363 9315 2965
f 5363 2965 13003
f 9254 2965 9315
f 9254 10240 2965
f 10240 9567 2965
f 9567 13004 2965
f 13003 2965 13004
f 3064 2966 3150
f 7064 3150 2966
f 5869 6301 2966
f 6301 7064 2966
f 11589 6427 2967
f 8363 8281 2967
f 11589 2967 8281
f 2968 10178 7766
f 8240 7960 2968
f 2968 7960 10178
f 8240 2968 12229
f 11027 5396 2969
f 13194 2969 5396
f 7961 10547 2969
f 13194 7961 2969
f 10784 3065 2970
f 11030 2970 3065
f 10250 10784 2970
f 11030 10549 2970
f 2971 3528 7591
f 3886 2971 7591
f 3886 7677 2971
f 2971 7677 7008
f 4646 4648 2972
f 4646 2972 10327
f 4648 7349 2972
f 7349 10073 2972
f 9008 2972 10073
f 10327 2972 9008
f 2973 10560 9967
f 2973 10559 10560
f 2973 11046 10559
f 11048 11046 2973
f 11048 2973 12413
f 3272 2974 9970
f 3272 10561 2974
f 8822 10562 2974
f 8822 2974 11047
f 10562 9970 2974
f 11047 2974 10561
f 3070 4357 2975
f 10800 3070 2975
f 4357 5493 2975
f 10567 2975 5493
f 10268 2975 10567
f 10268 10800 2975
f 10176 3159 2976
f 11055 2976 3159
f 12590 10176 2976
f 10569 2976 10570
f 12590 2976 10569
f 11055 10570 2976
f 3253 2977 6306
f 11280 2977 3253
f 2977 10572 6306
f 2977 10281 10572
f 11278 2977 11280
f 7636 2978 11059
f 10573 2978 10574
f 10573 10816 2978
f 10816 11059 2978
f 2979 6221 6779
f 7207 6221 2979
f 6653 6654 2979
f 6653 2979 6779
f 6654 8275 2979
f 8275 7207 2979
f 10820 8343 2980
f 2980 8343 11065
f 10820 2980 10580
f 2980 11065 10581
f 2981 6446 3950
f 11553 6446 2981
f 7134 2981 8470
f 7134 11553 2981
f 2982 3080 11291
f 2982 3081 10585
f 2982 11291 3081
f 8320 2982 10585
f 10588 5330 2983
f 11293 2983 5330
f 10820 2983 8343
f 8343 2983 11293
f 7820 10725 2984
f 2984 10725 10477
f 7273 2985 3376
f 2985 12203 3376
f 2985 3670 12203
f 12386 3670 2985
f 7273 11204 2985
f 12386 2985 11204
f 13425 3031 2986
f 13429 2986 3031
f 12696 2986 12926
f 13425 2986 12696
f 13158 12926 2986
f 13429 13158 2986
f 2987 2988 10597
f 11314 2988 2987
f 2987 10597 10596
f 10843 2987 10596
f 11310 2987 10843
f 11314 2987 11310
f 10599 2988 2989
f 11089 2989 2988
f 10599 10597 2988
f 11314 11089 2988
f 10600 10599 2989
f 10600 2989 10613
f 11090 10613 2989
f 11090 2989 11089
f 2990 7955 10844
f 2990 11083 7955
f 9739 2990 10602
f 2990 10300 10602
f 2990 10844 10300
f 10331 2991 4645
f 10266 7422 2991
f 9010 10266 2991
f 9010 2991 10331
f 2992 10610 2994
f 2992 2994 11095
f 11317 2992 11095
f 11313 2992 11317
f 2995 10301 2993
f 2995 2993 11086
f 3168 2993 10301
f 11507 2993 3168
f 3172 11086 2993
f 11507 3172 2993
f 3092 2994 2997
f 2994 10609 2997
f 3092 11095 2994
f 2994 10610 10609
f 8445 10301 2995
f 2995 11086 10612
f 2996 12482 7007
f 2996 10187 10911
f 2996 10911 12482
f 3003 2997 10619
f 10866 2997 3003
f 3092 2997 10866
f 10609 10619 2997
f 2998 3002 10632
f 10862 3002 2998
f 2998 10319 8180
f 2998 8180 10861
f 2998 10632 10319
f 10862 2998 10861
f 3095 10626 2999
f 3095 2999 11096
f 10622 10612 2999
f 10612 11086 2999
f 10622 2999 10626
f 11096 2999 11086
f 3000 10625 10624
f 10626 3000 10624
f 3000 10638 10625
f 10867 3000 10626
f 10628 10638 3000
f 10867 10628 3000
f 3096 3001 10628
f 3096 11100 3001
f 10628 3001 10627
f 3001 10630 10627
f 10632 3002 10634
f 10636 10634 3002
f 10636 3002 10864
f 10862 10864 3002
f 12160 3003 10619
f 10635 10866 3003
f 5120 3004 5305
f 5120 5736 3004
f 3004 5739 5305
f 3005 11108 7420
f 3005 10875 11108
f 7639 3181 3006
f 11116 3006 3181
f 5453 7639 3006
f 11116 10879 3006
f 3182 3007 10877
f 3182 11112 3007
f 10875 5445 3007
f 10875 3007 11112
f 5416 10653 3008
f 10882 5416 3008
f 11117 3008 10648
f 11117 10882 3008
f 10742 3009 10070
f 10366 3009 10090
f 10742 10090 3009
f 10355 3009 10366
f 3010 3102 3352
f 5416 3102 3010
f 3010 3352 10389
f 10392 5416 3010
f 3010 10389 10869
f 10392 3010 10869
f 10377 10078 3011
f 3011 10078 10873
f 10377 3011 10655
f 3011 10883 10655
f 3011 10873 10658
f 10883 3011 10658
f 3012 3594 3783
f 3012 12054 3594
f 3012 3783 12696
f 9601 12054 3012
f 9601 3012 12473
f 12473 3012 12696
f 3013 5151 4713
f 3013 4713 13156
f 3189 3014 10668
f 11356 3014 3189
f 10666 10668 3014
f 10671 10666 3014
f 11133 10671 3014
f 11356 11133 3014
f 8830 3015 3190
f 3015 11137 3190
f 10669 3015 8830
f 10898 11137 3015
f 4194 11500 3016
f 13418 4194 3016
f 13418 3016 4710
f 3017 4765 8685
f 8694 4765 3017
f 8694 3017 8699
f 4469 3018 10830
f 3018 10292 7123
f 3018 7123 10829
f 3018 10829 10830
f 10680 3021 3019
f 3107 3019 11361
f 3020 11143 10685
f 11142 11143 3020
f 3021 10903 11144
f 8631 10902 3022
f 10902 10372 3022
f 3023 3243 5266
f 3023 5402 3243
f 3023 5266 5634
f 7395 5402 3023
f 7395 3023 10687
f 10158 3024 6522
f 11294 6522 3024
f 3024 7355 10134
f 10158 7355 3024
f 3025 7329 5667
f 3026 10699 7581
f 3026 7581 11159
f 3026 11200 10442
f 3026 11159 11200
f 3027 3209 3610
f 3027 11164 3209
f 3027 3610 10930
f 3027 8449 11164
f 3027 11381 8449
f 3027 10930 11381
f 3204 3028 11169
f 3204 11173 3028
f 3028 11173 10938
f 10934 10707 3029
f 11172 10934 3029
f 11172 3029 11176
f 3030 10709 10708
f 10710 3030 10708
f 3030 11178 10709
f 10710 10941 3030
f 3030 10941 11179
f 3030 11179 11178
f 4304 3031 5148
f 13425 5148 3031
f 3297 11391 3032
f 3032 10714 10713
f 3032 10713 10943
f 11391 10714 3032
f 3033 10715 6689
f 3033 6689 10718
f 3033 10718 11390
f 3033 11390 10946
f 6514 3034 10949
f 11815 3034 6678
f 10949 3034 11815
f 3213 6356 3035
f 3213 3035 11610
f 6356 7812 3035
f 10723 3035 7812
f 10723 11810 3035
f 3035 11810 11610
f 3036 3122 8756
f 9769 3122 3036
f 6069 3036 6078
f 8808 3036 6069
f 6078 3036 8756
f 9769 3036 8808
f 3037 3649 6946
f 12601 3649 3037
f 3037 6946 3838
f 10935 3037 3838
f 10935 13050 3037
f 12601 3037 13050
f 10484 10167 3038
f 10727 3038 10167
f 10727 11198 3038
f 3039 11198 3217
f 11405 3039 3217
f 3218 11201 3039
f 11405 3218 3039
f 3039 11201 10733
f 3040 3041 10483
f 11214 3041 3040
f 6339 3040 10492
f 11214 3040 6339
f 3040 10483 10492
f 3129 10827 3041
f 3129 3041 11214
f 10848 10483 3041
f 10848 3041 10827
f 4707 3042 8908
f 9769 3042 4707
f 3042 11613 8908
f 10739 3043 11413
f 3044 11207 10961
f 3045 4532 7250
f 10640 4538 3045
f 10640 3045 7250
f 10746 3133 3046
f 11225 3046 3133
f 10744 3046 5490
f 10746 3046 10744
f 10745 3047 3048
f 3047 11423 3048
f 10745 5304 3047
f 3047 5304 11415
f 11629 3047 11415
f 11629 11423 3047
f 10977 10745 3048
f 10977 3048 11228
f 11228 3048 11423
f 11227 10750 3049
f 11424 3049 10750
f 11227 3049 11576
f 11424 11640 3049
f 11576 3049 11637
f 3049 11640 11637
f 6600 3917 3050
f 6600 3050 11934
f 7056 3050 7040
f 7056 11934 3050
f 3051 4694 4518
f 3051 4518 12080
f 3051 7184 4694
f 3051 5353 11484
f 3051 12080 5353
f 4613 3052 7140
f 4613 11549 3052
f 4819 7140 3052
f 9126 4819 3052
f 7147 9126 3052
f 7147 3052 11549
f 11232 3054 3053
f 3054 3232 3139
f 10990 3054 3139
f 11232 3232 3054
f 10983 10213 3055
f 10983 3055 11237
f 3055 11238 11237
f 3056 3103 6446
f 3056 6446 11553
f 3056 7130 6465
f 3056 11553 7130
f 10057 7544 3057
f 10765 3057 9781
f 10057 3057 10765
f 3058 7790 7271
f 3058 7271 12855
f 3058 7988 7790
f 9907 3058 12855
f 5239 3059 7037
f 5239 11662 3059
f 10208 7037 3059
f 10771 3059 7790
f 7790 3059 11662
f 10771 10208 3059
f 7778 3060 5853
f 13579 11020 3060
f 3221 3061 4512
f 3221 6455 3061
f 4512 3061 8459
f 9135 3061 6455
f 7159 8459 3061
f 9135 7159 3061
f 7768 10789 3062
f 11038 3062 10789
f 12730 3062 11038
f 5546 3063 7478
f 5546 10794 3063
f 7478 3063 11045
f 10794 10557 3063
f 11032 3063 10557
f 11032 11453 3063
f 11045 3063 11453
f 3064 3150 11258
f 10244 3064 11034
f 11034 3064 11258
f 11259 3065 3244
f 11455 3244 3065
f 11455 3065 10784
f 11259 11030 3065
f 3066 10531 7791
f 13586 3066 7791
f 11041 3154 3067
f 10792 3067 3156
f 5720 3068 7466
f 5720 11268 3068
f 8763 7466 3068
f 10796 8763 3068
f 10796 3068 11052
f 3068 11268 11052
f 3069 3324 5834
f 3069 7475 3324
f 5360 3069 5834
f 5360 12679 3069
f 3069 8941 7475
f 3069 12679 8941
f 7524 4357 3070
f 11273 7524 3070
f 10803 3070 10800
f 11273 3070 10803
f 7464 3071 10802
f 11469 3071 7464
f 10803 10802 3071
f 11273 10803 3071
f 11468 11273 3071
f 11469 11468 3071
f 3072 5064 13608
f 3072 11530 5557
f 3072 13608 11530
f 5099 3073 10808
f 12910 3073 5099
f 10808 3073 5333
f 3073 11275 5333
f 9962 11275 3073
f 12910 9962 3073
f 3959 3074 5028
f 3959 6421 3074
f 4921 5028 3074
f 7098 4921 3074
f 11649 3074 6421
f 11649 7098 3074
f 4039 3075 4980
f 4039 11476 3075
f 3075 10814 4980
f 3075 10816 10814
f 11282 10816 3075
f 11282 3075 11476
f 3076 6409 11566
f 3076 11632 6409
f 6438 3076 7201
f 6438 11632 3076
f 8447 7201 3076
f 8447 3076 11566
f 5275 3077 6562
f 11947 3077 5275
f 11749 6562 3077
f 3077 7172 11349
f 11947 7172 3077
f 11749 3077 11349
f 3258 3255 3078
f 3078 3255 11486
f 11065 3258 3078
f 11065 3078 10822
f 11485 10822 3078
f 11485 3078 11486
f 3079 12960 10283
f 10519 12960 3079
f 10519 3079 13326
f 13326 3079 13569
f 3080 11069 3261
f 3080 3261 11713
f 3080 11713 11291
f 10586 10585 3081
f 10586 3081 10829
f 11288 10829 3081
f 11291 11288 3081
f 3256 3082 11288
f 11495 3082 3256
f 9843 10830 3082
f 11496 9843 3082
f 3082 10830 10829
f 3082 10829 11288
f 11495 11496 3082
f 3083 11296 3259
f 3083 3259 11717
f 3083 6639 7916
f 3083 11074 6639
f 3083 7916 11296
f 3083 11717 11074
f 11113 4086 3084
f 3084 4086 12115
f 3084 5516 6598
f 3084 12077 5516
f 11113 3084 6598
f 3084 12115 12077
f 11299 3085 3266
f 11313 3266 3085
f 7659 8187 3085
f 7659 3085 10837
f 11313 3085 8187
f 11299 10837 3085
f 9020 4358 3086
f 3086 7098 7202
f 10843 9843 3087
f 11496 3087 9843
f 11310 10843 3087
f 11310 3087 11307
f 11496 11307 3087
f 3989 3088 3165
f 11504 3165 3088
f 11311 3265 3088
f 11504 3088 3265
f 10845 3088 3989
f 10845 10844 3088
f 11311 3088 10844
f 3471 3089 9148
f 3471 11701 3089
f 7341 3089 6263
f 3089 11701 6263
f 6462 3089 7341
f 9148 3089 6462
f 4308 3090 12105
f 4308 13544 3090
f 12105 3090 4677
f 13544 5526 3090
f 3091 3933 6737
f 5085 3091 4273
f 3091 6737 4273
f 6478 3091 5085
f 3094 3092 10866
f 3094 11326 3092
f 3092 11326 11095
f 3093 10850 10857
f 3093 11318 10850
f 3093 10857 11100
f 3093 11100 11330
f 3093 11320 11318
f 3093 11330 11320
f 10636 10864 3094
f 10636 3094 10866
f 3094 10864 11099
f 3094 11099 11326
f 10867 10626 3095
f 10867 3095 11329
f 3095 11096 11097
f 3095 11097 11329
f 10867 3096 10628
f 10867 11329 3096
f 3096 11330 11100
f 3096 11329 11330
f 3276 3274 3097
f 3274 7186 3097
f 11104 3276 3097
f 10871 3097 7186
f 7643 3097 10871
f 11104 3097 7643
f 7639 3098 3181
f 10095 3181 3098
f 11110 3098 7639
f 10095 3098 11937
f 11110 11744 3098
f 11744 11937 3098
f 3099 3550 8401
f 3099 13072 3550
f 3099 4609 6368
f 3099 7285 4609
f 3099 6368 13072
f 3099 8401 7285
f 4084 3983 3100
f 13164 3100 3983
f 5872 4084 3100
f 5872 3100 13433
f 13434 3100 13164
f 13434 13433 3100
f 4200 4677 3101
f 4200 3101 13437
f 13434 3101 4677
f 5642 3101 13164
f 5642 13437 3101
f 13434 13164 3101
f 10884 3352 3102
f 3834 3102 10882
f 11129 3102 3834
f 10882 3102 5416
f 11129 10884 3102
f 3103 4269 3749
f 3103 3749 13592
f 3103 13592 6446
f 3149 11814 3104
f 3149 3104 11817
f 4888 3104 7716
f 11817 3104 4888
f 6242 3742 3105
f 6971 3105 3742
f 6299 3105 4606
f 6971 4606 3105
f 6160 6242 3105
f 6160 3105 6299
f 4624 6491 3106
f 4624 3106 13440
f 10775 3106 6491
f 10775 7656 3106
f 13439 3106 7656
f 13440 3106 13439
f 3107 3191 10900
f 3107 11361 3191
f 10675 3107 10900
f 3108 7357 10678
f 3108 11564 7357
f 3108 8153 10405
f 3108 10678 8153
f 3108 10405 11138
f 3108 11138 11564
f 6068 3109 3122
f 3109 8754 3122
f 6066 5534 3109
f 5534 8754 3109
f 6066 3109 6068
f 9735 4643 3110
f 4643 11534 3110
f 9719 3110 9789
f 3110 11534 9789
f 3111 11372 12672
f 8009 3112 7331
f 10917 7331 3112
f 10914 10917 3112
f 10914 3112 12928
f 10695 10916 3113
f 10695 3113 10918
f 10918 3113 11111
f 3113 11375 11111
f 7308 9934 3114
f 7308 3114 10924
f 10297 7579 3114
f 3114 7579 10998
f 10297 3114 9934
f 10924 3114 10998
f 7410 4604 3115
f 4604 11968 3115
f 12087 6940 3115
f 6940 12090 3115
f 7410 3115 12090
f 12087 3115 11968
f 3116 7827 7127
f 3116 7127 10927
f 3116 10454 7827
f 3116 10931 10454
f 3116 10927 11168
f 3116 11168 10931
f 3294 11381 3117
f 3294 3117 11385
f 11385 3117 10928
f 11381 10930 3117
f 3118 4626 13437
f 3118 13439 4626
f 3118 9460 13440
f 3118 13440 13439
f 3119 10936 10938
f 11588 3119 10938
f 11588 11594 3119
f 11592 3119 11594
f 3120 10940 10714
f 11391 3120 10714
f 3120 10941 10940
f 3120 11183 10941
f 3120 11387 11183
f 11387 3120 11391
f 3121 10943 10944
f 11394 10943 3121
f 3121 10944 10945
f 3121 10945 11187
f 3121 11187 11600
f 11394 3121 11600
f 9769 6068 3122
f 8756 3122 8754
f 3123 6144 7097
f 3123 8430 6144
f 3123 7097 9179
f 8978 3123 9179
f 3124 10950 3216
f 3124 3216 11194
f 3124 6514 10949
f 3124 10949 10950
f 3125 3198 7586
f 12788 3198 3125
f 10157 7585 3125
f 12788 3125 7585
f 3126 5887 10185
f 11407 5887 3126
f 10733 11201 3126
f 11407 3126 11201
f 11413 5306 3127
f 11616 3127 5306
f 10732 10171 3127
f 11413 3127 10171
f 10732 3127 11414
f 11616 11414 3127
f 10962 10961 3128
f 11208 3128 10961
f 10962 3128 10963
f 11210 10963 3128
f 11618 3128 11208
f 11618 11210 3128
f 3212 3129 3302
f 3129 11620 3302
f 3129 11214 11620
f 3306 3130 3213
f 3213 3130 6356
f 11415 3130 3306
f 6356 3130 10478
f 10966 10478 3130
f 10966 3130 11415
f 3131 3132 3225
f 3131 5381 3132
f 3131 3225 11830
f 3131 6872 5381
f 3131 11631 6872
f 3131 11830 11631
f 3132 6277 3225
f 3132 5381 10752
f 3132 10971 6277
f 3132 10752 10971
f 10974 3134 3133
f 12534 3133 3134
f 10746 10974 3133
f 11225 3133 12534
f 10974 10976 3134
f 10976 11233 3134
f 11421 3134 11233
f 11421 12534 3134
f 4353 3135 8844
f 8844 3135 7897
f 10757 7897 3135
f 9660 10757 3135
f 3233 3136 11239
f 3233 11648 3136
f 10984 3136 11233
f 10984 11237 3136
f 11233 3136 11642
f 11237 11239 3136
f 11648 11642 3136
f 6453 3137 9228
f 6453 9687 3137
f 6931 3137 9687
f 6931 12273 3137
f 3137 12058 9228
f 3137 12273 12058
f 3229 3138 3231
f 3229 11643 3138
f 10988 3231 3138
f 10987 10988 3138
f 3232 12499 3139
f 11000 3139 8828
f 8828 3139 12499
f 3234 3140 7553
f 3234 11238 3140
f 8036 7553 3140
f 10509 8036 3140
f 10509 3140 11238
f 7087 3141 3312
f 10993 3312 3141
f 10993 3141 10994
f 10994 3141 10999
f 5574 3142 4601
f 5941 4601 3142
f 5940 7750 3142
f 5941 3142 7750
f 3143 3707 7793
f 9237 3707 3143
f 5671 6297 3143
f 5671 3143 12212
f 9237 3143 6297
f 3143 7793 12212
f 8199 5473 3144
f 10005 3145 11245
f 3145 12764 11245
f 3146 7935 7946
f 3146 10569 7935
f 3146 7946 8475
f 3146 8475 9981
f 9287 3146 9981
f 9287 10569 3146
f 3147 7708 12590
f 9287 9530 3147
f 9287 3147 12590
f 11666 3241 3148
f 5363 3148 5548
f 5363 7365 3148
f 11666 3148 7365
f 3149 11817 4885
f 4949 11814 3149
f 11450 3150 7064
f 11257 11258 3150
f 11450 11257 3150
f 10548 3151 7539
f 3151 12839 7539
f 10549 3151 10548
f 11030 3151 10549
f 11030 11448 3151
f 3151 11448 12743
f 3151 12743 12839
f 3152 9518 12194
f 12143 13081 3152
f 11036 3153 3245
f 3245 3153 11262
f 11035 11034 3153
f 11034 11258 3153
f 11036 11035 3153
f 3153 11258 11262
f 11036 3246 3154
f 11039 11036 3154
f 11039 3154 11041
f 11049 3321 3155
f 3155 3321 12711
f 11038 10793 3155
f 10793 11049 3155
f 12730 11038 3155
f 12730 3155 12711
f 3156 3247 7338
f 9960 10792 3156
f 5546 7478 3157
f 5546 3157 11047
f 5647 11047 3157
f 5647 3157 11461
f 11458 3157 7478
f 11458 11461 3157
f 11048 3158 11046
f 11049 11046 3158
f 11048 11052 3158
f 11052 11269 3158
f 3325 3159 9655
f 3325 11471 3159
f 10176 9655 3159
f 11471 11055 3159
f 10813 5052 3160
f 11473 3160 5052
f 10813 3160 11477
f 11473 11690 3160
f 11477 3160 11690
f 3161 7057 7520
f 3161 11478 7057
f 7636 3161 7520
f 7636 11059 3161
f 11282 3161 11059
f 11282 11478 3161
f 7374 3162 11480
f 7374 12988 3162
f 7381 3162 7640
f 7381 9756 3162
f 7640 3162 12988
f 11480 3162 9756
f 3163 12288 7429
f 3163 7429 12895
f 3163 9948 11491
f 3163 12895 9948
f 3350 3164 9625
f 9699 5382 3164
f 5330 3989 3165
f 11498 5330 3165
f 11498 3165 9875
f 11504 9875 3165
f 9014 3166 3263
f 11513 3263 3166
f 9014 11073 3166
f 3166 11073 11081
f 11318 3166 11081
f 11513 3166 11318
f 3167 11078 3737
f 3167 3737 11309
f 11515 11078 3167
f 3167 11309 11721
f 11515 3167 11722
f 3167 11721 11722
f 3168 10301 10298
f 3168 10298 12288
f 3173 3169 9045
f 12243 3169 3173
f 4468 3169 8833
f 4468 9045 3169
f 8833 3169 7616
f 12243 7616 3169
f 11092 4232 3170
f 11311 3170 4232
f 11083 3170 7955
f 11311 7955 3170
f 11083 10617 3170
f 11092 3170 10617
f 3171 3270 3271
f 3270 3171 11326
f 11510 3171 3271
f 3171 11317 11095
f 3171 11095 11326
f 11510 11317 3171
f 11507 3341 3172
f 3341 11729 3172
f 3172 11096 11086
f 11729 11096 3172
f 3173 3523 4221
f 3173 9045 3523
f 3173 4221 9238
f 12243 3173 9238
f 11089 3267 3174
f 3267 11736 3174
f 11090 11089 3174
f 3174 11736 11738
f 10182 3175 4551
f 8878 7356 3175
f 10265 8878 3175
f 10265 3175 10182
f 10861 10851 3176
f 3176 10851 11323
f 10862 10861 3176
f 10862 3176 10864
f 3176 11099 10864
f 3176 11323 11099
f 11102 11101 3177
f 11456 11102 3177
f 11456 3177 11335
f 11335 3177 11738
f 11104 3178 3449
f 3449 3178 11935
f 7420 3178 3715
f 11104 3715 3178
f 11109 3178 7420
f 11109 11935 3178
f 7237 3179 7246
f 7237 12299 3179
f 3179 11869 7246
f 8414 3179 7690
f 12299 7690 3179
f 8414 8722 3179
f 3179 8722 11869
f 3180 9699 3202
f 3180 8846 5229
f 3180 5229 9699
f 3180 9684 8846
f 3349 3181 10095
f 3349 11116 3181
f 7182 3182 10877
f 7182 11342 3182
f 3182 11341 11112
f 3182 11343 11341
f 3182 11342 11343
f 3183 6962 11117
f 11529 6962 3183
f 3183 10648 10879
f 3183 11117 10648
f 3183 10879 11116
f 11529 3183 11116
f 6953 3279 3184
f 7000 3184 3279
f 6953 3184 11123
f 7000 11119 3184
f 11119 10880 3184
f 11123 3184 10880
f 3351 7170 3185
f 3351 3185 10172
f 3185 7170 3834
f 3186 10883 7401
f 3186 7401 13080
f 3186 10652 10655
f 3186 11123 10652
f 3186 10655 10883
f 3186 13080 11123
f 3187 11124 9976
f 10893 10299 3187
f 3187 10299 12608
f 3187 12608 11124
f 3188 4087 4310
f 3188 4310 5929
f 3188 5929 13441
f 3189 10668 11128
f 11354 3189 11128
f 11356 3189 11354
f 8830 3190 10342
f 9898 10342 3190
f 9898 3190 11139
f 11139 3190 11137
f 9294 3191 11543
f 3191 11361 11543
f 3357 3192 3355
f 3355 3192 7146
f 3357 10685 3192
f 3192 11141 7146
f 10685 11143 3192
f 3192 11143 11141
f 10701 5231 3193
f 11158 3193 5231
f 10701 3193 7351
f 11255 7351 3193
f 10903 7631 3194
f 7631 11364 3194
f 10903 3194 11144
f 11144 3194 11546
f 3194 11364 11551
f 3194 11551 11546
f 3357 3195 10685
f 11552 3195 3357
f 11552 5780 3195
f 5780 12938 3195
f 10685 3195 10905
f 12938 10905 3195
f 7043 3196 8412
f 7043 8413 3196
f 8412 3196 9826
f 9166 9826 3196
f 3197 4756 3332
f 3775 4758 3197
f 3197 3797 4756
f 3197 4758 3797
f 3367 3199 3198
f 7586 3198 3199
f 3367 3198 11369
f 12788 11369 3198
f 3367 5270 3199
f 5323 3199 5270
f 5323 11156 3199
f 7586 3199 7144
f 11156 7144 3199
f 3200 11159 7324
f 11573 3200 7324
f 3200 11572 7463
f 3200 7463 12774
f 3200 12774 11159
f 11573 11572 3200
f 3201 7118 4665
f 11577 3201 4665
f 5400 3201 11380
f 11577 11380 3201
f 9204 3203 7108
f 3203 10927 7108
f 11788 3203 9204
f 11166 10927 3203
f 11166 3203 11579
f 11788 11579 3203
f 5316 3204 11169
f 11584 3204 5316
f 11583 11173 3204
f 11584 11583 3204
f 3205 11171 11172
f 11386 11171 3205
f 3205 11172 11177
f 11587 3205 11177
f 11582 11386 3205
f 11582 3205 11587
f 4452 3206 6735
f 4452 10029 3206
f 3206 13182 6735
f 3206 10029 10192
f 3206 10192 13170
f 3206 13170 13182
f 3207 11177 11176
f 3207 11176 11178
f 11586 11177 3207
f 3207 11178 11180
f 3207 11180 11590
f 11586 3207 11590
f 3208 11180 11179
f 3208 11179 11183
f 11595 11180 3208
f 3208 11183 11388
f 11595 3208 11388
f 3209 10138 3610
f 3209 10998 10138
f 10924 10998 3209
f 11164 10924 3209
f 10025 10014 3210
f 10014 11154 3210
f 3211 4176 3991
f 3211 3991 5320
f 3211 5311 4176
f 3211 13447 5311
f 3211 5320 12944
f 3211 12944 13447
f 3212 3302 11809
f 10723 3212 11810
f 3212 11809 11810
f 3306 3213 11627
f 11627 3213 11610
f 11624 3397 3214
f 11812 3214 3397
f 10952 3214 6678
f 11812 6678 3214
f 11193 3214 10952
f 11193 11624 3214
f 3215 4186 4192
f 3215 4309 4186
f 3215 4192 5311
f 3215 4201 4309
f 3215 13447 4201
f 3215 5311 13447
f 11805 3216 10950
f 11194 3216 11249
f 11805 11249 3216
f 3388 3390 3217
f 3388 3217 11197
f 11405 3217 3390
f 11197 3217 11198
f 8468 3218 11405
f 8468 11406 3218
f 11406 11201 3218
f 3219 3220 6502
f 3219 11821 3220
f 3219 6502 10734
f 11202 3219 10734
f 11202 11818 3219
f 11818 11821 3219
f 3304 3220 11819
f 11819 3220 11821
f 3221 4837 3916
f 3221 3916 6455
f 3221 4512 5040
f 3221 5040 4837
f 3222 3223 11209
f 3222 11806 3223
f 11210 3222 11209
f 11210 11619 3222
f 11619 12011 3222
f 3222 12011 11806
f 3223 6339 11209
f 3223 11214 6339
f 3223 11620 11214
f 3223 11806 11620
f 3224 4574 3996
f 3224 4313 4574
f 5933 4313 3224
f 3304 3225 6277
f 3304 11826 3225
f 11830 3225 11826
f 11221 11225 3226
f 11221 3226 11828
f 11225 12534 3226
f 3226 11419 11417
f 3226 11417 11828
f 3226 12534 11419
f 4567 3227 9201
f 6708 13391 3227
f 3227 13342 9201
f 3227 13391 13342
f 3228 3607 6012
f 3228 12916 3607
f 3228 12909 3980
f 3228 3980 12916
f 3228 6012 12460
f 3228 12460 12909
f 3229 3231 11228
f 3229 3495 11643
f 3229 12098 3495
f 3229 11228 12098
f 11232 3230 6666
f 11641 6666 3230
f 10977 3231 10754
f 10988 10754 3231
f 10977 11228 3231
f 3311 3232 11428
f 3311 12499 3232
f 11232 11428 3232
f 3406 11652 3233
f 3406 3233 11653
f 3233 11239 11653
f 3233 11652 11648
f 12771 3234 7553
f 3234 11239 11238
f 3234 11653 11239
f 12771 11653 3234
f 6008 7545 3235
f 6008 3235 10762
f 7076 10762 3235
f 7076 3235 11439
f 3235 7545 7286
f 3235 7286 11439
f 3833 3448 3236
f 3236 3448 7515
f 3833 3236 7216
f 3236 7515 7508
f 4426 3237 3444
f 6053 3444 3237
f 4426 4424 3237
f 4424 10383 3237
f 6053 3237 4542
f 10383 4542 3237
f 8857 3238 6861
f 3238 12443 6861
f 8857 11012 3238
f 3238 11012 11245
f 3238 11245 12764
f 3238 12764 12443
f 3239 12020 3486
f 3239 12018 5752
f 3239 5752 12020
f 12000 12018 3239
f 3240 5241 5307
f 3240 9082 5241
f 3240 12837 9082
f 7333 5530 3241
f 5266 3243 3288
f 11676 3416 3244
f 12769 3244 3416
f 12769 11259 3244
f 3244 11455 11676
f 11036 3245 3246
f 11678 3246 3245
f 11874 3245 11262
f 11678 3245 11874
f 11678 3322 3246
f 11676 3247 3322
f 11455 7338 3247
f 11455 3247 11676
f 9690 3248 5624
f 3248 9971 5624
f 7213 3249 11268
f 7213 13049 3249
f 11269 11268 3249
f 11269 3249 11462
f 11685 11462 3249
f 11685 3249 13049
f 5966 3326 3250
f 3250 3326 13264
f 3250 5741 7223
f 3250 13264 5741
f 5966 3250 7524
f 7524 3250 7223
f 3251 11275 7211
f 11689 3251 7211
f 7464 10639 3251
f 11474 7464 3251
f 3251 10639 11275
f 11689 11474 3251
f 4879 3252 6001
f 4879 11278 3252
f 11695 6001 3252
f 11278 11280 3252
f 11280 11696 3252
f 11696 11695 3252
f 8237 3253 6306
f 8237 11698 3253
f 11280 3253 11698
f 3254 6435 6860
f 3254 12904 6435
f 8244 3254 6860
f 8244 11702 3254
f 3254 11702 12816
f 3254 12816 12904
f 3258 11497 3255
f 3255 11497 3429
f 11708 3255 3429
f 11486 3255 11708
f 3256 11288 11290
f 11714 3256 11290
f 11495 3256 11911
f 11714 11911 3256
f 8343 3258 11065
f 8343 11293 3258
f 3258 11293 11497
f 11297 6512 3259
f 6512 11716 3259
f 11297 3259 11296
f 11716 11717 3259
f 3260 3339 3431
f 3260 11506 3339
f 11490 3260 3431
f 11298 11299 3260
f 11490 11298 3260
f 11299 11506 3260
f 11300 3261 11069
f 11300 11712 3261
f 11713 3261 11712
f 3434 3262 11717
f 3434 11720 3262
f 11309 11074 3262
f 11717 3262 11074
f 11309 3262 11721
f 11720 11721 3262
f 3342 3526 3263
f 11513 3342 3263
f 3526 7354 3263
f 9014 3263 7354
f 4564 4210 3264
f 3264 4210 13462
f 4564 3264 12780
f 3264 13462 9325
f 3264 9325 13469
f 12780 3264 11622
f 3264 13469 11622
f 11311 4232 3265
f 4232 11731 3265
f 11504 3265 9906
f 11731 9906 3265
f 11299 3266 11506
f 11313 11317 3266
f 11510 3266 11317
f 11510 11506 3266
f 11314 3267 11089
f 11315 3267 11314
f 11315 11726 3267
f 3267 11726 11736
f 3268 6566 3413
f 7451 3268 3413
f 3891 3268 5238
f 3891 6566 3268
f 5238 3268 6565
f 7451 6565 3268
f 3273 8794 3269
f 3273 3269 11097
f 3345 3269 8794
f 3345 11320 3269
f 11329 11097 3269
f 11320 11330 3269
f 11329 3269 11330
f 11520 3271 3270
f 11323 3270 11099
f 11099 3270 11326
f 11520 3270 11323
f 3442 3439 3271
f 11510 3271 3439
f 11520 3442 3271
f 3445 3446 3273
f 3445 3273 11729
f 3446 8794 3273
f 11729 3273 11097
f 3531 3274 3276
f 3531 11927 3274
f 11522 7186 3274
f 11522 3274 11926
f 3274 11927 11926
f 4309 3275 4186
f 4443 4186 3275
f 4309 5641 3275
f 4443 3275 13442
f 5641 9399 3275
f 9399 13442 3275
f 11104 3449 3276
f 12252 3276 3449
f 3531 3276 12252
f 9927 8307 3277
f 9927 3277 8596
f 3277 10528 8596
f 3277 10005 10528
f 4664 4559 3278
f 5668 3278 4559
f 4664 3278 9220
f 5668 13446 3278
f 9255 9220 3278
f 9255 3278 13446
f 6953 6554 3279
f 9717 3279 6554
f 7000 3279 11748
f 9717 11748 3279
f 6409 3280 11566
f 11352 3281 7047
f 7047 3281 13080
f 11352 11949 3281
f 11948 11751 3281
f 13080 3281 11751
f 11948 3281 11949
f 3452 3282 7172
f 8904 3282 3452
f 7172 3282 9548
f 8904 7390 3282
f 11129 3282 7390
f 11129 9548 3282
f 4569 13446 3283
f 10801 5653 3283
f 10801 3283 13466
f 13466 3283 13446
f 6947 7310 3284
f 11538 6947 3284
f 7310 8400 3284
f 11133 3284 8400
f 11356 3284 11133
f 11356 11538 3284
f 3356 11544 3285
f 3356 3285 11546
f 11144 11546 3285
f 11544 11362 3285
f 3358 11551 3286
f 11964 3358 3286
f 8972 3457 3286
f 11964 3286 3457
f 3361 3287 3359
f 5780 3359 3287
f 3361 12806 3287
f 5780 3287 7499
f 7499 3287 12806
f 5266 3288 11555
f 11368 3288 5394
f 11555 3288 11368
f 3556 3289 3652
f 3556 11765 3289
f 3652 3289 11971
f 3289 11369 11152
f 11971 3289 11152
f 3289 11765 11369
f 3369 3290 11770
f 3369 12482 3290
f 3373 3290 4467
f 3373 11770 3290
f 11568 4467 3290
f 11568 3290 11155
f 11155 3290 12482
f 5323 3372 3291
f 3291 3372 11775
f 5323 3291 11156
f 3291 11372 11156
f 3291 12672 11372
f 3291 11775 12672
f 3292 8319 7597
f 3292 7597 9607
f 3292 7952 8319
f 11160 7952 3292
f 11779 3292 9607
f 11779 11160 3292
f 7308 11164 3293
f 11575 7308 3293
f 11164 8449 3293
f 3293 8449 11782
f 11575 3293 10818
f 10818 3293 11782
f 3294 11784 11381
f 3294 11385 11386
f 11581 3294 11386
f 11581 11785 3294
f 3294 11785 11784
f 3295 11388 11387
f 3295 11387 11392
f 11793 11388 3295
f 11597 3295 11392
f 11597 11998 3295
f 11793 3295 11998
f 11389 3296 11390
f 11389 11596 3296
f 11390 3296 11399
f 11399 3296 11599
f 11795 3296 11596
f 11795 11599 3296
f 3297 3385 11392
f 3297 12223 3385
f 3297 11392 11391
f 3314 9658 3298
f 3386 3299 11598
f 3386 12007 3299
f 3299 11187 11598
f 3299 11600 11187
f 12004 11600 3299
f 12004 3299 12007
f 4094 3998 3300
f 4211 3300 3998
f 4095 3300 9342
f 4211 9342 3300
f 11407 3301 11202
f 3301 11818 11202
f 11406 3301 11407
f 11406 12018 3301
f 12000 11818 3301
f 12000 3301 12018
f 9807 3302 11808
f 9807 11809 3302
f 11808 3302 11620
f 9847 3303 9846
f 9848 3303 9847
f 9849 3303 9848
f 3304 11819 11826
f 3392 3305 3487
f 3392 11614 3305
f 3487 3305 3490
f 11828 3490 3305
f 11614 5306 3305
f 3306 11627 3398
f 11629 3306 3398
f 11629 11415 3306
f 11417 3307 3490
f 3307 12247 3490
f 3307 3774 12247
f 3307 12444 3774
f 11417 11419 3307
f 11419 12444 3307
f 3308 4565 13512
f 3308 13512 9130
f 3309 10683 4815
f 3497 3310 3500
f 3497 11425 3310
f 3500 3310 8683
f 10995 8683 3310
f 10995 3310 10759
f 11425 10759 3310
f 3311 11650 3498
f 3311 11428 11650
f 7087 3312 11851
f 10993 7265 3312
f 11281 3312 7265
f 11281 11851 3312
f 7095 3313 3408
f 3313 12078 3408
f 7067 3313 8791
f 7067 12078 3313
f 5321 3314 5285
f 11857 4256 3315
f 3315 4256 12669
f 11857 3315 7271
f 7271 3315 12855
f 3315 12669 12854
f 3315 12854 12855
f 3316 7086 3504
f 3316 3504 7330
f 3316 7076 7086
f 3316 11014 7076
f 3316 7330 7523
f 3316 7523 11014
f 3822 5526 3317
f 3822 3317 6624
f 3317 5526 13544
f 8817 3318 4766
f 10615 4766 3318
f 4815 3318 5285
f 4815 6079 3318
f 8817 5285 3318
f 6079 10615 3318
f 3319 3414 11671
f 11450 9428 3319
f 11450 3319 11257
f 3319 11671 11257
f 3320 7038 9670
f 3320 11045 7038
f 7478 11045 3320
f 11458 7478 3320
f 11682 3320 9670
f 11458 3320 11682
f 6827 4244 3321
f 12625 3321 4244
f 12625 12711 3321
f 3418 3419 3322
f 11678 3418 3322
f 3419 11676 3322
f 3323 9141 13414
f 10611 9143 3323
f 10611 3323 9656
f 3323 13414 9656
f 6592 5834 3324
f 11881 6592 3324
f 7011 3324 7471
f 11881 3324 7011
f 7475 7471 3324
f 3325 9655 7272
f 3325 7272 11885
f 3325 11885 11471
f 3326 3512 8126
f 11470 3512 3326
f 11470 3326 5966
f 3326 8126 13264
f 11469 3327 11468
f 11470 11468 3327
f 11474 3327 11469
f 11470 3327 13297
f 11688 3327 11474
f 11688 13297 3327
f 3328 5303 11691
f 3328 11690 11473
f 3328 11691 11690
f 3515 11895 3329
f 3515 3329 13304
f 7006 3329 11476
f 7006 13304 3329
f 3329 11478 11476
f 11895 11478 3329
f 11847 12051 3330
f 3330 12051 12053
f 11711 6161 3331
f 6161 12618 3331
f 3331 8876 11483
f 12618 8876 3331
f 3331 11483 11490
f 11711 3331 11490
f 3332 9832 4897
f 11488 3333 6512
f 3333 11716 6512
f 11488 11710 3333
f 11908 3333 11710
f 3333 12099 11716
f 11908 12099 3333
f 3340 11491 3334
f 3340 3334 11905
f 10426 3334 11706
f 11905 3334 10426
f 3334 11491 11704
f 3334 11704 11706
f 4652 7443 3335
f 4652 3335 9649
f 3335 7644 11754
f 3335 11754 9649
f 3336 3429 11715
f 11906 3429 3336
f 11501 3337 11307
f 11307 3337 11725
f 12116 3337 11501
f 12123 11725 3337
f 12123 3337 12116
f 3338 9875 11504
f 3338 11504 9906
f 3338 9906 11922
f 3338 11922 12117
f 3431 3339 12101
f 3339 3436 3613
f 11506 3436 3339
f 3339 3613 12101
f 11507 3340 3341
f 3341 3340 11914
f 3340 11905 11914
f 11919 11729 3341
f 11919 3341 11914
f 3345 3529 3342
f 3345 3342 11513
f 12145 3526 3342
f 3529 12145 3342
f 4099 9984 3343
f 4099 3343 13472
f 8851 10205 3343
f 8851 3343 12503
f 12474 3343 9984
f 10205 13472 3343
f 12474 12503 3343
f 5941 4337 3344
f 3344 4337 11727
f 4601 3344 4717
f 5941 3344 4601
f 6287 4717 3344
f 6287 3344 11727
f 3345 8794 3529
f 3345 11513 11320
f 3346 4101 8885
f 13480 3346 8885
f 13480 13206 3346
f 3347 3476 6433
f 11395 3476 3347
f 6650 3347 6433
f 11397 11395 3347
f 11525 11932 3348
f 3348 11931 11744
f 3348 11932 11931
f 10194 3349 7296
f 11737 7296 3349
f 11737 3349 10095
f 11529 3349 10194
f 11529 11116 3349
f 4818 3350 9645
f 11749 7170 3351
f 10217 7204 3351
f 11749 3351 7204
f 10217 3351 10172
f 10389 3352 7630
f 10884 7630 3352
f 6889 3353 6893
f 6893 3353 7457
f 7458 3353 7455
f 7458 7457 3353
f 6526 11543 3354
f 11362 3354 11543
f 3354 11362 11544
f 3354 11544 11958
f 3357 3355 11758
f 3355 11757 3455
f 3355 3455 11758
f 3358 3356 11546
f 3358 11961 3356
f 3356 11959 11544
f 3356 11961 11959
f 11552 3357 11758
f 3358 11546 11551
f 3358 11960 11961
f 11964 11960 3358
f 3361 3359 3545
f 3359 11759 3545
f 11552 3359 5780
f 11552 11759 3359
f 3360 11555 3363
f 3360 3363 12180
f 3360 12180 3548
f 3360 7361 11555
f 3361 3545 5221
f 3361 5221 12391
f 3361 12391 12592
f 3361 12592 12806
f 3553 3365 3362
f 7495 3362 3365
f 3362 5386 3549
f 12603 3362 3549
f 3553 3362 4177
f 12603 4177 3362
f 7495 5386 3362
f 11970 3552 3363
f 12605 3363 3552
f 11555 11970 3363
f 12605 12180 3363
f 3364 4470 9809
f 3364 9811 4470
f 3364 9813 9811
f 3553 11971 3365
f 7495 3365 11152
f 11971 11152 3365
f 3824 9203 3366
f 3824 3366 11918
f 3366 9203 8979
f 3366 8979 11803
f 3367 11765 5270
f 3367 11369 11765
f 3558 3368 3369
f 3369 3368 10036
f 3557 3460 3368
f 7595 3368 3460
f 3557 3368 3558
f 7595 10036 3368
f 3558 3369 11770
f 3369 10036 12482
f 4573 3370 3473
f 3473 3370 11820
f 6808 4558 3370
f 11820 3370 4558
f 4573 6622 3370
f 6808 3370 6622
f 3969 3371 3967
f 13376 3967 3371
f 3969 13387 3371
f 8687 3371 4180
f 4180 3371 13387
f 13376 3371 8687
f 3562 3372 3466
f 11772 3466 3372
f 11979 3372 3562
f 5323 11772 3372
f 11979 11775 3372
f 3373 9109 3563
f 3373 3563 11774
f 3373 4467 9109
f 3373 11774 11770
f 7350 3374 3469
f 10222 3469 3374
f 7350 6900 3374
f 3374 6900 7463
f 11572 3374 7463
f 10222 3374 11574
f 11572 11574 3374
f 6560 3375 6890
f 6560 11574 3375
f 11573 6890 3375
f 11573 3375 11572
f 3375 11574 11572
f 7273 3376 6717
f 11788 6717 3376
f 11788 3376 12207
f 3376 12203 12207
f 11986 3377 3672
f 3377 12207 3672
f 3377 11580 11579
f 3377 11579 12207
f 3377 11790 11580
f 11986 11790 3377
f 11581 11582 3378
f 11582 11791 3378
f 11789 3378 12211
f 11791 12211 3378
f 3380 11583 3379
f 3380 3379 11988
f 3379 11583 11584
f 3379 11584 11790
f 3379 11790 11987
f 3379 11987 11988
f 3380 11585 11583
f 3380 11990 11585
f 3380 11988 12216
f 3380 11989 11990
f 3380 12216 11989
f 11586 7852 3381
f 11994 3381 7852
f 11586 3381 11587
f 11791 11587 3381
f 11791 3381 12213
f 11994 12213 3381
f 3382 6085 10615
f 3382 10629 9618
f 3383 8540 4553
f 3383 4553 9857
f 3383 9224 8540
f 11502 9224 3383
f 3383 9857 9226
f 11502 3383 9226
f 3572 11796 3384
f 3572 3384 11995
f 3384 11593 11592
f 3384 11592 11594
f 3384 11796 11593
f 3384 11594 11995
f 11597 11392 3385
f 11597 3385 12219
f 3385 12222 12219
f 3385 12223 12222
f 3386 11598 11399
f 3386 11399 11599
f 3386 11599 12001
f 3386 12001 12007
f 8054 8300 3387
f 10846 8054 3387
f 3387 8300 8297
f 12010 3390 3388
f 3478 3388 11249
f 3478 12010 3388
f 3388 11197 11249
f 3411 3389 4219
f 13488 4219 3389
f 6776 5568 3389
f 13488 3389 5568
f 13217 6776 3389
f 11405 3390 3484
f 12016 3484 3390
f 12016 3390 12010
f 3420 9568 3391
f 9618 3420 3391
f 8773 5561 3391
f 5561 8786 3391
f 8773 3391 9568
f 3392 3393 11614
f 3392 12234 3393
f 3392 3487 12232
f 12432 3392 12232
f 12432 12234 3392
f 3393 11625 11614
f 3393 12022 11625
f 12234 12022 3393
f 3862 3394 4556
f 5288 3394 3862
f 4660 4556 3394
f 5288 6503 3394
f 3395 12022 5817
f 3395 5817 12023
f 11618 3395 11619
f 11618 12021 3395
f 3395 12023 11619
f 3395 12021 12022
f 11627 3396 3398
f 12029 3398 3396
f 3583 12029 3396
f 3583 3396 12237
f 11627 11611 3396
f 12237 3396 11611
f 11812 3397 7509
f 7509 3397 11832
f 11624 11628 3397
f 11832 3397 11628
f 11223 3399 11628
f 11223 11630 3399
f 11832 11628 3399
f 3399 11630 11638
f 12251 3399 11638
f 11832 3399 12251
f 3489 3400 11830
f 3489 12239 3400
f 3400 3584 11634
f 3400 12442 3584
f 3400 11634 11631
f 11830 3400 11631
f 3400 12239 12442
f 3401 6872 11631
f 3401 11641 6872
f 3401 11634 11578
f 11746 3401 11578
f 3401 11631 11634
f 11746 11641 3401
f 3402 3585 11609
f 3402 11609 11637
f 3402 11637 11843
f 12035 3402 11843
f 12257 3402 12035
f 7869 3403 10417
f 7869 13238 3403
f 3403 10295 10417
f 3403 12793 10295
f 3403 12758 12793
f 3403 13238 12758
f 8751 3404 9728
f 8751 11161 3404
f 3405 3586 11941
f 3405 12042 3586
f 3405 8471 11642
f 3405 11941 8471
f 3405 11642 11648
f 3405 11648 12042
f 3406 11653 3407
f 3406 3407 12048
f 3406 12045 11652
f 3406 12049 12045
f 3406 12048 12049
f 3407 9356 12048
f 12771 9356 3407
f 12771 3407 11653
f 3408 6577 8727
f 12052 6577 3408
f 7095 3408 8727
f 12078 12052 3408
f 5663 5387 3409
f 3409 5387 12667
f 5663 3409 12642
f 3409 11855 9611
f 3409 9611 12642
f 3409 12667 11855
f 3410 9273 9272
f 9580 9273 3410
f 8222 3411 4219
f 3411 12280 5468
f 8222 12280 3411
f 3412 5273 12064
f 3412 12655 5273
f 11666 12655 3412
f 3412 12064 12065
f 3413 4302 4436
f 3413 11665 4302
f 3413 4436 5335
f 7451 3413 5335
f 3413 6566 11665
f 3598 3414 6183
f 11872 3414 3598
f 11872 11671 3414
f 3416 12294 3415
f 12769 3416 3415
f 3702 11673 3415
f 12295 3702 3415
f 12769 3415 11673
f 12295 3415 12294
f 11676 12069 3416
f 12069 12294 3416
f 4430 4547 3417
f 4430 3417 6599
f 3417 8540 6599
f 10062 8540 3417
f 3418 12071 3419
f 11678 11875 3418
f 11875 12071 3418
f 3419 3600 12069
f 12071 3600 3419
f 3419 12069 11676
f 4813 3420 9618
f 4813 11508 3420
f 6096 9568 3420
f 11508 6096 3420
f 6601 3421 6822
f 9737 3421 6601
f 3421 13049 6822
f 9737 8368 3421
f 8368 13049 3421
f 11689 6798 3422
f 13379 3422 6798
f 11689 3422 11688
f 11688 3422 11890
f 11890 3422 12085
f 13379 12085 3422
f 3423 5895 7116
f 3423 11891 5895
f 3423 7116 13303
f 3423 9695 11691
f 3423 13303 9695
f 3423 11691 11891
f 9581 3424 9583
f 9583 3424 9859
f 3517 3425 9722
f 11894 3425 3517
f 3425 9517 9722
f 11698 9517 3425
f 11698 3425 11696
f 11894 11696 3425
f 3426 6232 9197
f 3426 9197 10018
f 9150 6346 3427
f 6346 11702 3427
f 8244 3427 11702
f 12688 3427 8244
f 9150 3427 10347
f 12688 10347 3427
f 5997 3428 9779
f 5997 11706 3428
f 3428 6568 9779
f 12983 6568 3428
f 11706 11704 3428
f 12983 3428 11704
f 11497 11715 3429
f 11906 11708 3429
f 3430 11710 11708
f 11906 3430 11708
f 11908 11710 3430
f 11906 12107 3430
f 11908 3430 12321
f 3430 12107 12321
f 11711 3431 5347
f 5347 3431 12101
f 11711 11490 3431
f 3432 10646 3614
f 3432 3614 11909
f 3432 6986 11719
f 3432 11909 6986
f 3432 7354 10646
f 3432 11719 7354
f 3433 11714 8953
f 3433 8953 12104
f 10221 11910 3433
f 10221 3433 12104
f 3433 11911 11714
f 3433 11910 11911
f 3434 11717 11716
f 3434 11716 12108
f 3434 12110 11720
f 3434 12108 12110
f 3435 12111 3619
f 3435 3619 12127
f 3435 7275 11722
f 3435 12127 7275
f 3435 11721 11720
f 3435 11720 12111
f 3435 11722 11721
f 3436 3439 3623
f 11510 3439 3436
f 3436 3623 3613
f 11510 3436 11506
f 3769 10886 3437
f 13559 3769 3437
f 4952 4974 3437
f 4952 3437 8816
f 13559 3437 4974
f 8816 3437 10881
f 3437 10886 10881
f 3626 3442 3438
f 11520 3438 3442
f 3626 3438 3622
f 6390 3622 3438
f 6390 3438 6740
f 9968 6740 3438
f 11520 9968 3438
f 3439 3442 12342
f 12342 3623 3439
f 4188 4334 3440
f 4188 3440 13489
f 4334 12055 3440
f 3440 5792 4535
f 3440 4535 13489
f 3440 12055 5792
f 3441 8143 7428
f 3441 7428 12956
f 3441 13244 8143
f 3441 10295 12793
f 3441 12956 10295
f 3441 12793 13244
f 3626 12342 3442
f 3631 4806 3443
f 3631 3443 10181
f 3443 8508 10181
f 4426 3444 11753
f 3444 9113 5173
f 3444 5173 11753
f 6053 9113 3444
f 3445 3629 3446
f 3624 3629 3445
f 3624 3445 11919
f 3445 11729 11919
f 3446 3629 3625
f 3446 3625 8794
f 3447 3632 11740
f 12139 3632 3447
f 3447 11726 11724
f 12139 3447 11724
f 3447 11736 11726
f 3447 11740 11736
f 3833 4602 3448
f 8545 3448 4602
f 3449 11935 11936
f 12252 3449 11936
f 3450 9179 7097
f 3450 11251 9179
f 11944 3451 5050
f 5050 3451 12154
f 3451 11748 9717
f 13587 3451 9717
f 11944 11748 3451
f 13587 12154 3451
f 11947 3452 7172
f 8904 3452 10350
f 3452 9032 10350
f 11947 9032 3452
f 5173 9113 3453
f 3453 6499 9007
f 3453 13229 6499
f 3453 9113 13229
f 9740 3454 10321
f 12242 10321 3454
f 3455 3642 12173
f 3455 12173 11758
f 13123 5688 3456
f 8972 7156 3457
f 3457 7156 12175
f 11964 3457 12175
f 9385 9047 3458
f 9385 3458 10770
f 3655 3459 3460
f 7595 3460 3459
f 12379 3459 3655
f 3459 11970 11368
f 12379 11970 3459
f 3557 3655 3460
f 5800 3461 6764
f 5800 8196 3461
f 3461 9249 6762
f 3461 8196 9249
f 13603 4625 3462
f 3462 13259 8834
f 13603 3462 8834
f 3556 3463 11765
f 3556 12186 3463
f 11772 3463 3560
f 12186 3560 3463
f 5270 11765 3463
f 11772 5270 3463
f 6120 8738 3464
f 11633 3464 8738
f 11633 9537 3464
f 3558 11770 3465
f 3558 3465 12609
f 3661 3465 11774
f 12848 3465 3661
f 3465 11770 11774
f 12848 12609 3465
f 3751 3466 3560
f 11772 3560 3466
f 3662 3562 3466
f 3751 3662 3466
f 10191 5656 3467
f 3467 5656 11150
f 7878 10191 3467
f 12546 7878 3467
f 10042 3467 9889
f 3467 11150 9889
f 12546 3467 10042
f 11979 3566 3468
f 12525 3468 3566
f 7856 7741 3468
f 11775 3468 7741
f 7856 3468 12525
f 11979 3468 11775
f 12193 3469 10222
f 4212 3470 12197
f 3470 11779 9607
f 12387 3470 9607
f 12387 12197 3470
f 3471 6350 6358
f 3471 6541 6350
f 3471 6358 11701
f 3471 9148 6541
f 9353 3472 3671
f 3671 3472 12205
f 10818 3472 9353
f 10818 11782 3472
f 11983 3472 11782
f 11983 12205 3472
f 4573 3473 6576
f 6590 6576 3473
f 6590 3473 7534
f 3473 11820 7534
f 4274 3474 6470
f 4274 13607 3474
f 3474 6521 6470
f 3475 8613 8403
f 6217 3476 6427
f 7207 3476 6217
f 11395 6427 3476
f 8275 6433 3476
f 8275 3476 7207
f 6434 3477 6943
f 7508 6943 3477
f 3478 11249 11805
f 3478 12421 12010
f 3579 3479 12012
f 3479 11808 11806
f 3479 11806 12012
f 6495 6028 3480
f 6028 12237 3480
f 6495 3480 11809
f 3480 11611 11810
f 12237 11611 3480
f 3480 11810 11809
f 11812 3481 3482
f 3481 12438 3482
f 11812 7509 3481
f 12249 3481 7509
f 12249 12244 3481
f 3481 12244 12438
f 3482 12438 3765
f 11812 3482 11815
f 9121 3483 3491
f 3483 11549 3491
f 3483 3767 7143
f 3483 13606 3767
f 3483 7143 11549
f 9121 13606 3483
f 8468 3484 6487
f 12016 6487 3484
f 8468 11405 3484
f 3489 11826 3485
f 3489 3485 12241
f 11819 4584 3485
f 12428 3485 4584
f 11819 3485 11826
f 12428 12241 3485
f 3486 12428 4584
f 12020 12430 3486
f 3486 12430 12428
f 3487 3490 12247
f 3487 12887 12232
f 3487 12247 12887
f 4049 3488 4047
f 4165 4047 3488
f 4272 3488 4049
f 4165 3488 4263
f 4263 3488 4386
f 4272 4386 3488
f 3489 11830 11826
f 3489 12241 12239
f 11417 3490 11828
f 5096 3491 4613
f 3491 11549 4613
f 3492 5201 12444
f 3492 12683 5201
f 8471 3492 11419
f 8471 11941 3492
f 11419 3492 12444
f 11941 12683 3492
f 11629 3493 11423
f 11423 3493 12098
f 11837 12098 3493
f 11837 3493 12450
f 3707 3494 4715
f 9237 3494 3707
f 4505 3494 4507
f 4505 13495 3494
f 9237 4507 3494
f 4715 3494 13495
f 11643 3495 12043
f 11837 12044 3495
f 11837 3495 12098
f 12044 12043 3495
f 3496 3689 3588
f 11840 3496 3588
f 3496 12447 3689
f 11746 11578 3496
f 11578 12447 3496
f 11746 3496 11840
f 3497 3500 12261
f 3497 11640 11425
f 3497 11843 11640
f 3497 12261 11843
f 3692 3498 3690
f 11650 3690 3498
f 10306 3498 3692
f 3591 3593 3499
f 3591 3499 12043
f 6216 3499 3593
f 11281 3499 6216
f 11281 7265 3499
f 7265 11654 3499
f 12043 3499 11654
f 3500 8683 11655
f 3500 11655 12263
f 3500 12263 12261
f 4066 9487 3501
f 4066 3501 12054
f 6647 12054 3501
f 9487 11118 3501
f 10542 3502 9225
f 3502 11855 9225
f 10542 10933 3502
f 10933 12492 3502
f 3502 12269 11855
f 12492 12269 3502
f 3694 3503 7063
f 3694 12445 3503
f 3503 4256 12277
f 3503 12579 4256
f 3503 12277 7063
f 3503 12445 12579
f 6453 3504 5287
f 3504 9487 5287
f 6453 7330 3504
f 3504 7086 9487
f 6829 9755 3506
f 6829 3506 12545
f 3506 12565 12545
f 3702 3507 11673
f 12287 3507 3702
f 12355 10334 3507
f 3507 10334 12560
f 11673 3507 12560
f 12287 12355 3507
f 3508 11871 11872
f 11874 11871 3508
f 3508 11872 12066
f 11875 11874 3508
f 11875 3508 12072
f 3508 12066 12072
f 3605 9181 3509
f 3605 3509 12370
f 6412 3509 4244
f 12625 4244 3509
f 12370 3509 6412
f 11880 3510 6152
f 3510 12300 6152
f 9628 11877 3510
f 9628 3510 11880
f 11877 12819 3510
f 3510 12819 12300
f 8184 6605 3511
f 3511 6605 12304
f 11881 3511 7568
f 11881 8184 3511
f 12427 8126 3512
f 12427 3512 9259
f 9259 3512 13297
f 11470 13297 3512
f 3513 7274 6595
f 3513 6595 12309
f 11885 7274 3513
f 11885 3513 11887
f 11887 3513 11888
f 11888 3513 12309
f 9462 12089 3514
f 9462 3514 12310
f 11888 3514 11889
f 12310 3514 11888
f 11889 3514 11891
f 12089 11891 3514
f 3515 6585 12312
f 3515 13304 6585
f 3515 12315 11895
f 3515 12312 12315
f 3517 9519 3516
f 11894 3517 3516
f 9500 3516 3801
f 9519 3801 3516
f 9473 3516 9500
f 11894 3516 9473
f 3517 9727 9519
f 3517 9722 9727
f 7233 6239 3518
f 7374 3518 6239
f 7233 3518 12512
f 7374 9777 3518
f 12512 3518 9777
f 11711 5347 3519
f 5347 12515 3519
f 11279 6161 3519
f 11711 3519 6161
f 11279 3519 12515
f 3520 3525 11905
f 3520 12334 3525
f 3520 10426 5846
f 3520 5846 12520
f 3520 11905 10426
f 3520 12520 12334
f 5062 3521 5043
f 6438 3521 5062
f 6438 11560 3521
f 8470 3521 11560
f 3522 12321 3714
f 3522 3714 12325
f 11908 3522 12099
f 11908 12321 3522
f 3522 12325 12099
f 12138 4221 3523
f 9045 13496 3523
f 3721 3524 11910
f 3721 12337 3524
f 3524 11913 11910
f 3524 12116 11913
f 3524 12548 12116
f 12337 12548 3524
f 3624 11919 3525
f 3624 3525 12334
f 11905 3525 11914
f 11919 11914 3525
f 12113 7354 3526
f 12113 3526 12770
f 12145 12770 3526
f 4356 4881 3527
f 6396 4356 3527
f 3527 4881 4376
f 6368 3527 4376
f 6368 6396 3527
f 3528 5394 7591
f 3625 3529 8794
f 3625 10605 3529
f 3529 10605 12145
f 3530 12142 5453
f 12573 3530 8704
f 3530 10332 12142
f 12573 10332 3530
f 3531 12252 3633
f 3531 3633 12343
f 3531 12343 11927
f 10722 11933 3532
f 12344 10722 3532
f 3532 11932 11929
f 12344 3532 11929
f 3532 11933 11932
f 7985 7704 3533
f 3534 11933 3725
f 12569 3534 3725
f 3534 11931 11933
f 3534 11937 11931
f 12439 11937 3534
f 12439 3534 12569
f 3535 11936 11935
f 3535 11935 11938
f 3535 12149 11936
f 3535 11938 11940
f 3535 11940 12348
f 3535 12348 12149
f 3536 5413 12350
f 3536 12997 5413
f 3536 11343 11342
f 3536 11342 12997
f 3536 11940 11343
f 3536 12350 11940
f 3637 11945 3537
f 12157 3637 3537
f 10217 6563 3537
f 12157 3537 6563
f 10217 3537 7204
f 11945 7204 3537
f 10688 3538 5275
f 11947 5275 3538
f 3538 6325 9032
f 11947 3538 9032
f 3539 3731 12358
f 3539 12358 12162
f 12611 3540 10363
f 12611 10428 3540
f 11541 6546 3541
f 3541 6546 12168
f 13523 4118 3542
f 13290 12380 3542
f 13524 3542 12380
f 13524 13523 3542
f 4230 4344 3543
f 13517 4230 3543
f 4344 7402 3543
f 13517 3543 6854
f 6854 3543 13595
f 3543 7402 13595
f 3544 11960 3546
f 3544 3643 11960
f 3544 12595 3643
f 3544 3836 12595
f 12369 5221 3545
f 3546 11960 11964
f 3546 11964 12175
f 3546 12175 12176
f 3547 5797 3574
f 3547 3574 9148
f 4509 5797 3547
f 4509 3547 11769
f 3547 9148 6462
f 3547 6462 11769
f 3839 3548 12180
f 13061 3548 3839
f 8831 3548 7168
f 13061 7168 3548
f 5386 8984 3549
f 5722 3549 6064
f 5722 12603 3549
f 3549 8984 6064
f 9232 3550 4028
f 13072 4028 3550
f 9038 8401 3550
f 9038 3550 9232
f 3735 3551 6444
f 3735 11829 3551
f 3551 4375 4373
f 6444 3551 4373
f 6544 4375 3551
f 11829 6544 3551
f 3745 3552 12379
f 3745 12836 3552
f 12379 3552 11970
f 12836 12605 3552
f 3553 4177 12835
f 3553 12181 11971
f 3553 12835 12181
f 6481 3554 6264
f 6481 7035 3554
f 3554 7035 12915
f 5476 3555 5635
f 5476 11189 3555
f 11205 5635 3555
f 3555 11189 6011
f 3555 6011 11969
f 11972 11205 3555
f 11972 3555 11969
f 3556 3652 3746
f 3556 3746 3658
f 3556 3658 12186
f 3557 3558 12609
f 3557 12607 3655
f 3557 12609 12607
f 3592 6240 3559
f 3592 3559 12461
f 6240 5460 3559
f 12920 3559 5460
f 6002 12461 3559
f 3748 3751 3560
f 3748 3560 12186
f 3683 3561 3679
f 3561 13381 3679
f 3683 7366 3561
f 4346 3561 7366
f 13521 13381 3561
f 3564 11979 3562
f 12388 3564 3562
f 12388 3562 3662
f 3664 3563 3665
f 3664 11774 3563
f 11980 3665 3563
f 11980 3563 9109
f 3564 3566 11979
f 3564 12619 3566
f 12388 3752 3564
f 3752 12619 3564
f 3565 3665 11980
f 12390 3665 3565
f 12303 3565 6510
f 12303 12390 3565
f 12525 3566 6049
f 12619 6049 3566
f 3567 12211 3673
f 3567 3673 12635
f 11789 12211 3567
f 4233 4126 3568
f 3568 4126 4354
f 4233 3568 13528
f 3568 4354 11063
f 3568 11063 11061
f 3568 11061 13528
f 4509 3569 4018
f 3569 12091 4018
f 11835 3569 4509
f 6533 3569 6539
f 6533 12091 3569
f 11835 6539 3569
f 4228 13534 3570
f 4352 3570 4236
f 4236 3570 13534
f 4352 11930 3570
f 11994 11134 3571
f 11134 12217 3571
f 3571 12217 11992
f 12641 3571 11992
f 12214 11994 3571
f 12214 3571 12641
f 3572 12404 11796
f 3572 11995 12401
f 3572 12401 12406
f 3572 12406 12404
f 12218 3758 3573
f 12649 3573 3758
f 3573 12217 11999
f 12218 3573 11999
f 12649 12217 3573
f 13571 3574 5797
f 6749 6541 3574
f 9148 3574 6541
f 6749 3574 13571
f 3868 3867 3575
f 12224 3575 3867
f 3868 3575 12412
f 12224 12003 3575
f 3575 12003 12412
f 3576 13541 4129
f 3576 13536 13541
f 3577 4240 4238
f 3577 4238 13539
f 3577 4479 4240
f 3577 13276 4479
f 3577 5154 13276
f 3577 13539 5154
f 3578 3871 12012
f 3578 12434 3871
f 3578 12012 12011
f 3578 12011 12023
f 12236 3578 12023
f 12236 12434 3578
f 3771 3579 12665
f 3579 12012 3871
f 3579 3871 12665
f 4131 3580 7661
f 13538 3580 4131
f 4238 12572 3580
f 13538 4238 3580
f 7661 3580 12572
f 4137 3581 13287
f 13291 3581 4137
f 4241 4797 3581
f 13291 4241 3581
f 9449 3581 4797
f 9449 13287 3581
f 5038 4493 3582
f 4493 5550 3582
f 5038 3582 4500
f 4500 3582 5176
f 5176 3582 5550
f 6274 12029 3583
f 6274 3583 12678
f 3583 12237 7747
f 3583 7747 12678
f 11578 11634 3584
f 11578 3584 12447
f 12032 11609 3585
f 12032 3585 12680
f 12682 12680 3585
f 3586 4161 12683
f 11941 3586 12683
f 4488 3587 4478
f 4478 3587 8330
f 6143 3587 4488
f 3587 12027 8330
f 3588 3689 12452
f 11650 3588 3690
f 3588 12452 3690
f 11650 11840 3588
f 3589 5814 9496
f 3589 9496 6937
f 3590 3628 3627
f 6188 3590 3627
f 3590 4482 3628
f 3590 6150 4482
f 3590 6228 6150
f 6188 6228 3590
f 12456 3593 3591
f 3591 12043 12044
f 12453 3591 12044
f 12456 3591 12453
f 7151 6240 3592
f 7151 3592 12048
f 12048 3592 12049
f 12049 3592 12461
f 6012 6216 3593
f 12460 6012 3593
f 12460 3593 12456
f 3783 3594 6230
f 6230 3594 6469
f 6647 6469 3594
f 6647 3594 12054
f 4197 4858 3595
f 4197 3595 11660
f 3595 4858 12052
f 3595 11659 11660
f 3595 12078 11659
f 3595 12052 12078
f 3596 6234 3697
f 3596 7091 6234
f 3596 8117 7091
f 3596 12062 8117
f 7834 12478 3597
f 3597 12478 12275
f 12480 3598 6183
f 11872 3598 12066
f 12290 12066 3598
f 12290 3598 12480
f 3599 6442 8668
f 3599 12065 6442
f 3599 12487 7328
f 3599 7328 12726
f 3599 8668 12487
f 3599 12726 12065
f 3600 12071 3603
f 12297 3600 3603
f 3704 12069 3600
f 12297 3704 3600
f 3601 3603 12071
f 3601 12724 3603
f 3601 12071 12072
f 12293 3601 12072
f 12293 12717 3601
f 3601 12717 12724
f 3602 4050 4474
f 8591 4050 3602
f 4498 3602 4474
f 6154 3602 4498
f 3602 6154 5527
f 8591 3602 5527
f 12724 12297 3603
f 6095 5903 3604
f 6100 3604 11852
f 7237 3605 9001
f 7237 9181 3605
f 12493 9001 3605
f 12493 3605 12370
f 6115 9755 3606
f 12477 6115 3606
f 6829 3606 9755
f 9902 3606 6829
f 9758 8722 3606
f 12477 3606 8722
f 9758 3606 9902
f 6012 3607 12050
f 6019 6230 3607
f 6019 3607 12916
f 6230 12050 3607
f 3904 3608 12088
f 8362 12086 3608
f 8362 3608 12969
f 3608 12086 12088
f 4352 3609 6484
f 4352 12328 3609
f 4396 6150 3609
f 4396 3609 12328
f 6150 6198 3609
f 3609 6198 6484
f 8370 3610 10138
f 8370 13203 3610
f 3611 5496 4492
f 3611 4492 6114
f 3611 6154 5496
f 3611 6114 6198
f 3611 6228 6154
f 3611 6198 6228
f 12523 3612 3909
f 12761 3909 3612
f 12108 3612 12110
f 12325 3612 12108
f 12110 3612 12109
f 12523 12109 3612
f 12325 12761 3612
f 3623 12535 3613
f 12101 3613 12526
f 12535 12526 3613
f 12326 3614 10646
f 12104 11909 3614
f 12104 3614 12327
f 12326 12327 3614
f 3615 12106 12118
f 12107 3615 12322
f 12541 3615 12118
f 12322 3615 12531
f 12541 12531 3615
f 6891 3616 6892
f 6891 6894 3616
f 9557 6892 3616
f 6894 11190 3616
f 9557 3616 6895
f 6895 3616 11190
f 10445 3617 8306
f 8306 3617 11859
f 8720 3617 10411
f 8720 11723 3617
f 10445 10411 3617
f 11723 11859 3617
f 3618 9046 9050
f 9059 3618 9050
f 12128 3619 3811
f 3619 12532 3811
f 12111 12532 3619
f 12127 3619 12128
f 4599 10480 3620
f 4599 3620 12212
f 6869 3620 8770
f 6869 12212 3620
f 8770 3620 8696
f 3620 10480 8696
f 9232 6163 3621
f 11735 3621 9028
f 9028 3621 11838
f 11735 9232 3621
f 3626 3622 12542
f 6390 5831 3622
f 3622 5831 12542
f 12342 3723 3623
f 3623 3723 12535
f 3624 12555 3629
f 3624 12334 3722
f 3624 3722 12555
f 3625 3629 12537
f 3625 12537 10605
f 3626 12552 12342
f 3626 12542 12552
f 3627 3628 6257
f 6179 3627 4804
f 4804 3627 6257
f 6188 3627 6179
f 4482 6139 3628
f 6139 6257 3628
f 3629 12559 12537
f 3629 12555 12559
f 12139 12341 3630
f 12139 3630 12562
f 12341 12549 3630
f 12549 12792 3630
f 12562 3630 12792
f 4898 3631 10277
f 3631 10181 10277
f 11929 11740 3632
f 12344 11929 3632
f 12139 12562 3632
f 12344 3632 12562
f 12564 3633 3726
f 12566 3726 3633
f 12566 3633 12252
f 12564 12343 3633
f 5841 5678 3634
f 7948 3634 5678
f 3635 6345 3730
f 10262 3635 3730
f 3635 6563 6345
f 3635 12157 6563
f 10262 12159 3635
f 3635 12159 12157
f 13561 4032 3636
f 4370 7743 3636
f 6781 4450 3636
f 13561 3636 4450
f 6781 3636 7743
f 3637 4986 11945
f 3637 12580 4986
f 12157 12159 3637
f 12159 13030 3637
f 3637 13030 12580
f 6792 3638 8750
f 6792 11699 3638
f 8750 3638 12155
f 11699 12317 3638
f 3638 12756 12155
f 12317 12756 3638
f 9650 5598 3639
f 12448 3639 5598
f 12448 6325 3639
f 3640 6320 6099
f 3640 6099 8075
f 3640 6542 6320
f 3640 8075 12152
f 5598 3641 3899
f 12168 3899 3641
f 12589 3641 5598
f 9547 12347 3641
f 9547 3641 12589
f 12347 12168 3641
f 12815 3642 6304
f 12367 12173 3642
f 12367 3642 12815
f 11961 3643 11959
f 12366 11959 3643
f 11961 11960 3643
f 12366 3643 12595
f 3645 7156 6298
f 12375 3645 6298
f 3645 12175 7156
f 3645 12176 12175
f 3645 12841 12176
f 12375 12841 3645
f 3646 3739 12274
f 3646 12278 3739
f 3646 12274 9461
f 3646 12702 12278
f 8954 3647 8012
f 3647 9476 8012
f 8592 9476 3647
f 8952 3647 8954
f 5998 4485 3648
f 4485 9157 3648
f 3648 5550 4493
f 5998 3648 4493
f 9155 5550 3648
f 9157 9155 3648
f 5722 6064 3649
f 5722 3649 12601
f 3649 6064 9633
f 3649 9633 6946
f 3650 4863 4376
f 3650 4376 4881
f 3650 5198 4863
f 3650 4881 12137
f 9303 5198 3650
f 3651 3746 3652
f 3651 3652 12181
f 3651 3744 3948
f 3651 12181 3744
f 3651 3948 3746
f 3652 11971 12181
f 8441 5001 3653
f 8452 3653 7197
f 8441 3653 7224
f 8452 7224 3653
f 3654 12379 3655
f 3654 3655 12607
f 3745 12379 3654
f 3745 3654 12846
f 12846 3654 12607
f 8270 3656 6293
f 10375 6293 3656
f 8270 11730 3656
f 3656 11730 10380
f 6460 4477 3657
f 3657 4477 11792
f 6460 3657 6114
f 3657 6484 6114
f 3657 11930 6484
f 3657 11792 11930
f 3658 3746 3949
f 3658 12381 12186
f 4934 3659 10579
f 4934 10691 3659
f 7487 9812 3659
f 7487 3659 10691
f 11432 3659 9812
f 11432 10579 3659
f 3660 5643 3705
f 3660 3705 9350
f 3660 4761 5643
f 3660 9474 4761
f 3660 9350 4809
f 3660 4809 9474
f 3661 11774 3664
f 12612 3661 3664
f 12612 3850 3661
f 3850 12850 3661
f 12850 12848 3661
f 12617 3662 3751
f 12388 3662 12617
f 3680 3663 4900
f 10568 4900 3663
f 11408 3663 5838
f 10568 3663 11408
f 3852 3664 3665
f 12612 3664 3852
f 3852 3665 12390
f 4018 3666 6677
f 4018 12091 3666
f 3666 4422 6677
f 3666 9301 4422
f 3667 8168 8020
f 8027 8266 3667
f 3667 8388 8168
f 8266 8388 3667
f 3668 7058 5398
f 9988 7058 3668
f 9988 3668 11017
f 3668 10097 11017
f 6290 9661 3669
f 6290 3669 13085
f 3669 9661 12202
f 12396 3669 12202
f 12396 12626 3669
f 13085 3669 12626
f 12206 12203 3670
f 12860 12206 3670
f 12386 12628 3670
f 12628 12860 3670
f 9353 3671 12629
f 3671 12205 12208
f 3671 12208 12630
f 3671 12630 12629
f 11986 3672 8948
f 12633 8948 3672
f 12207 12206 3672
f 12633 3672 12206
f 3673 12214 3863
f 13097 3673 3863
f 3673 12211 12213
f 3673 12213 12214
f 13097 12635 3673
f 3674 11079 6439
f 6941 11079 3674
f 3675 12219 12222
f 3675 12402 12219
f 12651 3675 12222
f 12869 12402 3675
f 12869 3675 12651
f 3843 8758 3676
f 9182 3843 3676
f 9182 3676 9957
f 8510 3873 3677
f 3873 12880 3677
f 12226 8510 3677
f 12880 12228 3677
f 12432 12232 3678
f 3678 12232 12887
f 12660 12432 3678
f 12670 12660 3678
f 12670 3678 12883
f 3678 12887 12883
f 3683 3679 7377
f 4562 7377 3679
f 3680 4900 10288
f 3682 12241 3681
f 3682 3681 12882
f 12428 3681 12241
f 12428 12430 3681
f 12430 12881 3681
f 12881 12882 3681
f 7042 12239 3682
f 3682 12891 7042
f 3682 12239 12241
f 3682 12882 12891
f 4476 3683 6972
f 4476 7366 3683
f 3683 7377 6972
f 7102 3684 12245
f 13139 3684 7102
f 12677 12245 3684
f 12677 3684 12884
f 13133 12884 3684
f 13139 13133 3684
f 6051 3685 3687
f 12896 3687 3685
f 6051 12678 3685
f 12896 3685 13136
f 12032 3686 12251
f 12032 12680 3686
f 12249 3686 12244
f 3686 12250 12244
f 12249 12251 3686
f 12680 12250 3686
f 6051 3687 12449
f 12449 3687 12899
f 12896 12899 3687
f 12632 3688 4914
f 7136 3688 12594
f 12594 3688 12632
f 12447 3777 3689
f 3689 3777 13147
f 12452 3689 3779
f 3689 13147 3779
f 3692 3690 5462
f 3690 3883 5462
f 12452 3883 3690
f 5861 12035 3691
f 12691 5861 3691
f 12263 6757 3691
f 12261 3691 12035
f 12263 3691 12261
f 3692 5462 5677
f 3693 5961 12371
f 3693 12492 5961
f 3693 12253 9461
f 3693 9461 12269
f 3693 12371 12253
f 3693 12269 12492
f 3694 6975 4502
f 3694 4502 12445
f 10343 6975 3694
f 10343 3694 7063
f 3755 3695 6848
f 8238 3695 4808
f 8213 6848 3695
f 8238 8213 3695
f 7279 7553 3696
f 7279 3696 10098
f 8036 3696 7553
f 8036 10228 3696
f 10098 3696 10107
f 10228 10107 3696
f 3697 6220 4035
f 3697 4035 12285
f 3697 6234 6220
f 6219 3698 5112
f 11864 5112 3698
f 5214 3698 6219
f 5214 12256 3698
f 5252 11864 3698
f 12256 5252 3698
f 3699 13050 4250
f 3699 4893 5619
f 3699 4902 13050
f 13573 4902 3699
f 13573 3699 5619
f 3700 5332 4722
f 3700 4722 11743
f 9044 3701 9375
f 9044 9383 3701
f 9375 3701 12082
f 9383 9662 3701
f 9662 12082 3701
f 12287 3702 12485
f 12295 12714 3702
f 12485 3702 12714
f 3703 12293 12289
f 3703 12289 12486
f 3703 12716 12293
f 3703 12486 12712
f 3703 12712 12716
f 3704 12294 12069
f 12295 12294 3704
f 12295 3704 12715
f 12297 12719 3704
f 12719 12715 3704
f 9350 3705 9339
f 9339 3705 12267
f 12370 6412 3706
f 9230 12729 3706
f 9159 3707 4715
f 9159 7793 3707
f 3708 12304 8338
f 3708 8338 12734
f 3939 9350 3709
f 8238 4808 3709
f 8238 3709 9339
f 9350 9339 3709
f 4111 5924 3710
f 4222 3710 11727
f 8672 3906 3711
f 3906 12751 3711
f 8672 3711 8407
f 12312 8407 3711
f 12312 3711 12752
f 3711 12751 12752
f 4153 4033 3712
f 4153 3712 13574
f 5043 3712 5029
f 5043 13574 3712
f 7712 3713 8678
f 7712 9039 3713
f 8678 3713 8662
f 9039 9319 3713
f 12321 12322 3714
f 12322 12521 3714
f 12325 3714 12761
f 12761 3714 12521
f 7643 10872 3715
f 11104 7643 3715
f 3913 3914 3716
f 3913 3716 12113
f 3914 11763 3716
f 3716 10646 12113
f 12326 10646 3716
f 12326 3716 11763
f 3717 10285 10022
f 3717 10022 12327
f 3717 12775 10285
f 3717 12326 11763
f 3717 11763 12775
f 3717 12327 12326
f 4165 4263 3718
f 4165 3718 13340
f 13591 3718 4263
f 13591 5047 3718
f 13592 3718 5047
f 13592 13340 3718
f 8089 7669 3719
f 3719 7669 12282
f 8089 3719 8196
f 3719 8189 9249
f 3719 12282 8189
f 3719 9249 8196
f 4992 3720 7368
f 4993 5518 3720
f 7368 3720 5518
f 3721 11910 5796
f 3721 5796 12776
f 12555 3722 3817
f 3817 3722 12767
f 12334 12763 3722
f 12767 3722 12763
f 3724 3723 12552
f 3724 12554 3723
f 3816 12535 3723
f 12554 3816 3723
f 12342 12552 3723
f 3724 12552 3819
f 3724 3819 13006
f 3724 13256 12554
f 3724 13006 13256
f 5121 3725 10722
f 5121 12568 3725
f 10722 3725 11933
f 12568 12569 3725
f 12566 12346 3726
f 3727 3825 12349
f 3727 12801 3825
f 3727 12349 12348
f 3727 12348 12350
f 3727 12350 12354
f 3727 12354 12801
f 4020 3730 3728
f 3728 3730 6345
f 4020 3728 13018
f 3728 6345 12352
f 3728 12570 10957
f 3728 10957 13018
f 3728 12352 12570
f 3926 12801 3729
f 3926 3729 13023
f 12354 12571 3729
f 12354 3729 12801
f 12571 12803 3729
f 12803 13023 3729
f 10262 3730 4020
f 5538 5785 3731
f 5538 3731 6101
f 12358 3731 5785
f 12165 6101 3731
f 3732 5712 4714
f 9396 3732 4714
f 3733 8886 12587
f 3733 12591 8886
f 12366 3733 12363
f 12366 12591 3733
f 3932 3734 12814
f 3932 12815 3734
f 12815 6304 3734
f 12814 3734 12199
f 3735 6444 3846
f 3735 3846 11683
f 3735 11683 5184
f 3735 5184 11829
f 3932 3736 12815
f 3932 12817 3736
f 12367 3736 5248
f 12821 5248 3736
f 12367 12815 3736
f 12817 12821 3736
f 11075 3737 10603
f 11078 10603 3737
f 11309 3737 11075
f 12369 3738 5221
f 12597 5221 3738
f 12597 3738 10891
f 12827 10891 3738
f 6205 3739 6219
f 6205 6233 3739
f 12278 6219 3739
f 12274 3739 6233
f 7036 7035 3740
f 5219 3741 12179
f 12829 3741 5219
f 12658 3741 12097
f 12658 12179 3741
f 4372 3742 6242
f 4372 6492 3742
f 11951 3742 6492
f 11951 6971 3742
f 3793 3743 4805
f 3793 5699 3743
f 5699 4759 3743
f 3946 3744 3945
f 3945 3744 12835
f 3946 3948 3744
f 12835 3744 12181
f 3845 3745 3947
f 3845 12836 3745
f 3745 12846 3947
f 3948 3949 3746
f 3747 4604 11707
f 11968 4604 3747
f 11693 3747 11707
f 3748 13071 3751
f 3748 12186 12381
f 3748 12381 13063
f 3748 13063 13071
f 4048 3749 4269
f 4048 13068 3749
f 13340 3749 13068
f 13592 3749 13340
f 3750 4273 6737
f 3750 12171 4273
f 3750 6737 9351
f 6857 3750 9351
f 6857 10982 3750
f 3750 10982 12171
f 12617 3751 13071
f 3854 3754 3752
f 3754 12619 3752
f 3853 3854 3752
f 3853 3752 12388
f 3757 3753 4451
f 10038 3753 3757
f 13186 4451 3753
f 10038 13322 3753
f 13186 3753 13322
f 3956 3754 3854
f 3754 3856 12619
f 3754 12857 3856
f 3956 12857 3754
f 3775 4806 3755
f 3775 3755 5713
f 3755 6848 5713
f 12397 3756 12631
f 3756 13092 12631
f 12635 13095 3756
f 13092 3756 13095
f 9915 3757 4451
f 9915 12613 3757
f 12059 10038 3757
f 12613 12059 3757
f 12218 12402 3758
f 12870 3758 12402
f 13101 12649 3758
f 13101 3758 12870
f 12404 3759 6875
f 12411 6875 3759
f 8077 12411 3759
f 13104 8077 3759
f 12404 12406 3759
f 13104 3759 12406
f 3760 12412 12225
f 12409 12872 3760
f 12412 3760 12874
f 12874 3760 12872
f 3761 3767 13606
f 3761 13606 4369
f 3762 12414 3763
f 12415 3762 3763
f 12016 12010 3762
f 12010 12421 3762
f 12016 3762 12415
f 12421 12414 3762
f 12417 3763 6952
f 6952 3763 13110
f 12414 13110 3763
f 12417 12415 3763
f 3764 10472 4447
f 6711 13216 3764
f 10473 10472 3764
f 10473 3764 13216
f 8510 3765 3873
f 12440 3873 3765
f 12440 3765 12438
f 3766 4833 5434
f 3766 10724 4833
f 8603 3766 9124
f 8603 10724 3766
f 8550 7143 3767
f 12020 5781 3768
f 3768 5781 12668
f 12020 3768 12430
f 3768 12881 12430
f 3768 12668 13382
f 3768 13382 12881
f 13555 3769 4999
f 13559 4999 3769
f 11264 10886 3769
f 13555 11264 3769
f 4214 3770 5249
f 4214 10690 3770
f 3770 13144 10192
f 10690 13144 3770
f 5825 3771 3872
f 3771 12665 3872
f 5825 12435 3771
f 3772 4071 3875
f 3772 3875 12436
f 3772 13124 4071
f 5825 3772 12436
f 5825 13124 3772
f 4383 4259 3773
f 3773 4259 13589
f 4387 4383 3773
f 3773 4386 4387
f 3773 13589 4386
f 3774 12444 3776
f 3774 3776 12894
f 3774 12892 12247
f 3774 12894 12892
f 3775 5713 4758
f 3776 12444 5201
f 13147 3777 13145
f 3778 3827 12455
f 3778 12903 3827
f 12451 6458 3778
f 6458 12903 3778
f 12453 12451 3778
f 12453 3778 12455
f 4080 3779 13147
f 4080 13153 3779
f 12452 3779 12689
f 12689 3779 13153
f 3884 4161 3780
f 8250 8520 3781
f 8250 3781 8879
f 3782 12461 6002
f 3782 6002 12913
f 3782 12459 12458
f 3782 12458 12461
f 6019 5454 3783
f 3783 5454 12696
f 6019 3783 6230
f 4820 3784 4817
f 9684 3784 4820
f 5460 4031 3785
f 12270 3785 4031
f 5124 6851 3785
f 12270 5124 3785
f 5460 3785 5581
f 6851 5581 3785
f 4197 3786 4858
f 4197 9598 3786
f 3787 3983 4084
f 3787 6975 3983
f 3787 4084 5458
f 3787 5458 4502
f 3787 4502 6975
f 3788 3793 4805
f 3788 5746 3793
f 3788 4805 10902
f 3788 5748 5746
f 3788 8631 5748
f 3788 10902 8631
f 3789 12477 5628
f 3789 7834 6115
f 3789 6115 12477
f 3789 12941 7834
f 3790 3792 12480
f 3790 12945 3792
f 3790 5644 10593
f 3790 12480 5644
f 3791 6878 12949
f 3791 7690 12299
f 3791 12949 7690
f 3791 12299 9001
f 3792 12290 12480
f 3792 12486 12290
f 3792 12951 12486
f 3792 12945 12951
f 3793 4712 5699
f 3793 5746 4712
f 5930 5268 3794
f 6885 3794 5268
f 5930 3794 12292
f 6885 9125 3794
f 9125 9659 3794
f 3794 9659 12292
f 3795 5599 4966
f 3795 4966 10123
f 3795 12723 5599
f 3795 10123 12497
f 3795 12497 12489
f 3795 12489 12723
f 4364 3796 7427
f 6085 3796 4766
f 6085 6226 3796
f 3796 6226 7427
f 5815 4756 3797
f 5829 3797 4758
f 5829 5815 3797
f 11075 3798 6639
f 10603 9732 3798
f 11075 10603 3798
f 8362 3799 9259
f 8362 9456 3799
f 12427 9259 3799
f 9456 12737 3799
f 12427 3799 12737
f 13355 3800 12645
f 3800 13625 12645
f 9519 11033 3801
f 11033 13212 3801
f 3802 12509 10831
f 3802 10831 13220
f 11033 12509 3802
f 11033 3802 13212
f 3802 13213 13212
f 3802 13220 13213
f 4088 4103 3803
f 12075 4088 3803
f 3803 4103 6583
f 3803 6583 5627
f 3803 5627 9196
f 12075 3803 9196
f 5190 3804 12329
f 5190 13225 3804
f 3804 9872 12329
f 3805 7558 8124
f 3805 8164 7558
f 3805 8124 10787
f 3910 3912 3806
f 3910 3806 4843
f 3912 12763 3806
f 4843 3806 4954
f 12520 4954 3806
f 12520 3806 12763
f 12531 3810 3807
f 12982 3807 3810
f 9256 12521 3807
f 9256 3807 12765
f 12531 3807 12521
f 12765 3807 12982
f 3808 3811 12532
f 3808 12986 3811
f 3808 12109 12523
f 3808 12532 12109
f 3808 12523 12766
f 3808 12766 12986
f 9254 3809 8563
f 8563 3809 10476
f 9254 10546 3809
f 10852 10476 3809
f 3919 3810 12782
f 3919 12982 3810
f 12541 3810 12531
f 12782 3810 12541
f 12128 3811 12543
f 3812 4184 13046
f 3812 13393 4184
f 4299 3812 12026
f 4299 12423 3812
f 12026 3812 13046
f 3812 12423 13393
f 6141 3813 8131
f 6141 9986 3813
f 12540 3814 12118
f 12541 12118 3814
f 12540 12550 3814
f 12782 12541 3814
f 12550 12786 3814
f 12782 3814 12786
f 3815 12551 11965
f 3815 11965 12998
f 13239 3815 12998
f 12978 3816 4004
f 4004 3816 12992
f 12978 12535 3816
f 12554 12992 3816
f 12555 3817 3821
f 3821 3817 13007
f 3921 3817 12767
f 13007 3817 3921
f 3918 3818 12779
f 3918 12791 3818
f 12547 3818 12549
f 12779 3818 12547
f 3818 12792 12549
f 3818 12791 12792
f 4015 13006 3819
f 12552 12551 3819
f 3820 4337 3879
f 3820 3879 13500
f 3820 4222 11727
f 3820 13500 4222
f 3820 11727 4337
f 12555 3821 12559
f 12559 3821 13011
f 3821 13007 13009
f 3821 13009 13011
f 3822 10932 5526
f 6808 3822 6624
f 6808 9222 3822
f 3822 9222 10932
f 3924 5121 3823
f 3924 3823 12791
f 5121 10722 3823
f 12344 3823 10722
f 12344 12562 3823
f 12562 12792 3823
f 12791 3823 12792
f 12030 9203 3824
f 3824 11918 12076
f 12030 3824 12076
f 3825 12346 12349
f 12796 12346 3825
f 12796 3825 12800
f 12800 3825 12801
f 4767 5851 3826
f 4767 3826 6035
f 3826 5851 11928
f 3974 3827 12903
f 3974 12908 3827
f 3977 12455 3827
f 3977 3827 12908
f 9087 3828 7472
f 7810 7809 3828
f 7810 3828 9087
f 3829 5785 3928
f 3829 3928 12805
f 3829 3968 12575
f 3829 12805 3968
f 3829 12358 5785
f 3829 12575 12358
f 3830 6420 8311
f 11409 6420 3830
f 11409 3830 6637
f 7660 3830 8311
f 5538 6101 3831
f 5538 3831 12807
f 5766 3831 6101
f 13032 3831 5766
f 9950 10448 3832
f 9950 3832 10788
f 3833 8406 4602
f 7170 9548 3834
f 11129 3834 9548
f 3835 4029 4143
f 13044 4029 3835
f 3835 4143 13301
f 3835 12591 12595
f 3835 13301 12591
f 13044 3835 12595
f 13044 12595 3836
f 12823 13047 3836
f 13044 3836 13047
f 7685 3877 3837
f 10897 3837 3877
f 5815 3837 4756
f 7685 3837 5815
f 10935 3838 5089
f 12183 5089 3838
f 6950 3838 6946
f 12183 3838 6950
f 3839 12180 3841
f 12832 3839 3841
f 12832 5485 3839
f 13061 3839 5485
f 4403 3942 3840
f 12835 3840 3942
f 4040 3840 4177
f 13052 3840 4040
f 4177 3840 12835
f 13052 4403 3840
f 3842 3941 3841
f 3842 3841 12605
f 12832 3841 3941
f 3841 12180 12605
f 13324 3941 3842
f 3842 12836 3943
f 13324 3842 3943
f 3842 12605 12836
f 9182 9465 3843
f 9464 3843 9465
f 3844 6428 4798
f 3844 4798 8590
f 5260 3844 8590
f 5260 10578 3844
f 12684 6428 3844
f 12684 3844 10578
f 3845 3943 12836
f 3845 13056 3943
f 3845 3947 13056
f 3846 4371 3944
f 4605 3846 3944
f 6444 4371 3846
f 11683 3846 4605
f 3847 3916 4260
f 3847 6455 3916
f 3847 4260 4266
f 3847 4266 5075
f 3847 5075 9135
f 6455 3847 9135
f 3848 11829 5184
f 3849 11230 4951
f 13588 3849 4951
f 3849 11219 11230
f 11260 11219 3849
f 13588 11260 3849
f 4041 3850 3953
f 12612 3953 3850
f 4041 12850 3850
f 3851 3880 4303
f 4433 3880 3851
f 11224 3851 4303
f 4433 3851 6608
f 6608 3851 11256
f 11224 11256 3851
f 3852 12390 3955
f 12614 3852 3955
f 12614 12612 3852
f 3853 3957 3854
f 3853 13070 3957
f 3853 12388 12617
f 3853 12617 13070
f 3956 3854 13068
f 3854 3957 13068
f 4849 4179 3855
f 4179 10421 3855
f 3855 10421 10137
f 12200 3856 10982
f 3856 12857 10982
f 12768 3856 12200
f 12768 12619 3856
f 4082 3857 13410
f 13420 3857 4082
f 9941 3857 4345
f 3857 11665 4345
f 9941 13410 3857
f 13420 11665 3857
f 4053 3858 11487
f 4053 13089 3858
f 11487 3858 9944
f 12628 9944 3858
f 12628 3858 12861
f 12861 3858 13089
f 4300 3859 4190
f 4300 6599 3859
f 9224 3859 6599
f 3859 9224 11661
f 3860 12629 12630
f 3860 12859 12629
f 3860 12630 12631
f 3860 12631 13090
f 3860 13088 12859
f 3860 13090 13088
f 12863 3861 5175
f 12210 8948 3861
f 12640 12210 3861
f 12863 12640 3861
f 4304 5288 3862
f 4434 3862 4556
f 12864 4058 3863
f 13097 3863 4058
f 12214 12641 3863
f 12864 3863 12641
f 3864 3865 12644
f 13099 3865 3864
f 12399 3864 12215
f 12215 3864 12644
f 12399 12640 3864
f 13099 3864 12640
f 12644 3865 10530
f 3865 12867 10530
f 12645 12867 3865
f 13355 12645 3865
f 13099 13355 3865
f 12649 3866 11992
f 12865 11992 3866
f 13101 3866 12649
f 13357 12865 3866
f 13358 3866 13101
f 13357 3866 13358
f 13367 3867 3868
f 12651 12224 3867
f 12651 3867 12871
f 13367 12871 3867
f 3868 12412 12874
f 13368 3868 12874
f 13367 3868 13368
f 4304 5148 3869
f 4304 3869 5288
f 5148 4736 3869
f 4736 11550 3869
f 3869 11527 5288
f 11550 11527 3869
f 12660 3874 3870
f 13118 3870 3874
f 12660 3870 12659
f 12661 12659 3870
f 12661 3870 13119
f 13118 13119 3870
f 4069 12665 3871
f 13120 4069 3871
f 13120 3871 12434
f 4828 3872 5106
f 4828 13124 3872
f 12665 5106 3872
f 5825 3872 13124
f 13126 3873 12440
f 13126 12880 3873
f 12670 3967 3874
f 3874 3967 13376
f 12670 3874 12660
f 13118 3874 13376
f 12436 3875 12557
f 12557 3875 13131
f 3880 3876 4303
f 3880 4380 3876
f 4303 3876 3962
f 3876 13423 3962
f 4380 13423 3876
f 7685 5786 3877
f 10897 3877 9299
f 7102 12250 3878
f 13139 7102 3878
f 12680 3878 12250
f 12682 3878 12680
f 12682 12901 3878
f 13138 3878 12901
f 13139 3878 13138
f 3879 4552 4149
f 3879 4149 13500
f 3879 4337 7750
f 3879 7750 4552
f 11621 4380 3880
f 4433 9566 3880
f 11621 3880 9566
f 12685 3881 12901
f 13143 12901 3881
f 13394 3881 12907
f 13143 3881 13394
f 3976 4811 3882
f 13150 3976 3882
f 12691 3882 4811
f 12691 5696 3882
f 13150 3882 5696
f 4083 3883 12689
f 12452 12689 3883
f 12902 4161 3884
f 12902 3884 13148
f 12330 3885 7411
f 12330 10815 3885
f 3886 7591 7872
f 3886 7872 7672
f 9479 5174 3887
f 12695 3887 5174
f 12473 3887 6236
f 12695 6236 3887
f 9479 3887 13158
f 12473 12926 3887
f 3887 12926 13158
f 12377 3888 5185
f 12935 5185 3888
f 12377 8066 3888
f 12934 3888 8066
f 12934 13163 3888
f 13163 12935 3888
f 5008 4142 3889
f 4142 13452 3889
f 5008 3889 13002
f 3889 13241 13002
f 3890 12706 5159
f 6442 6182 3890
f 6182 12706 3890
f 6442 3890 8668
f 3891 5238 3900
f 3891 3900 9229
f 3891 4345 6566
f 3891 9229 4345
f 3892 12716 12712
f 3892 12712 12953
f 3892 12718 12716
f 3892 13455 12718
f 3892 12953 13453
f 3892 13453 13455
f 3893 3995 12713
f 3893 13176 3995
f 12714 3893 12713
f 12715 3893 12714
f 12720 3893 12715
f 12720 13176 3893
f 3894 12717 12716
f 3894 12716 12718
f 3894 12725 12717
f 13183 12725 3894
f 3898 3895 12721
f 13180 3895 3898
f 12720 12719 3895
f 12721 3895 12719
f 12720 3895 13178
f 13180 13178 3895
f 4206 3896 4444
f 4206 5747 3896
f 6648 4271 3896
f 3896 4271 12057
f 4444 3896 12057
f 5747 4571 3896
f 6648 3896 4571
f 4926 3898 3897
f 3897 3898 12721
f 4926 3897 12725
f 12724 3897 12721
f 12724 12725 3897
f 3898 4926 13190
f 13189 13180 3898
f 13190 13189 3898
f 5598 3899 11755
f 6730 3899 6546
f 12168 6546 3899
f 6730 11755 3899
f 4427 3900 3954
f 5238 3954 3900
f 4427 11893 3900
f 3900 11893 9229
f 4418 3901 4293
f 4411 4351 3901
f 4411 3901 4531
f 4418 4531 3901
f 3902 12737 5228
f 3902 5228 13476
f 3902 5586 12737
f 4889 12741 3903
f 4889 3903 13201
f 8110 5575 3903
f 3903 5575 13201
f 8110 3903 12740
f 3903 12741 12740
f 3904 12747 9373
f 3904 9373 12970
f 3978 6700 3905
f 3978 3905 9817
f 4330 3905 4380
f 4330 9817 3905
f 4380 3905 13423
f 6700 13423 3905
f 3906 4217 6786
f 13211 4217 3906
f 3906 6786 12751
f 13211 3906 8672
f 12314 3907 12368
f 12314 12752 3907
f 3907 12751 12365
f 3907 12752 12751
f 6864 3908 10347
f 6864 10766 3908
f 9150 3908 9703
f 9150 10347 3908
f 3908 10766 13218
f 9256 3911 3909
f 3909 3911 12766
f 9256 3909 12761
f 12523 3909 12766
f 3910 4005 3912
f 3910 13228 4005
f 3910 4843 4510
f 3910 4510 13228
f 4008 12766 3911
f 13503 4008 3911
f 9256 12765 3911
f 12765 13503 3911
f 3912 4005 12993
f 3912 12767 12763
f 3912 12993 12767
f 4829 3914 3913
f 4829 3913 13233
f 3913 12113 12770
f 3913 12770 12144
f 3913 12144 13233
f 3915 12775 4006
f 12995 3915 4006
f 3915 10285 12775
f 3915 12777 10285
f 3916 4255 4254
f 3916 4254 4260
f 4837 4255 3916
f 12996 3918 12779
f 3918 13263 12791
f 12996 13262 3918
f 3918 13262 13263
f 3919 4007 12982
f 3919 12782 12787
f 13254 4124 3920
f 4124 13534 3920
f 3920 13242 13256
f 3920 13533 13242
f 13254 3920 13256
f 13534 13533 3920
f 3921 4013 4125
f 3921 12993 4013
f 3921 4125 13261
f 3921 12767 12993
f 13007 3921 13261
f 12786 3922 12787
f 3922 13014 12787
f 3922 12794 13014
f 3923 4431 3938
f 3923 3938 4801
f 3923 4297 11745
f 3923 11745 4431
f 3924 13016 5121
f 3924 12791 13263
f 3924 13266 13016
f 3924 13263 13266
f 8086 3925 4802
f 8086 5884 3925
f 3925 5884 8167
f 3926 4019 12800
f 3926 13272 4019
f 3926 12800 12801
f 3926 13023 13272
f 12802 3968 3927
f 12805 3927 3968
f 13277 12802 3927
f 12805 13283 3927
f 13277 3927 13282
f 13283 13282 3927
f 12807 3928 5785
f 12805 3928 13286
f 12807 13288 3928
f 13288 13286 3928
f 12163 5373 3929
f 12580 3929 5373
f 12580 13031 3929
f 13031 13289 3929
f 5510 3930 12584
f 12813 9650 3930
f 3931 8075 5507
f 13039 3931 5507
f 12811 8075 3931
f 13035 12811 3931
f 13035 3931 13293
f 13039 13293 3931
f 3932 4144 12817
f 6479 11530 3933
f 13608 6737 3933
f 13608 3933 11530
f 3934 3936 12821
f 3934 13314 3936
f 3934 4146 4147
f 3934 13309 4146
f 3934 4147 13314
f 3934 12821 12817
f 3934 12817 13309
f 3935 3944 4371
f 6279 3944 3935
f 4202 6303 3935
f 6896 4202 3935
f 6896 3935 4371
f 6279 3935 6303
f 3936 12826 12827
f 3936 13314 12826
f 7395 3937 5402
f 7872 5402 3937
f 8113 3937 7395
f 7872 3937 7672
f 7672 3937 10423
f 8113 10423 3937
f 3938 11550 4801
f 3938 11527 11550
f 3939 4809 9350
f 12832 13320 3940
f 13320 3941 4150
f 13324 4150 3941
f 12832 3941 13320
f 3945 12835 3942
f 3945 3942 13327
f 4403 4033 3942
f 13327 3942 4033
f 13324 3943 13056
f 4784 4605 3944
f 6279 4784 3944
f 3946 3945 13327
f 3946 4154 3948
f 3946 13576 4154
f 3946 13327 13576
f 4036 13056 3947
f 4036 3947 13059
f 13059 3947 12846
f 3948 4154 3949
f 13580 4037 3949
f 13580 3949 4154
f 3950 5047 4093
f 3950 6446 5047
f 8086 3951 3963
f 3963 3951 8638
f 8086 4802 3951
f 3951 9285 8638
f 6614 3952 6192
f 6192 3952 11656
f 6614 6908 3952
f 4041 3953 4042
f 4042 3953 4044
f 4044 3953 12614
f 12614 3953 12612
f 4427 3954 7282
f 5238 10251 3954
f 6508 7282 3954
f 6508 3954 10251
f 4044 3955 4045
f 4044 12614 3955
f 4045 3955 13073
f 13073 3955 12390
f 3956 4048 12171
f 3956 13068 4048
f 3956 12171 12857
f 4049 4047 3957
f 3957 4047 13068
f 4049 3957 13070
f 12861 3958 5182
f 12862 5182 3958
f 12861 13089 3958
f 12862 3958 13093
f 13615 3958 13089
f 13615 13093 3958
f 3959 5040 6421
f 6579 3960 6580
f 3960 6881 6580
f 12870 12869 3961
f 12869 12871 3961
f 13105 12870 3961
f 13364 3961 12871
f 13105 3961 13630
f 13364 13630 3961
f 4303 3962 13598
f 3962 12129 5151
f 13598 3962 5151
f 3962 13423 12129
f 3965 4595 3963
f 8086 3963 4595
f 4062 13108 3964
f 13128 4062 3964
f 3964 12228 12880
f 3964 13108 12228
f 13128 3964 12880
f 3965 4023 6572
f 3965 12339 4595
f 3965 6572 12339
f 3966 12891 12882
f 3966 12882 13382
f 3966 13134 12891
f 13117 3966 13382
f 13386 3966 13117
f 13386 13134 3966
f 3969 3967 12883
f 12670 12883 3967
f 13397 12575 3968
f 13397 3968 12802
f 3969 12892 3971
f 3969 3971 13387
f 3969 12883 12892
f 6653 3970 6654
f 4181 3971 12898
f 4181 13387 3971
f 12894 3971 12892
f 12898 3971 12894
f 3972 4076 4182
f 3972 13385 4076
f 13400 3972 4182
f 3972 12896 13136
f 13400 12896 3972
f 3972 13136 13385
f 4079 13145 3973
f 4079 3973 13389
f 3973 12681 13135
f 3973 13145 12681
f 3973 13135 13389
f 3974 12903 12899
f 3974 12899 13400
f 3974 13399 12908
f 3974 13400 13399
f 3976 12907 4811
f 13172 12907 3976
f 13150 13461 3976
f 13461 13172 3976
f 5470 12455 3977
f 5470 3977 12909
f 3977 13415 12909
f 3978 3979 6700
f 3978 12911 3979
f 3978 9817 13149
f 3978 13149 12911
f 3979 12911 12913
f 3980 13415 9347
f 3980 9347 13417
f 3980 12909 13415
f 3980 13417 12916
f 4196 3981 5426
f 4196 12917 3981
f 6932 5426 3981
f 13418 4710 3982
f 13418 3982 5042
f 7606 3983 6975
f 7606 13164 3983
f 4669 3984 5385
f 11306 3984 4669
f 11306 4998 3984
f 4998 12356 3984
f 3984 13525 5385
f 3984 12356 13525
f 5389 12114 3985
f 5389 3985 12697
f 6930 3985 5414
f 5414 3985 13160
f 6930 12697 3985
f 3985 12114 13160
f 12191 3986 4198
f 12371 5961 3986
f 3986 5961 12930
f 12191 12371 3986
f 3987 4377 5128
f 3987 6350 4377
f 3987 4407 5429
f 3987 6837 4407
f 3987 5128 6837
f 11954 3987 5429
f 11954 6350 3987
f 5286 3988 12941
f 13166 3988 5286
f 12934 12704 3988
f 3988 12704 12941
f 10588 3989 5330
f 10587 3989 10588
f 10587 10845 3989
f 3990 13024 4073
f 3990 4073 13125
f 3990 13125 4465
f 3990 4465 13313
f 3990 13313 13024
f 4205 3991 4176
f 4205 12953 3991
f 5320 3991 12945
f 12945 3991 12951
f 12951 3991 12953
f 12946 3992 4624
f 13451 4624 3992
f 12942 3992 12946
f 12942 12947 3992
f 12947 12954 3992
f 12954 13451 3992
f 5251 4571 3993
f 5747 3993 4571
f 12949 5251 3993
f 6245 3994 12433
f 6463 12433 3994
f 4207 12954 3995
f 4207 3995 13457
f 12954 12713 3995
f 13457 3995 13176
f 4574 13173 3996
f 12240 3996 13173
f 4924 3997 5590
f 13462 3997 4924
f 13462 13463 3997
f 4211 3998 13458
f 13177 13458 3998
f 13185 4325 3999
f 3999 4325 13195
f 12962 10123 3999
f 12963 3999 10123
f 12962 3999 13195
f 12963 13185 3999
f 4000 9325 13193
f 13469 9325 4000
f 12233 4000 12966
f 12966 4000 13193
f 4104 8289 4001
f 4104 4001 12970
f 5222 12970 4001
f 5222 4001 13205
f 8371 4001 8289
f 8371 13205 4001
f 5566 4220 4002
f 4002 4220 6764
f 5194 4002 12307
f 4002 6764 12335
f 4002 12335 12307
f 9905 5224 4003
f 5224 11864 4003
f 9905 4003 8969
f 4004 12992 13231
f 13499 12993 4005
f 13499 4005 13497
f 12995 4006 13511
f 13511 4006 13236
f 12765 12982 4007
f 12765 4007 13502
f 12986 12766 4008
f 13503 13505 4008
f 4225 4009 13507
f 4225 13509 4009
f 12990 4009 13510
f 4009 13509 13510
f 4010 12328 4235
f 4010 4235 12380
f 6911 4396 4010
f 4396 12328 4010
f 6911 4010 12382
f 13290 4010 12380
f 13290 12382 4010
f 4113 13230 4011
f 4113 4011 13243
f 4011 13230 12992
f 4011 12992 13242
f 4011 13242 13533
f 4011 13533 13243
f 5795 4720 4012
f 5183 5795 4012
f 4121 4125 4013
f 4121 4013 4223
f 13499 4223 4013
f 13499 4013 12993
f 4014 12559 13011
f 4014 13011 13527
f 4014 13515 13248
f 4014 13527 13515
f 4015 4118 13523
f 4015 13523 13006
f 4233 4016 13009
f 4233 13528 4016
f 4016 13011 13009
f 4016 13527 13011
f 4016 13528 13527
f 4509 4018 5797
f 4018 6677 5797
f 13268 4019 4130
f 13272 4130 4019
f 12796 12800 4019
f 13268 12796 4019
f 10262 4020 13026
f 13269 4020 13018
f 13269 13026 4020
f 5791 12802 4021
f 5791 4021 12803
f 13277 4021 12802
f 12803 4021 13023
f 13275 13023 4021
f 13275 4021 13277
f 4368 4372 4022
f 4368 4022 8152
f 4022 4372 6242
f 4022 6242 4499
f 4022 4499 8152
f 6572 4023 9246
f 13291 4137 4024
f 13032 13292 4024
f 13291 4024 13292
f 4807 4140 4025
f 4140 13037 4025
f 4807 4025 13549
f 5506 13037 4026
f 13296 4026 13037
f 12812 4027 5507
f 13039 5507 4027
f 4028 4863 6163
f 13072 4863 4028
f 9232 4028 6163
f 13044 4030 4029
f 13566 4029 4030
f 13562 4143 4029
f 13562 4029 13566
f 13047 6374 4030
f 13044 13047 4030
f 6240 4031 5460
f 9688 4031 6240
f 12270 4031 9688
f 7465 4032 4455
f 13561 4455 4032
f 7465 4825 4032
f 13327 4033 4153
f 4034 4057 4800
f 4034 7770 4057
f 4593 7770 4034
f 6557 4035 5010
f 4035 13162 5010
f 6220 9594 4035
f 6557 12285 4035
f 4035 9594 13162
f 4036 4038 4155
f 4036 13059 4038
f 4036 4155 4151
f 4151 13056 4036
f 4262 4037 4387
f 4383 4387 4037
f 4383 4037 13580
f 4038 13583 4155
f 4038 13060 4160
f 4038 4160 13583
f 4038 13059 13060
f 4039 4980 10813
f 4039 7006 11476
f 4039 11477 7006
f 4039 10813 11477
f 12603 4040 4177
f 12601 4902 4040
f 4902 13052 4040
f 4040 5722 12601
f 5722 4040 12603
f 4041 4042 13335
f 4041 13060 12850
f 4041 13335 13060
f 13599 4042 4044
f 4042 13594 13335
f 13599 13594 4042
f 4043 4366 4050
f 4043 4050 8487
f 4139 4043 8487
f 4139 13299 4043
f 4245 8257 4043
f 4245 4043 13299
f 4043 8257 4366
f 13599 4044 4045
f 4045 4046 4163
f 4045 13073 4046
f 13599 4045 4163
f 4046 4164 4163
f 4046 9297 4164
f 4046 5066 9297
f 4046 13073 5066
f 4165 13340 4047
f 13340 13068 4047
f 4048 4269 13602
f 4048 13602 12171
f 4272 4049 13336
f 4049 13070 13336
f 4366 4474 4050
f 8591 8487 4050
f 4051 13081 12083
f 12169 9490 4052
f 9490 12858 4052
f 9407 4053 11487
f 9407 13612 4053
f 4053 13614 13089
f 4053 13612 13614
f 11561 13087 4054
f 4054 13087 13088
f 4054 13088 13091
f 4054 13091 13613
f 4055 4276 13091
f 4055 13091 13090
f 4055 13090 13092
f 4055 13092 13352
f 13615 4277 4056
f 13094 13093 4056
f 13615 4056 13093
f 13353 13094 4056
f 4800 4057 4067
f 4057 5919 4067
f 4591 5919 4057
f 4591 4057 7770
f 13354 4058 4279
f 13623 4279 4058
f 12864 13623 4058
f 13097 4058 13354
f 13100 4059 13099
f 13099 4059 13355
f 13353 4059 13100
f 13353 13618 4059
f 9364 4060 4242
f 4242 4060 13549
f 4807 4060 4803
f 4803 4060 9433
f 4807 13549 4060
f 9364 9433 4060
f 13104 4061 8077
f 8077 4061 13362
f 13104 13360 4061
f 4062 13635 13108
f 13128 13365 4062
f 13634 4062 13365
f 13634 13635 4062
f 4741 4063 11811
f 6399 7561 4063
f 8600 6399 4063
f 7561 11811 4063
f 4064 13635 4285
f 4064 4285 13636
f 6952 13110 4064
f 6952 4064 13113
f 4064 13110 13635
f 13113 4064 13636
f 13112 4065 12668
f 12668 4065 13116
f 13638 13116 4065
f 4066 5287 9487
f 4066 12271 5287
f 4066 12054 9601
f 4066 9601 12271
f 8569 4800 4067
f 4851 8569 4067
f 13120 4068 4069
f 4068 13221 4069
f 13121 4288 4068
f 4068 4288 13221
f 13120 13121 4068
f 4069 4690 5106
f 4069 13221 4690
f 4069 5106 12665
f 4289 4290 4070
f 4289 4070 4690
f 4070 4290 4465
f 4070 4465 13125
f 4070 4828 4690
f 4070 13125 4828
f 4071 13125 4073
f 4071 13124 13125
f 4799 4072 7838
f 4072 4799 8644
f 7838 4072 5976
f 4077 4294 4074
f 4077 4074 13138
f 4074 13133 13139
f 4074 13139 13138
f 4075 8187 7659
f 4075 7659 10836
f 4075 9728 8187
f 8751 9728 4075
f 4182 4076 5166
f 12825 5166 4076
f 4077 12423 4294
f 4077 13393 12423
f 13143 4077 13138
f 13143 13393 4077
f 4181 4078 4183
f 4181 12898 4078
f 12898 13142 4078
f 4078 13142 13148
f 4079 13389 10453
f 13395 4079 10453
f 4079 13146 13145
f 13395 13146 4079
f 4080 13147 13146
f 13396 4080 13146
f 13407 13153 4080
f 13407 4080 13396
f 4296 4081 7909
f 4296 13401 4081
f 7909 4081 13149
f 4081 12912 13149
f 13420 4082 12917
f 13411 4764 4083
f 4083 12689 13153
f 13411 4083 13153
f 6655 4085 4307
f 4085 13448 4307
f 5036 4691 4085
f 4085 4691 13448
f 5389 4086 12114
f 5389 12933 4086
f 11113 12114 4086
f 12933 12115 4086
f 12075 4310 4087
f 9759 4087 5035
f 9759 12075 4087
f 6655 4103 4088
f 9759 4088 12075
f 12886 4089 4252
f 12886 13171 4089
f 4135 4090 4362
f 4135 13286 4090
f 9542 4362 4090
f 9542 4090 9449
f 9449 4090 13287
f 4090 13286 13287
f 12647 13449 4091
f 13460 12647 4091
f 4091 13176 13178
f 13457 13176 4091
f 13460 4091 13178
f 13457 4091 13449
f 12302 4092 4096
f 13179 4092 12302
f 13180 4092 13179
f 13189 4092 13180
f 4159 4093 4258
f 13591 4258 4093
f 13591 4093 5047
f 13187 13183 4094
f 9094 4095 4456
f 4095 9342 4456
f 12302 4096 11787
f 13192 11787 4096
f 11547 10964 4097
f 11547 4097 11285
f 4291 4098 4440
f 4440 4098 6641
f 6641 4098 10644
f 9274 10644 4098
f 4099 4909 9984
f 4099 12967 4909
f 4099 4916 12967
f 4099 13472 4916
f 4215 4100 4896
f 4215 9700 4100
f 4100 9526 9070
f 4100 9700 9526
f 4101 8461 8885
f 4101 9393 8461
f 8382 4461 4102
f 4461 13478 4102
f 8382 4102 13205
f 6655 4307 4103
f 4103 4307 10972
f 6583 4103 10972
f 4104 13481 8289
f 4104 12970 9373
f 4104 9373 13210
f 4104 13210 13481
f 4341 4105 7227
f 4341 7228 4105
f 4105 13487 7227
f 4105 13213 13487
f 4106 5568 12365
f 4106 13488 5568
f 4106 12751 6786
f 4106 6786 13486
f 4106 12365 12751
f 4106 13486 13488
f 5792 4107 4535
f 4107 12201 4535
f 4107 13218 12201
f 4108 6027 6518
f 4108 6518 13487
f 4108 13220 9450
f 4108 13487 13220
f 4355 6623 4109
f 4355 4109 11061
f 10835 4616 4109
f 4109 4616 11061
f 4651 4109 6623
f 10835 4109 4651
f 4505 4507 4110
f 4505 4110 4852
f 4110 4507 5559
f 4110 13225 4852
f 4110 5559 12922
f 4110 12922 13225
f 4111 4496 5924
f 4113 4319 4112
f 4113 4112 13230
f 4112 4319 7841
f 4112 7841 4526
f 4113 4157 4319
f 4113 13243 4157
f 11664 4114 5816
f 5125 4115 13233
f 13248 4115 5125
f 4115 13234 13233
f 4115 13235 13234
f 4115 13516 13235
f 13248 13516 4115
f 4227 4116 6854
f 4227 13511 4116
f 6854 4116 13235
f 4116 13234 13235
f 4116 13236 13234
f 4116 13511 13236
f 4227 4136 4117
f 4231 4117 4136
f 4227 4117 13511
f 4231 13249 4117
f 4117 13249 12995
f 12995 13511 4117
f 6044 4120 4119
f 4119 4753 4705
f 6044 4119 4705
f 4120 4744 4748
f 6044 4744 4120
f 13535 4125 4121
f 4121 4223 4149
f 4121 4149 4229
f 13535 4121 4229
f 4122 4231 12722
f 4122 13249 4231
f 4122 12722 13536
f 13253 4568 4123
f 4235 4236 4124
f 13524 4235 4124
f 4124 4236 13534
f 13524 4124 13254
f 4125 4126 13261
f 13535 4126 4125
f 4233 13261 4126
f 11606 4354 4126
f 13535 11606 4126
f 8391 4127 4128
f 8623 4128 4127
f 9145 4127 8391
f 13166 8623 4127
f 4311 5653 4128
f 4311 4128 8623
f 10801 4128 5653
f 10801 8391 4128
f 13269 13018 4129
f 13269 4129 13543
f 4129 13541 13543
f 13272 5154 4130
f 5154 13539 4130
f 13268 4130 13265
f 13265 4130 13540
f 13539 13540 4130
f 4131 7661 4340
f 9877 10252 4132
f 13273 9877 4132
f 4132 10252 13279
f 13273 4132 13278
f 13278 4132 13280
f 13280 4132 13279
f 4133 4156 6394
f 4133 10907 4156
f 5929 4310 4133
f 4133 4310 10907
f 5929 4133 6394
f 13547 4134 9525
f 13031 4134 13289
f 13547 13289 4134
f 4135 4362 9665
f 4135 9665 13282
f 4135 13282 13283
f 4135 13283 13286
f 4227 6854 4136
f 4231 4136 12783
f 6854 13595 4136
f 4136 13595 12783
f 4137 13287 13288
f 4138 8928 13551
f 4138 13552 8928
f 13035 4138 13292
f 13035 13293 4138
f 4138 13551 13292
f 13293 13552 4138
f 8852 4140 4807
f 8852 13553 4140
f 13296 13037 4140
f 13553 13296 4140
f 5933 4141 4248
f 4248 4141 6394
f 5929 6394 4141
f 5929 4141 13441
f 5933 13168 4141
f 13441 4141 13168
f 5008 13252 4142
f 4142 13252 13459
f 4142 13464 13452
f 4142 13459 13464
f 4245 13300 4143
f 4245 4143 13562
f 4143 13300 13301
f 6781 4144 4450
f 13309 4144 6781
f 13309 12817 4144
f 5400 10890 4145
f 4145 8634 10136
f 4145 10890 8634
f 10447 4145 10136
f 6437 4147 4146
f 6437 4146 7081
f 13309 7081 4146
f 4147 4375 6295
f 6437 4375 4147
f 13314 4147 6295
f 4148 6295 4859
f 13314 6295 4148
f 12826 4148 9302
f 13314 4148 12826
f 13500 4149 4223
f 4552 4229 4149
f 4152 4255 4150
f 13324 4152 4150
f 4837 4150 4255
f 13056 4151 4152
f 13577 4152 4151
f 13577 4151 4155
f 13577 4255 4152
f 13324 13056 4152
f 4158 4153 13574
f 4158 13576 4153
f 13327 4153 13576
f 4253 4154 13576
f 4253 13580 4154
f 13577 4155 4382
f 4155 13583 4382
f 10907 4442 4156
f 4156 4442 13408
f 6394 4156 10698
f 10698 4156 13408
f 4336 4319 4157
f 4336 4157 12147
f 4338 12147 4157
f 4338 4157 13243
f 4159 4258 4158
f 4159 4158 13574
f 4259 4253 4158
f 4158 4253 13576
f 4259 4158 4258
f 5043 4159 13574
f 4264 4257 4160
f 4160 4257 13583
f 4160 13335 4264
f 4160 13060 13335
f 12902 12683 4161
f 10293 4162 7596
f 8109 7668 4162
f 10293 10117 4162
f 4268 4163 4164
f 4268 13596 4163
f 13599 4163 13596
f 9121 4164 9297
f 4796 4752 4166
f 6207 4167 5981
f 6207 11615 4167
f 13357 13358 4169
f 13357 4169 13624
f 13358 13628 4169
f 13359 4170 13360
f 13359 13361 4170
f 13361 13625 4170
f 11250 4171 5117
f 4171 13362 5117
f 4171 12873 13363
f 4171 13363 13362
f 13364 13367 4172
f 13364 4172 13632
f 13366 4172 13367
f 7219 7020 4173
f 9783 7219 4173
f 9783 4173 7522
f 5854 13369 4174
f 4174 13369 12873
f 4286 4175 13428
f 4286 13638 4175
f 4175 4409 13428
f 4175 13636 4409
f 4175 13113 13636
f 4175 13638 13113
f 4205 4176 5249
f 4214 5249 4176
f 4214 4176 5311
f 4178 5922 4754
f 11822 4178 4754
f 4178 6084 5922
f 4178 10206 6084
f 4178 8579 10206
f 11822 8579 4178
f 11467 10421 4179
f 8687 4180 12838
f 12838 4180 12700
f 4180 13387 12700
f 4181 4183 13387
f 12652 4182 5166
f 12652 13398 4182
f 13400 4182 13398
f 4183 12616 12700
f 4183 12700 13387
f 13046 4184 13172
f 13172 4184 13394
f 4184 13393 13394
f 4185 9238 4221
f 4185 4221 12138
f 5156 4185 4460
f 4185 5156 9238
f 4192 4186 4443
f 12259 12170 4187
f 13402 4187 12170
f 12259 4187 13398
f 4187 13399 13398
f 13402 13399 4187
f 4188 12279 4334
f 4188 5468 12279
f 11997 11923 4189
f 4189 11923 13406
f 12340 11997 4189
f 12340 4189 13395
f 4189 13396 13395
f 4189 13406 13396
f 4300 4190 13406
f 13407 13406 4190
f 13411 13407 4190
f 4191 7228 4341
f 4191 4341 8169
f 4191 12336 7228
f 4191 8169 7715
f 4192 4443 5101
f 5311 4192 5101
f 4193 4317 4281
f 4193 4281 13185
f 4193 12613 4317
f 4193 4966 4936
f 4193 4936 12613
f 4193 12963 4966
f 4193 13185 12963
f 4194 5463 5369
f 4194 5369 11500
f 4611 4195 10579
f 4195 4934 10579
f 13420 4196 4302
f 4196 13493 4302
f 4196 5426 13493
f 13420 12917 4196
f 4197 9864 9598
f 4197 11660 9864
f 4198 4699 11241
f 4198 11241 12070
f 12191 4198 12070
f 4305 4199 9145
f 4305 12077 4199
f 13163 9145 4199
f 12077 12115 4199
f 12935 4199 12115
f 13163 4199 12935
f 4626 10991 4200
f 4626 4200 13437
f 12105 4677 4200
f 12105 4200 10991
f 12654 4309 4201
f 12654 4201 12407
f 4370 4202 6896
f 4202 8033 6303
f 4203 4574 4313
f 4203 4313 10473
f 4203 5138 4574
f 4203 6651 5138
f 5705 6651 4203
f 5705 4203 10473
f 5260 4204 8587
f 5260 9985 4204
f 4204 9985 8622
f 4205 5249 13456
f 4205 13453 12953
f 4205 13456 13453
f 4311 4206 4444
f 4311 13444 4206
f 4207 13451 12954
f 4207 13450 13451
f 4208 10029 12789
f 4208 12789 13458
f 4208 13455 13456
f 4208 13458 13455
f 4209 4453 9498
f 12364 4453 4209
f 4209 9498 13460
f 12302 12364 4209
f 13179 12302 4209
f 13179 4209 13460
f 9446 4318 4210
f 13463 4210 4318
f 4564 9446 4210
f 13462 4210 13463
f 4211 9400 9342
f 4211 9827 9400
f 4211 12789 9827
f 4211 13458 12789
f 11780 4665 4212
f 11780 4212 7077
f 4212 12197 7077
f 8986 9068 4213
f 8986 4213 10205
f 9068 11622 4213
f 13469 4213 11622
f 4214 5311 5101
f 4214 5101 10690
f 4215 4896 13200
f 8820 4215 5757
f 4215 13200 5757
f 8820 9700 4215
f 9984 4909 4216
f 9771 4216 8565
f 9771 9984 4216
f 13484 6786 4217
f 13211 13482 4217
f 13484 4217 13482
f 6391 4218 8177
f 6391 13486 4218
f 7700 8177 4218
f 7700 4218 13484
f 4218 13486 13484
f 8222 4219 6391
f 6391 4219 13488
f 8162 4220 5566
f 5800 6764 4220
f 5800 4220 8162
f 13500 13497 4222
f 13499 13497 4223
f 13500 4223 13497
f 13502 4224 13503
f 13513 4224 13502
f 13503 4224 13505
f 4224 13506 13505
f 4225 13507 13506
f 4338 13243 4228
f 4228 13243 13533
f 4228 13533 13534
f 13535 4229 13054
f 12991 4344 4230
f 13517 13516 4230
f 12722 4231 12783
f 11522 4232 11092
f 11522 11731 4232
f 4233 13009 13261
f 4700 4234 6081
f 6255 4234 4700
f 4235 12328 4236
f 13524 12380 4235
f 4352 4236 12328
f 4237 12583 4239
f 13542 4237 4239
f 12722 12583 4237
f 12722 4237 13536
f 13541 13536 4237
f 13542 13541 4237
f 4238 4240 12572
f 13538 13540 4238
f 4238 13540 13539
f 9877 4239 10470
f 9877 13542 4239
f 4239 10807 10470
f 12583 10807 4239
f 4479 9665 4240
f 4240 9665 9234
f 4240 9234 12572
f 6110 4797 4241
f 6110 4241 9240
f 13551 9240 4241
f 13551 4241 13291
f 4242 13549 5510
f 9364 4242 13547
f 4576 4243 8591
f 8968 4243 4576
f 4243 8487 8591
f 6412 4244 6612
f 6612 4244 6827
f 4246 8257 4245
f 4246 4245 13562
f 4245 13299 13300
f 4247 4368 4246
f 4247 4246 13562
f 4246 4368 8257
f 4247 4249 6504
f 4247 13566 4249
f 4247 6504 4368
f 4247 13562 13566
f 5933 4248 4313
f 4248 10472 4313
f 4248 6394 10698
f 4248 10698 10472
f 12174 5623 4250
f 10935 12174 4250
f 10935 4250 13050
f 5844 5848 4251
f 6023 4251 5848
f 4252 4318 11907
f 4252 13463 4318
f 12886 4252 11907
f 4383 4253 4259
f 4383 13580 4253
f 13577 4254 4255
f 4260 4254 4381
f 4382 4381 4254
f 13577 4382 4254
f 11857 12277 4256
f 4256 12579 12669
f 4257 4264 4388
f 4384 4381 4257
f 4257 4381 13583
f 4388 4384 4257
f 4259 4258 13589
f 13591 13589 4258
f 4384 4266 4260
f 4384 4260 4381
f 4261 10240 8563
f 4261 9657 10240
f 4272 4262 4387
f 4272 13336 4262
f 4262 13336 13063
f 4263 4386 13589
f 13591 4263 13589
f 4388 4264 13594
f 4264 13335 13594
f 4265 4861 5685
f 4265 11882 4861
f 4265 5807 4901
f 4265 4901 11896
f 4265 5685 5807
f 9862 11882 4265
f 9862 4265 11896
f 4384 4267 4266
f 4268 4267 13596
f 4388 4267 4384
f 4388 13596 4267
f 4270 5795 5183
f 4270 5328 5795
f 4270 8907 5328
f 6648 10310 4271
f 4271 10310 9063
f 4271 9063 12057
f 4272 4387 4386
f 5085 4273 13602
f 4273 12171 13602
f 4518 4275 12080
f 4276 13613 13091
f 13615 13614 4277
f 11382 11332 4278
f 13353 4278 13618
f 13623 13622 4279
f 4441 4280 7656
f 4441 12019 4280
f 4626 4280 10991
f 4626 13439 4280
f 13439 7656 4280
f 12019 10991 4280
f 4281 4317 12284
f 10716 4281 4322
f 4281 12284 4322
f 10716 13185 4281
f 13105 4282 13628
f 13105 13630 4282
f 11247 4283 11206
f 4406 4284 4525
f 4406 13634 4284
f 4411 4284 13365
f 4411 13501 4284
f 13501 4525 4284
f 4284 13634 13365
f 4406 4405 4285
f 4405 13636 4285
f 4406 4285 13634
f 13634 4285 13635
f 4286 4412 9284
f 4286 13428 4412
f 4286 9284 13116
f 4286 13116 13638
f 4413 4287 13640
f 13631 4287 13344
f 13631 13378 4287
f 13640 4287 13378
f 13631 4288 13121
f 4288 13563 13221
f 4288 13344 13563
f 13631 13344 4288
f 4289 4690 13221
f 4289 13221 13563
f 4408 4465 4290
f 4408 4290 4528
f 11010 4291 4440
f 11010 10748 4291
f 4292 4324 10819
f 11787 4292 10819
f 13192 4292 11787
f 4420 4293 4294
f 4418 4293 4420
f 4420 4294 12423
f 12389 11802 4295
f 12937 4295 11802
f 12221 4296 7909
f 12221 12331 4296
f 12538 4296 12331
f 12538 13401 4296
f 4297 12170 11745
f 4297 13402 12170
f 9229 4298 9941
f 11893 4298 9229
f 9941 4298 13461
f 11893 13046 4298
f 13046 13172 4298
f 13461 4298 13172
f 4428 4299 12026
f 4300 11831 6599
f 4300 11923 11831
f 4300 13406 11923
f 4330 4301 9817
f 7356 11777 4301
f 4301 13412 9817
f 4301 11777 13412
f 4436 4302 13493
f 13420 4302 11665
f 11224 4303 13598
f 4305 4439 6591
f 4305 8391 4439
f 4305 6591 12077
f 4305 9145 8391
f 9222 4306 5197
f 9222 6622 4306
f 11256 4306 6622
f 11224 4306 11256
f 11224 13598 4306
f 4307 4312 10972
f 13448 4312 4307
f 6661 4308 6645
f 4308 12019 6645
f 6661 13544 4308
f 4308 10991 12019
f 4308 12105 10991
f 4309 11010 5641
f 12654 11010 4309
f 4310 9196 10907
f 12075 9196 4310
f 4311 4444 5653
f 4311 8623 13444
f 4312 8997 10972
f 10473 4313 10472
f 4435 4314 11500
f 4435 13637 4314
f 13637 4438 4314
f 8638 9285 4315
f 10253 4316 5111
f 13449 5111 4316
f 10253 10333 4316
f 10333 10527 4316
f 4317 9915 4578
f 4317 4578 12284
f 4317 12613 9915
f 9446 4570 4318
f 4570 11907 4318
f 4336 7776 4319
f 7776 7841 4319
f 4323 4458 4320
f 11547 4323 4320
f 4458 8942 4320
f 11547 4320 10964
f 10819 4583 4321
f 12748 4321 4583
f 12364 4321 9333
f 9333 4321 12748
f 11787 10819 4321
f 12364 11787 4321
f 4322 8875 4326
f 10716 4322 4326
f 4322 6825 8875
f 4322 12284 6825
f 4323 4706 4458
f 7915 4706 4323
f 8958 7915 4323
f 8958 4323 11547
f 4704 4324 6581
f 4704 10819 4324
f 10716 4325 13185
f 10716 13474 4325
f 13471 13195 4325
f 13474 13471 4325
f 8820 4326 4459
f 4326 8875 4459
f 8820 5757 4326
f 13474 4326 5757
f 10716 4326 13474
f 9526 4327 8599
f 12405 8599 4327
f 9700 8811 4327
f 8811 12481 4327
f 9526 9700 4327
f 12405 4327 12466
f 4327 12481 12466
f 9393 4328 8467
f 8467 4328 12372
f 4328 9070 8599
f 12383 4328 8599
f 13202 9070 4328
f 13202 4328 9393
f 12372 4328 12383
f 8108 4329 4462
f 8885 4462 4329
f 8108 8258 4329
f 8843 4329 8258
f 13480 4329 8843
f 13480 8885 4329
f 11621 4330 4380
f 4724 4331 5779
f 4724 11993 4331
f 4331 5300 9818
f 4331 11841 5300
f 4331 5972 5779
f 4331 9818 5972
f 11993 11841 4331
f 4332 7101 8258
f 4332 13482 7101
f 8125 4332 7748
f 4332 8258 7748
f 8245 4333 4596
f 4596 4333 12282
f 4333 6518 6027
f 4333 6027 8189
f 8245 6518 4333
f 12282 4333 8189
f 4334 6640 12055
f 4335 5559 4507
f 4335 4507 9237
f 7622 5559 4335
f 8263 4335 6297
f 4335 9237 6297
f 7622 4335 8917
f 8263 8917 4335
f 4336 12147 12192
f 5941 7750 4337
f 4338 4347 4472
f 4338 4472 12147
f 4339 7731 4343
f 4339 4552 7750
f 4339 5940 7731
f 4339 7750 5940
f 4562 4340 4473
f 7661 4473 4340
f 8661 4341 7227
f 8661 8169 4341
f 4342 4495 6449
f 4342 6445 6225
f 4342 6225 6450
f 4342 6450 6417
f 4342 6449 6445
f 4343 7731 7435
f 4343 7435 13226
f 4344 7234 7402
f 10835 7234 4344
f 10835 4344 12991
f 6566 4345 11665
f 9229 9941 4345
f 4346 7366 12382
f 4346 12382 13290
f 4347 6882 4472
f 4347 11792 6882
f 4389 4348 5937
f 8620 4348 4389
f 5937 4348 11481
f 8620 10591 4348
f 7916 9999 4349
f 11296 7916 4349
f 9998 10582 4349
f 9998 4349 10833
f 10833 4349 9999
f 10582 11296 4349
f 4701 4747 4350
f 4701 4350 6227
f 4794 6227 4350
f 4411 13365 4351
f 4351 12885 12884
f 4351 13365 12885
f 4352 6484 11930
f 4353 8285 5869
f 4353 8844 8285
f 11063 4354 4597
f 4597 4354 11336
f 11606 11336 4354
f 6681 6623 4355
f 6681 4355 11063
f 4355 11061 11063
f 4511 5584 4356
f 4511 4356 6396
f 4356 5623 4881
f 4356 5584 5623
f 11053 5493 4357
f 7524 7223 4357
f 7223 11053 4357
f 11670 4610 4358
f 11670 4358 9020
f 4359 9780 4723
f 4359 4723 10252
f 6348 6131 4359
f 4359 6131 9780
f 10677 6348 4359
f 4359 10252 10470
f 10677 4359 10470
f 4385 4379 4360
f 4379 4791 4360
f 4385 4360 4792
f 9780 4361 4723
f 4361 4786 9437
f 9780 4786 4361
f 4361 9437 9525
f 9665 4362 9234
f 9810 9234 4362
f 9542 9810 4362
f 4363 9142 4803
f 4363 4803 9433
f 4887 4363 5528
f 4887 9142 4363
f 4365 4504 4587
f 4365 9142 4504
f 7465 4365 4587
f 7465 7752 4365
f 4365 7752 13553
f 8852 9142 4365
f 8852 4365 13553
f 4366 4822 4474
f 4366 8152 4822
f 8257 8152 4366
f 12073 5826 4367
f 4367 8508 11377
f 4368 6504 4372
f 4368 8152 8257
f 4369 9297 5066
f 4369 5066 13078
f 4369 13606 9297
f 4370 6896 7743
f 7379 4371 6444
f 7379 6896 4371
f 4372 6504 6492
f 6437 4373 4375
f 6437 7379 4373
f 7379 6444 4373
f 6352 4374 6468
f 11764 6468 4374
f 6533 11764 4374
f 6337 6295 4375
f 6544 6337 4375
f 13072 4376 4863
f 13072 6368 4376
f 4377 6350 6541
f 4377 6541 6749
f 4378 5029 4899
f 5062 5029 4378
f 5062 4378 11632
f 6409 11632 4378
f 4385 4523 4379
f 4379 4454 4791
f 4379 6642 4454
f 4379 4523 6642
f 4382 13583 4381
f 4385 7212 4523
f 4385 4792 10874
f 4388 13594 13596
f 4389 5937 11418
f 11135 8620 4389
f 11135 4389 11554
f 4389 11418 11554
f 6352 6468 4390
f 6352 4390 11951
f 8884 4390 6468
f 11951 4390 7033
f 8844 7897 4391
f 10541 4391 7897
f 10409 8844 4391
f 10489 10409 4391
f 10489 4391 10487
f 10541 10487 4391
f 4392 4791 4454
f 4392 4454 6657
f 4392 6657 4739
f 4393 7491 4438
f 4393 4438 13637
f 4393 13637 6423
f 4394 7191 5122
f 4394 11430 7191
f 4395 11398 11427
f 4482 6150 4396
f 6911 4482 4396
f 6744 11303 4399
f 11274 5117 4400
f 6682 11274 4400
f 11768 5187 4401
f 6361 13560 4401
f 7614 4401 6641
f 13560 6641 4401
f 7614 11768 4401
f 11068 11106 4402
f 4402 11106 11206
f 13575 4403 13052
f 4404 5701 7526
f 11020 5701 4404
f 4404 9082 12837
f 11020 4404 12837
f 4405 4409 13636
f 4795 5429 4407
f 13318 4407 6837
f 4414 4408 10922
f 13313 4408 4414
f 13313 4465 4408
f 4408 4528 10922
f 4410 4530 4527
f 4410 13563 13344
f 4411 4531 13501
f 4412 4532 4415
f 9284 4412 4415
f 4416 4413 13062
f 4413 13640 13062
f 4631 4414 10786
f 4631 12834 4414
f 10786 4414 10922
f 12834 13313 4414
f 4415 13386 9284
f 12937 13386 4415
f 4419 12676 4416
f 4419 4416 12838
f 4416 12676 10834
f 4416 13062 12838
f 5166 4417 12666
f 12825 4417 5166
f 12825 13024 4417
f 12834 4417 13024
f 4418 4534 4531
f 4419 12616 12505
f 4419 12505 12676
f 4419 12700 12616
f 4419 12838 12700
f 12259 4421 4424
f 12259 13398 4421
f 12652 12666 4421
f 12652 4421 13398
f 9443 6677 4422
f 12131 4422 9301
f 12131 9443 4422
f 4770 4423 4538
f 4770 11997 4423
f 12340 4423 11997
f 12340 12389 4423
f 12259 4424 4426
f 4425 4541 4539
f 4425 8878 4541
f 4425 7474 8878
f 12170 4426 11753
f 12259 4426 12170
f 4427 7282 4428
f 4427 4428 12026
f 4427 12026 11893
f 4428 7282 4540
f 4429 6916 4430
f 11831 4429 4430
f 4770 6916 4429
f 11997 4770 4429
f 11923 4429 11831
f 11997 4429 11923
f 4430 6916 4547
f 11831 4430 6599
f 4431 11753 5173
f 11745 11753 4431
f 5274 4432 5857
f 4433 6608 4555
f 4433 4555 7132
f 4433 7132 9566
f 4691 4434 13448
f 4435 5369 9226
f 4435 11500 5369
f 4435 9226 6423
f 4435 6423 13637
f 4436 11918 5335
f 4436 12076 11918
f 4436 13493 12076
f 4437 5198 9303
f 12828 9302 4437
f 9303 9441 4437
f 12828 4437 9441
f 4438 7491 11825
f 12028 4439 5668
f 5668 4439 13466
f 6591 4439 12028
f 8391 13466 4439
f 11010 4440 5641
f 5641 4440 13560
f 4440 6641 13560
f 4563 12019 4441
f 4563 4441 13338
f 13338 4441 7656
f 6670 4442 11976
f 6670 13512 4442
f 10907 11976 4442
f 13408 4442 13512
f 9192 5101 4443
f 9192 4443 5698
f 4443 13442 5698
f 7614 4445 7598
f 7598 4445 9447
f 7614 10644 4445
f 4445 13564 9447
f 11050 4445 10644
f 11050 13564 4445
f 10253 4449 4446
f 13065 4446 4449
f 6721 4446 8900
f 6721 10333 4446
f 13065 8900 4446
f 10253 4446 10333
f 4565 4447 13408
f 10698 4447 10472
f 10698 13408 4447
f 5058 4448 12785
f 5058 12939 4448
f 12533 4448 12291
f 12553 12291 4448
f 12533 12905 4448
f 12553 4448 12939
f 12905 12785 4448
f 10253 5111 4449
f 12977 4449 5111
f 12977 6729 4449
f 6729 13065 4449
f 13025 4451 4575
f 4575 4451 13186
f 9915 4451 13025
f 8516 4452 6735
f 8516 8326 4452
f 8326 12844 4452
f 4452 9827 10029
f 12844 9827 4452
f 4453 9333 4579
f 9498 4453 4579
f 12364 9333 4453
f 4454 6642 4622
f 4454 4622 6657
f 7465 4455 7752
f 13561 13554 4455
f 7966 4456 12671
f 9342 9147 4456
f 12671 4456 9147
f 7938 4582 4457
f 9068 4457 4582
f 7846 7938 4457
f 7846 4457 12563
f 8986 8851 4457
f 8851 12563 4457
f 8986 4457 9068
f 4706 7838 4458
f 7838 5976 4458
f 4458 5976 8942
f 4588 8811 4459
f 12585 4588 4459
f 8820 4459 8811
f 12585 4459 8875
f 6572 8554 4461
f 6572 4461 12339
f 12339 4461 8382
f 8554 13478 4461
f 8108 4462 8059
f 8461 4462 8885
f 8461 12351 4462
f 5784 4463 7749
f 5784 8371 4463
f 4463 8371 8289
f 4463 8289 12336
f 6929 4464 7505
f 9117 4464 6929
f 7680 5810 4466
f 4466 5810 8162
f 6686 4466 8162
f 8198 4466 7635
f 8198 7680 4466
f 11569 9109 4467
f 11568 11569 4467
f 4468 5917 5878
f 4468 5878 9045
f 4469 10830 10842
f 5940 4471 7731
f 5952 7731 4471
f 5952 4471 12125
f 4472 6914 5000
f 12147 4472 5000
f 6882 6914 4472
f 4562 4473 7377
f 6031 4473 7111
f 6031 7377 4473
f 7661 7111 4473
f 4822 4498 4474
f 7283 4475 4483
f 12100 4483 4475
f 5952 4603 4475
f 12100 4475 4603
f 7435 5952 4475
f 7283 7435 4475
f 4476 4487 6040
f 4476 6573 4487
f 4476 6040 7366
f 4476 6972 6573
f 6460 5982 4477
f 4477 5982 7300
f 4477 7300 6882
f 4477 6882 11792
f 4488 4478 5982
f 6921 5982 4478
f 6921 4478 12112
f 4478 8330 12112
f 4479 13282 9665
f 13276 13277 4479
f 4479 13277 13282
f 6348 4480 6131
f 6354 6131 4480
f 6348 7226 4480
f 6582 6354 4480
f 6582 4480 7234
f 7234 4480 7226
f 6031 4716 4481
f 9810 4481 4716
f 6031 4481 6972
f 6573 4481 6330
f 9810 6330 4481
f 6573 6972 4481
f 6911 6139 4482
f 4484 4483 6418
f 4484 7283 4483
f 6418 4483 5556
f 12100 5556 4483
f 4484 6048 7283
f 9155 6048 4484
f 9155 4484 6418
f 6681 4597 4485
f 4485 4597 9157
f 5998 6638 4485
f 6681 4485 6638
f 4486 5923 4489
f 4486 4489 6582
f 4486 6582 4651
f 4486 4651 6623
f 4486 6638 5923
f 4486 6623 6638
f 6110 4487 5778
f 4487 6573 5778
f 6040 4487 6139
f 6110 6257 4487
f 6139 4487 6257
f 6143 4488 4492
f 6460 4492 4488
f 6460 4488 5982
f 4490 4489 5528
f 4490 6354 4489
f 5528 4489 5923
f 6582 4489 6354
f 4490 4786 6354
f 4491 6634 5156
f 4491 5156 9241
f 4491 6853 6634
f 4491 6640 6853
f 4491 12055 6640
f 4491 9241 12055
f 6143 4492 5496
f 6460 6114 4492
f 4975 4493 5038
f 5998 4493 4975
f 4494 10180 4548
f 4494 4548 11146
f 4494 11206 11106
f 4494 11146 11206
f 4495 6970 6449
f 5924 4496 5878
f 5878 4496 13496
f 6271 5554 4497
f 12031 4497 5554
f 6303 6271 4497
f 6279 6303 4497
f 6279 4497 12031
f 4822 6203 4498
f 6154 4498 5496
f 5496 4498 6203
f 4822 4499 6203
f 4822 8152 4499
f 4499 6160 6203
f 4499 6242 6160
f 4587 4500 4825
f 5038 4500 4587
f 8033 4825 4500
f 8033 4500 5176
f 4887 4501 4504
f 4501 5038 4504
f 4887 5528 4501
f 4501 4975 5038
f 4501 5923 4975
f 4501 5528 5923
f 5458 12470 4502
f 4502 12470 12445
f 8519 10888 4503
f 4504 5038 4587
f 4887 4504 9142
f 13224 4505 4852
f 13224 13495 4505
f 4506 10532 4649
f 4506 4649 13109
f 5417 4506 9006
f 5417 11064 4506
f 4506 13109 9006
f 4506 11064 10532
f 4508 12929 5032
f 4508 5032 13114
f 5056 4508 12918
f 13198 12918 4508
f 13198 4508 13114
f 11835 4509 11769
f 4510 4843 13227
f 5040 4512 6421
f 6252 6421 4512
f 6252 4512 8459
f 11002 6448 4513
f 5096 4613 4514
f 4613 7140 4514
f 5096 4514 5075
f 5075 4514 11559
f 7140 7133 4514
f 4514 7133 11559
f 11558 4515 5524
f 11558 12063 4515
f 5046 5022 4516
f 13042 4516 5022
f 5044 12675 4516
f 5044 4516 13042
f 5046 4516 12675
f 4770 4538 4517
f 10502 4517 4538
f 4545 4517 4544
f 6483 4544 4517
f 4770 4517 4545
f 6483 4517 10502
f 4519 4518 4694
f 4519 9193 4662
f 4519 4662 11412
f 4519 4694 9193
f 4520 6961 6988
f 4520 11303 6961
f 4520 6988 11396
f 6720 4521 6803
f 6676 4522 4623
f 6676 6687 4522
f 4523 7212 11068
f 4524 4622 6642
f 4622 4524 11250
f 10889 4525 13501
f 9159 4715 4526
f 4526 4715 13495
f 9159 4526 7841
f 4627 4528 4527
f 4530 10812 4527
f 4627 4527 10812
f 4627 10922 4528
f 4628 10674 4529
f 10674 7250 4529
f 4629 10812 4530
f 10589 4533 12676
f 10741 4533 10620
f 10741 10834 4533
f 10834 12676 4533
f 5378 4535 12201
f 13489 4535 5378
f 4631 10720 4536
f 4637 4536 10720
f 4790 4537 4548
f 4537 6676 4548
f 4740 6676 4537
f 10640 10502 4538
f 4539 4541 10427
f 4635 4539 10427
f 4635 10620 4539
f 10378 4633 4540
f 7282 4644 4540
f 10378 4540 4644
f 6498 4640 4541
f 4541 4640 10427
f 8878 6498 4541
f 6053 4542 10327
f 10348 4542 7257
f 7257 4542 10383
f 10327 4542 10348
f 4725 4543 5002
f 4543 4725 8922
f 9940 5002 4543
f 10535 4544 6483
f 10543 4544 10535
f 6916 4545 4645
f 4770 4545 6916
f 6916 4645 4547
f 6676 4623 4548
f 11146 4548 4623
f 4790 4548 10180
f 4549 7349 7501
f 4549 10045 7349
f 10265 4549 7501
f 10265 10182 4549
f 4632 4550 6559
f 4632 10761 4550
f 4550 10563 4638
f 10673 4550 4638
f 10673 6559 4550
f 4550 10761 10563
f 9566 7345 4551
f 10182 4551 7345
f 11621 9566 4551
f 10062 4553 8540
f 10024 4553 10037
f 10062 10037 4553
f 12502 4554 9462
f 9462 4554 12745
f 12502 12741 4554
f 13206 12745 4554
f 6576 4655 4555
f 6608 6576 4555
f 11781 4556 4660
f 6687 4557 4737
f 4740 4557 6687
f 6808 6624 4558
f 4664 5484 4559
f 12028 5668 4559
f 4842 6670 4561
f 4561 11976 5627
f 4561 6670 11976
f 4563 9374 6645
f 4563 6645 12019
f 4564 12780 6753
f 12893 4564 6753
f 12893 9446 4564
f 4565 13408 13512
f 4869 5983 4566
f 11528 4566 5983
f 4567 7769 7739
f 4567 9201 7769
f 13265 4568 13253
f 13265 13540 4568
f 13538 4568 13540
f 9255 13446 4569
f 12893 4570 9446
f 12893 11873 4570
f 13171 4571 5251
f 6648 4571 13171
f 7959 6300 4572
f 4572 6300 13186
f 6711 7959 4572
f 6711 4572 13216
f 4572 13186 13322
f 13216 4572 13322
f 6608 4573 6576
f 6608 11256 4573
f 11256 6622 4573
f 4574 5138 13173
f 4575 8551 4687
f 12925 4575 4687
f 6300 8551 4575
f 6300 4575 13186
f 13025 4575 12925
f 6188 4576 5527
f 4576 8591 5527
f 6188 6179 4576
f 4576 6179 6291
f 8968 4576 6291
f 6729 4577 8731
f 12977 4577 6729
f 8667 4577 8408
f 4577 12952 8408
f 8667 8731 4577
f 12977 12952 4577
f 4580 12698 4578
f 4580 4578 13025
f 4578 9915 13025
f 4578 12698 12284
f 8434 4579 9333
f 8434 12952 4579
f 12977 9498 4579
f 12977 4579 12952
f 4580 6815 12656
f 4580 12925 6815
f 4580 12656 12698
f 4580 13025 12925
f 4585 4581 8176
f 4585 12840 4581
f 8326 8176 4581
f 8326 4581 12844
f 12844 4581 12840
f 6782 6753 4582
f 12780 4582 6753
f 7938 6782 4582
f 9068 4582 12780
f 6246 4583 4704
f 4704 4583 10819
f 6246 8149 4583
f 12748 4583 8149
f 11819 11821 4584
f 4697 6800 4585
f 4697 4585 8176
f 12671 4585 6800
f 12671 12840 4585
f 12585 6791 4586
f 12593 4586 7858
f 12593 12585 4586
f 7465 4587 4825
f 4588 7857 12481
f 12593 7857 4588
f 4588 12481 8811
f 12593 4588 12585
f 5920 4750 4589
f 7846 4589 4750
f 5896 5920 4589
f 5896 4589 12501
f 7846 12563 4589
f 12563 12501 4589
f 4592 7794 4590
f 8625 4592 4590
f 7794 7779 4590
f 12501 4590 7779
f 12474 8625 4590
f 12474 4590 12503
f 12501 12503 4590
f 4591 4753 5919
f 4591 7857 4753
f 4591 7770 12466
f 4591 12481 7857
f 4591 12466 12481
f 8625 8759 4592
f 9246 4592 8759
f 4593 12405 7770
f 4593 12360 12383
f 4593 12383 12405
f 4621 4594 6761
f 9235 4594 4621
f 4789 6866 4594
f 9235 4789 4594
f 6761 4594 6866
f 5784 7749 4595
f 5784 4595 12339
f 8086 4595 7749
f 5769 9313 4596
f 5769 4596 12282
f 6681 11063 4597
f 9157 4597 11336
f 4598 10324 5695
f 9314 4598 5697
f 7793 5934 4599
f 4599 5934 10480
f 7793 4599 12212
f 4600 10478 10966
f 10494 4600 10966
f 4601 4717 8325
f 5574 4601 8325
f 5952 12125 4603
f 6926 4603 7473
f 6926 12100 4603
f 12125 7473 4603
f 7410 5406 4604
f 11707 4604 5406
f 12087 4605 4784
f 12087 11968 4605
f 6967 6299 4606
f 7417 6967 4606
f 6971 7389 4606
f 13530 4918 4607
f 4953 4607 11213
f 4953 13526 4607
f 13526 13530 4607
f 8378 6539 4608
f 11835 4608 6539
f 8873 8378 4608
f 8873 4608 8380
f 11769 8380 4608
f 11769 4608 11835
f 4609 6396 6368
f 11687 6396 4609
f 7285 8410 4609
f 11687 4609 8410
f 6358 4610 11701
f 11670 7062 4610
f 7062 11701 4610
f 10387 4611 10424
f 4611 11441 10424
f 4611 10579 11441
f 4871 11560 4612
f 4612 6438 7201
f 4612 11560 6438
f 7209 4614 4619
f 11357 4619 4614
f 9235 4614 4788
f 9235 11357 4614
f 4681 4615 10979
f 10948 4904 4615
f 10979 4615 4904
f 10835 12991 4616
f 4616 13528 11061
f 12991 13529 4616
f 4616 13529 13528
f 4826 4617 9880
f 4827 9940 4617
f 4618 4657 4785
f 4618 6999 4657
f 4618 4785 7029
f 11427 6999 4618
f 11430 4618 7029
f 11427 4618 11430
f 7209 4619 11412
f 11382 4619 11357
f 4620 6964 4659
f 4620 4659 6999
f 4620 11396 6964
f 11398 4620 6999
f 4620 11404 11396
f 11398 11404 4620
f 4621 6761 11322
f 9235 4621 11357
f 4621 11322 11332
f 11357 4621 11332
f 11274 6657 4622
f 11274 4622 11250
f 11247 11146 4623
f 13451 6491 4624
f 12946 4624 13440
f 5866 4625 13611
f 13603 13611 4625
f 4627 10812 4963
f 4627 4963 10922
f 4628 6559 10673
f 4628 10673 10674
f 4629 10741 10601
f 4629 10601 10812
f 4629 10834 10741
f 4636 4642 4630
f 4636 4630 4963
f 4642 10391 4630
f 10786 4963 4630
f 4630 10391 10720
f 10786 4630 10720
f 4631 10786 10720
f 10889 4632 6559
f 10378 10543 4633
f 4633 10543 10563
f 10761 4633 10563
f 10761 10704 4633
f 4638 6483 4634
f 10673 4638 4634
f 6483 10502 4634
f 10640 4634 10502
f 10640 10674 4634
f 10673 4634 10674
f 4635 10427 4641
f 4635 4641 10608
f 4635 10608 10601
f 4635 10601 10741
f 4635 10741 10620
f 4636 10608 4642
f 4636 4963 10812
f 10601 10608 4636
f 10601 4636 10812
f 4637 7257 10383
f 4637 10391 7257
f 4637 10720 10391
f 4638 10535 6483
f 4638 10563 10535
f 5977 4639 9422
f 5977 12231 4639
f 9422 4639 8340
f 4639 10282 8340
f 4640 4648 4646
f 4640 4646 7256
f 6498 4648 4640
f 4640 7256 10427
f 4641 10388 4642
f 4641 4642 10608
f 4641 7256 10388
f 4641 10427 7256
f 4642 10388 10391
f 5755 4643 4823
f 9735 4823 4643
f 6508 4647 4644
f 7293 4644 4647
f 6508 4644 7282
f 10378 4644 7293
f 4646 10348 7256
f 4646 10327 10348
f 6508 10251 4647
f 7289 9010 4647
f 7289 4647 10251
f 4647 9010 7293
f 6498 7501 4648
f 4648 7501 7349
f 9985 4649 11072
f 9985 13109 4649
f 10532 11072 4649
f 5754 5328 4650
f 9768 4650 5328
f 5756 5754 4650
f 5756 4650 6072
f 9701 6072 4650
f 9768 9701 4650
f 6582 7234 4651
f 10835 4651 7234
f 4652 9649 4653
f 4652 4653 10108
f 10012 7443 4652
f 10012 4652 10108
f 9767 6499 4653
f 6499 10152 4653
f 9767 4653 9649
f 10108 4653 10154
f 4653 10152 10154
f 10024 4654 4658
f 4658 4654 11773
f 9885 6548 4654
f 6548 11773 4654
f 9885 4654 7416
f 10024 7416 4654
f 6590 4655 6576
f 4655 7443 10012
f 7451 5335 4656
f 7451 4656 7460
f 7460 4656 7506
f 7506 4656 9668
f 4787 4657 4659
f 6999 4659 4657
f 4658 11773 11767
f 10165 4787 4659
f 6964 10165 4659
f 8959 4660 4661
f 8959 11781 4660
f 8959 4661 11754
f 9767 9649 4661
f 9649 11754 4661
f 7209 11412 4662
f 4663 7792 6440
f 4663 6440 11813
f 4663 9199 7792
f 4663 11813 9002
f 6414 4664 4668
f 6414 5484 4664
f 11577 4665 6886
f 11780 6886 4665
f 4666 4842 4667
f 4666 4667 8856
f 4666 6440 7786
f 4666 8856 6440
f 4667 11762 8856
f 4667 11778 11762
f 6414 4668 11811
f 4923 4669 4943
f 4923 10896 4669
f 4669 5385 4943
f 11306 4669 10896
f 4670 6661 6645
f 4670 6645 9374
f 4670 11921 6661
f 4670 9002 11921
f 6901 9478 4671
f 4671 9478 10748
f 12654 4671 10748
f 12654 12407 4671
f 7898 4672 4682
f 5698 4672 8935
f 5698 9248 4672
f 7898 8935 4672
f 7029 4785 4673
f 8934 4682 4674
f 9214 4674 6436
f 6436 4674 9329
f 9214 8934 4674
f 4675 8989 7769
f 4675 7769 9201
f 4675 7821 7863
f 7895 7821 4675
f 4675 7863 8989
f 7895 4675 9201
f 4676 6302 7788
f 4676 8838 6302
f 4678 6315 7796
f 7864 6315 4678
f 7864 4678 6472
f 8945 6472 4678
f 8945 4678 7796
f 7889 8640 4679
f 7889 4679 9066
f 8640 8560 4679
f 4679 8560 8840
f 9066 4679 8840
f 7864 4680 6315
f 4680 8863 6315
f 11865 4680 7864
f 7972 8744 4680
f 7972 4680 11865
f 8744 8863 4680
f 4681 10981 10773
f 4681 10979 10981
f 4688 4683 4685
f 8740 4685 4683
f 8516 4683 4688
f 8516 6735 4683
f 13182 4683 6735
f 8740 4683 7899
f 7899 4683 13182
f 6149 4729 4684
f 4729 7133 4684
f 4819 4684 7140
f 9031 4684 4819
f 9031 6149 4684
f 7140 4684 7133
f 8446 4688 4685
f 8453 8446 4685
f 8453 4685 8744
f 8744 4685 8740
f 6668 4686 6787
f 6668 12030 4686
f 12030 12076 4686
f 4686 12076 13493
f 4687 8560 8535
f 8551 8560 4687
f 8329 4688 7967
f 7967 4688 8446
f 8329 8516 4688
f 8316 4689 7976
f 8463 7976 4689
f 8316 8267 4689
f 4689 8267 8446
f 8453 4689 8446
f 8463 4689 8453
f 4690 4828 5106
f 5036 13429 4691
f 7967 8256 4692
f 8329 7967 4692
f 4692 8158 8176
f 8256 8158 4692
f 8326 4692 8176
f 8329 4692 8326
f 4702 6282 4693
f 4702 4693 7938
f 8316 4693 6282
f 4693 6782 7938
f 7976 6782 4693
f 8316 7976 4693
f 9208 4694 7184
f 9208 9193 4694
f 6285 4695 6351
f 6285 7859 4695
f 4695 7999 6351
f 7859 8011 4695
f 8223 4695 8011
f 6282 6276 4696
f 4696 6276 6333
f 8316 6282 4696
f 4696 6333 8256
f 4696 8256 8267
f 8316 4696 8267
f 4697 4746 6255
f 4697 8158 4746
f 4697 6255 6800
f 4697 8176 8158
f 6307 4698 8123
f 4698 8423 8123
f 7931 4700 6081
f 6255 4700 6800
f 7966 6800 4700
f 7966 4700 7931
f 6246 4747 4701
f 4701 6227 6307
f 6246 4701 8149
f 4701 6307 8149
f 4702 4750 6281
f 7846 4750 4702
f 4702 6281 6282
f 7846 4702 7938
f 4703 4706 7915
f 7931 6081 4703
f 7931 4703 7915
f 4705 4753 7857
f 6044 4705 7858
f 12593 4705 7857
f 12593 7858 4705
f 4707 9718 6068
f 9769 4707 6068
f 6165 4707 8908
f 6165 9718 4707
f 5896 4708 5892
f 10229 5892 4708
f 5896 7779 4708
f 4708 7779 7794
f 5489 4772 4709
f 5059 4709 5209
f 8814 4711 8085
f 9510 8085 4711
f 8812 4711 8466
f 4711 8812 11324
f 9510 4711 11324
f 7669 4712 5746
f 8089 4712 7669
f 4713 5151 12129
f 4713 5455 5581
f 4713 12129 5455
f 13156 4713 5581
f 8198 4714 5712
f 8198 7635 4714
f 9396 4714 7635
f 6031 7111 4716
f 7111 9234 4716
f 9810 4716 9234
f 6124 4717 6287
f 6124 9554 4717
f 8325 4717 9554
f 5382 8805 4718
f 7473 4718 6944
f 7473 7449 4718
f 7497 4719 5561
f 4719 8786 5561
f 4719 7427 6226
f 4719 6226 8786
f 4719 11858 7427
f 7497 11858 4719
f 5795 4768 4720
f 8813 4720 4768
f 8813 8349 4720
f 6897 11903 4721
f 11903 10985 4721
f 5332 5329 4722
f 5329 8401 4722
f 9038 4722 8401
f 9038 11743 4722
f 13279 10252 4723
f 5622 4724 5779
f 4725 5002 8426
f 4725 8426 7278
f 5011 8419 4726
f 8933 5011 4726
f 8933 4726 5014
f 5014 4726 9020
f 4726 8419 11670
f 4726 11670 9020
f 4727 5001 8988
f 8447 4727 7201
f 8450 4728 4987
f 9005 4987 4728
f 4728 7090 7185
f 8450 7090 4728
f 6149 4890 4729
f 4890 9009 4729
f 7126 7130 4730
f 7126 4730 11567
f 7130 7142 4730
f 9062 11567 4730
f 7126 4781 4731
f 4781 9152 4731
f 6530 7126 4731
f 6530 4731 12034
f 4812 9126 4732
f 10132 4812 4732
f 4732 7147 7107
f 7147 4732 9126
f 4733 11484 9115
f 7056 7040 4734
f 8575 7056 4734
f 4736 4801 11550
f 13417 4801 4736
f 6744 6687 4737
f 6744 4737 6961
f 4738 6866 4789
f 6682 4739 6657
f 6720 4739 6682
f 6736 4739 6720
f 4740 6687 6676
f 4742 4745 4848
f 4742 6276 4745
f 4742 4846 4793
f 4742 4793 6333
f 4742 4848 4846
f 4742 6333 6276
f 4748 4744 4743
f 6351 4743 4744
f 4794 4748 4743
f 4794 4743 6227
f 6044 6285 4744
f 6285 6351 4744
f 10206 4848 4745
f 6084 4745 6281
f 6084 10206 4745
f 6281 4745 6276
f 4746 6326 4793
f 4746 8158 6326
f 4749 7369 9756
f 12615 7369 4749
f 7381 4749 9756
f 7381 10164 4749
f 4749 10164 12824
f 12615 4749 12824
f 5920 5922 4750
f 6084 4750 5922
f 6084 6281 4750
f 11312 4891 4751
f 11261 11312 4751
f 5976 4752 7885
f 5892 4754 5920
f 5892 10248 4754
f 4754 5922 5920
f 11822 4754 10248
f 8779 4755 5862
f 5862 4755 9289
f 9289 4755 11340
f 4757 5714 8583
f 4757 11001 5714
f 10773 10981 4757
f 4757 10981 11001
f 5713 7652 4758
f 5829 4758 7652
f 7634 4759 5699
f 7634 5712 4759
f 4760 8770 11565
f 4760 11730 8770
f 4760 10380 11730
f 4760 11565 11410
f 5643 4761 7616
f 7616 4761 9466
f 4762 5633 5630
f 4762 5630 9568
f 6096 4762 9568
f 6096 11517 4762
f 4763 5522 8325
f 4763 9554 6120
f 4763 8325 9554
f 8336 4765 8694
f 4765 8686 8685
f 6085 4766 10615
f 4767 6038 5851
f 4767 6035 6476
f 4767 6475 6038
f 4767 6476 6475
f 5754 4768 5328
f 5328 4768 5795
f 5754 6214 4768
f 8813 4768 6214
f 8652 8655 4769
f 8663 8659 4769
f 4771 10287 6474
f 11286 4771 6474
f 8207 10287 4771
f 8207 4771 12895
f 11286 12895 4771
f 4772 8905 6201
f 8922 5053 4773
f 8947 4773 5053
f 5755 4773 5137
f 8947 5137 4773
f 5755 9879 4773
f 6155 8792 4774
f 8938 6155 4774
f 9920 4774 8792
f 9920 9937 4774
f 4775 7163 4987
f 8967 7163 4775
f 4776 5001 8441
f 11608 4776 8441
f 4877 9057 4777
f 4778 10731 6933
f 7494 4778 7502
f 7494 10731 4778
f 8636 7502 4778
f 4779 8564 4782
f 4779 4782 10139
f 8782 6479 4779
f 6479 9154 4779
f 4779 9154 8564
f 8782 4779 10139
f 4780 9154 6249
f 4780 9153 8564
f 4780 8564 9154
f 4780 9152 9153
f 7126 11567 4781
f 4781 8743 9152
f 4836 4782 8564
f 5443 5447 4783
f 6279 12031 4784
f 4784 12031 6940
f 12087 4784 6940
f 6354 4786 6131
f 9780 6131 4786
f 9235 4788 4789
f 4792 10199 10874
f 4793 6326 6333
f 4795 5028 4921
f 4795 4921 5429
f 4795 13319 5028
f 6110 5778 4797
f 9542 4797 5778
f 9542 9449 4797
f 7637 4798 6428
f 4798 7971 8590
f 9129 4800 8569
f 9129 11339 4800
f 13417 9347 4801
f 8852 4807 4803
f 8852 4803 9142
f 6110 4804 6257
f 6110 9240 4804
f 6291 6179 4804
f 6291 4804 9240
f 6015 10902 4805
f 5861 4811 12686
f 12691 4811 5861
f 4812 11570 9126
f 4813 9618 10629
f 8620 4814 10591
f 10926 4814 8620
f 4815 10683 6079
f 4820 4817 5749
f 5749 4817 5793
f 9031 4819 11570
f 9126 11570 4819
f 4820 5749 5494
f 4820 5494 8846
f 9684 4820 8846
f 5756 4821 5754
f 5754 4821 6214
f 4824 4823 9735
f 5755 4823 9879
f 5059 8938 4824
f 6033 8749 4826
f 6033 4826 9880
f 4828 13125 13124
f 4829 13233 13234
f 4829 13234 13236
f 9946 4830 4831
f 9949 4831 4832
f 10785 4832 4831
f 9946 4831 9949
f 8987 9949 4832
f 5434 4833 8611
f 8060 8611 4833
f 9874 8060 4833
f 9874 4833 10724
f 4868 4834 11443
f 4868 11526 4834
f 4834 11526 10041
f 10082 4835 10100
f 10839 10121 4835
f 4836 8564 9153
f 4838 5012 5630
f 4838 5630 5633
f 4838 5633 6862
f 4838 6862 12182
f 10856 4876 4839
f 11191 4839 4876
f 11191 8653 4839
f 4840 10865 10860
f 4841 6964 6988
f 4841 10165 6964
f 4842 9130 6670
f 4843 4954 13227
f 12976 4852 5190
f 5190 4852 13225
f 12976 13224 4852
f 4853 10234 9271
f 9276 4977 4854
f 4977 9379 4854
f 9276 4854 11339
f 6331 5946 4855
f 6331 4855 9379
f 6408 6496 4856
f 4856 6496 9544
f 4856 9544 8073
f 4856 8073 10361
f 4857 10288 10490
f 4857 10490 11358
f 6724 12052 4858
f 6337 4859 6295
f 6337 11838 4859
f 4860 5685 4861
f 11410 4860 4861
f 4860 5673 5685
f 4860 11639 5673
f 11410 11565 4860
f 4860 11565 11639
f 11410 4861 11447
f 11447 4861 11882
f 4862 11481 9537
f 11472 11481 4862
f 4863 5198 6163
f 5986 4864 4865
f 5986 11459 4864
f 11518 4865 5984
f 5986 4865 11416
f 11518 11416 4865
f 6383 4866 6894
f 7823 4866 6602
f 7823 6894 4866
f 6083 4867 9653
f 4868 11443 10948
f 4868 11528 11526
f 4869 10726 10705
f 10817 10726 4870
f 4922 9057 4871
f 9067 4871 9057
f 9067 11560 4871
f 8602 4872 4873
f 4873 4906 11457
f 8602 4873 11457
f 5995 8658 4874
f 11085 5995 4874
f 6075 5916 4876
f 11191 4876 5916
f 4877 9067 9057
f 4878 6604 4913
f 4878 4913 7290
f 4878 9191 6604
f 4878 9208 9191
f 4879 6001 11277
f 4879 11277 9962
f 4879 9962 12910
f 4879 12910 11278
f 7290 13096 4880
f 5623 12137 4881
f 11798 4882 13404
f 4915 13421 4883
f 4883 13421 11747
f 6149 10069 4890
f 10035 9009 4890
f 10035 4890 10069
f 11312 4923 4891
f 4892 6745 4927
f 6739 6745 4892
f 4894 9544 6769
f 11218 4982 4895
f 4895 4982 12046
f 11218 4895 7287
f 4895 12046 9832
f 13199 13200 4896
f 4897 9832 12046
f 4897 10071 10904
f 4897 12046 10071
f 13575 5619 4899
f 10288 4900 10304
f 10304 4900 10568
f 6692 5855 4901
f 11896 4901 5855
f 12601 13050 4902
f 13573 13052 4902
f 8390 4903 9522
f 8950 9522 4903
f 10948 10821 4904
f 10979 4905 10981
f 4905 11001 10981
f 11028 4906 4907
f 11359 4907 4906
f 11028 11457 4906
f 11833 4907 5863
f 11028 4907 11040
f 11040 4907 11833
f 4908 5955 11440
f 4908 11681 5955
f 11451 11066 4908
f 4908 11066 11917
f 11451 4908 11440
f 4908 11675 11681
f 4908 11917 11675
f 12967 6874 4909
f 11170 10865 4911
f 11170 4911 11816
f 12637 11816 4911
f 12594 12637 4911
f 7589 4912 4915
f 4912 13617 4915
f 4912 4947 13617
f 4913 6604 11433
f 7290 4913 13082
f 4913 11433 12772
f 4913 12772 13082
f 12879 12632 4914
f 12879 4914 13255
f 13255 4914 13284
f 4915 13617 13421
f 4917 8456 9009
f 4917 9009 8996
f 4918 4951 11217
f 4918 13373 4951
f 13530 13373 4918
f 9000 4919 8996
f 11571 4919 9000
f 4920 4998 11306
f 4920 12258 4998
f 4920 11231 11219
f 4920 11219 11260
f 4920 11306 11231
f 4920 11260 12258
f 4983 4922 8988
f 8525 4923 4943
f 11312 10896 4923
f 4924 13193 9325
f 13462 4924 9325
f 5693 4925 9128
f 5693 13508 4925
f 4925 6267 9276
f 13508 6267 4925
f 4925 9129 9128
f 4925 9276 9129
f 13183 4926 12725
f 13187 4926 13183
f 13187 13190 4926
f 5876 4927 9335
f 6745 9675 4927
f 9335 4927 9675
f 9606 4928 6789
f 4928 11384 6789
f 9606 9636 4928
f 9636 12124 4928
f 4929 7507 13464
f 8626 4929 12124
f 4930 10071 4984
f 13245 4930 4984
f 13245 5027 4930
f 4930 11377 10071
f 9390 10277 4931
f 9390 4931 12385
f 10277 10181 4931
f 4961 8460 4932
f 4961 4932 10304
f 11842 4932 8460
f 10288 10304 4932
f 10288 4932 10490
f 11842 10490 4932
f 4955 4933 4952
f 4952 4933 4974
f 4955 5897 4933
f 13370 4974 4933
f 13520 4933 5897
f 13520 13370 4933
f 9390 10691 4934
f 4935 5855 6692
f 4935 12158 5855
f 4935 6692 11505
f 4935 11411 11347
f 4935 11347 12158
f 4935 11505 11411
f 4966 5599 4936
f 12059 12613 4936
f 4937 7293 10331
f 4937 10378 7293
f 4937 10543 10378
f 11833 5863 4938
f 11066 11042 4938
f 11833 4938 11042
f 11066 4938 11917
f 11056 4939 5874
f 4939 12151 5874
f 11056 11674 4939
f 11435 4939 11103
f 11103 4939 11674
f 11435 11952 4939
f 4939 11952 12151
f 4967 4940 11373
f 12650 4940 4967
f 4940 11697 11373
f 4940 12498 11697
f 4940 12708 12498
f 12650 12708 4940
f 11435 11733 4941
f 11435 4941 11952
f 11816 4941 11733
f 12948 4941 11816
f 12441 11952 4941
f 12441 4941 12948
f 12632 4942 12637
f 12879 4942 12632
f 12637 4942 12948
f 12879 13140 4942
f 13165 12948 4942
f 13140 13165 4942
f 4955 4943 5897
f 4955 8525 4943
f 5385 4976 4943
f 5897 4943 4976
f 12985 4944 13082
f 13532 4944 12985
f 4944 13096 13082
f 4944 13404 13096
f 13315 13404 4944
f 13532 13315 4944
f 13616 4945 4947
f 13617 4947 4945
f 12879 4945 13140
f 12879 13255 4945
f 13140 4945 13616
f 13617 4945 13255
f 11766 11798 4946
f 13315 4946 11798
f 13616 4947 4948
f 4948 4973 4971
f 13616 4948 4971
f 4950 11814 4949
f 4951 11230 11217
f 13588 4951 13373
f 4955 4952 8816
f 8862 4953 11213
f 13491 4953 8862
f 13491 13526 4953
f 5846 12516 4954
f 5846 4954 12520
f 4954 12516 13227
f 4955 8816 8525
f 4956 13173 5138
f 4957 4958 6496
f 10908 4958 4957
f 4957 6408 5946
f 13477 4957 5946
f 4957 6496 6408
f 10908 4957 11181
f 13477 11181 4957
f 4958 6769 6496
f 4958 7287 6769
f 4958 11218 7287
f 10908 11218 4958
f 4959 6745 6789
f 4959 9675 6745
f 4959 6789 11384
f 4959 13271 9675
f 4959 11384 13257
f 4959 13257 13271
f 7507 11371 4960
f 7507 4960 13452
f 6109 8331 4961
f 6109 4961 9069
f 4961 8331 8460
f 4961 10304 9069
f 4962 8460 8331
f 4962 8331 13438
f 4962 12051 8460
f 4962 12053 12051
f 12265 12053 4962
f 12265 4962 13438
f 10786 10922 4963
f 4964 8531 12079
f 4964 11868 11898
f 4964 13258 11868
f 4964 12079 13258
f 4965 5828 11374
f 4965 11732 5828
f 4965 7112 11056
f 4965 11374 7112
f 4965 11056 13639
f 4965 13639 11732
f 12963 10123 4966
f 4967 11373 11732
f 4967 11732 13629
f 12650 4967 12979
f 4967 13629 12979
f 12441 4970 4968
f 13609 4968 4970
f 12151 4968 10015
f 13621 10015 4968
f 12441 4968 12151
f 13609 13621 4968
f 4969 13036 12979
f 4969 12979 13626
f 13532 13036 4969
f 4969 13626 13260
f 12441 12948 4970
f 13165 4970 12948
f 13165 13531 4970
f 13531 13609 4970
f 13597 4971 4973
f 13531 4971 13609
f 13531 13616 4971
f 13597 13609 4971
f 4996 11973 4972
f 4996 4972 13260
f 13370 5018 4974
f 5018 13559 4974
f 4975 5923 6638
f 5998 4975 6638
f 13522 4976 5385
f 13519 5897 4976
f 13519 4976 13522
f 6331 4977 5006
f 12009 5006 4977
f 9276 6267 4977
f 12009 4977 6267
f 6331 9379 4977
f 7992 4979 4978
f 13306 4978 4979
f 7386 7992 4978
f 13479 7386 4978
f 13310 4978 13306
f 13479 4978 13310
f 9335 4979 7992
f 9335 10518 4979
f 13298 4979 10518
f 13298 13306 4979
f 7702 10809 4980
f 7702 4980 10814
f 4980 10809 10813
f 11181 5007 4981
f 5007 13270 4981
f 10908 11181 4981
f 10908 4981 11218
f 4981 13267 11218
f 4981 13270 13267
f 12046 4982 4984
f 13247 4984 4982
f 11218 13267 4982
f 13267 13247 4982
f 12046 4984 10071
f 13247 13245 4984
f 11847 4985 11844
f 4985 12980 13241
f 4986 5373 12161
f 4986 12580 5373
f 4986 6562 11945
f 4986 12161 6562
f 7163 8450 4987
f 5015 4988 5013
f 7487 4988 5015
f 7487 10691 4988
f 4988 10691 12385
f 7487 5015 4989
f 5015 13405 4989
f 7487 4989 9812
f 4989 13375 9812
f 4989 12311 13375
f 4989 13405 12311
f 8479 13383 4990
f 8531 4990 13383
f 12134 4991 4992
f 4992 4991 13316
f 4991 8498 11351
f 12134 8498 4991
f 13377 4991 11351
f 13377 13316 4991
f 12134 4992 7368
f 4992 13316 13058
f 4993 8491 5518
f 11348 8491 4993
f 4994 11351 12188
f 13409 11351 4994
f 4994 12188 13375
f 4994 13375 12311
f 13409 4994 12311
f 4995 5874 10015
f 4995 13639 5874
f 4995 10015 13620
f 4995 13620 13629
f 4995 13629 13639
f 4996 13621 11973
f 4996 13260 13626
f 4996 13620 13621
f 4996 13626 13620
f 4997 5017 12258
f 4997 13371 5017
f 4997 12258 11260
f 4997 11260 13588
f 4997 13372 13371
f 4997 13588 13372
f 4998 12258 5017
f 4998 5017 13346
f 4998 13346 12356
f 13347 4999 5019
f 13350 5019 4999
f 13347 13555 4999
f 13350 4999 13559
f 7497 5000 6914
f 12147 5000 12192
f 8426 5002 8441
f 11608 8441 5002
f 11608 5002 9940
f 5003 10523 5408
f 5003 5595 8596
f 5003 8596 10528
f 5003 10528 10523
f 12260 5004 13042
f 12260 13508 5004
f 13043 13042 5004
f 13043 5004 13321
f 13321 5004 13332
f 13508 13332 5004
f 13485 5005 10245
f 13491 10245 5005
f 13115 5005 13479
f 13115 13483 5005
f 13485 13479 5005
f 13491 5005 13483
f 13477 6331 5006
f 12009 13305 5006
f 13475 5006 13305
f 13477 5006 13475
f 13475 5007 11181
f 5007 13022 13019
f 5007 13019 13270
f 13475 13022 5007
f 5008 13002 13001
f 5008 13001 13012
f 5008 13012 13252
f 8933 5009 8792
f 9920 8792 5009
f 8967 5009 8933
f 6557 5010 12943
f 6155 7238 5011
f 6155 5011 8792
f 5011 7238 8419
f 8933 8792 5011
f 8773 5630 5012
f 5015 5013 13405
f 8967 5014 7163
f 8967 8933 5014
f 13107 5016 12313
f 5016 13374 12313
f 13103 5016 13107
f 13103 13141 5016
f 5016 13141 13372
f 5016 13372 13373
f 5016 13373 13374
f 5017 12851 13346
f 5017 13371 12851
f 12847 5018 5063
f 13334 5063 5018
f 13350 5018 12847
f 13370 13334 5018
f 13350 13559 5018
f 12833 5019 12847
f 13132 5019 12833
f 13350 12847 5019
f 13347 5019 13132
f 12818 5020 5065
f 12833 5065 5020
f 12818 13043 5020
f 13132 12833 5020
f 13043 13321 5020
f 13132 5020 13321
f 5045 5021 5041
f 5041 5021 13317
f 13053 5021 5045
f 13519 5021 13053
f 13317 5021 13522
f 13519 13522 5021
f 13305 5022 5046
f 12260 5022 12009
f 12009 5022 13305
f 12260 13042 5022
f 12809 5037 5023
f 5037 13310 5023
f 12809 5023 12757
f 13302 12757 5023
f 13302 5023 13306
f 13310 13306 5023
f 12653 12662 5024
f 13281 12653 5024
f 12674 5024 12662
f 12674 13302 5024
f 13298 13281 5024
f 13298 5024 13302
f 5025 13252 13010
f 13281 5025 13010
f 5025 13257 13252
f 13271 13257 5025
f 13294 13271 5025
f 13294 5025 13281
f 13013 13005 5026
f 13246 5026 13005
f 13270 13013 5026
f 13247 5026 13246
f 13267 5026 13247
f 13270 5026 13267
f 13240 5027 12989
f 13246 12989 5027
f 13246 5027 13245
f 5062 5043 5029
f 12166 5030 12519
f 12519 5030 12513
f 12856 12513 5030
f 13619 12856 5030
f 12897 5031 12936
f 12897 13215 5031
f 13027 12936 5031
f 5031 13214 13028
f 5031 13215 13214
f 13027 5032 12929
f 13198 5033 12918
f 12918 5033 13470
f 13154 5033 13198
f 13578 13470 5033
f 13184 13578 5034
f 13590 13184 5034
f 13419 5034 13197
f 9759 5035 13161
f 5036 9479 13158
f 5036 13158 13429
f 5037 13107 12313
f 13115 5037 12313
f 12809 13107 5037
f 13115 13310 5037
f 12804 12799 5039
f 12799 13066 5039
f 12804 5039 12851
f 5039 13346 12851
f 13084 5039 13066
f 13084 13346 5039
f 5045 5041 12736
f 5041 5204 12736
f 5041 13066 5204
f 5041 13317 13066
f 5042 12919 13155
f 12760 12675 5044
f 12760 5044 12818
f 12818 5044 13043
f 13043 5044 13042
f 5045 12736 12692
f 13051 5045 12692
f 13053 5045 13051
f 13020 5046 12675
f 13022 5046 13020
f 13022 13305 5046
f 6446 13592 5047
f 12657 12621 5048
f 5048 12621 13008
f 12657 5048 13020
f 5048 13008 13013
f 13019 5048 13013
f 13020 5048 13019
f 12610 12648 5049
f 12610 5049 13001
f 12653 5049 12648
f 12653 13010 5049
f 5049 13012 13001
f 5049 13010 13012
f 11944 5050 5413
f 5050 12354 5413
f 5050 12154 12571
f 5050 12571 12354
f 5051 12567 12578
f 5051 12980 12567
f 5051 12578 13002
f 5051 13241 12980
f 5051 13002 13241
f 5250 10805 5052
f 5250 5052 10809
f 11473 5052 10805
f 10813 10809 5052
f 5053 8410 8957
f 8947 5053 8957
f 5077 12596 5054
f 5077 5054 12878
f 12878 5054 12973
f 12929 5055 12931
f 12931 5055 12939
f 5056 12918 13470
f 5056 13565 12958
f 5056 13470 13565
f 5057 10657 12576
f 5057 12974 10657
f 5057 12576 12577
f 5057 12577 12973
f 5057 12973 12975
f 5057 12975 12974
f 5058 12785 12936
f 5058 12936 12931
f 5058 12931 12939
f 5059 5209 5105
f 5059 5105 8938
f 5060 12877 12528
f 5060 12529 13565
f 5060 12876 12877
f 5060 12906 12876
f 5060 13565 12906
f 13585 5061 12166
f 12868 5061 12877
f 13207 5061 12868
f 13585 12877 5061
f 6438 5062 11632
f 12797 12842 5063
f 12797 5063 13074
f 12842 12847 5063
f 13334 13074 5063
f 5064 9351 6737
f 5064 6737 13608
f 5064 12172 9351
f 12762 5065 12508
f 12508 5065 12842
f 12762 12818 5065
f 12833 12842 5065
f 5066 13073 9434
f 5066 9434 13078
f 5067 5092 12750
f 12843 5092 5067
f 12784 5067 12750
f 12799 5067 12784
f 12804 5067 12799
f 12804 12843 5067
f 5068 12426 12419
f 5068 12419 12457
f 5068 12663 12426
f 5068 12457 12510
f 12773 5068 12510
f 12773 12663 5068
f 5074 5069 12646
f 5074 12736 5069
f 12646 5069 5077
f 5069 13518 5077
f 5204 5069 12736
f 5204 13518 5069
f 5070 12664 6704
f 5070 6704 13051
f 5070 12690 12664
f 5070 12692 12690
f 5070 13051 12692
f 12634 5076 5071
f 12760 5071 5076
f 12454 5098 5071
f 12634 5071 5098
f 12495 12454 5071
f 12495 5071 12762
f 12760 12762 5071
f 5072 5079 12437
f 12662 5079 5072
f 12484 5072 12437
f 12491 5072 12484
f 12491 12753 5072
f 12662 5072 12753
f 5073 9434 5215
f 5073 5215 9518
f 5073 13078 9434
f 12638 5074 12646
f 12638 12690 5074
f 5074 12690 12692
f 5074 12692 12736
f 9135 5075 11559
f 12634 12657 5076
f 5076 12657 12675
f 12760 5076 12675
f 12646 5077 12878
f 12636 12376 5078
f 12376 12663 5078
f 12636 5078 12638
f 12638 5078 12690
f 12663 12664 5078
f 12664 12690 5078
f 12604 12437 5079
f 12604 5079 12648
f 12648 5079 12662
f 5080 12577 12576
f 12636 5080 12576
f 5080 12878 12577
f 12636 12638 5080
f 12638 12646 5080
f 5080 12646 12878
f 5081 5693 10888
f 5081 13332 5693
f 5081 10888 8519
f 5081 8519 11301
f 13330 5081 11301
f 13330 13332 5081
f 12345 5082 5098
f 12634 5098 5082
f 12345 12561 5082
f 5082 12561 12581
f 5082 12581 12621
f 12634 5082 12621
f 5103 9851 5083
f 12574 5103 5083
f 12604 5083 9851
f 12574 5083 12578
f 12610 12578 5083
f 12610 5083 12604
f 5084 10810 5100
f 5084 5100 12318
f 5104 12291 5084
f 5104 5084 12318
f 5084 12553 10810
f 5084 12291 12553
f 12034 6478 5085
f 8273 5086 5088
f 12376 5798 5086
f 9425 5086 8273
f 9425 12376 5086
f 5087 5091 12519
f 12522 5091 5087
f 12522 5087 12301
f 12561 12301 5087
f 12558 5087 12519
f 12558 12561 5087
f 8273 5088 9286
f 12528 9286 5088
f 10935 5089 12174
f 12174 5089 12137
f 5353 5370 5090
f 5353 5090 9115
f 12522 9286 5091
f 13585 5091 9286
f 12166 12519 5091
f 13585 12166 5091
f 12467 5092 5094
f 12484 5094 5092
f 12750 5092 12467
f 12484 5092 12483
f 12843 12483 5092
f 5093 12457 5095
f 12495 5093 5095
f 12510 12457 5093
f 12495 12508 5093
f 12797 5093 12508
f 12797 12510 5093
f 12403 10086 5094
f 10086 12467 5094
f 12403 5094 12437
f 12484 12437 5094
f 12416 5095 12418
f 12454 5095 12416
f 12457 12418 5095
f 12495 5095 12454
f 5102 5097 6600
f 5097 12083 13349
f 12345 5098 12416
f 12454 12416 5098
f 5099 10279 12544
f 12910 5099 12544
f 12596 5100 10810
f 12318 5100 12398
f 12673 12398 5100
f 9192 10690 5101
f 5102 11946 6521
f 5102 6600 11934
f 5102 11934 11946
f 8377 12319 5103
f 12574 8377 5103
f 5103 12353 9851
f 5103 12319 12353
f 8377 5104 12319
f 8377 12533 5104
f 12533 12291 5104
f 5104 12318 12319
f 8930 5105 5209
f 6155 5105 7238
f 8938 5105 6155
f 8930 7238 5105
f 5107 8197 5108
f 5107 5108 8395
f 7482 8197 5107
f 10740 7482 5107
f 8963 5107 8395
f 8963 10740 5107
f 5108 7791 8395
f 5108 13586 7791
f 5108 8197 10953
f 5108 10953 13586
f 5448 5109 11044
f 11167 5109 5448
f 5109 11121 11044
f 5109 11305 11121
f 11167 11305 5109
f 5723 5110 8038
f 5723 11607 5110
f 8323 6210 5110
f 11067 5110 6210
f 11067 8038 5110
f 8323 5110 11607
f 12647 9498 5111
f 12977 5111 9498
f 12647 5111 13449
f 5224 5112 11864
f 6205 6219 5112
f 5113 5114 5129
f 5729 5116 5290
f 5116 8361 5290
f 5727 5116 8284
f 5727 13568 5116
f 5729 8719 5116
f 5116 8719 8284
f 5116 13568 8361
f 11274 11250 5117
f 11145 5292 5119
f 5119 5292 11823
f 8323 5119 6210
f 6210 5119 11823
f 5120 5302 7958
f 5120 7958 5736
f 13016 12568 5121
f 5169 5123 5135
f 12270 6784 5124
f 12445 5124 6784
f 5124 12470 6851
f 12445 12470 5124
f 10616 5125 12144
f 5125 13233 12144
f 5126 5165 5172
f 12829 6837 5128
f 5177 5130 5132
f 5131 11157 5302
f 5131 7307 11157
f 5131 11972 7307
f 5131 11205 11972
f 5253 5177 5132
f 7688 5134 5305
f 11203 5635 5134
f 11205 5134 5635
f 7688 11203 5134
f 8947 5325 5137
f 5139 5979 8383
f 5139 11254 5979
f 5139 9174 8148
f 5139 8148 12008
f 5139 8383 9174
f 5139 12008 11254
f 9392 5140 12164
f 13086 5140 9392
f 12164 5140 13349
f 5146 5143 11304
f 12095 5143 5146
f 5143 11276 7521
f 12095 11276 5143
f 5146 5750 11254
f 5146 11304 5750
f 5146 11254 12008
f 12095 5146 12008
f 5158 11879 5147
f 5147 11879 11098
f 5149 8496 12167
f 11212 11350 5149
f 11212 5149 12187
f 5149 12167 12187
f 5153 5845 5152
f 8488 5152 5845
f 5932 5152 8488
f 5932 11472 5152
f 11442 5845 5153
f 11442 5153 10594
f 13272 13275 5154
f 13275 13276 5154
f 6634 9238 5156
f 12706 13167 5159
f 13168 5159 13167
f 11028 5161 10955
f 11028 11040 5161
f 5163 6039 5168
f 5163 5168 9789
f 5163 8797 6039
f 12652 5166 12666
f 6066 5168 6039
f 6066 9718 5168
f 5168 9718 9719
f 5168 9719 9789
f 8399 6162 5170
f 5170 6162 11533
f 8399 5170 8912
f 12862 13094 5175
f 13100 12863 5175
f 13100 5175 13094
f 6169 5176 5550
f 6169 6271 5176
f 8033 5176 6271
f 5206 5200 5177
f 5177 5253 5206
f 5181 6162 8399
f 11626 6162 5181
f 11626 5181 11693
f 12633 12860 5182
f 12861 5182 12860
f 5185 9516 7613
f 12377 5185 7613
f 12933 9516 5185
f 12933 5185 12935
f 5196 5186 5192
f 6415 5189 5501
f 13581 5501 5189
f 6413 5189 9415
f 6415 9415 5189
f 5190 12329 5836
f 12759 5190 5836
f 12976 5190 12759
f 5873 5196 5192
f 5873 5192 5327
f 5194 6954 9872
f 5194 12307 6954
f 9274 5195 5562
f 5562 5195 12070
f 5872 10932 5197
f 9222 5197 10932
f 10365 5199 9450
f 10365 9527 5199
f 12902 5201 12683
f 6254 5211 5202
f 8818 6254 5202
f 12799 12784 5204
f 12784 13518 5204
f 12799 5204 13066
f 12401 10530 5208
f 10530 12867 5208
f 12401 5208 12406
f 13104 12406 5208
f 13359 5208 12867
f 13104 5208 13359
f 6254 8394 5211
f 6275 5211 8394
f 6275 11613 5211
f 5331 5265 5213
f 8146 5214 6219
f 12703 5214 8146
f 9515 12256 5214
f 12703 9515 5214
f 12303 5215 9434
f 9620 9518 5215
f 12303 9620 5215
f 5749 5793 5217
f 5749 5217 11533
f 5217 5793 6072
f 9713 5217 6072
f 6052 5219 12179
f 6052 12602 5219
f 5219 12602 13318
f 12829 5219 13318
f 5498 5220 7297
f 5544 7297 5220
f 12597 12391 5221
f 5222 12968 12969
f 11449 5224 9905
f 5226 5530 7333
f 5226 7438 5530
f 6843 7438 5226
f 6843 5226 12067
f 5226 7333 7328
f 5226 7328 12067
f 7276 5392 5227
f 5227 5392 7691
f 7276 5227 7082
f 5227 11601 7082
f 7856 5227 7691
f 7856 12525 5227
f 5227 12525 11601
f 5228 12737 9456
f 5228 9456 12968
f 5228 12968 13204
f 5228 13204 13476
f 5229 5410 8805
f 9699 5229 8805
f 8009 5231 5625
f 10701 5625 5231
f 8009 7331 5231
f 11158 5231 7331
f 5236 5233 5235
f 7072 7063 5234
f 7063 9964 5234
f 7072 5234 9589
f 9683 9589 5234
f 5234 12479 9683
f 9964 12479 5234
f 5236 5235 5359
f 5238 6565 10251
f 7456 5239 7037
f 7456 12479 5239
f 8910 11662 5239
f 8910 5239 12479
f 5241 12332 5307
f 9082 12545 5241
f 5241 12565 12332
f 5241 12545 12565
f 5242 11853 7347
f 5242 7347 11924
f 9782 5242 9868
f 9782 11853 5242
f 9868 5242 9924
f 10026 9924 5242
f 10026 5242 11924
f 5243 7691 7590
f 5243 7590 10915
f 5243 7856 7691
f 5243 7741 7856
f 6899 9534 5244
f 12355 6899 5244
f 9534 8104 5244
f 5244 8104 10334
f 12355 5244 10334
f 7654 11019 5246
f 9996 5246 11444
f 11019 11021 5246
f 11444 5246 11021
f 10276 5250 10275
f 5250 10809 10275
f 6878 5251 12949
f 6915 6443 5252
f 6915 5252 12256
f 5256 5390 5254
f 5255 7550 5708
f 7403 11449 5255
f 5255 10096 7550
f 11449 10096 5255
f 5397 5390 5256
f 5260 8587 10578
f 5260 8590 9985
f 5261 12530 7686
f 5261 7686 12960
f 7980 8552 5261
f 10519 7980 5261
f 5261 8552 12530
f 10519 5261 12960
f 5401 5412 5262
f 8044 5264 10340
f 10514 5264 8044
f 10340 5264 9626
f 5264 10455 9626
f 5264 10506 10455
f 10514 10506 5264
f 5634 5266 7361
f 5266 11555 7361
f 6885 5268 12959
f 5269 5514 5403
f 5269 5404 5514
f 5323 5270 11772
f 5272 5857 5271
f 12062 5273 6630
f 5273 12655 6630
f 12161 5275 6562
f 10688 5275 12161
f 8049 8008 5276
f 8008 9476 5276
f 8130 8049 5276
f 8130 5276 8058
f 9794 8058 5276
f 9794 5276 9476
f 5278 8955 8514
f 5278 8514 9865
f 5278 9865 8598
f 5278 8598 10724
f 5278 8603 8955
f 5278 10724 8603
f 7825 6494 5279
f 6494 8397 5279
f 7825 5279 10452
f 5279 8397 10760
f 6925 5281 8249
f 11132 5281 6925
f 8249 5281 11302
f 5281 12231 11302
f 5321 5285 8817
f 13166 5286 8623
f 5286 13444 8623
f 5286 12950 13444
f 6453 5287 9687
f 9687 5287 12271
f 5288 11527 6503
f 11741 5290 8361
f 11192 5290 11741
f 5789 5292 11145
f 5789 11978 5292
f 11147 11823 5292
f 11147 5292 11978
f 5364 5355 5294
f 5362 5364 5294
f 5297 5355 5354
f 5297 5354 5365
f 8293 11121 5300
f 11841 8293 5300
f 5790 5302 11157
f 5790 13337 5302
f 13337 7958 5302
f 11889 11691 5303
f 11887 11889 5303
f 10494 10966 5304
f 10966 11415 5304
f 7688 5305 5739
f 11616 5306 11614
f 5307 12332 11021
f 7688 5308 11203
f 7688 12790 5308
f 11203 5308 11192
f 5310 5452 12204
f 5310 11482 11266
f 5310 11304 11482
f 5310 12204 11304
f 5312 7399 7538
f 5312 12476 7399
f 12476 5312 12743
f 12839 12743 5312
f 7368 5518 5314
f 12134 7368 5314
f 12134 5314 9648
f 12167 9648 5314
f 11166 5316 11168
f 11166 11580 5316
f 5316 11169 11168
f 11584 5316 11580
f 5321 8817 5324
f 9460 6899 5322
f 12355 5322 6899
f 13440 9460 5322
f 12942 5322 12355
f 12942 12946 5322
f 12946 13440 5322
f 5332 5325 5329
f 8947 5329 5325
f 9768 5328 8907
f 5329 8957 8401
f 8947 8957 5329
f 11498 11293 5330
f 10804 5333 10639
f 11275 10639 5333
f 5337 5341 12281
f 5340 5343 5342
f 5348 5342 5345
f 5439 5343 5431
f 5346 5344 5345
f 5347 12102 5836
f 5347 5836 12515
f 5347 12101 12102
f 6923 5349 9463
f 6923 12702 5349
f 12191 5349 12253
f 7822 5350 5351
f 7822 5351 11325
f 11325 5351 13251
f 7281 5352 7284
f 5353 12080 5370
f 5353 9115 11484
f 5366 5354 5356
f 5366 5365 5354
f 5366 5356 5472
f 5357 7391 8349
f 8813 5357 8349
f 5360 5834 11272
f 5360 11054 10798
f 5360 10798 12679
f 5360 11272 11054
f 5361 5519 11017
f 5361 12853 5519
f 5361 10097 7514
f 5361 11017 10097
f 5363 5548 9315
f 5363 13003 7365
f 5366 5472 5481
f 5852 5491 5368
f 11502 5369 5463
f 11502 9226 5369
f 12163 12161 5373
f 6571 5374 9161
f 6571 9310 5374
f 9161 5374 12922
f 5377 5491 9555
f 13489 5378 13217
f 9699 8805 5382
f 13522 5385 13525
f 7467 7353 5386
f 5386 7353 8984
f 7467 5386 7495
f 5663 11016 5387
f 5389 12697 9516
f 5389 9516 12933
f 5397 5395 5390
f 7276 8319 5392
f 8319 11375 5392
f 9216 10780 5396
f 11027 9216 5396
f 8216 5398 7058
f 8216 13003 5398
f 5398 13004 10539
f 5398 13003 13004
f 7268 10890 5400
f 7268 5400 11380
f 5514 5404 5405
f 5514 5405 5517
f 8044 10340 5408
f 6366 10115 5411
f 5411 10115 11355
f 5412 11321 5676
f 11944 5413 12997
f 12354 12350 5413
f 6930 5414 5665
f 5414 12927 5665
f 5414 6787 12927
f 5414 13160 6787
f 10392 10653 5416
f 5417 13328 11064
f 5417 13468 13328
f 5420 5428 5427
f 12262 5420 5427
f 5420 12272 5428
f 5420 11346 12272
f 5425 5421 8847
f 5425 11346 5421
f 5432 8847 5421
f 5425 5422 11346
f 5422 5589 12272
f 5422 12272 11346
f 5424 5593 6186
f 5424 13556 5593
f 5425 8847 6186
f 6932 12927 5426
f 10072 5427 9337
f 10072 12262 5427
f 5428 5591 5596
f 5428 12272 5591
f 5430 5437 5438
f 8517 5433 5435
f 8788 5435 5433
f 8788 5433 5436
f 5433 9337 5436
f 10072 5433 8517
f 10072 9337 5433
f 5442 5443 5435
f 5442 5435 8788
f 5436 10129 5600
f 5436 5600 12133
f 8788 5436 12133
f 5436 9337 10129
f 5440 5441 5437
f 5603 5438 5606
f 5612 5441 5615
f 5615 5441 7543
f 5608 5611 5442
f 5608 5442 8788
f 7494 8718 5444
f 7494 5444 10731
f 8718 8676 5444
f 10731 5444 10729
f 11266 7984 5446
f 5447 5451 5452
f 6917 8218 5448
f 6917 5448 8303
f 8218 11167 5448
f 5448 11044 8303
f 8465 8458 5449
f 5449 8458 12254
f 5450 11067 7695
f 5450 7695 12422
f 8249 8038 5450
f 5450 8038 11067
f 8249 5450 8737
f 10755 8737 5450
f 10755 5450 12422
f 5614 5617 5451
f 5453 12142 7639
f 13425 12696 5454
f 12920 5581 5455
f 5455 12129 6698
f 5461 8047 5456
f 5461 5456 12733
f 5467 5456 8047
f 5467 8327 5456
f 5456 8327 12733
f 5476 8361 5457
f 5476 5457 11189
f 5457 8361 13568
f 5459 11338 8455
f 5459 11252 8458
f 5459 8458 11338
f 12093 11252 5459
f 12920 5460 5581
f 12790 8047 5461
f 12464 5677 5462
f 12464 5462 12919
f 11502 5463 11661
f 5464 10086 12398
f 5464 12467 10086
f 5464 12398 12673
f 5464 12750 12467
f 5464 12673 12746
f 5464 12746 12750
f 7699 5465 10643
f 7699 10870 5465
f 10055 5465 10049
f 10049 5465 10870
f 10055 10642 5465
f 5465 10642 10643
f 5466 8226 9978
f 12866 5466 9978
f 10799 5466 10798
f 10798 5466 12866
f 5467 8047 12209
f 5467 11977 8327
f 5467 10853 11977
f 5467 12209 10853
f 6844 12279 5468
f 6844 5468 12280
f 12456 12455 5470
f 12460 12456 5470
f 12460 5470 12909
f 5473 8151 5495
f 12095 5474 11276
f 12095 12006 5474
f 5476 5635 11741
f 5476 11741 8361
f 5486 5638 5477
f 6811 10781 5480
f 6811 5480 13083
f 5480 10781 11807
f 5480 11807 12169
f 5482 7602 7908
f 5482 7908 8193
f 5482 8193 8194
f 5482 8194 8195
f 6414 11824 5484
f 6633 5484 11824
f 12831 12602 5485
f 13061 5485 12602
f 5488 5486 5487
f 5488 5818 5486
f 5486 5991 5638
f 5486 5818 5991
f 10744 5490 10488
f 5658 5491 5492
f 5492 5491 5852
f 5658 9555 5491
f 10263 5493 7466
f 11053 7466 5493
f 10263 10567 5493
f 5749 11533 5494
f 5494 11533 6162
f 11626 5494 6162
f 11626 8846 5494
f 7604 5495 8151
f 6143 5496 6203
f 5498 6283 6253
f 5498 7385 6283
f 5498 7297 7385
f 5574 7513 5499
f 7513 8787 5499
f 8787 8803 5499
f 6415 5501 11824
f 6633 5501 6501
f 13581 6501 5501
f 6633 11824 5501
f 10399 5503 10371
f 5504 7566 7601
f 10418 5504 7601
f 7632 10051 5504
f 7632 5504 10418
f 9547 12589 5506
f 12813 5506 12589
f 12813 13037 5506
f 6099 5507 8075
f 12812 5507 6099
f 7065 5508 7878
f 13055 5508 7065
f 5508 10191 7878
f 5510 12584 12808
f 5674 8105 5511
f 5515 5512 7948
f 5687 9930 5513
f 5687 5513 10534
f 13550 8308 5513
f 13550 5513 9930
f 5516 6591 5521
f 6598 5516 5521
f 12077 6591 5516
f 7330 9228 5519
f 7330 5519 12853
f 7404 5519 9228
f 7404 11017 5519
f 6591 12028 5521
f 6598 5521 9100
f 9100 5521 6626
f 6083 9653 5522
f 8325 5522 7513
f 7513 5522 9653
f 5682 5523 11856
f 8056 11856 5523
f 5547 11308 5524
f 5682 5524 11308
f 11558 5524 5682
f 6154 6228 5527
f 6188 5527 6228
f 12914 5529 5570
f 5706 5529 9822
f 9822 5529 12914
f 5530 7438 11031
f 10079 5531 10078
f 10078 5531 10873
f 10379 10659 5531
f 10659 10873 5531
f 5541 5539 5532
f 5535 5890 5536
f 5535 5695 5890
f 5562 5537 11050
f 5562 11241 5537
f 5537 11825 11050
f 5538 12807 5785
f 5549 5539 5541
f 12136 5539 5549
f 9971 5540 5624
f 8484 5540 9971
f 13436 5540 8484
f 11024 5540 13436
f 5553 5541 5542
f 5553 5549 5541
f 5551 5702 5542
f 5702 5553 5542
f 5543 5691 5552
f 5544 8899 7297
f 8797 8874 5544
f 8874 8899 5544
f 5545 8755 5697
f 5545 12121 8755
f 5546 10561 10794
f 5546 11047 10561
f 5547 12135 5700
f 5548 10547 9315
f 5710 5549 5553
f 9155 6169 5550
f 5551 5704 5702
f 5552 5691 5694
f 6088 5552 5694
f 6088 5703 5552
f 6418 5556 5554
f 12031 5554 5556
f 6169 5554 6271
f 6169 6418 5554
f 5711 5555 5726
f 5725 5726 5555
f 12047 12031 5556
f 12047 5556 12100
f 8782 5557 11530
f 7622 9161 5559
f 5559 9161 12922
f 9274 5562 11050
f 5562 12070 11241
f 7116 5565 11892
f 7116 12744 5565
f 8672 8407 5565
f 8407 11892 5565
f 12749 8672 5565
f 12749 5565 12744
f 6686 8162 5566
f 6686 5566 9310
f 10113 5570 7383
f 12820 5570 10113
f 12914 5570 12820
f 12308 7483 5572
f 5574 8325 7513
f 13156 5581 6851
f 7882 5583 6820
f 12965 6820 5583
f 12735 9243 5586
f 12737 5586 9243
f 5588 12727 12728
f 5589 5592 5591
f 12272 5589 5591
f 12514 5592 5589
f 5765 5591 5592
f 5765 5596 5591
f 5765 5592 12103
f 12514 12103 5592
f 11246 11235 5593
f 11246 5593 13556
f 5594 5767 5768
f 13348 5594 5768
f 13348 11246 5594
f 11246 13556 5594
f 13537 8596 5595
f 11860 9631 5595
f 13537 5595 9631
f 12033 5597 5596
f 10040 5596 5765
f 10040 12033 5596
f 10129 5597 5602
f 11846 5602 5597
f 11846 5597 12033
f 12589 5598 9650
f 12448 5598 11755
f 9504 5599 12723
f 5600 5602 5601
f 12133 5600 5601
f 10129 5602 5600
f 5601 5602 5605
f 8723 5601 5605
f 5602 5959 5605
f 11846 5959 5602
f 5603 5770 5604
f 5603 5606 5610
f 5603 5610 5770
f 10357 5767 5604
f 10357 5604 5770
f 5773 5605 5962
f 8723 5605 5773
f 5962 5605 5959
f 5610 5606 5609
f 5607 7376 7424
f 5607 9275 7376
f 7536 5607 7424
f 5608 8788 12133
f 5612 12122 5609
f 5770 5610 5774
f 5611 5613 5614
f 5612 5615 7617
f 5612 7617 12122
f 5776 5613 7560
f 5615 5618 5622
f 5615 7543 5618
f 5615 5622 7617
f 5616 5779 5972
f 5616 7617 5779
f 5616 5972 5782
f 5616 5782 6770
f 12122 5616 6770
f 12122 7617 5616
f 5618 7543 5621
f 13573 5619 13575
f 11839 5744 5620
f 12220 5620 5744
f 12254 8435 5621
f 7617 5622 5779
f 12174 12137 5623
f 9690 5624 9018
f 11569 8009 5625
f 11569 5625 9109
f 11980 9109 5625
f 5626 7521 11276
f 5627 11976 9196
f 8414 5628 12477
f 8414 12709 5628
f 10522 7958 5629
f 13337 5629 7958
f 8773 9568 5630
f 5631 8828 11862
f 5631 9868 9924
f 5631 11862 9868
f 5632 5730 6309
f 5632 6309 6229
f 8424 5632 6229
f 5633 11519 6862
f 12606 5634 7361
f 11203 11741 5635
f 5637 5636 5804
f 5636 5802 5804
f 5805 5802 5636
f 5809 5637 5804
f 5991 13075 5638
f 5639 5811 5812
f 5641 13560 9399
f 5642 7606 6976
f 9505 5642 6976
f 5642 13164 7606
f 9505 13437 5642
f 5643 7616 11963
f 5644 6183 6443
f 12480 6183 5644
f 6915 5644 6443
f 10593 5644 6915
f 10929 7188 5646
f 10929 5646 7189
f 7823 5646 11190
f 11267 5647 5657
f 5647 11461 5657
f 5647 8822 11047
f 11267 8822 5647
f 6903 5649 9515
f 6903 12940 5649
f 10593 6915 5649
f 6915 12256 5649
f 9515 5649 12256
f 10593 5649 12940
f 11451 8584 5652
f 11066 5652 11042
f 11451 5652 11066
f 7496 5656 7629
f 7496 11150 5656
f 10689 7629 5656
f 10689 5656 10191
f 9628 11464 5657
f 9628 5657 11877
f 11267 5657 11464
f 11877 5657 11461
f 5658 6006 5666
f 5658 5666 9555
f 10218 5659 5708
f 5659 7981 11015
f 6931 5660 12273
f 12273 5660 12701
f 5662 7572 10107
f 7799 5662 10420
f 7799 10529 5662
f 5662 10107 10420
f 5663 9012 7559
f 5663 7559 11016
f 5663 12642 9012
f 5833 5664 6016
f 6932 5665 12927
f 5666 6006 5830
f 5667 7329 10921
f 5667 10921 10447
f 5668 13466 13446
f 5669 8917 6293
f 5669 6293 10375
f 9396 7635 5669
f 9396 5669 10375
f 5670 10775 6491
f 5670 6491 13450
f 6708 10775 5670
f 6708 5670 13391
f 13391 5670 10527
f 10527 5670 13450
f 8263 6297 5671
f 5671 6869 8270
f 5671 12212 6869
f 8263 5671 8270
f 5672 10117 6877
f 5672 6877 10693
f 5672 7734 10117
f 5672 10118 7734
f 5685 5673 5999
f 5673 6235 5999
f 5673 6004 6235
f 11639 6004 5673
f 5674 6030 11199
f 5674 12084 8105
f 5674 11199 12084
f 5809 5675 9496
f 5675 6430 6431
f 5675 6431 9496
f 12464 7070 5677
f 9651 9361 5679
f 9361 9935 5679
f 9651 5679 10403
f 10223 10403 5679
f 5680 9233 9236
f 5680 9528 9233
f 10425 5680 9236
f 10111 9528 5680
f 5847 6034 5681
f 6034 11130 5681
f 11130 13209 5681
f 11558 5682 11856
f 8021 5683 5881
f 5881 5683 11856
f 11680 5883 5683
f 5683 5883 12063
f 8021 11680 5683
f 11558 11856 5683
f 11558 5683 12063
f 5684 5883 5885
f 12063 5883 5684
f 5807 5685 5999
f 9947 5686 8548
f 10443 5686 9380
f 7514 5687 10534
f 7514 10537 5687
f 5687 8296 9930
f 5687 10537 8296
f 10531 5688 10532
f 10532 5688 11072
f 13123 11072 5688
f 9363 8841 5692
f 8841 10487 5692
f 10541 5692 10487
f 10541 10738 5692
f 5693 9128 10888
f 5693 13332 13508
f 5894 6088 5694
f 5893 5890 5695
f 5893 5695 10324
f 5902 5697 8755
f 5902 9314 5697
f 9192 5698 8935
f 5698 13442 9248
f 5707 12121 5700
f 5707 5700 12984
f 12135 12984 5700
f 10178 7526 5701
f 10178 5701 7766
f 6088 6091 5703
f 5704 5900 5901
f 5705 13322 6651
f 5705 10473 13216
f 5705 13216 13322
f 5706 7839 8842
f 5706 9822 7839
f 5706 8842 8837
f 5905 5904 5707
f 5904 8755 5707
f 5905 5707 12984
f 8755 12121 5707
f 10218 5708 7550
f 9656 8392 5709
f 13570 5709 8392
f 5908 5710 5909
f 8198 5712 7634
f 6848 7652 5713
f 5714 5947 8583
f 5714 11001 8584
f 11437 5714 8584
f 5717 5718 5719
f 5717 5721 5718
f 5718 5734 5719
f 5720 7213 11268
f 5720 11271 7213
f 5720 7466 11053
f 5720 11053 11270
f 5720 11270 11271
f 5977 11607 5723
f 5977 5723 12231
f 11302 5723 8038
f 11302 12231 5723
f 6211 9058 5727
f 5727 8284 11604
f 5727 9058 13568
f 11985 11145 5730
f 5731 5787 6309
f 8323 11607 5731
f 7994 7654 5732
f 7994 5732 7996
f 5740 5928 5733
f 5736 7958 10522
f 12183 5737 6836
f 12599 6836 5737
f 12183 6950 5737
f 12599 5737 12600
f 7688 5739 12790
f 12790 5739 10863
f 7223 5741 11270
f 11271 11270 5741
f 11271 5741 11686
f 13264 11686 5741
f 5743 6741 9443
f 12830 6741 5743
f 5743 9443 12131
f 12373 5743 12131
f 12373 12841 5743
f 12830 5743 12598
f 12841 12598 5743
f 11254 5750 5744
f 12220 5744 5750
f 5979 11254 5744
f 5979 5744 11839
f 5745 9168 9164
f 9823 5745 9164
f 5745 9173 9168
f 5769 5746 5748
f 5769 7669 5746
f 5769 5748 9313
f 8631 8779 5748
f 8779 9313 5748
f 11304 12204 5750
f 12220 5750 12204
f 5752 5781 12020
f 5752 12425 5781
f 6487 5752 12018
f 6487 12425 5752
f 6173 5753 6171
f 5793 5756 6072
f 5757 13200 13473
f 13474 5757 13473
f 6171 5758 6170
f 5759 5761 12037
f 12333 5761 5759
f 5759 12037 12103
f 12514 5759 12103
f 11379 11939 5760
f 12431 12333 5760
f 5950 11849 5761
f 12333 5950 5761
f 5761 11849 11420
f 5761 11420 12037
f 6362 11136 5762
f 11136 7840 5762
f 8642 10212 5763
f 11494 5764 5953
f 13348 5953 5764
f 11494 5956 5764
f 13348 5764 11939
f 10040 5765 5951
f 5765 12103 5951
f 12359 5766 6101
f 12359 12586 5766
f 12811 5766 12586
f 13032 5766 12811
f 5767 10400 5768
f 10357 5771 5767
f 5767 5771 10400
f 5953 5768 10400
f 13348 5768 5953
f 5769 12282 7669
f 5965 5964 5771
f 10357 5965 5771
f 11658 5773 5962
f 11658 5967 5773
f 12015 5773 5967
f 12015 8723 5773
f 11845 5774 5970
f 6778 7363 5775
f 5775 7925 7642
f 5777 5776 7560
f 5777 12013 5776
f 5783 5776 12013
f 5777 9623 5971
f 5777 5971 12013
f 5777 7560 9646
f 5777 9646 9623
f 6573 6330 5778
f 9542 5778 6330
f 5780 7499 12938
f 13112 5781 12425
f 13112 12668 5781
f 5973 5782 5972
f 6191 5782 5973
f 5783 5974 5975
f 5783 12013 5974
f 5784 8382 8371
f 8382 5784 12339
f 7700 5786 7685
f 6229 6309 5787
f 11263 6229 5787
f 5787 8990 11263
f 8141 5788 7845
f 5790 11962 5789
f 5790 5789 11985
f 5789 11145 11985
f 5789 11962 11978
f 5790 11157 11962
f 5790 11985 13337
f 12154 5791 12803
f 13587 5791 12154
f 5791 13397 12802
f 13587 13397 5791
f 5792 12055 9241
f 6910 5794 6908
f 6910 8235 5794
f 10022 5796 10221
f 10022 12776 5796
f 5796 11910 10221
f 13571 5797 6677
f 12636 5798 12376
f 12636 12576 5798
f 5801 7321 5799
f 5801 5799 8175
f 7321 11603 5799
f 8175 5799 13558
f 11402 5799 11603
f 11402 13558 5799
f 5810 5800 8162
f 5810 8196 5800
f 5801 8175 11953
f 5804 5802 5803
f 11088 6429 5803
f 6450 6225 5806
f 11562 5806 6225
f 5996 5807 5999
f 5808 6653 6646
f 5814 5809 9496
f 8089 5810 7680
f 8089 8196 5810
f 11563 12639 5811
f 5829 7681 5815
f 7681 8177 5815
f 7685 5815 8177
f 12234 5817 12022
f 12236 12023 5817
f 12659 5817 12234
f 12236 5817 12659
f 5820 6289 6063
f 6767 6766 5820
f 5825 12436 12435
f 12073 13619 5826
f 13223 5826 13619
f 11373 5828 11732
f 11374 5828 11635
f 5829 7652 12280
f 5829 12280 7681
f 6006 6013 5830
f 6241 5830 6013
f 12128 5831 6390
f 5831 11965 12542
f 5831 12543 11965
f 12128 12543 5831
f 11465 5834 6592
f 11465 11272 5834
f 12759 5836 12102
f 5836 12329 12515
f 5847 5840 6034
f 5843 11351 8498
f 10160 12190 5843
f 5843 12188 11351
f 5843 12190 12188
f 5844 13209 5848
f 8488 5845 12248
f 10160 5845 11442
f 10160 12248 5845
f 10426 11904 5846
f 5846 11904 12516
f 6032 5848 13209
f 5849 6043 5850
f 5849 5864 5856
f 5849 5856 6043
f 6268 6035 5850
f 6265 5850 6043
f 6268 5850 6265
f 5851 5858 11928
f 7778 5853 9873
f 9873 5853 11019
f 13366 13368 5854
f 13368 13369 5854
f 11896 5855 11037
f 11037 5855 12158
f 5856 5864 5871
f 12257 12035 5861
f 12257 5861 12686
f 8779 5862 9313
f 5862 9289 9290
f 10717 5871 5864
f 5866 10208 10771
f 5866 13611 10208
f 6671 5875 5867
f 5868 8547 11350
f 5868 11540 8547
f 5868 11350 11212
f 11403 5868 11212
f 11403 11540 5868
f 5869 8282 6301
f 5869 8285 8282
f 5870 11512 11416
f 5870 11416 11518
f 5870 11521 11512
f 5870 11518 11548
f 5870 11537 11521
f 5870 11548 11537
f 10717 11084 5871
f 5872 13433 10932
f 12151 10015 5874
f 11056 5874 13639
f 5876 7992 6323
f 5876 9335 7992
f 5986 5877 10942
f 5986 11416 5877
f 11512 5877 11416
f 5924 5878 5917
f 9045 5878 13496
f 5879 11505 10637
f 5879 10637 11512
f 5879 11403 11411
f 5879 11521 11403
f 5879 11411 11505
f 5879 11512 11521
f 5880 6067 6070
f 8021 5881 6071
f 8056 6071 5881
f 8056 5881 11856
f 5882 8492 8491
f 11348 5882 8491
f 5882 12158 8492
f 11037 12158 5882
f 6073 5885 5883
f 11680 6073 5883
f 5884 7715 8167
f 8086 7749 5884
f 10577 5885 6073
f 8247 5886 8004
f 11202 10734 5887
f 11407 11202 5887
f 5888 8015 8010
f 8521 8015 5888
f 8521 5888 8522
f 5893 5889 5890
f 5891 13064 7539
f 7645 5891 7619
f 7645 11734 5891
f 5891 11734 13064
f 5896 5892 5920
f 10229 10248 5892
f 9172 5893 10324
f 5894 6087 6088
f 5894 6308 6087
f 7116 5895 12744
f 12089 5895 11891
f 12504 5895 12089
f 12504 12744 5895
f 5896 12501 7779
f 13519 13520 5897
f 5903 5898 5902
f 5902 5898 9314
f 6095 5898 5903
f 6092 9314 5898
f 7793 5899 5934
f 5899 12182 5934
f 7776 5899 7841
f 7776 12182 5899
f 9159 5899 7793
f 9159 7841 5899
f 5900 6093 6094
f 5901 5910 5909
f 5904 5903 5902
f 5904 5902 8755
f 11365 11441 5906
f 11365 5906 11442
f 5906 11432 11378
f 12190 5906 11378
f 11441 11432 5906
f 12190 11442 5906
f 5912 5907 10925
f 11870 5907 5912
f 5907 9619 11876
f 5907 11876 10925
f 9619 5908 11876
f 9856 5911 8031
f 5912 10925 6102
f 11852 11870 5912
f 8039 6397 5914
f 8280 5914 6397
f 8039 5914 7562
f 8538 5916 6075
f 11120 5916 8538
f 11120 11191 5916
f 5924 5917 7943
f 8306 7943 5917
f 12472 11103 5918
f 11366 5918 11672
f 10821 11443 5921
f 7124 8688 5926
f 7124 5926 12490
f 5926 8688 9659
f 5926 9659 9125
f 12489 5926 9125
f 12489 12490 5926
f 7120 5930 12292
f 7120 12487 5930
f 12487 12710 5930
f 5997 5931 11904
f 5997 12096 5931
f 9499 12516 5931
f 12517 9499 5931
f 12516 11904 5931
f 12517 5931 12096
f 5932 11418 5937
f 5932 5937 11472
f 11460 5932 8488
f 11460 11418 5932
f 5934 6862 10480
f 12182 6862 5934
f 8031 5935 8030
f 8030 5935 8923
f 8923 5935 8556
f 6349 5936 6343
f 5937 11481 11472
f 8051 5939 7759
f 7759 5939 10590
f 8299 5939 8051
f 8300 6432 5942
f 5942 6432 8568
f 8046 8297 5942
f 8046 5942 8931
f 8300 5942 8297
f 5942 8568 8931
f 8310 6441 5943
f 8310 5943 7773
f 11916 6153 5944
f 13477 5946 6331
f 11071 8583 5947
f 10839 5947 10825
f 11071 5947 10839
f 5949 12037 11420
f 5949 12120 12037
f 12431 6178 5950
f 12527 5950 6178
f 12527 11849 5950
f 12431 5950 12333
f 10040 5951 5957
f 5951 12103 12120
f 7435 7731 5952
f 6258 5953 10400
f 11494 5953 6258
f 5954 7068 7458
f 5954 7458 7455
f 5954 7455 8081
f 5954 8081 8082
f 11440 5955 5995
f 11681 6075 5955
f 6177 6178 5956
f 6177 5956 11494
f 12431 5956 6178
f 10040 5957 10515
f 8906 5958 5960
f 8906 11846 5958
f 12033 10515 5958
f 11846 12033 5958
f 8906 5962 5959
f 8906 5959 11846
f 8906 5960 9757
f 11503 9757 5960
f 11080 11503 5960
f 12492 12694 5961
f 12694 12930 5961
f 8906 9757 5962
f 11466 5962 9757
f 11466 11658 5962
f 5963 6839 6979
f 5963 8345 6839
f 5963 6979 10103
f 5963 10103 8339
f 6184 6185 5965
f 11273 5966 7524
f 11468 5966 11273
f 11470 5966 11468
f 5969 5968 5967
f 12015 5967 5968
f 9646 5968 9623
f 9646 12015 5968
f 5970 9899 8771
f 5970 8771 11125
f 11845 5970 11125
f 6193 6112 5971
f 6194 5971 6112
f 6193 5971 9623
f 12013 5971 6194
f 9818 5973 5972
f 6195 6191 5973
f 6194 11647 5974
f 12013 6194 5974
f 11839 5975 13627
f 5976 7885 8942
f 5978 6204 8293
f 5978 8340 6204
f 5978 8293 11841
f 5978 13333 8340
f 5978 11841 8364
f 5978 8364 13333
f 5979 13627 8383
f 5979 11839 13627
f 6202 5980 11646
f 8383 5980 11834
f 13627 5980 8383
f 13627 11646 5980
f 5981 12006 8148
f 6921 7300 5982
f 11400 11518 5984
f 5989 8090 5985
f 5989 5985 8091
f 5985 8090 10296
f 5985 10296 8092
f 5986 10942 11459
f 11189 5987 6011
f 9058 6211 5988
f 7113 5988 8311
f 5989 7806 10065
f 5989 10305 7806
f 5989 10065 8090
f 5989 8091 10305
f 6960 6439 5990
f 5993 13075 5991
f 7942 8217 5992
f 8217 8220 5992
f 5994 13075 5993
f 5994 5993 13098
f 6763 5994 13098
f 11563 13075 5994
f 11085 11440 5995
f 5996 5999 6108
f 5997 9779 12096
f 5997 11904 11706
f 6108 5999 6235
f 6000 8090 10065
f 6000 10296 8090
f 9119 6000 10059
f 9119 10296 6000
f 10059 6000 10618
f 11277 6001 9839
f 13311 9839 6001
f 11695 13311 6001
f 8696 11519 6004
f 11639 8696 6004
f 6005 10774 8093
f 10054 6005 9491
f 10054 10774 6005
f 10525 7545 6008
f 10525 6008 10274
f 10274 6008 13033
f 13033 6008 10762
f 7476 6009 7199
f 7477 7199 6009
f 7476 8096 6009
f 8100 7477 6009
f 8100 6009 10258
f 6012 12050 6216
f 6014 8097 9378
f 6014 9378 9258
f 13604 6014 9258
f 6015 8022 10372
f 6015 11358 8022
f 6015 10372 10902
f 6245 6016 6244
f 6018 11264 10224
f 6262 6020 12433
f 6902 6021 9140
f 6902 10258 6021
f 9550 6021 7781
f 13604 7781 6021
f 9140 6021 9550
f 13604 6021 10258
f 6022 10069 9974
f 6022 10035 10069
f 6259 6725 6024
f 6027 13490 8189
f 12436 6028 6495
f 7747 12237 6028
f 12557 7747 6028
f 12436 12557 6028
f 8364 8429 6029
f 8364 6029 13333
f 6029 8429 12092
f 6029 11263 8990
f 6029 8990 13333
f 6029 12092 11263
f 6031 6972 7377
f 11130 6032 13209
f 6033 9937 8749
f 6034 11750 11130
f 6268 6476 6035
f 6875 6036 12002
f 12411 6036 6875
f 12410 6036 8209
f 12411 8209 6036
f 12001 12002 6036
f 12410 12001 6036
f 6037 6859 8101
f 6037 10052 6859
f 9251 6037 8389
f 6038 6475 6480
f 6038 6480 11211
f 6911 6040 6139
f 6911 12382 6040
f 12382 7366 6040
f 6041 6050 6042
f 6041 6042 6266
f 6044 7859 6285
f 6044 7858 7859
f 11366 10847 6045
f 11140 11185 6045
f 6046 7084 12296
f 6046 12623 7084
f 6046 9392 12164
f 6046 12395 9392
f 6046 12164 12623
f 6046 12296 12395
f 6994 6047 6936
f 6936 6047 12394
f 6994 9545 6047
f 12197 6047 9545
f 12387 6047 12197
f 12387 12394 6047
f 6048 13226 7283
f 9157 6048 9155
f 9157 11336 6048
f 6048 11336 13226
f 12392 11601 6049
f 12525 6049 11601
f 12768 12392 6049
f 12768 6049 12619
f 6051 12450 6274
f 6051 6274 12678
f 6051 12449 12450
f 6052 12177 7168
f 6052 7168 13061
f 6052 12179 12177
f 6052 13061 12602
f 6053 9008 9113
f 6053 10327 9008
f 8725 6054 8859
f 8725 9146 6054
f 8859 6054 10823
f 9146 8992 6054
f 6055 6056 6060
f 10207 6057 11401
f 7904 7907 6059
f 7904 6059 8476
f 7907 8824 6059
f 8115 6061 8734
f 8736 8734 6061
f 6064 8984 9887
f 9633 6064 9887
f 6065 6229 11263
f 12093 6229 6065
f 11252 6065 8435
f 6065 12092 8435
f 12093 6065 11252
f 6065 11263 12092
f 6066 6068 9718
f 9701 6069 6078
f 9768 6069 9701
f 6070 6772 6507
f 8021 6071 9610
f 8182 6071 8056
f 9701 9713 6072
f 6073 6074 10500
f 11680 6074 6073
f 10577 6073 10500
f 6296 6074 8241
f 6296 10500 6074
f 11516 8241 6074
f 11680 11516 6074
f 8538 6075 11681
f 9701 6078 9713
f 6088 6087 6091
f 6091 6087 6313
f 6087 6516 6313
f 7884 6089 6104
f 6104 6089 10166
f 8063 8181 6089
f 8063 6089 8814
f 8181 10166 6089
f 6312 6090 6311
f 6312 6515 6090
f 6090 6515 9172
f 6090 9172 10324
f 6313 6093 6091
f 6314 6311 6092
f 9356 6097 7151
f 7151 6097 9688
f 7259 6097 7408
f 7259 9688 6097
f 9931 7408 6097
f 9931 6097 9356
f 6319 6098 6106
f 12362 6099 6320
f 12812 6099 12362
f 12359 6101 12165
f 10085 6102 10925
f 7500 6103 8642
f 7582 6104 7587
f 7587 6104 10166
f 7884 6104 7887
f 9987 12306 6105
f 10328 11114 6105
f 10328 6105 12306
f 6105 11114 11076
f 6531 6319 6106
f 7092 6531 6106
f 6534 6535 6107
f 6535 6537 6107
f 6107 6537 9929
f 6108 6235 11517
f 6109 13438 8331
f 6109 9069 13258
f 12079 6109 13258
f 12079 13422 6109
f 6109 13422 13438
f 6111 7892 8178
f 6111 10410 7892
f 10161 6111 8178
f 6404 6112 6193
f 6196 6194 6112
f 6545 6116 6113
f 6545 6113 6117
f 6114 6484 6198
f 6124 8738 6120
f 6124 6120 9554
f 11337 6122 6121
f 6556 11337 6121
f 11337 6123 6122
f 6870 6124 6287
f 6870 8738 6124
f 6125 12518 12524
f 7927 8028 6126
f 8138 7927 6126
f 6126 8028 13584
f 8138 6126 9983
f 6834 6849 6128
f 6316 8178 6132
f 8178 7892 6132
f 6134 8128 8129
f 8422 6134 8421
f 10410 6135 6137
f 6135 10641 6137
f 6135 7570 10641
f 10410 7886 6135
f 7892 10410 6137
f 6137 10641 7945
f 6141 8131 7074
f 10747 6141 7074
f 6141 9983 9986
f 10747 9983 6141
f 7849 6362 6144
f 7849 6144 8430
f 6147 6595 12308
f 6147 12309 6595
f 12308 8110 6147
f 8110 12740 6147
f 6147 12740 12309
f 8745 10100 6148
f 10100 9062 6148
f 6150 6228 6198
f 6151 6359 6360
f 11880 6152 6605
f 6152 12300 7093
f 6156 9686 6294
f 10696 9686 6156
f 11029 6158 7251
f 6158 7548 8144
f 11029 7548 6158
f 6158 8144 8141
f 11279 12462 6161
f 6161 12462 12618
f 6165 9719 9718
f 6166 8607 9921
f 10520 8607 6166
f 10517 6166 9921
f 10516 6166 10517
f 11003 6166 10516
f 11003 10520 6166
f 7633 7428 6168
f 8143 6168 7428
f 8143 10419 6168
f 9155 6418 6169
f 6372 6170 6172
f 6174 6173 6171
f 6174 6586 6173
f 6365 6173 6586
f 9334 6175 6377
f 9334 6379 6175
f 6379 11663 6175
f 6175 11663 11848
f 10018 6176 7975
f 7975 6176 10696
f 6176 9197 9664
f 10018 9197 6176
f 6176 9664 9686
f 10696 6176 9686
f 6177 11974 6178
f 6177 6384 9202
f 6177 11494 6384
f 6177 9202 11974
f 12527 6178 11974
f 8156 8147 6180
f 8147 8778 6180
f 6181 6375 7203
f 6181 11328 6375
f 6181 7203 6376
f 6181 6376 11849
f 12527 11328 6181
f 12527 6181 11849
f 6442 12064 6182
f 6184 8302 6185
f 6184 11845 8302
f 6402 6403 6187
f 6192 11656 6190
f 6190 11656 8771
f 6613 6614 6192
f 6403 6404 6193
f 6196 11647 6194
f 6406 6407 6195
f 6199 6196 8671
f 6199 11647 6196
f 6197 6610 6615
f 8633 6610 6197
f 8396 6199 6200
f 6200 6199 8671
f 8396 11646 6199
f 6620 6200 6617
f 6620 8396 6200
f 8880 8873 6201
f 11679 6201 8873
f 8880 6201 8905
f 6621 6202 8396
f 11636 6202 6621
f 8396 6202 11646
f 6204 11121 8293
f 8340 10282 6204
f 6204 10282 11044
f 6204 11044 11121
f 6205 9770 6233
f 6206 9174 11834
f 6208 8286 8284
f 6208 8284 8719
f 11402 6424 6209
f 11426 6209 6424
f 6209 8013 7837
f 6209 7837 13558
f 11426 8013 6209
f 11402 6209 13558
f 11067 6210 7729
f 6210 11823 7729
f 8912 6212 6253
f 8756 8754 6212
f 8462 8161 6213
f 8784 6215 8005
f 8135 8800 6215
f 11281 6216 11850
f 6216 12050 11850
f 11589 6217 6427
f 6217 11087 7207
f 11589 11087 6217
f 6218 6779 6221
f 6218 6221 11091
f 7021 6218 6420
f 7113 6420 6218
f 7021 6779 6218
f 7113 6218 11091
f 12278 8146 6219
f 6234 12273 6220
f 6220 12701 9594
f 6220 12273 12701
f 7207 11087 6221
f 6222 6223 6763
f 10899 11353 6222
f 6224 6451 9600
f 6224 9864 6451
f 9598 9864 6224
f 11367 6225 6445
f 11367 11562 6225
f 12093 8424 6229
f 6230 6469 12050
f 6231 6434 6943
f 7874 7867 6232
f 12274 6233 9611
f 9611 6233 12642
f 9770 12642 6233
f 12058 6234 7091
f 12058 12273 6234
f 9601 6236 12271
f 9601 12473 6236
f 7229 6239 7233
f 7229 7302 6239
f 12620 6239 7302
f 7374 6239 12988
f 12620 12988 6239
f 7151 9688 6240
f 6241 6461 6247
f 8045 6248 8171
f 8810 6248 8045
f 8810 8053 6248
f 8807 8171 6248
f 7879 6251 8174
f 6252 7100 6421
f 6252 7185 7100
f 6254 8884 8394
f 6256 12084 11199
f 6258 6388 8650
f 11494 6258 8650
f 6259 7015 6725
f 6259 7024 7015
f 6259 13175 7024
f 6463 6262 12433
f 8930 6263 8385
f 8385 6263 11701
f 6266 6481 6264
f 12260 12009 6267
f 12260 6267 13508
f 6269 6272 6270
f 8033 6271 6303
f 12266 6273 6757
f 12469 6273 12266
f 12469 12693 6273
f 6275 6454 8378
f 6275 8394 6454
f 6275 8378 8880
f 6275 8880 11613
f 6282 6281 6276
f 10743 6277 10971
f 6280 6447 7041
f 6497 6284 6505
f 6505 6284 11084
f 6604 6286 11433
f 11191 6286 8653
f 11120 6286 11191
f 11120 12498 6286
f 12498 11433 6286
f 6870 6287 6292
f 9551 6500 6288
f 6500 11524 6288
f 6290 12198 9661
f 6290 12296 12198
f 12395 12296 6290
f 12395 6290 13085
f 8968 6291 8928
f 6291 9240 8928
f 6870 6292 11859
f 11859 6292 7943
f 8263 8270 6293
f 8263 6293 8917
f 7854 8442 6294
f 6783 6296 8241
f 6783 11006 6296
f 12810 10500 6296
f 11006 12810 6296
f 6298 7156 12393
f 6298 12393 9641
f 12658 6298 9641
f 12375 6298 12658
f 6967 12027 6299
f 7933 6300 7959
f 7933 8551 6300
f 6301 7775 7064
f 7973 7775 6301
f 7973 6301 8282
f 7917 7933 6302
f 7917 6302 8838
f 7933 7959 6302
f 8237 6306 7454
f 12408 7454 6306
f 12408 6306 10572
f 6307 8123 8149
f 6308 6790 6794
f 6310 12209 10863
f 6310 11325 13251
f 6310 13251 12209
f 6516 6517 6313
f 7796 6315 8924
f 6316 6321 8179
f 6316 8179 8178
f 6804 6317 6528
f 6529 6317 6804
f 11531 6527 6318
f 11531 6318 7096
f 6531 6807 6319
f 11956 6320 6542
f 11956 11955 6320
f 12362 6320 11955
f 8179 6321 9217
f 8469 10048 6321
f 6321 10048 9217
f 7737 7898 6322
f 8870 7737 6322
f 8924 8870 6322
f 9098 8924 6322
f 6323 7992 7386
f 9032 6325 12448
f 8256 6333 6326
f 8256 6326 8158
f 7252 8181 6327
f 7252 6327 8472
f 8063 6327 8181
f 8063 11327 6327
f 6327 9632 8472
f 6327 11327 9632
f 6328 6824 6826
f 9542 6330 9810
f 8133 10433 6332
f 8433 6332 8134
f 8134 6332 10433
f 8433 8761 6332
f 6334 8836 8835
f 9231 6334 8835
f 6340 6337 6544
f 6340 11838 6337
f 10963 11209 6339
f 6340 7041 9028
f 6340 9028 11838
f 6341 9717 6554
f 11948 6341 6554
f 13587 9717 6341
f 11948 9824 6341
f 9824 13397 6341
f 13587 6341 13397
f 6342 7533 6382
f 6342 6382 7682
f 9438 7533 6342
f 6342 7682 7675
f 6342 7675 8962
f 9438 6342 8962
f 7245 7235 6344
f 7245 6344 7542
f 11942 6345 6563
f 12352 6345 11942
f 9150 11900 6346
f 6346 13567 11702
f 6346 11900 13567
f 6348 10779 7226
f 10677 10779 6348
f 6358 6350 11954
f 6352 11951 6492
f 7664 6353 6488
f 9438 6488 6353
f 9438 6353 7533
f 13601 7533 6353
f 7664 7575 6353
f 13601 6353 7575
f 9772 6355 6871
f 6356 10477 7812
f 6356 10478 10477
f 6357 6360 6578
f 9399 6361 9293
f 9399 13560 6361
f 7849 7844 6362
f 7844 11136 6362
f 6865 6873 6363
f 7598 9409 6364
f 7598 6364 11768
f 8974 8600 6364
f 8974 6364 9409
f 6366 7008 10115
f 8217 6367 8220
f 6369 7153 7157
f 6371 8388 8266
f 6371 10159 8388
f 11771 6373 7576
f 9477 8937 6373
f 13047 9301 6374
f 6375 6887 7203
f 11328 9016 6375
f 6376 7203 6377
f 6376 11420 11849
f 6378 10723 7812
f 6378 7812 10725
f 6378 10725 10475
f 6378 10475 10827
f 6594 6593 6379
f 6593 11663 6379
f 6380 11080 6381
f 6380 6386 11503
f 6380 11503 11080
f 6593 6381 7075
f 6593 7334 6381
f 6381 11080 7075
f 13601 6382 7533
f 13601 8997 6382
f 6383 6894 6891
f 6383 6891 13021
f 11494 8650 6384
f 6384 8650 13021
f 11900 9703 6385
f 11900 6385 9779
f 9779 6385 12096
f 8965 6393 6386
f 11503 6386 6393
f 11920 8965 6386
f 6897 6387 6898
f 6897 11175 6387
f 11493 6388 11077
f 6792 6389 9837
f 12688 6389 6792
f 8244 6860 6389
f 9951 6389 6860
f 12688 8244 6389
f 9837 6389 9951
f 12127 6390 6740
f 12127 12128 6390
f 7681 6391 8177
f 8222 6391 7681
f 6391 13488 13486
f 6392 11070 11475
f 11493 11077 6392
f 11493 6392 11475
f 11466 6393 8965
f 11466 9757 6393
f 11503 6393 9757
f 7786 7792 6395
f 9131 7786 6395
f 9175 6395 7792
f 6398 7194 7190
f 6398 7299 7194
f 6399 6415 7561
f 6399 9415 6415
f 6399 8600 6466
f 6399 6466 9415
f 6401 11452 6400
f 6909 11452 6401
f 11319 6403 6402
f 6609 6402 8040
f 11319 6402 6609
f 11319 6404 6403
f 11319 8633 6404
f 7103 6405 6601
f 9737 6601 6405
f 12735 6405 7103
f 9737 6405 7882
f 6616 6613 6407
f 8294 9304 6410
f 6920 6411 11148
f 11445 6411 6922
f 6413 9415 6466
f 6414 11811 7561
f 6414 7561 11824
f 6415 11824 7561
f 6424 6636 6419
f 11426 6424 6419
f 11426 6419 11007
f 7021 6420 11409
f 7113 8311 6420
f 11649 6421 7100
f 8853 6422 6488
f 11645 6488 6422
f 11645 6422 7556
f 9634 6422 8853
f 9226 9857 6423
f 11603 6636 6424
f 11402 11603 6424
f 11397 6425 11395
f 7637 6428 6435
f 12684 6435 6428
f 6933 6431 6430
f 11393 6431 6933
f 6937 9496 6431
f 6937 6431 11393
f 8300 7434 6432
f 6432 7434 8567
f 6650 6433 6652
f 12684 6860 6435
f 7637 6435 12904
f 6437 7081 7379
f 7786 6440 7792
f 8856 11813 6440
f 6442 12065 12064
f 7041 6447 9028
f 11735 9028 6447
f 11743 11735 6447
f 7373 9685 6451
f 7373 6451 12056
f 6451 9685 9600
f 9864 12056 6451
f 6452 7128 7145
f 6452 12275 7128
f 11863 6452 7145
f 7337 9453 6452
f 7337 6452 11863
f 6452 9453 12275
f 6453 9228 7330
f 6454 6539 8378
f 11764 6539 6454
f 8394 7017 6454
f 11764 6454 7017
f 11837 12450 6458
f 12451 11837 6458
f 6458 12450 12449
f 6458 12449 12903
f 6459 8727 6577
f 12266 6459 6577
f 12263 6459 6757
f 12266 6757 6459
f 6459 11655 8727
f 12263 11655 6459
f 6461 6992 6991
f 8380 6462 7341
f 11769 6462 8380
f 13435 6464 6467
f 13435 13445 6464
f 6530 6465 7126
f 7126 6465 7130
f 8974 6466 8600
f 8974 9477 6466
f 13435 6467 8233
f 8884 6468 7017
f 11764 7017 6468
f 9795 6469 6647
f 9795 11850 6469
f 6469 11850 12050
f 6470 6521 6513
f 9116 6470 6513
f 6726 7864 6472
f 6726 6472 9060
f 8945 13307 6472
f 9060 6472 13307
f 6485 6473 8107
f 6973 6473 8106
f 6973 8107 6473
f 6473 7492 8106
f 12384 6474 10287
f 11286 6474 12875
f 12384 12904 6474
f 12816 12875 6474
f 12816 6474 12904
f 6476 6477 6475
f 8782 11530 6479
f 6747 6482 6746
f 7336 6482 6747
f 7828 7486 6485
f 6485 7486 10737
f 7828 6485 8107
f 8468 6487 12018
f 12016 12415 6487
f 6487 12415 12425
f 11645 7664 6488
f 9438 8853 6488
f 6489 6751 11229
f 13451 13450 6491
f 7825 8795 6494
f 7826 6494 8795
f 7826 8925 6494
f 6494 8398 8397
f 6494 8925 8398
f 6495 11809 9807
f 12435 6495 9807
f 12435 12436 6495
f 9544 6496 6769
f 6497 6505 11344
f 6497 7055 7054
f 6497 11344 7055
f 10265 7501 6498
f 10265 6498 8878
f 9007 6499 9767
f 6499 13229 10152
f 7060 6500 9551
f 10973 6500 7060
f 10973 11524 6500
f 6633 6501 6626
f 9100 6626 6501
f 9100 6501 7030
f 13581 7030 6501
f 10734 6502 8357
f 11532 6505 11084
f 11532 11344 6505
f 8336 8334 6506
f 8334 10116 6506
f 6506 8348 8681
f 6506 10116 8348
f 6509 7888 7631
f 6509 7631 10903
f 6509 11316 7888
f 6509 10412 11316
f 9620 6510 11981
f 12303 6510 9620
f 6510 11776 11981
f 11488 6512 11297
f 6521 11946 6513
f 9116 6513 7104
f 11669 7104 6513
f 7150 11669 6513
f 7150 6513 11946
f 7384 6517 6516
f 8245 7227 6518
f 6518 7227 13487
f 6797 6519 6799
f 7065 7878 6522
f 11294 7065 6522
f 12546 6522 7878
f 12546 10158 6522
f 8334 6524 8078
f 8335 8078 6524
f 8336 6524 8334
f 8336 8694 6524
f 8972 6525 7156
f 6525 12393 7156
f 6525 11556 9819
f 6525 9819 12393
f 9294 6526 11539
f 9294 11543 6526
f 6802 6799 6527
f 11531 6802 6527
f 6804 6528 6532
f 6531 7396 6807
f 6533 6539 11764
f 6536 9929 6537
f 6538 8701 8339
f 10103 6538 8339
f 6538 8702 8701
f 6540 8339 8701
f 6540 8690 8689
f 11541 6730 6546
f 6828 6830 6547
f 7506 6548 7332
f 9885 7332 6548
f 6548 11771 11773
f 7835 10114 6550
f 7835 6550 12900
f 6550 8379 8109
f 6550 10114 8379
f 8347 6552 8346
f 8347 10093 6552
f 6552 10093 10116
f 10119 6552 10116
f 6553 8092 6584
f 8347 6553 6584
f 8347 8346 6553
f 6953 11751 6554
f 11948 6554 11751
f 6556 6558 11337
f 6557 12943 12706
f 7409 9844 6558
f 6560 6890 11982
f 6560 10595 11574
f 6560 12198 10595
f 6560 11982 12198
f 12330 7411 6561
f 11749 11945 6562
f 10217 7296 6563
f 11942 6563 7296
f 7451 7460 6565
f 7460 9909 6565
f 9909 10251 6565
f 11900 9779 6568
f 11900 6568 13567
f 12983 12875 6568
f 12875 13567 6568
f 6569 6597 11668
f 7816 6569 8094
f 6569 7817 8094
f 6569 11668 7817
f 10365 6570 9527
f 11897 9527 6570
f 9722 6570 9727
f 10965 6570 9722
f 10365 9727 6570
f 11897 6570 10965
f 7622 6571 9161
f 6572 9246 8554
f 6724 6577 12052
f 6724 12266 6577
f 6580 6881 6880
f 8942 7885 6581
f 6583 10972 7573
f 7993 6584 8092
f 8712 6584 7993
f 8347 6584 10093
f 8712 10093 6584
f 6585 11892 8407
f 12312 6585 8407
f 13304 11892 6585
f 6644 8350 6587
f 7813 6588 6619
f 6588 11668 6619
f 7813 8376 6588
f 7817 11668 6588
f 6590 7534 11756
f 11881 7568 6592
f 11884 6592 7568
f 11884 11465 6592
f 6593 7075 11663
f 6889 6893 6594
f 11883 6595 7274
f 12308 6595 11883
f 6891 6892 6596
f 10968 6596 6892
f 6597 7195 10767
f 7808 6597 10767
f 7808 11668 6597
f 6598 9100 11094
f 11113 6598 11094
f 9224 6599 8540
f 11686 6601 6822
f 7103 6601 11686
f 6602 11475 6603
f 11475 11070 6603
f 11880 6605 8184
f 8052 6611 6609
f 11319 6609 6611
f 6609 8040 8042
f 8052 6609 8042
f 8155 8083 6610
f 8155 6610 8633
f 8155 6611 8083
f 8155 11319 6611
f 11685 6612 6827
f 11878 6612 11685
f 6910 6908 6614
f 7200 6618 6615
f 7808 9110 6619
f 7808 6619 11668
f 6621 8396 6620
f 6621 6620 10493
f 6919 6621 10493
f 6919 11636 6621
f 6808 6622 9222
f 6681 6638 6623
f 6625 8374 7811
f 9424 6625 9127
f 6628 6627 8882
f 13069 6627 6628
f 6628 8882 8896
f 11127 13069 6628
f 6629 6929 6631
f 6629 6631 11289
f 6927 9117 6629
f 9117 6929 6629
f 6629 11289 11429
f 9988 6630 7058
f 6630 12655 7058
f 9988 8117 6630
f 12062 6630 8117
f 9185 6632 6631
f 6632 11289 6631
f 6631 6929 11292
f 9185 6631 11292
f 6853 11963 6634
f 6634 12243 9238
f 12243 6634 11963
f 6948 6635 7222
f 6955 7222 6635
f 7916 6639 9999
f 11075 6639 11074
f 6853 6640 12267
f 7614 6641 10644
f 8360 8350 6644
f 9503 8360 6644
f 9503 6644 9114
f 6646 6653 6779
f 7021 6646 6779
f 7021 11409 6646
f 6648 12886 10310
f 6648 13171 12886
f 6726 9060 6649
f 6649 9060 10310
f 12886 6649 10310
f 12886 11907 6649
f 10038 6651 13322
f 10571 6663 6652
f 6664 6656 6675
f 6656 9933 6675
f 6682 6657 11274
f 11043 6658 6659
f 6660 6658 11043
f 10183 6660 6662
f 6673 10201 6663
f 6673 6663 10571
f 10201 6674 6663
f 6664 6675 6696
f 6679 6680 6665
f 6680 6699 6665
f 11232 6666 11428
f 11840 11428 6666
f 11746 6666 11641
f 11746 11840 6666
f 6668 6787 13160
f 6668 12420 12030
f 6668 13430 12420
f 6668 13160 13430
f 11062 10481 6669
f 9130 13512 6670
f 8341 11718 6671
f 6694 10201 6673
f 10201 10604 6674
f 6696 6675 11248
f 11248 6675 6697
f 13571 6677 9443
f 11812 11815 6678
f 6679 12068 6680
f 6679 6957 6963
f 6679 6963 12068
f 6680 12068 6974
f 6683 6701 6702
f 6712 6691 6688
f 10183 6688 6691
f 6712 6688 6693
f 6693 6688 10604
f 6689 10153 10711
f 10715 10155 6689
f 10718 6689 10711
f 7737 6690 8935
f 9192 8935 6690
f 9192 6690 10690
f 10690 6690 13144
f 6692 10637 11505
f 6714 6712 6693
f 6714 6693 13572
f 6694 11242 11234
f 6695 8225 10452
f 6695 11018 8225
f 13570 6695 10452
f 6696 11248 11242
f 6697 6699 6706
f 6700 6698 13423
f 13423 6698 12129
f 6699 6705 6706
f 6701 6703 6702
f 6703 6709 6710
f 12773 6704 12664
f 12773 12798 6704
f 12798 13074 6704
f 13076 13051 6704
f 13074 13076 6704
f 6705 6719 6706
f 6705 6718 6719
f 13579 6707 10238
f 6707 13600 10238
f 6708 13338 10775
f 6710 6998 6996
f 6713 6985 11800
f 6713 13572 6985
f 6716 11242 6715
f 6715 11242 11248
f 6716 11023 11800
f 6716 11234 11242
f 6716 11800 11234
f 9204 6886 6717
f 11780 6717 6886
f 7273 6717 11780
f 11788 9204 6717
f 6990 6718 6981
f 6736 6720 6803
f 7895 6721 8900
f 7895 13342 6721
f 6721 13391 10333
f 6721 13342 13391
f 6722 9063 9049
f 12057 9063 6722
f 6723 13077 13390
f 6726 11865 7864
f 12981 7004 6727
f 12981 6727 7032
f 6729 8731 13065
f 6730 7310 6947
f 6730 6947 11755
f 11541 7310 6730
f 13077 6732 6731
f 7022 7018 6731
f 13077 6731 7018
f 7022 6731 7023
f 7899 13182 6733
f 13182 13170 6733
f 7003 6734 6991
f 7027 6734 7003
f 6736 6803 6866
f 6774 11073 6738
f 11300 6774 6738
f 6986 11300 6738
f 6986 6738 11719
f 9014 6738 11073
f 9014 11719 6738
f 6739 6789 6745
f 6739 9606 6789
f 7275 6740 9825
f 7275 12127 6740
f 9968 9825 6740
f 6749 13571 6741
f 6741 13571 9443
f 6743 6742 7045
f 7045 6742 7044
f 6744 6961 11303
f 7336 6747 7339
f 6750 10068 8366
f 6750 9108 9326
f 6750 9326 9417
f 6754 6751 11220
f 11229 6751 6754
f 6751 7046 11220
f 6752 7049 7344
f 12778 6753 6782
f 12893 6753 12778
f 6755 9763 6796
f 6755 7807 10066
f 6755 8373 9763
f 6755 10066 8373
f 6758 7051 6756
f 6758 7603 7051
f 6758 7602 7603
f 6803 6761 6866
f 12148 6762 9249
f 6767 6768 6766
f 6771 6773 6772
f 6774 10063 10058
f 11073 6774 10058
f 6774 10838 10063
f 6774 11069 10838
f 11300 11069 6774
f 6780 8373 6775
f 7803 6805 6775
f 8717 6775 6805
f 7803 6775 8373
f 7052 6776 12756
f 6780 9763 8373
f 9423 9763 6780
f 11013 9423 6780
f 6781 7743 7081
f 13309 6781 7081
f 7976 12778 6782
f 6783 8243 7370
f 6783 8241 8243
f 7259 11957 6784
f 12270 7259 6784
f 6784 11957 12579
f 12445 6784 12579
f 12810 6785 11514
f 13486 6786 13484
f 6794 6790 7380
f 6790 7647 7380
f 12585 6825 6791
f 6791 6825 12698
f 6791 12698 12656
f 12688 6792 8750
f 6792 9837 11699
f 7650 7648 6793
f 7382 6794 7380
f 8087 6795 6839
f 6795 10325 6839
f 6795 7801 10325
f 8087 8366 6795
f 7757 8376 6796
f 7813 6796 8376
f 6797 6799 6802
f 10956 6797 6802
f 10956 7387 6797
f 9839 6798 7211
f 11689 7211 6798
f 11694 6798 9839
f 11694 13379 6798
f 7966 12671 6800
f 7088 10956 6802
f 11531 7088 6802
f 7803 7800 6805
f 6805 7800 9306
f 8717 6805 8715
f 8715 6805 9306
f 9407 6811 6810
f 6811 13083 6810
f 9407 11487 6811
f 6811 11487 10781
f 6813 7809 7810
f 6813 7810 7811
f 6813 7811 8374
f 8223 8011 6815
f 6815 8011 12656
f 6819 6818 7777
f 6818 8376 7757
f 6819 7777 8721
f 6819 9761 8381
f 6819 8721 9761
f 9737 7882 6820
f 9737 6820 8368
f 8368 6820 12081
f 12732 12081 6820
f 12732 6820 12965
f 9127 6821 9697
f 9702 6821 9253
f 9253 6821 10054
f 11271 6822 7213
f 7213 6822 13049
f 11271 11686 6822
f 6824 6823 8183
f 8183 6823 7119
f 12585 8875 6825
f 12284 12698 6825
f 11685 6827 11462
f 6828 7121 6830
f 6830 7121 7405
f 6830 7405 7122
f 6831 7122 7125
f 7811 7810 6833
f 7810 9087 6833
f 9087 8093 6833
f 6833 8093 10774
f 10361 8073 6835
f 9303 6836 9441
f 12599 9441 6836
f 12829 13318 6837
f 6838 10969 6895
f 6838 7188 8088
f 6838 8088 10503
f 6838 10503 10969
f 6979 6839 10325
f 9845 6840 7135
f 6840 12060 7135
f 11863 7145 6840
f 6840 7145 12060
f 11863 6840 9845
f 12185 6841 12972
f 12185 13181 6841
f 10052 8387 6842
f 6842 9042 9041
f 10052 6842 9041
f 10753 9042 6842
f 6843 9471 7038
f 6844 7652 6848
f 8213 6844 6848
f 8213 7649 6844
f 6844 7649 12279
f 6844 12280 7652
f 6846 9478 9463
f 13517 6854 13235
f 6857 12200 10982
f 6858 9351 12172
f 12286 6858 12130
f 6858 12858 12130
f 6858 12172 12858
f 6859 8102 8101
f 10052 9041 6859
f 12684 9951 6860
f 11659 8857 6861
f 11659 6861 11660
f 11660 6861 12056
f 12056 6861 12443
f 6862 11519 10480
f 8750 6864 10347
f 8750 12155 6864
f 8270 6869 11730
f 6869 8770 11730
f 6870 11723 8738
f 6870 11859 11723
f 7162 7430 6871
f 9772 6871 7430
f 7436 6873 7148
f 10293 6877 10117
f 10293 10692 6877
f 6882 7300 6914
f 7158 7166 6884
f 6885 12723 9125
f 6885 9504 12723
f 6885 12959 9504
f 9204 11577 6886
f 6888 7181 6889
f 8417 6890 11162
f 8417 11783 6890
f 11573 11162 6890
f 11982 6890 11783
f 9557 10968 6892
f 9403 6893 7457
f 7823 11190 6894
f 9557 6895 10797
f 10969 10797 6895
f 7379 7743 6896
f 6897 6898 11903
f 6898 7183 11903
f 9460 12705 6899
f 12705 9534 6899
f 7277 6900 7350
f 7277 7351 6900
f 11255 6900 7351
f 11255 7463 6900
f 6901 6923 9463
f 6901 12703 6923
f 6901 9463 9478
f 8100 6902 7480
f 8100 10258 6902
f 6904 7190 8236
f 6904 11174 7190
f 6906 10767 7195
f 6906 9112 10767
f 6907 7196 8052
f 6907 8052 8042
f 6909 7198 11452
f 6910 10753 8235
f 6910 9073 10753
f 6912 7479 9042
f 6912 9042 9073
f 7300 11858 6914
f 7497 6914 11858
f 6917 9575 8218
f 7484 6920 6918
f 6918 6920 11148
f 7484 6918 11489
f 10081 6918 11148
f 10081 11149 6918
f 6918 11149 11489
f 6919 10493 7205
f 6919 7205 11149
f 10081 6919 11149
f 10081 11636 6919
f 6921 11858 7300
f 11445 6922 12238
f 6922 12731 12238
f 6923 8146 12702
f 6923 12703 8146
f 6924 7208 7488
f 10901 7208 6924
f 6924 7488 12140
f 6924 8737 10755
f 6924 12140 8737
f 10901 6924 10755
f 6925 8249 8737
f 6925 8737 12140
f 11132 6925 8918
f 6925 12141 8918
f 6925 12140 12141
f 6926 7473 6944
f 6926 6944 12090
f 12047 6926 12090
f 12047 12100 6926
f 11127 6927 13069
f 10735 8939 6928
f 10978 6928 8939
f 10735 6928 12731
f 10978 11127 6928
f 11292 6929 7505
f 8636 6934 6935
f 7219 6935 7020
f 7219 7071 6935
f 8636 6935 7071
f 6994 6936 9490
f 9490 6936 12130
f 11996 12130 6936
f 11996 6936 12394
f 7746 6937 11393
f 7220 6938 6939
f 6939 6938 7746
f 7220 6939 7970
f 7970 6939 10729
f 12047 6940 12031
f 12047 12090 6940
f 6942 10899 6941
f 6942 7214 11353
f 6942 11370 7214
f 6942 10444 11370
f 6942 11353 10899
f 8542 6943 7508
f 8542 7527 6943
f 7410 12090 6944
f 6950 6946 12178
f 6946 9633 12178
f 11538 9667 6947
f 9667 11755 6947
f 7517 6948 7222
f 9898 6949 10342
f 9898 10428 6949
f 11536 6949 10219
f 10219 6949 12611
f 11536 10342 6949
f 12611 6949 10428
f 10910 6951 6959
f 6953 11123 13080
f 6953 13080 11751
f 7179 6954 6965
f 12971 6965 6954
f 7179 9872 6954
f 12971 6954 12307
f 6955 10895 7222
f 8159 10824 6958
f 6958 13468 9435
f 10824 13328 6958
f 13328 13468 6958
f 10194 10172 6962
f 11529 10194 6962
f 6963 7230 11058
f 6963 11058 12068
f 6988 6964 11396
f 11279 7179 6965
f 11901 6965 9524
f 9524 6965 12971
f 11279 6965 12462
f 11901 12462 6965
f 7417 12017 6967
f 6967 12017 12027
f 12185 12014 6968
f 12014 12338 6968
f 12185 6968 13181
f 6968 12307 12335
f 12971 12307 6968
f 13181 6968 12335
f 12971 6968 12338
f 8140 6973 7829
f 8726 7829 6973
f 8726 6973 8106
f 8140 8107 6973
f 6981 6974 6980
f 10343 7606 6975
f 7606 7072 6976
f 6976 7072 9589
f 12475 9505 6976
f 12475 6976 9589
f 6977 10692 7144
f 11156 6977 7144
f 11156 11372 6977
f 6987 6978 6982
f 6987 7260 6978
f 7241 6978 7242
f 7241 7243 6978
f 7242 6978 7260
f 6979 8080 10103
f 12017 7391 6983
f 12017 6983 8330
f 12112 8330 6983
f 7865 6984 8733
f 8733 6984 8402
f 11800 6985 11234
f 6986 11712 11300
f 6986 11909 11712
f 7270 6987 6996
f 7270 7260 6987
f 6989 7371 7369
f 6989 7369 9840
f 6989 9731 7371
f 6989 9840 8876
f 12618 6989 8876
f 12618 9731 6989
f 6990 7261 7002
f 7267 7266 6992
f 11029 6993 6995
f 11029 7251 6993
f 6993 7251 11122
f 6994 9490 12169
f 6994 11807 9545
f 6994 12169 11807
f 7549 13424 6995
f 7549 6995 13445
f 11029 6995 13424
f 8237 7454 6997
f 6997 7454 12707
f 8237 6997 9517
f 6997 9704 9517
f 9952 9704 6997
f 9952 6997 12707
f 7005 6998 7004
f 11398 6999 11427
f 7182 11119 7000
f 7182 7000 12997
f 11944 7000 11748
f 11944 12997 7000
f 10507 7001 7288
f 7027 7003 13034
f 13308 13034 7003
f 12981 10992 7004
f 7006 11477 11692
f 7006 11692 13304
f 7007 10036 10912
f 12482 10036 7007
f 7008 7677 10115
f 7011 7471 11464
f 8184 7011 11464
f 11881 7011 8184
f 7019 7012 7018
f 13390 7018 7012
f 7019 13388 7012
f 13388 11023 7012
f 7014 8729 8409
f 7014 8730 8729
f 11022 7015 7024
f 11022 10878 7015
f 7303 7564 7016
f 7016 7564 10651
f 8884 7017 8394
f 13390 13077 7018
f 7023 10507 13045
f 8186 7024 13175
f 11542 7025 7026
f 10909 7034 7026
f 11542 7026 7034
f 10909 7026 13040
f 7291 7292 7028
f 7028 7292 8233
f 11430 7029 7191
f 9203 7030 8979
f 8979 7030 13581
f 9100 7030 11094
f 11094 7030 9203
f 12981 7032 7031
f 12981 7031 10996
f 11542 7034 11750
f 12915 7035 7036
f 7456 7037 9841
f 9469 10186 7037
f 9469 7037 10208
f 7037 10186 9841
f 9471 9670 7038
f 11045 11453 7038
f 12442 12239 7042
f 12442 7042 12681
f 7042 13135 12681
f 7042 12891 13135
f 7044 10986 10184
f 11124 7047 7401
f 7401 7047 13080
f 12608 7047 11124
f 11352 7047 12608
f 10262 7048 12159
f 10262 13026 7048
f 12159 7048 13030
f 13278 7048 13026
f 7048 13029 13030
f 13278 13029 7048
f 7050 7059 9173
f 12317 12368 7052
f 12317 7052 12756
f 7055 11344 10975
f 7150 11934 7056
f 7304 9831 7057
f 7304 7057 12316
f 9831 7520 7057
f 11895 7057 11478
f 11895 12316 7057
f 8216 7058 12655
f 7059 8443 9169
f 7059 9452 8443
f 7059 9169 9173
f 7062 8419 8385
f 7062 8385 11701
f 11670 8419 7062
f 10343 7063 7072
f 7063 12277 9964
f 7064 7775 9916
f 11450 7064 9916
f 11294 10422 7065
f 13055 7065 10422
f 11244 7067 8791
f 11244 8857 7067
f 7067 8857 11659
f 12078 7067 11659
f 7068 8202 7458
f 12268 9602 7070
f 12268 7070 12923
f 12464 12923 7070
f 8636 7071 7503
f 10343 7072 7606
f 7842 7074 8489
f 10747 7074 7842
f 7076 11439 7086
f 11014 10762 7076
f 7273 7077 11204
f 7273 11780 7077
f 7077 9603 11204
f 7077 12197 9603
f 9607 7597 7080
f 12195 7080 7597
f 12394 9607 7080
f 11996 7080 12196
f 11996 12394 7080
f 12195 12196 7080
f 7379 7081 7743
f 7276 7082 12195
f 12392 7082 11601
f 12195 7082 12196
f 12392 12196 7082
f 12524 12518 7083
f 10595 7084 10222
f 7084 12193 10222
f 12296 7084 10595
f 12623 12193 7084
f 9487 7086 11439
f 7087 11434 11240
f 7087 11851 11434
f 7393 7394 7088
f 11531 7393 7088
f 7088 7394 7655
f 7088 7655 10956
f 7626 7089 7115
f 12888 7115 7089
f 12938 7499 7089
f 7089 7499 13403
f 7626 12938 7089
f 12888 7089 7629
f 7089 13403 7629
f 7185 7090 7100
f 11649 7100 7090
f 8450 7202 7090
f 11649 7090 7202
f 11866 7404 7091
f 12058 7091 7404
f 11866 7091 8117
f 12962 7093 12300
f 12962 13195 7093
f 12964 7093 13195
f 10614 7094 7392
f 7095 8727 8635
f 11005 7095 8635
f 11531 7096 7393
f 11649 7202 7098
f 7601 7566 7099
f 7099 7566 11364
f 10193 7601 7099
f 7888 7099 7631
f 7631 7099 11364
f 10193 7099 7888
f 7101 8843 8258
f 7101 13482 13211
f 7102 12245 12250
f 9243 7103 8126
f 7103 13264 8126
f 12735 7103 9243
f 7103 11686 13264
f 11669 8534 7104
f 8864 9116 7104
f 7147 7143 7107
f 8550 7107 7143
f 8550 8864 7107
f 7127 7108 10927
f 7127 11380 7108
f 9204 7108 11577
f 11577 7108 11380
f 7661 12572 7111
f 7111 12572 9234
f 11056 7112 11674
f 11602 7112 11374
f 7626 7115 8121
f 8121 7115 7683
f 12888 7683 7115
f 13303 7116 11892
f 7117 7129 8069
f 7717 7119 7398
f 7717 7719 7119
f 8183 7119 7719
f 7120 12067 7328
f 7120 7328 12487
f 7120 12292 12067
f 7122 12357 7125
f 7405 7406 7122
f 7406 12357 7122
f 10586 7123 9994
f 10586 10829 7123
f 7124 9670 8688
f 7124 11682 9670
f 7124 12819 11682
f 7124 12490 12819
f 7407 7125 12357
f 7268 7127 7827
f 7268 11380 7127
f 12377 7145 7128
f 12377 7128 8066
f 8066 7128 12478
f 12275 12478 7128
f 7130 11553 7142
f 7132 7345 9566
f 7134 7142 11553
f 7134 8470 8868
f 7373 8914 7135
f 7373 7135 9685
f 9845 7135 8914
f 9685 7135 12060
f 7632 7428 7137
f 7633 7137 7428
f 7632 7137 10051
f 7633 12955 7137
f 8298 10346 7139
f 11295 8448 7141
f 7147 11549 7143
f 7586 7144 7596
f 7596 7144 10692
f 7613 12060 7145
f 12377 7613 7145
f 7146 11141 7357
f 11360 7146 7357
f 7150 11946 11934
f 9356 7151 12048
f 7165 7154 7164
f 7165 7442 7154
f 11557 7155 11966
f 7155 12178 11966
f 7158 12153 7166
f 7159 8456 8459
f 9135 11559 7159
f 7162 7160 7161
f 7161 7167 10553
f 7161 10553 7761
f 9642 7165 7441
f 9642 7442 7165
f 7253 7765 7166
f 7253 7166 12153
f 7771 7218 7167
f 10553 7167 7218
f 8831 7168 7173
f 12177 7173 7168
f 11349 9548 7170
f 11749 11349 7170
f 11349 7172 9548
f 8831 7173 10479
f 7173 11761 10479
f 7173 11967 11761
f 12177 11967 7173
f 7176 7174 7175
f 7178 12039 7175
f 7177 7765 8070
f 7177 12039 7765
f 7179 12329 9872
f 11279 12515 7179
f 7179 12515 12329
f 7453 7181 7180
f 7182 10877 11119
f 7182 12997 11342
f 7461 7183 7459
f 9403 7459 7183
f 9208 7184 9191
f 10871 7186 9942
f 11092 9942 7186
f 11522 11092 7186
f 11836 10967 7187
f 11886 7187 10985
f 11836 7187 11854
f 11886 11854 7187
f 10923 7189 7193
f 11801 7189 10923
f 11801 10929 7189
f 8236 7190 7194
f 8425 7192 7975
f 7975 7192 10018
f 8425 8714 7192
f 11705 7193 7468
f 10923 7193 11705
f 7446 8236 7194
f 7446 7194 11684
f 7816 7818 7196
f 8447 11566 7197
f 11749 7204 11945
f 7482 7205 8197
f 7482 11149 7205
f 10749 8197 7205
f 10749 7205 10493
f 7826 7206 7486
f 10737 7486 7206
f 7826 9575 7206
f 10737 7206 8918
f 7208 7492 7488
f 7493 7208 10901
f 7771 7210 7218
f 11277 9839 7211
f 9962 7211 11275
f 11277 7211 9962
f 7212 11106 11068
f 7217 11353 7214
f 7214 11370 7831
f 7217 7216 7215
f 7504 7512 7220
f 7504 7220 7970
f 10161 8815 7221
f 7517 7222 7531
f 7531 7222 10895
f 7223 11270 11053
f 8426 8441 7224
f 9185 11292 7225
f 7234 7226 7402
f 7226 10779 7402
f 8245 8661 7227
f 13481 7228 12336
f 7229 7233 12511
f 7229 11703 7302
f 7229 11899 11703
f 7229 12511 11899
f 7230 11151 7844
f 7232 8132 7541
f 7233 12014 12511
f 7233 12512 12014
f 7245 7244 7235
f 7237 7246 9181
f 7237 9001 12299
f 7238 8385 8419
f 8930 8385 7238
f 11122 7251 7239
f 7240 7541 8145
f 7848 7243 7241
f 7848 7241 8436
f 7546 7242 7260
f 7848 7530 7243
f 7246 7376 9275
f 7246 11869 7376
f 9181 7246 9275
f 7456 7248 9683
f 7456 9841 7248
f 12061 9683 7248
f 11253 7248 9841
f 11253 12061 7248
f 10640 7250 10674
f 7252 8472 7901
f 7253 8070 7765
f 7253 7767 8070
f 11031 7438 7255
f 11027 7255 9216
f 11031 7255 11027
f 10348 10388 7256
f 10348 7257 10388
f 7257 10391 10388
f 7259 7408 11957
f 12270 9688 7259
f 7551 7260 7270
f 7551 7546 7260
f 7261 7262 7264
f 12378 7263 10933
f 10933 7263 12694
f 12268 7263 12378
f 12268 12923 7263
f 7555 7264 7554
f 7267 7853 7266
f 7266 7853 7861
f 7266 7861 7862
f 7268 7827 10236
f 7268 10236 10890
f 7551 7270 8163
f 7790 11662 7271
f 11857 7271 11662
f 11884 7274 7272
f 11885 7272 7274
f 11465 7272 9655
f 11884 7272 11465
f 11883 7274 11884
f 7275 9825 11722
f 7276 7597 8319
f 7276 12195 7597
f 7277 11776 7351
f 7277 11981 11776
f 11687 8410 7278
f 12771 7553 7279
f 9931 9356 7279
f 12771 7279 9356
f 9931 7279 10098
f 7295 8482 7280
f 7295 7280 8827
f 10776 7281 7284
f 10776 7291 7281
f 7283 13226 7435
f 7285 8401 8957
f 7285 8957 8410
f 7545 11240 7286
f 11118 7286 11434
f 11118 11439 7286
f 11240 11434 7286
f 7288 7555 7557
f 7880 7288 7557
f 7880 10485 7288
f 7288 10485 10507
f 9909 7400 7289
f 7289 7400 10266
f 7289 10266 9010
f 9909 7289 10251
f 7290 13082 13096
f 7292 7552 8233
f 10679 7552 7292
f 7293 9010 10331
f 7295 8098 8826
f 7295 8826 8482
f 10217 10194 7296
f 11942 7296 11737
f 7299 10967 10783
f 11703 11479 7302
f 12620 7302 11479
f 7304 11699 9831
f 7304 12317 11699
f 7304 12316 12368
f 7304 12368 12317
f 10996 7305 10858
f 7307 11972 8363
f 7307 11953 11157
f 11575 9934 7308
f 7308 10924 11164
f 7313 7309 10854
f 7309 10970 10854
f 11564 8400 7310
f 11541 11360 7310
f 11360 11564 7310
f 8848 8944 7311
f 9533 7311 8944
f 7313 10854 10309
f 7314 7574 10401
f 7315 10855 7316
f 7315 7316 10970
f 7315 10215 10370
f 7315 10401 10215
f 7315 10370 10855
f 7315 10970 10401
f 10354 7320 7316
f 10854 7316 7320
f 10354 7316 10855
f 10970 7316 10854
f 7317 7318 10291
f 10849 7318 7317
f 7319 7317 10291
f 10309 7317 7319
f 10309 7320 7317
f 7320 10849 7317
f 10196 7318 7325
f 10849 7325 7318
f 10196 7326 7318
f 7318 7326 10291
f 10854 7320 10309
f 10354 10849 7320
f 9885 7322 7400
f 7322 10266 7400
f 9885 7416 7322
f 7322 7416 10037
f 7322 10037 7422
f 7322 7422 10266
f 10354 10855 7323
f 10919 7324 7581
f 7581 7324 11159
f 11162 7324 10919
f 11573 7324 11162
f 7577 7326 7974
f 7577 10291 7326
f 10196 7974 7326
f 8529 7327 7360
f 7327 8532 8200
f 7327 8515 8532
f 7328 7333 12726
f 7330 12853 7523
f 10917 7584 7331
f 7584 11158 7331
f 9885 7400 7332
f 9909 7332 7400
f 7460 7506 7332
f 7460 7332 9909
f 7337 12332 9453
f 7337 11444 11021
f 7337 11021 12332
f 7337 11863 11444
f 11455 10784 7338
f 8529 8527 7340
f 13465 7340 8527
f 11679 8380 7341
f 7593 10175 7342
f 7343 13557 8016
f 7343 8018 8084
f 7343 8084 13557
f 10542 11924 7347
f 10542 7347 12378
f 12378 7347 11853
f 10045 10154 7349
f 7349 10154 10073
f 10701 7351 11776
f 10973 7352 11344
f 7352 10975 11344
f 7467 7355 7353
f 10158 7353 7355
f 10662 8984 7353
f 10662 7353 10158
f 9014 7354 11719
f 12113 10646 7354
f 10039 7355 7467
f 10039 10134 7355
f 8878 7474 7356
f 7474 11777 7356
f 10678 7357 11141
f 11360 7357 11564
f 7363 7358 7923
f 10479 11761 7359
f 7359 11761 11556
f 8529 7360 8527
f 11666 7365 8216
f 8216 7365 13003
f 7621 7367 7623
f 7623 7367 7642
f 7371 9756 7369
f 12615 9840 7369
f 7370 8243 7860
f 7371 9731 9784
f 11480 9756 7371
f 11480 7371 9784
f 7372 10099 7928
f 7373 12443 8914
f 7373 12056 12443
f 7374 11480 9777
f 9952 7375 9704
f 7375 10965 9704
f 9952 11479 7375
f 11897 10965 7375
f 11703 7375 11479
f 11897 7375 11703
f 11677 7424 7376
f 11677 7376 11869
f 7382 7380 8208
f 7381 7640 11060
f 7381 11060 10164
f 7384 7382 7934
f 7934 7382 8208
f 8119 7383 9821
f 10422 7383 8119
f 10113 7383 10422
f 13485 7386 13479
f 10376 7392 7388
f 7388 7392 10606
f 8214 10376 7388
f 8904 11128 7390
f 7390 10885 10884
f 11129 7390 10884
f 11128 10885 7390
f 7417 8349 7391
f 7417 7391 12017
f 10376 10614 7392
f 7655 7394 7939
f 7421 7397 9165
f 9892 7397 7421
f 11253 7538 7399
f 11253 7399 11867
f 11867 7399 12476
f 11124 7401 10883
f 13595 7402 10779
f 7403 9012 9770
f 12058 7404 9228
f 11866 11017 7404
f 7405 7722 7406
f 7407 12357 7723
f 7571 7408 11243
f 7571 11957 7408
f 9931 11243 7408
f 7409 7725 9844
f 9856 7725 7409
f 7412 9835 7728
f 7412 7728 10815
f 9844 9835 7412
f 7412 10815 12330
f 10024 10037 7416
f 11109 7420 11108
f 9892 7421 8539
f 10558 7421 9165
f 10062 7422 10037
f 7536 7424 11265
f 7424 11677 11265
f 7733 7425 8039
f 7632 12956 7428
f 8207 7429 10173
f 8207 12895 7429
f 7429 10289 10173
f 7429 12288 10289
f 9772 7430 7431
f 10841 7431 7430
f 8062 10841 7430
f 7432 8923 8556
f 7432 11700 8923
f 8301 7433 7442
f 7433 10592 7745
f 8301 10592 7433
f 8054 7434 8300
f 7437 7440 7439
f 7764 7439 7440
f 7764 7440 7763
f 7441 7772 7773
f 8301 7442 9642
f 9596 10790 7444
f 10969 10512 7444
f 10797 7444 10790
f 10969 7444 10797
f 9563 7445 7448
f 10790 7448 7445
f 9557 10797 7445
f 9557 7445 10968
f 9563 10795 7445
f 10797 10790 7445
f 10968 7445 10795
f 7446 7470 9112
f 7446 9134 7470
f 7446 9112 8236
f 7446 11684 9134
f 7687 7447 7452
f 10795 7447 7687
f 9563 7447 10795
f 7783 7782 7448
f 9563 7448 7782
f 12125 7449 7473
f 7784 9520 7450
f 8359 7450 9520
f 7453 8360 9503
f 10198 7454 12408
f 10198 12707 7454
f 7456 9683 12479
f 7458 8202 7457
f 7459 7457 8202
f 9403 7457 7459
f 9345 7462 10538
f 9345 11886 7462
f 11255 12774 7463
f 7464 10804 10639
f 7464 10802 10804
f 11474 11469 7464
f 8763 10263 7466
f 7467 7495 12496
f 10039 7467 11153
f 7467 12496 11153
f 7809 7804 7469
f 10923 11705 7469
f 7808 7470 9110
f 7808 10767 7470
f 7470 9134 9110
f 7470 10767 9112
f 10564 7471 7475
f 11267 7471 10564
f 11267 11464 7471
f 7815 9087 7472
f 7474 12221 11777
f 7476 7818 8096
f 9042 7479 9041
f 7481 10953 10749
f 7481 13586 10953
f 10740 11489 7482
f 7482 11489 11149
f 7483 11883 7568
f 12308 11883 7483
f 7485 8869 8192
f 7485 13605 8869
f 7826 7486 8925
f 7828 8925 7486
f 12140 7488 12141
f 8207 10173 7489
f 8207 7489 10287
f 10328 7489 10173
f 10287 7489 13057
f 10328 12306 7489
f 13057 7489 12306
f 10670 7490 8206
f 11138 8206 7490
f 11133 8400 7490
f 11138 7490 8400
f 10671 7490 10670
f 11133 7490 10671
f 8970 13564 7491
f 13564 11825 7491
f 7493 8769 8111
f 7493 8774 8769
f 7493 11436 8774
f 7493 10901 11436
f 7494 7502 9724
f 7494 9724 8718
f 7495 11152 12496
f 7496 7629 13403
f 7496 13403 9882
f 7496 11557 11150
f 10676 7498 10404
f 10898 10404 7498
f 10675 7498 10676
f 10675 10900 7498
f 7499 12806 13403
f 7502 7503 7833
f 8636 7503 7502
f 7502 7833 9724
f 7842 7504 7511
f 7504 8613 7511
f 7842 7512 7504
f 7504 7970 8613
f 13452 13464 7507
f 8542 7508 7515
f 12249 7509 11832
f 7510 7516 8589
f 7510 8597 7516
f 7510 7540 8597
f 10747 7842 7511
f 10747 7511 8138
f 7842 8489 7512
f 7513 9653 8787
f 10097 10537 7514
f 8542 7515 8129
f 7516 8588 8589
f 7516 9865 8588
f 7516 8597 8598
f 7516 8598 9865
f 7718 8710 7518
f 7718 7518 10575
f 11283 7518 8710
f 10198 10575 7518
f 10198 7518 12707
f 11283 12707 7518
f 7519 7525 10721
f 7519 10910 7525
f 10811 7836 7519
f 10811 7519 10721
f 7636 7520 8571
f 11284 8571 7520
f 11284 7520 9831
f 10700 7522 7529
f 10533 11014 7523
f 10178 11026 7526
f 7526 11026 11265
f 7562 7528 7733
f 10700 7529 7535
f 7848 10433 7530
f 10433 11196 7530
f 8133 7531 11196
f 7531 10895 11196
f 8601 7534 8853
f 8601 11756 7534
f 9634 8853 7534
f 11820 9634 7534
f 7536 11026 7768
f 7536 11265 11026
f 7854 7537 8442
f 11025 7619 7538
f 11253 11025 7538
f 13064 10548 7539
f 8065 8597 7540
f 8065 7540 8618
f 7540 9836 8618
f 7541 8132 8142
f 7541 8142 8145
f 10026 7544 11009
f 10057 10764 7544
f 10764 11009 7544
f 7545 10525 11008
f 11008 11240 7545
f 7548 8437 8144
f 11029 13424 7548
f 7552 7549 13435
f 13435 7549 13445
f 9788 10218 7550
f 8135 7551 8163
f 7552 13435 8233
f 7554 8215 7877
f 11645 7556 8604
f 8604 7556 11813
f 7880 7557 7879
f 7558 10672 8124
f 7558 8186 10672
f 10536 7559 11015
f 10536 11016 7559
f 8039 7562 7733
f 10787 8124 7563
f 13040 7563 8124
f 7564 7565 10651
f 8045 8171 7565
f 7565 8171 8170
f 7565 8170 10651
f 9836 8314 7567
f 9870 7567 8593
f 9836 7567 8605
f 9870 8605 7567
f 11883 11884 7568
f 7880 7990 7569
f 7880 7569 10485
f 7887 7569 7881
f 7881 7569 7990
f 10859 10485 7569
f 7570 7577 10641
f 7571 11243 7572
f 7571 7572 12854
f 7571 12669 11957
f 7571 12854 12669
f 7572 10098 10107
f 7572 11243 10098
f 13601 7575 7573
f 8997 7573 10972
f 13601 7573 8997
f 7574 10220 10215
f 7574 10215 10401
f 7664 11778 7575
f 11773 7576 11767
f 11771 7576 11773
f 10641 7577 7974
f 8618 8605 7578
f 9855 7578 8605
f 8616 8618 7578
f 7579 10109 7850
f 7579 7850 10446
f 10919 10109 7579
f 10297 10919 7579
f 7579 10446 10998
f 7582 7580 10647
f 10370 10647 7580
f 10699 10109 7581
f 10919 7581 10109
f 10918 11111 7583
f 11160 7583 11111
f 11153 7585 10157
f 11153 12496 7585
f 12788 7585 12496
f 10187 7592 10911
f 7592 11155 10911
f 10039 7594 10134
f 10039 11153 7594
f 11222 10134 7594
f 11153 10157 7594
f 7595 10912 10036
f 10293 7596 10692
f 7614 7598 11768
f 7598 9447 9409
f 7600 7908 7602
f 10193 10418 7601
f 7604 8151 7605
f 7608 8268 7722
f 7618 7638 7610
f 7612 8072 8071
f 7612 8071 13546
f 7612 8594 8072
f 7612 8614 8594
f 10702 8614 7612
f 10702 7612 13546
f 7613 9516 12276
f 7613 12276 12060
f 7615 7860 10621
f 8833 7616 9466
f 12243 11963 7616
f 7645 7619 10772
f 11025 10772 7619
f 11766 7620 11798
f 7925 7623 7642
f 7925 7918 7623
f 8615 8975 7624
f 7624 8976 8666
f 8975 10550 7624
f 7624 10550 8976
f 7626 8121 10294
f 7626 10294 10906
f 7626 10906 12938
f 12888 7629 10689
f 10885 10665 7630
f 10885 7630 10884
f 7632 10418 12956
f 7633 10687 12955
f 8198 7634 7680
f 7636 8571 8587
f 12384 7637 12904
f 12142 11110 7639
f 8710 7640 12988
f 8710 12994 7640
f 7640 12994 11060
f 7641 7930 7928
f 7641 7928 10099
f 12556 7643 10871
f 12556 10872 7643
f 8962 7675 7644
f 7644 7675 11754
f 11756 8962 7644
f 9945 7645 10337
f 9945 11734 7645
f 7645 10772 10337
f 10006 10008 7646
f 10063 10006 7646
f 10302 7646 10008
f 10063 7646 10058
f 10058 7646 12264
f 10302 12264 7646
f 8486 8204 7648
f 8219 7649 8213
f 7977 7653 10223
f 7977 10537 7653
f 10223 7653 9691
f 9691 7653 10539
f 7994 9873 7654
f 9873 11019 7654
f 13338 7656 10775
f 7658 7657 10521
f 7658 10525 7657
f 8025 7657 10225
f 8025 10521 7657
f 10274 10225 7657
f 10525 10274 7657
f 7658 10521 10508
f 7658 10508 10999
f 7658 11008 10525
f 7658 10999 11008
f 10836 7659 10837
f 7942 7662 7663
f 7942 7666 7662
f 7942 7663 8217
f 11645 11762 7664
f 7664 11762 11778
f 7670 7673 7679
f 7672 10423 10111
f 8959 7675 7682
f 8959 11754 7675
f 10425 10115 7677
f 8222 7681 12280
f 8959 7682 11781
f 8121 7683 7736
f 10110 7736 7683
f 7700 7685 8177
f 10164 7686 12824
f 10164 12960 7686
f 12824 7686 12530
f 7965 7694 7689
f 8414 7690 12709
f 12709 7690 12949
f 7693 8648 9019
f 9369 7693 9019
f 7695 7729 8013
f 11067 7729 7695
f 7869 7696 9816
f 9816 7696 8697
f 13048 8697 7696
f 11316 13048 7696
f 7697 7978 7701
f 8660 8662 7698
f 7698 9029 9022
f 7699 10643 10872
f 12889 10870 7699
f 7699 10872 12556
f 12889 7699 12556
f 7702 8024 10275
f 7702 10275 10809
f 7935 10570 7703
f 7935 7703 10805
f 11473 10805 7703
f 7705 8675 8664
f 9035 7705 8664
f 7709 7710 7707
f 10799 10176 7708
f 12590 7708 10176
f 7709 7989 7995
f 7713 7712 8678
f 7713 8678 8669
f 7713 8669 8680
f 7715 8169 8167
f 7717 8026 7719
f 7718 10284 7754
f 7718 7754 12994
f 7718 12994 8710
f 7718 10575 10284
f 8027 7719 8026
f 9844 7725 9835
f 8703 8692 7726
f 8703 7726 8695
f 7799 8892 7727
f 7799 7727 10529
f 8892 9926 7727
f 9926 11912 7727
f 8287 7728 8032
f 9835 8032 7728
f 8013 7729 7837
f 7729 11823 7837
f 8703 7732 8345
f 8703 8695 7732
f 7732 8695 8711
f 9209 8934 7735
f 9214 7735 8934
f 9214 9220 7735
f 9255 7735 9220
f 7997 8121 7736
f 7997 7736 8684
f 10352 8684 7736
f 10110 10352 7736
f 7737 8935 7898
f 7739 7769 9175
f 7739 9175 9199
f 11775 7741 12672
f 7744 9987 7922
f 7744 12306 9987
f 7744 13057 12306
f 8108 7756 7748
f 8108 7748 8258
f 8548 7753 13600
f 7753 10238 13600
f 12429 7754 10284
f 12429 13427 7754
f 13129 12994 7754
f 13427 13129 7754
f 10879 10648 7755
f 8108 8059 7756
f 7758 9736 10590
f 8298 8051 7759
f 8298 7759 10346
f 9736 10346 7759
f 9736 7759 10590
f 7762 7760 7761
f 7762 8304 7760
f 8062 7760 8061
f 8061 7760 8304
f 7762 7761 10553
f 7764 7763 8068
f 8582 8068 7763
f 8582 7763 8478
f 7764 8068 8069
f 10554 7768 7960
f 7960 7768 11026
f 10554 10789 7768
f 7770 12405 12466
f 9916 7775 10088
f 9696 8721 7777
f 8475 7780 9981
f 7780 9761 8721
f 9981 7780 8721
f 9132 9761 7780
f 9258 9391 7781
f 13604 9258 7781
f 7785 7784 7782
f 7785 8353 8351
f 7787 7789 10538
f 10103 8080 7789
f 8080 10538 7789
f 10769 7790 7988
f 10771 7790 10769
f 8395 7791 8724
f 7791 10531 8724
f 9175 7792 9199
f 7801 7795 10325
f 11836 7795 7801
f 11836 11854 7795
f 9098 7796 8924
f 9102 8945 7796
f 9098 9102 7796
f 9209 7797 8934
f 9098 7797 9102
f 9102 7797 9209
f 7798 7937 9919
f 7798 13325 7937
f 7798 9919 13169
f 7798 13169 10415
f 7798 10415 13325
f 7799 9918 8892
f 7799 10420 9918
f 7803 10496 7800
f 7800 10778 9306
f 7800 10496 10783
f 7800 10783 10778
f 7801 9306 10778
f 11836 7801 10778
f 8370 10421 7802
f 8370 7802 13203
f 11467 9561 7802
f 13343 7802 9561
f 13203 7802 10140
f 13343 10140 7802
f 11467 7802 10421
f 7803 8373 10066
f 7803 10066 10496
f 7806 7804 7805
f 7806 7805 10065
f 7807 9110 9134
f 10725 7812 10477
f 7814 8041 8114
f 7814 11076 8041
f 7814 8114 13605
f 7814 9435 11076
f 7815 8093 9087
f 8094 7817 8381
f 8067 10475 7820
f 7820 10475 10725
f 7821 7830 7863
f 7821 9066 7830
f 7889 7821 8900
f 7889 9066 7821
f 7895 8900 7821
f 7822 11338 8465
f 7822 11325 11338
f 7825 8225 8795
f 7825 10452 8225
f 7826 8795 9575
f 10450 10236 7827
f 10450 7827 13017
f 10454 13017 7827
f 7828 8107 10868
f 7828 10449 8925
f 7828 10868 10449
f 8140 7829 7847
f 7847 7829 13413
f 9239 7829 8726
f 9239 9712 7829
f 9712 13413 7829
f 7863 7830 8838
f 7917 8838 7830
f 7917 7830 9066
f 7831 8405 8404
f 7831 11370 8405
f 8112 7832 7896
f 9710 7896 7832
f 7906 7900 7832
f 9162 7832 7900
f 8112 7906 7832
f 9710 7832 9162
f 8116 8409 7833
f 7833 8409 9724
f 12704 12478 7834
f 12941 12704 7834
f 8654 7839 7835
f 7839 9822 7835
f 8654 7835 12900
f 7835 9822 10114
f 10207 10444 7836
f 10207 7836 10811
f 11147 7837 11823
f 13558 7837 11147
f 7839 8654 10510
f 8842 7839 10510
f 11136 11151 7840
f 10111 7843 9528
f 9820 7843 10112
f 11334 7843 9820
f 10111 10112 7843
f 7844 11151 11136
f 7980 7847 8552
f 9436 7847 7980
f 9436 8140 7847
f 7847 13413 8552
f 7848 8436 8134
f 7848 8134 10433
f 10446 7850 10135
f 8139 8136 7851
f 8139 7851 8440
f 8444 8440 7851
f 11591 11134 7852
f 11994 7852 11134
f 11586 11590 7852
f 11590 11591 7852
f 7855 8390 9522
f 7855 11345 8390
f 10110 7855 10352
f 10110 11345 7855
f 10959 7860 8243
f 10959 10621 7860
f 13308 7862 7867
f 7865 8733 9716
f 7865 9716 9990
f 7865 9990 9992
f 7869 9816 13238
f 7870 11215 10693
f 7871 8825 8098
f 7871 9815 8825
f 7871 12758 9815
f 7871 12793 12758
f 7871 13244 12793
f 8454 8789 7873
f 8454 7873 10878
f 8789 8781 7873
f 8404 8405 7875
f 8404 7875 8406
f 8405 8734 7875
f 11295 7876 8462
f 7990 7880 7879
f 7884 7881 7883
f 7883 7881 7990
f 7884 7887 7881
f 7889 8731 8640
f 7889 13065 8731
f 7889 8900 13065
f 12156 7893 8834
f 13603 8834 7893
f 9943 7893 9654
f 12156 9654 7893
f 9943 13067 7893
f 13603 7893 13067
f 9943 9654 7894
f 7894 9654 10474
f 13137 9943 7894
f 7894 10474 12082
f 7894 12082 12094
f 13137 7894 12094
f 7895 9201 13342
f 8112 7896 10239
f 8726 7896 9710
f 8726 10239 7896
f 10541 7897 9064
f 10757 9064 7897
f 8863 8740 7899
f 9707 9162 7900
f 9448 9707 7900
f 7901 7903 7902
f 7901 8472 7903
f 8472 8095 7903
f 7903 8095 8474
f 7905 10216 9938
f 10489 7905 9938
f 10489 13285 7905
f 7905 13285 13274
f 10243 7906 8112
f 8190 8193 7908
f 12221 7909 11777
f 13412 11777 7909
f 13412 7909 13149
f 8747 7914 7910
f 10212 7910 7914
f 8747 11195 7914
f 7932 7931 7915
f 7915 8958 7932
f 7917 8840 7933
f 7917 9066 8840
f 7919 7918 7925
f 7920 10851 10307
f 7920 10307 12230
f 7920 11082 10851
f 11515 7920 11078
f 7920 12230 11078
f 11515 11082 7920
f 7922 9006 7971
f 8511 9043 7924
f 8511 7924 9953
f 10441 7924 9043
f 7924 13548 9953
f 10441 12235 7924
f 7924 12235 13548
f 7927 7940 8028
f 9682 7940 7927
f 9151 10832 7929
f 10832 13329 7929
f 7966 7931 7932
f 7933 8840 8551
f 7935 10569 10570
f 9336 7937 8071
f 9338 8071 7937
f 8877 9338 7937
f 8877 7937 13325
f 9336 9919 7937
f 10000 8028 7940
f 9682 9439 7940
f 9439 9997 7940
f 10000 7940 9997
f 8758 8415 7941
f 8306 11859 7943
f 7944 8415 8758
f 9454 7944 8757
f 10641 7974 7945
f 7947 7951 7950
f 8767 9219 7949
f 9219 9467 7949
f 8499 7951 8497
f 7952 11375 8319
f 11160 11111 7952
f 7952 11111 11375
f 7957 8502 7954
f 8501 7954 8502
f 11311 10844 7955
f 11230 11219 7956
f 11231 7956 11219
f 8240 10554 7960
f 10178 7960 11026
f 7961 10546 10547
f 13194 13548 7961
f 8228 8227 7962
f 8228 7962 8507
f 7963 8535 8393
f 9814 8684 7964
f 10064 7964 8964
f 9814 7964 10064
f 7967 8267 8256
f 7967 8446 8267
f 7968 8229 8224
f 7968 8232 8229
f 8469 7969 10048
f 10048 7969 9221
f 9221 7969 13384
f 7969 9223 13384
f 8590 7971 13109
f 9006 13109 7971
f 8463 8453 7972
f 8453 8744 7972
f 11873 8463 7972
f 11873 7972 11865
f 10336 7973 8282
f 10336 9788 7973
f 8425 7975 8768
f 7975 10696 8768
f 8463 12778 7976
f 7977 8296 10537
f 8227 8231 7978
f 7991 7983 7979
f 9436 7980 13326
f 10519 13326 7980
f 10227 7981 8295
f 13274 8295 7981
f 10227 11015 7981
f 9242 7982 9144
f 9242 13431 7982
f 7982 9590 10611
f 7982 13431 9590
f 7984 11482 8327
f 7984 8327 11977
f 11266 11482 7984
f 7987 7986 7985
f 10769 7988 10231
f 7993 8092 10296
f 8712 7993 9266
f 9119 9118 7993
f 9118 9266 7993
f 9119 7993 10296
f 7994 7996 10226
f 7994 10226 12119
f 7996 8307 10226
f 7997 10294 8121
f 9814 7997 8684
f 12755 7997 9814
f 12755 10294 7997
f 7998 8791 10523
f 7998 11244 8791
f 10005 7998 10528
f 10005 11012 7998
f 7998 10523 10528
f 7998 11012 11244
f 8000 9056 9076
f 8000 9074 9075
f 8000 9076 9074
f 8000 9075 9085
f 8003 8019 8007
f 8003 8014 8019
f 8251 8247 8004
f 8785 8784 8005
f 8006 8253 8017
f 8500 8012 8008
f 8008 8012 9476
f 9492 8008 8049
f 9492 8500 8008
f 13331 8012 8500
f 8954 8012 13331
f 8014 8264 8019
f 8897 8016 13557
f 8528 8084 8018
f 8355 9599 8018
f 8528 8018 9599
f 8262 8019 8264
f 8418 8020 8168
f 8418 8902 8020
f 8021 9610 11516
f 8021 11516 11680
f 11358 8537 8022
f 10372 8022 11371
f 9892 8539 8023
f 8473 9982 8024
f 8473 8024 10280
f 10275 8024 9982
f 8025 9917 10521
f 8025 13250 9917
f 8025 10225 13169
f 8025 13169 13250
f 8027 8026 8266
f 10000 10011 8028
f 10011 13584 8028
f 8546 8278 8029
f 8283 8030 10128
f 8030 8923 10128
f 8283 8919 8032
f 8287 8032 8919
f 10511 10228 8036
f 10511 8036 10509
f 8249 11302 8038
f 8114 8041 8725
f 8725 8041 9146
f 8041 11114 9146
f 8041 11076 11114
f 8043 9828 8130
f 8043 8130 10791
f 8043 13582 9828
f 13492 8043 10791
f 13492 13582 8043
f 10514 8044 11004
f 8810 8045 8172
f 8047 10863 12209
f 12790 10863 8047
f 8298 8048 8051
f 8130 9828 8049
f 9492 8049 13494
f 9828 13494 8049
f 9215 8053 8810
f 10846 8055 8054
f 8062 8061 8055
f 8061 8573 8055
f 8062 8055 10841
f 10841 8055 10846
f 8130 8058 10791
f 9794 8317 8058
f 10120 8058 8317
f 10120 10791 8058
f 8065 8616 8060
f 8065 8060 9874
f 8616 9787 8060
f 8063 8814 8085
f 8063 8085 11327
f 8064 8628 9883
f 10168 8628 8064
f 9296 10168 8064
f 8064 9883 9891
f 8065 9874 8597
f 8065 8618 8616
f 8066 12478 12704
f 12934 8066 12704
f 8067 10174 10848
f 8067 10848 10475
f 8580 8068 8582
f 9336 8071 8072
f 13546 8071 9338
f 9878 8072 8594
f 9878 8595 8072
f 12152 8075 12586
f 12811 12586 8075
f 13106 12411 8077
f 13106 8077 13362
f 8334 8078 10119
f 8342 8079 8335
f 9345 10538 8080
f 8081 8354 8082
f 8082 8354 9111
f 8082 8708 8709
f 8082 9111 8708
f 13557 8084 8894
f 9510 9513 8085
f 9513 11327 8085
f 8472 9632 8095
f 8964 8474 8095
f 9514 8964 8095
f 9514 8095 9632
f 8098 8825 8826
f 8099 10431 12924
f 8099 13041 10913
f 8099 12924 13041
f 8392 8101 8102
f 13414 8101 8392
f 13570 8392 8102
f 9534 9591 8104
f 11867 8104 9591
f 10334 8104 12476
f 11867 12476 8104
f 8726 8106 10239
f 8140 10868 8107
f 8112 10239 8111
f 10243 8112 8111
f 10243 8111 8769
f 8113 10112 10423
f 8113 10430 10112
f 8114 8725 8191
f 8114 8191 8869
f 8114 8869 13605
f 8405 8115 8734
f 8405 11370 8115
f 11370 11401 8115
f 8116 8412 9826
f 11866 8117 9988
f 8774 8118 8769
f 13055 10422 8119
f 8120 8397 8398
f 8120 9144 8397
f 8120 8398 10449
f 9242 9144 8120
f 9242 8120 9663
f 8122 8483 8481
f 8122 8829 8483
f 8950 8829 8122
f 8950 8122 9522
f 12748 8149 8123
f 8434 8123 8423
f 8434 12748 8123
f 10672 13040 8124
f 12427 9243 8126
f 8127 10120 8318
f 9776 8127 8614
f 9776 10791 8127
f 8127 10791 10120
f 8133 11196 10433
f 8436 8433 8134
f 8135 8163 8170
f 8135 8170 8800
f 8139 8137 8136
f 8137 8431 8432
f 10747 8138 9983
f 8139 8440 8776
f 9436 10868 8140
f 9957 8144 8437
f 12278 12702 8146
f 12006 12008 8148
f 8785 8150 8784
f 8785 10001 8150
f 11383 8153 10105
f 11383 10405 8153
f 8155 8633 11319
f 8963 10824 8159
f 8732 10315 8160
f 8732 8160 10402
f 10315 10404 8160
f 10651 8170 8163
f 8166 8457 9212
f 10159 8168 8388
f 8418 8168 8901
f 13593 8901 8168
f 10159 13593 8168
f 8661 9290 8169
f 8800 8170 8171
f 8800 8171 8807
f 12036 10344 8173
f 11978 8175 11147
f 8175 13558 11147
f 8175 11978 11953
f 10161 8178 8179
f 8179 9217 8815
f 10161 8179 8815
f 8180 9740 10321
f 8180 10385 9740
f 8180 10319 10385
f 8180 10321 10861
f 9628 8184 11464
f 9628 11880 8184
f 8187 9728 11154
f 8188 9995 10004
f 8188 10004 10300
f 8188 10300 10845
f 8188 10845 10587
f 9249 8189 13490
f 8725 8859 8191
f 10736 8191 8859
f 10736 8869 8191
f 10736 8192 8869
f 10735 8192 8939
f 10736 8939 8192
f 8193 8481 8194
f 8194 8481 8483
f 10749 10953 8197
f 8200 8532 8524
f 8200 8524 8887
f 8486 8836 8204
f 10405 10406 8206
f 11138 10405 8206
f 10406 10670 8206
f 12409 12410 8209
f 13106 12409 8209
f 13106 8209 12411
f 12408 10572 8210
f 12408 8210 12999
f 13130 12999 8210
f 8211 10273 8764
f 10435 8211 8764
f 9429 8211 10435
f 9429 12320 8211
f 12320 10279 8211
f 8219 8213 8238
f 11666 8216 12655
f 8225 8218 8795
f 8225 11018 8218
f 8218 9575 8795
f 8218 11018 11167
f 8219 8238 9339
f 8219 9339 12267
f 8226 8477 11511
f 8226 11511 9978
f 8228 8513 8227
f 8513 8231 8227
f 8228 8507 9244
f 9615 8526 8230
f 8230 9260 8888
f 9615 8230 8888
f 8230 11523 9260
f 8237 9517 11698
f 10255 10557 8239
f 10255 8239 13122
f 10256 13122 8239
f 10794 8239 10557
f 8240 8506 9956
f 8240 12229 8506
f 8240 9956 10554
f 13356 8243 8241
f 11516 13356 8241
f 10959 8243 13356
f 8246 8888 9260
f 9616 8888 8246
f 9616 8246 9261
f 11842 8248 8537
f 11842 12051 8248
f 11847 11844 8248
f 11847 8248 12051
f 8252 8511 10247
f 8252 10247 13122
f 8254 8261 8887
f 8254 8890 8261
f 8254 8889 8890
f 8254 9615 8889
f 10407 8255 11363
f 8261 8890 8891
f 8261 8891 8898
f 8262 8524 8532
f 8273 9286 12522
f 12305 9425 8273
f 12305 8273 12522
f 9574 8893 8277
f 9574 8277 9268
f 8546 8427 8278
f 8363 11969 8281
f 10336 8282 8285
f 8286 11604 8284
f 10409 8285 8844
f 10336 8285 10409
f 8287 8919 8921
f 8289 13481 12336
f 9644 8292 10231
f 9644 12025 8292
f 10769 10231 8292
f 9638 9639 8295
f 10227 8295 9639
f 9930 8296 12074
f 8299 9309 9311
f 8301 9536 10592
f 11845 11125 8302
f 8303 11044 10282
f 8305 8585 8586
f 9927 13498 8307
f 13498 10226 8307
f 11786 8308 9923
f 13174 9923 8308
f 11532 10717 8309
f 11532 8309 11524
f 10057 8312 10526
f 10057 10765 8312
f 10526 8312 13454
f 8312 10765 13545
f 8317 8315 8313
f 8318 8317 8313
f 8318 8313 8586
f 10120 8317 8318
f 8320 10585 12468
f 8329 8326 8516
f 12733 8327 11482
f 12017 8330 12027
f 8332 9893 10195
f 8332 10195 9897
f 9890 10177 8333
f 8334 10119 10116
f 8337 10162 10177
f 8337 10177 13111
f 8338 13196 12734
f 12964 13196 8338
f 9422 8340 13333
f 8706 8353 8342
f 8709 8702 8344
f 8681 8348 8705
f 8705 8348 8713
f 8713 8348 10093
f 8348 10116 10093
f 8359 8350 8360
f 8359 9520 8350
f 8352 9411 9021
f 8352 9104 9257
f 8352 9257 9411
f 9263 8355 9184
f 9264 9184 8355
f 9263 9599 8355
f 8356 11413 10171
f 8356 10739 11413
f 8628 10169 8357
f 10169 8358 9597
f 10168 8358 10169
f 8362 9259 12086
f 8362 12969 9456
f 8363 11972 11969
f 8364 11993 8429
f 8364 11841 11993
f 9802 8608 8367
f 8367 10406 11383
f 8368 12081 11878
f 8368 11878 13049
f 8369 10137 10138
f 10998 8369 10138
f 10998 10446 8369
f 8370 10138 10137
f 8370 10137 10421
f 8382 13205 8371
f 8377 12536 12533
f 8377 12574 12536
f 8880 8378 8873
f 8379 10114 12820
f 11222 8379 12820
f 11679 8873 8380
f 9761 9483 8381
f 8383 11834 9174
f 8387 8386 8384
f 9251 8389 9531
f 9432 9531 8389
f 10801 13466 8391
f 9656 13414 8392
f 8667 8408 8393
f 8667 8393 8535
f 10824 8395 8724
f 8963 8395 10824
f 9144 10760 8397
f 8925 10449 8398
f 11138 8400 11564
f 8403 8676 8402
f 12952 8423 8408
f 8729 9724 8409
f 8421 8545 8411
f 8414 12477 8722
f 10297 9934 8417
f 8417 9934 11783
f 10297 8417 11162
f 8418 9562 8902
f 12615 8420 9840
f 8420 12822 9840
f 12615 12890 8420
f 12957 12822 8420
f 8420 12890 12961
f 12957 8420 12961
f 8434 8423 12952
f 8425 9754 8714
f 8425 8768 9472
f 8425 9472 11287
f 8425 11287 9754
f 8913 8427 8546
f 8428 10034 10044
f 10317 10034 8428
f 8428 10044 10047
f 8428 10047 10053
f 10322 8428 10053
f 10322 10317 8428
f 8431 9180 9458
f 8433 8767 8761
f 8434 9333 12748
f 11252 8435 12254
f 9187 8438 8439
f 9187 8439 9188
f 9170 9169 8443
f 9170 8443 10008
f 9452 10023 8443
f 8443 10023 10008
f 8445 10017 10016
f 8445 10016 10301
f 8445 11186 10017
f 9488 8448 11295
f 11784 8449 11381
f 11784 11782 8449
f 9213 8457 8451
f 8455 11338 11325
f 9212 8457 9213
f 8465 11338 8458
f 11252 12254 8458
f 11842 8460 12051
f 9393 8467 8461
f 8461 8467 12351
f 11873 12778 8463
f 8468 12018 11406
f 8868 8470 11560
f 8471 11419 12534
f 8471 11421 11642
f 8471 12534 11421
f 9705 9982 8473
f 9705 8473 12324
f 8582 8478 8946
f 8946 9312 8480
f 12132 8484 10565
f 13436 8484 12132
f 8486 8839 8836
f 8798 8490 8790
f 9955 8790 8490
f 9955 8490 10560
f 8490 9967 10560
f 11347 8492 12158
f 12187 8492 11347
f 8494 8495 8497
f 10376 8494 10614
f 8499 8497 8495
f 8496 9648 12167
f 8498 12134 9648
f 8549 9343 8500
f 8549 8500 9492
f 13331 8500 9343
f 8501 8502 8503
f 8504 9829 8639
f 9539 9829 8504
f 9950 8506 9666
f 8506 12229 9666
f 9950 10788 8506
f 9956 8506 10788
f 9244 8507 8639
f 12226 11612 8510
f 8511 9953 10247
f 8512 8865 8866
f 8955 8956 8514
f 8956 9521 8514
f 8519 10224 11301
f 8528 13465 8527
f 8528 9599 13465
f 9468 8558 8530
f 10429 8530 8558
f 8530 8562 8971
f 8530 10667 8562
f 9468 8530 8971
f 10429 10667 8530
f 13392 12079 8531
f 13392 8531 13383
f 10124 8534 10840
f 11669 10840 8534
f 8640 8535 8560
f 8667 8535 8640
f 8536 9512 10329
f 9925 10497 8536
f 9925 8536 11915
f 11915 8536 10329
f 11358 10490 8537
f 11842 8537 10490
f 11697 11120 8538
f 8538 11681 12024
f 8913 8544 8915
f 9282 8915 8544
f 11460 11350 8547
f 11460 8547 11418
f 8547 11554 11418
f 8547 11540 11554
f 9947 8548 13600
f 8549 9079 9123
f 8549 9123 9343
f 8550 9116 8864
f 8551 8840 8560
f 13323 12530 8552
f 13413 13323 8552
f 8554 8759 8565
f 8554 8565 13478
f 9246 8759 8554
f 8555 11101 11102
f 9468 8960 8558
f 10429 8558 10497
f 8561 9494 11408
f 8561 11868 9494
f 8561 11463 11868
f 8566 8971 8562
f 9254 8563 10240
f 8759 9771 8565
f 8619 8971 8566
f 8619 8566 8973
f 9455 8973 8566
f 9455 8566 10649
f 9129 8569 9128
f 9133 10264 8570
f 10578 8587 8571
f 11284 10578 8571
f 8578 8572 8951
f 8943 8573 8574
f 8577 9644 10231
f 9878 8585 8578
f 8595 8578 8951
f 9878 8578 8595
f 11822 11213 8579
f 8581 10555 9328
f 11451 11437 8584
f 8590 13109 9985
f 9927 8596 13537
f 8597 9874 8598
f 9874 10724 8598
f 9526 8599 9070
f 12383 8599 12405
f 9438 8601 8853
f 9438 8962 8601
f 8601 8962 11756
f 8955 8603 10551
f 10551 8603 9124
f 8604 8856 11762
f 8604 11813 8856
f 11645 8604 11762
f 8618 9836 8605
f 9870 9855 8605
f 8673 8973 8606
f 8982 8673 8606
f 8823 8982 8606
f 9455 8606 8973
f 9455 8983 8606
f 10394 9921 8607
f 10520 9922 8607
f 13443 8607 9922
f 8607 13443 10394
f 8608 10092 9107
f 8609 8971 8619
f 9468 8971 8609
f 8610 8627 10656
f 8610 10660 8679
f 8610 10656 10660
f 8612 9630 9918
f 8612 9918 10420
f 8612 10420 10228
f 10511 8612 10228
f 9776 8614 10702
f 8615 13546 8975
f 13504 10702 8615
f 10702 13546 8615
f 8932 8617 8936
f 8932 9900 8617
f 13208 8936 8617
f 13208 8617 9904
f 10926 8620 11135
f 8621 9897 10195
f 11709 9897 8621
f 8621 10195 13157
f 8622 9985 11072
f 8622 11072 13123
f 8622 13123 13127
f 8862 10248 8624
f 13491 8862 8624
f 13491 8624 10245
f 8625 9771 8759
f 12474 9771 8625
f 8626 12124 11340
f 8627 9412 10656
f 10168 10169 8628
f 9576 9578 8629
f 9578 11667 8629
f 10136 8634 9842
f 11655 8683 8635
f 11655 8635 8727
f 8637 8651 8643
f 9244 8639 9543
f 8639 11438 9543
f 9829 11438 8639
f 8667 8640 8731
f 8643 8651 9013
f 8647 8646 8645
f 9532 8944 8654
f 10510 8654 8944
f 9532 8654 12900
f 9023 8655 9025
f 9370 8657 10738
f 8663 8670 8669
f 9035 8664 8665
f 8775 9412 8666
f 10661 8775 8666
f 10661 8666 8976
f 8668 12710 12487
f 8669 8670 8680
f 12749 13211 8672
f 9523 9820 8674
f 8674 9820 10430
f 8674 10430 10419
f 8895 8677 8832
f 8677 10649 8832
f 8677 8983 10649
f 9398 8679 8985
f 9404 8985 8679
f 10660 9404 8679
f 8681 8705 9086
f 8682 9078 8985
f 9404 8682 8985
f 9072 8685 8686
f 9072 9071 8685
f 13062 8687 12838
f 13640 8687 13062
f 13640 13376 8687
f 9471 8688 9670
f 8691 8689 8690
f 8692 8689 8691
f 8691 8690 9088
f 8690 9089 9088
f 8693 8691 9088
f 8693 9065 9084
f 8693 9088 9065
f 9085 8693 9084
f 8698 8694 8699
f 11565 8770 8696
f 8696 10480 11519
f 11565 8696 11639
f 8697 9221 13384
f 9816 8697 13384
f 8707 8706 8698
f 8700 8701 8702
f 8700 9095 9096
f 9785 12189 8704
f 10323 8704 12189
f 10323 12573 8704
f 9097 8705 8713
f 8705 10633 9086
f 10633 8705 9097
f 8707 9105 9104
f 12620 11283 8710
f 12620 8710 12988
f 9108 8711 9106
f 8712 8713 10093
f 12189 8714 9754
f 10323 9754 8716
f 11287 8716 9754
f 8717 9419 9420
f 8729 8718 9724
f 8720 11633 11723
f 9696 9530 8721
f 9530 9981 8721
f 9758 11869 8722
f 11064 8724 10531
f 10824 8724 13328
f 13328 8724 11064
f 9239 8726 9710
f 8732 10091 10094
f 11605 10091 8732
f 8732 10094 10315
f 11605 8732 10402
f 9156 9440 8735
f 8736 11126 9442
f 11633 8738 11723
f 8739 9442 9726
f 8739 9726 12488
f 8744 8740 8863
f 8741 12488 8748
f 9457 9734 8742
f 8742 9734 9733
f 8745 10082 10100
f 8752 9734 8746
f 8746 9734 9457
f 8981 9669 8747
f 8747 9669 11195
f 12488 8753 8748
f 9920 8749 9937
f 12688 8750 10347
f 8752 9733 9734
f 8753 10003 10010
f 11131 10003 8753
f 12488 11131 8753
f 9739 8757 9738
f 10796 10566 8763
f 9137 10435 8764
f 8771 11656 11125
f 9421 8772 9262
f 9421 9694 8772
f 8772 9694 12298
f 9972 8772 12298
f 8775 8991 9372
f 8775 9444 8991
f 10656 8775 9372
f 10656 9412 8775
f 10661 9444 8775
f 9120 10440 8780
f 8780 10440 9692
f 8789 9207 8781
f 8782 10139 11492
f 8785 9186 10001
f 9625 8803 8787
f 8798 8790 9410
f 9024 9410 8790
f 8801 8802 8796
f 8798 9410 10887
f 9502 9792 8799
f 9508 9506 8804
f 9507 8812 8809
f 8820 8811 9700
f 9507 11324 8812
f 9217 9206 8815
f 8819 12742 9223
f 10564 10562 8822
f 11267 10564 8822
f 8823 8994 8982
f 8826 8825 8824
f 9523 8827 9231
f 10893 8830 10299
f 10299 8830 11536
f 8830 10342 11536
f 10669 8830 10893
f 8831 10479 12606
f 9360 8832 8849
f 8895 8832 9360
f 10445 8833 9466
f 12156 8834 9366
f 9366 8834 13259
f 8839 8835 8836
f 11334 9231 8835
f 9363 10486 8841
f 13285 8841 10486
f 10489 10487 8841
f 10489 8841 13285
f 8848 10510 8944
f 9077 9358 8849
f 9360 8849 9358
f 8986 10205 8851
f 8851 12503 12563
f 8855 12005 9643
f 8855 9643 13498
f 9927 8855 13498
f 9927 13537 8855
f 11244 11012 8857
f 9932 8858 9092
f 8858 10495 9092
f 8858 9643 10495
f 8858 13498 9643
f 9932 12119 8858
f 8858 12119 10226
f 8858 10226 13498
f 8862 11822 10248
f 8862 11213 11822
f 9067 8868 11560
f 8876 9840 12822
f 8876 12822 11483
f 8877 13174 9635
f 8877 13325 13174
f 8880 8905 11613
f 8883 9552 8881
f 8896 8882 11615
f 8886 12591 13301
f 13038 8886 13301
f 8889 9615 8888
f 8889 8888 9616
f 8889 10156 8890
f 8889 9616 10156
f 8890 9614 8891
f 8890 10156 9614
f 8898 8891 8893
f 9344 9343 8892
f 8892 9343 9926
f 9344 8892 9918
f 8894 8898 8893
f 8894 8893 9574
f 13557 8894 9574
f 8895 9332 9011
f 8895 9360 9332
f 8897 9574 9273
f 8897 9273 9580
f 8897 13557 9574
f 8903 9627 9340
f 8903 9340 11860
f 8903 9626 9627
f 8903 10340 9626
f 8904 10350 11354
f 8904 11354 11128
f 8908 11613 8905
f 9013 8909 9004
f 9324 9004 8909
f 8909 9366 9324
f 8910 9964 12277
f 8910 12479 9964
f 8910 11857 11662
f 8910 12277 11857
f 8911 9279 9278
f 9845 8914 9996
f 8914 12764 9996
f 8914 12443 12764
f 9282 9881 8915
f 10737 8918 12141
f 8919 8920 8921
f 8932 8926 9900
f 10203 9298 8927
f 8968 8928 13552
f 13551 8928 9240
f 9036 8929 8995
f 10757 8929 9064
f 13208 9312 8936
f 8970 8937 9447
f 9409 9447 8937
f 9477 9409 8937
f 10736 13633 8939
f 10978 8939 13633
f 9263 8940 9183
f 9263 9184 8940
f 9184 9561 8940
f 11467 8940 9561
f 8941 12679 10565
f 9533 8944 9532
f 8945 11861 9049
f 8945 9049 13307
f 9102 11861 8945
f 11986 8948 12210
f 9122 8952 8954
f 9122 9327 8952
f 8953 11713 11712
f 8953 11712 11909
f 8953 11714 11713
f 12104 8953 11909
f 9122 8954 13331
f 8955 9341 8956
f 8955 10551 9341
f 8956 9341 11827
f 8956 11827 9521
f 8958 11547 11285
f 9044 8961 8977
f 9039 9053 8961
f 9039 8961 9319
f 9044 9319 8961
f 9514 10064 8964
f 8978 9753 8966
f 9916 8969 9428
f 9905 8969 10088
f 9916 10088 8969
f 8970 9447 13564
f 8974 9409 9477
f 13546 9338 8975
f 9044 8977 9383
f 9387 9383 8977
f 9394 9387 8977
f 9928 8980 11571
f 8994 9354 8982
f 9455 10649 8983
f 10042 9887 8984
f 10042 8984 10662
f 9078 10544 8985
f 9398 8985 10544
f 9422 13333 8990
f 9714 8992 9146
f 9714 11115 8992
f 8992 11115 13467
f 8994 8993 9354
f 8994 9371 8993
f 9352 10623 8993
f 9352 8993 10631
f 8993 9362 9354
f 10623 9362 8993
f 10631 8993 9371
f 9051 9036 8995
f 9052 9051 8995
f 10035 8996 9009
f 9444 10654 8999
f 9008 13229 9113
f 9008 10073 13229
f 9770 9012 12642
f 9015 9391 9427
f 11057 9015 9427
f 9705 9015 11057
f 9705 12324 9015
f 11328 11331 9016
f 9018 9417 9418
f 9018 9419 9417
f 9690 9018 9418
f 9369 9019 9026
f 9414 9021 9411
f 9029 9054 9022
f 9023 10476 9030
f 9024 9405 9410
f 9106 9027 9408
f 9029 9376 9054
f 10852 9030 10476
f 9031 11570 10041
f 10350 9032 9667
f 9032 12448 9667
f 9051 9035 9036
f 9038 9232 11735
f 9038 11735 11743
f 10753 9073 9042
f 10441 9043 10768
f 10768 9043 13329
f 9044 9375 9319
f 10443 9380 9047
f 12227 9047 9385
f 10443 9047 12227
f 9048 9055 10559
f 9048 10559 10793
f 11038 10789 9048
f 11038 9048 10793
f 9063 13307 9049
f 9061 9059 9052
f 9054 9376 10474
f 9054 10474 10540
f 9955 10560 9055
f 10576 9955 9055
f 10559 9055 10560
f 9149 9076 9056
f 9060 13307 10310
f 9072 9061 9071
f 10100 11567 9062
f 9063 10310 13307
f 10541 9064 9370
f 9394 9065 9088
f 9068 12780 11622
f 9494 9069 10568
f 9494 13258 9069
f 10304 10568 9069
f 9151 9074 9076
f 9149 9151 9076
f 9077 9359 9358
f 9077 9637 9359
f 9078 9081 10544
f 9079 9081 9355
f 9079 10544 9081
f 9086 9080 9083
f 10633 9080 9086
f 11975 9355 9081
f 9394 9088 9089
f 9395 9394 9089
f 9090 9402 9101
f 9090 9382 9397
f 9090 9397 9402
f 9349 10623 9091
f 9352 10495 9091
f 9352 9091 10623
f 12005 9091 10495
f 9352 9092 10495
f 9352 10631 9092
f 9092 10631 9357
f 9361 9093 9935
f 9640 12074 9093
f 9093 12074 9935
f 9095 9679 9096
f 9194 9103 9095
f 9103 9679 9095
f 9178 9099 9097
f 9097 9099 10633
f 9405 9099 9178
f 9401 9101 9402
f 9102 9209 11861
f 9681 9103 9194
f 9105 9401 9406
f 9108 9106 9247
f 9106 9408 9247
f 9108 9247 9326
f 9121 9297 13606
f 9629 9327 9122
f 9344 9629 9122
f 9344 9122 13331
f 9926 9343 9123
f 9926 9123 11912
f 10551 9124 10451
f 12489 9125 12723
f 9424 9127 9426
f 9426 9127 9697
f 9276 11339 9129
f 9132 9381 9386
f 9132 9386 9483
f 9132 9483 9761
f 9133 9320 9139
f 9133 9139 10264
f 9136 9137 9491
f 9136 10435 9137
f 9253 9491 9137
f 9140 9550 9431
f 10611 9590 9143
f 12429 9143 9590
f 12429 10397 9143
f 9714 9146 11114
f 9342 9400 9147
f 9400 12840 9147
f 12671 9147 12840
f 9149 10832 9151
f 9150 9703 11900
f 9156 9164 9158
f 9156 9158 9440
f 9823 9164 9156
f 9158 9164 9163
f 9158 9163 9725
f 9723 9440 9158
f 9723 9158 9725
f 9445 9160 9167
f 9163 9164 9168
f 9163 9168 9169
f 9163 9169 9170
f 12471 9163 9170
f 12471 9725 9163
f 9886 9592 9165
f 10558 9165 9592
f 9167 9826 9166
f 9167 9166 10019
f 9454 10019 9166
f 9445 9167 10019
f 9168 9173 9169
f 10007 9170 10006
f 9170 10008 10006
f 10007 12471 9170
f 9177 9171 9730
f 9171 9729 9730
f 11236 9176 9459
f 9410 9405 9178
f 9410 9178 10887
f 9470 9458 9180
f 9182 12507 9465
f 9263 9183 13341
f 13345 13341 9183
f 9264 11623 9184
f 9184 11623 9561
f 9218 9467 9186
f 9219 9186 9467
f 10001 9186 9219
f 9486 9190 9189
f 9486 9189 9200
f 10907 9196 11976
f 9202 11331 11974
f 12420 11094 9203
f 12420 9203 12030
f 9217 10598 9206
f 12739 9808 9206
f 12739 9206 10598
f 9790 9493 9207
f 9212 9791 9210
f 9213 9211 9791
f 9212 9213 9791
f 11032 10780 9216
f 9217 10048 10598
f 10048 9221 10598
f 9223 12742 13384
f 11502 11661 9224
f 10542 9225 11924
f 11855 12667 9225
f 9230 12081 12732
f 9523 9231 11334
f 10425 9236 11355
f 9239 11161 9712
f 9242 9663 13569
f 9242 13569 13431
f 12427 12737 9243
f 10960 9326 9247
f 10960 9247 9408
f 9329 9248 9293
f 9293 9248 13442
f 12148 9249 13490
f 9253 10054 9491
f 9254 9315 10546
f 9256 12761 12521
f 9411 9257 10892
f 9386 9258 9378
f 9386 9427 9258
f 9258 9427 9391
f 9259 13297 12086
f 9559 9260 11523
f 9564 10127 9261
f 9421 9262 10618
f 9262 10059 10618
f 9263 13341 9599
f 9569 11623 9264
f 9269 9265 9267
f 9614 10156 9265
f 9267 9565 9573
f 9268 9272 9273
f 9574 9268 9273
f 9582 9272 9270
f 9582 9270 9585
f 9274 11050 10644
f 9867 9587 9277
f 9587 13593 9277
f 9277 13593 10159
f 9867 9281 9869
f 13117 13116 9284
f 13386 13117 9284
f 12528 13585 9286
f 9287 9981 9530
f 9287 12590 10569
f 10558 9593 9288
f 9636 9289 11340
f 9399 9293 13442
f 9294 11539 11139
f 9298 9295 9296
f 10203 9295 9298
f 12823 12131 9301
f 12823 9301 13047
f 12826 9302 12828
f 9305 10230 9304
f 9307 10230 9305
f 10592 9536 9305
f 9307 9901 10230
f 9308 10235 9612
f 9308 9612 10237
f 10547 10546 9315
f 9317 9621 9322
f 9317 9617 9621
f 9321 9322 9323
f 9914 9323 9322
f 9914 9322 9621
f 9323 9331 9330
f 9914 9331 9323
f 9366 13259 9324
f 9326 9418 9417
f 10960 9418 9326
f 9914 9917 9331
f 9331 9917 13250
f 9360 10697 9332
f 9363 9332 10697
f 9335 9675 10518
f 9340 9627 9341
f 10551 9340 9341
f 10551 10451 9340
f 9340 10451 11860
f 9341 9627 11827
f 9344 13331 9343
f 9344 9630 9629
f 9344 9918 9630
f 9345 11854 11886
f 9346 10497 9925
f 9346 9925 13454
f 9346 10429 10497
f 9346 10545 10429
f 10818 9353 12202
f 12396 12202 9353
f 12396 9353 12629
f 9644 9355 12025
f 11975 12025 9355
f 10631 9371 9357
f 9647 9358 9359
f 9360 9358 10697
f 9647 10697 9358
f 9638 9359 9637
f 9651 10694 9361
f 9363 10697 10486
f 9364 9437 9433
f 9364 9525 9437
f 9364 13547 9525
f 9936 9365 9652
f 12156 9366 10540
f 10541 9370 10738
f 10656 9372 10660
f 9376 9375 12082
f 9376 12082 10474
f 9483 9386 9378
f 9381 9427 9386
f 9381 11057 9427
f 9706 11057 9381
f 9382 9389 9397
f 9388 9383 9387
f 10448 9385 9384
f 9385 10770 9384
f 10448 12227 9385
f 9387 9395 9388
f 9395 9387 9394
f 9671 9389 9660
f 9390 12385 10691
f 12395 12627 9392
f 13086 9392 12627
f 9678 9402 9397
f 9400 9827 12844
f 9400 12844 12840
f 9961 9406 9958
f 10960 9408 9966
f 9414 9411 10892
f 9416 10958 9413
f 9413 10958 10920
f 10960 9689 9418
f 9689 10989 9418
f 9690 9418 10989
f 11013 9420 11024
f 9421 12255 9694
f 9693 9423 11013
f 12246 9423 9693
f 12305 12419 9425
f 9425 12426 12376
f 9425 12419 12426
f 9426 9697 9698
f 9426 9698 9980
f 11450 9916 9428
f 9432 9709 9708
f 12303 9434 13073
f 9720 9997 9439
f 9723 9993 9440
f 12599 10891 9441
f 12828 9441 10891
f 10661 10654 9444
f 9445 10004 9995
f 9445 10020 10004
f 9445 10019 10020
f 10365 9450 10831
f 9450 13220 10831
f 9451 9669 11186
f 9451 11195 9669
f 9744 9452 9458
f 9744 12687 9452
f 9452 12687 10023
f 9453 12332 12565
f 9456 12969 12968
f 9744 9458 9470
f 11236 9459 9472
f 11287 9472 9459
f 12504 12089 9462
f 12502 9462 12310
f 12504 9462 12745
f 9745 9465 12507
f 10445 9466 10411
f 9469 10772 10186
f 9469 10208 13611
f 9469 10337 10772
f 9469 13611 10337
f 9744 9470 10032
f 9473 9500 12506
f 11694 9473 12506
f 11694 13311 9473
f 11894 9473 13311
f 9749 9475 9748
f 9484 9482 9481
f 9484 9774 9482
f 9482 9774 10076
f 9484 9764 9774
f 11458 9485 11461
f 11458 11682 9485
f 11877 11461 9485
f 11682 12819 9485
f 11877 9485 12819
f 9487 11439 11118
f 10060 10055 9489
f 9490 12130 12858
f 9494 10568 11408
f 9494 11868 13258
f 10061 9495 9497
f 10061 10060 9495
f 13460 9498 12647
f 9499 13222 12516
f 9502 9796 9792
f 12475 12705 9505
f 9801 9506 9508
f 9507 9511 9509
f 9507 9509 11324
f 9509 9510 11324
f 9800 9803 9511
f 13380 10064 9514
f 12697 12276 9516
f 10965 9517 9704
f 10965 9722 9517
f 9620 12194 9518
f 9519 9727 12509
f 9519 12509 11033
f 11827 9624 9521
f 9523 11334 9820
f 11901 9524 9777
f 12512 9777 9524
f 12512 9524 12338
f 9524 12971 12338
f 11899 9527 11897
f 11899 12972 9527
f 10387 10782 9529
f 9532 12900 13237
f 12475 9591 9534
f 12475 9534 12705
f 9541 9538 9540
f 9539 9830 9829
f 12921 9543 11438
f 9603 12197 9545
f 12624 9603 9545
f 12624 9545 11807
f 9838 9546 10122
f 9547 12199 12347
f 9559 9556 9558
f 9558 9556 9842
f 9559 11523 9556
f 9556 12987 9842
f 9559 9558 11499
f 10682 9560 9977
f 10263 9560 10567
f 13343 9561 11623
f 9564 11657 10127
f 9564 11499 10504
f 9564 10504 11644
f 9564 11644 11657
f 9657 9567 10240
f 9657 10403 9567
f 9691 9567 10403
f 9691 13004 9567
f 9569 9570 11623
f 9852 10143 9570
f 9854 9573 9850
f 9576 9577 9578
f 9577 9579 9578
f 9581 9583 9866
f 9581 9866 9584
f 9582 9585 9586
f 9583 9859 9860
f 9866 9583 9860
f 9858 9584 9866
f 9858 10149 9584
f 9584 10149 11667
f 9585 9854 9853
f 9861 9859 9586
f 9587 10719 10951
f 9587 10951 13593
f 10484 9588 10167
f 12061 9591 9589
f 12475 9589 9591
f 12061 9589 9683
f 12429 9590 13427
f 9590 13431 13427
f 11867 9591 12061
f 10558 9592 9593
f 9886 10491 9592
f 10169 9597 10185
f 13341 13465 9599
f 9685 12276 9600
f 12697 9600 12276
f 9782 11093 9602
f 9782 9602 11853
f 12268 11853 9602
f 12624 11204 9603
f 9605 9608 9609
f 12387 9607 12394
f 9610 13356 11516
f 9610 12040 13339
f 9610 13339 13356
f 9897 9612 10235
f 11709 9612 9897
f 9620 11981 12194
f 9914 9621 9910
f 9912 10211 9622
f 9911 9624 11797
f 11827 11797 9624
f 9627 9626 11797
f 10455 11797 9626
f 11827 9627 11797
f 10451 9631 11860
f 9633 9887 11966
f 9633 11966 12178
f 9636 11340 12124
f 11163 10227 9639
f 11163 9639 13545
f 9640 9930 12074
f 13550 9930 9640
f 12177 9641 11967
f 9641 12393 11967
f 12177 12179 9641
f 12658 9641 12179
f 12005 10495 9643
f 9647 10486 10697
f 13285 10486 9647
f 12813 12589 9650
f 9651 10403 9657
f 9936 9652 9939
f 10474 9654 10540
f 12156 10540 9654
f 10176 11054 9655
f 11272 9655 11054
f 11465 9655 11272
f 11982 9661 12198
f 9662 12094 12082
f 13326 13569 9663
f 9950 9666 12227
f 9666 10443 12227
f 10350 9667 11538
f 11755 9667 12448
f 11186 9669 10017
f 9673 9671 9672
f 9678 9673 9954
f 13271 10518 9675
f 9676 10246 10242
f 9677 9679 9680
f 10249 9680 9959
f 9681 10920 9963
f 9685 12060 12276
f 9689 9966 9965
f 9689 9965 10989
f 10960 9966 9689
f 10223 9691 10403
f 9691 10539 13004
f 9969 9692 10440
f 12246 9693 9975
f 9693 13436 9975
f 9693 11013 11024
f 9693 11024 13436
f 10682 9977 9694
f 9977 12298 9694
f 12255 10682 9694
f 11477 11690 9695
f 11692 11477 9695
f 9695 11690 11691
f 13303 11692 9695
f 9979 9980 9698
f 9979 9698 10267
f 9702 10272 10270
f 12323 9982 9705
f 12323 9705 11057
f 9706 12323 11057
f 9708 10281 10278
f 11664 11916 9711
f 9712 13323 13413
f 9714 11114 10328
f 9714 10328 12463
f 9714 12463 11115
f 9989 12465 9715
f 9720 9721 9997
f 9720 10290 9721
f 9720 9992 10290
f 9721 9998 9997
f 9721 10583 9998
f 9721 10290 10581
f 9721 10581 10583
f 9723 9994 9993
f 12468 9994 9723
f 9726 11131 12488
f 10365 12509 9727
f 10607 9730 10600
f 11901 9784 9731
f 11901 9731 12462
f 12618 12462 9731
f 10303 9732 10603
f 9747 9740 10385
f 9742 9746 10617
f 9742 10617 11083
f 10030 10031 9743
f 12889 9746 9745
f 9745 12507 9750
f 12889 9745 9750
f 9749 9748 9747
f 9752 9749 9747
f 9751 9752 9747
f 9751 9747 10385
f 10316 10870 9750
f 10316 9750 12507
f 12889 9750 10870
f 9751 9766 9752
f 10320 9751 10385
f 9752 9766 9765
f 10323 12189 9754
f 9758 9902 11677
f 9758 11677 11869
f 12643 9760 9762
f 9760 10047 10044
f 12643 9762 11422
f 9764 9773 10067
f 12474 9984 9771
f 10076 9774 10077
f 9776 10702 13504
f 13492 10791 9776
f 13492 9776 13504
f 11480 9784 9777
f 11901 9777 9784
f 10046 10056 9778
f 9781 11016 10536
f 11163 9781 10536
f 11163 10765 9781
f 9782 9868 11862
f 9782 11862 11093
f 9788 9938 10216
f 10336 9938 9788
f 9788 10216 10218
f 10070 9792 9796
f 9795 11281 11850
f 9795 11851 11281
f 10742 10070 9796
f 10742 9796 12699
f 9797 9798 9799
f 9798 10102 9799
f 9805 9798 9804
f 9805 10102 9798
f 9801 9802 9800
f 10105 10104 9803
f 11378 11432 9812
f 11378 9812 13375
f 12754 13380 9813
f 12754 9814 10064
f 12754 12755 9814
f 9816 12742 13238
f 9816 13384 12742
f 13412 13149 9817
f 11761 9819 11556
f 11967 9819 11761
f 12393 9819 11967
f 9820 10112 10430
f 9822 12914 10114
f 9824 12162 12575
f 9824 12575 13397
f 9968 11082 9825
f 11515 9825 11082
f 11515 11722 9825
f 12789 10029 9827
f 11284 9831 9837
f 11699 9837 9831
f 11215 13041 9833
f 9833 12921 11438
f 9833 12924 12921
f 9833 13041 12924
f 10432 9834 10434
f 9834 10436 10434
f 11284 9837 9951
f 11694 9839 13311
f 11025 9841 10186
f 11253 9841 11025
f 10136 9842 12987
f 10842 10830 9843
f 10843 10842 9843
f 9845 9996 11444
f 11863 9845 11444
f 9847 9846 13017
f 11657 11644 9846
f 11644 13017 9846
f 9848 9847 10876
f 9847 10454 10876
f 9847 13017 10454
f 9849 9848 10457
f 9848 10876 10457
f 9854 9850 10148
f 9851 12353 12403
f 9851 12403 12437
f 12604 9851 12437
f 9852 10145 10143
f 9854 10148 9853
f 9853 10148 10461
f 9870 9871 9855
f 10151 10149 9858
f 10151 9858 10465
f 9861 9860 9859
f 9862 11463 11882
f 11660 12056 9864
f 9870 10686 9871
f 11498 9875 11715
f 11700 10170 9876
f 10482 13188 9876
f 9877 10470 10252
f 13273 13542 9877
f 12592 9882 12806
f 13403 12806 9882
f 9883 10681 9891
f 9886 10189 10190
f 9886 10190 10491
f 10042 9889 9887
f 11966 9887 9889
f 11557 9889 11150
f 11557 11966 9889
f 13111 10177 9890
f 9896 10230 9901
f 9898 11539 10428
f 9898 11139 11539
f 11677 9902 11265
f 9903 10754 10498
f 9903 10977 10754
f 13208 9904 9908
f 9905 10088 10096
f 11449 9905 10096
f 11731 13426 9906
f 13426 11922 9906
f 9911 11797 10455
f 10214 10211 9912
f 10508 10521 9917
f 13169 9919 13250
f 10394 13416 9921
f 13443 9922 11915
f 10524 9923 10415
f 13325 10415 9923
f 10524 11786 9923
f 13325 9923 13174
f 10026 11009 9924
f 9931 10098 11243
f 11575 11783 9934
f 9936 9939 10233
f 10336 10409 9938
f 10489 9938 10409
f 9941 13461 13410
f 11092 10617 9942
f 9945 13067 9943
f 13137 9945 9943
f 11487 9944 10781
f 12624 10781 9944
f 12386 12624 9944
f 12386 9944 12628
f 9945 10337 13067
f 13137 11734 9945
f 11286 9948 12895
f 11286 12983 9948
f 9948 11704 11491
f 12983 11704 9948
f 9950 12227 10448
f 11284 9951 10578
f 12684 10578 9951
f 11283 11479 9952
f 11283 9952 12707
f 13194 9953 13548
f 10576 9956 10788
f 10249 9959 9960
f 9959 10254 9960
f 9959 9963 10254
f 9960 10254 10792
f 10261 9965 10256
f 10261 10989 9965
f 9968 11323 11082
f 11520 11323 9968
f 9969 9972 9973
f 9972 10566 9973
f 9972 12298 10566
f 10796 9973 10566
f 10796 12413 9973
f 11528 9974 11526
f 9978 11511 9975
f 12132 9978 9975
f 12246 9975 11511
f 13436 12132 9975
f 9976 10658 10659
f 11124 10658 9976
f 9976 10659 11943
f 12866 9978 12132
f 10276 10275 9982
f 10276 9982 12323
f 11866 9988 11017
f 12468 10586 9994
f 9998 10833 9997
f 10833 10000 9997
f 10583 10582 9998
f 10833 9999 10011
f 10833 10011 10000
f 10007 10002 12471
f 12494 10009 10003
f 12494 10003 11131
f 10020 10602 10004
f 10300 10004 10602
f 10005 11245 11012
f 10007 10006 10838
f 10063 10838 10006
f 10302 10008 10023
f 10009 10596 10597
f 10012 10108 10021
f 10610 10014 10025
f 13620 10015 13621
f 10513 10016 10017
f 10301 10016 10298
f 10021 10108 10045
f 10022 10221 12327
f 10022 10285 12776
f 10302 10023 12687
f 10610 10025 10609
f 10806 10080 10027
f 10806 10027 10785
f 10302 10028 12264
f 10302 12687 10028
f 10308 12264 10028
f 10030 10318 12160
f 10030 12160 10619
f 10390 10044 10034
f 10313 10390 10034
f 10313 10034 11651
f 10317 11651 10034
f 12033 10040 10515
f 12546 10042 10662
f 10108 10154 10045
f 10046 10335 10056
f 10316 10049 10870
f 10057 10526 10764
f 11081 11073 10058
f 11081 10058 12264
f 12754 10064 13380
f 10079 10078 10067
f 10904 10071 11377
f 10154 10152 10073
f 13229 10073 10152
f 10373 10089 10074
f 10084 10368 10369
f 12353 12398 10086
f 12353 10086 12403
f 10392 10087 10089
f 10392 10869 10087
f 10087 10869 11422
f 10373 10653 10089
f 10392 10089 10653
f 10091 10090 10094
f 10366 10090 10091
f 10094 10090 10202
f 10202 10090 10742
f 10366 10091 10395
f 11605 10395 10091
f 10094 10202 10312
f 10315 10094 10312
f 11737 10095 10584
f 10095 11937 10584
f 10312 10101 11509
f 10420 10107 10228
f 10111 10423 10112
f 11294 10113 10422
f 12914 12820 10114
f 10425 11355 10115
f 10839 10825 10121
f 12924 10431 10122
f 12924 10122 12921
f 12497 10123 12962
f 13343 10141 10140
f 13203 10140 10142
f 10934 10144 10707
f 10460 10461 10148
f 10151 10150 10149
f 10463 10459 10150
f 10151 10465 10466
f 10464 10711 10153
f 10469 10155 10715
f 12546 10662 10158
f 10160 11442 12190
f 10164 11060 10283
f 10164 10283 12960
f 10482 10171 10732
f 10217 10172 10194
f 12463 10173 10289
f 10328 10173 12463
f 10174 10483 10848
f 10799 11054 10176
f 10179 12135 12136
f 10179 12984 12135
f 11025 10186 10772
f 13170 10192 13144
f 10193 10417 10418
f 10198 12999 10575
f 12999 10198 12408
f 10980 10200 10204
f 10202 10742 12699
f 10214 10204 10211
f 10756 10204 10214
f 10980 10204 10756
f 10207 11401 10444
f 10759 10756 10214
f 10215 10220 10647
f 10215 10647 10370
f 10232 10219 11535
f 10232 11536 10219
f 11535 10219 11752
f 11752 10219 12611
f 10221 12104 12327
f 10595 10222 11574
f 13555 10224 11264
f 13555 11301 10224
f 10274 10524 10225
f 10524 10415 10225
f 13169 10225 10415
f 10227 10536 11015
f 11163 10536 10227
f 10299 11536 10232
f 10299 10232 12608
f 11352 12608 10232
f 10242 10548 13064
f 10244 11034 10552
f 10249 10250 10246
f 10255 13122 10247
f 10780 10557 10255
f 10267 10270 10271
f 10270 10272 10271
f 10271 10804 10802
f 10274 13033 10524
f 12320 10278 12544
f 12320 12544 10279
f 10573 10574 10280
f 13129 10283 11060
f 12429 10284 10397
f 10397 10284 12999
f 10575 12999 10284
f 12777 12776 10285
f 12384 10287 13057
f 12288 10298 10289
f 10416 10906 10294
f 10416 10294 12755
f 10295 10418 10417
f 10295 12956 10418
f 10297 11162 10919
f 10300 10844 10845
f 11078 10303 10603
f 11078 12230 10303
f 12242 10303 12230
f 11801 10305 10929
f 10861 10321 10307
f 12242 10307 10321
f 10861 10307 10851
f 12242 12230 10307
f 10314 10308 10313
f 10314 10850 10308
f 10308 10850 12264
f 10607 10613 10311
f 10315 10312 11509
f 10314 10313 11651
f 10857 10850 10314
f 10315 11509 10404
f 10317 10630 11651
f 10320 10385 10319
f 10326 10349 10345
f 10634 10326 10345
f 10635 10326 10634
f 13443 10329 10555
f 13443 11915 10329
f 12142 10332 11105
f 10527 10333 13391
f 10334 12476 12560
f 10337 13611 13067
f 10381 10344 12036
f 12038 10345 10349
f 10632 10634 10345
f 10355 10364 10349
f 12038 10349 10364
f 11354 10350 11538
f 10355 10366 10364
f 12360 10356 12372
f 10371 10358 10359
f 12643 10386 10359
f 10362 10364 10395
f 10362 12038 10364
f 10381 12036 10362
f 10362 12036 12038
f 12165 11752 10363
f 11752 12611 10363
f 12152 12359 10363
f 12359 12165 10363
f 10366 10395 10364
f 10365 10831 12509
f 10396 10369 10384
f 10650 10374 10652
f 10381 10382 10379
f 10382 11943 10379
f 11943 10659 10379
f 10382 11902 10393
f 10382 10393 11943
f 10398 10396 10384
f 10387 10424 10782
f 10393 11902 11804
f 10394 13443 10555
f 13130 10397 12999
f 10398 11617 10670
f 10669 11804 10402
f 11605 10402 11902
f 11902 10402 11804
f 10676 10404 11509
f 11383 10406 10405
f 10407 11363 10408
f 10675 10676 10408
f 11316 10412 13048
f 10782 10424 10594
f 10424 11365 10594
f 10424 11441 11365
f 10426 11706 11904
f 10429 10545 10667
f 10432 10917 10914
f 10434 10436 10437
f 10436 10438 10437
f 10437 10438 10442
f 10437 10442 11333
f 10695 10918 10439
f 10441 10852 12235
f 10442 11200 11333
f 11370 10444 11401
f 11644 10504 10450
f 11644 10450 13017
f 12389 10453 11802
f 11802 10453 13389
f 12340 10453 12389
f 12340 13395 10453
f 10876 10454 10931
f 10458 10456 10457
f 10460 10456 10462
f 10458 10457 10876
f 10463 10708 10459
f 10936 10937 10462
f 10463 10710 10708
f 10464 10712 10711
f 10466 10713 10714
f 10466 10714 10940
f 10467 10469 10468
f 10944 10468 10945
f 10677 10470 10807
f 11188 10471 10954
f 10848 10827 10475
f 10507 10485 13045
f 10859 13045 10485
f 10501 10498 10988
f 10498 10754 10988
f 10501 10988 10499
f 10987 10499 10988
f 10987 10994 10499
f 11514 10577 10500
f 12810 11514 10500
f 10969 10503 10512
f 10508 10505 10999
f 10505 10994 10999
f 10513 13467 11115
f 10516 10517 11000
f 13294 10518 13271
f 13294 13298 10518
f 11003 11728 10520
f 10524 13033 11786
f 11728 10764 10526
f 12400 10530 12401
f 12400 12644 10530
f 11064 10531 10532
f 10563 10543 10535
f 10542 12378 10933
f 10556 10552 11035
f 10552 11034 11035
f 11039 10556 11035
f 11032 10557 10780
f 10559 11046 10793
f 12866 12132 10565
f 12866 10565 12679
f 10573 10814 10816
f 11441 10579 11432
f 12465 10820 10580
f 10583 10581 10822
f 10581 11065 10822
f 10583 11485 10582
f 10582 11297 11296
f 11485 11297 10582
f 10583 10822 11485
f 11942 11737 10584
f 12439 10584 11937
f 12352 11942 10584
f 12352 10584 12439
f 12468 10585 10586
f 10589 12505 12331
f 10589 12676 12505
f 11365 11442 10594
f 12296 10595 12198
f 10843 10596 10842
f 10607 10600 10613
f 10605 10616 12145
f 10605 12537 10616
f 10616 12144 12145
f 10622 10626 10624
f 10628 10627 10638
f 10636 10635 10634
f 10636 10866 10635
f 10650 10652 10880
f 10650 11119 10877
f 10650 10880 11119
f 11123 10880 10652
f 10657 12974 12529
f 10658 10873 10659
f 11124 10883 10658
f 10663 10664 10668
f 10666 10663 10668
f 10885 10664 10665
f 11128 10668 10664
f 11128 10664 10885
f 10671 11617 10666
f 10669 10893 11804
f 10671 10670 11617
f 10909 13040 10672
f 10677 10807 10779
f 11142 10678 11141
f 10688 12161 12163
f 10688 12163 12582
f 10709 10706 10708
f 11176 10709 11178
f 10710 10940 10941
f 11184 10711 10712
f 10718 10711 11184
f 10939 10712 10937
f 10939 11184 10712
f 10713 10944 10943
f 11532 11084 10717
f 11389 10718 11184
f 11389 11390 10718
f 10727 11194 11197
f 10727 11197 11198
f 11207 10732 11414
f 12654 10748 11010
f 10980 11424 10750
f 10901 10755 11446
f 10755 12422 11446
f 11425 10756 10759
f 10980 10756 11424
f 11424 10756 11425
f 10758 10984 10976
f 10983 10984 10758
f 11163 13545 10765
f 10766 12201 13218
f 10832 10768 13329
f 10894 12106 10777
f 10894 10777 12117
f 10778 10783 10967
f 11836 10778 10967
f 13595 10779 10807
f 10781 12624 11807
f 10793 11046 11049
f 10796 11052 11048
f 10796 11048 12413
f 10799 10798 11054
f 10798 12866 12679
f 12583 12783 10807
f 13595 10807 12783
f 11282 11059 10816
f 10948 11443 10821
f 11366 10828 10847
f 11366 11672 10828
f 10836 10837 12957
f 10836 12957 12961
f 11298 10837 11299
f 12957 10837 11298
f 11318 11081 10850
f 11081 12264 10850
f 11323 10851 11082
f 11977 10853 10997
f 13251 10853 12209
f 10996 10858 10992
f 11170 10860 10865
f 10860 11185 11140
f 11170 11185 10860
f 10875 11112 11108
f 12597 10891 12599
f 12827 12828 10891
f 10894 12118 12106
f 10894 12117 12126
f 12540 12118 10894
f 12540 10894 12126
f 11261 11231 10896
f 11306 10896 11231
f 11261 10896 11312
f 11436 10901 11446
f 10906 10905 12938
f 11155 12482 10911
f 10914 12928 12932
f 10926 11135 11548
f 10926 11548 11400
f 11166 11168 10927
f 11385 10928 11171
f 11168 11169 10931
f 10933 12694 12492
f 11171 10934 11172
f 11588 10938 11173
f 10939 11182 11596
f 11389 11184 10939
f 10939 11596 11389
f 10941 11183 11179
f 10947 11187 10945
f 10947 10946 11598
f 11390 11399 10946
f 11399 11598 10946
f 10947 11598 11187
f 11612 10950 10949
f 11612 10949 11815
f 12226 10950 11612
f 12226 11805 10950
f 11028 10955 11457
f 10957 12569 12568
f 10957 12570 12569
f 10959 13356 13339
f 11207 11208 10961
f 11210 11209 10963
f 11532 10973 11344
f 11532 11524 10973
f 10976 10984 11233
f 10982 12857 12171
f 10983 11237 10984
f 10987 10993 10994
f 12981 10996 10992
f 11011 11007 11107
f 11446 11011 11107
f 12422 11011 11446
f 11165 11167 11018
f 11259 11448 11030
f 11039 11035 11036
f 11040 11833 11042
f 11050 11825 13564
f 11052 11268 11269
f 13129 11060 12994
f 11309 11075 11074
f 11085 11437 11440
f 11113 11094 12420
f 11729 11097 11096
f 12472 11435 11103
f 12142 11105 11110
f 11341 11109 11108
f 11341 11108 11112
f 11341 11938 11109
f 11109 11938 11935
f 11113 13430 12114
f 11113 12420 13430
f 11697 12498 11120
f 11991 11134 11591
f 11991 12217 11134
f 11135 11537 11548
f 11135 11554 11537
f 11142 11141 11143
f 11247 11206 11146
f 12788 11152 11369
f 12788 12496 11152
f 11157 11953 11962
f 11159 12774 11200
f 11376 11160 11779
f 11165 11305 11167
f 11166 11579 11580
f 11170 12150 11185
f 11170 11816 11733
f 11170 11733 12150
f 11386 11385 11171
f 11172 11176 11177
f 11583 11585 11173
f 11588 11173 11585
f 11175 11174 11920
f 11586 11587 11177
f 11178 11179 11180
f 11590 11180 11591
f 11591 11180 11595
f 13477 13475 11181
f 11592 11593 11182
f 11593 11794 11182
f 11794 11596 11182
f 11388 11183 11387
f 11203 11192 11741
f 11193 11216 11624
f 11194 11249 11197
f 11406 11407 11201
f 12386 11204 12624
f 11207 11414 11208
f 11208 11414 12021
f 11618 11208 12021
f 11618 11619 11210
f 11212 11347 11411
f 11212 12187 11347
f 11403 11212 11411
f 11624 11216 11223
f 11223 11226 11630
f 11624 11223 11628
f 11226 11227 11630
f 11227 11576 11630
f 11228 11423 12098
f 11421 11233 11642
f 11246 11939 11235
f 11235 11939 11379
f 11237 11238 11239
f 13348 11939 11246
f 11253 11867 12061
f 11257 11262 11258
f 11871 11262 11257
f 11871 11257 11671
f 12769 11448 11259
f 11874 11262 11871
f 11280 11698 11696
f 11282 11476 11478
f 12620 11479 11283
f 11286 12875 12983
f 11291 11290 11288
f 11713 11290 11291
f 11714 11290 11713
f 11497 11293 11498
f 11485 11488 11297
f 11490 11483 11298
f 12957 11298 11483
f 13347 13330 11301
f 13347 11301 13555
f 11315 11310 11307
f 11315 11307 11725
f 11501 11307 11496
f 11315 11314 11310
f 11315 11725 11726
f 11320 11513 11318
f 11974 11331 11328
f 12527 11974 11328
f 11382 11357 11332
f 11525 11456 11335
f 11525 11335 11929
f 11335 11738 11740
f 11335 11740 11929
f 13054 11336 11606
f 13054 13226 11336
f 11343 11938 11341
f 11343 11940 11938
f 13409 13377 11351
f 11356 11354 11538
f 11361 11362 11543
f 11555 11368 11970
f 12188 12190 11378
f 12188 11378 13375
f 13459 13257 11384
f 11581 11386 11582
f 11387 11391 11392
f 11793 11595 11388
f 11394 11600 11799
f 11400 11548 11518
f 11403 11521 11540
f 11616 11625 11414
f 11414 11625 12021
f 11424 11425 11640
f 11650 11428 11840
f 12708 11433 12498
f 12708 12772 11433
f 12472 11733 11435
f 11451 11440 11437
f 11673 12560 11448
f 12769 11673 11448
f 12743 11448 12560
f 11463 11898 11868
f 11885 11887 11471
f 11689 11688 11474
f 12957 11483 12822
f 11485 11486 11488
f 11488 11486 11710
f 11486 11708 11710
f 11495 11501 11496
f 11495 11913 11501
f 11495 11911 11913
f 11497 11498 11715
f 11913 12116 11501
f 11537 11540 11521
f 11522 11926 11731
f 11525 11929 11932
f 11537 11554 11540
f 12363 11958 11544
f 12363 11544 11959
f 11552 11758 11759
f 11576 11637 11609
f 11576 11609 11638
f 11576 11638 11630
f 11788 12207 11579
f 11584 11580 11790
f 11582 11587 11791
f 11588 11585 11990
f 11588 11990 11594
f 11991 11591 11595
f 11593 11796 11794
f 11990 11995 11594
f 11793 11991 11595
f 11794 11795 11596
f 11597 12219 11998
f 11795 12002 11599
f 12001 11599 12002
f 11799 11600 12004
f 13535 13054 11606
f 12032 11638 11609
f 11627 11610 11611
f 11810 11611 11610
f 11616 11614 11625
f 11619 12023 12011
f 11808 11620 11806
f 12022 12021 11625
f 11626 11693 11707
f 11635 11675 11917
f 11635 12024 11675
f 11637 11640 11843
f 12032 12251 11638
f 11643 12043 11654
f 12042 11648 11652
f 12042 11652 12041
f 12041 11652 12045
f 11872 11871 11671
f 12024 11681 11675
f 11678 11874 11875
f 11878 11685 13049
f 11688 11890 13297
f 11889 11891 11691
f 13303 11892 11692
f 11692 11892 13304
f 11694 12506 13379
f 11894 11695 11696
f 11894 13311 11695
f 12816 11702 13567
f 11899 11897 11703
f 12099 12108 11716
f 11720 12110 12111
f 11724 11726 11725
f 12123 11724 11725
f 12123 12341 11724
f 12139 11724 12341
f 11731 11926 13426
f 13629 11732 13639
f 12472 12150 11733
f 13610 13064 11734
f 13137 13610 11734
f 11736 11740 11738
f 11931 11937 11744
f 12170 11753 11745
f 13421 13284 11747
f 11759 11758 12173
f 11983 11782 11784
f 11983 11784 11785
f 11983 11785 12205
f 11984 12205 11785
f 12302 11787 12364
f 11986 11987 11790
f 11791 12213 12211
f 11793 11999 11991
f 11793 11998 11999
f 13315 11798 13404
f 12003 12223 11799
f 12003 11799 12225
f 11799 12004 12225
f 12937 11802 13134
f 11802 13389 13134
f 12012 11806 12011
f 12637 12948 11816
f 12249 11832 12251
f 12451 12044 11837
f 12261 12035 11843
f 12268 12378 11853
f 12893 12778 11873
f 11875 12072 12071
f 11887 11888 11889
f 12310 11888 12309
f 12088 11890 12085
f 12088 12086 11890
f 12086 13297 11890
f 12026 13046 11893
f 11895 12315 12316
f 11899 12511 12972
f 11910 11913 11911
f 12126 11922 11925
f 13426 11925 11922
f 12126 12117 11922
f 12539 12126 11925
f 11931 11932 11933
f 12566 11936 12149
f 12566 12252 11936
f 11940 12350 12348
f 12441 12151 11952
f 11953 11978 11962
f 12669 12579 11957
f 12366 12363 11959
f 12542 11965 12551
f 11965 12543 12998
f 11973 13621 13597
f 11984 12208 12205
f 11986 12210 11987
f 11987 12210 11988
f 12399 11988 12210
f 12399 12216 11988
f 11989 11995 11990
f 12400 11995 11989
f 12216 12215 11989
f 12215 12400 11989
f 11991 11999 12217
f 12649 11992 12217
f 12865 12641 11992
f 12214 12213 11994
f 12400 12401 11995
f 12286 12130 11996
f 12286 11996 12196
f 12218 11999 11998
f 12218 11998 12219
f 12410 12007 12001
f 12224 12223 12003
f 12412 12003 12225
f 12095 12008 12006
f 12185 12511 12014
f 12512 12338 12014
f 12037 12120 12103
f 12041 12045 12458
f 12041 12458 12459
f 12453 12044 12451
f 12045 12049 12458
f 12049 12461 12458
f 12289 12072 12066
f 12290 12289 12066
f 12293 12072 12289
f 13240 12856 12073
f 12073 12856 13619
f 13392 13422 12079
f 13137 12094 13610
f 12375 12097 12598
f 12375 12658 12097
f 12830 12598 12097
f 12099 12325 12108
f 12101 12526 12102
f 12321 12107 12322
f 12110 12109 12111
f 12111 12109 12532
f 13160 12114 13430
f 12933 12935 12115
f 12123 12116 12548
f 12123 12548 12341
f 12539 12540 12126
f 12373 12131 12823
f 12143 12193 12623
f 12144 12770 12145
f 12349 12149 12348
f 12566 12149 12349
f 12152 12586 12359
f 12154 12803 12571
f 12162 12358 12575
f 12373 12176 12841
f 13028 13312 12184
f 13152 13114 12184
f 12185 12972 12511
f 12191 12253 12371
f 12286 12196 12622
f 12622 12196 12392
f 12768 12200 12622
f 12207 12203 12206
f 12633 12206 12860
f 12397 12630 12208
f 12399 12210 12640
f 12399 12215 12216
f 12215 12644 12400
f 12218 12219 12402
f 12224 12222 12223
f 12651 12222 12224
f 13108 12424 12228
f 12233 12966 12965
f 12659 12234 12432
f 12236 12661 12434
f 12236 12659 12661
f 12244 12250 12245
f 12438 12244 12245
f 12440 12438 12245
f 12440 12245 12677
f 12892 12887 12247
f 12265 13432 12781
f 12265 13438 13432
f 13215 12283 13214
f 13383 13214 12283
f 13432 12283 13215
f 13392 13383 12283
f 13392 12283 13422
f 13422 12283 13432
f 12942 12355 12287
f 12947 12287 12485
f 12942 12287 12947
f 12486 12289 12290
f 12293 12716 12717
f 12295 12715 12714
f 12297 12721 12719
f 12724 12721 12297
f 12490 12497 12300
f 12819 12490 12300
f 12497 12962 12300
f 12305 12301 12361
f 12305 12522 12301
f 12345 12361 12301
f 12345 12301 12561
f 12303 13073 12390
f 12305 12361 12418
f 12305 12418 12419
f 12310 12309 12740
f 12502 12310 12740
f 13419 12311 13405
f 13419 13409 12311
f 12312 12752 12315
f 13115 12313 13483
f 13483 12313 13374
f 12316 12315 12314
f 12314 12315 12752
f 12316 12314 12368
f 12319 12318 12353
f 12353 12318 12398
f 12322 12531 12521
f 12505 12538 12331
f 12334 12520 12763
f 12337 12547 12548
f 12341 12548 12549
f 12539 12343 12564
f 12345 12416 12361
f 12566 12349 12346
f 12795 12346 12796
f 12352 12439 12570
f 13084 12356 13346
f 13084 13525 12356
f 12360 12372 12383
f 12416 12418 12361
f 12812 12362 12587
f 12366 12595 12591
f 12391 12374 12592
f 12600 12374 12391
f 12375 12598 12841
f 12376 12426 12663
f 12597 12600 12391
f 12768 12622 12392
f 12395 13085 12627
f 12396 12859 12626
f 12396 12629 12859
f 12397 12631 12630
f 12870 12402 12869
f 12409 13363 12872
f 13106 13363 12409
f 12421 12424 12414
f 12414 12424 13110
f 12417 12425 12415
f 12417 13112 12425
f 12457 12419 12418
f 13110 12424 13108
f 12660 12659 12432
f 12661 13120 12434
f 12439 12569 12570
f 13126 12440 12677
f 12449 12899 12903
f 12456 12453 12455
f 12473 12696 12926
f 12743 12560 12476
f 12491 12484 12483
f 12491 12483 12845
f 12843 12845 12483
f 12485 12714 12713
f 12947 12485 12713
f 12486 12951 12712
f 12489 12497 12490
f 12500 12753 12491
f 12500 12491 12845
f 12495 12762 12508
f 12757 12753 12500
f 12809 12757 12500
f 12809 12500 13107
f 12500 12845 13103
f 12500 13103 13107
f 12563 12503 12501
f 12502 12740 12741
f 12505 12616 12538
f 12797 12508 12842
f 12773 12510 12798
f 12797 12798 12510
f 12558 12519 12513
f 12558 12513 12989
f 12856 13240 12513
f 12513 13240 12989
f 13227 12516 13222
f 12978 12526 12535
f 12528 12877 13585
f 12974 12958 12529
f 12958 13565 12529
f 12890 12824 12530
f 12890 12530 13079
f 13079 12530 13323
f 12533 12536 12905
f 12567 12536 12574
f 12538 12616 13401
f 12539 12550 12540
f 12539 12564 12550
f 12542 12551 12552
f 12547 12549 12548
f 12554 13242 12992
f 12554 13256 13242
f 12558 12581 12561
f 12558 13000 12581
f 12558 12989 13000
f 12574 12578 12567
f 12577 12878 12973
f 12610 13001 12578
f 12578 13001 13002
f 13030 13031 12580
f 12621 12581 13008
f 12581 13000 13008
f 12582 12808 12584
f 12722 12783 12583
f 13053 13076 12588
f 13520 13053 12588
f 13334 12588 13076
f 13370 12588 13334
f 13520 12588 13370
f 12594 12632 12637
f 12597 12599 12600
f 12831 13318 12602
f 12610 12604 12648
f 12848 12607 12609
f 12849 12846 12607
f 12849 12607 12848
f 12615 12824 12890
f 12617 13071 13070
f 12634 12621 12657
f 12626 12859 13087
f 12628 12861 12860
f 13090 12631 13092
f 13095 12635 13097
f 13099 12640 12863
f 12865 12864 12641
f 12645 13361 12867
f 12645 13625 13361
f 12653 12648 12662
f 12650 12985 12708
f 12650 12979 13036
f 12650 13036 12985
f 12869 12651 12871
f 13281 13010 12653
f 12657 13020 12675
f 12661 13119 13120
f 12674 12662 12753
f 12773 12664 12663
f 12668 13116 13117
f 12668 13117 13382
f 12674 12753 12757
f 13302 12674 12757
f 12677 12884 12885
f 13126 12677 12885
f 12685 12901 12682
f 12943 13167 12706
f 12985 12772 12708
f 12712 12951 12953
f 12947 12713 12954
f 12720 12715 12719
f 12717 12725 12724
f 13177 12718 13455
f 12720 13178 13176
f 12732 12965 12966
f 12732 12966 13193
f 12784 12750 12746
f 12784 12746 13518
f 12760 12818 12762
f 12765 13502 13503
f 12985 13082 12772
f 12996 12779 12777
f 12781 13215 12897
f 13232 12781 12897
f 12781 13432 13215
f 12782 12786 12787
f 12897 12936 12785
f 13232 12897 12785
f 13232 12785 12905
f 12794 12795 13015
f 12794 13015 13014
f 13268 12795 12796
f 13268 13015 12795
f 12797 13074 12798
f 12804 12852 12843
f 12804 12851 12852
f 12805 13286 13283
f 13032 12811 13035
f 12816 13567 12875
f 12826 12828 12827
f 12833 12847 12842
f 12834 13024 13313
f 12843 12852 12845
f 13103 12845 12852
f 13059 12846 12849
f 12850 12849 12848
f 13060 12849 12850
f 13060 13059 12849
f 13141 12852 12851
f 13141 12851 13371
f 13103 12852 13141
f 13087 12859 13088
f 12862 13093 13094
f 13100 13099 12863
f 12865 13623 12864
f 13357 13623 12865
f 13359 12867 13361
f 12876 12868 12877
f 13590 12868 12876
f 13207 12868 13159
f 13590 13159 12868
f 13105 13101 12870
f 13364 12871 13367
f 13363 12873 12872
f 13369 12872 12873
f 13369 12874 12872
f 13368 12874 13369
f 12906 13184 12876
f 13590 12876 13184
f 13128 12880 13126
f 12881 13382 12882
f 12892 12883 12887
f 13128 13126 12885
f 13128 12885 13365
f 12890 13079 12961
f 12891 13134 13135
f 13400 12899 12896
f 13143 13138 12901
f 12902 13148 13142
f 12906 13578 13184
f 13565 13470 12906
f 12906 13470 13578
f 13172 13394 12907
f 13402 12908 13399
f 12911 13149 12912
f 13027 12929 12931
f 13027 12931 12936
f 12937 13134 13386
f 12964 13195 13471
f 12964 13471 13196
f 12979 13629 13626
f 13532 12985 13036
f 13246 13000 12989
f 13239 12998 12990
f 13239 12990 13510
f 13230 13231 12992
f 13008 13000 13005
f 13246 13005 13000
f 13013 13008 13005
f 13254 13256 13006
f 13254 13006 13523
f 13007 13261 13009
f 13252 13012 13010
f 13019 13013 13270
f 13253 13014 13015
f 13265 13253 13015
f 13268 13265 13015
f 13022 13020 13019
f 13475 13305 13022
f 13272 13023 13275
f 13029 13031 13030
f 13278 13280 13029
f 13032 13035 13292
f 13038 13300 13299
f 13038 13301 13300
f 13039 13295 13293
f 13053 13051 13076
f 13573 13575 13052
f 13519 13053 13520
f 13151 13154 13058
f 13151 13058 13316
f 13152 13058 13154
f 13336 13071 13063
f 13084 13066 13317
f 13603 13067 13611
f 13336 13070 13071
f 13334 13076 13074
f 13084 13317 13525
f 13088 13090 13091
f 13615 13089 13614
f 13092 13095 13352
f 13353 13100 13094
f 13095 13097 13354
f 13105 13628 13101
f 13358 13101 13628
f 13104 13359 13360
f 13106 13362 13363
f 13635 13110 13108
f 13152 13198 13114
f 13115 13479 13310
f 13631 13119 13118
f 13378 13118 13376
f 13631 13118 13378
f 13119 13121 13120
f 13631 13121 13119
f 13385 13136 13131
f 13132 13321 13330
f 13347 13132 13330
f 13389 13135 13134
f 13140 13531 13165
f 13140 13616 13531
f 13141 13371 13372
f 13143 13394 13393
f 13147 13145 13146
f 13396 13146 13395
f 13150 13410 13461
f 13151 13377 13197
f 13151 13316 13377
f 13152 13154 13198
f 13411 13153 13407
f 13441 13168 13167
f 13177 13455 13458
f 13180 13179 13178
f 13179 13460 13178
f 13191 13190 13187
f 13473 13196 13471
f 13409 13197 13377
f 13419 13197 13409
f 13487 13213 13220
f 13517 13235 13516
f 13514 13239 13510
f 13247 13246 13245
f 13459 13252 13257
f 13524 13254 13523
f 13255 13284 13421
f 13617 13255 13421
f 13266 13263 13262
f 13273 13543 13542
f 13275 13277 13276
f 13294 13281 13298
f 13288 13287 13286
f 13551 13291 13292
f 13295 13552 13293
f 13298 13302 13306
f 13317 13522 13525
f 13330 13321 13332
f 13357 13624 13623
f 13364 13632 13630
f 13366 13367 13368
f 13588 13373 13372
f 13530 13374 13373
f 13483 13374 13526
f 13526 13374 13530
f 13640 13378 13376
f 13514 13509 13381
f 13514 13381 13521
f 13407 13396 13406
f 13400 13398 13399
f 13422 13432 13438
f 13456 13455 13453
f 13474 13473 13471
f 13491 13483 13526
f 13505 13506 13507
f 13514 13510 13509
f 13515 13527 13529
f 13527 13528 13529
f 13543 13541 13542
f 13599 13596 13594
f 13597 13621 13609
f 13620 13626 13629
f 13624 13622 13623
