v 0.0977462 -0.392046 -0.268393
v 0.0977462 -0.392046 -0.268393
v 0.125981 -0.39671 -0.255795
v -0.154926 0.443375 0.320588
v 0.0745398 -0.279641 0.0651891
v 0.119595 -0.385633 -0.286655
v -0.0634522 -0.0836114 0.135389
v 0.0977557 -0.38845 -0.27852
v 0.183401 0.474033 0.338832
v -0.0911565 -0.12866 0.14101
v 0.167097 -0.451992 -0.106603
v -0.00204929 -0.128019 0.156739
v -0.169483 0.480243 0.334137
v 0.183323 -0.410277 -0.216364
v -0.0532663 -0.146238 0.202773
v 0.161674 -0.407248 -0.225204
v -0.166467 0.487725 0.335276
v 0.207611 -0.417475 -0.190883
v -0.00187115 -0.23593 0.0835842
v -0.142351 0.391371 0.0836541
v -0.0268619 -0.0782712 0.147588
v 0.200165 -0.42872 -0.150127
v 0.122464 -0.391731 -0.270344
v 0.184149 0.219859 -0.292683
v 0.0820516 -0.46863 0.0147858
v -0.0219802 -0.0416201 0.226555
v -0.14254 -0.0795586 0.180968
v 0.10967 -0.395193 -0.260051
v 0.0865009 -0.393826 -0.263647
v -0.056171 0.445428 -0.193468
v -0.0716479 -0.255577 0.0724114
v 0.114336 0.409486 0.0660634
v 0.141457 -0.457457 -0.0911116
v -0.075277 0.452873 -0.135488
v -0.105697 0.206634 0.217759
v -0.0146023 -0.383882 -0.291038
v -0.128046 0.207342 0.215007
v 0.0662451 -0.388244 -0.278862
v 0.176493 -0.458949 -0.075595
v -0.153797 0.418168 -0.0277695
v -0.132227 0.204317 0.225666
v 0.0496686 0.0176774 0.330302
v 0.160831 -0.420507 -0.188281
v 0.0829283 0.0238133 0.298593
v 0.0321224 -0.389214 -0.276018
v -0.104406 -0.131373 0.226315
v -0.108575 -0.139882 0.20099
v -0.114054 -0.140358 0.177288
v 0.179844 0.415242 -0.0574195
v -0.216564 0.363876 -0.0171807
v -0.261931 0.234263 0.0420232
v -0.00277629 -0.194037 0.245177
v -0.082209 -0.130553 0.258766
v 0.0518845 -0.240244 0.22459
v -0.224588 0.310465 0.0979616
v -0.153938 -0.193629 -0.00960148
v -0.165207 -0.185941 -0.0729177
v 0.0299943 -0.140192 0.179093
v -0.175727 -0.235152 -0.113377
v 0.167387 -0.403169 -0.236927
v 0.0189444 -0.0630706 0.167036
v -0.0105632 -0.388913 -0.276788
v 0.000456525 -0.385836 -0.285275
v 0.0123933 -0.0427337 0.204584
v 0.167184 0.41255 -0.147884
v 0.0894072 -0.488848 -0.0155165
v -0.0817507 0.198717 0.216111
v -0.264341 0.0201091 -0.0430243
v -0.0625315 0.0240192 0.275849
v -0.178162 0.257915 -0.286765
v 0.184927 -0.449575 -0.089638
v 0.210784 -0.394111 -0.243495
v 0.112249 -0.434796 -0.150597
v 0.161457 0.390271 0.295218
v 0.166154 -0.457011 -0.093663
v -0.0942902 0.200921 0.224564
v 0.0803322 -0.461932 -0.0798338
v 0.208976 -0.414707 -0.202594
v 0.140341 -0.426677 -0.171863
v -0.115823 0.207491 -0.350343
v 0.149108 0.432536 -0.0944374
v 0.108483 -0.38983 -0.275222
v -0.157869 -0.450787 -0.113308
v 0.125249 -0.47282 -0.00233194
v -0.021867 -0.168573 0.277064
v -0.0292233 -0.3849 -0.287833
v 0.0230604 -0.125706 0.282553
v 0.114118 -0.32954 0.0348176
v 0.0838329 -0.3138 0.0540464
v 0.00457146 -0.125396 0.267537
v 0.165237 0.456352 0.288109
v 0.0140744 -0.221454 0.0948385
v -0.159677 -0.232954 0.129218
v 0.0716727 -0.135536 0.152933
v 0.0486896 -0.446508 -0.120416
v -0.0311411 -0.406477 -0.230026
v 0.0937687 -0.121798 0.138661
v -0.0572549 -0.416113 -0.204338
v -0.0230944 -0.419541 -0.195226
v -0.251544 0.327001 -0.0712687
v -0.167787 0.313721 0.208748
v -0.131992 -0.413683 -0.210847
v -0.149511 -0.2412 0.132739
v 0.0982243 -0.0898688 0.12837
v 0.13969 0.436848 -0.0599907
v -0.182 -0.446141 -0.109372
v 0.0260456 -0.450906 -0.109055
v 0.0165856 0.00917165 0.362226
v 0.182267 -0.402827 -0.238668
v 0.0692444 -0.193301 0.244783
v 0.140132 0.435189 -0.0467716
v 0.0120738 -0.181232 0.256357
v 0.11066 -0.480784 -0.0346618
v -0.0452717 -0.0357352 0.278156
v -0.157349 0.31384 0.218582
v 0.17865 -0.393088 -0.26173
v 0.223708 -0.403251 -0.213562
v 0.125733 -0.4212 -0.187565
v 0.126854 -0.200249 0.219453
v -0.0815136 -0.376913 -0.305621
v -0.0887985 -0.386823 -0.283621
v 0.22587 0.373572 -0.0511431
v 0.207889 0.179807 -0.274096
v 0.205414 -0.40743 -0.226507
v -0.0691775 0.0111516 0.266675
v 0.112789 -0.469734 -0.0600339
v -0.0212677 -0.391698 -0.269366
v -0.112631 -0.389516 -0.276471
v -0.0604845 -0.174471 0.264223
v 0.0541678 0.0553025 0.330845
v 0.218039 0.11157 -0.266361
v -0.122842 -0.115175 0.24338
v 0.0593574 0.0578117 0.320026
v -0.0619434 -0.390055 -0.273731
v 0.200235 -0.0106689 -0.194507
v -0.269596 0.0322664 -0.107641
v -0.142223 -0.473454 -0.0502846
v 0.103509 0.241956 -0.346
v 0.15236 -0.453793 -0.10104
v 0.196631 -0.417043 -0.198076
v -0.0276311 0.439919 0.0482191
v -0.0712391 -0.334047 0.0494682
v 0.144709 -0.467841 -0.0663296
v -0.000983078 -0.313879 0.0591204
v 0.176162 -0.427131 -0.171133
v 0.0445877 0.0751025 0.33188
v -0.0671836 -0.206249 0.235618
v -0.102099 -0.209714 0.222791
v -0.185146 0.371263 -0.190766
v -0.0994278 -0.170601 0.250561
v 0.0516212 0.0662044 0.325604
v -0.149105 -0.40938 -0.0292434
v 0.122776 -0.478485 -0.0404451
v 0.0473933 0.0637423 0.337321
v 0.108012 -0.129736 0.253414
v -0.191808 -0.04371 0.187149
v -0.0848548 -0.390312 -0.273109
v 0.18753 0.171063 -0.297628
v 0.133704 -0.470627 -0.0591461
v 0.0437866 0.0475135 0.354598
v 0.112219 -0.485775 -0.0238137
v 0.214221 0.313518 0.0772345
v 0.208853 0.193905 -0.270735
v 0.166939 -0.4617 -0.0812575
v -0.201672 -0.128531 0.149095
v -0.187564 0.341055 0.16261
v 0.128441 -0.456605 -0.0933719
v 0.165215 -0.109941 0.172407
v 0.0820761 0.124162 -0.36727
v 0.293005 0.2046 -0.0875996
v -0.178751 -0.11757 0.204571
v -0.140968 0.427491 0.312156
v 0.132045 -0.434063 -0.152352
v 0.130247 -0.429584 -0.164252
v -0.245665 -0.100428 0.0562117
v 0.155238 -0.433063 -0.154793
v -0.0478766 -0.46134 -0.0823389
v 0.245608 0.343791 -0.121077
v -0.0221536 -0.46201 -0.0803236
v 0.259535 0.15788 0.0883562
v -0.0214324 -0.466848 -0.0677009
v -0.222093 -0.391749 -0.229347
v 0.108769 -0.461233 -0.0814778
v 0.0522868 0.0775981 0.309314
v 0.0560627 0.044331 0.334797
v 0.165806 0.365194 -0.231815
v 0.155627 -0.40384 -0.235028
v 0.108266 -0.417258 -0.199321
v -0.0329113 -0.454895 -0.0993993
v 0.173924 -0.422345 -0.183647
v -0.0384264 0.000813146 0.279151
v -0.0792574 -0.0249571 0.260617
v -0.0718823 -0.00125781 0.261414
v -0.109548 -0.0435851 0.248738
v 0.0879316 -0.389507 -0.275283
v -0.0236281 -0.142245 -0.242913
v 0.0493789 -0.403112 -0.238996
v -0.0495677 -0.439977 -0.140763
v -0.0154258 -0.139162 0.22999
v 0.0615679 0.037294 0.32823
v -0.0434976 -0.395139 -0.260217
v 0.115212 0.41496 0.0538199
v -0.0317075 -0.389123 -0.276187
v -0.104279 -0.453904 -0.103646
v -0.117632 0.0380745 0.239454
v -0.0838796 -0.440337 -0.139791
v 0.212519 0.207264 0.174958
v 0.0315493 -0.221198 0.0916578
v -0.0459435 -0.359069 -0.317158
v 0.0664999 -0.383152 -0.293782
v -0.167542 -0.138588 0.214131
v 0.0546516 -0.386362 -0.284095
v 0.0461246 -0.3897 -0.274721
v 0.216791 0.170999 -0.265885
v 0.0412981 -0.38535 -0.286839
v -0.119563 -0.255752 0.0370055
v 0.211409 -0.091707 -0.0383321
v -0.151318 -0.26597 -0.0215527
v -0.160161 -0.200297 -0.0335146
v -0.165277 -0.268567 -0.0578141
v 0.0390995 -0.393889 -0.263575
v 0.0117431 -0.403173 -0.238856
v 0.0633419 0.0827233 0.275911
v 0.0859586 -0.286651 0.0607473
v 0.00266549 -0.3991 -0.2497
v -0.133838 -0.393199 -0.266179
v 0.207945 0.165176 -0.276374
v 0.180231 0.47337 0.347639
v 0.0800959 0.0812775 0.259058
v -0.0307929 -0.109278 -0.24058
v 0.179573 0.466028 0.313502
v 0.0695715 0.0833355 0.264109
v -0.094092 -0.213021 0.0829355
v 0.235081 0.016872 -0.180025
v 0.109604 -0.448163 -0.115665
v -0.0919223 -0.262976 0.172586
v 0.134082 -0.448215 -0.115331
v 0.00203537 -0.142613 0.211024
v 0.222468 0.368072 -0.133473
v 0.1029 0.0779852 0.245569
v 0.0421531 -0.255339 0.215689
v 0.0465363 -0.450418 -0.11018
v -0.0363959 0.441624 0.0393656
v 0.210217 0.386396 -0.116748
v 0.0864162 -0.448518 -0.11489
v 0.0510983 -0.425851 -0.177459
v -0.0133853 -0.179551 0.258257
v 0.00738882 -0.16787 0.278903
v 0.0963578 -0.419382 -0.193825
v 0.123271 -0.140281 0.255074
v -0.196913 -0.380228 -0.258675
v -0.0164753 -0.405421 -0.232847
v -0.00600002 -0.409115 -0.223013
v -0.164788 -0.375236 -0.281496
v -0.128003 -0.283343 -0.24968
v -0.0264129 -0.401527 -0.243216
v -0.0371744 -0.411258 -0.217286
v 0.141908 0.203846 -0.333847
v 0.262515 0.208689 0.0508103
v 0.0773593 0.00968397 0.265739
v 0.188882 0.185453 -0.293842
v 0.202217 0.10269 -0.282732
v 0.0524811 -0.469264 -0.0612712
v -0.0185179 -0.133962 0.244636
v 0.116617 0.0341721 0.254808
v 0.0528848 0.0291086 0.312337
v 0.0582138 0.0270881 0.320832
v 0.13182 -0.323598 0.017791
v 0.0630569 -0.444695 -0.125054
v 0.0869626 -0.443281 -0.128556
v 0.037829 -0.464413 -0.0736365
v 0.0158083 -0.463962 -0.0749734
v 0.110399 0.064889 0.260888
v 0.183685 -0.445332 -0.123453
v 0.157698 -0.326125 -0.0229113
v 0.166462 -0.302893 -0.0408441
v 0.116626 0.0577327 0.254732
v 0.118446 0.0470891 0.256408
v -0.061372 -0.166116 -0.235865
v 0.0143376 -0.415172 -0.206858
v -0.170481 0.421995 0.251658
v -0.154993 -0.388236 -0.0376119
v -0.228017 0.260667 0.141246
v 0.142835 -0.256148 0.0146403
v 0.075032 -0.226775 0.1063
v -0.0656677 -0.403701 -0.2374
v -0.0365328 -0.419829 -0.194451
v -0.0979347 0.0419244 0.287336
v 0.105419 -0.0498484 -0.23826
v -0.118075 -0.406067 -0.231144
v -0.155606 -0.409843 -0.220915
v -0.0846488 0.0713375 0.27409
v 0.10258 -0.266022 0.143558
v -0.125577 0.0431537 0.243204
v -0.0985831 -0.474168 -0.0492276
v -0.151371 0.00543549 0.241064
v 0.101506 -0.0364602 0.257275
v -0.0239739 -0.220838 0.103426
v 0.212717 -0.132668 0.144043
v -0.115213 0.405349 0.288804
v -0.225592 0.0340112 0.193172
v -0.176757 -0.107911 0.210675
v -0.177076 -0.203172 0.156885
v -0.095064 -0.457033 -0.0952076
v -0.171753 -0.180599 0.185263
v 0.211953 0.390248 -0.0840173
v 0.19168 0.407501 -0.0861982
v -0.233231 -0.0764532 0.0959075
v -0.131277 -0.245361 0.172386
v -0.116869 -0.455857 -0.0984028
v 0.147755 0.431003 -0.110608
v 0.0559796 -0.0935403 -0.237897
v -0.209964 -0.391665 -0.247341
v 0.134122 0.435588 -0.118979
v 0.065345 -0.0981214 -0.229694
v -0.216673 0.268098 0.161334
v -0.208363 0.0005392 -0.20094
v -0.158469 -0.058536 -0.181149
v 0.220744 0.381648 -0.0747018
v -0.150531 -0.0511228 -0.199168
v -0.165606 -0.173132 -0.0808785
v 0.0653554 -0.469741 -0.0600704
v -0.168878 0.252351 -0.298176
v 0.112269 0.0293741 0.268289
v 0.0976616 -0.19041 -0.217891
v 0.114027 -0.120059 -0.174454
v 0.0668709 0.060564 0.308465
v 0.0866309 -0.438347 -0.141576
v -0.109623 -0.266512 -0.252677
v 0.216288 -0.366243 -0.186509
v -0.155027 0.0607002 -0.299401
v 0.0412128 0.0259487 0.312151
v 0.0649466 -0.420481 -0.19196
v 0.0521328 -0.0273029 -0.284391
v 0.0953032 0.00576996 -0.289554
v -0.256548 -0.00218554 -0.036919
v 0.0554676 0.0295462 0.285887
v -0.057559 -0.0323856 -0.279655
v 0.0706346 -0.227139 0.0840657
v -0.0757732 -0.4073 -0.227809
v -0.135411 -0.207103 0.0849974
v -0.170171 0.260259 0.220427
v 0.201643 0.205079 -0.276795
v 0.180335 -0.449899 -0.110965
v 0.209493 0.391153 -0.0536161
v 0.0468594 0.185293 -0.370264
v 0.291585 0.228818 -0.103554
v -0.0945723 -0.0264844 -0.265632
v -0.017293 -0.273482 0.193628
v 0.060616 -0.271619 0.189656
v 0.0391596 -0.48149 -0.0315055
v 0.00483774 -0.280569 0.167865
v -0.0182028 -0.22218 0.0905253
v 0.144957 -0.44975 -0.111225
v 0.172891 -0.441023 -0.135144
v 0.0826368 0.232177 -0.354812
v 0.0756644 -0.202709 0.237477
v -0.154959 -0.156342 -0.124119
v -0.0677944 -0.0973752 -0.23
v 0.131314 0.0287088 0.238244
v 0.115259 -0.201797 0.22587
v 0.131791 0.017152 0.23472
v 0.223249 0.373381 -0.0375134
v -0.277061 0.199715 -0.00271397
v 0.177754 0.459048 0.349292
v 0.0547463 -0.461708 -0.0805871
v 0.157873 -0.415766 -0.201521
v -0.124904 -0.108168 -0.167413
v 0.0400356 -0.427027 -0.174576
v 0.223862 0.360571 -0.00977377
v 0.168944 -0.319605 -0.237157
v -0.0880902 -0.137205 0.264683
v -0.0369425 -0.0985773 -0.243652
v 0.0275256 -0.00952507 0.289616
v 0.0380705 -0.439455 -0.139798
v 0.0201808 -0.425841 -0.178287
v -0.162319 -0.210614 -0.0437314
v -0.0596904 -0.129188 0.265705
v -0.0892382 -0.0480012 -0.252047
v -0.0143617 0.43978 0.0517271
v 0.174268 -0.0382635 0.224832
v 0.00123159 -0.390341 -0.27296
v 0.145931 -0.0152309 0.234431
v -0.0548198 0.0330727 0.316231
v -0.209712 0.360825 0.018976
v 0.159175 -0.0207644 0.233315
v 0.283526 0.175577 -0.0200268
v 0.191272 -0.387245 -0.260173
v -0.0499426 -0.419952 -0.194117
v -0.102087 0.0595917 0.270394
v -0.0433632 0.0810111 0.303394
v -0.0623023 0.0808388 0.267123
v 0.162698 -0.0346686 0.231731
v -0.126482 0.126144 0.236956
v 0.00737495 -0.407741 -0.226681
v 0.0805498 -0.281315 -0.275066
v -0.111248 -0.414023 -0.209918
v -0.114303 0.126203 0.233997
v -0.163981 -0.413532 -0.210974
v -0.0313377 -0.120857 -0.238003
v -0.224512 -0.151615 0.0544349
v 0.190773 -0.331028 -0.130115
v -0.0963994 0.0787662 0.238942
v -0.0993341 0.0706124 0.242763
v -0.0126826 -0.479063 -0.0372903
v 0.123529 0.409331 0.0590029
v 0.16057 -0.36538 -0.279229
v -0.186461 0.0158318 0.232504
v -0.0827707 -0.0298831 -0.269643
v 0.189265 0.409305 -0.0693513
v -0.218266 -0.057729 0.127324
v -0.205235 -0.140573 0.139784
v -0.200103 -0.182353 0.12676
v 0.0263721 -0.441761 -0.13379
v 0.14423 -0.175168 -0.153703
v -0.16795 -0.192281 0.0703034
v -0.232201 -0.111574 0.00868227
v -0.193464 -0.151387 0.0288995
v 0.155745 -0.374574 -0.284404
v 0.144207 -0.00139241 0.235934
v 0.20148 0.396588 -0.108372
v 0.0260157 -0.446256 -0.121444
v -0.247763 -0.0914702 0.0121471
v -0.0258342 -0.442288 -0.134248
v 0.10231 0.0204212 0.269395
v -0.260618 -0.0494968 0.0251092
v 0.0134437 -0.434974 -0.153305
v -0.050786 -0.427624 -0.173678
v -0.171621 -0.164287 0.0293692
v -0.0897813 -0.431519 -0.163274
v 0.149304 -0.458034 -0.0240279
v -0.178867 -0.245953 -0.15003
v -0.172658 -0.309292 -0.0782001
v -0.0215004 0.444469 0.0379722
v -0.101985 -0.430235 -0.166691
v 0.115122 -0.279284 -0.254773
v -0.117576 -0.424455 -0.182115
v -0.182982 -0.111545 -0.0809728
v -0.166002 -0.151503 -0.0782003
v 0.0918675 0.266392 -0.342737
v 0.145027 -0.181623 0.217044
v -0.0048243 -0.212497 -0.266005
v -0.0369468 -0.212736 -0.261819
v -0.0510831 -0.169489 -0.242115
v 0.183401 -0.0829842 0.214701
v 0.00156985 -0.394395 0.038091
v -0.103944 -0.20839 0.0794716
v -0.132903 -0.293496 -0.252457
v -0.0645811 -0.224173 0.085329
v -0.134165 0.176394 0.142499
v -0.132044 -0.174933 -0.172381
v 0.186792 -0.0735012 0.208421
v -0.156787 -0.441661 -0.136627
v 0.191075 -0.0645904 0.200316
v 0.0480163 0.198217 -0.368055
v 0.19705 -0.412963 -0.126179
v -0.0128353 -0.252782 0.112191
v 0.176825 -0.239218 -0.104209
v 0.165304 -0.314804 -0.0392061
v 0.156462 -0.235198 -0.0108313
v 0.138586 -0.248649 0.0232515
v 0.157608 -0.443437 -0.12796
v 0.00416398 -0.125839 0.287154
v -0.125067 -0.314937 -0.270083
v 0.100892 -0.395882 0.0286405
v 0.156103 -0.464915 -0.073908
v 0.210472 -0.0768984 0.156919
v -0.25027 -0.0694768 0.0606636
v -0.0256125 -0.217888 0.0964061
v 0.21574 -0.0833781 0.14411
v 0.158214 -0.386393 -0.278474
v 0.191348 -0.0922196 0.196668
v 0.0425055 -0.218523 0.0968505
v 0.149027 -0.0754124 0.240155
v 0.154885 -0.116671 0.239055
v -0.047966 -0.378527 -0.30635
v 0.201467 -0.0864279 0.175397
v 0.108086 -0.0469817 0.254192
v 0.16838 -0.134498 0.223217
v -0.0583233 -0.375851 -0.309822
v 0.210909 0.391265 -0.0683937
v -0.251208 0.126961 0.112183
v -0.17317 -0.390232 -0.271143
v 0.202412 -0.0982915 0.171594
v -0.212389 -0.365803 -0.222868
v -0.271925 0.139133 0.0283615
v 0.221279 -0.405659 -0.192383
v -0.166304 -0.183747 0.0596137
v 0.168968 -0.245678 -0.0466607
v 0.193998 -0.408913 -0.114615
v -0.134616 0.353968 0.260796
v -0.0233283 -0.491195 0.0099007
v -0.213443 -0.155367 0.0452649
v -0.103275 -0.0673996 0.144931
v 0.168018 -0.156407 -0.0732058
v -0.0554806 -0.471502 -0.0559158
v 0.198265 -0.398854 -0.13991
v 0.168943 0.408008 0.30772
v 0.175275 -0.284128 -0.0666905
v -0.114795 0.091024 0.246163
v -0.0627426 0.144632 0.21256
v -0.0742206 0.123162 0.225823
v 0.142505 -0.431246 -0.159637
v -0.219414 0.200192 0.164211
v -0.166821 0.24673 0.225971
v 0.257675 -0.0863511 0.0133231
v 0.182908 -0.436501 -0.146986
v -0.109478 0.134865 0.221165
v 0.261203 -0.0740972 0.0125402
v 0.00185898 -0.456471 -0.0946586
v 0.00306565 -0.466702 -0.0679546
v 0.00273317 -0.461578 -0.0812865
v 0.196872 -0.144598 0.174061
v 0.189803 -0.130177 0.192486
v 0.20144 -0.132767 0.167857
v 0.134866 -0.406107 -0.229555
v -0.114264 0.218062 0.168831
v -0.066967 0.446522 0.00291205
v -0.0158859 -0.440866 -0.137892
v -0.00682304 -0.443417 -0.130425
v 0.17625 -0.164929 0.198767
v 0.171841 -0.417369 -0.196891
v 0.184279 -0.166991 0.186969
v -0.161993 0.147242 0.200672
v -0.178833 0.180916 0.168594
v 0.07833 -0.386642 -0.283707
v -0.234763 0.0689595 0.17837
v -0.175864 0.192899 0.166958
v -0.0244078 -0.433446 -0.158153
v 0.136858 -0.393585 -0.2652
v 0.211012 -0.154654 0.142413
v 0.0206839 0.401211 -0.281798
v 0.270734 -0.0298206 0.0180991
v -0.0410985 -0.382248 -0.295856
v -0.144448 0.0959681 0.262048
v 0.207017 -0.165911 0.145278
v 0.1907 -0.179954 0.169296
v -0.0740841 -0.437281 -0.147939
v 0.113232 -0.145443 0.171335
v 0.091909 -0.0550757 0.201336
v -0.251845 0.00997965 0.0940349
v -0.244128 0.0149134 0.120293
v -0.123589 -0.222682 0.200718
v 0.180949 0.0575935 0.265488
v -0.251834 -0.00242307 0.0879232
v 0.186964 -0.208401 0.144061
v -0.243332 -0.0608202 0.0815256
v -0.259916 -0.0315217 0.0488775
v 0.194749 -0.198144 0.141654
v -0.0395937 0.0247523 0.322102
v 0.199557 -0.196758 0.130012
v 0.175691 -0.21046 0.166898
v -0.120948 -0.392193 -0.26853
v -0.194222 -0.118938 -0.0308781
v -0.148038 -0.155967 -0.135864
v -0.117477 -0.385022 -0.289353
v -0.156277 -0.144833 -0.115493
v -0.123888 -0.431923 -0.162216
v -0.0757788 -0.387883 -0.279853
v -0.199935 -0.0775608 -0.104582
v -0.0981661 -0.0423836 -0.250168
v 0.176045 -0.200698 0.175654
v -0.190105 0.0466361 -0.262736
v -0.149535 -0.0592035 -0.190529
v 0.183317 -0.200376 0.164662
v -0.21759 0.0130749 -0.204499
v -0.22607 0.0797363 -0.249736
v -0.244412 -0.0462864 -0.0186441
v -0.247514 0.0166116 -0.162961
v -0.00612434 -0.0313381 0.291298
v -0.165205 0.0670672 -0.297473
v -0.00254327 -0.0130812 0.293941
v -0.0415617 0.0701532 -0.358444
v -0.21611 0.189653 0.169054
v 0.177802 -0.125334 0.216044
v -0.262013 -0.0386522 0.0240459
v -0.030729 0.0934767 -0.370189
v 0.214836 -0.143683 0.1377
v -0.254899 0.310209 -0.140973
v -0.102622 0.0414564 -0.315779
v 0.15402 0.20914 0.23605
v 0.0421757 0.0665974 -0.356167
v 0.0982037 0.0649424 -0.335208
v 0.0535032 -0.0380233 -0.276094
v 0.152948 0.0430873 -0.284729
v 0.0931988 -0.00389578 -0.283018
v -0.194183 -0.0738092 -0.119109
v 0.255739 0.111553 -0.213009
v -0.168801 -0.395871 -0.259929
v -0.164688 -0.386091 -0.278785
v -0.12823 -0.0691824 0.242974
v -0.0219805 -0.045487 0.199879
v -0.243485 -0.0237812 -0.060302
v -0.165093 0.493302 0.329886
v -0.043963 -0.104944 -0.237911
v -0.202324 0.29772 0.173888
v -0.00999501 -0.0832316 -0.257595
v -0.142377 -0.387282 -0.280867
v -0.0862982 -0.0993148 -0.215564
v 0.21902 0.382495 -0.0597635
v -0.0598488 -0.121075 -0.226008
v -0.253626 0.0809094 -0.208339
v 0.287589 0.200458 -0.0452819
v 0.287888 0.187817 -0.0470597
v 0.290886 0.154099 -0.0658894
v -0.157918 0.0697807 -0.304355
v 0.177751 0.41743 -0.0694923
v 0.27705 0.144405 0.0205166
v 0.0225789 -0.183771 -0.255021
v 0.146129 -0.235273 -0.195113
v 0.220689 0.370729 -0.022559
v 0.128684 -0.196051 -0.188826
v 0.209629 -0.188365 0.114444
v 0.216584 -0.179434 0.107272
v 0.120154 -0.292846 -0.259661
v 0.100798 -0.20275 -0.221713
v 0.0673244 -0.187138 -0.239074
v -0.271991 0.105694 0.016364
v 0.173717 -0.220326 -0.0970078
v 0.24511 -0.130927 0.0458415
v 0.249526 -0.120844 0.0476686
v 0.183852 -0.256741 -0.134155
v -0.0207726 -0.350397 -0.315607
v 0.134907 -0.469985 -0.0101472
v 0.0558861 -0.358779 -0.314579
v 0.172297 -0.0988257 0.168862
v 0.0941609 0.447735 -0.139687
v -0.202442 -0.393784 -0.162255
v -0.181512 -0.426844 -0.0934664
v 0.162429 0.0743102 0.269126
v 0.207693 -0.190447 0.0860264
v 0.00848162 -0.0466409 0.193634
v 0.0794601 -0.453315 -0.102397
v 0.0988261 -0.449638 -0.111884
v 0.133542 -0.443421 -0.127883
v 0.21739 -0.180982 0.0931676
v 0.0602353 -0.457989 -0.0902961
v 0.158121 -0.233319 0.166209
v 0.065543 -0.453753 -0.10135
v -0.139261 -0.248662 0.00829671
v 0.175209 -0.198393 0.0763277
v 0.0839782 -0.425054 -0.17839
v 0.0597056 -0.429299 -0.167431
v 0.0241438 -0.417783 -0.199881
v -0.0455866 -0.407077 -0.228419
v 0.113523 0.0236976 0.245294
v 0.173478 -0.206078 0.0837994
v 0.140453 -0.209929 0.0882212
v 0.0903419 0.243566 -0.350082
v 0.0730806 0.0736118 0.283713
v 0.250124 0.00784804 -0.138976
v 0.0960541 0.0850801 0.241482
v -0.120204 -0.411449 -0.216799
v -0.143431 -0.411445 -0.216773
v -0.143521 -0.416003 -0.204625
v 0.285695 0.165582 -0.0330623
v 0.151468 -0.216564 0.0928818
v 0.043327 -0.46137 -0.0815543
v 0.217147 -0.0163965 0.169612
v 0.0488463 0.01592 0.342394
v 0.138937 0.408773 0.0449113
v -0.0239059 -0.12556 0.275739
v -0.051902 -0.145226 0.281477
v 0.152778 -0.206579 0.0838602
v 0.240879 -0.141874 0.0630294
v 0.239982 -0.141594 0.0752678
v 0.0531599 -0.216714 0.097309
v -0.0926874 -0.38166 -0.297249
v 0.243924 -0.133737 0.069364
v 0.20098 -0.334684 -0.15317
v 0.227894 -0.161669 0.063461
v -0.0940931 0.00576113 0.247697
v -0.097413 -0.488919 -0.0150563
v -0.11235 -0.474056 -0.050335
v -0.103975 -0.469769 -0.0606502
v 0.222401 -0.171447 0.0719033
v 0.231802 0.240342 0.119364
v -0.124918 -0.464851 -0.0749141
v 0.0998707 0.401478 0.230415
v 0.0555202 0.327458 0.219479
v 0.230162 -0.161765 0.0772961
v -0.141267 -0.46516 -0.0756797
v 0.0749923 0.158921 -0.368379
v -0.232903 0.249603 0.132875
v -0.194094 -0.416193 -0.13831
v 0.00947151 0.289734 -0.350004
v -0.162749 -0.196272 -0.0467982
v 0.0314822 0.448122 0.02645
v -0.198509 0.292196 0.182431
v 0.208122 -0.16637 0.0501416
v -0.0158849 -0.220027 0.0995595
v 0.0621381 -0.439169 -0.139845
v -0.188941 0.345872 0.150505
v 0.264675 -0.0356623 0.0597291
v 0.0424784 -0.42315 -0.185242
v 0.216332 0.196855 -0.261909
v -0.162275 0.233908 0.231765
v 0.0535517 -0.133223 0.282752
v -0.0858314 -0.473826 0.0124255
v -0.203017 0.262439 0.183046
v -0.204039 0.273213 0.179627
v -0.020987 -0.128074 0.259889
v -0.0297777 -0.0598599 0.167964
v 0.183734 -0.203381 0.0836647
v -0.231293 0.0674646 0.190559
v -0.241012 -0.071741 0.0824686
v -0.151098 0.48292 0.330536
v 0.199012 -0.190577 0.0751525
v -0.268527 0.0364384 0.0048243
v -0.274099 0.0635092 -0.14863
v -0.0330327 -0.130588 0.154141
v -0.25634 0.00626541 -0.119359
v -0.227263 -0.0440729 -0.106328
v -0.249404 -0.012594 -0.0606833
v -0.217389 0.12556 -0.272351
v 0.127373 -0.109949 0.130258
v 0.0693775 0.146666 -0.370306
v 0.218749 -0.00672315 -0.176919
v -0.210466 0.276879 0.169219
v -0.260614 0.0786765 -0.194648
v -0.246936 0.124283 -0.234595
v -0.282801 0.176346 -0.167911
v -0.23438 0.166525 -0.249069
v -0.120085 0.0957981 -0.344064
v 0.266596 0.139376 -0.198593
v -0.177558 0.123216 -0.313176
v 0.249076 0.107914 -0.223179
v -0.204032 0.177573 -0.282619
v -0.236912 0.248704 -0.225182
v -0.194747 0.231574 -0.279764
v -0.165002 0.16565 -0.32368
v -0.147403 0.189165 -0.334791
v -0.159918 0.246301 -0.308857
v -0.114349 0.221079 -0.348051
v -0.144001 0.141676 -0.339576
v -0.0641631 0.134078 -0.372252
v -0.016691 0.129409 -0.376244
v -0.0367312 0.180133 -0.372072
v -0.0810268 -0.148934 0.182115
v -0.24632 -0.0090837 0.0980981
v 0.0207209 0.104978 -0.373781
v 0.206589 -0.149256 0.0296615
v 0.0433583 0.146489 -0.374416
v 0.198916 0.0907858 -0.282088
v 0.239966 -0.118226 0.0155881
v 0.151846 0.113687 -0.328602
v 0.134233 0.0745461 -0.321181
v 0.237279 -0.128299 0.0251952
v 0.118302 0.137727 -0.353289
v 0.188987 0.0322375 -0.24847
v 0.0228245 -0.0526668 -0.275162
v 0.085303 -0.0889967 -0.221866
v -0.188645 0.223832 -0.288363
v 0.066268 -0.146539 0.185109
v -0.175802 -0.351018 -0.0829811
v 0.0802968 -0.477741 -0.0405942
v 0.168689 -0.212347 -0.138758
v 0.12297 -0.47299 -0.052829
v 0.0202822 -0.0377712 0.282498
v 0.184825 -0.214579 0.102152
v 0.11662 -0.0916514 -0.190769
v 0.190479 -0.206824 0.0935218
v 0.0137053 -0.100932 -0.247138
v 0.0952127 -0.156505 -0.205003
v 0.0374179 -0.11203 -0.237336
v -0.0124407 -0.0364158 0.286011
v 0.108539 -0.130956 -0.181205
v -0.0218283 -0.128525 0.154394
v 0.224549 -0.131894 0.0197032
v 0.0926357 -0.426882 -0.172909
v -0.0380307 -0.277139 0.16156
v 0.182793 -0.0690434 -0.138762
v 0.10849 -0.431204 -0.160343
v 0.171039 -0.136739 -0.0771992
v 0.167665 -0.16793 -0.0773744
v 0.0480823 -0.414734 -0.207958
v 0.195187 -0.151295 0.0240051
v 0.0754221 -0.413872 -0.209936
v 0.163977 -0.192718 0.0690303
v 0.231157 -0.124225 0.015076
v -0.0227794 -0.39657 -0.256426
v 0.0327939 0.169772 -0.373456
v -0.0281178 -0.140288 0.174377
v -0.172714 0.233661 0.221623
v -0.0492921 -0.142164 0.166292
v 0.208137 -0.185383 0.0746522
v 0.0378231 0.220881 -0.365068
v 0.231302 -0.146693 0.0425662
v -0.103655 -0.425293 -0.179864
v 0.182767 0.414353 0.28365
v 0.0745795 -0.0891062 -0.229864
v 0.218372 -0.132298 0.132277
v -0.0248472 -0.135075 0.162745
v -0.102992 -0.385948 -0.286779
v 0.196334 -0.188954 0.150485
v -0.0923727 -0.409103 -0.223009
v 0.117884 -0.106608 -0.175584
v 0.096576 -0.0115546 -0.274911
v 0.065683 -0.088636 -0.235795
v 0.17795 -0.0626607 0.222786
v 0.290232 0.164129 -0.0606725
v 0.0119233 0.0245118 -0.332102
v 0.15694 -0.00684642 0.236323
v -0.270558 0.0774294 0.016077
v 0.104863 3.60251e-05 -0.279276
v 0.188537 -0.159768 0.0313911
v 0.144718 -0.190307 0.0547565
v 0.129088 0.0667622 0.250815
v -0.17215 -0.426292 -0.0745122
v 0.136977 -0.19587 0.0632532
v -0.251053 -0.0436606 -0.0104376
v 0.149293 -0.192654 0.0666504
v 0.24564 0.138246 -0.231386
v 0.225359 0.115486 -0.258297
v -0.0305463 -0.469273 -0.0614832
v -0.0220184 -0.457164 -0.0930763
v -0.0219859 -0.452825 -0.104759
v -0.0321455 -0.44597 -0.124202
v -0.0464582 -0.444588 -0.128331
v -0.0619468 -0.43878 -0.143958
v -0.288685 0.116025 -0.129975
v -0.0179274 -0.131824 0.286965
v -0.0962465 -0.439103 -0.143066
v -0.109304 -0.437972 -0.146079
v -0.135839 -0.438671 -0.144194
v -0.0267504 -0.380497 -0.301074
v 0.0259907 0.0761094 0.360279
v 0.220898 -0.391582 -0.189956
v -0.174427 -0.2689 -0.101372
v -0.181716 -0.388088 -0.0979631
v 0.186996 -0.266345 -0.146316
v -0.0277204 0.139637 0.269179
v 0.128429 -0.204838 0.0835965
v -0.266071 0.16498 0.0526665
v -0.128021 -0.0879986 0.226833
v 0.12285 -0.0954743 -0.179658
v 0.130449 -0.401575 -0.2423
v 0.064778 -0.392587 -0.267029
v 0.142484 -0.124881 -0.133137
v -0.0514241 -0.385889 -0.285134
v -0.0684056 -0.379938 -0.302025
v 0.0544441 -0.0482152 -0.268808
v 0.196033 -0.164311 0.0427424
v 0.285923 0.209198 -0.0379715
v 0.177313 -0.274358 -0.0873045
v 0.174096 -0.0695757 -0.147955
v -0.0277987 -0.0683866 0.15683
v -0.268239 0.259774 -0.00674218
v 0.182974 -0.180871 0.0586941
v -0.106064 0.276829 0.252772
v -0.222443 -0.0633285 -0.0474355
v -0.103286 0.408893 0.0725898
v -0.0326157 -0.473214 -0.0515857
v -0.0921417 -0.470582 -0.0583679
v -0.0584792 -0.47698 -0.0422907
v -0.128455 -0.115734 0.139438
v -0.236028 0.208662 0.137045
v -0.0408843 -0.122832 0.146433
v -0.201276 0.199308 0.18155
v -0.242948 0.154302 0.134627
v -0.218634 0.156046 0.177121
v -0.0612275 -0.142371 0.161348
v -0.267995 0.127521 0.047506
v 0.188284 -0.172748 0.0505122
v -0.291816 0.143108 -0.089055
v 0.234913 0.0995217 0.186947
v -0.287803 0.103529 -0.121275
v 0.163232 -0.179841 0.047178
v -0.279543 0.0639406 -0.0973651
v 0.156784 -0.18643 0.057256
v -0.269665 0.223206 -0.186922
v -0.227339 0.245391 0.146888
v 0.201528 -0.420279 -0.143238
v -0.247375 0.321715 -0.140561
v -0.204174 0.346342 -0.197539
v 0.212605 -0.354138 -0.2039
v -0.191532 0.321509 -0.240018
v -0.0184726 -0.415764 -0.205292
v -0.057838 -0.146144 0.17489
v 0.207164 -0.132984 0.155834
v -0.0427414 -0.143919 0.178562
v -0.132969 0.373254 -0.249884
v -0.106808 0.310046 -0.31542
v -0.106834 -0.468583 0.00592026
v -0.154532 0.204733 0.216929
v 0.247408 0.18242 0.111296
v -0.0549363 -0.14695 0.188861
v -0.0839398 0.186775 -0.364259
v -0.0608075 0.270846 -0.350316
v 0.205254 -0.104771 -0.033986
v 0.201048 -0.343774 -0.218068
v 0.133093 -0.438678 -0.14028
v 0.104239 0.264246 -0.338202
v 0.127582 0.215335 -0.341291
v -0.181615 0.0391144 -0.262728
v 0.0708325 0.194939 -0.36544
v -0.28556 0.133297 -0.156544
v 0.215931 -0.121093 0.138714
v 0.177781 0.231413 -0.295578
v 0.232084 0.183289 -0.246617
v 0.221886 -0.120397 0.126712
v 0.146961 0.262428 -0.31193
v 0.259696 0.020055 -0.127126
v 0.222885 0.0205121 -0.20155
v 0.204169 0.0058128 -0.208589
v 0.250111 0.0792896 -0.20877
v 0.0510675 -0.220385 0.0899067
v 0.164752 -0.193143 -0.0237138
v 0.202066 -0.0367449 -0.160621
v -0.193954 -0.425577 -0.172471
v -0.0551516 0.166741 0.20057
v -0.286018 0.108465 -0.143019
v 0.198974 -0.0860483 -0.0907491
v -0.0515252 -0.4664 -0.0690299
v -0.163834 0.426386 0.300793
v 0.214151 -0.0809174 -0.0479203
v 0.116939 -0.465125 -0.0714155
v 0.114741 -0.456686 -0.0933066
v -0.185522 -0.174966 0.0544668
v -0.0125374 -0.123195 0.151093
v 0.244264 -0.014837 0.117295
v 0.178325 -0.453805 -0.0984302
v 0.259664 0.0140872 0.0977572
v 0.0728022 -0.465938 -0.0695512
v 0.220747 0.0791815 0.228796
v 0.0405858 -0.0025779 -0.307073
v 0.216753 0.18533 -0.263579
v 0.172915 -0.399106 -0.249728
v 0.167992 -0.188918 -0.0468864
v 0.0603337 0.028423 0.328549
v 0.14684 0.0549484 0.258777
v -0.181182 -0.434072 -0.156843
v 0.0874426 0.17991 0.147661
v -0.045028 -0.456531 -0.0952664
v 0.15047 -0.423634 -0.179882
v 0.220067 -0.409706 -0.203313
v 0.137791 -0.422325 -0.183935
v 0.0765646 0.118627 0.229201
v 0.173011 -0.0110597 -0.219572
v 0.0839583 -0.429058 -0.167144
v 0.0745982 -0.395601 -0.258982
v 0.0263914 -0.409778 -0.221238
v 0.109933 -0.379367 -0.298506
v -0.106422 -0.457754 -0.0933487
v -0.0679245 -0.450607 -0.112299
v -0.0403107 -0.0638003 0.159617
v 0.146015 -0.384261 -0.284828
v 0.0565774 -0.417859 -0.199429
v 0.168808 -0.199534 -0.071516
v -0.171704 0.419279 0.275865
v -0.0836388 0.240458 0.268396
v -0.0116787 0.160047 0.273217
v -0.0546907 -0.394701 -0.261363
v -0.0135837 -0.378345 -0.306845
v -0.232068 0.0794685 0.185967
v 0.00146664 0.189184 0.25196
v 0.169593 -0.164687 -0.040961
v -0.0226925 0.200813 0.261299
v -0.0912336 -0.447407 -0.120963
v -0.0188287 0.183941 0.254364
v 0.170006 -0.2179 -0.0633624
v 0.0319825 -0.398375 -0.251648
v -0.244458 0.139412 0.134539
v -0.121847 0.313786 0.241281
v 0.0464201 -0.376022 -0.30952
v -0.129696 0.422117 0.304808
v 0.166286 0.475908 0.338296
v -0.101193 0.413431 0.273091
v 0.0509429 -0.381931 -0.297148
v -0.24778 0.146883 0.12201
v -0.264449 0.125127 0.0628539
v -0.0829918 0.0970212 0.235333
v -0.105296 -0.442401 -0.134277
v -0.131626 -0.459194 -0.0900802
v 0.147927 -0.0919635 -0.152949
v 0.229943 0.0988501 0.20033
v 0.156745 -0.157369 0.221599
v -0.173699 0.475161 0.326762
v 0.160385 -0.0950872 -0.13411
v 0.159981 -0.086717 -0.144537
v -0.0207258 -0.00270856 0.290174
v -0.131021 -0.0773858 0.240802
v 0.0674525 -0.478064 -0.0398156
v 0.121704 -0.0687197 -0.207943
v 0.145218 -0.445654 -0.12193
v -0.148549 0.45623 0.26128
v -0.163117 -0.460226 -0.067514
v 0.110231 -0.443381 -0.128154
v 0.0742469 -0.422824 -0.185041
v -0.177065 0.0286599 -0.256599
v 0.115663 -0.420291 -0.190517
v 0.108487 -0.0764843 -0.212905
v 0.037854 -0.411094 -0.217706
v -0.20033 0.327608 0.152291
v 0.000969977 -0.422263 -0.187959
v -0.171616 0.355273 0.183502
v -0.00213576 -0.404125 -0.23631
v -0.192111 0.291772 0.190939
v -0.0852426 -0.4187 -0.197431
v -0.114282 0.410201 0.0598779
v -0.231317 0.27625 0.121214
v 0.0968826 -0.141232 0.267869
v -0.201165 0.24113 0.187716
v -0.0120666 -0.110887 0.144527
v 0.118862 -0.0802562 -0.199687
v -0.292254 0.181126 -0.0811111
v -0.0537577 -0.403091 -0.239034
v -0.239647 0.0438304 -0.204271
v 0.0540347 -0.07227 -0.253061
v -0.264786 0.247023 0.0219193
v -0.279966 0.26232 -0.0638747
v -0.29068 0.227173 -0.0983422
v -0.11039 -0.39829 -0.251825
v -0.269689 0.29393 -0.10731
v -0.287811 0.215108 -0.059489
v 0.0605925 -0.0821163 -0.243155
v -0.0779944 -0.131569 0.144511
v 0.0350583 -0.0897975 -0.248902
v -0.166234 0.388375 -0.192405
v 0.0481107 -0.0858218 -0.246694
v -0.261925 0.043591 0.0613901
v -0.203047 0.374165 -0.146408
v -0.0613442 0.459719 -0.119305
v -0.113605 0.430032 -0.177058
v -0.107775 0.443209 -0.125355
v 0.0714025 -0.132587 0.274047
v -0.123417 0.405556 -0.21946
v -0.15026 0.421596 -0.12634
v 0.00353179 -0.0795621 -0.26018
v -0.0553234 0.435463 -0.219892
v -0.0647149 0.360667 -0.302956
v -0.0632043 0.394823 -0.274016
v -0.045719 0.313389 -0.337668
v 0.00640232 -0.0675894 -0.267377
v 0.0887645 -0.111784 -0.204401
v -0.0166553 0.353307 -0.322223
v -0.00430665 0.319524 -0.339593
v 0.0545843 0.273272 -0.35069
v 0.099673 -0.113482 -0.193418
v 0.0403923 0.308365 -0.34028
v 0.0687321 0.346999 -0.310788
v -0.289927 0.13517 -0.0793925
v 0.107284 -0.100876 -0.192496
v 0.246296 0.245141 -0.213915
v 0.255873 0.0182802 -0.137262
v 0.209685 0.381676 -0.0179339
v 0.18508 0.465526 0.323461
v 0.185046 0.342641 -0.233046
v 0.274602 0.090078 -0.162591
v 0.170954 0.205794 0.214562
v 0.269272 0.131643 -0.192084
v 0.285889 0.127642 -0.145117
v -0.274071 0.0567906 -0.0417412
v 0.238743 -0.0259672 -0.110473
v -0.266008 0.210867 -0.195764
v -0.240408 0.325581 -0.151594
v 0.270506 0.049983 -0.136701
v 0.258515 -0.0128256 -0.0265008
v -0.188769 0.0364319 -0.255003
v 0.274894 0.0427409 -0.0106523
v -0.186602 0.219358 0.203706
v -0.123922 0.370692 -0.260263
v -0.0375352 -0.138605 0.164622
v 0.129151 -0.129233 -0.152561
v -0.185915 0.315446 -0.25
v 0.256735 0.0415374 -0.16475
v 0.203561 0.0381527 0.242024
v -0.0907593 0.0365673 -0.31777
v -0.00946503 -0.469214 -0.0615885
v 0.118564 0.0823756 0.246664
v 0.0775916 -0.133982 -0.21311
v 0.061274 -0.434308 -0.153303
v 0.0398499 -0.0144662 0.284562
v 0.226056 0.0709395 0.220051
v 0.0028477 -0.446039 -0.122703
v 0.197338 -0.411961 -0.212843
v 0.0335414 -0.420441 -0.192741
v -0.0750435 0.193171 -0.365237
v 0.135142 0.381969 0.161598
v -0.195923 0.211356 0.190391
v -0.0542295 -0.123941 0.14459
v -0.134433 -0.276132 -0.239612
v 0.0962237 -0.0476091 0.258062
v 0.129045 0.143268 0.189574
v 0.233972 0.170906 -0.246144
v -0.131322 -0.382297 -0.290798
v 0.176438 -0.400879 -0.065095
v 0.0573711 0.171275 0.208215
v 0.12504 -0.13872 -0.160961
v 0.043046 -0.278397 0.153251
v 0.0895415 0.211592 0.16306
v 0.139195 -0.154354 -0.147827
v -0.189431 0.266126 0.19969
v 0.00331516 0.426947 0.0784376
v 0.0761458 0.207251 0.185092
v -0.111579 -0.446344 -0.123765
v -0.0511782 0.342185 0.210419
v 0.108235 -0.152004 -0.188193
v -0.144874 -0.45491 -0.101958
v 0.120776 -0.147629 -0.170063
v 0.112255 -0.143484 -0.179628
v 0.198443 -0.424243 -0.173138
v 0.0487549 0.124581 0.254277
v 0.115389 -0.184509 -0.1966
v 0.099866 -0.169017 -0.205909
v 0.238111 0.0500799 0.187869
v 0.105424 -0.183476 -0.206875
v 0.110778 -0.43865 -0.140504
v 0.0866836 -0.416937 -0.201072
v 0.0445001 -0.406635 -0.229597
v 0.225258 0.0127632 -0.190063
v -0.219935 0.246657 0.159832
v 0.203524 0.123566 0.225016
v -0.133468 -0.398403 -0.251543
v -0.159162 -0.404952 -0.233854
v 0.0868744 -0.184622 -0.224308
v -0.213207 0.178495 0.173009
v 0.0169268 -0.47566 -0.0455897
v 0.0515079 -0.4819 -0.0305296
v 0.0939047 -0.177178 -0.215111
v 0.071528 -0.155365 -0.224507
v -2.17666e-05 -0.45106 -0.109031
v 0.0427742 0.0441494 -0.340794
v 0.0798435 -0.159303 -0.219462
v -0.0603853 0.351904 0.212625
v 0.195041 0.218726 -0.281509
v 0.18295 -0.279737 -0.114699
v -0.111688 0.383648 0.148137
v -0.125634 0.383661 0.145945
v -0.130956 0.392618 0.092238
v 0.0399575 -0.468222 -0.063894
v 0.121947 -0.417368 -0.198478
v 0.187267 -0.281474 -0.128462
v 0.0852722 -0.421058 -0.189561
v 0.177436 -0.26298 -0.0961863
v -0.047826 -0.10441 0.137887
v -0.0245129 -0.10389 0.141538
v 0.0630265 -0.171689 -0.236061
v 0.0639184 -0.158428 -0.230963
v -0.0749899 0.455323 -0.120891
v -0.0770783 0.456783 -0.0672024
v 0.169 -0.183597 -0.0917984
v -0.186469 0.400874 -0.0936644
v 0.0921786 0.0545567 -0.330407
v -0.13967 0.425826 -0.0255749
v -0.204345 0.385454 -0.0591156
v -0.172466 0.411463 -0.0601093
v -0.237652 0.347771 -0.0695416
v 0.169027 -0.191772 -0.0817738
v 0.0251536 -0.163567 -0.248186
v -0.180885 0.396408 -0.00999955
v 0.0802824 -0.403193 -0.238734
v 0.0323755 -0.153286 -0.243028
v -0.04574 0.45352 -0.176912
v 0.0189651 -0.152127 -0.245984
v -0.0169978 -0.0833086 0.146404
v -0.260408 0.153924 0.075033
v 0.113319 0.407077 -0.230059
v 0.0518573 0.418543 -0.251014
v 0.0353092 0.444374 -0.21191
v 0.0508278 0.455145 -0.167086
v 0.0791667 0.458503 -0.0898529
v 0.146173 -0.0697858 -0.179718
v 0.029209 0.466293 -0.123041
v -0.00775116 0.446151 -0.21487
v 0.140029 -0.0789705 -0.177057
v 0.0193778 0.387801 -0.295088
v 0.00671181 0.415611 -0.267621
v -0.0303994 0.394509 -0.286929
v -0.0192495 0.430453 -0.244604
v 0.032242 0.0372202 -0.338128
v 0.0212563 0.0192594 -0.32711
v 0.0396922 0.0178314 0.322906
v 0.210571 -0.121639 0.150321
v 0.00598793 0.457317 -0.181273
v -0.170575 0.410393 0.245939
v -0.143369 0.152654 0.171348
v 0.223462 0.319763 -0.204221
v 0.273855 0.26191 -0.162177
v -0.258975 0.00754936 -0.0491777
v 0.26423 0.23019 -0.192533
v 0.203843 0.363353 -0.183302
v 0.251951 0.313795 -0.159798
v 0.279808 0.177088 -0.170916
v 0.286781 0.226227 -0.142837
v 0.130822 -0.0627915 -0.204617
v 0.287959 0.10545 -0.0968876
v 0.291621 0.147487 -0.0775799
v 0.129499 -0.0714462 -0.197305
v 0.273391 0.0404891 -0.0424938
v 0.0877247 0.379077 0.186242
v -0.0807486 -0.119857 0.136647
v -0.0838106 -0.107118 0.130324
v 0.0323181 -0.0595443 -0.268773
v 0.270885 0.126375 0.0553073
v 0.240754 0.0620976 0.180976
v 0.0295725 -0.0711155 -0.262284
v -0.051553 -0.431997 -0.162028
v 0.184797 -0.36056 -0.0889797
v 0.0129708 -0.42326 -0.185279
v -0.067421 -0.122313 0.140755
v 0.172063 0.0856406 0.268863
v 0.147631 0.227241 -0.323166
v 0.01259 -0.3829 -0.293949
v 0.208839 0.112874 0.229208
v 0.187442 0.105154 0.253942
v -0.059728 -0.407496 -0.227293
v 0.142818 -0.0425546 -0.213728
v 0.267474 -0.0533444 0.021849
v 0.0252545 -0.402703 -0.240113
v -0.110374 -0.393745 -0.263956
v 0.192533 -0.00211634 -0.211446
v 0.168535 0.138022 0.221985
v -0.135767 -0.43088 -0.164988
v 0.147046 -0.0538648 -0.197311
v -0.0758093 -0.396752 -0.255902
v -0.109968 -0.417822 -0.199786
v -0.182658 -0.414283 -0.0978881
v 0.248786 -0.110169 0.0726231
v 0.250246 -0.115926 0.0600823
v -0.169505 -0.408801 -0.223454
v 0.224414 -0.132219 0.120354
v 0.238122 -0.0189354 0.126528
v -0.117613 -0.257236 0.129299
v 0.114455 0.213106 0.206377
v -0.117011 0.338051 0.254343
v -0.117211 0.40476 0.19578
v -0.139609 -0.027152 0.234726
v -0.00508906 0.154119 0.285702
v 0.0271167 -0.455771 -0.0963185
v 0.0151896 -0.439689 -0.140021
v 0.130437 -0.413964 -0.207695
v 0.0916976 -0.124378 -0.199413
v 0.230232 0.108129 -0.250684
v 0.0729559 0.210096 0.271889
v -0.126978 0.371237 0.276153
v 0.00375142 -0.431112 -0.164191
v 0.262008 0.0288989 -0.133858
v -0.139342 0.342394 0.24859
v 0.00111827 -0.24866 0.111245
v -0.089196 -0.423814 -0.183805
v 0.0909466 -0.145087 -0.204401
v 0.0953387 -0.136604 -0.197316
v -0.271174 0.235184 0.00431414
v -0.285075 0.181964 -0.0409038
v -0.0021945 0.33184 0.20593
v -0.0253431 -0.0898956 0.141993
v -0.276524 0.185587 0.00272572
v -0.00967481 0.301942 0.230269
v -0.0206632 0.359073 0.179086
v -0.281103 0.251828 -0.0556987
v 0.06185 -0.397051 -0.255153
v 0.211015 0.0488681 0.240277
v 0.0865979 -0.134256 -0.205285
v -0.19699 0.35941 0.0669936
v -0.130159 0.406745 0.297491
v -0.0889831 0.398631 0.104873
v -0.271183 0.224623 0.0116737
v 0.0537973 0.452071 0.0053328
v -0.119949 0.349157 0.261404
v -0.200562 0.318467 0.16205
v 0.0642288 0.461504 -0.0464687
v 0.126855 -0.178912 -0.179473
v -0.0219948 0.457818 -6.53494e-05
v 0.0156611 0.438865 0.0555753
v 0.12928 -0.170964 -0.170991
v -0.0419227 0.466201 -0.0745652
v 0.113097 -0.16404 -0.188176
v 0.0181317 0.464087 -0.0201678
v 0.106908 0.445467 -0.0256804
v -0.206676 -0.343263 -0.171536
v -0.268314 0.188814 0.0403005
v 0.162146 0.424962 -0.10263
v 0.177314 0.404893 -0.148753
v -0.241248 0.169459 0.134465
v 0.128517 -0.135389 0.157867
v 0.190977 0.403513 -0.115504
v 0.0489897 -0.12684 0.276552
v 0.155918 -0.104746 -0.128512
v 0.251411 0.341683 -0.0769962
v 0.286303 0.221298 -0.0443537
v -0.0120436 -0.124536 0.281037
v 0.258029 0.209655 0.0632641
v 0.145441 -0.111176 -0.135758
v 0.271253 0.290612 -0.139745
v 0.135039 -0.118077 -0.145693
v -0.0741508 -0.0728499 0.139952
v 0.282223 0.264411 -0.0603952
v -0.266818 0.114606 0.0513335
v -0.198665 0.310274 0.172343
v -0.147243 -0.0791108 0.150247
v 0.276169 0.293502 -0.0919509
v 0.251243 0.133749 0.126332
v 0.177216 -0.457312 -0.0865813
v -0.00455022 -0.169078 -0.252925
v -0.270756 0.19412 0.0292925
v -0.252908 -0.00670825 -0.0494106
v 0.145578 0.456294 0.320046
v -0.1737 0.287764 0.210747
v 0.260404 0.0402179 -0.154452
v 0.158044 -0.392649 -0.269421
v 0.19481 -0.295999 -0.147016
v 0.0960513 -0.381164 -0.298618
v 0.258166 -0.0618382 0.0673517
v 0.173977 0.147805 0.203427
v -0.285655 0.09047 -0.0989121
v 0.175893 -0.221009 -0.116231
v 0.213177 0.172243 0.176346
v -0.275957 0.26594 -0.0489345
v -0.0704103 -0.371348 -0.311862
v 0.0247592 0.469379 -0.0871742
v -0.0373206 -0.0838352 0.141516
v 0.120389 0.210625 0.260926
v -0.292871 0.150353 -0.0996318
v -0.0982168 0.0305323 -0.309561
v 0.175743 0.478143 0.342011
v 0.173394 -0.216019 -0.127429
v 0.0653076 0.248768 0.266873
v -0.0448739 -0.0315749 -0.285333
v 0.0305052 0.366834 0.168378
v 0.0184072 0.391954 0.127719
v 0.171132 0.380578 0.207677
v 0.0596792 0.379038 0.146188
v 0.090881 0.393294 0.11003
v 0.168215 0.377342 0.0664521
v 0.176945 -0.22822 -0.126233
v 0.0215619 0.47005 -0.0733813
v -0.267968 0.246298 0.00927772
v 0.148546 0.419095 0.00606562
v -0.285977 0.212137 -0.0492422
v 0.187712 0.181335 0.170437
v -0.234711 0.277138 0.107508
v 0.201449 -0.320902 -0.189887
v 0.200201 0.398565 -0.0468845
v -0.0658881 0.457004 -0.129647
v 0.217108 -0.364704 -0.199268
v -0.17224 0.274025 0.215513
v -0.112523 0.37893 -0.260639
v -0.0680619 0.0227575 0.28304
v 0.198179 0.335741 0.081412
v 0.156585 -0.197913 -0.15128
v 0.199509 0.306968 0.133686
v 0.271593 0.070312 0.0472027
v -0.00488767 -0.037502 -0.287963
v 0.22492 0.263878 0.116741
v 0.226196 0.227256 0.143999
v 0.162499 -0.209542 -0.149953
v 0.245979 0.00624992 -0.148318
v -0.145269 -0.0841713 0.136788
v 0.180323 0.2223 0.216911
v -0.0104451 -0.474194 -0.0491763
v -0.0876205 -0.0936577 0.126735
v -0.130205 0.0113336 0.236065
v -0.0600366 -0.0995563 0.134428
v 0.097624 -0.0142097 0.253579
v 0.155705 0.314362 0.219798
v 0.119905 0.266955 0.253038
v 0.111982 -0.40907 -0.222148
v 0.00555089 -0.438292 -0.144336
v 0.213325 -0.410324 -0.214546
v 0.0432522 0.34499 0.198768
v 0.0475669 -0.39863 -0.250963
v 0.133679 -0.380829 -0.290975
v -0.282783 0.258122 -0.075706
v -0.0247274 -0.373941 -0.313721
v 0.118548 0.395686 0.0883808
v -0.0648178 -0.428743 -0.170688
v 0.0597217 -0.377062 -0.307338
v 0.157545 0.383941 0.0693289
v 0.175804 -0.226586 -0.105389
v -0.156522 0.292163 0.223947
v 0.0174263 -0.398545 -0.251187
v 0.176091 0.334875 0.163577
v -0.106002 -0.07931 0.127825
v -0.126977 -0.42763 -0.173663
v -0.227259 0.27484 0.135452
v -0.0978598 -0.390875 -0.271935
v 0.127896 0.335796 0.255275
v -0.150164 -0.445382 -0.126625
v 0.179187 -0.24435 -0.114024
v 0.253345 0.0392265 0.13326
v 0.184805 -0.279835 -0.178786
v 0.0398334 -0.457363 -0.0920844
v 0.10601 -0.421786 -0.186696
v 0.066103 -0.409513 -0.221865
v -0.277811 0.104115 -0.0191806
v -0.0615743 -0.42001 -0.193955
v -0.163376 -0.370792 -0.0525382
v 0.134658 -0.4761 -0.0465781
v 0.190428 -0.406966 -0.226774
v -0.10995 0.0351462 -0.306682
v 0.1902 -0.282669 -0.167798
v 0.190413 -0.31614 -0.207692
v -0.153846 -0.426047 -0.177787
v 0.167988 0.375539 0.194883
v -0.155177 -0.381641 -0.28507
v -0.0513537 0.262997 -0.354544
v 0.15608 0.367313 0.138362
v -0.134262 -0.469903 -0.0628866
v 0.170541 0.368935 0.076564
v 0.208206 -0.353389 -0.215201
v -0.141011 0.396647 0.0697224
v 0.113269 0.38346 0.166397
v 0.0290295 -0.428534 -0.170725
v -0.0101194 -0.418656 -0.197585
v -0.0993664 -0.420338 -0.193067
v -0.130327 -0.423113 -0.185708
v 0.203095 -0.383228 -0.156381
v 0.099311 -0.471318 -0.0561581
v 0.0573747 -0.478783 -0.0380705
v 0.162204 -0.133071 -0.100925
v 0.177211 0.426671 0.319561
v 0.264752 0.127697 -0.200683
v 0.104597 -0.426504 -0.173507
v 0.0595024 -0.401625 -0.242947
v 0.134917 0.427323 0.314138
v -0.0333688 -0.393541 -0.264474
v -0.00419951 -0.0709061 0.158479
v -0.0558609 -0.0512948 -0.26666
v -0.0998883 -0.4008 -0.245149
v 0.0348523 0.0257956 -0.329288
v 0.236803 0.00816595 -0.167817
v -0.117058 0.403407 0.0750612
v -0.0570116 -0.447803 -0.119754
v -0.0796943 -0.448977 -0.116787
v 0.108574 0.449317 -0.0665125
v 0.182208 0.428033 0.279589
v -0.136475 -0.443991 -0.129999
v 0.180302 0.39552 0.266077
v 0.18839 -0.214397 0.114233
v -0.0496063 -0.488686 -0.0157306
v 0.15487 0.102953 -0.323048
v 0.152956 -0.428245 -0.167421
v 0.106641 -0.404582 -0.234733
v 0.0294484 -0.00858841 -0.305639
v -0.126793 -0.0811484 0.217534
v -0.0111268 -0.490117 0.0112838
v 0.0463392 -0.493276 -0.000995731
v -0.0629808 -0.490115 -0.0128036
v -0.125959 -0.0747241 0.133783
v -0.0131432 0.410419 0.101653
v -0.112627 -0.0713204 0.137736
v -0.079306 -0.0826944 0.131224
v 0.095218 -0.0548676 -0.241978
v -0.0462127 -0.493872 0.00347181
v 0.0930815 -0.0400153 -0.255084
v -0.18687 -0.201527 0.0899691
v 0.233416 0.0748532 0.200178
v 0.0573252 -0.485983 -0.0213381
v -0.0921123 -0.478812 -0.037937
v 0.00553619 -0.0307695 -0.29269
v -0.0258572 -0.11919 0.146695
v -0.0642119 -0.133761 0.149454
v -0.271822 0.0539825 -0.145191
v -0.099517 -0.135998 0.148526
v 0.24473 0.0615167 0.167793
v -0.0878925 -0.13756 0.148502
v -0.0740905 -0.486335 -0.0211284
v 0.0452104 -0.486012 -0.0212828
v 0.0186612 -0.48624 -0.0208534
v 0.00638513 -0.00857148 -0.308695
v 0.0732707 -0.0442557 -0.263358
v -0.0421329 -0.145546 0.194314
v 0.0753834 -0.216789 0.0982147
v -0.0847499 -0.474154 -0.0492257
v -0.044888 -0.474875 -0.0474885
v 0.0746109 -0.0635202 -0.248811
v 0.0907222 -0.0319169 -0.262741
v 0.251069 0.0143023 0.12409
v 0.17889 -0.431852 -0.158979
v -0.0751003 -0.479422 -0.0364192
v -0.050426 -0.0676136 0.151634
v -0.221666 -0.402575 -0.196692
v 0.0043782 -0.0900953 0.145754
v 0.133794 -0.347022 0.0118856
v 0.042305 0.00763149 -0.314069
v -0.0660989 -0.467863 -0.0653108
v 0.0401963 -0.0239833 -0.291182
v -0.0585406 -0.457983 -0.0916761
v 0.180908 -0.381516 -0.268068
v -0.0210468 -0.0418257 0.258366
v -0.0681121 -0.0536905 0.227962
v 0.144211 -0.435998 -0.147183
v -0.0768112 -0.464292 -0.0749297
v -0.269828 0.0610195 0.0147081
v -0.0866199 -0.0730973 0.136792
v -0.0569564 -0.0551761 0.17473
v 0.162502 0.364153 0.112463
v 0.100837 0.11338 -0.358439
v -0.135799 -0.0721502 0.155818
v -0.0897461 -0.0582402 0.191715
v 0.156747 0.0607387 -0.296231
v -0.0876044 -0.0589661 0.216807
v -0.092993 -0.0605614 0.166945
v -0.22742 0.0180884 0.168568
v -0.108631 -0.0637877 0.168158
v -0.124699 -0.0697876 0.146761
v -0.00998712 -0.459342 -0.087225
v 0.167999 -0.102529 0.147939
v -0.114337 -0.0880505 0.123033
v 0.166417 0.0630095 -0.291048
v -0.0126726 -0.450923 -0.109683
v -0.0688757 -0.454984 -0.100313
v 0.12221 -0.46077 -0.0825446
v 0.133304 -0.460314 -0.0835999
v 0.154301 -0.45958 -0.0867337
v -0.145598 -0.0779816 0.165084
v -0.130165 -0.244499 0.116243
v 0.125775 -0.409709 -0.219821
v -0.0418216 -0.452831 -0.105396
v 0.16335 -0.42522 -0.175523
v -0.153109 -0.0865567 0.172758
v -0.151662 -0.0904889 0.18491
v 0.172446 0.0488494 -0.275551
v 0.184972 -0.419625 -0.1913
v 0.0999589 0.380649 0.141432
v 0.0527157 -0.393653 -0.264208
v -0.0593621 -0.4432 -0.132174
v -0.0397249 -0.386479 -0.283331
v -0.0554125 -0.381578 -0.298049
v -0.0372656 -0.376772 -0.309518
v -0.13415 -0.104763 0.13166
v -0.146382 -0.0981484 0.13703
v -0.152158 -0.103514 0.149188
v 0.160984 -0.0806494 0.138842
v -0.148396 -0.113009 0.167815
v -0.0451914 -0.390678 -0.272046
v 0.182078 0.0456307 -0.265685
v 0.18409 0.057462 -0.273554
v -0.0637173 -0.434267 -0.155974
v -0.134061 -0.225514 0.191653
v -0.154764 -0.0866359 0.159544
v -0.0815212 -0.444662 -0.128282
v 0.126607 0.113578 -0.345015
v -0.0902787 -0.452252 -0.108042
v -0.0992875 -0.434685 -0.154837
v -0.137115 -0.0911986 0.127837
v -0.0810542 -0.427891 -0.172945
v 0.160931 0.0836434 -0.308589
v -0.107814 -0.113206 0.130913
v -0.124475 -0.128356 0.199457
v -0.12526 -0.122034 0.211511
v -0.105675 -0.136522 0.213451
v 0.0985586 0.0814904 -0.346673
v 0.168226 -0.0823283 0.152194
v 0.253481 0.0314972 -0.160776
v 0.0970681 0.090573 -0.352389
v -0.140608 -0.449148 -0.116467
v -0.0751968 -0.392259 -0.267822
v -0.112027 -0.14077 0.189544
v -0.145829 -0.441496 -0.136629
v 0.115541 0.0606748 -0.321568
v 0.132937 0.0556994 -0.30745
v -0.14372 -0.396187 -0.257598
v -0.102292 -0.144804 0.169556
v -0.105248 -0.145002 0.18206
v 0.0977859 -0.408565 -0.224004
v -0.0961251 -0.14357 0.204854
v -0.101161 -0.145284 0.192283
v -0.198593 -0.41104 -0.218737
v -0.081342 -0.136577 0.232852
v 0.127632 0.0635686 -0.316808
v 0.116302 0.0791885 -0.335144
v -0.163864 -0.445742 -0.126848
v -0.177788 -0.39933 -0.250473
v 0.130884 0.10181 -0.338392
v 0.0922692 -0.403905 -0.236779
v -0.0745637 -0.130595 0.251775
v -0.275633 0.281317 -0.108568
v 0.133236 0.0920407 -0.332578
v 0.177243 0.466729 0.351375
v 0.0114272 -0.130335 0.255338
v 0.00875499 -0.138052 0.235027
v 0.183569 0.0912023 -0.29564
v 0.135263 0.39079 0.181427
v 0.193429 0.0794928 -0.281321
v 0.190887 0.0876887 -0.288194
v -0.0196207 -0.143084 0.195245
v 0.0452787 0.125194 -0.373968
v -0.0797086 -0.24333 0.214725
v 0.0312178 -0.135292 0.165362
v 0.0100715 -0.124373 0.153145
v 0.16585 0.44045 0.266493
v 0.19063 0.120058 -0.297733
v 0.109444 0.348812 0.260847
v 0.151054 0.21183 0.184695
v 0.0053841 -0.138173 0.175083
v 0.0511624 0.135356 -0.37377
v -0.160704 -0.456726 -0.0976677
v 0.232513 0.20157 0.142242
v -0.285475 0.0962193 -0.0852638
v -0.207026 0.315589 0.150192
v 0.0193209 -0.0718862 0.157117
v -0.00449533 0.171415 -0.37335
v 0.150346 0.386896 0.297676
v 0.00597998 0.162565 -0.374259
v 0.0144293 0.115731 -0.375518
v 0.27388 0.0239473 0.0059348
v 0.272874 0.146879 0.0422336
v 0.270141 0.198503 0.0324662
v 0.278711 0.111018 0.00372063
v 0.100926 0.380096 0.164806
v 0.287988 0.140693 -0.0498172
v 0.00833892 0.124466 -0.376099
v 0.181671 0.457497 0.305334
v 0.262511 0.0499789 0.0974953
v 0.268605 0.058175 0.0679214
v -0.0434497 0.0217417 0.278811
v 0.154312 0.369796 0.150664
v 0.271161 0.10356 0.0542786
v 0.269322 0.102488 0.0647447
v 0.266943 0.0473648 0.0771876
v 0.0622206 0.113204 -0.370817
v 0.0694169 0.124202 -0.37062
v 0.272542 0.0822792 0.041434
v -0.143877 -0.0860793 0.195263
v 0.27336 0.0928332 0.0367407
v 0.0500946 0.114608 -0.372449
v 0.211924 -0.402025 -0.235544
v 0.0206747 0.0838548 -0.366923
v -0.2414 -0.0407267 0.0929061
v -0.113347 -0.122773 0.230646
v -0.138967 0.401828 0.0569536
v 0.0271257 0.0944428 -0.370479
v -0.0198013 0.0850702 -0.367328
v -0.0051677 0.0842524 -0.367496
v -0.00987738 0.116381 -0.375887
v -0.0984973 -0.128196 0.247029
v -0.261017 0.286051 -0.013632
v -0.0159605 0.105539 -0.374206
v -0.00402681 0.10519 -0.374429
v -0.0722286 0.364991 0.231287
v -0.0755818 0.352591 0.238708
v -0.045176 -0.157569 0.280328
v -0.0155582 -0.157998 0.285868
v 0.00918246 0.106878 0.343056
v 0.0447859 -0.365553 0.0433689
v -0.275328 0.0936918 -0.00774097
v -0.00290233 0.184934 -0.37175
v -0.273896 0.139748 0.0166399
v -0.2483 0.296706 0.0225519
v -0.273563 0.188829 0.0172124
v 0.042904 0.0797835 -0.36283
v -0.134897 -0.0829976 0.206287
v 0.0286224 0.0728961 -0.360996
v -0.0692792 -0.134718 0.271517
v -0.286138 0.130088 -0.0587183
v -0.044038 0.146495 -0.374361
v -0.172015 -0.455377 -0.0936782
v 0.271762 0.0033551 0.0367175
v -0.191452 -0.429128 -0.160416
v -0.265546 0.186742 0.0507638
v -0.0314972 0.14623 -0.375159
v 0.0469319 -0.142064 0.219979
v -0.240218 -0.11085 0.0182047
v -0.0372284 0.157609 -0.374146
v -0.0428181 0.124203 -0.374637
v 0.14163 -0.344057 0.00175752
v -0.155154 -0.438168 -0.0423738
v -0.0349926 0.114159 -0.374498
v -0.172215 0.489519 0.317502
v 0.0712725 -0.145853 0.17442
v 0.0566038 -0.143641 0.176581
v -0.237292 0.227064 0.127825
v -0.23704 0.239651 0.12426
v 0.265046 -0.0567867 0.0465613
v -0.247222 0.224323 0.0966971
v 0.118041 -0.428094 -0.168609
v -0.210274 0.166946 0.178341
v 0.0917039 -0.131639 0.14515
v 0.069121 -0.116241 0.140822
v 0.0427782 0.137207 0.256018
v 0.107673 -0.120312 0.136254
v 0.130391 0.0203916 -0.280401
v 0.188125 0.0222405 -0.239767
v 0.157805 0.0187253 -0.259332
v 0.144078 -0.0243509 -0.230064
v -0.208748 0.245674 -0.259145
v -0.0303441 0.12594 -0.375792
v -0.155281 0.415203 0.299355
v -0.0632872 0.0970721 -0.367166
v -0.0511696 0.0999832 -0.370136
v -0.0601846 0.109655 -0.370806
v -0.290048 0.224698 -0.12432
v 0.193384 -0.304658 -0.139571
v -0.0366238 -0.441206 -0.137372
v -0.098849 -0.0158075 -0.271853
v -0.171638 0.173449 -0.31617
v 0.217455 0.0014205 -0.188079
v 0.0285234 -0.0580998 0.172757
v 0.0535556 -0.0690185 0.151209
v 0.190227 -0.398714 -0.102424
v 0.190956 -0.375321 -0.112491
v 0.177175 -0.293693 -0.0723533
v 0.177507 -0.284898 -0.0790922
v -0.162236 0.177976 -0.324247
v 0.0349894 -0.0855959 0.144336
v -0.223773 0.1575 -0.263151
v 0.0127863 -0.0386752 0.231543
v -0.160814 -0.16915 -0.120147
v -0.218756 0.147162 -0.269833
v -0.214978 0.159982 -0.272827
v -0.075418 0.162101 0.174158
v 0.00151602 -0.0390259 0.272236
v -0.148728 -0.0691174 -0.179319
v 0.00823119 -0.0379612 0.282698
v 0.0714661 0.336999 -0.316339
v 0.0909594 -0.28922 -0.274228
v 0.0947554 -0.313353 -0.284502
v 0.273327 0.120779 0.0417936
v 0.263793 -0.0618018 0.0115509
v 0.0916324 0.0270489 0.299508
v 0.106278 -0.44249 0.015363
v 0.251973 0.0605065 0.142471
v 0.131905 -0.297645 -0.254801
v -0.174899 -0.0877985 -0.124871
v 0.139534 -0.246945 -0.211861
v 0.156344 -0.248405 -0.0118942
v 0.191 -0.356497 -0.243492
v 0.153473 -0.277032 -0.220203
v 0.167206 -0.361304 -0.271039
v 0.199773 0.231567 -0.273028
v 0.180655 -0.350843 -0.0766983
v 0.194627 -0.344183 -0.228256
v -0.0288479 0.0163369 0.290407
v -0.193254 0.119818 -0.297492
v -0.18468 0.128209 -0.30657
v -0.175326 0.147011 -0.315524
v -0.289756 0.219085 -0.0741995
v -0.220105 0.287785 0.143973
v 0.087318 -0.374714 -0.307127
v -0.167426 0.139139 -0.322639
v -0.157304 0.12088 -0.328754
v -0.217888 -0.033618 0.138606
v 0.0186607 -0.266548 -0.28429
v -0.171462 0.224154 -0.304767
v -0.0312511 0.0256656 0.297106
v 0.0428665 -0.274355 -0.283715
v 0.042399 -0.364852 -0.31662
v -0.144569 -0.0808664 -0.170763
v -0.0601422 0.0165447 0.270482
v -0.176732 -0.0776313 -0.134909
v -0.183372 0.203221 -0.298413
v 0.0534189 0.0510112 -0.343007
v -0.187408 0.026959 -0.247101
v -0.0700991 -0.216842 0.0921116
v -0.171637 0.0369877 -0.267774
v -0.0858014 -0.215726 0.0856016
v -0.185791 0.189439 -0.299228
v -0.152256 0.0514019 -0.293566
v -0.125484 -0.0401912 -0.232314
v -0.0829263 -0.160698 0.26393
v 0.161075 0.467229 0.344363
v -0.131743 -0.0276393 -0.239064
v -0.145109 0.214246 -0.330392
v -0.145796 -0.107586 0.237518
v -0.134872 -0.126283 0.242734
v -0.187218 -0.359813 -0.126218
v -0.152365 0.21902 -0.3233
v -0.19898 0.156233 -0.290614
v -0.103461 -0.0674487 0.235463
v 0.0392125 -0.252219 -0.275623
v -0.114295 -0.119744 0.24116
v -0.11327 -0.0267014 -0.252782
v -0.00904976 -0.238443 0.108747
v -0.199943 0.142774 -0.290518
v 0.15854 -0.359923 -0.0267354
v -0.127115 -0.20056 0.0775033
v -0.120153 -0.114531 0.235018
v -0.191377 0.0950002 -0.293392
v -0.187963 0.105972 -0.300188
v -0.109207 0.440416 -0.138267
v 0.139024 -0.365549 0.00248266
v 0.148702 -0.406111 -0.0161449
v 0.155821 -0.338309 -0.0201095
v 0.0889894 -0.0545041 0.252097
v -0.141979 -0.237145 0.172048
v -0.126857 -0.108291 0.238646
v -0.0834405 -0.329927 0.0476087
v 0.170691 0.472581 0.348399
v 0.269312 0.00644738 -0.0100442
v -0.178502 -0.364833 -0.2645
v -0.103413 -0.281299 0.0489894
v -0.101119 -0.276118 -0.262624
v -0.177899 -0.248044 -0.1171
v 0.255576 0.0247583 0.117833
v -0.117613 -0.32553 -0.280077
v -0.0589604 -0.271716 -0.278681
v -0.0366656 -0.327424 0.0533608
v -0.0278954 -0.275554 0.0695955
v -0.0419993 -0.410402 0.03161
v -0.00382049 -0.405889 0.0350686
v -0.0803916 -0.415048 0.0276915
v 0.0375764 0.0988937 0.31985
v 0.0137202 -0.253419 -0.279998
v -0.114632 -0.354167 -0.297298
v 0.106011 0.442748 -0.0135179
v -0.0842804 -0.223842 0.223255
v -0.212528 0.222795 -0.261874
v -0.225639 0.209389 -0.249942
v -0.215339 -0.365569 -0.188753
v 0.272732 0.0495307 -0.126138
v -0.0877868 -0.171937 0.255904
v -0.171835 -0.276868 -0.198611
v -0.226681 0.188401 -0.253794
v -0.217541 0.189883 -0.264212
v 0.17578 0.477544 0.332181
v 0.0931507 -0.453148 -0.102738
v -0.0965235 0.0984861 -0.357193
v -0.268099 0.199254 0.0384045
v -0.0880904 0.0783088 -0.350301
v -0.280117 0.0712567 -0.128376
v 0.0489035 -0.143233 0.285422
v 0.03032 -0.35149 0.0479581
v 0.0333723 -0.325012 0.0547244
v 0.0660751 -0.128263 0.266001
v 0.0311454 -0.338534 0.0513171
v 0.0669768 -0.340179 0.0489558
v 0.0801664 0.340666 -0.309547
v 0.0729485 -0.436431 0.0232042
v 0.119129 -0.462873 0.00406775
v 0.246103 -0.00833309 -0.123249
v 0.122076 -0.130653 0.220917
v -0.100976 0.0606898 -0.33133
v -0.1853 -0.346878 -0.122072
v -0.094923 0.069205 -0.340829
v -0.107711 0.0720941 -0.336346
v 0.0932445 -0.147768 0.187802
v -0.1954 -0.371399 -0.149596
v -0.123206 0.107429 -0.346515
v 0.0976499 -0.138545 0.151518
v 0.18937 -0.374239 -0.259677
v 0.115775 -0.144226 0.192969
v -0.126381 -0.084021 0.125339
v -0.088333 -0.147728 0.193534
v -0.114709 0.103046 -0.350052
v 0.105083 -0.143653 0.160777
v 0.117556 -0.140985 0.159621
v -0.190859 -0.364399 -0.138638
v -0.137898 0.0952847 -0.333113
v -0.177903 -0.270673 -0.113274
v -0.172269 -0.232829 -0.100879
v -0.175942 -0.258267 -0.108743
v -0.14732 0.0968909 -0.327773
v -0.165292 0.0772754 -0.304134
v 0.146832 -0.253945 -0.209234
v -0.186554 -0.413059 -0.110618
v 0.14458 -0.331138 -0.00117379
v 0.248377 -0.000457267 -0.130354
v -0.177491 -0.324253 -0.094426
v 0.0427749 -0.139718 0.171575
v 0.0124516 -0.37057 0.0440338
v 0.157728 -0.116471 0.161937
v 0.0149166 -0.392858 0.0380674
v 0.161451 -0.111393 0.186386
v -0.178472 0.104446 -0.308081
v 0.165306 -0.0815321 0.177012
v -0.167401 -0.342636 -0.0603884
v 0.1576 -0.0795489 0.18843
v 0.274608 0.0485592 -0.105783
v 0.0617884 -0.458548 0.0180016
v 0.137763 -0.0743597 0.131064
v 0.0613671 -0.481054 0.0127465
v 0.14867 -0.072378 0.138908
v 0.0499759 -0.440222 0.0234277
v -0.168963 0.10193 -0.314782
v -0.285497 0.248811 -0.12436
v 0.253692 -0.0646692 0.077232
v 0.171776 -0.0908155 0.176928
v 0.264624 0.0141416 -0.0471983
v -0.158042 -0.447867 -0.0474714
v -0.169884 -0.449643 -0.073181
v -0.16438 -0.448524 -0.0599221
v 0.185836 -0.308504 -0.118785
v 0.171443 -0.086451 0.166048
v -0.176554 -0.0512316 -0.17072
v 0.102817 -0.214309 -0.226653
v -0.133965 0.0639991 -0.314732
v 0.0945815 -0.207494 -0.229401
v 0.0716799 -0.202852 -0.242784
v -0.120328 0.0574593 -0.317939
v -0.131767 0.0759289 -0.324906
v 0.192961 -0.390795 -0.116452
v -0.184857 0.0711747 -0.285121
v 0.159003 -0.0930936 0.132657
v -0.174557 0.0749638 -0.295866
v -0.194112 0.0841992 -0.285658
v 0.158511 -0.110864 0.147681
v 0.167362 -0.106777 0.15882
v 0.152979 -0.10505 0.135303
v -0.142965 -0.292856 -0.00661975
v 0.0385579 0.130683 0.27568
v -0.116725 0.0293733 -0.297825
v 0.108358 -0.0596403 0.201844
v 0.0586707 -0.0480836 0.233772
v 0.170894 -0.335966 -0.0524447
v -0.135176 -0.46434 -0.0177561
v 0.123084 -0.0653432 0.206165
v -0.126109 0.03375 -0.29551
v -0.204434 -0.418254 -0.174629
v 0.053275 -0.0465312 0.207083
v -0.273787 0.113226 -0.184812
v 0.0883409 -0.0559426 0.227962
v 0.0596292 0.0321874 0.295226
v 0.0433259 0.0220289 0.287407
v -0.0535758 -0.377368 0.0395187
v -0.0644038 -0.400182 0.0330358
v -0.0199143 -0.457085 0.0210489
v -0.273524 0.101846 -0.18019
v -0.0123752 -0.468687 0.0188449
v -0.257935 0.115237 -0.215234
v -0.0699622 -0.473228 0.0144466
v -0.0552992 -0.472534 0.0153996
v -0.264632 0.117278 -0.204006
v 0.199123 0.122683 -0.289215
v -0.0667272 -0.0266253 0.267963
v -0.0279619 -0.0273247 0.286681
v -0.0439602 -0.340167 0.0496273
v -0.0501145 -0.350973 0.0464922
v -0.00442799 -0.328762 0.0549856
v -0.00750206 -0.351626 0.0490246
v -0.118241 0.286959 -0.321121
v -0.260592 0.104928 -0.207507
v -0.234889 0.134252 -0.251316
v -0.0595647 0.00388704 0.267512
v -0.0070868 -0.436375 0.0270562
v -0.00899703 -0.41696 0.0320219
v -0.107217 -0.354505 0.0288307
v 0.259444 0.00277908 -0.0490724
v -0.0845403 -0.363632 0.0393415
v -0.108324 -0.446928 0.00892628
v -0.228609 0.132206 -0.259162
v 0.0174732 0.0969855 0.349296
v -0.172584 0.487201 0.327198
v 0.282668 0.0814624 -0.117857
v -0.0215151 0.00809707 0.294322
v 0.180967 0.119445 -0.306724
v 0.0203794 -0.493419 0.000726841
v -0.145473 0.204607 0.227718
v -0.0456296 -0.484169 -0.0251864
v -0.229803 0.102748 -0.253181
v -0.227506 0.113519 -0.258747
v -0.0281156 0.0246835 0.306682
v 0.0336074 -0.476726 -0.0430117
v -0.234835 0.113074 -0.249225
v -0.0992347 0.0187464 0.24974
v 0.220506 -0.14367 0.12614
v -0.225769 0.0492233 -0.22922
v -0.232552 0.0623579 -0.230464
v 0.0732381 -0.45771 -0.0909273
v -0.125249 0.359282 -0.269384
v 0.0498525 -0.45857 -0.0888547
v 0.0679213 -0.272508 0.178203
v 0.106478 -0.452737 -0.10372
v -0.107723 0.0222826 0.240257
v -0.23483 0.0552999 -0.222116
v -0.0923317 -0.00783532 0.249338
v -0.268584 0.140572 -0.198639
v 0.172263 -0.153237 -0.0457637
v 0.0577358 -0.449833 -0.111634
v 0.160546 -0.0571521 0.234837
v 0.10949 -0.110175 -0.183762
v -0.141211 -0.0575639 0.23814
v -0.153414 -0.0815788 0.234728
v -0.263292 0.139563 -0.207952
v 0.0984757 -0.445621 -0.122378
v 0.0948105 -0.423443 -0.182484
v 0.0523824 -0.410318 -0.219756
v -0.0437375 -0.415723 -0.205385
v -0.272959 0.148824 -0.190157
v -0.265859 0.0571093 -0.165737
v -0.159592 -0.0681493 0.231812
v -0.262414 0.0605659 -0.177053
v -0.139229 -0.147171 0.23329
v -0.151795 -0.181227 0.204711
v -0.0121402 -0.400196 -0.246772
v -0.213703 0.293394 0.155433
v -0.102831 -0.405373 -0.232969
v -0.11046 -0.402271 -0.241253
v -0.271159 0.150775 0.0333906
v -0.0897898 -0.246409 0.205772
v -0.0989205 -0.249079 0.195402
v -0.243344 0.100842 -0.233281
v 0.169789 0.147158 -0.31794
v -0.125536 -0.242519 0.032762
v -0.115705 -0.245168 0.0447844
v -0.154426 0.281822 0.22806
v -0.14235 -0.404579 -0.0184826
v -0.148263 0.257292 0.238257
v -0.134632 -0.40042 -0.00781607
v 0.178435 0.140291 -0.310577
v -0.281082 0.128 -0.169797
v -0.145403 -0.36351 -0.0181395
v -0.216544 0.0932961 -0.267063
v -0.158803 -0.279304 -0.0405114
v -0.155696 -0.229297 -0.0262944
v -0.169408 -0.367808 -0.0652913
v -0.174659 -0.364951 -0.0784594
v -0.114872 -0.286762 0.0354796
v -0.120834 -0.290816 0.0274848
v -0.139919 -0.262164 0.00362351
v -0.208819 0.0946623 -0.276328
v 0.0351098 -0.311423 0.0582631
v 0.0414219 -0.259783 0.073855
v -0.214741 0.104487 -0.272493
v 0.156185 -0.24252 0.130166
v 0.0513859 -0.402439 0.0332696
v 0.0407679 -0.489648 0.0088
v -0.181664 -0.429641 -0.168705
v -0.123682 0.228268 -0.341328
v -0.196307 -0.0931746 -0.0836593
v -0.183355 -0.443275 -0.121475
v -0.176663 -0.39009 -0.0827994
v -0.202083 -0.0829944 -0.0901887
v -0.014012 0.404102 0.110179
v 0.282481 0.124425 -0.0172641
v -0.209047 -0.0726662 -0.0934061
v 0.263495 0.08425 0.0917471
v -0.226561 -0.0269933 -0.14217
v -0.245188 0.0688812 0.139244
v -0.161347 0.400815 0.0201072
v -0.210582 -0.052118 -0.128504
v -0.239714 0.297458 0.0587567
v -0.198424 0.386802 -0.11687
v -0.219854 -0.0478986 -0.118066
v -0.211007 -0.0589534 -0.116111
v -0.278277 0.163523 -0.00480894
v -0.080147 -0.214631 0.0920863
v 0.0240629 0.118876 0.320926
v -0.284053 0.126961 -0.0481388
v -0.0890397 -0.221667 0.0786576
v 0.0718248 -0.32015 0.0540297
v -0.24811 0.198751 0.103431
v -0.0776368 -0.222112 0.0839013
v -0.0834462 -0.232387 0.0764576
v -0.231898 -0.0279853 -0.129735
v -0.0727361 -0.267749 0.185387
v -0.247893 0.0661139 0.128207
v -0.236331 -0.00328256 -0.158959
v -0.0955584 -0.257398 0.185529
v -0.244241 0.209112 0.112082
v -0.242166 -0.00368262 -0.147284
v -0.0454046 -0.047702 0.238307
v -0.240074 -0.0290873 -0.0711707
v 0.117724 0.000265818 -0.271566
v 0.277135 0.0551849 -0.0944303
v 0.0615866 -0.235132 0.226064
v -0.224198 0.336728 0.0332886
v 0.214186 -0.354803 -0.192113
v 0.206834 -0.344037 -0.207043
v -0.226493 -0.0520974 -0.0705228
v -0.245315 -0.0142741 -0.117977
v -0.238024 -0.0253593 -0.118025
v -0.239984 -0.0181572 -0.128568
v -0.234891 -0.0405394 -0.0485156
v -0.248589 -0.0135579 -0.0804304
v -0.0229879 -0.24883 0.21994
v -0.243403 -0.022918 -0.0820613
v 0.0285683 -0.24166 0.224991
v -0.113666 -0.219735 0.208955
v -0.0609863 -0.0510841 0.214154
v -0.110815 -0.199099 0.224763
v 0.191934 -0.324838 -0.21382
v -0.0593587 -0.189847 0.24794
v -0.0731758 0.0912426 0.242142
v -0.0381021 -0.17923 0.26014
v 0.288787 0.113177 -0.0879243
v -0.00740944 -0.168274 0.278567
v 0.205392 -0.369457 -0.161027
v 0.088722 -0.0491856 -0.251012
v -0.247889 -0.0142871 -0.0929424
v 0.0216706 -0.166628 0.279772
v 0.0555899 -0.15543 0.280008
v 0.0852223 -0.147168 0.174065
v 0.182817 -0.415026 -0.0807452
v 0.114673 -0.354393 -0.296139
v -0.0910094 -0.459451 0.0143674
v 0.179699 -0.34867 -0.248833
v 0.109349 -0.1297 0.240311
v 0.126199 -0.120532 0.241357
v -0.249271 0.00559357 -0.143345
v 0.00641934 -0.337088 -0.310371
v -0.252115 0.015825 -0.150759
v 0.029849 -0.298115 -0.295124
v 0.0596034 -0.331995 -0.302918
v -0.141416 -0.0910056 -0.163046
v 0.0687518 0.0396867 -0.329355
v -0.146792 0.0331499 -0.281549
v -0.165696 -0.0090723 -0.229532
v -0.151318 -0.0253907 -0.225565
v -0.258723 0.0258897 -0.145858
v 0.174293 -0.423489 -0.0613084
v 0.133199 -0.447986 -0.00505878
v -0.210769 -0.0759065 -0.0734025
v -0.203895 -0.0848217 -0.0779453
v 0.137366 -0.0767917 0.217695
v 0.0231072 0.159739 0.272129
v -0.0979264 0.415749 0.0596284
v -0.169687 -0.418017 -0.199072
v 0.141323 -0.0730471 0.200617
v -0.0423683 -0.0463419 0.226268
v -0.190063 -0.301776 -0.194155
v -0.214644 -0.068603 -0.0827227
v -0.259203 0.0151089 -0.12537
v 0.0657342 0.0143907 0.270437
v -0.252365 0.00392207 -0.130267
v 0.0439074 0.00924156 0.280835
v 0.0596186 -0.365185 0.0426797
v -0.262408 0.0258822 -0.132994
v 0.0626898 -0.376988 0.0393892
v -0.173249 -0.0597792 -0.162484
v -0.193807 -0.0473559 -0.15691
v 0.0657771 0.0256543 0.277501
v -0.0945909 0.193273 -0.360381
v -0.221664 -0.0236253 -0.155355
v -0.180099 -0.308559 -0.112568
v -0.193955 0.393096 -0.106074
v -0.184508 -0.38107 -0.109055
v 0.0161123 -0.415028 0.0321964
v 0.0273971 -0.436384 0.0258627
v 0.0294497 -0.414704 0.0314171
v -0.236887 -0.05485 -0.0241396
v -0.164875 -0.317859 -0.0546323
v 0.285705 0.0936893 -0.09535
v -0.18033 0.262888 0.210246
v -0.136737 -0.438434 -0.0164499
v 0.0814866 0.021553 0.290532
v -0.241229 -0.0415509 -0.0276742
v -0.0573808 -0.447391 0.0211792
v -0.0144655 -0.374302 0.042751
v -0.0192604 -0.38592 0.0394293
v 0.0313085 0.0165762 0.312806
v -0.0977047 -0.379641 0.0299744
v 0.169819 0.133755 -0.317824
v -0.11499 0.0460984 -0.312336
v 0.164273 0.310471 -0.274871
v -0.0532812 -0.493444 -0.00405372
v -0.0155542 -0.483588 -0.0263641
v -0.0373499 -0.487187 -0.0186429
v 0.0738835 -0.436298 -0.147376
v -0.245912 -0.0306395 -0.0294419
v 0.0988067 -0.440753 -0.135095
v -0.120055 0.0749611 -0.331392
v 0.0296126 -0.461141 -0.0822506
v 0.201662 -0.36295 -0.235912
v -0.248133 -0.0364049 -0.0197057
v 0.0355078 0.0216028 0.300271
v 0.0339307 0.0115043 0.29053
v -0.264995 -0.00508781 0.00973907
v -0.0980858 -0.414761 -0.207931
v 0.0268537 0.0107501 0.301827
v -0.265924 0.0143856 -0.00298242
v 0.00821334 -0.00269499 0.301101
v -0.210297 0.184449 -0.274023
v 0.158084 0.13486 0.227149
v -0.0572127 -0.423894 -0.18361
v 0.0151785 -0.388578 -0.277743
v 0.00881307 -0.394124 -0.262932
v -0.145259 -0.421353 -0.190337
v -0.16978 -0.431998 -0.163049
v -0.187534 -0.402723 -0.241066
v 0.0177488 -0.018888 0.292347
v 0.00684784 -0.0107812 0.294852
v -0.176239 0.208914 0.208375
v 0.154661 0.427496 0.329723
v -0.257939 -0.0186996 -0.0122547
v -0.260976 -0.00542619 -0.0133443
v -0.260215 -0.0255399 -0.000517345
v -0.0235439 0.0163357 0.313448
v -0.116474 -0.25782 -0.243149
v -0.248242 -0.0393629 0.0797961
v -0.254274 -0.0318473 0.0679468
v -0.251531 -0.0244864 0.0787512
v -0.224764 -0.399678 -0.218212
v 0.247389 0.01705 0.136339
v -0.25601 -0.000435708 0.0760928
v 0.125095 -0.305362 -0.264165
v -0.105813 0.0276742 0.248236
v 0.198291 -0.38625 -0.143974
v 0.181631 -0.29079 -0.10524
v -0.0990364 0.0300639 0.28227
v -0.16982 0.404287 -0.0116293
v -0.258079 -0.00614619 0.0666332
v -0.108313 0.43222 0.0024159
v -0.0889048 0.0131149 0.25654
v -0.200796 0.239483 -0.270433
v 0.216105 -0.379237 -0.181451
v -0.0865583 0.016388 0.26752
v -0.102429 0.0290393 0.27004
v 0.241841 -0.0104067 -0.132968
v -0.246305 0.0442063 0.128962
v -0.187729 0.252476 0.203592
v -0.100464 0.0657352 0.250839
v 0.0396461 0.117641 0.290393
v -0.252352 0.0570138 0.1085
v -0.146081 0.40515 0.296347
v -0.116926 0.0273341 0.236605
v -0.280908 0.165213 -0.0194758
v 0.148837 -0.0324222 -0.218637
v -0.287511 0.124603 -0.0702248
v 0.151626 -0.000573405 -0.246275
v -0.17532 0.445957 0.293043
v -0.141399 0.00862723 0.240275
v 0.270203 -0.00295796 0.0477183
v 0.0391952 -0.490749 -0.0111174
v -0.209419 0.127148 -0.281215
v -0.25432 0.0328586 0.0943405
v 0.179191 -0.393255 -0.0717727
v 0.191919 -0.355182 -0.128156
v 0.191413 -0.36572 -0.120801
v 0.166666 -0.234702 0.130322
v -0.239753 0.059058 0.15939
v -0.223912 -0.150253 0.0922633
v 0.162485 -0.246173 -0.181864
v -0.180231 -0.063017 0.206399
v -0.174958 -0.0740333 0.216152
v 0.148302 0.148886 -0.334916
v 0.17228 0.348308 0.208352
v 0.0155275 -0.323848 -0.305428
v 0.0402698 -0.0129211 -0.299463
v -0.126647 -0.0885068 -0.184207
v -0.242842 0.0580587 0.147186
v -0.159851 -0.220059 0.167295
v -0.155974 -0.204787 0.186365
v -0.171446 -0.201536 0.169033
v -0.0695296 -0.446186 -0.12422
v 0.258296 0.00806718 -0.10398
v -0.181976 -0.204199 0.143283
v -0.124965 -0.0217432 -0.249015
v -0.14146 -0.00638492 -0.250921
v -0.149461 -0.236037 0.161005
v -0.0877474 -0.398881 -0.25024
v 0.168162 -0.419981 -0.0495879
v 0.166876 0.425279 0.327405
v -0.157036 -0.232174 0.151391
v -0.122194 -0.0701666 0.190189
v -0.104994 -0.25984 0.166813
v 0.132048 -0.428238 -0.000347544
v 0.1433 -0.30703 0.0035971
v -0.0247495 -0.281859 -0.29039
v -0.151426 -0.228288 0.170663
v -0.132897 -0.2366 0.182685
v -0.209825 0.0636612 0.24187
v -0.110712 -0.0679372 0.210988
v -0.111592 -0.311379 -0.27578
v 0.178094 0.419109 0.308316
v 0.206801 -0.0786943 -0.0850216
v 0.0719578 -0.400196 -0.246739
v -0.0226799 -0.225182 -0.268951
v -0.211793 0.0769613 0.239402
v 0.115505 -0.316776 0.035911
v -0.148702 -0.198546 0.00280178
v 0.170429 0.375014 0.264699
v -0.169793 -0.273337 -0.0772762
v 0.268498 -0.0417341 0.0137936
v -0.176545 -0.302357 -0.0988872
v -0.168162 0.481458 0.299976
v 0.274124 0.0333359 -0.00247152
v -0.237749 0.0499242 0.164794
v -0.144991 -0.236739 -3.55535e-05
v -0.172087 -0.255872 -0.0947396
v 0.0435948 -0.41493 0.0304578
v 0.0480995 -0.480546 0.0137078
v 0.0154605 -0.43544 0.0268782
v -0.16114 -0.308123 -0.0455243
v 0.269315 0.0266927 -0.0445363
v -0.118524 -0.446172 0.00126619
v -0.182532 -0.347082 -0.109262
v -0.1647 -0.231246 -0.0535731
v -0.23401 0.0451364 0.17528
v -0.16733 -0.223465 -0.07594
v -0.0362253 0.314038 0.226392
v -0.171149 -0.242407 -0.0942931
v 0.270051 -0.0354689 0.0374957
v -0.120203 -0.478936 -0.0398576
v 0.219692 0.0016275 0.183152
v -0.080466 -0.469265 -0.0617694
v -0.282761 0.143027 -0.167573
v 0.0329321 0.138504 0.280331
v -0.0724937 -0.459487 -0.0879459
v -0.0818467 -0.456207 -0.0972522
v 0.172473 -0.095166 0.15552
v 0.125767 -0.258117 0.0395865
v 0.0196424 0.155446 0.280773
v 0.18547 0.437918 0.29973
v 0.129964 -0.387772 0.00909024
v -0.213008 0.248787 0.170445
v -0.114913 -0.450984 -0.111384
v -0.129044 -0.452845 -0.106452
v 0.0965152 -0.293536 0.0546748
v -0.166953 0.0772746 0.269094
v 0.00837295 0.157746 0.284123
v -0.179633 -0.448329 -0.0970229
v -0.0469335 -0.219575 0.0941293
v -0.0559292 0.265487 0.259412
v 0.21533 -0.411991 -0.185041
v -0.210101 0.262562 0.172722
v -0.0200258 -0.428277 -0.171946
v -0.146066 0.419694 -0.0143395
v 0.0381964 -0.435004 -0.152264
v -0.153655 0.0773765 0.268227
v 0.0412 -0.236316 0.0817352
v 0.236151 -0.0118531 -0.144357
v 0.0653388 0.119189 0.233734
v 0.143886 -0.414772 -0.204882
v -0.0401861 -0.402488 -0.240647
v -0.104149 0.0097663 0.239969
v -0.23676 -0.0222664 0.10933
v -0.108084 -0.202968 -0.216123
v -0.0838107 -0.251519 0.114178
v -0.0633382 -0.231411 0.106856
v -0.23133 0.308987 0.073707
v -0.261575 0.246546 0.0348487
v 0.16844 -0.0925435 0.142557
v -0.237872 0.277826 0.0939983
v 0.0524295 0.252663 -0.356583
v -0.083335 -0.37917 0.0357581
v 0.285499 0.0967193 -0.0732077
v 0.282524 0.0876174 -0.130106
v 0.00067395 -0.279395 0.0698798
v -0.121688 -0.256862 0.15197
v -0.246512 0.162799 0.121935
v 0.219916 -0.374279 -0.207231
v 0.126648 -0.0412723 -0.228863
v 0.185495 -0.295128 -0.119978
v -0.128289 0.436631 -0.0590762
v 0.170506 -0.321387 -0.0514312
v 0.0413995 -0.268936 0.199562
v 0.0199162 -0.274917 0.189803
v -0.0654212 0.456775 -0.0317522
v 0.219266 -0.383196 -0.227454
v 0.0272567 -0.278156 0.177461
v 0.0293326 -0.280075 0.152711
v 0.0183485 -0.280712 0.151167
v 0.196019 -0.401853 -0.127463
v -0.00129016 -0.280362 0.145057
v 0.154344 -0.245475 -0.19282
v -0.00789341 -0.279898 0.17257
v -0.22549 0.326785 0.0563162
v -0.221801 0.328187 0.068591
v -0.0593546 -0.273077 0.14924
v 0.0221955 -0.260582 0.211232
v 0.0502318 -0.261805 0.208411
v -0.0198637 -0.277817 0.180289
v 0.0489011 -0.277167 0.165934
v -0.223518 0.356158 -0.0218956
v 0.00466714 0.277322 -0.353635
v -0.072841 -0.0647712 0.15247
v 0.092593 -0.215655 0.227225
v 0.0972315 -0.239008 0.212413
v 0.100818 -0.371801 -0.306029
v 0.0476135 -0.262676 -0.277963
v -0.139161 -0.0685092 -0.191522
v 0.182339 0.453824 0.340412
v -0.119451 0.397744 0.0879024
v 0.0534376 0.0613627 -0.35053
v -0.157614 0.102235 0.26092
v 0.0110958 0.223144 -0.365832
v -0.173161 0.398534 0.00149573
v 0.0828822 -0.153216 0.271342
v 0.186752 0.464782 0.334395
v 0.223706 -0.060115 -0.064149
v -0.0894725 0.45224 -0.0908323
v 0.0693965 -0.404775 -0.234523
v 0.125142 -0.175789 0.23533
v 0.136646 -0.200257 0.212389
v -0.171539 0.10635 0.257452
v 0.165995 -0.329232 -0.0411942
v 0.0660817 0.146621 0.212642
v 0.175455 0.449444 0.286323
v 0.147515 0.129531 -0.334233
v 0.144505 -0.0912579 0.225786
v -0.0328759 -0.35478 -0.317128
v -0.174686 -0.380352 -0.276322
v -0.0347984 -0.224498 -0.266543
v 0.173258 0.4032 0.233984
v 0.126235 -0.313319 0.0259666
v 0.0721283 0.395289 -0.26816
v -0.196605 0.22832 0.193306
v 0.130327 -0.0727444 0.23662
v 0.281566 0.0748109 -0.0832466
v -0.164103 0.123638 0.240676
v 0.0164919 -0.345036 0.0504886
v 0.146698 0.078526 -0.31568
v -0.151224 -0.44696 -0.0362551
v 0.137561 -0.0798466 0.234066
v 0.0830309 -0.079046 -0.231768
v 0.060254 0.454997 -0.156482
v 0.144576 -0.101646 0.22608
v -0.0719717 -0.0555354 0.24215
v 0.0638581 -0.490241 -0.0122657
v 0.0984281 0.370767 -0.277764
v 0.0105158 -0.481534 -0.0314032
v -0.253774 0.20535 0.0827813
v 0.0600645 -0.465546 -0.0706076
v 0.0721789 -0.473752 -0.0502808
v 0.0997541 -0.435335 -0.149414
v 0.183887 -0.414607 -0.204588
v 0.0755431 -0.418707 -0.196536
v 0.0260463 -0.0417686 -0.282052
v 0.203556 0.301587 -0.240324
v 0.211624 0.359085 -0.175223
v 0.256021 -0.047192 -0.00853862
v 0.035842 -0.000780354 0.28551
v -0.152817 0.0581386 0.264251
v 0.23451 0.19382 -0.241266
v 0.00439399 -0.41232 -0.214475
v 0.032054 -0.406619 -0.229662
v 0.0765613 0.0192223 0.273459
v -0.0317715 -0.133062 0.284925
v 0.0498817 0.134106 0.243538
v -0.121152 -0.400783 -0.245209
v 0.0756372 0.0248854 0.283592
v 0.0588491 -0.493124 -0.00191463
v -0.132884 -0.403585 -0.237723
v 0.0846843 0.018658 0.281962
v 0.0101707 0.470928 -0.0692863
v 0.0297935 0.00903344 0.324252
v 0.0493966 0.0240499 0.321157
v 0.129509 0.0565858 0.248378
v -0.183395 -0.419837 -0.194927
v -0.205987 0.085851 0.246228
v 0.0300283 -0.0202687 0.289464
v -0.166844 0.162974 0.171471
v -0.0794583 0.376824 0.171508
v 0.289895 0.142964 -0.0630345
v 0.0385556 -0.43086 -0.163899
v 0.0269633 -0.384372 -0.289601
v 0.276086 0.0509811 -0.0192042
v 0.289684 0.117349 -0.0989444
v 0.266684 0.0222382 -0.0573161
v 0.0259169 0.0017913 0.29335
v -0.268959 0.118379 0.0403494
v 0.259154 0.127689 0.100431
v 0.27857 0.135645 0.00997643
v -0.155542 0.157712 0.169896
v 0.261712 0.0103033 -0.0586764
v 0.121231 -0.0518637 -0.223829
v 0.260704 0.0604704 0.10537
v -0.157888 0.395321 0.0468238
v 0.279363 0.0990569 -0.00366294
v -0.149069 0.145266 0.199456
v -0.245754 0.320466 -0.0220355
v -0.136273 0.143033 0.199352
v 0.273157 0.10568 0.04054
v -0.183468 0.401298 -0.109361
v -0.08318 0.0306545 0.300846
v -0.251668 0.295637 0.00970541
v -0.281175 0.150503 -0.0247144
v -0.0610239 0.0311683 0.305585
v 0.0422756 0.0548693 -0.348614
v -0.285296 0.169406 -0.0439164
v -0.28021 0.115227 -0.0298031
v -0.116815 0.0478118 0.241331
v -0.173058 -0.44857 -0.117659
v 0.27183 0.113916 0.0507978
v 0.18498 -0.378053 -0.087648
v 0.180716 -0.310233 -0.0853309
v -0.111778 0.0422 0.244838
v 0.242331 0.0494984 0.174345
v 0.185159 -0.31752 -0.111567
v 0.244836 0.0511977 -0.197016
v 0.134325 -0.348781 -0.283469
v -0.23813 0.196761 0.135108
v 0.18532 -0.325832 -0.224109
v 0.234528 0.0802754 -0.233206
v -0.107055 0.0571778 0.248429
v -0.0709184 0.37443 0.20769
v -0.0787915 0.379213 0.185124
v 0.287563 0.204418 -0.145398
v -0.230465 0.21047 0.14766
v 0.0700293 -0.328263 -0.299202
v -0.0767376 0.401427 0.10322
v 0.173692 -0.260287 -0.0677126
v 0.229087 -0.0468149 -0.0893792
v -0.247245 0.327096 -0.0463041
v -0.0386979 0.435999 0.0523804
v 0.136929 0.139779 -0.342339
v 0.0751625 0.459043 -0.0526503
v -0.186414 0.314146 0.188574
v -0.0351223 0.454915 0.00175662
v -0.150514 0.0235117 -0.2706
v -0.14765 -0.0114511 -0.242013
v -0.270391 0.127979 0.0344982
v -0.101273 0.188248 0.142332
v -0.0890173 0.18579 0.144245
v 0.178044 -0.413105 -0.0690016
v 0.153792 -0.399076 -0.0230081
v 0.154288 0.452742 0.282579
v 0.16366 -0.427748 -0.0424997
v -0.221909 -0.381847 -0.203348
v -0.0787589 -0.383505 -0.29307
v 0.17467 0.457775 0.295378
v -0.0616567 -0.283118 -0.282507
v -0.0484201 -0.299271 -0.293281
v 0.101056 0.441899 -0.162649
v 0.128964 0.441904 -0.0894941
v -0.120565 0.0623997 0.245502
v 0.14655 0.407279 -0.194647
v 0.0729824 -0.358975 0.0436771
v 0.234476 0.356643 -0.0341166
v 0.0937384 -0.360083 0.0400125
v 0.123298 -0.41012 0.0113186
v 0.122963 -0.429445 0.00766912
v 0.266532 0.20913 0.0387042
v 0.278586 0.265233 -0.0463542
v 0.291662 0.214676 -0.0757888
v 0.134559 -0.418132 -0.195827
v -0.207601 -0.0178675 0.169085
v 0.212667 0.119165 -0.27367
v -0.20165 -0.0520617 0.163538
v 0.262401 0.197 0.0583573
v 0.25542 0.130708 0.113213
v -0.114382 0.142259 0.193986
v -0.197063 -0.105116 0.163348
v -0.11233 0.139789 0.206793
v 0.249573 0.123093 0.135265
v 0.143995 0.411662 0.215841
v 0.187517 -0.270631 -0.135059
v -0.168085 -0.160623 0.201318
v -0.205218 -0.15607 0.135873
v -0.281162 0.0708206 -0.115763
v -0.193502 -0.173866 0.151829
v 0.244488 -0.038258 0.104557
v 0.0603054 -0.437907 0.0234246
v -0.217351 -0.141598 0.115596
v -0.153991 0.378844 0.131175
v -0.191009 -0.129687 0.173564
v -0.179598 -0.191857 0.164526
v -0.175122 -0.449523 -0.0854659
v -0.148232 -0.205598 0.082678
v 0.244954 0.0118747 -0.157453
v 0.058301 0.257541 0.262495
v -0.211789 -0.128851 0.0131012
v -0.222001 -0.120412 0.0100061
v -0.201534 -0.130441 0.00615627
v -0.169219 -0.40309 -0.0670256
v 0.0090408 0.388921 0.132692
v -0.204749 -0.185271 0.0961197
v -0.0179601 0.428319 0.0749507
v -0.142599 0.141439 0.210168
v -0.210511 0.345369 0.0620437
v 0.0844145 0.400746 0.0998204
v -0.155572 -0.348941 -0.0349657
v -0.113798 -0.483353 -0.029339
v -0.153338 -0.323882 -0.0285432
v -0.0498972 -0.399996 0.0338309
v -0.232605 0.263234 0.127635
v 0.138071 -0.477577 -0.0189137
v -0.235391 -0.13279 0.0620797
v 0.244053 -0.118538 0.0823912
v 0.0667604 0.422955 0.0692786
v -0.0393866 -0.349815 0.0474177
v -0.151823 0.2092 0.151047
v -0.256032 -0.0701895 0.0185898
v -0.204848 -0.183244 0.0817494
v -0.119937 -0.399187 0.00888108
v -0.126208 -0.409933 0.000375264
v -0.00783771 -0.48737 -0.0181327
v -0.087323 -0.484253 -0.0257286
v -0.108625 -0.487155 -0.0203539
v -0.000904625 -0.435455 -0.152419
v -0.0852549 0.0846936 0.240371
v 0.223937 -0.393871 -0.221996
v 0.0178468 0.399314 0.117296
v 0.284312 0.0929777 -0.060323
v -0.140897 0.207025 0.144685
v -0.172153 -0.176562 0.0516729
v -0.158763 -0.180258 0.0507294
v -0.183236 -0.157822 0.0299565
v 0.200629 0.376915 0.015986
v -0.185007 -0.147217 0.0125464
v 0.0765578 -0.445369 -0.123163
v 0.0139596 -0.448599 -0.115365
v -0.169156 -0.195562 -0.110243
v 0.223676 0.348077 0.0141228
v -0.183614 -0.324756 -0.227092
v 0.0377083 -0.444004 -0.127291
v -0.152965 -0.211204 -0.169118
v -0.165194 -0.248909 -0.182505
v -0.161337 -0.218811 -0.162262
v -0.149141 -0.199106 -0.164796
v 0.233563 0.304292 0.0459035
v 0.209476 -0.363008 -0.223472
v -0.168347 -0.212249 -0.141691
v -0.171541 -0.222098 -0.143952
v 0.0766405 -0.469837 -0.0598111
v 0.0480708 -0.465057 -0.0719171
v -0.04762 -0.127612 0.271431
v 0.175725 -0.406911 -0.22591
v -0.0605831 -0.0642188 0.154901
v 0.0492145 -0.432604 -0.158561
v -0.197049 0.383475 -0.0131302
v 0.0498052 -0.437031 -0.146127
v 0.0962293 -0.395967 -0.257939
v 0.0258095 -0.41347 -0.211385
v 0.0225097 -0.421916 -0.188843
v 0.0666748 -0.416991 -0.201604
v 0.0313004 -0.424514 -0.18174
v -0.167236 -0.159811 -0.0311865
v 0.253726 0.278075 0.0252626
v -0.161842 -0.175175 -0.0270088
v 0.208982 0.302597 0.110406
v -0.00771947 -0.394422 -0.262137
v -0.178611 -0.147763 -0.00816023
v 0.20761 0.0952336 -0.274299
v 0.23824 -0.000976934 -0.154811
v -0.228744 0.183902 0.154724
v -0.0266627 -0.176344 -0.252664
v 0.22899 0.263885 0.104004
v 0.163125 -0.234879 -0.170488
v -0.124414 -0.386553 0.00633808
v -0.0483234 -0.195012 -0.252007
v -0.0325524 -0.15129 -0.243365
v -0.0660565 -0.412158 -0.214871
v -0.139756 -0.375628 -0.0110663
v 0.257511 0.198389 0.0722464
v -0.0572939 -0.23634 -0.264837
v -0.0742104 -0.197591 -0.240455
v 0.215183 -0.0560098 -0.112082
v -0.0802122 -0.18035 -0.228828
v 0.162883 0.111478 -0.320045
v -0.126803 -0.337501 -0.281574
v 0.129778 0.434528 0.304499
v -0.104235 -0.212557 -0.225163
v -0.177085 -0.329049 -0.238385
v 0.0709242 0.262173 0.26128
v -0.178692 -0.0680921 -0.144903
v -0.256093 0.00265244 -0.109219
v -0.144293 -0.187176 -0.16289
v -0.141859 -0.193737 -0.171375
v -0.260998 0.0136446 -0.112837
v -0.012181 -0.301446 -0.297475
v 0.0920459 0.316811 0.24051
v 0.202857 0.336421 0.0703179
v -0.151389 0.212821 0.161671
v -0.15143 -0.342532 -0.270409
v -0.143942 -0.375887 -0.290439
v -0.116246 -0.236667 -0.23029
v -0.14599 -0.283311 -0.233935
v 0.0333007 0.111085 0.314535
v -0.200878 0.365329 0.035497
v -0.128318 -0.200682 -0.193474
v -0.1416 -0.23852 -0.206174
v 0.0198654 -0.406819 -0.229142
v 0.264968 0.105793 -0.193258
v -0.157476 0.209753 0.171241
v 0.159105 -0.389341 -0.0306658
v 0.201186 -0.392042 -0.251893
v 0.152514 -0.386287 -0.0195946
v 0.175402 -0.388308 -0.0626534
v 0.159822 -0.314849 -0.0269101
v -0.15082 0.201808 0.143369
v 0.158862 -0.283699 -0.0211227
v 0.150019 -0.281878 -0.0029222
v 0.164246 -0.297111 -0.224493
v 0.155207 0.303678 0.220218
v 0.134584 -0.272803 0.0236274
v -0.0944727 -0.37162 -0.306784
v -0.131937 -0.408814 -0.22382
v 0.0884814 0.343503 0.242702
v 0.080652 0.101232 -0.363648
v -0.283451 0.0815749 -0.121589
v -0.155443 -0.396313 -0.257711
v 0.127549 0.422122 0.303914
v 0.112111 0.415848 0.246451
v 0.288182 0.126729 -0.131585
v -0.152565 0.209098 0.184865
v -0.262208 0.166205 0.0665598
v 0.0877376 -0.258536 0.0694082
v 0.0235713 -0.379478 -0.303572
v -0.123815 0.448744 0.300274
v 0.144894 0.442454 0.266669
v 0.158008 0.336965 0.235758
v 0.10376 -0.412807 -0.211995
v 0.119968 0.410202 0.21775
v 0.0883054 -0.242525 0.0743072
v 0.121926 0.0328099 0.242408
v 0.246228 0.208311 0.0992209
v -0.0359218 0.165371 0.235394
v 0.0951832 -0.227981 0.0765373
v 0.0375746 -0.23681 0.109032
v -0.0824935 0.194042 0.230319
v 0.0338426 -0.260339 0.115362
v 0.102968 0.392852 0.196374
v -0.216091 -0.411933 -0.195689
v -0.208463 -0.406016 -0.231386
v 0.273397 0.198123 0.0201209
v -0.0622538 0.186797 0.164825
v 0.0098855 -0.270774 0.12162
v 0.0477259 -0.429134 -0.168382
v 0.20476 0.114849 -0.28215
v 0.0555304 -0.262489 0.117506
v 0.28064 0.14132 -0.00243298
v 0.283237 0.160455 -0.017628
v 0.138711 -0.354552 0.00458858
v 0.182045 -0.104591 0.21501
v 0.280553 0.200319 -0.0107952
v 0.281266 0.169821 -0.00627936
v 0.0792085 -0.339157 0.0483073
v -0.0594756 0.191306 0.189965
v 0.237925 0.0372069 0.181049
v 0.188711 -0.428525 -0.166681
v 0.102068 -0.203399 0.231145
v -0.172465 -0.339341 -0.0740392
v -0.264341 0.152829 0.0608457
v -0.126471 0.0317161 0.24001
v 0.152847 -0.08492 0.23885
v 0.260431 0.085483 0.104607
v 0.095118 -0.491193 -0.0014547
v 0.157298 0.469035 0.333362
v 0.273253 0.0468472 0.03122
v 0.27234 0.0586115 0.0396856
v 0.139365 -0.0743986 0.240389
v -0.180609 0.334357 0.18357
v 0.15551 0.466604 0.319507
v 0.148625 0.459808 0.308272
v 0.147626 -0.109505 0.240924
v 0.171661 -0.119582 0.225878
v 0.161859 -0.125068 0.23275
v 0.166457 -0.175732 0.203005
v 0.145529 -0.142619 0.238462
v 0.140675 -0.130407 0.246075
v -0.0210504 -0.411082 -0.217764
v -0.0185368 -0.444818 -0.126956
v 0.0676629 0.000852311 0.267627
v -0.171474 0.395924 0.0146724
v 0.0699697 -0.0298882 0.272361
v 0.232616 -0.0290045 -0.123899
v 0.0972947 0.00562025 0.251761
v -0.253763 0.169373 0.0955167
v -0.0789051 -0.0565841 0.224544
v -0.122776 -0.073757 0.205378
v 0.106857 0.0026506 0.244388
v -0.128691 0.415909 0.0266618
v -0.0427928 -0.0475709 0.199908
v -0.234597 0.32814 0.00984528
v -0.0465465 -0.0509337 0.18669
v -0.269541 0.0323312 -0.0951379
v -0.236552 0.298863 0.0701143
v 0.293015 0.161489 -0.0899298
v -0.220236 0.167811 0.16972
v -0.253967 0.230357 0.0720521
v -0.26073 0.0908325 0.076938
v -0.266255 0.221218 0.0338726
v -0.0356601 -0.465029 -0.0725143
v 0.169024 -0.231005 0.142722
v -0.0709715 0.337616 0.233075
v 0.0422336 -0.137494 0.236337
v 0.29294 0.172225 -0.118478
v 0.0179839 0.00213829 0.30258
v 0.0706303 -0.10241 0.136018
v 0.0220827 0.00673707 0.313427
v -0.12322 0.444233 0.254371
v 0.129604 0.439534 0.29523
v -0.0373154 -0.126617 0.276958
v -0.0243366 0.00664006 0.342066
v -0.273858 0.110225 0.00631577
v 0.0598929 -0.122862 -0.224923
v 0.0559851 -0.0606113 0.162873
v 0.252246 -0.026642 -0.0272776
v -0.27595 0.162662 0.00787498
v -0.0475392 0.0283973 0.324585
v -0.0855691 -0.278265 0.0612183
v -0.00919335 0.33075 -0.334895
v -0.28798 0.138873 -0.0664756
v -0.0943514 0.0633202 0.278095
v 0.145296 0.452457 0.288977
v -0.244457 0.198475 0.115511
v 0.125195 0.218657 0.176746
v 0.0902831 0.21211 0.195088
v 0.0342285 -0.274261 0.189288
v -0.162113 0.475475 0.289412
v 0.245752 0.172064 0.122441
v -0.104207 -0.301347 0.0428281
v -0.107956 -0.289664 0.0423963
v -0.254137 0.217352 0.0770534
v -0.246956 0.236273 0.0929696
v -0.123746 -0.434692 -0.00136674
v -0.114712 -0.38848 0.0158004
v -0.026582 -0.318812 0.0562837
v -0.0364798 -0.266387 0.0719811
v 0.124774 -0.0188025 -0.250654
v 0.0984281 0.206597 0.219233
v -0.0252291 -0.430047 0.0276243
v -0.00117925 -0.372029 0.0439023
v -0.078808 -0.43697 0.0223075
v 0.179708 -0.0931879 0.220412
v 0.167677 0.0163038 -0.25015
v 0.159228 0.029601 -0.26827
v 0.0855641 -0.0537662 0.188064
v -0.214785 0.26852 -0.242756
v 0.100809 0.211179 0.208288
v -0.0637925 0.164371 0.188269
v 0.275673 0.0609237 -0.12977
v -0.0638651 0.154579 0.200469
v 0.050942 -0.0467381 0.245657
v -0.0744413 0.139129 0.213545
v -0.0936073 0.133747 0.220742
v 0.198128 -0.310212 -0.184766
v 0.128283 0.328988 -0.290222
v -0.0902249 0.144748 0.19734
v 0.184265 -0.271188 -0.169005
v -0.0911875 0.157544 0.165657
v -0.102804 0.145183 0.187157
v 0.209693 -0.381134 -0.168935
v -0.0567587 0.179145 0.191083
v -0.0814302 0.11152 0.231469
v -0.0768932 0.184217 0.148187
v 0.0655123 0.18693 0.224868
v 0.271222 0.0759868 -0.161061
v 0.0742433 0.189162 0.235082
v -0.0761705 -0.401587 -0.243033
v -0.124599 0.024792 -0.289085
v -0.0809229 0.166721 0.158379
v -0.132266 -0.304469 -0.25964
v -0.142029 0.0540381 -0.302107
v 0.175467 -0.327865 -0.0634801
v 0.174105 -0.297431 -0.0607087
v -0.0689805 0.173486 0.162426
v 0.179018 -0.31929 -0.0746167
v -0.228993 -0.108231 0.0992558
v 0.14409 0.157939 0.159333
v -0.0352842 -0.367329 -0.317755
v 0.0983397 0.385856 0.185824
v 0.0481767 0.189433 0.255251
v 0.189634 -0.342847 -0.122512
v 0.195786 -0.356665 -0.140992
v -0.0695446 0.203855 0.175042
v 0.0997213 -0.335641 -0.293068
v -0.0673676 0.114076 0.231547
v 0.121873 -0.44112 -0.133985
v -0.0765292 0.206978 0.166222
v -0.0556714 0.0565208 0.3144
v 0.137484 -0.309655 -0.258628
v -0.0938062 0.204259 0.150768
v 0.0651472 -0.0543414 0.174767
v 0.161413 -0.322825 -0.247099
v -0.180022 -0.142869 -0.0202207
v 0.177721 -0.287109 -0.198756
v -0.0628195 -0.353518 0.0452126
v -0.129913 0.148198 0.175528
v 0.0529547 0.1641 0.219223
v -0.00478089 -0.311811 -0.301089
v -0.144595 -0.0432739 0.235299
v -0.121165 -0.140957 0.248372
v -0.121397 -0.186955 0.225304
v 0.0333889 -0.374529 -0.312121
v 0.0535608 -0.309489 -0.295319
v -0.263794 0.0694683 0.0570852
v 0.200769 0.134014 -0.287868
v 0.0520302 0.183551 0.244901
v 0.0745983 0.199971 0.267541
v -0.165251 -0.290038 -0.219042
v -0.138573 -0.0995809 -0.156931
v 0.0620581 0.0573831 -0.345157
v 0.064978 0.0218483 -0.317055
v -0.0259242 0.0399779 0.366536
v -0.0418483 0.053443 0.338161
v -0.049242 0.0509799 0.326797
v 0.0566694 0.194953 0.262525
v -0.15458 -0.40149 -0.0380876
v -0.0373902 0.064386 0.338236
v -0.134849 0.137447 0.219443
v -0.13553 -0.044287 -0.220152
v -0.162873 -0.241631 -0.047823
v -0.0546735 -0.0497275 0.200572
v -0.158317 -0.214947 -0.0302724
v 0.00892774 -0.224604 0.102836
v 0.169661 0.179277 0.154303
v -0.163559 -0.331844 -0.0511202
v 0.0577967 0.215454 0.272057
v 0.201341 -0.0612543 0.179667
v 0.0553999 0.176891 0.220248
v -0.178108 -0.376136 -0.087599
v -0.167353 0.493627 0.322191
v -0.149561 0.12205 0.243018
v 0.141843 -0.405332 -0.00711262
v -0.285243 0.141164 -0.0513364
v 0.0104681 -0.377592 -0.308002
v 0.139441 -0.410441 -0.217226
v -0.00870702 -0.252948 -0.280439
v 0.00389932 -0.23332 -0.273386
v -0.105908 0.0734744 0.2395
v -0.200218 0.0206703 0.224712
v -0.197056 0.0301513 0.236965
v 0.0480537 -0.305478 0.0591466
v 0.00671265 -0.290126 -0.293423
v -0.172913 -0.316977 -0.233043
v -0.100127 -0.0634538 0.214375
v -0.170567 -0.333384 -0.24814
v -0.162679 0.0477807 0.262495
v 0.0307661 -0.254729 0.0761945
v -0.110199 -0.289628 -0.264654
v 0.123719 0.345325 0.263235
v -0.054153 -0.290655 -0.288025
v -0.0504783 -0.247725 -0.271632
v -0.18516 0.0440505 0.256581
v -0.0388144 -0.244543 0.0787975
v 0.243815 -0.00183863 -0.141781
v -0.219275 0.0232553 0.196999
v -0.236727 0.0393712 0.162963
v -0.046165 0.0414984 0.337266
v -0.214626 0.0426565 0.22455
v -0.225171 0.0554839 0.208305
v 0.035059 -0.376885 0.0409747
v -0.0764629 -0.298249 -0.284393
v -0.000889284 0.0408257 0.376581
v -0.247327 0.00956491 0.107407
v -0.22447 -0.0598468 0.115025
v 0.0537232 -0.489965 0.00782953
v -0.245567 -0.0287979 0.0901205
v 0.276717 0.0840666 -0.151299
v -0.252897 -0.0720513 0.0490081
v -0.0825128 -0.321884 -0.292792
v -0.0424498 0.0322702 0.346164
v -0.214078 -0.162578 0.111444
v -0.246036 -0.091679 0.0617766
v -0.252584 -0.044732 0.0665159
v -0.232849 -0.126715 0.0829551
v -0.159042 -0.395294 -0.0461789
v -0.0393913 0.0452151 0.347861
v -0.224058 -0.136982 0.101802
v -0.0983184 -0.338211 -0.295226
v -0.272154 0.276465 -0.143285
v -0.260429 0.0104842 -0.100229
v 0.196462 -0.0980994 -0.0721358
v -0.0292431 -0.223402 0.0884291
v -0.0447911 0.286384 0.245994
v -0.231101 -0.090267 -0.00789691
v -0.201704 -0.316366 -0.173704
v -0.185679 -0.265644 -0.144087
v 0.261387 -0.0799 0.0239109
v -0.221399 -0.0803931 -0.0263079
v -0.204381 -0.095613 -0.0446093
v -0.0217701 -0.231727 0.0843812
v -0.188914 -0.114248 -0.0570069
v -0.179921 -0.277575 -0.186755
v -0.0240653 0.0127964 0.356504
v -0.196456 -0.12128 -0.0197772
v -0.0339008 -0.226163 0.230546
v 0.0297857 -0.210085 0.237776
v -0.207653 -0.383864 -0.171764
v -0.0425062 -0.200509 0.23994
v -0.147191 -0.167043 -0.14415
v -0.161345 -0.19232 -0.137923
v -0.122545 -0.199956 0.21629
v -0.209373 -0.397576 -0.174217
v 0.0746907 -0.392075 0.0348516
v 0.0600366 -0.38908 0.0363322
v 0.0418435 -0.346053 0.048685
v 0.0467568 -0.31949 0.0554042
v 0.072191 -0.371502 0.0404362
v 0.0949692 -0.37096 0.0368843
v -0.164889 -0.124942 -0.0998257
v -0.171055 -0.118889 -0.0938969
v -0.257184 0.243064 -0.199494
v -0.164125 -0.137026 -0.095419
v 0.114979 -0.409004 0.0179253
v -0.00260301 0.0177259 0.370481
v -0.187346 -0.101805 -0.0888191
v -0.181194 -0.100211 -0.101648
v -0.159942 0.00554907 -0.248251
v 0.162253 0.182224 -0.321441
v -0.108814 -0.0368594 -0.247191
v -0.220586 -0.00912136 -0.175593
v -0.184323 -0.028923 -0.191059
v 0.266893 0.0505211 -0.149156
v -0.148648 -0.243212 -0.0108854
v -0.172666 -0.0155661 -0.216683
v -0.199222 0.0744517 -0.275016
v -0.208972 0.0624981 -0.25798
v -0.209402 0.0837621 -0.27083
v -0.243635 0.0290233 -0.182945
v -0.152743 -0.242237 -0.0215307
v -0.228479 0.0102808 -0.187296
v -0.152769 0.424426 0.308659
v 0.27422 0.0404043 -0.0210206
v 0.0595052 -0.328544 0.0523908
v -0.167699 -0.236644 -0.0736629
v -0.206561 0.0414921 -0.24391
v -0.224486 0.0600595 -0.239654
v -0.21497 0.0210909 -0.215414
v 0.01849 -0.250127 0.219994
v 0.145799 -0.473259 -0.0534633
v -0.0218302 0.0493191 -0.347515
v -0.0253113 0.0716868 -0.360419
v 0.110771 -0.270805 0.0517981
v -0.196844 -0.330835 -0.151943
v -0.176298 -0.280515 -0.105721
v 0.0362445 -0.297678 0.0621628
v -0.0454376 0.0484582 -0.344348
v 0.125635 -0.246044 0.0427986
v -0.056565 0.0259754 -0.322979
v -0.0737297 0.0387824 -0.326768
v -0.0630782 0.0544941 -0.343802
v 0.264503 0.0393738 -0.141965
v -0.0880528 0.0579928 -0.335733
v -0.00796821 0.0160745 -0.326595
v -0.0766697 0.0822289 -0.357069
v 0.0180967 0.063333 -0.356363
v 0.0200917 0.0411828 -0.342671
v 0.0555303 0.0124668 -0.313294
v 0.065217 0.0666227 -0.350598
v 0.0751362 0.0231315 -0.313955
v 0.0941039 0.0300354 -0.309665
v 0.120802 0.0530037 -0.312345
v 0.11917 0.0169005 -0.284432
v 0.0751537 -0.0210448 -0.279245
v 0.0575414 0.0882717 -0.364116
v 0.0887975 0.0813388 -0.351188
v -0.0696224 -0.00368947 -0.296213
v 0.13165 -0.372996 0.0100452
v -0.0379895 -0.0158481 -0.298986
v 0.00143039 0.220766 0.251331
v -0.0751248 -0.0402453 -0.265583
v -0.095335 0.00207204 -0.288524
v 0.118444 -0.419459 0.013215
v -0.178932 -0.362172 -0.0918115
v 0.286166 0.106351 -0.0634724
v -0.190218 -0.410716 -0.124214
v 0.0964759 -0.41751 0.0251962
v 0.084776 -0.415625 0.0278955
v 0.036629 -0.458177 0.0196277
v -0.112296 -0.0666776 0.198366
v -0.104532 -0.178682 -0.206842
v -0.0560472 -0.100862 -0.234493
v -0.0575497 -0.0812483 -0.246632
v -0.0543089 -0.0730684 -0.253389
v -0.16837 -0.076949 -0.145773
v -0.0173917 0.251484 0.256718
v -0.0523773 -0.224835 0.0862089
v -0.0260167 -0.0975764 -0.246967
v -0.0279752 0.246088 0.262741
v -0.00413853 -0.0587483 -0.273095
v 0.0217617 -0.47967 0.015422
v 0.0349794 -0.480071 0.0145687
v -0.108399 -0.108322 -0.187305
v -0.17106 -0.392148 -0.0699341
v -0.156833 -0.374115 -0.0398321
v -0.105624 -0.128185 -0.185819
v -0.148832 -0.378593 -0.0256028
v -0.166128 -0.423434 -0.0627307
v -0.179673 -0.438664 -0.0895471
v -0.165598 -0.356804 -0.0563637
v -0.171107 -0.353763 -0.0695007
v -0.0406572 -0.116727 -0.23555
v -0.1416 -0.310075 -0.00623366
v -0.133247 -0.387026 -0.00405072
v -0.117895 -0.165386 -0.184859
v 0.0225368 0.00511535 0.350537
v -0.0693912 -0.163374 -0.229982
v 0.0334318 -0.493327 -0.000142695
v 0.0979498 -0.0576835 0.215512
v -0.0551307 -0.14589 -0.233038
v -0.0381704 -0.128225 -0.236123
v 0.0511764 -0.230144 0.0837183
v -0.052095 -0.242569 0.109466
v 0.177861 0.173486 0.165501
v -0.0783874 -0.0790402 -0.236747
v 0.11075 -0.0593657 0.1886
v -0.141264 -0.223586 0.0983463
v 0.0398809 0.0102905 0.333979
v 0.0326125 -0.196256 0.243493
v -0.0208927 -0.119745 -0.2407
v -0.0804237 -0.13202 -0.211266
v -0.0184487 0.225288 0.262205
v 0.0571069 -0.047049 0.22131
v -0.0859394 -0.425883 0.0238118
v -0.0102174 0.216878 0.256119
v -0.112464 -0.155173 -0.186448
v 0.0711815 -0.298672 -0.286742
v 0.0636596 -0.249986 -0.267322
v 0.0867534 -0.320775 -0.291347
v -0.0468571 -0.422439 0.0282104
v 0.0620012 0.188691 0.196428
v 0.161725 0.168879 -0.323529
v 0.10026 -0.484361 -0.0262335
v 0.120583 -0.0651923 0.240893
v 0.0131243 -0.162406 -0.249944
v -0.0430879 -0.0566772 0.171695
v -0.000168248 -0.180446 -0.256088
v -0.283244 0.252212 -0.0667715
v -0.152257 0.336505 0.230736
v 0.176575 -0.316931 -0.227016
v -0.0344097 -0.457744 0.0199668
v 0.159443 -0.31179 -0.240701
v 0.134906 -0.181372 -0.170853
v 0.142426 -0.200237 -0.174679
v 0.136825 -0.214107 -0.191503
v 0.143002 -0.30185 -0.24913
v 0.129783 -0.227587 -0.208597
v -0.240649 0.318617 -0.163789
v 0.141116 -0.341117 -0.27566
v 0.128736 -0.21584 -0.201903
v -0.071005 -0.0555532 0.176575
v 0.113716 -0.193095 -0.203332
v 0.108915 -0.253575 -0.244386
v 0.098985 -0.285783 -0.268269
v 0.118375 -0.334135 -0.283615
v 0.122662 -0.375569 -0.297383
v 0.0868194 -0.234657 -0.248608
v 0.0782939 -0.22604 -0.24957
v -0.0467906 -0.485741 0.0115274
v 0.241754 -0.0528031 0.10319
v 0.046671 -0.190793 -0.250685
v -0.174106 -0.24544 -0.104864
v 0.0376379 -0.165969 -0.245515
v 0.0377445 -0.215726 -0.262336
v 0.0153136 -0.214583 -0.266254
v 0.0573726 0.0332291 0.336699
v -0.207219 -0.0534723 0.151331
v 0.169319 -0.294759 -0.0472425
v -0.158816 0.489747 0.333805
v -0.00266369 0.207784 0.250644
v 0.160628 -0.215485 -0.0174915
v -0.0358118 -0.492486 0.00655755
v 0.195859 -0.332522 -0.142763
v -0.0866702 -0.460684 -0.0850479
v 0.184365 -0.342485 -0.0918929
v 0.171815 -0.2369 -0.0674381
v 0.179173 0.187039 0.16102
v -0.0242238 -0.397361 0.0361409
v 0.258233 -0.0676761 0.00251474
v 0.171734 -0.164995 -0.017375
v 0.165254 -0.173366 0.00688218
v 0.181395 -0.254853 -0.118867
v 0.129585 -0.233617 0.040897
v 0.151575 -0.185453 0.0450813
v 0.149041 -0.189413 0.0329735
v -0.0369916 -0.398768 0.0349279
v -0.0312435 -0.356146 0.0463162
v -0.289345 0.237078 -0.106026
v -0.208245 -0.111442 0.137332
v -0.0790523 -0.0594165 0.165366
v -0.00630776 -0.384223 0.0405838
v 0.0719329 0.195524 0.212398
v 0.0907553 0.0372385 0.303081
v 0.143177 -0.201058 0.032375
v 0.182212 -0.167872 0.0399887
v 0.159086 -0.180704 0.0126677
v 0.149628 -0.196312 0.0215598
v -0.182092 -0.154325 0.184573
v 0.135745 -0.204704 0.0434425
v 0.15592 -0.212557 -0.00325142
v 0.250942 0.0154927 -0.147771
v 0.149833 -0.218103 0.0103051
v -0.109693 -0.401165 0.0175505
v -0.096254 -0.358866 0.0353654
v 0.105102 -0.209659 0.0879817
v -0.110369 -0.487619 -0.0098305
v 0.0762801 0.0496583 0.309064
v -0.189148 -0.152071 0.171784
v 0.117731 -0.221415 0.100289
v -0.0497281 -0.0491969 0.254968
v 0.139891 -0.220116 0.0965087
v -0.0589381 -0.0518412 0.240715
v 0.159303 0.331611 0.226627
v 0.13653 -0.239806 0.111535
v -0.0463887 -0.479889 -0.0352415
v -0.0226944 -0.476047 -0.0446337
v -0.0246401 -0.480635 -0.0334584
v 0.160253 -0.235896 0.117238
v 0.0817471 -0.270146 0.16137
v 0.00279332 -0.472062 -0.0544283
v -0.185788 -0.129657 0.185863
v -0.25407 -0.0749289 0.0382084
v 0.199375 -0.430604 -0.139054
v 0.0140282 -0.453573 -0.102157
v 0.161647 -0.238786 0.139495
v 0.175974 -0.225662 0.132757
v 0.141221 -0.252328 0.147617
v 0.00451631 -0.441814 -0.134475
v -0.0274577 0.330227 0.211787
v 0.126718 -0.219179 0.206861
v 0.0148213 -0.444003 -0.127947
v 0.2036 -0.195391 0.120236
v 0.192066 -0.206285 0.132431
v 0.16784 -0.211404 0.177444
v 0.158569 -0.211578 0.18787
v 0.149264 -0.232604 0.179636
v 0.140017 -0.239816 0.181131
v 0.145456 -0.242653 0.170864
v -0.277079 0.152377 0.000684331
v 0.148241 -0.406908 -0.226748
v 0.110404 -0.256115 0.182229
v -0.0136263 -0.436648 -0.149425
v -0.00524624 -0.427305 -0.174514
v -0.0100685 -0.432067 -0.161772
v 0.168654 -0.0793756 0.231834
v -0.0369932 -0.429343 -0.169106
v -0.207143 -0.357206 -0.170586
v -0.093121 -0.427753 -0.173307
v -0.114307 -0.428814 -0.170488
v -0.0398329 0.335394 0.210456
v 0.118389 0.138461 0.212354
v 0.106731 0.141018 0.20387
v 0.0867053 0.0482561 0.303068
v -0.148301 -0.430262 -0.166556
v -0.266366 0.139547 0.0547365
v -0.149969 -0.438041 -0.145836
v 0.105105 0.0142969 0.248474
v -0.170395 -0.441326 -0.138271
v -0.210238 -0.409121 -0.176821
v 0.15726 -0.438186 -0.141594
v -0.0214729 -0.387634 -0.28019
v 0.118116 0.141705 0.197039
v 0.108792 0.401118 0.209102
v 0.22244 0.148893 -0.262393
v 0.237594 0.199761 0.130051
v 0.25455 0.0813937 0.128423
v 0.263248 0.122686 0.0865337
v 0.272031 0.160092 0.0411967
v 0.283796 0.136661 -0.0231089
v 0.284784 0.149988 -0.0276891
v 0.277102 0.210548 -0.00123783
v 0.257098 0.0896608 0.11698
v 0.223405 0.136028 -0.261947
v 0.166473 0.325078 0.205422
v 0.276417 0.0548214 -0.00765454
v 0.27342 0.0228342 0.02562
v -0.156881 -0.223428 -0.17361
v 0.106327 0.038492 0.288394
v 0.201199 -0.0730374 -0.108477
v -0.196117 -0.301806 -0.176582
v -0.0129158 0.314422 0.221985
v 0.207998 0.138942 -0.279464
v 0.0704209 0.0679586 0.296053
v 0.0915136 0.0570378 0.294995
v -0.240872 0.33415 -0.0365932
v 0.0596811 0.0721285 0.302816
v -0.268476 0.0450004 0.018251
v -0.0771459 0.377729 0.236545
v -0.277741 0.070518 -0.0532739
v -0.276922 0.172567 0.0021934
v -0.242083 0.298193 0.0468984
v 0.13954 0.377298 0.11999
v 0.0673894 0.0493012 0.316428
v -0.27671 0.132345 -0.00345512
v 0.00897826 0.145815 0.299094
v -0.283158 0.184379 -0.0306963
v 0.180048 0.40951 -0.124044
v 0.0426494 0.0216108 0.356123
v -0.0238627 0.308327 0.22785
v -0.135633 3.84007e-05 -0.260504
v -0.175957 -0.132537 -0.0584294
v -0.24081 0.218275 0.11988
v 0.120508 0.0714855 0.247949
v 0.0296624 0.0127801 0.360316
v -0.00728444 -0.190948 -0.259124
v 0.153482 -0.0159937 -0.230617
v -0.204642 0.258261 -0.258815
v 0.206827 -0.331259 -0.181108
v 0.0828101 0.0662623 0.290334
v -0.0487093 -0.278484 -0.284659
v 0.137418 0.134479 0.226506
v -0.100013 0.215849 0.172279
v 0.197506 -0.323241 -0.202691
v 0.201072 -0.313466 -0.162273
v 0.116315 -0.0289117 -0.247981
v -0.0411353 -0.307909 -0.298245
v 0.187477 -0.355545 -0.102602
v 0.081882 0.0395495 0.308655
v -0.0359888 0.0223796 0.353289
v -0.258804 0.00731011 -0.0872832
v 0.0735763 0.0404589 0.314236
v -0.0926933 -0.358077 -0.306163
v 0.19955 -0.322729 -0.151597
v 0.175939 -0.342836 -0.0643499
v -0.0953742 -0.297668 -0.277213
v 0.18037 -0.366982 -0.0752245
v -0.0502353 0.0685605 0.308067
v 0.18813 -0.318641 -0.124227
v 0.114224 0.128018 0.232661
v -0.0346358 0.0815262 0.326042
v -0.0413386 0.0752637 0.316561
v -0.021519 0.284899 0.242007
v 0.117027 -0.413361 -0.209914
v 0.0983612 0.0343632 0.297191
v 0.107938 -0.329878 -0.28648
v 0.130684 -0.317743 -0.268204
v 0.157309 -0.300923 -0.234619
v -0.164962 -0.337141 -0.255962
v 0.174928 -0.304911 -0.218725
v 0.171594 0.362073 0.193061
v -0.0203442 -0.32547 -0.306026
v 0.290927 0.133571 -0.0854135
v -0.0862627 0.4 0.232613
v -0.0596824 0.18919 0.200684
v 0.0150029 -0.299301 -0.296635
v -0.179681 0.380994 -0.182792
v 0.231252 -0.0411452 0.127778
v -0.0534341 0.178932 0.20573
v 0.162658 0.410692 0.00741164
v -0.144874 -0.330962 -0.267642
v -0.192216 -0.0336463 -0.177001
v -0.0671019 0.1996 0.163994
v 0.144751 0.319949 0.233565
v -0.0246261 0.29565 0.236017
v -0.146625 -0.233306 -0.195914
v -0.261166 0.223042 -0.200336
v -0.0585105 0.188174 0.179305
v -0.167239 0.2099 0.218586
v -0.140892 -0.1072 -0.147083
v -0.105386 0.0244544 -0.300777
v 0.114837 0.00792907 -0.279711
v 0.128301 0.206541 0.144475
v -0.0446569 0.360029 0.181941
v -0.0561633 0.36483 0.179564
v -0.250039 0.136794 -0.230283
v -0.18786 0.0185217 -0.238236
v -0.149143 0.20642 0.201481
v 0.145451 -0.416577 -0.0133805
v -0.178755 -0.00097694 -0.226237
v -0.171797 -0.0284182 -0.203945
v -0.129029 0.00701496 -0.271129
v -0.111414 -0.0572879 0.24822
v -0.165767 0.204922 0.180938
v 0.00459758 -0.2352 0.108093
v 0.109806 0.216238 0.160859
v -0.140857 0.214524 0.156142
v 0.0764976 0.0776744 0.271339
v 0.147261 -0.395452 -0.0128031
v 0.150827 -0.375943 -0.0157834
v 0.193871 0.0930789 0.258002
v -0.0272445 -0.302461 -0.297706
v 0.195919 -0.434264 -0.11657
v 0.0963752 0.0709457 0.274937
v -0.0176099 -0.313159 -0.301664
v 0.0857464 0.0721521 0.279088
v 0.0844441 0.454124 -0.114789
v -0.0894749 -0.345629 -0.301271
v 0.171395 -0.397193 -0.0539551
v -0.124252 0.141001 0.20213
v 0.157115 -0.262694 -0.0149544
v 0.108003 0.0227241 0.257316
v -0.0734198 -0.329671 -0.298514
v -0.112118 -0.0664045 0.152198
v 0.147092 -0.294149 -0.000311377
v -0.0382055 -0.297643 -0.294962
v 0.0975942 0.0148396 0.258611
v -0.198253 0.166065 0.182577
v -0.0387626 -0.268421 -0.283147
v -0.281988 0.195728 -0.1684
v 0.0261215 -0.240827 0.109765
v -0.211459 -0.363922 -0.178542
v 0.0797861 -0.404293 0.0312618
v -0.155298 0.142709 0.211162
v 0.0667987 0.198479 0.17664
v -0.180692 0.154955 0.191426
v 0.0925976 -0.405924 0.0289555
v 0.219195 -0.0468266 0.148264
v 0.0878752 0.00714043 0.259355
v 0.123469 -0.468517 -0.0630808
v 0.062046 -0.273051 0.133159
v 0.084441 -0.268925 0.134182
v -0.197813 0.0840123 0.256309
v 0.0698033 -0.273176 0.156805
v 0.0513522 -0.276002 0.140071
v -0.191318 0.103044 0.253243
v -0.0173815 0.320743 -0.338636
v -0.206296 0.107856 0.234059
v -0.182515 0.0988884 0.260301
v -0.182268 0.108184 0.253723
v 0.0288984 -0.391123 0.0376367
v 0.0438413 -0.389923 0.0370067
v -0.15524 0.131101 0.232269
v -0.168174 -0.436765 -0.0669145
v -0.133002 -0.334255 0.00380834
v 0.0960799 0.0189443 0.281424
v 0.115007 0.437572 -0.00695599
v -0.159785 -0.406159 -0.0487121
v -0.148841 -0.395457 -0.0272598
v -0.192011 0.0935379 0.258384
v -0.0627406 0.36545 0.188576
v -0.0683271 0.371208 0.178816
v -0.155834 0.0886842 0.267023
v -0.194144 0.0706392 0.260095
v 0.112723 0.189485 0.141634
v 0.259415 0.00657429 -0.0686587
v -0.0927953 0.410402 0.23901
v -0.180453 0.0665671 0.266602
v 0.201576 -0.0881307 -0.0785589
v -0.223214 0.0671917 0.214953
v -0.0272941 -0.443813 0.0239269
v -0.0212291 -0.418552 0.0308693
v -0.0337626 -0.420543 0.0295149
v -0.220864 0.0774917 0.219998
v 0.16708 -0.161941 0.21017
v -0.241739 0.0701313 0.152513
v 0.150949 0.199347 0.141248
v -0.249705 0.0440274 0.115073
v -0.255933 0.0571454 0.0944352
v 0.0585906 -0.00798277 0.273242
v -0.259251 0.00837937 0.0666953
v -0.25634 -0.0189427 0.0675597
v -0.260245 0.00180034 -0.0245914
v -0.262546 -0.012121 -0.00143556
v -0.26569 0.00220678 0.0208716
v -0.230639 0.0139041 0.154697
v 0.0313235 -0.0422074 0.214809
v -0.0788003 -0.271473 -0.271512
v -0.240136 -0.0354427 -0.0383924
v 0.190451 -0.439035 -0.134942
v -0.199916 -0.0562303 -0.137276
v -0.246434 -0.0078988 -0.128718
v -0.26861 0.0370642 -0.128703
v -0.255817 0.0152997 -0.13814
v -0.234502 0.0267206 0.159406
v -0.208396 -0.0772081 -0.0836061
v -0.248272 0.0215104 0.111644
v -0.261305 0.0362307 -0.153385
v -0.23161 -0.117794 0.0909514
v -0.253266 -0.00435807 -0.0839769
v -0.243256 -0.0207058 -0.106131
v -0.0861498 -0.0597537 0.230217
v -0.237078 -0.0347797 -0.0599304
v 0.122164 0.392264 0.183437
v -0.232975 -0.0147089 -0.149154
v -0.210166 -0.0659979 -0.104741
v -0.22862 -0.0519895 -0.0477157
v -0.222384 0.103406 -0.262929
v -0.206676 0.105593 -0.281846
v -0.278107 0.11381 -0.173743
v -0.28318 0.115116 -0.158225
v -0.277968 0.138422 -0.17977
v 0.158977 0.418446 -0.00888581
v -0.0357963 -0.218894 0.0948863
v -0.107867 0.428005 0.243982
v -0.254289 0.0694261 -0.200625
v -0.00703755 0.0536331 0.374411
v -0.254818 0.104794 -0.217095
v -0.236844 0.102401 -0.24344
v -0.259637 0.0485875 -0.171938
v -0.267718 0.0667788 -0.169879
v -0.170488 -0.0399241 -0.192096
v -0.261046 0.127604 -0.21191
v -0.279362 0.152299 -0.177122
v -0.265829 0.150727 -0.202666
v -0.231891 0.123482 -0.254708
v -0.237248 0.146204 -0.247631
v -0.228375 0.144181 -0.258875
v -0.267926 0.105672 -0.194182
v -0.272868 0.0883488 -0.173557
v -0.178929 0.00964026 -0.236985
v -0.183664 0.0842259 -0.294303
v -0.0500401 0.331389 0.218412
v -0.113513 0.0641714 -0.32709
v 0.126128 -0.0564544 0.246723
v -0.163683 0.111275 -0.322175
v -0.173598 0.0951736 -0.307991
v -0.199493 0.342034 0.12197
v -0.210612 0.331554 0.106151
v 0.106727 -0.488864 -0.0119487
v -0.235617 0.0300114 -0.196701
v -0.101656 0.0805958 -0.345459
v -0.0962448 0.0880236 -0.352513
v 0.158186 -0.468552 -0.0594211
v -0.232781 0.207468 -0.241852
v -0.217346 0.211107 -0.259193
v -0.219893 0.169166 -0.265995
v 0.25234 -0.0851166 0.0740746
v -0.200155 0.204183 -0.280818
v -0.197691 0.106408 -0.291196
v -0.18097 0.168032 -0.307957
v -0.183995 0.141302 -0.307131
v 0.134756 -0.0221875 0.236269
v -0.144651 0.228538 -0.326844
v -0.130504 0.389036 0.106859
v 0.0484381 0.0299508 0.299404
v 0.282062 0.190053 -0.164177
v 0.142403 -0.0445655 0.239522
v 0.123467 -0.035564 0.245632
v 0.109714 -0.0119622 0.245621
v -0.160278 0.132018 -0.327906
v 0.168178 -0.464146 -0.0691748
v -0.122876 0.387729 0.120904
v 0.124382 0.380009 0.136477
v -0.149434 0.167878 -0.336088
v -0.0730476 0.10652 -0.367546
v -0.0474145 0.112096 -0.372972
v -0.0377108 0.135686 -0.375286
v -0.0225808 0.115959 -0.375488
v -0.0501241 0.157967 -0.373138
v -0.0239797 0.156996 -0.374564
v 0.0321879 0.084905 -0.366388
v 0.0234909 0.198975 -0.369544
v 0.146059 0.0916739 0.263551
v -0.0186844 0.207579 -0.368103
v 0.00246071 0.11555 -0.375845
v -0.010722 0.0950239 -0.371602
v 0.271176 0.228416 -0.181713
v 0.146285 0.194956 -0.332282
v 0.0434578 0.106468 -0.37182
v -0.209629 0.339596 0.0841724
v 0.0569641 0.124629 -0.372634
v 0.0337443 0.126522 -0.374974
v 0.0199079 0.12871 -0.375671
v 0.0179685 0.143682 -0.375424
v -0.194952 0.0261058 -0.239777
v -0.197593 0.349874 0.101467
v 0.183675 0.0798557 -0.289608
v 0.184843 0.105951 -0.300065
v 0.19662 0.0682313 -0.270725
v 0.147634 -0.0310701 0.235244
v 0.0549848 0.022216 -0.320861
v 0.0881107 0.0458967 -0.325751
v 0.109282 0.0883547 -0.344738
v 0.126003 0.0451665 -0.303093
v 0.145059 0.0583504 -0.302192
v 0.10577 0.101214 -0.352628
v -0.145814 0.335209 -0.272683
v 0.113911 0.11356 -0.352193
v 0.133552 0.126146 -0.34326
v 0.170756 0.0375973 -0.267267
v 0.174135 0.060147 -0.283239
v -0.0761813 0.00624918 -0.300938
v 0.0945337 0.124679 -0.362742
v 0.0454703 -0.0451809 -0.274159
v 0.0304934 0.00224757 -0.313263
v 0.0906539 -0.264429 0.183984
v -0.17874 0.36661 0.110101
v 0.170025 0.201842 -0.310792
v 0.0176604 -0.0143776 -0.303511
v 0.103848 -0.0665938 -0.225669
v 0.103108 -0.0322516 -0.254177
v 0.17278 0.21395 0.222809
v 0.204662 -0.329383 -0.164973
v 0.19725 -0.42114 -0.185403
v 0.150567 -0.395113 -0.26119
v 0.17603 -0.242106 -0.152603
v 0.147359 -0.391183 -0.273535
v 0.0821169 -0.382176 -0.296861
v 0.101112 -0.261476 0.179309
v -0.047494 -0.371598 -0.315035
v 0.156102 -0.206365 -0.159024
v 0.15731 -0.189021 -0.142049
v 0.105524 -0.264303 0.157666
v 0.17453 -0.232536 -0.145155
v -0.18207 0.365748 0.0975749
v 0.139856 -0.23151 0.189128
v -0.122333 -0.378076 -0.297724
v -0.185877 0.359013 0.118948
v 0.177452 -0.233804 -0.135071
v 0.168637 -0.193581 -0.117898
v 0.283268 0.2387 -0.150034
v 0.130589 -0.240413 0.187619
v 0.119694 -0.240326 0.195304
v -0.013125 -0.132684 -0.242524
v -0.202352 -0.400217 -0.244223
v 0.285352 0.140155 -0.15119
v -0.10561 0.405013 0.201397
v 0.143409 -0.462355 -0.0789643
v 0.146108 0.380474 0.166875
v 0.140778 -0.103871 -0.148388
v -0.0983614 0.324547 -0.31116
v 0.271652 0.141074 -0.188039
v 0.109504 -0.172817 -0.197185
v 0.116621 -0.155821 -0.179177
v 0.0314948 -0.126638 -0.237876
v 0.0253761 -0.140334 -0.241432
v 0.0166894 -0.127872 -0.241272
v 0.0996684 -0.148386 -0.196789
v 0.0832115 -0.142467 -0.210385
v 0.0568966 -0.390061 -0.273759
v 0.15837 0.382289 0.186141
v -0.100679 0.0135327 -0.294709
v -0.148105 0.292474 -0.297876
v 0.0717752 -0.122607 -0.21693
v 0.0415146 -0.141227 -0.236474
v -0.121343 0.422183 0.218868
v 0.253392 0.211672 0.0756666
v 0.25375 0.120048 0.122087
v -0.132162 -0.118187 -0.151983
v 0.0291942 -0.101132 -0.24398
v -0.17469 0.372569 0.0900482
v -0.184617 0.365964 0.0849673
v 0.266635 0.197221 0.0449756
v 0.0671556 -0.110242 -0.222633
v -0.173351 0.371698 0.101261
v 0.0423652 -0.0659669 -0.261871
v 0.0167041 -0.0754914 -0.261787
v -0.139079 -0.121612 -0.141223
v -0.140963 -0.155296 -0.146484
v 0.276054 0.189431 -0.178008
v -0.0983438 -0.060499 0.180626
v 0.154594 -0.0804232 -0.158122
v -0.160289 0.37523 0.137728
v -0.0649867 -0.0710914 -0.249842
v 0.0756753 -0.14651 -0.217989
v 0.08323 -0.171632 -0.221739
v 0.129725 -0.208262 0.212374
v 0.124833 -0.159969 -0.17037
v 0.277953 0.0869965 0.00251714
v 0.148008 -0.145434 -0.128956
v 0.0225731 -0.113952 -0.241178
v 0.107479 -0.0897031 -0.201715
v 0.0973583 -0.100483 -0.202376
v 0.264839 0.0519428 0.0873924
v 0.175683 -0.0894627 -0.121631
v 0.268437 0.151347 -0.194911
v 0.155027 0.0984604 0.263507
v 0.169432 -0.154703 -0.060221
v 0.0158513 -0.142746 0.20357
v 0.172939 -0.158612 -0.0318245
v 0.170089 -0.204952 -0.0832687
v 0.148252 -0.211043 0.19722
v 0.167881 -0.179004 -0.0583564
v 0.110271 -0.249381 0.193248
v -0.155278 0.388738 0.0733481
v 0.166475 -0.179499 -0.0207078
v 0.19165 -0.146593 0.0100026
v -0.133609 0.425707 -0.0124209
v 0.186013 -0.148222 -0.00159781
v -0.129877 0.397539 0.0790341
v -0.222646 0.354026 -0.0111404
v -0.172917 0.457344 0.315673
v -0.265403 0.235276 0.0286207
v -0.115653 0.442948 0.263418
v 0.026127 -0.490976 -0.0105069
v -0.204796 0.366996 -0.158751
v -0.263314 0.288777 -0.028637
v 0.190826 -0.1864 0.0668585
v -0.287872 0.154334 -0.0625139
v 0.141155 -0.199953 0.076676
v -0.161001 -0.0755845 -0.156443
v -0.162751 0.375147 0.126597
v 0.230943 -0.11607 0.00709751
v 0.120796 -0.248866 0.184956
v -0.0430075 -0.235338 -0.268843
v 0.119855 -0.255521 0.17371
v -0.272452 0.128352 0.0217301
v -0.151687 0.380769 0.119293
v -0.236221 0.265004 0.114181
v -0.165927 -0.0873743 -0.136379
v 0.201208 -0.19961 0.0965142
v -0.265355 0.197363 0.0484005
v 0.247693 -0.110631 0.0167761
v 0.245885 -0.125157 0.0361619
v -0.0689425 0.3865 0.135279
v -0.0873829 -0.0742059 -0.234144
v 0.205751 -0.174858 0.0589659
v 0.257266 0.212987 -0.206076
v 0.159044 -0.222428 0.178347
v 0.217082 -0.169424 0.05969
v 0.235593 -0.151992 0.0695288
v 0.224271 -0.171348 0.0854256
v 0.246111 -0.12989 0.0581268
v 0.0908426 -0.33033 -0.29424
v 0.165081 -0.212683 0.0896487
v 0.210187 -0.190245 0.10119
v 0.251715 -0.113397 0.0367773
v 0.189022 -0.212697 0.124676
v 0.216897 0.38248 -0.0455635
v 0.19913 0.101422 0.248746
v 0.18427 -0.215784 0.133929
v 0.269533 0.275903 -0.162502
v 0.226119 -0.143928 0.114411
v 0.205157 -0.156161 0.153722
v 0.129014 -0.230713 0.197075
v 0.184188 -0.141087 0.199234
v 0.18174 -0.209694 0.155874
v 0.183826 -0.190186 0.172872
v 0.112488 0.380764 0.139114
v -0.208058 0.351589 0.0526456
v 0.184048 -0.179089 0.180276
v -0.046364 0.325791 -0.331568
v 0.194349 -0.119167 0.185648
v 0.0687472 0.374695 0.155666
v 0.117606 -0.230693 0.204345
v 0.196971 -0.422226 -0.120877
v 0.201558 -0.408848 -0.147655
v 0.17245 -0.234746 -0.0806755
v 0.191747 -0.0777747 0.19777
v 0.0543398 -0.369804 -0.314803
v 0.193406 -0.334643 -0.221038
v 0.212907 -0.0591849 0.155936
v 0.177103 -0.0815066 0.224369
v 0.175147 -0.247143 -0.0911047
v 0.196206 -0.0561419 0.191217
v 0.143664 -0.372209 -0.289669
v -0.210183 0.323552 0.127715
v 0.199652 -0.380297 -0.253385
v 0.0208315 -0.372487 -0.314866
v -0.0428472 0.188763 -0.37042
v -0.208346 0.358363 0.0313032
v -0.191058 -0.430711 -0.138904
v 0.0295145 -0.366223 -0.3182
v 0.0655493 -0.36766 -0.313082
v 0.194107 0.139969 -0.295058
v -0.214542 0.343622 0.0526
v -0.184104 -0.0787126 -0.124883
v 0.262965 0.107693 0.090905
v 0.122486 0.0428818 0.247417
v 0.140073 0.0237053 -0.276804
v -0.194353 0.372846 0.0320488
v 0.113147 0.0363356 0.277469
v 0.153 -0.245207 0.143074
v 0.112456 0.0484043 0.278263
v 0.0514681 -0.0162402 -0.293012
v 0.113982 0.0667724 0.250801
v -0.196421 0.377713 0.00891799
v 0.171926 0.417511 -0.0337201
v -0.203074 0.369511 0.0141954
v -0.207255 0.0105789 -0.212632
v -0.179958 0.0474136 -0.270913
v -0.150587 0.395603 0.0592869
v -0.139259 0.409355 0.032615
v 0.169866 -0.293952 -0.215679
v 0.160731 -0.237335 0.150951
v 0.16139 -0.334893 -0.0309068
v 0.182081 -0.452188 -0.0800781
v 0.178982 -0.44939 -0.0708061
v 0.159014 -0.453552 -0.0366585
v 0.105628 0.072406 0.25315
v 0.15357 -0.288396 -0.22891
v 0.154937 -0.467478 -0.0362381
v 0.143011 -0.284191 -0.236483
v 0.00352534 -0.246719 -0.278132
v -0.119195 -0.367088 -0.300272
v 0.0515896 0.0400002 0.344994
v -0.0652627 -0.384845 -0.288538
v -0.0703023 -0.358674 -0.312287
v -0.0780761 -0.260049 -0.266511
v 0.136254 -0.329629 -0.271897
v 0.0485049 0.0770366 0.319596
v 0.0390058 0.0357951 0.363287
v -0.0792915 -0.280883 -0.275809
v 0.218368 -0.0707304 -0.0557488
v 0.0403179 0.0723915 0.343942
v 0.132828 0.379066 0.147618
v 0.0220591 0.0168018 0.368739
v 0.12866 -0.257428 0.136504
v -0.0420673 -0.345562 -0.313045
v -0.105168 0.198659 0.246032
v 0.191303 0.309264 -0.249542
v 0.12161 0.0218935 0.23641
v -0.220409 -0.391344 -0.19377
v 0.0725234 -0.306757 0.0574755
v 0.0847818 -0.300299 0.0572177
v 0.105095 -0.312747 0.0448256
v 0.167319 0.0606571 0.267422
v 0.129548 -0.480899 -0.0110366
v -0.192578 -0.296674 -0.147719
v -0.173218 -0.221824 -0.109337
v -0.172233 -0.282412 -0.0864491
v 0.00836292 -0.479599 0.0162105
v 0.0878494 -0.456512 0.0170716
v 0.0759216 -0.482155 0.0115245
v 0.106454 -0.238906 -0.238032
v -0.272311 0.253196 -0.0171117
v 0.0202681 -0.330318 0.0541501
v 0.260791 -0.0555983 0.00155776
v 0.214145 0.326569 -0.211336
v -0.00230764 0.101027 0.348492
v -0.184252 -0.437458 -0.101071
v 0.123348 -0.244105 0.112997
v -0.185855 -0.425179 -0.105539
v 0.00858746 0.0739148 0.368512
v 0.0113757 0.090464 0.357063
v -0.01075 0.0928886 0.352029
v 0.179592 0.194783 -0.302386
v 0.000164306 0.0924198 0.356222
v -0.127281 -0.3243 0.0130084
v -0.119268 -0.485029 -0.0185756
v -0.144402 -0.203588 0.19779
v 0.0135531 0.0395165 0.376304
v 0.0948431 -0.0580792 0.24072
v 0.0224533 0.0868461 0.354918
v -0.177828 0.386415 0.0328416
v -0.00589864 -0.456744 0.0218366
v 0.0870209 -0.224966 -0.243716
v -0.0114455 0.0654794 0.36937
v 0.151559 0.371655 0.116091
v -0.0145879 0.0751773 0.362589
v -0.0203197 0.0664295 0.363345
v -0.0224643 0.114862 0.312456
v 0.0724703 -0.272191 0.167706
v -0.0697619 -0.344818 0.0469892
v 0.209107 0.353541 -0.187566
v -0.198537 0.0201045 -0.230312
v -0.178916 -0.120693 -0.0740522
v -0.0999807 -0.488647 -0.00131943
v -0.0383848 0.109304 0.274324
v 0.147319 -0.0468678 -0.205181
v 0.233234 0.313881 -0.194426
v -0.0362342 0.130848 0.257783
v 0.175905 -0.357584 -0.0641127
v -0.0561975 0.117191 0.236445
v 0.0764334 -0.49152 0.00503713
v -0.0511447 0.179063 0.218572
v -0.0493575 0.179946 0.230899
v -0.0598298 0.185175 0.22661
v -0.0879856 -0.492198 -0.00508611
v 0.182506 0.409207 -0.0290002
v 0.167899 -0.22252 -0.0403825
v -0.0820418 0.191173 0.245361
v -0.183658 0.376388 0.0514141
v -0.0417914 -0.470015 -0.0596585
v 0.0865002 -0.482605 -0.0294149
v 0.165847 -0.430014 -0.162964
v 0.121751 -0.436599 -0.145784
v 0.0802425 -0.263452 0.122582
v -0.0622254 -0.462852 -0.0785197
v -0.168503 0.382244 0.244289
v 0.0151946 -0.45875 -0.0886034
v -0.168306 0.349953 0.206004
v -0.0342749 -0.459466 -0.0871358
v -0.167197 0.385107 0.214814
v 0.137168 -0.452874 -0.103102
v 0.0946067 -0.461784 -0.0801425
v 0.120915 -0.405294 -0.232354
v 0.164396 -0.395533 -0.260424
v -0.00452197 -0.439438 -0.14149
v -0.0440842 -0.44916 -0.115722
v 0.154023 0.0635714 0.265263
v 0.147566 -0.419167 -0.192382
v 0.0909716 -0.38576 -0.286768
v -0.156476 0.221718 0.236397
v -0.141144 0.232946 0.248506
v -0.121248 0.240041 0.257786
v 0.204409 0.0151653 -0.217779
v -0.110998 0.250715 0.259105
v -0.0717109 -0.441747 -0.136051
v 0.134399 -0.388913 -0.279295
v 0.065598 -0.267724 0.123789
v 0.101119 -0.399875 -0.247518
v 0.147124 0.385596 0.178369
v 0.130371 -0.223684 0.0999382
v -0.173449 0.38271 0.0562483
v -0.102152 -0.449452 -0.115506
v -0.0766712 -0.432608 -0.160383
v -0.0931317 -0.443284 -0.131933
v 0.126661 -0.232518 0.105733
v 0.0241016 -0.39378 -0.263852
v 0.13859 -0.229763 0.1037
v -0.267161 0.275374 -0.0226114
v -0.108335 -0.377739 -0.299779
v -0.120905 -0.441903 -0.135597
v 0.195244 -0.0631783 -0.13149
v 0.188225 -0.369569 -0.100573
v 0.0961516 -0.264467 0.129541
v 0.103308 -0.22492 0.104413
v 0.0842565 -0.240274 0.110007
v -0.186949 -0.269886 -0.155079
v -0.206946 0.188805 0.176277
v -0.174981 0.201925 0.189518
v -0.168562 0.202887 0.168518
v -0.18458 0.189363 0.175142
v 0.236969 0.32546 -0.175719
v 0.0607985 0.416836 0.081925
v -0.160891 -0.438322 -0.145657
v -0.183911 -0.385416 -0.270584
v -0.128256 0.403122 0.0655568
v -0.2329 0.155344 0.15602
v 0.10525 -0.214007 0.0966861
v -0.229096 0.168741 0.157645
v -0.238878 0.107796 0.158931
v -0.248213 0.107873 0.12536
v 0.226348 0.314017 0.0503798
v -0.21917 0.133955 0.194136
v -0.211815 0.12184 0.215292
v -0.171929 -0.452681 -0.105011
v -0.209853 -0.41425 -0.206489
v -0.180888 0.129398 0.229819
v -0.218174 0.10065 0.217533
v -0.212948 0.109771 0.222706
v 0.267093 0.239996 -0.185224
v -0.23201 0.132821 0.169896
v -0.0892296 0.413618 0.0717841
v -0.22825 0.0878677 0.195306
v -0.200878 0.130292 0.218548
v -0.254856 0.141552 0.097049
v -0.256658 0.0973242 0.0941932
v -0.265679 0.0224389 0.0321879
v -0.26367 0.0537627 0.0529307
v -0.268269 0.0335701 -0.0241024
v -0.272107 0.058041 -0.0126678
v 0.178024 0.346998 0.118328
v -0.090651 0.423319 0.0462248
v -0.290552 0.125363 -0.107866
v -0.293506 0.165011 -0.0999389
v 0.198163 -0.06867 -0.119493
v 0.136143 -0.228026 0.0327431
v -0.284319 0.0950252 -0.139633
v 0.220586 0.343769 0.0273105
v -0.263337 0.0193025 -0.054851
v 0.147244 -0.231938 0.0114715
v -0.287523 0.10403 -0.0948756
v -0.28374 0.0800852 -0.108805
v -0.282379 0.0829915 -0.134369
v -0.277896 0.0603603 -0.12117
v -0.26417 0.0194353 -0.09095
v -0.273227 0.0419127 -0.104202
v 0.143368 -0.223066 0.0219939
v 0.161509 0.364847 0.158879
v 0.116439 0.382077 0.127682
v -0.162935 -0.20451 0.0825206
v -0.283278 0.091006 -0.0729145
v 0.173639 0.357436 0.202893
v -0.273935 0.0496672 -0.0701695
v -0.02926 0.355438 -0.318385
v -0.288721 0.180164 -0.146602
v 0.137687 0.107386 0.254308
v -0.246392 0.199137 -0.225975
v -0.255709 0.23417 -0.204834
v -0.277022 0.19997 -0.178218
v -0.257021 0.174365 -0.214616
v -0.290759 0.200819 -0.135872
v -0.285237 0.19788 -0.159185
v -0.281938 0.206176 -0.166954
v 0.182461 0.448426 0.296898
v 0.227957 -0.0711214 0.12181
v -0.231319 0.324097 -0.17556
v -0.249165 0.305936 -0.164627
v 0.146532 0.103309 0.259032
v -0.209718 0.290087 -0.238781
v -0.211833 0.309029 -0.223773
v -0.188742 0.303656 -0.254331
v -0.261638 0.247747 -0.19086
v -0.246384 0.256203 -0.209111
v 0.160883 -0.202197 -0.0138093
v -0.199285 0.334541 -0.217882
v -0.121374 0.393661 0.0986274
v -0.240606 0.267645 -0.211348
v -0.223714 0.268526 -0.232166
v -0.247857 0.278192 -0.195497
v -0.266624 0.015628 0.0201895
v -0.264697 0.276519 -0.165901
v -0.208729 -0.0458179 -0.141238
v 0.155534 0.34814 0.252811
v -0.270028 0.262365 -0.167019
v -0.122603 0.327517 -0.294156
v 0.172584 0.395034 0.223416
v 0.212559 0.0620969 0.242673
v -0.197274 0.266758 -0.263406
v -0.178478 0.289545 -0.271501
v -0.273003 0.262047 -0.0303659
v -0.230502 -0.0460462 -0.0593459
v -0.134207 0.255712 -0.325515
v 0.270177 0.0929183 0.0597966
v -0.127572 0.27767 -0.320076
v -0.242627 0.0876599 -0.228838
v -0.127601 0.050523 -0.308135
v -0.140198 0.0864009 -0.326534
v -0.133404 0.114997 -0.342314
v -0.171062 0.331514 -0.253029
v -0.120911 0.137412 -0.35275
v -0.0920809 0.387899 0.129722
v -0.214719 0.201919 -0.264529
v -0.0509114 0.22565 -0.362621
v -0.0606407 0.180976 -0.36944
v -0.21612 0.233242 -0.25489
v -0.105302 0.200335 -0.355714
v -0.112457 0.233915 -0.345514
v -0.0775918 0.224268 -0.358366
v -0.0950469 0.153546 -0.36424
v -0.192527 0.135147 -0.298564
v -0.106663 0.172006 -0.358904
v -0.140977 0.179091 -0.34067
v -0.165279 0.201547 -0.316016
v -0.130031 0.160195 -0.348457
v -0.0944663 0.140612 -0.36487
v -0.0760418 0.159571 -0.368777
v 0.165171 0.403611 0.220822
v 0.116068 0.240397 -0.340735
v 0.165006 0.430239 0.25316
v 0.158289 -0.00693983 -0.235465
v 0.164574 -0.173717 0.0220097
v 0.0988743 0.135161 -0.361713
v 0.10495 0.15579 -0.359379
v 0.065995 0.168834 -0.369586
v 0.05658 0.17747 -0.370135
v 0.137998 0.193573 -0.338596
v 0.124732 0.171802 -0.349135
v 0.114832 0.19218 -0.352284
v 0.13624 0.153421 -0.343172
v 0.242837 0.0364807 0.165759
v 0.00544013 0.148903 -0.375239
v 0.0948783 0.206097 -0.357471
v 0.0904802 0.161273 -0.364107
v 0.0604954 0.203454 -0.365597
v 0.17358 0.0818367 -0.298269
v 0.16423 0.0715093 -0.298598
v 0.179526 0.180052 -0.304793
v 0.0652869 -0.0619157 -0.25467
v 0.225158 0.0577282 0.221567
v 0.152393 0.203025 -0.325784
v 0.220674 0.0662229 0.231088
v 0.177617 0.129338 -0.310994
v 0.194463 0.129769 -0.294803
v 0.159711 0.139832 -0.326093
v 0.0170087 -0.0253464 -0.295623
v 0.206792 0.12684 -0.280861
v 0.220413 0.123188 -0.265175
v 0.153689 0.189541 -0.327487
v 0.110196 -0.0394257 -0.24335
v 0.26023 0.241736 -0.195275
v 0.175156 0.221498 -0.300973
v 0.162779 -0.0135012 -0.22579
v 0.14553 0.00847129 -0.259087
v -0.0817831 0.0176285 0.289413
v 0.169799 -0.0260379 -0.206844
v 0.129792 -0.265128 0.0323426
v 0.238516 0.0741719 -0.223581
v 0.245996 -0.0576747 0.093968
v 0.220426 0.0836118 -0.253513
v 0.211816 0.0554638 -0.246204
v 0.227107 0.00461611 -0.178362
v 0.219497 -0.0152328 -0.165987
v 0.200742 -0.0183659 -0.184788
v 0.222806 0.104323 -0.258952
v 0.230414 0.0877746 -0.242948
v 0.244267 0.271755 -0.205821
v 0.21703 0.0350012 -0.22258
v 0.213075 0.0170503 -0.21023
v 0.242048 0.0299328 -0.182264
v 0.173516 -0.0449612 -0.180472
v 0.19797 -0.0471816 -0.151164
v 0.130638 0.00280848 -0.265153
v 0.147118 0.393805 0.192573
v 0.275302 0.116519 0.0274535
v 0.168222 -0.17945 -0.0801445
v 0.154875 -0.158133 -0.122985
v 0.160263 -0.15323 -0.109134
v 0.286543 0.127475 -0.0448801
v 0.288261 0.21013 -0.0502056
v 0.212168 -0.0317071 -0.155133
v 0.131879 -0.253275 0.0324631
v 0.180241 -0.101657 -0.100334
v 0.289176 0.153026 -0.0548008
v 0.166899 -0.158397 -0.0861138
v 0.167084 -0.175078 -0.101745
v 0.210667 -0.346003 -0.197338
v 0.200271 -0.123313 -0.0185514
v 0.279113 0.163887 0.00666791
v 0.165814 -0.175554 -0.0069422
v 0.255099 0.0667406 0.129266
v 0.267903 0.0941946 0.0717089
v 0.212683 -0.355174 -0.179456
v 0.185719 -0.140417 -0.0249823
v 0.190391 -0.108918 -0.068218
v 0.1907 -0.122703 -0.0413486
v 0.213902 -0.0991172 -0.024557
v 0.232436 -0.0526566 -0.0422223
v 0.274233 0.0840546 0.029032
v -0.262978 0.304742 -0.0643616
v 0.244125 -0.0657765 -0.0121113
v 0.250898 0.259106 0.0481363
v 0.260076 -0.0406275 0.0711868
v 0.247648 -0.0887322 0.083789
v 0.204517 -0.0510164 -0.137191
v 0.234856 -0.0609352 0.112323
v 0.247854 -0.0227961 0.105641
v 0.210014 -0.0246288 0.177843
v -0.157249 -0.0965913 0.15632
v 0.237973 -0.139105 0.0869961
v 0.143849 -0.0854506 -0.165353
v 0.232219 0.259289 -0.22572
v 0.213547 -0.0114071 0.181294
v 0.234649 -0.135873 0.0980875
v 0.234776 -0.0935927 0.106818
v 0.220489 -0.167393 0.113496
v -0.258591 0.314964 -0.0738584
v -0.246202 0.304824 0.0149155
v 0.173834 0.348952 0.131638
v -0.23233 0.315801 0.053277
v 0.132074 -0.359978 0.011862
v 0.232536 0.319023 0.0307991
v 0.0152642 -0.141373 0.221217
v 0.244739 0.00493666 0.131586
v -0.261824 0.207612 0.0560004
v -0.24626 0.246491 0.0906346
v 0.179142 -0.297012 -0.0827727
v 0.19656 -0.030478 0.197907
v 0.191206 -0.0392589 0.203155
v 0.194615 -0.00827217 0.212132
v 0.193381 -0.317871 -0.138158
v 0.187184 -0.00840999 0.219916
v -0.283076 0.147124 -0.0375262
v 0.211167 -0.00464845 0.192529
v -0.285227 0.156312 -0.0473689
v -0.27071 0.114991 0.0279426
v -0.273114 0.118214 0.0137644
v -0.24463 0.29867 0.034749
v -0.265417 0.291379 -0.0432005
v -0.258595 0.301794 -0.0350761
v 0.0954412 0.449268 -0.124638
v 0.150793 0.0423834 0.255488
v 0.128363 0.0484702 0.245881
v 0.119848 0.383489 0.117951
v 0.255237 -0.0794837 0.00368948
v 0.237106 0.307377 0.0340968
v 0.103056 0.198033 0.145606
v -0.2827 0.113288 -0.0449469
v -0.144746 0.244907 0.243627
v 0.165407 -0.233917 -0.0342464
v -0.290352 0.148158 -0.0767674
v 0.225353 0.0835332 0.217571
v 0.0817663 0.129229 0.222862
v -0.290646 0.161516 -0.0755206
v -0.291005 0.172343 -0.0752506
v -0.256963 0.193375 0.0770693
v -0.24399 0.221258 0.108281
v -0.10618 0.389497 0.122248
v -0.133311 0.443335 0.245036
v 0.230161 0.0409211 0.204641
v -0.0962683 0.397187 0.196183
v 0.0306251 -0.14025 0.227375
v -0.0895006 0.383541 0.177791
v 0.101434 0.116626 0.235714
v 0.0805308 0.335138 0.234046
v 0.0824813 0.10797 0.23352
v 0.163999 -0.249239 -0.0322992
v 0.180128 -0.425843 -0.0736825
v 0.179726 -0.38193 -0.0733127
v 0.186624 -0.416947 -0.0906845
v -0.167153 0.370173 0.23471
v 0.00125355 0.0645666 0.372664
v 0.0189618 0.0722544 0.367095
v 0.0275744 0.0634086 0.365974
v 0.0214325 0.0514244 0.373267
v -0.165422 0.417454 0.289988
v 0.162941 -0.283285 -0.0305812
v -0.212518 -0.133406 0.126629
v -0.153394 0.325973 0.223488
v -0.151479 0.345877 0.239987
v 0.186144 0.45666 0.316528
v 0.165008 -0.272309 -0.035442
v 0.0703674 0.352181 0.21406
v -0.0876852 0.203209 0.267325
v 0.187312 -0.330198 -0.116669
v -0.159548 0.337124 0.220489
v -0.159114 0.398465 0.280641
v -0.0781472 0.391237 0.124182
v 0.253149 0.245471 0.0527149
v -0.0949364 0.231295 0.268531
v 0.194076 -0.367535 -0.133077
v -0.0168574 0.165887 0.26249
v 0.00444955 -0.220428 -0.26886
v 0.0674415 0.440177 0.0291914
v -0.144943 0.336176 0.238761
v 0.213845 0.0407593 0.232366
v -0.160713 0.43448 0.311369
v -0.293126 0.192146 -0.0882328
v 0.0423858 -0.178286 -0.248105
v 0.0734837 0.362539 0.207736
v 0.190872 -0.281406 -0.143539
v 0.259625 0.232274 0.0442578
v -0.0161051 0.127725 0.30779
v 0.1818 -0.253437 -0.148988
v -0.0305806 0.207808 0.26745
v -0.0420223 0.203306 0.268636
v -0.0332754 0.197004 0.262644
v 0.034386 -0.18732 -0.253687
v 0.211908 -0.367837 -0.173773
v 0.218279 0.0532176 0.232262
v -0.0227395 0.172402 0.252697
v 0.202675 -0.317764 -0.176079
v 0.197565 -0.300117 -0.159232
v 0.225767 -0.39319 -0.211266
v 0.267924 -0.031495 0.0056244
v 0.219951 -0.376781 -0.194366
v 0.189025 -0.27503 -0.157166
v 0.177782 -0.268706 -0.180031
v 0.0682827 0.435521 0.0409149
v -0.236843 0.252433 0.119791
v 0.20558 -0.334442 -0.196557
v 0.0804625 0.42956 0.0467593
v 0.185189 -0.28881 -0.188265
v 0.207729 -0.38517 -0.247788
v 0.211464 -0.373246 -0.231589
v 0.0386518 -0.201307 -0.257079
v 0.050569 -0.201279 -0.252598
v 0.058528 -0.195255 -0.2468
v 0.105489 0.407934 0.237076
v -0.132526 0.279412 0.242437
v -0.14838 0.387109 0.279979
v 0.0931133 0.191837 -0.360764
v 0.0767935 -0.236917 -0.255417
v -0.10877 0.432208 0.279415
v 0.218623 -0.394194 -0.233796
v 0.205851 -0.407656 -0.159672
v -0.14038 0.374052 0.274378
v -0.191987 -0.423264 -0.128795
v 0.2284 0.048783 0.212153
v 0.0696287 -0.216592 -0.249821
v 0.217956 -0.402086 -0.182862
v 0.18941 -0.354299 -0.115523
v 0.171009 -0.259703 -0.054039
v 0.173355 -0.248052 -0.075005
v 0.0574803 -0.230681 -0.261096
v 0.182223 -0.00037043 -0.222359
v 0.174692 -0.372945 -0.0611182
v 0.216344 -0.154418 0.13159
v 0.0728362 0.0592139 -0.342786
v 0.189488 -0.425786 -0.0972481
v 0.105638 -0.266789 -0.253781
v 0.0144097 0.0942289 -0.371368
v 0.198833 -0.410676 -0.136089
v 0.181092 -0.300759 -0.0953479
v 0.195614 -0.378406 -0.136165
v -0.269806 0.049835 0.00654514
v 0.158541 -0.33908 -0.261901
v 0.141502 -0.257408 -0.217804
v 0.096711 -0.243276 -0.246817
v 0.131092 -0.23877 -0.21499
v 0.067285 0.101094 -0.367245
v -0.154809 0.489039 0.309981
v 0.166988 -0.308502 -0.230517
v -0.15704 0.483985 0.299166
v -0.156971 0.492159 0.323058
v -0.153632 0.471244 0.333366
v -0.288983 0.168892 -0.0652808
v 0.170497 -0.248415 -0.171277
v 0.170181 -0.267022 -0.1906
v 0.152075 -0.2648 -0.211991
v 0.188022 -0.345791 -0.237978
v -0.164647 0.491921 0.313727
v -0.165208 0.471205 0.333285
v 0.0959355 -0.255789 -0.253791
v -0.163541 0.488165 0.305368
v 0.097734 -0.324777 -0.288729
v -0.175896 0.481078 0.317369
v -0.0103296 -0.358403 -0.318214
v -0.15934 0.461476 0.330424
v 0.00851664 -0.368807 -0.317253
v 0.262406 0.280697 -0.173446
v 0.063528 0.338373 0.216239
v -0.290138 0.180952 -0.0687775
v 0.025777 -0.252997 -0.278398
v 0.0824606 -0.3526 -0.306774
v 0.078472 -0.365304 -0.310783
v 0.0449423 -0.297869 -0.29253
v 0.0566999 -0.273519 -0.280097
v 0.116957 -0.314311 -0.274037
v 0.0603928 0.0023534 -0.30383
v 0.0791246 0.0497632 -0.333056
v 0.106092 -0.318994 -0.281972
v 0.264971 0.237549 0.0261014
v -0.143688 0.464642 0.272973
v -0.121092 0.0132939 -0.281793
v 0.129566 -0.337513 -0.27985
v 0.249984 0.0398945 0.145643
v 0.0625515 0.365366 0.175774
v 0.246335 0.0499571 0.161625
v -0.19056 0.348713 0.138186
v 0.263525 0.0612882 0.0927214
v -0.173858 0.36318 0.150735
v 0.162164 -0.463283 -0.0469554
v -0.234522 0.307593 0.062294
v -0.179802 0.324793 0.191171
v 0.164305 -0.37959 -0.0389853
v 0.236743 0.291349 0.0527508
v 0.163275 -0.355193 -0.0353646
v -0.160414 0.480642 0.336591
v 0.11013 0.447078 -0.10397
v -0.17027 0.352223 0.195158
v -0.193745 0.321972 0.172198
v 0.0668208 0.197283 0.190889
v -0.170682 0.340973 0.198715
v -0.177788 0.314086 0.198509
v -0.194082 0.303528 0.1836
v 0.231517 -0.0671639 -0.0254833
v 0.138862 -0.378836 0.000597974
v 0.11467 -0.234099 -0.228548
v 0.121993 -0.257881 -0.237064
v 0.258355 0.0734597 0.114648
v -0.0666807 0.0261966 0.294979
v 0.120533 -0.218428 -0.212412
v -0.144038 0.280562 0.235524
v -0.229191 0.231961 0.146482
v -0.222156 0.258333 0.153897
v -0.216088 0.281516 0.15785
v 0.118789 -0.204911 -0.205374
v -0.211158 0.200117 0.173632
v -0.204133 0.285418 0.176403
v 0.26501 0.0956752 0.0844052
v 0.0843816 -0.0966112 0.131952
v -0.197255 0.26976 0.1895
v 0.137615 -0.225525 -0.198358
v 0.260001 -0.0230248 -0.0156566
v 0.133248 -0.279865 -0.242082
v -0.18921 0.232696 0.202584
v -0.186304 0.241407 0.206052
v 0.269391 0.0151146 0.0567338
v -0.206858 0.304171 0.161179
v 0.188824 -0.117514 0.197802
v 0.143006 -0.321946 -0.262695
v -0.213517 0.302696 0.147028
v -0.210609 0.224848 0.175125
v -0.206616 0.211327 0.179545
v -0.255523 0.181525 0.0858969
v -0.240712 0.205613 0.124911
v 0.151659 -0.304699 -0.243239
v 0.234449 -0.0206722 -0.134346
v -0.269716 0.164094 0.0384051
v -0.262396 0.0816252 0.0679892
v -0.268922 0.0847812 0.028888
v 0.187871 -0.0840579 0.205422
v -0.263655 0.0465813 -0.16013
v 0.140543 -0.19043 -0.17012
v 0.269306 0.0426231 0.0617532
v 0.133361 -0.190928 -0.179626
v 0.157464 -0.427971 -0.0322336
v 0.135157 -0.309763 0.0152208
v 0.135783 -0.202946 -0.185117
v 0.270566 0.05751 0.0537832
v 0.0353684 -0.127888 0.261811
v -0.293385 0.202605 -0.109568
v -0.293942 0.191065 -0.101981
v -0.293068 0.203726 -0.0958152
v -0.272097 0.282155 -0.131549
v -0.281188 0.257994 -0.134767
v -0.28058 0.268564 -0.110125
v 0.173554 -0.355607 -0.260458
v -0.260361 0.305369 -0.129812
v 0.0830166 0.374305 0.17572
v -0.279575 0.202265 -0.0157073
v -0.269187 0.206908 0.0307906
v -0.286605 0.228523 -0.0617032
v 0.272181 0.0318349 0.0372729
v 0.265236 -0.00868655 -0.0132459
v -0.276476 0.278331 -0.0848509
v 0.170031 -0.276529 -0.199843
v 0.161766 -0.27597 -0.210059
v 0.184084 -0.315813 -0.216645
v -0.285511 0.25125 -0.0879102
v 0.0114778 -0.181675 -0.25568
v -0.287732 0.240133 -0.083215
v -0.289643 0.22942 -0.0855126
v -0.256937 0.316417 -0.106793
v -0.25412 0.323194 -0.0838768
v 0.227852 0.306841 -0.207834
v -0.154579 -0.279804 -0.222577
v 0.00688135 -0.171398 -0.253133
v -0.283662 0.24619 -0.138765
v -0.17113 0.396922 -0.165368
v -0.162788 0.40515 -0.160832
v -0.153516 0.404521 -0.180538
v -0.184284 0.357095 -0.212988
v -0.18227 0.342368 -0.232746
v -0.193238 0.362743 -0.190893
v -0.174752 0.368418 -0.211138
v 0.262032 -0.0337202 -0.00630573
v -0.188526 0.37872 -0.170167
v -0.183084 0.392235 -0.149522
v -0.110646 0.437271 -0.151442
v 0.275111 0.0730007 0.0211941
v 0.00551482 -0.191079 -0.258948
v -0.101236 0.422448 -0.211442
v -0.123856 0.418089 -0.194007
v -0.00816641 -0.344962 -0.313393
v -0.131946 0.42793 -0.146583
v -0.130138 0.431426 -0.133528
v -0.133885 0.420177 -0.172784
v 0.240042 -0.0277635 -0.0978663
v -0.153681 0.413017 -0.155895
v -0.0394147 -0.492772 -0.00590036
v 0.0305111 -0.274893 -0.286146
v -0.0666945 0.43551 -0.211948
v 0.274762 0.0358332 0.00989945
v 0.273704 0.0162663 0.0152425
v -0.281485 0.263041 -0.122547
v -0.0844007 0.341393 -0.30685
v -0.112344 0.406829 -0.228283
v 0.0804943 0.346289 0.233689
v -0.144456 0.365634 -0.247462
v 0.0592751 -0.297668 -0.289402
v -0.0894949 0.383622 -0.270132
v -0.111693 0.389127 -0.250764
v 0.25008 0.278701 -0.194615
v 0.0579648 -0.3452 -0.308938
v -0.0703595 0.266257 -0.349645
v -0.0187826 0.24575 -0.360632
v -0.104447 0.263822 -0.338968
v 0.0825007 0.367924 0.231751
v -0.0767196 0.318742 -0.325212
v -0.0607942 0.339403 -0.319144
v -0.0574617 0.294509 -0.34257
v 0.0701026 -0.271724 -0.274836
v -0.0463152 0.300813 -0.342604
v -0.0361058 0.281295 -0.350956
v 0.0806546 -0.293884 -0.281136
v 0.0187713 0.255893 -0.358524
v -0.0416107 0.35724 -0.313765
v -0.0358523 0.334779 -0.329227
v -0.0870915 -0.143011 -0.208244
v -0.0239073 0.300715 -0.345812
v -0.121302 -0.158088 -0.176883
v -0.0142951 0.283339 -0.351801
v 0.0525636 0.241076 -0.359285
v 0.0629296 0.217272 -0.362571
v 0.097666 0.453174 -0.0747269
v 0.21974 -0.0880364 0.134699
v -0.186864 -0.0807019 0.190898
v 0.0792695 0.268483 -0.346438
v 0.0509138 0.329625 -0.327727
v 0.0703526 0.315559 -0.328955
v 0.0672135 0.306227 -0.33472
v 0.0662515 0.292679 -0.341039
v 0.14391 0.401657 -0.208314
v 0.0322477 0.258317 -0.35722
v 0.00841561 0.346689 -0.326448
v -0.162306 -0.311093 -0.239221
v 0.104027 0.307598 -0.317362
v 0.117734 0.283212 -0.323146
v 0.0923806 0.28792 -0.333422
v 0.0982752 0.318966 -0.313466
v -0.276829 0.275726 -0.120945
v -0.106301 -0.140852 -0.188015
v 0.0304259 0.278361 -0.352257
v 0.0253455 0.291703 -0.348363
v 0.0214275 0.317006 -0.33919
v 0.214586 0.23979 -0.253246
v 0.236085 0.215505 -0.234156
v 0.178408 0.258424 -0.284696
v 0.162348 0.387939 -0.206846
v 0.193971 0.270872 -0.263751
v 0.125808 0.259789 -0.328718
v 0.130193 0.278969 -0.317695
v 0.0984437 0.349407 -0.293381
v -0.103434 0.210005 0.206402
v 0.258235 0.035663 0.11318
v 0.137898 0.302731 -0.299988
v 0.271372 0.0427371 -0.11732
v 0.150227 0.384389 -0.226095
v 0.153832 0.343418 -0.261071
v 0.178754 0.327205 -0.250772
v 0.199618 0.317938 -0.235714
v 0.263205 0.0645818 -0.171717
v 0.253933 0.0579659 -0.185781
v 0.262731 0.0853357 -0.18833
v 0.248023 0.043471 -0.184498
v 0.270577 0.108068 -0.181672
v 0.258896 0.102648 -0.204419
v -0.142488 -0.14657 -0.139407
v 0.239852 0.127125 -0.239625
v 0.245814 0.0959981 -0.224495
v 0.232286 0.120291 -0.249959
v -0.0244644 0.122565 0.298429
v 0.277727 0.129731 -0.17064
v 0.278182 0.104374 -0.160831
v 0.250425 0.036152 -0.172511
v 0.191748 -0.0782771 -0.114408
v 0.135076 -0.154093 0.240608
v -0.192622 -0.38909 -0.263635
v 0.252528 0.00066823 -0.11683
v 0.243543 -0.023116 -0.088391
v 0.234847 -0.039628 -0.079451
v -0.136232 -0.143533 -0.147923
v 0.218622 -0.0316402 -0.146099
v 0.220827 -0.0610158 -0.0804723
v 0.203608 -0.0896912 -0.0656867
v 0.219339 -0.0580792 -0.0969355
v 0.205874 -0.0588966 -0.123245
v 0.254569 0.0100733 -0.12795
v 0.256983 0.0278207 -0.147584
v 0.265246 0.0289148 -0.11942
v 0.262375 0.0512415 -0.161796
v -0.089949 -0.131355 -0.202891
v -0.172128 -0.369339 -0.273757
v -0.27712 0.27014 -0.132985
v -0.0977869 -0.288687 -0.271135
v 0.251873 -0.0176859 -0.0389247
v -0.121592 -0.346178 -0.289315
v 0.254262 -0.035809 -0.0170602
v 0.253455 -0.00904931 -0.0503924
v -0.0699804 -0.276541 -0.277066
v -0.0558549 0.13694 0.223418
v 0.167464 -0.20067 0.186488
v -0.0880535 -0.302911 -0.282827
v -0.105773 -0.363288 -0.303788
v 0.0559802 0.0230286 0.327013
v 0.2619 -0.00729852 0.0806349
v 0.11997 0.328478 0.249925
v 0.12466 -0.152311 0.249464
v -0.0456374 -0.321248 -0.302496
v 0.230888 0.00200696 0.158793
v -0.0216462 -0.246394 -0.277274
v -0.164636 0.359563 -0.234202
v 0.233661 0.0389118 0.194419
v -0.266472 0.293839 -0.130456
v 0.15442 0.00663414 0.240858
v -0.161073 0.389846 0.269501
v -0.19122 -0.283625 -0.155511
v -0.17042 0.396606 0.238297
v -0.219 -0.37328 -0.213595
v 0.20353 0.0514163 0.249334
v 0.202572 0.0651659 0.254736
v -0.217779 -0.378155 -0.226767
v -0.240392 0.119817 0.151969
v 0.268764 0.0624183 -0.156009
v -0.249992 0.0951921 0.120151
v 0.193591 0.0418983 0.252452
v 0.180398 0.0236421 0.246446
v -0.187072 -0.275069 -0.166594
v -0.0765072 -0.12235 -0.213961
v -0.174284 -0.256391 -0.174035
v -0.199607 -0.329993 -0.207395
v -0.21047 -0.350926 -0.208473
v -0.258657 0.141622 0.0831062
v 0.236726 -0.0378283 -0.0678297
v 0.108818 0.331015 0.24996
v -0.207608 -0.370447 -0.236745
v -0.196352 -0.36827 -0.249642
v -0.0221927 -0.0365385 0.283522
v 0.272853 0.00335683 0.0146847
v -0.199106 -0.308986 -0.164916
v -0.263389 0.00399163 0.0429306
v -0.0832837 -0.0839769 -0.229669
v -0.0787486 -0.0935709 -0.225478
v 0.107184 0.108208 0.239784
v -0.155692 -0.106762 -0.127421
v 0.179891 -0.0153863 0.223954
v 0.123683 0.319201 0.243691
v 0.0223565 -0.317078 0.0575362
v 0.224232 -0.0747884 -0.0313478
v 0.0599344 -0.313295 0.0564331
v 0.0720818 -0.414978 0.0289063
v 0.0856032 -0.434835 0.0228206
v 0.107433 -0.338795 0.037756
v 0.118644 -0.483847 -0.00431613
v 0.107638 -0.465016 0.0100712
v 0.268966 0.0298082 -0.0687284
v -0.164125 -0.0978664 -0.12641
v 0.272838 0.0422558 -0.0938343
v 0.082925 0.149112 0.195205
v 0.109059 -0.385876 0.0266927
v 0.103747 -0.361728 0.0351146
v 0.128146 -0.337169 0.0200123
v -0.0451423 -0.0578195 -0.266556
v 0.12182 0.158698 0.153815
v -0.0340333 -0.0779216 -0.257204
v 0.117888 -0.440919 0.00909982
v 0.129558 0.166941 0.146825
v -0.056966 0.318122 -0.332736
v -0.136876 -0.0746033 0.14139
v -0.173275 -0.297391 -0.0848773
v 0.0964346 0.159721 0.159761
v -0.167371 -0.276994 -0.0651919
v -0.178492 -0.238224 -0.125873
v 0.0691288 0.182559 0.160827
v -0.26139 0.298953 -0.141007
v -0.125653 0.214575 -0.34381
v 0.0773909 0.177187 0.153889
v 0.192342 -0.436516 -0.105094
v 0.169534 -0.446929 -0.119921
v -0.188722 -0.37325 -0.128748
v 0.267777 0.0290131 -0.0931368
v 0.106489 0.15309 0.165804
v 0.117085 0.149135 0.171074
v 0.156519 -0.399568 -0.247601
v -0.189315 -0.423709 -0.117871
v -0.187002 -0.402765 -0.114667
v -0.19274 -0.400616 -0.136412
v 0.0976001 0.254252 -0.344663
v -0.17792 -0.31406 -0.100585
v 0.121733 0.375511 -0.258413
v 0.137662 0.176649 0.141835
v 0.145041 0.187154 0.139535
v 0.0491951 -0.458688 0.0187155
v 0.11019 0.177726 0.142407
v 0.00903191 -0.45496 0.0221478
v 0.081465 0.202343 0.155718
v -0.161734 -0.345883 -0.0473839
v 0.051563 0.226749 -0.362537
v 0.0695589 0.196135 0.162269
v -0.161061 -0.434395 -0.0531587
v -0.0721151 -0.0601012 -0.253516
v -0.156175 -0.290859 -0.0336076
v -0.0843657 -0.0572092 -0.248552
v -0.113763 -0.0499723 -0.232877
v -0.098906 -0.0688029 -0.22963
v -0.135732 -0.34884 -0.00180152
v -0.149916 -0.434766 -0.0334567
v -0.147342 -0.317678 -0.0167505
v -0.128983 -0.423703 -0.00498081
v 0.0768581 0.207299 0.169254
v 0.0883055 0.214241 0.177409
v -0.128525 -0.445427 -0.00827164
v -0.105511 -0.0466481 -0.241596
v -0.127475 -0.348461 0.00895253
v 0.271845 -0.0174682 0.0246554
v 0.279575 0.0744777 -0.128958
v -0.13827 -0.473167 -0.027143
v 0.189769 0.327023 0.126128
v -0.130093 -0.0672195 -0.202796
v -0.106876 -0.0756877 -0.217334
v -0.129953 -0.456953 -0.0112425
v 0.061412 0.185217 0.208601
v -0.0972384 -0.467796 0.0107011
v -0.120457 -0.0651291 -0.214214
v -0.117628 -0.087859 -0.19493
v 0.279485 0.0678673 -0.117713
v 0.0842571 0.457328 -0.0769252
v 0.0433476 0.149279 0.244614
v 0.0620472 0.138851 0.222691
v -0.107568 -0.0875685 -0.205663
v -0.0674701 -0.385017 0.0367389
v 0.0166592 -0.135013 0.243994
v -0.0487729 0.275716 -0.351026
v -0.0754316 -0.48603 0.00924063
v -0.0549315 -0.492518 0.00545867
v 0.0356025 0.160858 0.252001
v -0.0584106 -0.34 0.0489228
v -0.0423207 -0.359342 0.0447762
v 0.0541559 0.103264 0.263656
v 0.0361981 0.172679 0.2481
v 0.0292584 0.159692 0.263565
v 0.27411 0.0450601 -0.0685018
v -0.0208309 -0.329329 0.0539203
v 0.021 0.1675 0.265932
v -0.044128 -0.148491 -0.238806
v 0.00418565 -0.435542 0.0273538
v -0.100838 -0.334853 0.0375519
v -0.0353157 -0.139585 -0.239219
v -0.0801526 -0.342122 0.0457922
v 0.116163 0.310168 0.242483
v -0.097143 -0.447791 0.0147806
v -0.117024 -0.468462 -0.0011254
v -0.051442 0.210763 0.27278
v -0.0465419 -0.13678 -0.234599
v -0.0397918 0.215372 0.271812
v -0.0385859 0.228175 0.271191
v -0.0589908 0.218342 0.274125
v -0.120182 -0.479118 -0.00803139
v -0.0502401 0.27615 0.252877
v -0.119518 -0.37534 0.0135257
v -0.110075 -0.480056 0.000288764
v 0.0809979 0.321945 0.2353
v -0.00546462 -0.494169 0.00249956
v -0.000398777 -0.491798 -0.00855819
v -0.265268 0.0500133 0.0415229
v 0.121848 -0.445988 -0.121268
v 0.0511042 -0.454407 -0.0997413
v -0.00901924 0.186421 0.254598
v 0.258282 -0.00447804 -0.0382732
v -0.063108 -0.155245 -0.23131
v -0.0658538 -0.144001 -0.225734
v 0.186612 -0.424324 -0.178721
v 0.012893 -0.419569 -0.195131
v -0.00637899 0.196548 0.251727
v 0.240994 0.238596 -0.222448
v 0.194076 0.391383 -0.00298147
v 0.112504 0.0235446 -0.293771
v 0.21978 0.29535 0.0899043
v -0.0357821 -0.398005 -0.252596
v 0.0908956 0.0388164 -0.318522
v -0.120916 -0.415939 -0.204828
v -0.0888482 0.31969 0.242979
v -0.168859 -0.426684 -0.176602
v -0.197644 -0.421526 -0.186843
v -0.100932 0.322054 0.246071
v -0.183124 -0.440187 -0.133223
v 0.131839 0.410718 0.213116
v -0.0703334 -0.173392 -0.232901
v 0.165971 -0.020152 -0.21651
v -0.0855661 -0.157176 -0.214816
v -0.0783763 -0.167393 -0.224868
v -0.266982 0.287975 -0.141743
v -0.115216 -0.182795 -0.197573
v 0.191066 0.39758 -0.0120057
v -0.257928 0.219525 0.0636636
v -0.27785 0.120961 -0.0143392
v -0.149349 -0.0978834 0.195198
v -0.134945 0.316649 0.235891
v -0.120359 -0.175883 -0.187657
v -0.274905 0.197479 0.00870123
v 0.13943 0.335419 0.251159
v -0.24742 0.212343 0.100483
v 0.153511 0.370965 -0.237353
v -0.112759 -0.131658 -0.177962
v 0.175681 0.303408 -0.26844
v -0.28353 0.100031 -0.0634209
v -0.115096 0.440323 0.28852
v 0.187955 0.23403 -0.284884
v -0.154946 0.369305 0.258591
v -0.289845 0.152388 -0.139758
v 0.176258 0.00518487 -0.233021
v -0.249522 0.211733 -0.219078
v -0.0603159 0.340201 0.220879
v 0.210775 -0.343881 -0.186513
v -0.0983847 0.382392 0.149709
v 0.194734 -0.292717 -0.166976
v 0.132997 0.337135 -0.282266
v -0.25444 0.161826 -0.220303
v -0.137251 0.385086 0.120128
v 0.204355 -0.34415 -0.159613
v 0.187142 -0.342344 -0.108625
v -0.153554 0.387757 0.188961
v -0.161481 0.38662 0.20131
v 0.183076 -0.392019 -0.0817362
v -0.0798982 -0.112064 -0.213602
v -0.240539 0.310618 -0.176441
v -0.0987868 -0.130177 -0.193943
v 0.147846 -0.295042 -0.239791
v 0.131331 0.346901 -0.27636
v -0.111721 0.38697 0.169504
v -0.120528 0.384898 0.160676
v 0.17083 -0.330109 -0.243304
v 0.272187 0.0206246 -0.00642156
v -0.257115 0.0372921 -0.165467
v -0.147332 0.379485 0.152599
v -0.157888 0.375022 0.148681
v -0.168279 0.363918 0.192615
v 0.0737169 -0.010197 -0.288228
v -0.157194 0.292118 -0.289975
v -0.110288 -0.119296 -0.180897
v -0.0858104 0.381038 0.149057
v -0.105909 0.383467 0.160622
v -0.135662 0.0208537 -0.278502
v 0.165548 -0.393291 -0.0423388
v 0.131864 -0.404342 0.00416198
v -0.0191015 -0.290766 -0.293737
v -0.187925 0.277601 -0.268224
v 0.281767 0.0745611 -0.106241
v -0.102225 -0.118965 -0.190211
v -0.145287 0.381799 0.165532
v -0.0233079 -0.0863553 -0.254103
v -0.0210753 -0.0746232 -0.261823
v -0.157891 -0.0859651 -0.14811
v -0.132562 -0.0988616 -0.165518
v -0.0620815 -0.0898678 -0.238447
v -0.25039 0.252351 0.0717009
v 0.0901806 0.329526 0.24085
v -0.103322 0.447488 -0.0704038
v -0.0483341 -0.092209 -0.243316
v -0.0682292 0.45881 -0.05414
v -0.0459015 -0.0806689 -0.251777
v -0.0910034 -0.175341 -0.21782
v -0.193409 0.388706 -0.127668
v -0.155743 0.41992 -0.116123
v -0.0934688 0.444345 -0.0206218
v 0.172654 0.247541 0.219607
v 0.27734 0.056492 -0.0740994
v -0.183389 0.4032 -0.0551985
v -0.172693 0.411837 -0.0735003
v -0.193517 0.395797 -0.0799971
v 0.270472 -0.00513549 0.00243185
v -0.243367 0.339858 -0.0919199
v -0.218228 0.363666 -0.127049
v 0.21647 0.284858 0.114422
v -0.145986 0.425906 -0.114306
v -0.274078 0.210867 0.00701925
v -0.27944 0.213274 -0.0191455
v -0.2271 0.337426 0.0183179
v -0.239788 0.340046 -0.049382
v -0.118618 0.413489 0.0466909
v 0.269798 0.0181477 -0.020325
v -0.148864 0.402695 0.0388234
v -0.140238 -0.135298 -0.138966
v -0.168231 0.39122 0.0388712
v -0.231575 0.351047 -0.0458358
v -0.21502 0.371026 -0.0393298
v -0.222042 0.367071 -0.0644587
v -0.206199 0.373871 -0.011823
v -0.195695 0.389675 -0.0342236
v -0.17518 0.406172 -0.0345226
v -0.155267 0.4197 -0.0406524
v -0.13317 0.431343 -0.0372242
v -0.209689 0.38103 -0.083365
v -0.227746 0.360972 -0.0900179
v 0.242272 -0.0500487 -0.0238911
v -0.204097 0.383975 -0.105973
v -0.162179 0.418349 -0.0668093
v -0.163953 0.417002 -0.0959645
v -0.139729 0.431202 -0.0669226
v 0.232066 0.264719 0.0931095
v 0.267346 0.0165667 -0.0344994
v -0.10106 0.447629 -0.0997115
v -0.0676587 0.384229 -0.281725
v 0.264539 0.003065 -0.0259979
v -0.066695 0.440317 -0.199358
v -0.0489172 0.458637 -0.145066
v -0.153199 -0.131004 -0.118767
v -0.0595718 0.237586 -0.35913
v 0.0788004 0.377675 -0.281758
v 0.276725 0.0540801 -0.0407784
v 0.280596 0.0713524 -0.06048
v 0.0831535 0.412901 -0.242256
v 0.0800464 0.453072 -0.131819
v 0.0830944 0.449929 -0.148188
v 0.0635322 0.457683 -0.131927
v 0.0445206 0.460782 -0.142674
v 0.0476875 0.464316 -0.109337
v -0.0697447 -0.31715 -0.294291
v -0.0811326 0.212188 -0.360165
v 0.0158002 0.447455 -0.209839
v -0.12627 -0.11614 -0.160782
v -0.0557678 0.388951 -0.283403
v 0.0020666 0.369145 -0.312206
v -0.0138357 0.00589441 -0.319119
v -0.0249468 0.413396 -0.266871
v -0.0458012 -0.2752 0.172169
v -0.00231301 0.0072696 -0.320396
v 0.198065 0.273597 0.172827
v -0.0227075 0.374489 -0.305826
v -0.0175379 0.462864 -0.149728
v -0.0121321 0.461012 -0.164235
v -0.0663241 -0.0223536 -0.283462
v 0.275437 0.0494096 -0.0536482
v -0.032131 0.433201 -0.236327
v -0.0451219 0.420152 -0.251876
v 0.0320131 -0.264937 0.0728241
v -0.0551133 0.440893 -0.206536
v -0.0272917 0.450449 -0.196803
v -0.0822566 -0.00167822 -0.292282
v -0.070722 0.400705 -0.263625
v 0.052189 0.364055 -0.305345
v -0.0786964 -0.0213666 -0.278488
v 0.0734922 0.411198 -0.249743
v 0.236816 0.260159 0.0831692
v -0.0387875 0.38492 -0.293333
v 0.287823 0.113998 -0.123037
v 0.11897 0.418253 -0.206747
v 0.0681471 0.446336 -0.182782
v 0.114511 0.432468 -0.178514
v -0.0334954 -0.0270349 -0.292114
v -0.0192601 -0.0328678 -0.290395
v 0.0311687 0.45313 -0.187504
v -0.0702704 0.0135058 -0.308387
v 0.0233765 0.460798 -0.16173
v 0.193583 -0.423397 -0.108986
v 0.0354805 0.405068 -0.274256
v -0.0503031 -0.0142286 -0.295975
v 0.0123335 0.42935 -0.247699
v -0.0605786 0.0113365 -0.310317
v 0.0104169 0.454149 -0.19119
v 0.00178831 0.460591 -0.168495
v 0.231175 0.282104 0.0757007
v 0.00192594 0.433379 -0.241801
v 0.0683223 0.0783934 -0.356814
v -0.00871335 0.435769 -0.236916
v 0.00769094 0.469399 -0.110726
v -0.0460527 0.405478 -0.270443
v -0.0358171 0.466014 -0.107686
v -0.0470378 0.376686 -0.297341
v -0.199354 -0.314168 -0.187048
v -0.0588742 0.378141 -0.291396
v 0.118089 0.355606 -0.277875
v 0.0790861 0.0715 -0.348952
v 0.17465 0.353915 -0.23366
v 0.284718 0.101478 -0.133274
v 0.13176 0.397299 -0.226787
v 0.15237 0.392006 -0.213491
v 0.133273 0.403992 -0.216038
v 0.259256 0.271333 -0.184971
v 0.237401 0.299296 -0.199498
v 0.250223 0.296389 -0.181882
v 0.217151 0.276559 -0.235615
v 0.0791191 0.0822265 -0.355604
v 0.256238 0.253161 -0.197403
v 0.185966 0.25421 0.200753
v 0.268989 0.249526 -0.178383
v -0.0219731 0.468075 -0.109253
v 0.072647 0.000656935 -0.297275
v 0.214392 0.342086 -0.193462
v 0.20471 0.333444 -0.217695
v 0.211301 0.308321 -0.228137
v 0.0842516 0.00942501 -0.298508
v 0.264232 0.288736 -0.162201
v 0.285767 0.0970451 -0.117759
v 0.266895 0.175612 -0.195614
v 0.270757 0.202623 -0.186297
v 0.274372 0.152466 -0.182974
v 0.284131 0.15249 -0.157516
v 0.279009 0.250083 -0.156004
v 0.277392 0.227396 -0.169822
v 0.284009 0.20304 -0.157786
v 0.260582 0.0100628 -0.0793418
v 0.246826 -0.0219135 -0.0520201
v 0.102004 0.0401958 -0.313178
v 0.284682 0.102531 -0.049939
v 0.194292 0.308992 0.146197
v 0.277473 0.067286 -0.00520151
v 0.281186 0.0753935 -0.0486148
v 0.271873 0.0312982 -0.0297752
v 0.176892 0.326087 0.172956
v 0.119168 0.0345723 -0.298643
v 0.20375 0.275057 0.160393
v 0.274236 0.0720772 -0.148317
v 0.213667 0.306336 0.0898903
v 0.244478 -0.03236 -0.0398167
v 0.292599 0.153721 -0.104262
v 0.0546353 0.0396375 -0.334054
v -0.275254 0.119969 0.00110733
v 0.28951 0.163992 -0.137285
v 0.288259 0.176315 -0.14331
v 0.291458 0.19661 -0.127811
v 0.284507 0.0877061 -0.106178
v 0.27984 0.0675275 -0.0724743
v 0.262915 0.00638823 -0.0390208
v 0.283119 0.0811748 -0.0949006
v 0.210377 0.263901 0.155117
v 0.00997318 0.0568473 -0.352942
v 0.00656181 0.0465044 -0.346901
v -0.193976 -0.333614 -0.220959
v 0.0193828 0.0524026 -0.349906
v 0.275868 0.0550345 -0.117173
v 0.269561 0.0354569 -0.105808
v 0.199698 0.237024 0.187253
v 0.254864 0.0528323 0.131012
v 0.0705864 -0.381962 0.0377384
v 0.276777 0.10932 0.0157762
v 0.250007 -0.0109742 -0.0888623
v 0.268961 0.0822431 0.0663792
v 0.187893 -0.44752 -0.101843
v 0.194743 0.22761 0.197836
v -0.0550455 0.0769744 -0.360243
v 0.233592 0.0506436 0.200634
v 0.104406 -0.407654 0.0243595
v 0.124535 -0.378403 0.0163045
v -0.19413 -0.320768 -0.147085
v -0.182117 -0.295865 -0.122003
v -0.182314 -0.359444 -0.104781
v 0.0398254 -0.437839 0.0246878
v -0.167254 -0.381693 -0.0613406
v 0.28461 0.177243 -0.15709
v 0.224596 0.0965667 0.21333
v 0.234234 0.0868852 0.193422
v -0.165098 -0.410325 -0.0596453
v -0.281252 0.139851 -0.0290235
v 0.146678 0.113431 0.251646
v -0.0668973 0.0741124 -0.355574
v -0.146487 -0.342172 -0.0176552
v 0.177118 0.0714415 0.269151
v -0.127847 -0.396653 0.000874766
v -0.0349476 0.0487133 -0.345963
v -0.0159912 0.0284553 -0.334655
v 0.147607 0.0769368 0.264884
v -0.173184 -0.215698 0.101565
v -0.142953 -0.417881 -0.0211825
v -0.0847397 -0.44844 0.0184186
v -0.0601563 -0.42408 0.0270593
v -0.0155009 0.0402483 -0.34245
v 0.264037 0.00442337 0.0786685
v 0.19362 0.112087 0.244426
v 0.166485 0.0980506 0.264234
v 0.180587 0.0961893 0.263014
v 0.173874 0.107256 0.256747
v 0.250538 -0.00984612 0.107637
v -0.0114335 -0.395882 0.0373366
v -0.0271004 -0.376231 0.0414057
v -0.098307 -0.402803 0.0245718
v 0.186581 0.082793 0.265845
v 0.155368 0.209231 0.149039
v -0.119908 -0.423424 0.00442221
v -0.0790832 -0.493053 0.00134261
v -0.126958 -0.481398 -0.0284806
v 0.28639 0.164478 -0.150599
v 0.137511 0.197862 0.13962
v 0.122244 0.218425 0.163577
v 0.049915 -0.441772 -0.133069
v 0.0281656 -0.466394 -0.0686038
v 0.118893 0.212751 0.152186
v 0.0999116 0.212924 0.158827
v 0.1937 -0.441188 -0.123633
v 0.19223 0.281882 0.17797
v -0.0682933 0.0460962 -0.335231
v 0.14699 0.131485 0.231815
v 0.147431 0.138537 0.219751
v -0.0755375 0.0560832 -0.340019
v 0.130262 0.141185 0.202739
v -0.0805273 0.0479066 -0.331353
v 0.106475 0.144112 0.190897
v 0.00239555 -0.416998 -0.201999
v 0.103845 -0.385625 -0.287696
v -0.0526993 0.0534536 -0.346251
v 0.126236 0.152355 0.163544
v 0.129944 0.147194 0.176081
v -0.0436018 0.0572108 -0.350357
v -0.0290703 -0.424083 -0.183123
v -0.0562841 0.0641532 -0.352251
v 0.159082 0.18658 0.144357
v 0.149225 0.176951 0.143691
v -0.132014 -0.418396 -0.198282
v 0.157734 0.172047 0.150878
v -0.0250416 -0.24174 0.109441
v 0.286806 0.190693 -0.148833
v 0.0220769 0.468404 -0.111149
v -0.117114 -0.0782344 0.127833
v 0.153985 0.161882 0.159331
v -0.219605 -0.4028 -0.229013
v 0.144079 0.166341 0.150074
v 0.171876 0.338918 0.188149
v 0.15158 0.329155 0.235022
v 0.161983 0.38853 0.199898
v 0.135455 0.217957 0.167089
v -0.0683468 0.0294421 -0.321104
v 0.112296 0.219222 0.173131
v 0.0999627 0.216903 0.169131
v 0.290204 0.186871 -0.0616438
v 0.101838 0.217793 0.182988
v 0.282641 0.146446 -0.0144981
v 0.11759 0.205843 0.228545
v -0.0409948 0.0397666 -0.338988
v 0.257782 0.0576038 0.11859
v 0.208301 0.151565 -0.277952
v 0.275133 0.0989647 0.0250102
v -0.0539308 0.0884153 -0.365916
v -0.253335 0.24165 0.068391
v -0.014491 0.0607821 -0.354679
v -0.283936 0.108551 -0.0565595
v -0.282005 0.123747 -0.037823
v 0.0732469 0.0900718 -0.361505
v -0.271262 0.178459 0.029558
v -0.20374 0.0311174 -0.236724
v -0.252658 0.194728 0.0903573
v 0.29014 0.186697 -0.135289
v -0.15263 0.377131 0.26805
v 0.137862 -0.0533735 -0.207137
v 0.290694 0.134415 -0.112467
v 0.0640845 0.185405 0.239927
v 0.195221 -0.0828634 -0.102816
v 0.289917 0.137645 -0.124331
v -0.2721 0.0761648 -0.16635
v 0.193187 -0.310554 -0.196945
v 0.17713 -0.251125 -0.160906
v -0.210189 0.0270036 -0.22624
v 0.211788 -0.407095 -0.173083
v 0.172045 -0.248082 -0.0611801
v -0.225086 0.0250135 -0.207039
v -0.222348 0.0343664 -0.219669
v 0.063991 0.202197 0.268663
v 0.0952237 -0.466855 0.0136922
v 0.106754 0.208894 0.151572
v 0.122569 -0.364611 -0.297401
v 0.100171 0.169898 0.148072
v 0.0436907 0.209962 0.268922
v -0.208037 0.0520537 -0.251284
v 0.0229738 0.19975 0.255599
v -0.216651 0.0604804 -0.248915
v -0.216302 0.050105 -0.241276
v 0.292127 0.144903 -0.0935825
v 0.0334943 0.204344 0.262777
v -0.188678 0.0101219 -0.228816
v -0.1558 0.0439805 -0.284837
v 0.0343894 0.191681 0.256661
v -0.224937 0.0014278 -0.182319
v 0.293468 0.16787 -0.105498
v 0.256517 0.185018 0.0830934
v -0.233486 0.00896462 -0.17815
v -0.230387 -0.00130099 -0.170985
v 0.241807 0.18653 0.12539
v 0.0121982 0.194067 0.251254
v -0.0288938 0.258426 0.257863
v -0.0090768 0.441249 -0.225797
v -0.235162 0.0187861 -0.186041
v -0.279531 0.239181 -0.0370034
v 0.00641586 0.261129 0.249916
v 0.125175 0.39729 0.0798682
v -0.00680977 0.243229 0.254161
v -0.00580259 0.256475 0.251945
v -0.158033 -0.00533866 -0.239666
v 0.134894 0.393917 0.0764443
v 0.0036512 0.234749 0.252176
v 0.0152996 0.240481 0.254457
v 0.00495181 0.248262 0.251999
v 0.168821 -0.4599 -0.0577855
v -0.0384135 0.240749 0.267988
v -0.0200827 0.212475 0.2631
v -0.181704 -0.437372 -0.145193
v -0.227318 0.017003 -0.19599
v -0.201738 0.0646596 -0.266229
v -0.0792722 0.455004 -0.1093
v -0.0254659 0.319716 0.220199
v -0.0298563 0.339721 0.202951
v -0.20929 0.0728877 -0.264613
v -0.00199543 0.310806 0.223639
v -0.144231 -0.256415 -0.216295
v -0.143663 -0.0216307 -0.235618
v -0.0014309 0.280757 0.242237
v 0.19058 0.0201781 0.238376
v -0.160999 -0.327954 -0.252856
v -0.0464524 0.366742 0.170948
v -0.16877 0.00162396 -0.237605
v -0.148253 -0.0363394 -0.217075
v -0.203359 -0.0118172 -0.192036
v -0.0627761 0.362477 0.201449
v 0.251101 0.167539 0.109384
v -0.0354368 0.294473 -0.346703
v 0.16354 0.386629 0.0577533
v -0.180043 -0.0413874 -0.180146
v -0.147626 0.00373888 -0.255419
v -0.130034 -0.010931 -0.254873
v 0.21965 0.205951 -0.256099
v -0.142561 -0.0939481 0.206188
v 0.0924701 0.404877 0.0884218
v -0.187317 -0.337134 -0.233356
v 0.155391 0.216067 -0.319904
v -0.204792 -0.40802 -0.166696
v -0.0678092 0.311529 -0.332414
v -0.201545 -0.350032 -0.160363
v 0.0163274 0.463479 -0.149589
v 0.0832536 -0.380053 0.0372131
v -0.206081 0.340497 0.0972759
v -0.115568 0.392177 0.108959
v 0.0973938 -0.383556 0.0329387
v 0.246599 -0.0391042 -0.0266228
v 0.0953295 -0.306992 0.0517591
v -0.16472 0.377768 0.0966335
v -0.177153 0.373826 0.0771554
v 0.106686 -0.485959 0.0024438
v 0.12071 -0.303403 0.0336981
v -0.055616 0.386942 0.135463
v 0.155819 -0.0226995 -0.222445
v 0.163178 -0.0358638 -0.202295
v -0.186946 0.381094 0.0267552
v -0.0549738 0.418421 0.080613
v -0.0620464 0.438763 0.0288059
v 0.233158 -0.147526 0.095052
v -0.110546 0.397173 0.0973398
v -0.17799 -0.110697 -0.0924013
v -0.0913537 0.393135 0.116831
v -0.0695045 0.397357 0.113286
v 0.176191 0.378812 0.0532916
v 0.0809485 0.435393 0.0308143
v 0.210302 0.0246353 -0.220501
v 0.181796 -0.0420067 -0.175549
v 0.0640466 0.462515 -0.0613317
v 0.276329 0.0695862 -0.138067
v -0.0767782 0.456396 -0.0974122
v 0.184439 -0.135004 -0.0377489
v 0.0119605 0.444082 0.0430334
v 0.278655 0.0798996 -0.139925
v 0.282323 0.103881 -0.146944
v 0.278927 0.0947967 -0.152931
v -0.0447749 0.464849 -0.0551266
v 0.245038 0.0221202 -0.168359
v 0.0407037 0.463771 -0.0311037
v 0.0425793 0.466637 -0.0575934
v 0.0213024 0.468161 -0.0432021
v 0.0355371 0.439418 0.0478515
v 0.235303 0.252343 0.096602
v 0.26088 -0.0658028 0.0566733
v 0.00510162 0.456162 0.00903301
v -0.0408478 0.457094 -0.00942059
v 0.0871606 0.448163 -0.0112722
v 0.0850785 0.454073 -0.035985
v 0.0647635 0.456764 -0.0209491
v 0.198561 0.373335 0.0268543
v 0.00108923 0.461703 -0.00938001
v 0.236694 -0.0464237 0.115035
v -0.0362291 0.463352 -0.0332962
v 0.00492857 0.464501 -0.0207623
v 0.0371325 0.45886 -0.00704168
v 0.17264 0.361319 0.087629
v -0.00769605 0.469104 -0.0504339
v -0.0147433 0.469832 -0.0726743
v -0.0523933 0.463395 -0.0965718
v -0.00692676 0.470575 -0.0845256
v -0.0281709 0.468004 -0.0967279
v 0.0468424 0.465858 -0.0816536
v 0.0293633 0.468254 -0.0999132
v -0.159481 -0.134238 -0.107055
v 0.262678 -0.0702885 0.0436235
v 0.230656 0.252764 0.111299
v 0.120551 0.439955 -0.126935
v 0.159863 0.415159 -0.155591
v 0.157377 0.422292 -0.133342
v 0.129808 0.390877 0.0873384
v 0.143804 0.419678 -0.170866
v 0.162991 0.404714 -0.175384
v -0.167529 -0.183571 -0.101849
v 0.194476 0.356676 -0.206519
v 0.238523 0.33847 -0.153282
v 0.237764 -0.0811977 0.103079
v 0.179135 0.372957 -0.206683
v 0.241997 0.0848883 -0.224904
v 0.166593 0.363083 0.0995034
v 0.165516 0.392255 -0.195036
v 0.198845 0.38716 -0.147266
v -0.166728 -0.193893 -0.124494
v 0.189986 0.401433 -0.127213
v -0.161035 -0.180695 -0.128895
v 0.259379 0.321717 -0.0542779
v 0.0169898 -0.232251 0.107792
v 0.281023 0.0918868 -0.142491
v -0.165678 -0.182093 -0.115586
v 0.162104 0.376574 0.0762693
v 0.277957 0.228019 -0.0147451
v -0.18327 -0.32196 -0.121304
v 0.276193 0.278253 -0.140198
v -0.095861 0.449119 -0.110611
v 0.255728 -0.0127214 0.094341
v 0.255301 0.323057 -0.135608
v 0.222054 -0.019812 0.157461
v 0.176964 0.34317 -0.240758
v 0.289799 0.22398 -0.0654377
v 0.001869 0.139691 0.30661
v 0.284944 0.244225 -0.0536223
v 0.275095 0.241059 -0.0123257
v -0.0123085 0.122705 0.319098
v 0.259297 0.267483 0.0191955
v 0.273226 0.288561 -0.0536947
v 0.256048 0.302163 -0.01049
v -0.164369 -0.159721 -0.0989091
v 0.234438 0.326117 0.0172661
v -0.0260744 -0.494242 -0.000632049
v 0.272893 0.0310787 -0.0151178
v 0.262085 0.314332 -0.129579
v 0.286767 0.260015 -0.104909
v 0.274456 0.293522 -0.117095
v 0.279822 0.279536 -0.116985
v 0.266036 0.315302 -0.104044
v 0.290817 0.235352 -0.0901983
v -0.134301 0.364429 0.269678
v 0.285118 0.266325 -0.0941435
v 0.260778 0.136267 -0.208728
v -0.139256 0.431659 0.228517
v -0.0581735 0.328868 -0.3265
v 0.254407 0.335305 -0.10368
v 0.264968 0.317413 -0.0824033
v -0.162604 -0.203691 -0.145836
v 0.271278 0.298319 -0.0630533
v 0.278616 0.178577 0.00545025
v -0.140438 0.268318 0.240721
v 0.123427 0.179489 0.141034
v 0.258398 0.168905 0.0864366
v 0.264489 0.136474 0.0783092
v 0.250869 0.0880283 0.140166
v 0.247174 0.0942019 0.151183
v 0.179677 0.125407 0.235929
v 0.168759 0.122377 0.241664
v 0.283004 0.0884901 -0.0478316
v -0.184588 -0.356527 -0.115455
v 0.00336904 -0.415824 0.0325228
v 0.2233 0.16091 0.173217
v -0.174195 -0.438456 -0.0786753
v 0.206951 0.152278 0.192065
v 0.223167 0.112148 0.207658
v 0.213361 0.0873123 0.238321
v -0.195438 -0.387761 -0.147798
v 0.179466 0.141744 0.214641
v 0.204658 0.136904 0.21002
v 0.227436 0.132067 0.18744
v -0.146124 -0.177869 -0.153267
v 0.239755 0.113737 0.167879
v 0.244093 0.161986 0.133095
v -0.16363 -0.279224 -0.0531297
v 0.279478 0.0717706 -0.0263392
v -0.251019 0.184076 0.0996664
v -0.281727 0.228122 -0.0384881
v 0.175711 0.199899 0.162096
v -0.169634 -0.259964 -0.0805525
v -0.18356 -0.124781 -0.0510228
v 0.288284 0.129963 -0.0584539
v -0.0184266 -0.480896 0.015629
v -0.073216 -0.425394 0.025907
v -0.1858 -0.127547 -0.0379225
v 0.12341 0.388814 0.0983098
v -0.0914151 -0.338465 0.0423196
v -0.0862871 -0.404264 0.0290804
v -0.127043 -0.474473 -0.0510105
v -0.118563 -0.469556 -0.0621358
v -0.109364 -0.465235 -0.0730201
v -0.260903 0.0686346 0.0733485
v -0.213392 -0.0847721 -0.0379945
v 0.147533 0.146964 0.186838
v 0.154743 0.143417 0.209482
v -0.151161 -0.468029 -0.0620067
v 0.28799 0.119546 -0.0672861
v 0.166323 0.143652 0.211742
v 0.186222 0.148167 0.203756
v -0.215255 -0.0901515 -0.0261131
v 0.179854 0.152284 0.195544
v -0.269564 0.139489 0.0409516
v -0.208067 -0.0977887 -0.03119
v -0.186584 -0.137476 -0.0105297
v 0.148699 0.0325961 -0.278526
v -0.28261 0.134592 -0.0385945
v 0.22484 -0.398903 -0.201965
v -0.20009 -0.126019 -0.00314342
v 0.116149 0.387135 0.10877
v 0.25433 -0.00342949 -0.0754509
v 0.174075 -0.231331 -0.0938831
v -0.213365 -0.099362 -0.0190539
v 0.198849 0.177085 0.177036
v 0.243416 -0.0257666 -0.0653605
v 0.146623 -0.245544 -0.202683
v -0.203568 -0.110367 -0.0226152
v 0.103362 0.198151 0.251198
v 0.0977305 0.198107 0.238968
v -0.174084 -0.148418 -0.0283666
v 0.0440515 -0.241388 -0.270103
v -0.101637 -0.0320226 -0.256268
v -0.177553 -0.135761 -0.0455281
v 0.127379 0.212696 0.20235
v 0.244301 0.222703 -0.222004
v 0.124144 0.203076 0.240201
v 0.0076429 0.407625 -0.276507
v 0.154311 -0.316157 -0.0156746
v -0.201039 -0.094532 -0.0579689
v -0.19649 -0.105303 -0.0507954
v -0.0588255 -0.364854 -0.315612
v 0.237704 0.230941 0.108843
v -0.193706 -0.103924 -0.0636767
v -0.182798 -0.257977 -0.152903
v 0.0963168 0.223759 0.269684
v 0.0981118 0.397111 0.098954
v 0.0845481 0.230337 0.270639
v -0.277631 0.14334 -0.00517284
v 0.274842 0.215731 -0.177407
v -0.234459 -0.0469783 -0.0369093
v -0.15932 -0.45986 -0.0537083
v -0.22483 -0.395087 -0.205387
v 0.0898991 -0.478838 0.0117989
v 0.0965988 -0.486129 0.00756078
v 0.0326121 0.29818 0.234533
v 0.0466408 0.259117 0.259411
v 0.0390063 0.284309 0.243656
v 0.0388626 0.248308 0.262486
v 0.235332 0.0627786 -0.220795
v 0.0110772 0.283831 0.240779
v 0.129761 -0.299535 0.0240965
v 0.216123 0.0686163 -0.250466
v 0.0155553 0.225481 0.254703
v 0.278516 0.202705 -0.17151
v 0.280993 0.21519 -0.164388
v -0.22181 -0.100088 -0.0089218
v -0.0262962 0.373836 0.158606
v 0.0175807 0.378181 0.150177
v 0.27421 0.249564 -0.167837
v 0.00880814 0.356335 0.181526
v -1.47466e-05 0.348997 0.18905
v 0.0787293 0.384327 0.132708
v 0.0490146 0.397265 0.11553
v 0.0392106 0.384593 0.1375
v -0.221392 -0.40746 -0.206591
v 0.0126827 0.436079 -0.235888
v 0.0627441 0.397018 0.113215
v 0.202433 0.313175 0.112001
v 0.00889194 -0.191277 0.247053
v -0.238258 -0.0674481 -0.01413
v -0.239932 -0.0796504 -0.00601658
v 0.0158817 0.428726 0.075302
v 0.0139936 0.163632 0.274778
v -0.229917 -0.0791312 -0.0159201
v -0.25755 -0.039108 5.88411e-05
v 0.273242 0.238996 -0.174438
v -0.0041064 0.406302 0.107683
v 0.278667 0.238686 -0.162679
v 0.276455 0.141204 -0.176532
v 0.240429 0.356189 -0.0978823
v -0.279281 0.0857723 -0.0424531
v 0.118919 0.445114 -0.0594066
v 0.103466 0.439773 -0.00187053
v 0.125998 0.435159 -0.0125078
v 0.232293 0.349571 -0.0134539
v 0.117871 0.419138 0.040909
v -0.286471 0.192218 -0.0484782
v -0.281638 0.19262 -0.0240246
v 0.179727 0.393961 0.0207548
v 0.184177 0.399741 -0.00286199
v 0.199429 -0.421613 -0.132087
v 0.281177 0.140826 -0.164191
v 0.193454 0.399627 -0.024504
v -0.248813 -0.0675497 -0.00191799
v 0.171771 0.4206 -0.0908245
v -0.253436 -0.0726405 0.00882253
v 0.129286 0.438726 -0.039116
v 0.139581 0.43785 -0.0728674
v 0.15936 0.428467 -0.0722676
v -0.274902 0.239762 -0.0163466
v 0.155438 0.406099 0.0309499
v 0.205091 0.0615151 -0.257718
v -0.280544 0.220241 -0.0280915
v 0.279611 0.152713 -0.170537
v -0.219471 -0.127115 0.114316
v -0.226106 -0.121519 0.102242
v 0.269325 0.187603 -0.19038
v -0.226006 -0.0989805 0.106155
v 0.21757 0.376081 -0.125816
v 0.229806 0.358765 -0.13519
v -0.236503 -0.124316 0.0713698
v -0.0843669 -0.254074 0.0688694
v 0.221885 0.379465 -0.0905869
v -0.23252 -0.136 0.0744999
v 0.201521 0.399942 -0.0770354
v 0.282226 0.12873 -0.158266
v 0.168076 0.423207 -0.0623232
v 0.181401 0.412529 -0.0431293
v -0.239565 -0.121121 0.0597569
v 0.209475 0.0753278 -0.26206
v 0.234342 0.363752 -0.0561965
v 0.149503 0.426525 -0.0201497
v 0.172109 0.413926 -0.0193719
v 0.270897 0.163899 -0.189772
v 0.220354 0.314031 0.0627832
v 0.225514 0.32347 0.0411765
v 0.257729 0.249125 0.0382863
v 0.247611 0.272138 0.0454494
v 0.240769 0.295741 0.0390114
v -0.239128 -0.104623 0.0765298
v 0.273696 0.176383 -0.183803
v -0.23771 -0.0968423 0.0833207
v 0.258214 0.189902 -0.20784
v 0.210591 0.294564 0.118816
v 0.227074 0.274497 0.0967375
v 0.219194 0.302348 0.081361
v -0.2495 -0.0812073 0.0560062
v 0.212576 0.285172 0.126635
v 0.234714 0.27864 -0.214277
v 0.206756 0.317649 0.0899264
v 0.249751 0.19231 0.0986122
v 0.226941 0.244034 0.130822
v 0.23523 0.242751 0.106514
v 0.218716 0.184317 0.169429
v 0.245631 0.229335 0.0856778
v -0.251412 -0.0571738 0.0637211
v 0.00961948 -0.322273 0.0567587
v 0.22469 0.285443 -0.223117
v -0.15362 -0.27869 -0.02757
v -0.24673 -0.065421 0.0723733
v 0.21319 -0.071983 -0.0796953
v 0.00853674 -0.333945 0.053744
v 0.209911 -0.0173276 -0.175611
v 0.164184 0.21711 0.232556
v -0.210707 -0.174125 0.104276
v 0.243033 0.304133 -0.187178
v -0.00508144 -0.47995 0.0163537
v -0.110656 -0.33842 0.0288047
v -0.202912 -0.185048 0.1116
v 0.271296 -0.0291353 0.0287383
v 0.233904 0.209515 0.135055
v 0.258451 0.12412 -0.211222
v -0.214879 -0.0786019 0.127899
v 0.256785 0.293371 -0.172831
v 0.0370866 -0.380808 -0.300069
v -0.214253 -0.10363 0.126577
v 0.249446 0.306615 -0.173469
v -0.10207 0.419142 0.233954
v 0.20677 0.188145 0.177223
v -0.0649106 -0.245053 0.0768616
v -0.219738 -0.0821666 0.118357
v -0.250518 0.227504 0.0847879
v 0.180366 0.20608 0.205061
v 0.146447 -0.012456 -0.239259
v -0.13442 -0.0908953 0.216657
v 0.209026 -0.343133 -0.172768
v 0.120402 0.224837 0.263134
v 0.150224 0.268327 0.234655
v 0.221541 0.300228 -0.219952
v 0.140696 0.26774 0.241872
v 0.12847 0.247379 0.254553
v -0.251667 -0.0814017 0.0456322
v 0.127703 0.287188 0.243299
v 0.231386 0.292762 -0.211452
v -0.166801 0.397138 0.223819
v 0.0202598 0.413522 -0.268127
v -0.256032 -0.0641151 0.0409887
v 0.178116 -0.327592 -0.234049
v 0.091839 0.248656 0.265107
v 0.18435 -0.306815 -0.207761
v 0.0233864 -0.311409 -0.300686
v 0.0218194 0.318782 0.219002
v 0.0447478 0.327988 0.215411
v 0.0269762 0.340143 0.20044
v 0.0428274 0.370565 0.162619
v 0.0388377 -0.310692 -0.298612
v 0.029819 0.35013 0.189995
v 0.200233 0.328894 -0.227406
v -0.142303 0.0116131 -0.265945
v -0.270374 0.046177 -0.0185136
v 0.0665874 0.362949 0.186941
v 0.145952 -0.383309 -0.00942196
v 0.160297 -0.403194 -0.0341516
v -0.254226 -0.0608465 0.0522258
v -0.241001 0.00247351 0.117798
v -0.235175 -0.00268501 0.125552
v 0.0735082 -0.293173 0.0611107
v -0.224181 -0.0345306 0.126492
v 0.103258 0.196128 -0.356672
v -0.236666 -0.0104569 0.116543
v 0.161164 0.371392 0.0880376
v -0.094964 -0.326388 -0.291021
v -0.0674226 -0.305063 -0.289869
v -0.207657 -0.335819 -0.183491
v 0.19421 0.18936 0.176173
v -0.223543 -0.0227003 0.133622
v 0.208382 0.321764 -0.223012
v 0.197144 0.357981 0.0514831
v -0.230508 -0.0496132 0.108392
v 0.101172 0.409342 0.0752952
v 0.106165 0.400588 0.087971
v 0.16906 0.390005 0.045407
v 0.145605 0.400984 0.053413
v 0.126841 0.402516 0.0688732
v 0.223027 0.194509 0.161966
v -0.203283 -0.326683 -0.193476
v -0.179283 -0.31201 -0.221161
v -0.236501 -0.0512935 0.0972937
v 0.179937 0.294244 0.190748
v -0.238995 -0.0315828 0.101078
v 0.159001 0.2432 0.234514
v 0.173745 0.343326 0.153932
v -0.0825321 0.367944 -0.287522
v -0.21381 0.0233528 0.208697
v -0.269028 0.29346 -0.0695206
v 0.215806 0.263617 0.142465
v -0.0129135 0.23572 -0.363047
v 0.202438 0.286642 0.152246
v 0.119348 -0.387614 0.0190113
v 0.188556 0.311247 0.158742
v -0.0681198 0.299322 -0.337687
v -0.206858 0.0412548 0.235139
v 0.169976 0.314676 0.196993
v -0.00773977 0.274508 -0.35413
v 0.170797 0.280023 0.2106
v -0.220952 0.0437237 0.21304
v -0.184894 -0.308921 -0.127864
v -0.26821 0.0352165 -0.0102403
v 0.131367 0.327474 0.247111
v -0.182773 -0.334948 -0.115211
v 0.0581517 -0.414998 0.0295854
v 0.0894024 0.219756 -0.355906
v -0.173135 -0.378808 -0.0741223
v 0.2362 0.0242151 0.173752
v -0.149259 -0.351206 -0.0233815
v -0.135446 -0.413842 -0.010935
v -0.0755773 -0.405652 0.0308154
v -0.22463 0.0234682 0.183195
v 0.0557148 0.37312 0.158184
v -0.0981337 -0.425427 0.0195557
v -0.109489 -0.424441 0.012923
v -0.0270298 -0.490199 -0.0123341
v 0.0961444 -0.477654 -0.0409955
v 0.0471816 -0.477684 -0.0407203
v 0.145146 -0.440865 -0.134465
v 0.03797 -0.452889 -0.103784
v 0.0869309 -0.457503 -0.0913658
v 0.115838 0.337752 0.256179
v 0.0958228 -0.430381 -0.163018
v 0.0861336 -0.398943 -0.250059
v 0.060875 -0.413905 -0.210102
v 0.0128776 0.335609 0.202953
v -0.0707057 -0.417182 -0.201483
v 0.0985148 0.335697 0.247843
v 0.0982648 0.346812 0.252588
v -0.221958 0.00474201 0.163199
v 0.0886319 0.376355 0.164815
v 0.0722352 0.368761 0.17601
v 0.0507468 0.336236 0.210215
v -0.089122 -0.403843 -0.237027
v 0.0587908 0.346755 0.204979
v 0.259559 0.260145 -0.189917
v -0.145099 -0.406586 -0.229674
v -0.180683 -0.413608 -0.210957
v 0.0737769 0.342297 0.225139
v -0.226198 0.00112242 0.148789
v 0.285686 0.181769 -0.0333698
v 0.28812 0.164219 -0.0479846
v 0.266179 0.0603304 0.0808077
v 0.0356938 0.381426 -0.297363
v 0.274196 0.0603978 0.0261707
v -0.198609 -0.00975252 0.194683
v -0.271102 0.290904 -0.0824958
v -0.237763 0.291017 0.0771017
v -0.199708 0.00254293 0.205251
v 0.263017 0.250755 -0.188031
v 0.0693192 0.327697 0.226875
v 0.109036 0.315616 -0.30978
v 0.264961 0.259692 -0.181348
v 0.0975357 0.387221 0.119902
v 0.0105551 0.32497 0.212516
v 0.0722229 0.302491 0.239797
v 0.237284 0.203681 -0.235513
v -0.246652 0.187281 0.112699
v -0.190982 0.0370211 0.248158
v -0.173096 0.0180206 0.242586
v 0.209331 -0.00900222 -0.186235
v -0.172424 0.0289199 0.251125
v 0.126892 -0.118662 -0.15602
v 0.162716 0.361257 0.147271
v 0.0230184 0.465131 -0.136138
v -0.160903 0.0222207 0.248908
v 0.148269 0.372667 0.129322
v 0.191312 -0.290987 -0.177139
v 0.138018 0.385485 0.171693
v 0.201958 -0.353187 -0.226008
v 0.127695 0.380592 0.12431
v -0.17336 0.039773 0.258074
v 0.122809 0.381932 0.157696
v 0.0580368 0.31666 0.227868
v 0.120344 0.380217 0.146753
v -0.263507 -0.0169035 0.0343824
v 0.101849 0.338755 -0.298747
v 0.185118 -0.426911 -0.0857704
v 0.128665 0.305556 -0.304688
v 0.100459 0.257881 0.260865
v 0.154301 0.37337 0.162108
v 0.252914 0.243895 -0.205165
v -0.172541 0.00588284 0.234008
v 0.146567 -0.278295 -0.228499
v 0.184691 -0.361678 -0.254604
v 0.168598 -0.344406 -0.256328
v 0.14559 0.374132 0.142408
v 0.169955 -0.285885 -0.208513
v 0.109237 0.380363 0.152818
v 0.161893 -0.265855 -0.201051
v 0.115279 0.387687 0.176279
v -0.00854735 -0.331587 -0.308163
v 0.00462294 -0.3548 -0.316963
v 0.170984 0.352109 0.181101
v 0.173304 0.338048 0.175788
v 0.171527 0.347102 0.166557
v 0.0366294 -0.285811 -0.289361
v -0.204905 0.0152424 0.212987
v 0.209326 0.253347 -0.254147
v 0.153217 0.321766 0.226302
v 0.0668536 -0.126736 0.146649
v 0.04593 -0.33592 -0.307341
v 0.0651692 0.0493556 -0.338015
v -0.159398 0.0349327 -0.274424
v 0.160414 0.323462 0.217124
v 0.256832 0.0444851 0.121498
v -0.139408 -0.0326578 -0.228369
v -0.136643 -0.0166933 -0.245304
v 0.168522 0.416954 0.318096
v -0.0907908 0.31492 -0.321075
v 0.169234 -0.435007 -0.0524917
v 0.121622 0.0617619 0.248829
v 0.165863 -0.34439 -0.0408848
v 0.152478 0.291012 -0.294506
v 0.0288832 0.107561 0.327153
v 0.165104 0.377903 0.276798
v 0.149445 0.360527 0.271617
v 0.251012 0.147338 -0.223205
v 0.139059 -0.457785 -0.0122406
v 0.238005 0.142107 -0.242453
v 0.145128 0.405586 0.312176
v 0.240568 -0.0297551 -0.0777886
v -0.265156 0.00926881 0.0316911
v 0.140515 -0.428404 -0.00944762
v 0.140503 0.207694 0.211072
v 0.114066 0.39096 0.28278
v 0.125939 0.158724 -0.349195
v 0.0252808 -0.131325 0.253119
v 0.140774 0.446695 0.320288
v 0.129527 0.431695 0.25729
v -0.133436 0.0736547 0.258218
v -0.123552 0.0832525 0.252248
v 0.222114 -0.0459731 -0.116438
v -0.167249 -0.30319 -0.227858
v -0.182359 -0.350734 -0.249965
v -0.188362 -0.371424 -0.26083
v 0.228375 -0.00406859 -0.166719
v -0.277126 0.0862958 -0.023617
v -0.133493 0.0888295 0.259106
v 0.264277 -0.0148894 0.0699805
v 0.154841 0.461203 0.33947
v -0.0365683 -0.246651 -0.27491
v -0.214145 -0.356384 -0.19863
v -0.181269 -0.296966 -0.204343
v -0.207792 -0.354339 -0.219127
v -0.201164 -0.364097 -0.160163
v -0.21266 -0.374994 -0.180394
v 0.0544184 -0.342347 0.0489604
v 0.265918 -0.00156321 0.0693149
v 0.0938028 -0.336304 0.045277
v 0.112339 -0.430484 0.0148625
v 0.118201 -0.339303 0.029423
v 0.114606 -0.363795 0.0275147
v -0.0646155 0.00441215 -0.303978
v 0.234294 -0.0148589 0.136839
v -0.173794 -0.278147 -0.0959994
v -0.124732 0.096268 0.25289
v 0.248682 0.0881331 -0.216321
v 0.186155 0.445405 0.309765
v 0.224005 -0.00768209 0.163151
v 0.0184681 0.455646 -0.184023
v -0.188883 -0.395886 -0.123245
v 0.0236019 -0.457097 0.020752
v 0.231608 0.367782 -0.095283
v 0.0367523 0.114481 0.302181
v 0.208315 0.274567 -0.246417
v 0.177949 0.401611 0.285844
v 0.108129 0.300417 0.244507
v -0.169521 -0.313781 -0.0673746
v 0.0289835 0.122384 0.30899
v -0.141132 -0.338743 -0.00862649
v 0.0427824 0.119739 0.277546
v 0.246293 0.291733 -0.191807
v -0.0278202 0.061901 0.357245
v 0.161993 0.444906 0.342326
v -0.153032 -0.468205 -0.0482663
v 0.17102 0.451901 0.346921
v 0.173837 0.442584 0.339375
v -0.0407027 -0.471312 0.0165405
v -0.0394538 -0.377616 0.0402412
v -0.0190545 -0.353162 0.0479263
v 0.16052 0.45612 0.345681
v -0.109123 -0.377802 0.0226914
v -0.0711248 0.102847 0.23589
v 0.179807 0.211616 0.214245
v -0.134613 0.119674 0.244145
v -0.0160636 -0.494731 0.0037964
v 0.183686 0.437716 0.320484
v 0.175728 0.434149 0.329901
v -0.0578357 0.28666 0.248382
v 0.0357699 0.433478 -0.234435
v 0.252354 0.0485009 0.140622
v -0.0125816 -0.370322 -0.317262
v -0.144075 0.10969 0.253756
v -0.0308989 0.108781 0.299947
v -0.128758 0.108483 0.25062
v -0.085803 0.397298 0.218031
v -0.251571 0.311913 -0.0273103
v -0.275859 0.141481 0.00509283
v 0.16594 0.474419 0.326042
v -0.122415 0.0711768 0.249143
v -0.114092 0.0677693 0.242419
v 0.254519 0.285529 -0.183476
v -0.0947672 0.0908675 0.236342
v -0.161527 0.368928 0.248168
v -0.265142 0.303048 -0.0785321
v -0.0824552 0.389912 0.241512
v 0.123613 0.277061 0.248522
v -0.139758 0.0592599 0.258799
v -0.283291 0.260652 -0.0992839
v -0.17024 -0.436611 -0.151068
v -0.159592 -0.429737 -0.168074
v -0.140069 -0.426555 -0.1765
v -0.110129 -0.42163 -0.189635
v -0.0144227 -0.423359 -0.185051
v 0.0169697 -0.430017 -0.166937
v 0.199245 -0.401611 -0.240346
v -0.175997 0.469326 0.316685
v 0.0297031 -0.471511 -0.0557489
v 0.226667 0.0963215 -0.251519
v 0.00506818 -0.486747 -0.0196569
v 0.118161 0.239616 0.261026
v 0.116448 0.428158 -0.188086
v 0.0200601 -0.284369 -0.290842
v -0.101205 -0.0910753 0.124001
v -0.12332 -0.00481215 -0.264825
v 0.172714 -0.410248 -0.0573753
v 0.149263 -0.428576 -0.0202881
v 0.152113 -0.364772 -0.0165679
v -0.0203876 -0.338067 -0.310658
v -0.124439 0.133129 0.22703
v -0.0487953 -0.090687 0.136873
v -0.0111695 -0.0946634 0.143433
v 0.141984 0.395143 -0.220296
v -0.0974115 -0.104322 0.126743
v -0.070436 -0.0313453 -0.274579
v -0.0856263 -0.290549 -0.277841
v -0.0365959 -0.097177 0.139033
v -0.0649437 -0.33818 -0.304668
v -0.0310957 -0.316946 -0.30275
v 0.126557 0.258557 0.252418
v -0.191625 -0.287395 -0.170241
v -0.188052 -0.289062 -0.183675
v -0.198136 -0.347536 -0.228114
v -0.100389 0.125847 0.230382
v -0.246712 0.254531 0.0836172
v -0.263591 0.0264527 0.0466379
v 0.0889536 -0.424975 0.0250659
v 0.149099 0.248763 0.241294
v -0.0834912 0.452314 -0.0409336
v -0.0411104 -0.145012 0.207461
v 0.130818 0.357933 -0.2676
v 0.0989634 -0.430734 0.0210523
v -0.146702 0.161756 0.158677
v -0.0158022 -0.137388 0.170821
v -0.242083 0.308374 0.0253735
v 0.140983 0.370326 -0.248309
v -0.0198464 -0.0558177 0.176042
v 0.0240665 -0.37027 0.0434218
v -0.0616153 -0.0708628 0.145083
v -0.0156399 -0.0639758 0.164889
v 0.134851 0.166325 -0.343636
v -0.132117 0.155106 0.161878
v -0.154894 -0.414338 -0.0399755
v -0.0496591 -0.0773714 0.141912
v -0.22852 0.339793 0.00502373
v 0.130688 0.368613 -0.25804
v 0.161454 0.421796 -0.0252529
v -0.0217939 -0.0414643 0.241065
v -0.017784 -0.00519338 -0.310778
v -0.0713174 -0.448303 0.0201463
v 0.19777 0.196652 0.182674
v -0.0172824 -0.436802 0.0264131
v 0.139218 0.309572 0.233544
v -0.032285 -0.0529738 0.18027
v -0.170112 0.173076 0.164418
v 0.140659 0.381161 -0.238029
v -0.281225 0.265494 -0.0865622
v 0.0823619 -0.492537 -0.00313436
v -0.0625087 -0.0523294 0.188183
v -0.101796 -0.0619971 0.194048
v -0.0847609 -0.0574248 0.178393
v -0.278813 0.273654 -0.0975136
v 0.0788786 -0.485743 -0.0221744
v 0.119523 0.391098 -0.243914
v 0.115792 -0.400561 -0.245473
v -0.110943 -0.101039 0.124396
v 0.134045 0.18072 -0.342853
v -0.148444 -0.392717 -0.268209
v -0.159888 0.16645 0.161598
v 0.149288 0.352541 -0.257499
v 0.0734642 -0.376321 -0.306642
v -0.167766 0.388641 0.049147
v 0.162013 0.358184 -0.241661
v 0.283288 0.205443 -0.0247096
v 0.152478 0.411856 0.0199852
v -0.0751682 0.445167 -0.173992
v 0.269783 0.113181 0.061965
v -0.156004 -0.0955749 0.176818
v -0.237428 0.306063 0.0523465
v 0.0904032 0.378397 -0.275417
v -0.273071 0.0675741 -0.0072874
v -0.240221 0.254406 0.107211
v 0.0888578 0.356974 -0.293123
v 0.137664 -0.0363918 -0.22399
v 0.161432 0.210678 0.174498
v 0.109637 0.346462 -0.289233
v 0.101713 0.359533 -0.284373
v 0.0666072 0.378191 -0.287364
v 0.154404 0.291017 0.224168
v 0.0793475 0.427671 -0.220178
v -0.151342 0.429964 0.232227
v 0.136899 -0.333943 0.00968944
v -0.141134 -0.119525 0.173757
v -0.154392 -0.105295 0.161353
v -0.175341 0.476003 0.30704
v 0.0033583 -0.260364 -0.282925
v -0.139111 -0.116112 0.197384
v -0.157648 0.210475 0.228767
v -0.133563 0.164866 0.150382
v -0.185218 -0.361036 -0.255147
v 0.0838561 0.404494 -0.252047
v 0.216885 -0.373055 -0.219625
v 0.0855545 0.436138 -0.197514
v -0.0798999 0.3787 -0.279887
v 0.082749 -0.327011 0.0509366
v -0.077391 0.435356 -0.204179
v -0.120692 -0.109184 0.129965
v -0.117255 -0.135433 0.196945
v -0.135333 -0.113692 0.208323
v 0.0909548 0.442304 -0.174124
v -0.116967 -0.118312 0.136779
v 0.129488 -0.460341 -0.00343915
v -0.120715 -0.12495 0.146082
v -0.132656 -0.126124 0.179476
v -0.12405 -0.133218 0.172013
v -0.162897 0.176696 0.155392
v -0.179903 -0.260563 -0.12097
v -0.169968 -0.300169 -0.0704959
v 0.0747089 -0.4578 0.017575
v 0.203923 0.107614 0.23937
v -0.0943877 -0.147834 0.181446
v -0.15383 -0.301738 -0.028036
v 0.127529 0.193087 -0.34549
v -0.152097 0.151808 0.179027
v -0.288606 0.238962 -0.0937929
v -0.0537497 -0.363039 0.0431979
v -0.117818 -0.350753 0.0196236
v -0.142693 0.195335 0.139769
v 0.228445 0.271055 -0.225017
v 0.219837 0.0945308 -0.259252
v -0.095698 0.211764 0.160048
v 0.231996 0.132899 -0.251019
v 0.00151199 -0.489525 0.0111208
v 0.0862814 -0.489021 0.00672976
v -0.0490039 0.384403 -0.290323
v -0.0382111 -0.142333 0.219609
v -0.105732 0.215502 0.161444
v 0.214336 0.293184 -0.231906
v 0.251265 0.210635 -0.215053
v 0.132572 0.218014 0.256866
v 0.284837 0.113525 -0.0398393
v -0.0212542 -0.143621 0.207664
v 0.282605 0.0819939 -0.05746
v -0.0758533 -0.492058 -0.00881328
v 0.292339 0.159444 -0.116432
v 0.0204218 -0.130245 0.158949
v 0.240187 -0.076691 -0.0103977
v -0.0899933 0.213233 0.178575
v -0.100858 -0.483563 -0.0280461
v 0.0322531 -0.486026 -0.0213043
v 0.167945 0.204447 0.201965
v 0.0874862 -0.46705 -0.0667406
v -0.0510331 0.398271 -0.27634
v 0.00168636 -0.140836 0.185235
v -0.144675 -0.458703 -0.0285282
v -0.291132 0.150765 -0.129266
v -0.287719 0.234302 -0.0738706
v -0.0700678 -0.473137 -0.0518009
v 0.148868 0.20469 0.22526
v -0.0212059 -0.471429 -0.0560163
v 0.062765 -0.481989 -0.0303406
v 0.191349 -0.43235 -0.15533
v -0.0106888 -0.0405345 0.21932
v 0.0009444 -0.0390035 0.225517
v 0.120471 -0.432356 -0.156981
v -0.0108811 -0.0470081 0.193915
v -0.000343043 -0.0493144 0.1884
v 0.168744 -0.435098 -0.150091
v -0.0383465 -0.0425757 0.274912
v -0.00954163 -0.464269 -0.0743386
v -0.0108026 -0.454602 -0.099719
v 0.191072 0.20088 0.188688
v -0.0321949 0.365876 -0.310159
v 0.270631 0.0221818 0.048237
v 0.100781 -0.457174 -0.0921308
v 0.140767 -0.398065 -0.25174
v 0.0515623 -0.133732 0.246322
v 0.0904024 -0.412712 -0.212736
v 0.0989746 0.431181 -0.198906
v 0.144401 -0.402645 -0.238819
v 0.128198 0.437067 -0.0252819
v -0.0547512 -0.452857 -0.10577
v -0.0211761 -0.448789 -0.115917
v -0.0323501 -0.450742 -0.110887
v -0.130856 -0.0991356 0.225582
v -0.126154 -0.108287 0.229963
v 0.128084 -0.425262 -0.176116
v 0.0763901 -0.391009 -0.271218
v 0.267608 0.0710589 0.0734509
v -0.0777189 -0.452638 -0.106941
v -0.0352794 0.375768 -0.301736
v -0.0933062 -0.13123 0.256688
v -0.0397706 -0.435809 -0.151872
v -0.0533005 -0.436172 -0.150909
v 0.0816653 -0.408107 -0.225527
v -0.129603 -0.0923547 0.234345
v -0.0629485 -0.399024 -0.249863
v -0.160089 0.357613 0.238704
v -0.10067 -0.44578 -0.125279
v -0.0442773 0.36734 -0.305573
v -0.0866465 -0.435925 -0.151538
v 0.192069 0.0304796 0.245762
v -0.126441 -0.388843 -0.278947
v -0.12168 -0.396055 -0.257821
v 0.183727 0.425443 0.295195
v -0.12558 -0.447519 -0.120596
v -0.000374025 -0.158007 0.286751
v -0.0334683 0.461026 -0.147718
v 0.00413646 -0.134517 0.291269
v -0.122318 -0.436384 -0.150321
v -0.132198 -0.43446 -0.155454
v -0.0867095 -0.394172 -0.262749
v -0.0787204 -0.133884 0.267026
v -0.160904 -0.392467 -0.269263
v 0.0937575 0.406485 -0.244415
v -0.154636 -0.389193 -0.277513
v -0.196113 -0.405908 -0.232656
v 0.249197 0.0288488 0.141033
v 0.0443079 -0.144272 0.201928
v -0.0306546 0.465401 -0.120948
v -0.0391419 0.295996 0.238855
v 0.149373 0.433198 -0.0668286
v -0.0924967 0.410104 0.250699
v -0.214227 0.330604 0.0934435
v -0.217706 0.349252 0.0235655
v 0.0739357 -0.144995 0.209475
v -0.239447 0.266092 0.101109
v -0.181972 -0.394036 -0.262949
v 0.0779698 -0.147654 0.186081
v 0.0781754 0.352609 -0.301991
v -0.023462 0.455236 -0.184065
v -0.188217 0.383484 0.0151016
v -0.0137311 0.453225 -0.19385
v -0.14778 -0.278271 -0.0143815
v -0.0515155 0.424857 0.0696377
v 0.0451097 -0.12477 0.149434
v -0.175247 -0.44503 -0.127862
v 0.0799728 -0.126417 0.144015
v -0.215285 -0.408977 -0.219043
v -0.0622007 0.174964 0.176008
v 0.11447 -0.109878 0.129998
v -0.211496 0.36808 -0.137225
v -0.165248 -0.458807 -0.0829908
v -0.210274 -0.415398 -0.185493
v -0.0763097 0.434357 0.0295769
v 0.203757 -0.419093 -0.154681
v -0.00981629 -0.124789 0.269617
v 0.140089 -0.107814 0.131821
v 0.111445 -0.08313 0.1264
v -0.198082 -0.407249 -0.151977
v 0.124774 -0.0779827 0.127202
v -0.124566 0.432541 -0.0238473
v 0.0471293 -0.0880167 0.141004
v 0.0366864 -0.105375 0.141966
v -0.0833164 0.420084 0.0601593
v -0.0682818 0.181833 0.154448
v 0.0972905 0.452545 -0.0605143
v 0.133372 0.433198 -0.137178
v 0.170301 0.33753 0.201017
v 0.044705 -0.0765236 0.147003
v -0.184187 -0.407521 -0.227206
v 0.17502 0.362555 0.225679
v -0.105585 0.156995 0.158866
v 0.180762 0.397438 0.255393
v 0.0392664 -0.0447425 0.204437
v 0.014144 -0.0383921 0.246702
v 0.0486411 0.375434 -0.29807
v 0.179774 0.203071 0.191295
v -0.000136975 -0.0444262 0.199632
v 0.175418 0.387333 -0.189228
v 0.00788047 -0.038355 0.260209
v 0.0208389 -0.0396396 0.259983
v 0.249313 0.331151 -0.0351368
v 0.166327 0.35782 0.249066
v 0.279818 0.214598 -0.0142365
v -0.094276 0.165006 0.152459
v -0.00589463 0.436143 0.0614373
v -0.0347833 0.417342 -0.259376
v -0.146637 -0.470187 -0.0381464
v 0.123248 0.183123 -0.349051
v -0.0572028 -0.036994 0.272926
v 0.154408 0.446265 0.271211
v 0.2662 0.27708 -0.0149613
v -0.11594 0.145783 0.180572
v -0.0831459 -0.0589764 0.24173
v -0.0364615 0.40927 -0.269061
v 0.245974 0.330303 -0.022861
v 0.239879 0.311892 0.0216984
v 0.291195 0.174971 -0.067313
v -0.0671524 -0.0397569 0.268619
v -0.0365872 0.0135863 0.281512
v 0.269764 0.154097 0.0524764
v 0.120732 0.417239 0.293324
v 0.117879 0.423485 0.257813
v 0.107512 0.360508 0.266123
v 0.111609 0.401894 0.280788
v 0.134444 0.444987 0.302634
v 0.0823986 0.376474 0.197299
v -0.291547 0.21657 -0.0898445
v -0.0315021 0.43951 -0.223315
v -0.0560048 0.414109 -0.255034
v 0.135359 0.403435 0.306991
v -0.291925 0.204806 -0.0817147
v -0.251604 0.107183 0.112975
v 0.12447 0.387582 0.29114
v -0.0366461 0.0297617 0.305959
v 0.0967206 0.444377 -0.00877641
v -0.0200485 0.437631 -0.231125
v 0.153529 0.371083 0.280082
v -0.0896256 0.151271 0.180947
v 0.136681 0.34333 0.26037
v 0.156808 0.398212 0.305405
v 0.178263 0.410535 0.296743
v 0.158124 0.357786 0.261315
v -0.0734256 0.0191 0.290269
v 0.0976776 0.39896 0.24041
v 0.0788123 0.371917 0.208232
v 0.230308 0.150562 0.169942
v -0.0917698 -0.149319 0.263629
v 0.240393 0.126196 0.161228
v -0.118849 -0.12219 0.248219
v 0.10292 0.401119 0.262111
v -0.133858 -0.11407 0.242097
v -0.144745 -0.120957 0.23728
v 0.139635 0.212107 0.19456
v 0.162085 0.280456 0.220246
v 0.168185 0.238692 0.227103
v -0.0753708 0.145644 0.204093
v -0.147181 -0.109418 0.191394
v 0.171189 0.301406 0.2005
v -0.0991408 0.139605 0.209632
v -0.0073952 0.394133 -0.290851
v 0.0541022 0.165386 -0.371882
v -0.160192 -0.136902 0.222291
v -0.260334 0.31232 -0.0873113
v 0.204729 0.263402 0.167033
v -0.104265 -0.178978 0.242564
v 0.201526 0.224234 0.188555
v 0.229007 0.213885 0.144483
v 0.00635161 0.397233 -0.287561
v 0.187215 0.320595 0.148789
v -0.00490318 0.403625 -0.280945
v -0.140325 0.420188 -0.00444683
v 0.199775 0.347465 0.0612406
v -0.0805101 0.132477 0.219993
v -0.0950753 -0.326504 0.042957
v -0.0741014 -0.320756 0.0523537
v -0.0910604 -0.264207 0.0625861
v -0.0897069 -0.241913 0.069808
v -0.0421354 0.422229 0.0786376
v 0.0732711 0.415222 0.0800046
v 0.228535 -0.0131979 -0.155647
v -0.102414 -0.458014 0.0101356
v 0.0572985 0.410591 0.0931277
v 0.0920873 0.423003 0.0535929
v -0.0498872 -0.330398 0.0518144
v -0.259083 0.0566112 0.0806203
v -0.0936216 0.116317 0.233226
v -0.105702 0.445325 -0.112801
v -0.0688579 -0.368071 0.0409436
v -0.0968744 0.447843 -0.121026
v 0.187336 0.198071 0.180719
v -0.256038 0.119007 0.0953362
v -0.0774602 0.0818208 0.250806
v 0.243523 0.267448 0.0588237
v -0.0638737 0.087803 0.253848
v -0.0677981 -0.250007 0.214762
v -0.0574229 -0.243599 0.221156
v -0.103066 -0.151312 0.257137
v -0.0929624 -0.180972 0.247578
v 0.182393 0.35124 0.0884184
v 0.17871 0.368322 0.0649275
v -0.0483118 -0.175312 0.2658
v 0.0456876 -0.168063 0.27426
v 0.189239 0.379133 0.0338932
v -0.0171875 0.448466 -0.206404
v 0.186205 0.23135 0.208569
v -0.255486 0.320044 -0.0956761
v 0.134873 0.296976 0.236776
v 0.0340008 -0.142459 0.288357
v 0.063152 -0.141144 0.280576
v 0.0820648 -0.133545 0.270741
v 0.0842666 -0.129414 0.261462
v 0.0076241 0.465837 -0.137082
v 0.19226 0.318187 0.13628
v -0.0924419 0.0311167 0.292851
v 0.16235 0.207138 0.225059
v 0.0546418 -0.127038 0.266734
v 0.129204 -0.120652 0.229912
v 0.225954 0.284132 0.0879006
v 0.248527 0.216124 0.0871072
v 0.0763635 -0.133754 0.243641
v 0.101018 -0.143152 0.209881
v 0.157473 0.204605 0.212941
v 0.00145076 0.439096 -0.230898
v 0.0995316 -0.147184 0.173112
v 0.190214 0.206448 0.196712
v 0.152682 0.279215 0.229426
v 0.108198 -0.146959 0.184163
v 0.0750919 0.293119 0.245764
v -0.00902678 0.457692 -0.179636
v 0.206753 0.20104 0.180691
v -0.104638 0.0399742 0.275901
v 0.249004 0.232541 0.0730862
v 0.234934 0.225545 0.121591
v 0.0732256 -0.129936 0.255276
v 0.101514 -0.13512 0.232291
v 0.252823 0.144142 0.116946
v -0.0766146 0.0407891 0.305383
v 0.0976975 -0.131416 0.244776
v 0.126538 -0.138905 0.193733
v 0.138765 -0.112065 0.227186
v 0.138704 -0.1305 0.192383
v 0.133989 -0.11752 0.138357
v 0.120306 -0.135041 0.150855
v 0.148461 -0.120446 0.152792
v 0.138703 -0.12814 0.155774
v 0.109922 -0.137414 0.150713
v 0.24031 0.175971 0.135448
v 0.0751567 0.170808 0.163695
v 0.230313 0.29229 0.0666517
v 0.144107 -0.128602 0.178686
v 0.155026 -0.11961 0.175797
v -0.000575791 0.454404 -0.191884
v 0.203415 0.357635 0.0413861
v 0.150566 -0.0786622 0.199654
v -0.0662351 0.0372572 0.311836
v 0.000929015 0.427242 -0.252101
v 0.136283 0.446553 0.291113
v -0.138733 0.394442 0.290421
v 0.041107 0.450905 0.0149485
v 0.244248 0.283971 0.0429598
v 0.16185 -0.0762397 0.164292
v -0.101448 0.0522934 0.279167
v 0.186393 0.283216 0.186747
v -0.0475956 0.449851 -0.187691
v 0.167059 -0.0893732 0.187316
v 0.258343 0.220572 0.0549831
v 0.166598 0.258385 0.222429
v 0.227704 0.337702 0.0194525
v 0.0112457 0.461876 -0.160896
v 0.0973465 0.394181 0.252177
v 0.0871745 0.381949 0.231243
v 0.100699 0.387769 0.26363
v 0.0955269 0.392138 0.208177
v 0.211758 0.325297 0.0666544
v -0.0829361 0.0652347 0.285912
v -0.0300445 0.100905 0.312723
v 0.0284789 -0.0407268 0.249124
v 0.147289 0.426034 -0.141615
v -0.0775757 0.0554816 0.298051
v 0.020573 0.451227 -0.197379
v 0.0128679 -0.491321 -0.0096449
v 0.22771 0.349734 0.000159412
v 0.259864 -0.0843601 0.0381558
v 0.238589 0.0920733 -0.233718
v 0.207802 0.390639 -0.0399905
v 0.00521688 0.0280002 0.375323
v 0.137811 -0.0686621 0.140863
v 0.103783 0.415083 -0.22606
v 0.118413 -0.0611998 0.180599
v 0.124542 0.430066 0.294198
v 0.0599611 -0.0506866 0.185172
v 0.139994 -0.0676626 0.174049
v -0.260642 0.31112 -0.0981541
v 0.219713 -0.0234687 -0.155635
v 0.0956535 -0.0625162 0.153487
v 0.0881938 0.454848 -0.100364
v 0.11826 -0.0657118 0.146099
v 0.169924 0.417101 0.242647
v 0.110731 0.448456 -0.0911914
v 0.0790467 0.444486 0.00816488
v 0.0538346 0.0192025 0.277
v -0.0344165 0.0125437 0.346709
v 0.149123 0.418524 0.227351
v 0.123572 0.427714 0.0125715
v 0.178287 0.406548 0.248581
v -0.0169237 -0.0288841 0.289905
v 0.112822 0.433987 0.00553438
v -0.088556 -0.487693 0.00587425
v 0.141314 0.432529 -0.0317148
v -0.0300409 -0.00718147 0.284633
v -0.0421327 0.0211372 0.330361
v -0.293625 0.179463 -0.0941786
v 0.171468 0.350204 0.221284
v 0.0937588 0.427961 0.0393451
v 0.00757171 0.451142 -0.201133
v -0.0900245 -0.0483382 0.256757
v -0.121038 -0.06364 0.244995
v -0.0010731 -0.380977 -0.299844
v -0.143231 -0.434393 -0.155578
v -0.111836 -0.433337 -0.158429
v 0.201067 0.049051 -0.251947
v 0.236494 0.348833 -0.025568
v 0.0832278 0.455958 -0.0462634
v 0.255992 -0.100025 0.0375302
v -0.0347444 0.0123326 0.335061
v 0.0345264 0.39338 -0.286723
v 0.0248449 0.374322 -0.305648
v 0.109633 0.229529 -0.346891
v -0.0260163 -0.438411 -0.144826
v -0.00936412 0.00978156 0.361866
v 0.230207 0.191943 0.1506
v -0.000314209 0.00161484 0.343815
v -0.152007 0.471285 0.28081
v 0.188224 -0.397299 -0.251755
v -0.0112133 0.417519 0.0920025
v -0.0205847 0.421858 0.0850432
v 0.00706633 0.395214 0.123393
v -0.00658324 0.39828 0.118642
v -0.00939261 -0.447491 -0.119101
v 0.0516309 0.423712 0.0740705
v 0.250091 0.222251 0.0778047
v -0.00842463 0.0295535 0.374008
v -0.0459976 0.412218 -0.262158
v 0.000683392 -0.343156 0.0514064
v -0.0345227 -0.477826 -0.040281
v -0.0268384 0.435417 0.0587737
v 0.0368359 0.425621 -0.246927
v -0.0789454 0.0101532 0.262062
v -0.0474204 0.392999 0.124843
v -0.0114944 0.384134 0.140669
v 0.0242768 0.43147 -0.241687
v -0.101915 -0.00325073 0.242068
v -0.109616 -0.0105318 0.239144
v -0.0551147 0.399217 0.113228
v -0.124675 0.000540761 0.233516
v -0.0264657 -0.485108 -0.022936
v -0.113213 -0.0210243 0.240437
v -0.153237 -0.0563374 0.233984
v -0.15118 -0.0957188 0.235639
v -0.0536673 -0.0495053 0.226733
v -0.0825881 -0.0676196 0.145443
v 0.0235565 0.423471 -0.254305
v -0.0943554 -0.0602065 0.204144
v -0.133779 -0.086334 0.239005
v 0.0417636 0.390953 0.126353
v -0.064416 -0.144779 0.211602
v 0.0516639 0.406766 -0.266055
v -0.0599602 -0.231318 0.226507
v -0.110229 -0.167833 0.245073
v -0.15902 -0.159344 0.211322
v 0.00412222 0.38259 0.143099
v -0.293996 0.178163 -0.108256
v -0.0109148 -0.0429763 0.206162
v -0.292551 0.169264 -0.085606
v -0.25199 0.322924 -0.116894
v -0.0476751 -0.129199 0.257745
v 0.153232 -0.0736039 0.176071
v -0.0874211 -0.256548 0.196268
v 0.236401 0.189228 0.138652
v -0.0353639 -0.126535 0.265357
v 0.207801 0.310012 0.100681
v -0.100604 -0.238764 0.0627784
v 0.252517 0.0994119 -0.214804
v -0.134578 -0.477397 -0.0391965
v -0.126434 -0.467346 -0.00913014
v -0.106111 -0.324397 0.0356171
v -0.134369 -0.317959 0.00417082
v -0.152061 -0.311784 -0.0248769
v 0.0209859 -0.125828 0.267948
v -0.161579 -0.267226 -0.0471966
v 0.24255 0.244718 0.0816158
v -0.179704 -0.402343 -0.0905262
v 0.0648695 -0.133909 0.244715
v 0.218743 0.274582 0.121882
v -0.120209 -0.277142 0.0311464
v -0.133683 -0.259167 0.0156271
v 0.238802 0.0872186 0.179755
v 0.011873 -0.309532 0.060228
v 0.0629995 -0.272647 0.0684603
v -0.00336375 -0.248131 0.0796971
v -0.0133092 -0.240416 0.0817293
v 0.067609 -0.447568 0.0204877
v 0.0145924 -0.489289 0.0104821
v 0.256948 0.14424 -0.214601
v 0.083775 0.0302375 0.305401
v -0.10972 0.357467 0.265438
v -0.0779281 -0.304913 0.0556745
v 0.243993 0.114313 0.155274
v 0.235389 0.112204 0.180887
v 0.235966 0.159784 0.153598
v 0.219803 0.144588 0.188347
v 0.191276 0.127497 0.229044
v 0.0426372 0.356921 -0.313606
v -0.0950168 -0.283544 0.0547949
v 0.291744 0.142132 -0.104983
v -0.0959691 -0.251482 0.0628188
v 0.2497 0.100979 0.140972
v -0.00151117 -0.226641 0.0877761
v -0.0711684 -0.233809 0.0797696
v 0.267393 0.124143 0.0705722
v 0.262216 0.115224 -0.202234
v -0.114176 -0.435395 0.00706957
v -0.0881814 -0.350663 0.0410685
v -0.0853449 0.102643 -0.362936
v -0.148373 -0.142406 -0.128712
v 0.257492 0.117795 0.109038
v 0.261903 0.184879 0.066832
v 0.265146 0.173614 0.0617375
v 0.272533 0.0984545 -0.172984
v -0.0310592 -0.287075 0.0656382
v -0.0873841 -0.26706 0.146926
v -0.063045 -0.285927 0.0642074
v -0.0493756 -0.318532 0.0550081
v 0.267934 0.137505 0.0652022
v 0.0569901 -0.138101 0.233743
v 0.257006 0.140733 0.104197
v 0.222805 0.274746 0.109172
v 0.258414 0.150187 0.0955142
v 0.0603436 0.177835 0.19659
v -0.0614349 -0.268429 0.192186
v -0.0292328 -0.342486 0.0499749
v 0.0740995 -0.235785 0.223643
v 0.21409 0.299087 0.100166
v -0.0834592 0.116565 -0.366663
v 0.0751743 -0.248746 0.215926
v 0.00119453 -0.236621 0.228112
v -0.0119852 -0.204222 0.240294
v -0.0338975 -0.241418 0.224015
v -0.0446568 -0.388568 0.0370878
v -0.0320087 -0.482754 0.0140655
v -0.038021 -0.432945 0.0260386
v -0.0416323 -0.258323 0.21188
v 0.225035 0.293286 0.0787857
v 0.0313986 -0.253089 0.217788
v -0.134183 -0.213663 0.19954
v -0.206539 0.0967554 0.240601
v -0.108006 -0.188337 0.233867
v 0.137225 0.43153 -0.0170927
v 0.274962 0.152469 0.0308088
v -0.0572941 -0.198162 0.240729
v -0.0251901 -0.175802 0.265169
v -0.08958 -0.211995 0.22735
v 0.0939327 -0.0256816 0.259027
v 0.27023 0.186821 0.037457
v 0.0599809 -0.0208589 0.275798
v 0.143317 0.226544 0.250573
v 0.0335328 -0.164895 0.2803
v 0.281183 0.098749 -0.0177418
v 0.274791 0.128328 0.0334688
v 0.277648 0.121555 0.0129089
v 0.0389413 0.369317 -0.306086
v 0.285921 0.138716 -0.0363328
v 0.285825 0.195911 -0.0350138
v -0.0681941 -0.413738 0.029305
v -0.0582911 -0.256327 0.0738825
v 0.27511 0.139494 0.0321826
v 0.277031 0.158034 0.0189512
v 0.290127 0.211039 -0.0623866
v -0.0988575 -0.478822 0.00722633
v 0.214545 0.041029 -0.230988
v 0.150511 -0.121252 0.189872
v 0.145169 -0.0847166 0.217911
v 0.0371909 0.458498 -0.164046
v 0.259344 0.310902 -0.0324526
v 0.255221 0.311051 -0.0200617
v 0.157168 -0.0984901 0.207577
v 0.0716324 -0.0512603 0.227491
v 0.252936 -0.102324 0.0618163
v 0.251428 0.290285 0.0186107
v 0.247512 0.303156 0.0130411
v 0.249949 0.307648 -9.28115e-05
v -0.253606 0.316984 -0.129192
v 0.238881 0.328059 0.00228254
v -0.157383 -0.434125 -0.15652
v 0.143879 -0.0717375 0.188646
v 0.231616 0.338306 0.00811936
v 0.0555299 0.00539954 0.273448
v 0.0326887 0.461895 -0.148952
v 0.273963 0.279125 -0.04427
v -0.258807 0.311357 -0.11814
v 0.255417 0.293133 0.00280736
v 0.265147 0.300729 -0.0375155
v 0.271529 0.264886 -0.0207417
v 0.263842 0.258965 0.0131773
v 0.114061 -0.0565462 0.248944
v -0.287269 0.235731 -0.131403
v 0.147394 -0.0911661 0.237688
v 0.151996 0.235344 0.242847
v 0.288171 0.214122 -0.141136
v 0.0670313 0.0305113 0.288425
v 0.10121 0.37219 0.263723
v 0.26591 0.221706 0.0331586
v 0.0717813 -0.0516593 0.186496
v 0.140195 -0.112619 0.242548
v 0.145221 -0.119229 0.243984
v 0.248468 0.345342 -0.0662513
v 0.13448 -0.120267 0.246566
v 0.239591 0.353338 -0.0465561
v 0.15848 0.401607 -0.188427
v -0.144206 0.450957 0.323402
v 0.242611 0.256887 0.0702709
v 0.173931 0.39789 -0.171826
v 0.159438 0.383866 -0.216985
v 0.182789 0.377959 -0.194215
v 0.130163 -0.13043 0.251904
v 0.23769 0.331373 -0.166192
v 0.0410973 0.454498 -0.17751
v 0.220372 0.354888 -0.164743
v 0.0871763 -0.0585148 0.164222
v 0.114291 -0.0607069 0.16835
v 0.279419 0.0672277 -0.0386211
v 0.23562 0.0445368 -0.206536
v 0.0328884 -0.0375876 0.28205
v 0.00309264 -0.0340175 0.290249
v -0.038934 -0.025441 0.282317
v -0.0506234 0.451607 0.000353889
v -0.141782 0.439389 0.317925
v 0.1514 -0.12876 0.239437
v -0.00985139 0.455713 0.00906901
v 0.145253 -0.156249 0.231302
v 0.168262 -0.148438 0.216462
v -0.0720566 0.440401 0.0166763
v -0.0410153 0.449393 0.0140214
v 0.0437685 0.435474 0.0542114
v 0.0249259 0.441636 0.0463934
v 0.164495 -0.111978 0.233548
v 0.0450629 0.439984 0.0421492
v 0.0443455 0.444867 0.0294523
v -0.0154617 0.4672 -0.122696
v -0.141321 -0.180631 0.213565
v -0.133666 -0.160489 0.231073
v 0.253737 0.221576 0.0674251
v 0.144316 -0.0826353 0.23847
v -0.0264111 0.384418 -0.297052
v -0.00253247 -0.00391293 0.298044
v -0.136551 -0.426382 -0.0142744
v -0.288929 0.236347 -0.118352
v 0.0170658 -0.00582024 0.294813
v 0.132922 -0.065876 0.243254
v 0.155286 -0.0947997 0.238162
v 0.162323 -0.0877687 0.235598
v 0.0560817 0.435626 0.048222
v 0.247645 0.287608 0.031473
v -0.101634 0.424114 0.0347169
v -0.0939464 0.40717 0.0836684
v -0.122607 -0.336319 0.016643
v -0.0505717 0.430583 0.0578228
v -0.292041 0.213785 -0.117029
v -0.0628496 0.429249 0.0526067
v -0.0722204 0.408078 0.0926869
v -0.0758399 0.417606 0.0716398
v -0.0677658 0.414879 0.0818803
v -0.0986362 0.429558 0.02282
v -0.0942962 0.0215992 0.275024
v -0.0889787 0.429446 0.0321105
v 0.00256166 0.386771 -0.297923
v -0.169282 0.381808 0.0688308
v 0.0223545 -0.188269 0.249164
v -0.0960269 0.021083 0.262711
v -0.190698 0.367993 0.0591847
v -0.179328 0.388798 0.0209596
v -0.140376 0.41288 0.0193923
v -0.14088 -0.324977 -0.00675149
v 0.0458483 -0.203988 0.238981
v -0.209799 0.364075 0.00876396
v -0.0951807 0.0682687 0.263958
v -0.189457 0.385735 0.00390019
v -0.106223 0.0647074 0.242662
v -0.194442 0.368766 0.0451031
v -0.0996966 -0.314006 0.0429745
v -0.218073 0.33651 0.0598307
v -0.222561 0.346641 0.0116997
v -0.199971 0.360137 0.0549497
v -0.188682 0.358572 0.105923
v -0.213828 0.338114 0.0715319
v -0.110254 -0.141189 0.255018
v -0.20297 0.334175 0.130625
v -0.136788 0.0218275 0.242753
v -0.134139 -0.0113544 0.234614
v -0.154009 -0.0301854 0.2324
v -0.134583 -0.089431 -0.173512
v 0.108349 0.40779 0.271951
v 0.0486643 -0.184724 0.253133
v -0.290721 0.212696 -0.130164
v -0.159466 -0.0440858 0.23034
v 0.0356159 -0.185774 0.251449
v -0.149625 -0.253597 -0.0158406
v -0.0780025 0.382858 0.19885
v -0.159357 -0.0033512 0.235803
v -0.178841 -0.0485181 0.209835
v -0.181578 -0.0765766 0.203013
v -0.182335 -0.0896035 0.200304
v -0.177482 -0.0965245 0.210521
v 0.077651 0.446771 -0.172014
v -0.172343 -0.117128 0.216169
v 0.0642857 0.45114 -0.169677
v -0.156768 -0.228173 0.161394
v 0.228501 0.303236 0.0582797
v -0.15359 -0.218052 0.178661
v -0.172765 -0.191017 0.176498
v -0.173568 -0.32338 -0.0793334
v 0.08869 -0.203197 0.235246
v 0.0349187 0.416985 0.0901089
v 0.0546263 0.450718 -0.180368
v 0.0720895 0.440881 -0.195685
v 0.0946417 0.43725 -0.186773
v -0.292662 0.20167 -0.123003
v -0.122648 -0.234224 0.192598
v -0.156393 -0.235541 0.140504
v 0.118418 0.443926 -0.045909
v -0.0173814 0.399893 -0.283938
v 0.209584 0.3367 0.0570078
v -0.280092 0.254389 -0.145078
v -0.0489955 0.257117 0.262933
v -0.0520578 0.29644 0.241541
v -0.0301947 0.268551 0.253107
v 0.161669 0.424509 -0.0385114
v -0.106948 -0.251317 0.185014
v -0.115427 -0.220859 0.0537306
v 0.0875318 -0.250716 0.209573
v -0.159113 -0.17101 0.0122772
v -0.14564 -0.192481 0.0141543
v 0.229496 0.0757314 0.21067
v -0.131974 -0.194598 0.0554201
v 0.153162 0.427382 -0.0315277
v -0.130276 -0.202743 0.0419245
v -0.262093 0.29294 -0.150453
v -0.152905 -0.183006 0.00331266
v 0.0760141 0.43464 -0.208162
v -0.11117 -0.257963 0.0467247
v 0.252354 0.0262927 0.129371
v -0.136179 -0.199071 0.0318487
v -0.133724 -0.212048 0.0294306
v 0.231367 0.364597 -0.0428135
v -0.13637 -0.224574 0.0208209
v 0.0994329 -0.25022 0.201703
v 0.228153 0.372871 -0.0653392
v 0.088991 -0.259597 0.197777
v 0.104516 0.422721 -0.211849
v -0.151283 -0.208006 -0.00707017
v -0.156028 -0.204165 -0.0200922
v -0.134407 -0.272667 0.0115207
v -0.175417 -0.311785 -0.0893417
v -0.177043 -0.429263 -0.0839258
v -0.161064 -0.384389 -0.0491329
v -0.167014 -0.198109 -0.082556
v -0.00972791 -0.278695 0.134545
v 0.0036147 -0.27824 0.132592
v -0.181987 -0.272692 -0.125058
v -0.175518 -0.224941 -0.122687
v -0.196286 -0.308948 -0.153434
v -0.0014842 0.420339 -0.261749
v 0.00516311 -0.267903 0.0734903
v 0.13527 -0.480241 -0.0318284
v 0.13031 -0.484023 -0.0210358
v 0.0237835 -0.303986 0.0611544
v 0.11254 -0.305576 0.0408275
v 0.126945 -0.277359 0.0327285
v 0.0235187 -0.280099 0.141515
v -0.0662892 -0.271421 0.137016
v 0.123604 -0.450696 0.00297985
v 0.11151 -0.35107 0.0323747
v -0.0379563 -0.27603 0.135553
v 0.0995696 -0.350026 0.0397473
v 0.105566 -0.300127 0.0474813
v 0.0735597 -0.348306 0.0464714
v 0.0991841 -0.265002 0.0622193
v 0.0403302 -0.271393 0.0701552
v 0.271445 -0.00988262 0.0367571
v 0.0233234 -0.219659 0.095676
v 0.064457 0.416657 -0.247573
v 0.0858315 -0.214481 0.0945576
v -0.0389964 -0.262138 0.116461
v 0.270524 0.00973238 0.0474195
v 0.266595 0.0303961 0.0763154
v 0.270933 0.0818519 0.0538369
v 0.0200007 -0.236418 0.0828509
v 0.144904 0.288522 0.232685
v -0.0969524 -0.217661 0.0997099
v -0.108674 -0.224405 0.102279
v -0.10711 -0.237183 0.108487
v -0.130099 -0.226638 0.100851
v -0.0226611 0.421848 -0.256618
v -0.0268669 -0.257805 0.114049
v -0.0699418 -0.260847 0.118389
v -0.0751467 -0.21611 0.0990033
v -0.0451217 -0.276108 0.148686
v 0.0633049 0.410082 -0.256559
v 0.0222423 -0.264897 0.117304
v -0.119541 -0.241357 0.111302
v 0.0320193 -0.270463 0.121872
v 0.104585 0.386213 -0.259806
v -0.0920004 -0.26532 0.133779
v -0.0456275 -0.269733 0.124335
v -0.0823501 -0.263793 0.12432
v 0.271971 0.0166281 0.0368443
v -0.138465 -0.248885 0.136471
v 0.0957028 0.396496 -0.254267
v 0.272989 0.00985747 0.0258077
v 0.273309 0.0714419 0.0341068
v -0.0257663 -0.268853 0.20069
v 0.275438 0.0458495 0.00157086
v 0.0527518 -0.269078 0.198079
v 0.0436488 -0.266682 0.119815
v 0.27253 -0.00319962 0.0256964
v -0.006932 -0.277271 0.185686
v 0.0132376 -0.279028 0.178008
v 0.0165667 -0.278145 0.131519
v -0.00178432 -0.262116 0.1158
v 0.180661 0.415452 -0.0813577
v 0.00788132 -0.280775 0.154909
v 0.276796 0.0732978 0.00711084
v -0.0236925 -0.264728 0.073373
v -0.0332788 -0.27708 0.175073
v -0.0421164 -0.274798 0.182347
v -0.103695 0.382495 0.272914
v -0.00410669 -0.271483 0.197851
v -0.152705 -0.362724 -0.0308361
v 0.191559 0.404265 -0.0385425
v 0.0656578 -0.27393 0.144001
v 0.0634316 -0.265363 0.201567
v 0.0289006 0.361877 -0.313921
v 0.0810846 -0.211347 0.232231
v 0.0291331 -0.468657 0.0177462
v 0.0732149 -0.270811 0.133543
v 0.0619731 -0.203298 0.238171
v -0.00149223 -0.184194 0.252495
v 0.0307145 -0.172606 0.271454
v 0.0534021 -0.271301 0.126506
v 0.0562141 -0.240328 0.109608
v 0.0356102 -0.248728 0.111381
v 0.0163674 -0.17414 0.268873
v -0.0969659 0.355558 0.258921
v 0.0567114 -0.250871 0.112098
v 0.0892768 -0.162347 0.264459
v 0.0548774 -0.176746 0.263281
v -0.0178979 -0.228132 0.106245
v 0.0201552 -0.222433 0.102836
v 0.102497 -0.159196 0.259279
v 0.11036 -0.192456 0.234842
v 0.244278 0.35238 -0.0744035
v 0.0504012 -0.428363 0.0265224
v 0.0091127 -0.40464 0.0352733
v 0.286807 0.101156 -0.0855282
v 0.284338 0.0882337 -0.0837126
v 0.142487 -0.087507 0.232931
v -0.0584573 -0.234551 0.0811022
v -0.00313537 -0.227218 0.2322
v -0.0632553 -0.218774 0.230731
v -0.122086 -0.265093 0.0314645
v 0.275085 0.0459939 -0.0303292
v 0.282807 0.0819263 -0.0701181
v 0.0104691 0.377385 -0.305394
v 0.0410781 -0.0592617 0.168547
v 0.292635 0.184757 -0.122654
v 0.132249 -0.0755397 0.22693
v 0.289323 0.196999 -0.138354
v 0.289797 0.12212 -0.110495
v 0.291564 0.164456 -0.126338
v 0.28832 0.139334 -0.137542
v 0.0826258 -0.229017 0.0810995
v -0.00884159 -0.245058 0.22294
v 0.277796 0.0631728 -0.0168869
v 0.282788 0.0973154 -0.0342771
v 0.289853 0.13258 -0.0719043
v 0.289319 0.122011 -0.079817
v -0.0652521 0.40871 -0.257134
v 0.238502 0.360116 -0.0842378
v -0.0431148 0.440714 -0.214668
v 0.239879 -0.0346267 -0.0545207
v 0.107561 -0.0613462 0.241181
v -0.0301653 0.445071 -0.209964
v -0.0423434 0.446626 -0.199455
v 0.0797292 -0.00237652 0.261696
v -0.0968243 -0.199018 0.23263
v 0.0334244 -0.0425753 0.260761
v 0.25336 0.222253 -0.209797
v 0.240296 0.181175 -0.236079
v 0.247969 0.173958 -0.225621
v 0.247071 0.185578 -0.225584
v -0.0444072 0.42792 -0.240556
v 0.262277 0.148265 -0.205911
v 0.262975 0.162951 -0.203248
v 0.256358 0.15534 -0.214505
v -0.132658 -0.235341 0.0240913
v 0.257504 0.202438 -0.20737
v 0.263872 0.196132 -0.198326
v 0.237919 0.264961 -0.216626
v 0.202196 0.398476 -0.0929117
v 0.219886 0.345887 -0.178744
v 0.226516 0.324875 -0.194518
v 0.193921 0.245898 -0.274392
v 0.204593 0.242855 -0.263718
v 0.198943 0.256779 -0.264387
v -0.148518 -0.221769 -0.00381579
v 0.223711 0.261317 -0.234515
v -0.146197 -0.211435 0.00485358
v 0.196344 0.293489 -0.251709
v -0.12316 0.360261 0.268778
v 0.199932 0.279494 -0.25369
v 0.206695 0.286516 -0.243357
v -0.00144128 0.378092 -0.305506
v -0.0703894 0.188157 0.235658
v -0.0120931 0.383429 -0.300261
v 0.115969 0.383996 -0.254179
v 0.13917 0.389816 -0.229827
v 0.111612 0.400021 -0.240111
v -0.0589003 -0.483494 -0.0269883
v -0.0102164 0.372052 -0.309646
v 0.1184 -0.219453 0.060251
v -0.0140324 0.00652205 0.314997
v -0.164347 -0.205743 -0.0566926
v -0.00805477 0.00258268 0.30585
v -0.0330898 -0.0480105 0.193233
v -0.268057 0.15196 0.0468816
v -0.0557707 0.169528 -0.371504
v -0.0114907 0.00273153 0.33583
v -0.171799 -0.269791 -0.0894412
v -0.147618 -0.400812 -0.244995
v -0.159177 -0.147405 0.217969
v -0.0130528 0.417243 -0.264386
v -0.0725106 0.0299803 0.304998
v -0.0685338 0.170614 -0.369301
v 0.0675507 -0.218792 0.0913387
v -0.0465083 0.463096 -0.117826
v 0.0149485 0.467552 -0.123662
v 0.0583567 0.44555 -0.193744
v -0.111001 0.0503534 0.245065
v 0.10678 0.43254 -0.187974
v -0.0151922 0.408769 -0.274171
v 0.0261696 0.447286 -0.207441
v -0.108644 0.0358295 0.25202
v 0.114993 0.413598 -0.218837
v -0.167648 -0.2641 -0.0678312
v 0.267637 0.0832379 -0.175613
v 0.102664 0.401029 -0.245291
v 0.0563545 0.379656 -0.291212
v 0.190872 -0.444704 -0.113817
v 0.233934 0.362205 -0.109711
v 0.089028 0.368415 -0.284391
v -0.0631423 0.158528 -0.371353
v -0.0758161 0.407411 -0.252559
v -0.0492854 0.464467 -0.0647253
v 0.00555367 0.35821 -0.319605
v 0.0469533 0.458551 -0.153894
v -0.0546521 0.0743808 0.292566
v 0.121893 -0.268454 0.041313
v 0.169892 0.422428 -0.077079
v 0.0187281 0.353915 -0.320991
v 0.0413358 -0.248137 0.0776753
v -0.108187 0.166802 0.147757
v 0.0630505 -0.246902 0.0770759
v 0.0634687 -0.259625 0.0727977
v 0.227532 -0.0221903 -0.145409
v 0.0457832 0.435343 -0.22645
v 0.0151493 0.366084 -0.313361
v 0.048089 0.396134 -0.279291
v 0.0817256 0.420471 -0.231679
v -0.12838 0.198537 0.140934
v -0.123897 0.184022 0.140154
v 0.0581673 0.387313 -0.283297
v 0.114927 -0.294667 0.041271
v 0.0601048 -0.224174 0.086379
v -0.0564758 0.452444 -0.16931
v -0.0630223 0.455704 -0.141349
v 0.112521 -0.234348 0.0611791
v 0.116587 -0.376185 0.0235303
v 0.0470452 0.385885 -0.289691
v 0.122642 -0.326653 0.0275931
v -0.0682788 0.444248 -0.185927
v 0.0633288 0.164727 0.198081
v -0.185771 -0.0526862 0.197041
v -0.113872 0.0575707 0.242496
v -0.128527 0.0615693 0.251718
v 0.102219 -0.476984 0.00968154
v 0.0413261 -0.225051 0.0872507
v -0.284886 0.234309 -0.144854
v -0.149852 0.0157279 0.245368
v -0.191535 -0.0212564 0.197771
v -0.0619186 0.461254 -0.0657277
v 0.125995 0.386512 0.171103
v -0.173946 -0.0206303 0.220623
v -0.197507 -0.0195175 0.188164
v -0.21267 -0.00392567 0.172841
v -0.071449 -0.12989 0.261581
v -0.197668 -0.0366462 0.177468
v -0.208158 -0.0637105 0.145894
v 0.111739 -0.212605 0.0721994
v -0.217153 -0.0227369 0.145932
v -0.199267 -0.117735 0.156138
v -0.212546 -0.0688948 0.135036
v -0.194475 -0.195373 0.120307
v -0.115212 0.264936 -0.333276
v -0.180278 -0.129171 0.198188
v -0.169529 -0.170662 0.193955
v -0.194871 -0.162434 0.155652
v -0.219422 -0.151386 0.106207
v -0.196938 -0.178003 0.140097
v 0.0445155 -0.333319 0.0518844
v -0.185571 -0.164132 0.173834
v -0.211168 -0.147502 0.126561
v -0.189316 -0.17037 0.163219
v -0.196239 -0.129273 0.161348
v 0.109656 -0.208526 0.0813176
v 0.0247343 0.44361 -0.217502
v 0.011828 0.442588 -0.222647
v -0.201978 -0.160093 0.0437947
v -0.216746 -0.161929 0.0580085
v 0.0288735 -0.136157 0.240726
v 0.0510098 -0.37726 0.0399216
v 0.0499052 0.461 -0.132408
v 0.220052 0.0279756 -0.212447
v -0.285287 0.103093 -0.0753505
v 0.139677 -0.280056 0.0143917
v -0.220281 -0.162169 0.0812771
v -0.188352 -0.195457 0.0804657
v -0.194895 -0.18826 0.0753661
v -0.192629 -0.159117 0.0382263
v -0.127034 0.436352 -0.107814
v -0.209579 -0.170939 0.0630978
v -0.246314 -0.100821 0.0206934
v -0.232316 -0.134459 0.0399605
v 0.0941025 0.446096 -0.152016
v 0.0699777 0.45789 -0.118198
v 0.0694512 0.454262 -0.145206
v -0.230198 -0.144758 0.0646605
v -0.245636 -0.105388 0.0471031
v -0.241953 -0.117019 0.0483939
v 0.144426 -0.285004 0.00593586
v -0.258759 -0.0590008 0.0213291
v 0.222485 0.375529 -0.108824
v -0.121638 -0.0796625 0.22914
v -0.0950866 0.392572 0.265688
v 5.08906e-05 0.443645 -0.221472
v -0.0758601 -0.353951 0.0438076
v 0.0200349 -0.138531 0.233772
v -0.117535 0.440516 -0.050673
v 0.147086 -0.262729 0.00601471
v -0.139597 -0.198752 0.0758163
v 0.160149 -0.293329 -0.0253643
v -0.142459 -0.190094 0.0271956
v 0.155599 -0.277053 -0.0131405
v -0.149969 0.414222 -0.00262288
v -0.165128 -0.172441 0.0397734
v -0.161325 0.406752 -0.000988235
v -0.0840138 0.149015 -0.367594
v -0.185389 -0.142549 0.00112818
v 0.0697704 0.425739 -0.229755
v -0.215742 -0.40277 -0.185959
v -0.166956 -0.184897 -0.0880196
v -0.204975 -0.359151 -0.229204
v 0.0349603 0.439672 -0.222956
v 0.251916 -0.0053082 -0.102198
v 0.176748 -0.436892 -0.0661292
v 0.217212 0.36139 0.00641922
v -0.168834 -0.226379 -0.155005
v -0.0866633 0.160077 -0.366132
v -0.0879525 0.444657 -0.155733
v -0.0681897 0.449596 -0.164745
v 0.200028 0.0195096 0.230263
v -0.175148 -0.233845 -0.146926
v -0.218117 -0.369154 -0.200997
v -0.0741891 0.45021 -0.151128
v 0.167513 -0.358024 -0.0446264
v 0.170223 -0.383622 -0.0510222
v -0.106279 0.186289 -0.35757
v -0.10846 0.428278 0.0147784
v 0.0656036 0.461799 -0.0928801
v 0.134057 0.277212 0.243286
v 0.127759 -0.439142 0.00173064
v -0.128176 0.411997 0.0396449
v -0.169722 -0.140122 -0.0690921
v -0.100583 0.429275 -0.196504
v 0.13954 -0.392529 -0.00238571
v -0.17239 -0.153733 -0.0182659
v -0.168037 -0.16145 0.00771978
v -0.130583 0.423331 0.000529684
v -0.161644 -0.18602 -0.0370706
v -0.119177 0.426094 0.00736823
v 0.0370337 0.463491 -0.134196
v -0.163499 -0.17192 -0.0414416
v -0.0866963 0.435407 -0.195156
v -0.0170869 -0.214836 -0.265903
v -0.0365833 -0.199754 -0.25753
v -0.00692647 -0.155984 -0.248907
v -0.0508785 -0.335195 -0.307121
v 0.14309 -0.442793 -0.0147475
v -0.0479098 -0.207477 -0.256859
v -0.041732 -0.160418 -0.243243
v -0.0730519 -0.287201 -0.280681
v -0.260647 0.304117 -0.0497836
v -0.110105 -0.342619 -0.292942
v -0.0658991 -0.250623 -0.267445
v -0.0608597 -0.178126 -0.240042
v 0.149014 -0.34158 -0.00914988
v 0.14583 -0.356087 -0.00590641
v -0.00212418 0.230683 -0.364395
v -0.1275 -0.357762 -0.293239
v -0.100269 -0.190112 -0.216456
v -0.0953468 -0.210367 -0.231498
v -0.174231 0.359525 -0.223326
v -0.157572 -0.301405 -0.236473
v 0.239179 0.0374544 -0.194678
v -0.0816419 0.440459 -0.184007
v -0.145331 -0.248156 -0.208995
v -0.136767 -0.184455 -0.172074
v -0.00897654 -0.225694 -0.270494
v 0.00281782 -0.276625 -0.288636
v -0.0710368 -0.237367 -0.259686
v -0.0798004 -0.248476 -0.260386
v -0.122352 -0.270893 -0.246384
v -0.161808 -0.364047 -0.277794
v -0.131966 -0.370573 -0.29582
v -0.12876 -0.262645 -0.235906
v -0.138741 -0.288481 -0.244237
v 0.130582 0.267309 0.247993
v -0.129005 -0.181233 -0.180286
v -0.0601964 -0.136427 0.236732
v 0.229627 0.358766 -0.0228022
v -0.229353 0.325098 0.0428965
v -0.117112 0.19343 -0.352192
v -0.126496 -0.220507 -0.209755
v 0.161699 -0.439258 -0.039926
v 0.147578 -0.318105 -0.00439921
v -0.132195 -0.213753 -0.198386
v 0.0608965 0.461676 -0.106614
v 0.162061 -0.323976 -0.0322263
v 0.160007 -0.347342 -0.0285068
v 0.164864 -0.293584 -0.0361836
v 0.152039 -0.256294 -0.00276405
v 0.141283 -0.267815 0.0147885
v 0.151198 -0.242306 0.000806947
v 0.136637 -0.260644 0.0236063
v 0.0666057 0.176532 0.173034
v 0.0736775 0.450898 -0.158879
v 0.101481 -0.215244 0.0800268
v -0.228838 0.343425 -0.00731909
v -0.228983 0.347175 -0.0193758
v -0.0332367 -0.0442122 0.219777
v -0.124569 -0.18815 -0.189818
v -0.243971 0.335758 -0.113982
v -0.107483 0.435558 -0.00793519
v -0.119925 -0.193943 -0.198713
v -0.0837807 0.441104 0.00392992
v 0.138744 0.438005 -0.0860651
v -0.210224 0.344505 -0.189105
v -0.156254 -0.334587 -0.261641
v 0.0518107 -0.490537 -0.0116429
v -0.150163 0.357157 0.251898
v -0.235717 0.289398 0.0875449
v -0.145459 -0.311399 -0.254447
v 0.0995499 -0.251045 0.0665713
v 0.102122 -0.237816 0.0689326
v -0.152155 -0.305915 -0.244804
v 0.129589 0.442201 -0.0785808
v -0.132071 -0.233288 -0.213069
v 0.0604182 -0.230028 0.107527
v -0.133889 -0.253756 -0.225289
v -0.110271 -0.224343 -0.227385
v -0.110523 -0.244925 -0.240024
v -0.26397 0.257739 0.0137278
v -0.257887 0.255742 0.0403383
v 0.151136 0.430052 -0.0423463
v -0.269323 0.264633 -0.0170871
v -0.113895 0.148426 -0.357056
v -0.139231 -0.339732 -0.276123
v -0.0154634 -0.266089 0.117961
v -0.152373 -0.359748 -0.280929
v -0.0791108 -0.268717 0.13613
v -0.0166735 -0.274763 0.125926
v -0.141814 -0.36165 -0.287919
v -0.0918637 -0.249594 -0.254544
v -0.24268 0.266346 0.0880781
v -0.246395 0.264934 0.0750294
v -0.245875 0.275143 0.0649168
v -0.104112 -0.253424 -0.24924
v -0.202037 0.381043 -0.126603
v 0.108861 -0.240413 0.203135
v -0.229208 0.288438 0.11377
v 0.0834442 -0.19313 0.243601
v 0.10129 -0.2254 0.218141
v -0.0668522 -0.205419 -0.247936
v -0.119909 0.27812 0.248395
v -0.230488 0.299775 0.0931699
v -0.224609 0.359907 -0.115248
v 0.156074 -0.105366 0.238296
v 0.171797 -0.0910628 0.229552
v -0.0818356 -0.222282 -0.247258
v 0.0251851 -0.481177 -0.0322649
v 0.143946 -0.0658054 0.241839
v -0.0744635 -0.227646 -0.253827
v -0.138639 0.473519 0.313037
v 0.0854901 -0.433465 -0.154834
v -0.1334 0.449958 0.314648
v -0.0592993 -0.21329 -0.254806
v 0.166701 -0.188832 0.19509
v 0.157196 -0.137563 0.231723
v -0.0954955 0.40894 0.223323
v -0.220401 0.367812 -0.102214
v -0.0567772 -0.202618 -0.251544
v 0.0471185 -0.00390583 0.278841
v -0.103782 0.300072 0.245495
v 0.089961 -0.0376913 0.262984
v 0.112762 -0.0357992 0.251432
v -0.118667 0.162861 -0.354315
v -0.0490768 -0.222072 -0.261918
v 0.11378 0.0125563 0.239177
v 0.0199305 0.142291 0.296778
v -0.137486 -0.102621 0.21399
v 0.123204 0.01134 0.233897
v -0.153964 0.422495 -0.10456
v -0.125594 0.150013 -0.35089
v -0.0191606 -0.258616 -0.282154
v -0.164404 0.415111 -0.110004
v -0.0312314 -0.290122 -0.292961
v 0.0995741 0.0258567 0.29118
v 0.182977 0.405141 -0.0153213
v -0.00997159 -0.266258 -0.28512
v 0.237713 0.0111813 0.154356
v 0.228438 0.0129998 0.179053
v -0.128394 0.266783 0.247757
v -0.124496 0.29056 0.242935
v -0.0230613 0.105107 0.323646
v 0.0176152 0.0026643 0.325955
v 0.268536 -0.0292211 0.0484685
v -0.153519 0.409111 -0.168608
v -0.0849981 0.266917 0.259249
v 0.232647 0.0247593 -0.192286
v 0.263182 -0.0728188 0.0324654
v 0.0132082 0.00160022 0.339853
v -0.00199686 0.00429039 0.355008
v 0.253075 -0.106233 0.0254141
v -0.175166 -0.354181 -0.259183
v 0.264158 -0.043688 0.00237702
v 0.184009 -0.112708 -0.0790938
v -0.111391 0.443856 -0.0917726
v -0.0518447 0.0373525 0.327043
v 0.0607893 0.423351 -0.239303
v 0.0921423 0.421989 -0.222541
v 0.206354 -0.0648205 -0.113428
v -0.0472947 0.0295237 0.335124
v 0.225903 -0.0307728 -0.135397
v -0.091636 0.0545178 0.288945
v -0.0893221 -0.190001 -0.226071
v 0.223918 -0.0390286 -0.125331
v -0.066873 0.0495592 0.309365
v 0.231969 -0.0481428 -0.0567094
v 0.204458 0.390686 -0.0272635
v 0.237227 -0.0341409 -0.0890279
v -0.0918641 0.27663 0.254901
v 0.225303 -0.0472031 -0.105083
v -0.0877181 0.0427326 0.296969
v 0.208709 -0.079929 -0.0731293
v -0.140179 0.430368 -0.100713
v -0.105425 -0.299415 -0.272739
v -0.117953 -0.301951 -0.266929
v -0.103818 -0.319274 -0.28408
v -0.0523441 0.0901955 0.264355
v 0.251699 0.120188 -0.221434
v -0.105136 0.0983669 0.240302
v 0.242125 0.165787 -0.235331
v -0.086453 -0.202123 -0.234371
v -0.0712744 -0.185394 -0.236949
v 0.149056 0.336046 -0.270868
v 0.172779 0.313541 -0.265804
v 0.1734 0.337037 -0.248562
v -0.0871993 0.124245 0.22739
v -0.120706 0.117148 0.242931
v 0.137124 0.286847 -0.308998
v 0.146464 0.302685 -0.293389
v 0.179069 0.241353 -0.290989
v 0.174348 0.250968 -0.291496
v -0.0804257 -0.19099 -0.233534
v -0.0855658 0.139582 0.211162
v 0.169133 0.295757 -0.277988
v -0.0581884 -0.299981 -0.290577
v -0.07605 0.153063 0.190526
v -0.0492763 -0.267244 -0.279954
v 0.162867 0.287175 -0.287297
v -0.103627 0.150222 0.172826
v 0.157028 0.278961 -0.295944
v 0.173169 0.282261 -0.279901
v 0.15541 0.261162 -0.304799
v -0.209164 0.134967 0.205607
v -0.0793046 -0.309924 -0.288605
v -0.236148 0.350153 -0.0913027
v -0.0450452 -0.0697435 -0.259021
v -0.147367 -0.112698 -0.133925
v 0.141995 0.327767 -0.281873
v -0.287196 0.113922 -0.0786036
v -0.0849141 0.174457 0.148207
v 0.150609 0.313365 -0.284164
v -0.0373581 -0.186172 -0.252807
v -0.0297172 -0.163402 -0.247888
v -0.239355 0.344499 -0.10282
v -0.0394569 -0.172918 -0.247862
v -0.230725 0.355575 -0.102855
v 0.116566 0.306304 -0.311464
v -0.150978 0.42445 -0.0598131
v -0.0307844 -0.257893 -0.280519
v -0.0427095 -0.28917 -0.29068
v -0.0256681 -0.206329 -0.261938
v 0.187102 0.26094 -0.275149
v 0.258903 -0.0797438 0.0535422
v -0.0801757 0.209396 0.177292
v -0.0131148 -0.178922 -0.255449
v 0.245393 -0.0178145 -0.100133
v -0.163858 -0.170219 -0.0555265
v 0.209809 0.229358 -0.262077
v 0.0309873 -0.23073 0.0846081
v -0.163058 -0.182833 -0.0503217
v 0.228871 0.207075 -0.244922
v -0.162269 0.40108 -0.172792
v -0.177015 -0.151957 0.0043746
v -0.128121 0.211857 0.149557
v -0.15608 0.149527 0.189189
v -0.0878379 -0.226572 0.105205
v 0.234179 0.230305 -0.232888
v -0.154366 0.170628 0.153426
v -0.139159 0.164315 -0.342959
v -0.169615 -0.223844 0.125809
v -0.170976 0.184801 0.159634
v 0.0453735 0.262857 -0.354843
v 0.024318 0.267937 -0.355486
v 0.0782175 0.308417 -0.329597
v -0.158518 -0.189679 -0.0233536
v 0.215359 0.00916592 -0.1994
v -0.151466 0.425034 -0.074668
v 0.0254202 0.230013 -0.36399
v -0.288504 0.11443 -0.0900863
v 0.0728031 0.207738 -0.362605
v -0.183197 0.349192 -0.224136
v 0.0846767 0.256201 -0.348491
v 0.059084 0.261159 -0.353351
v -0.056352 -0.273038 0.17126
v -0.161331 -0.169201 -0.00192761
v -0.139013 0.130371 0.232617
v -0.190176 0.339009 -0.226083
v -0.122917 0.138213 0.214472
v -0.166195 -0.158187 -0.0475665
v 0.0538267 -0.421848 -0.188518
v 0.0436501 0.440643 -0.216985
v -0.146291 0.0697433 0.264755
v 0.126863 0.412601 0.0486647
v -0.0965049 0.301211 -0.325578
v -0.11458 0.0785295 0.244113
v -0.162991 0.418214 -0.081422
v 0.184384 -0.0473388 -0.165857
v -0.0986899 0.281758 -0.333614
v 0.177623 -0.055885 -0.161649
v 0.165822 -0.0521566 -0.179243
v -0.204741 -0.329366 -0.171724
v -0.195673 -0.2976 -0.161307
v -0.192447 0.345922 -0.215149
v -0.0939508 0.104626 0.235469
v -0.0274788 0.257273 -0.357803
v -0.184946 0.364994 -0.201094
v 0.0117319 0.26718 -0.356107
v -0.179513 -0.241859 -0.138101
v 0.13681 0.419662 0.019804
v -0.0970268 0.246155 0.264289
v -0.199715 0.0410476 0.243536
v -0.208806 0.0243826 0.218187
v -0.208761 0.00191944 0.188984
v -0.0571536 0.30644 -0.337988
v -0.176642 0.0519514 0.263583
v -0.0807666 0.266477 -0.34674
v -0.166112 0.0612637 0.267512
v 0.116803 0.440425 -0.0192922
v -0.181478 0.0348545 0.252359
v 0.160314 0.465399 0.305752
v -0.031047 0.193709 -0.370109
v 0.124482 0.432108 -0.000499631
v -0.176248 -0.229427 -0.135148
v -0.237959 0.00722976 0.129004
v -0.21086 0.0131554 0.200619
v 0.119582 0.445875 -0.0723857
v -0.220765 0.0333127 0.205183
v -0.20767 0.0315982 0.226431
v -0.219876 0.0549126 0.220831
v -0.20514 0.05091 0.243445
v 0.250117 0.0671101 -0.200013
v -0.242839 0.0329886 0.137312
v -0.248458 0.000870255 0.0991064
v -0.231119 -0.0620298 0.102829
v -0.224417 -0.04711 0.120399
v -0.248931 -0.0161249 0.0886745
v -0.231014 -0.00105906 0.135761
v -0.248732 -0.0923532 0.0482976
v -0.259101 -0.0412982 0.046108
v -0.226136 -0.0866503 0.106913
v -0.204343 -0.324165 -0.181927
v -0.202184 0.388224 -0.0791204
v -0.247723 -0.0531885 0.0751423
v -0.239871 -0.113052 0.0685695
v 0.0224135 -0.120817 0.149532
v 0.242468 0.194627 -0.230648
v 0.137772 0.255891 0.247044
v -0.290255 0.124476 -0.0958512
v -0.256235 -0.0619459 0.00943434
v -0.245745 -0.0554598 -0.011785
v -0.0148203 0.223909 -0.36533
v -0.259633 -0.0478173 0.0127647
v 0.206099 -0.418394 -0.166611
v 0.0865452 0.292144 0.247792
v -0.221746 -0.0896263 -0.0170807
v -0.228901 -0.068524 -0.0253125
v -0.241187 -0.0295211 -0.0493
v -0.215954 -0.0741911 -0.0487824
v -0.199682 -0.107372 -0.0373714
v -0.205802 -0.0847009 -0.0656105
v -0.186289 -0.112663 -0.0692
v 0.236852 0.354735 -0.122712
v -0.214431 -0.361324 -0.210772
v 0.246306 0.349178 -0.0873548
v -0.19434 -0.127848 -0.0114166
v -0.188149 -0.130655 -0.0233256
v -0.167239 -0.139071 -0.0833565
v -0.153712 -0.192295 -0.152033
v 0.0163651 -0.410885 -0.218295
v -0.167738 -0.204528 -0.133884
v -0.171594 -0.209287 -0.11963
v -0.00920708 -0.0392356 0.247092
v -0.032543 0.243507 -0.360614
v -0.0710011 0.216166 -0.361474
v -0.0633398 0.259193 -0.353398
v -0.0866977 0.254916 -0.348855
v -0.164827 -0.149289 -0.0909112
v -0.166273 -0.172179 -0.0938824
v 0.101422 0.378204 -0.269686
v 0.0218425 0.415952 0.0938021
v 0.259571 -0.0212078 0.0811731
v -0.131904 0.388242 -0.233662
v -0.100472 0.387329 -0.260249
v -0.150659 0.423458 -0.0482181
v -0.165308 -0.214853 -0.151182
v -0.185809 -0.0868926 -0.112451
v -0.181015 -0.288236 -0.195998
v -0.163589 0.0259752 -0.263681
v -0.185938 -0.279362 -0.176916
v -0.215794 -0.0201053 -0.168136
v -0.195149 -0.316533 -0.201125
v 0.0434536 -0.133904 0.159197
v -0.139631 0.429941 -0.0509293
v -0.198003 0.369168 -0.169648
v 0.0909131 0.281499 0.253042
v -0.199864 0.0547043 -0.260828
v -0.217593 0.0819308 -0.261104
v -0.249786 0.0275548 -0.170536
v -0.23127 0.0356124 -0.208909
v -0.151912 -0.2283 -0.184914
v -0.226547 -0.0122459 -0.1632
v -0.176966 0.0572683 -0.281167
v -0.144149 0.0429089 -0.291628
v -0.205907 0.0177464 -0.221196
v -0.198596 0.0440385 -0.253572
v -0.147909 -0.215907 -0.180364
v -0.160902 -0.235893 -0.177969
v -0.232787 0.0454263 -0.216299
v -0.000601512 0.0572469 -0.353132
v -0.00397263 0.0369416 -0.340988
v -0.216364 0.374188 -0.0741261
v -0.225065 0.364546 -0.077051
v -0.0342982 0.081943 -0.3653
v -0.0455598 0.0814647 -0.364201
v 0.2377 -0.0026181 0.139758
v 0.012696 0.421782 0.0860566
v -0.0342106 0.0273307 -0.331316
v -0.0456463 0.0229773 -0.324776
v -0.0836741 0.0407561 -0.32418
v -0.054584 0.0441625 -0.338802
v -0.218748 0.371503 -0.0872262
v -0.0935437 0.0482342 -0.325543
v 8.9502e-05 0.025516 -0.33337
v -0.0770075 0.0729135 -0.351458
v 0.0064685 0.0652571 -0.357656
v 0.0312097 0.0480342 -0.345824
v 0.0508163 -0.00586339 -0.301153
v -0.190914 0.370835 -0.180768
v 0.0803974 0.0390334 -0.324125
v -0.189806 -0.320599 -0.214576
v 0.0455605 -0.0364233 0.280587
v 0.136405 0.0301676 -0.284747
v 0.0850622 -0.011777 -0.281305
v 0.055033 0.0732011 -0.35738
v 0.0855293 0.0909239 -0.357662
v -0.130061 -0.110927 0.219257
v -0.041155 0.00427941 -0.312372
v -0.0275322 0.00462788 -0.31642
v -0.0157985 -0.0475022 -0.280046
v -0.0621794 -0.0416841 -0.270604
v -0.0888248 -0.0209857 -0.273585
v 0.00749585 0.00251239 -0.316598
v -0.198 -0.358364 -0.238593
v -0.129445 0.171992 -0.348207
v -0.169284 -0.23161 -0.0872019
v -0.170429 -0.220515 -0.0961827
v -0.142376 0.386185 -0.225504
v -0.0162636 0.433893 0.0646026
v -0.0982317 -0.164018 -0.206236
v 0.00618149 0.434137 0.0659946
v 0.0253717 0.423232 0.0828175
v -0.113167 0.438383 -0.0289729
v -0.168731 -0.209001 -0.0904181
v 0.0953442 0.269965 0.257537
v -0.106332 0.443173 -0.039686
v -0.166694 0.409494 -0.0245424
v -0.0128464 -0.0951389 -0.250165
v -0.0357903 -0.0889916 -0.249702
v 0.000853347 -0.047607 -0.280605
v -0.116988 -0.108602 -0.177315
v -0.114203 0.356813 -0.278357
v -0.285663 0.246404 -0.075154
v 0.12495 0.0103871 -0.275478
v -0.0937774 -0.119906 -0.199138
v -0.201133 -0.37856 -0.160466
v 0.0546155 0.43009 0.061384
v -0.0630114 -0.108646 -0.226848
v -0.0700785 -0.116374 -0.219846
v -0.200194 0.361411 -0.179956
v -0.089726 0.422879 -0.220511
v -0.186122 -0.151134 0.0219845
v -0.186546 0.385636 -0.159298
v -0.121208 -0.135611 -0.168036
v -0.125225 -0.169861 -0.178221
v -0.094129 -0.151888 -0.205078
v -0.164424 0.413624 -0.0376059
v 0.2438 0.151728 -0.233716
v -0.069325 -0.130465 -0.220037
v -0.057541 -0.133823 -0.228458
v -0.0489405 -0.124858 -0.231752
v -0.128327 -0.0781248 -0.193512
v 0.0664064 -0.0422449 0.271234
v -0.0951969 -0.0524713 -0.244595
v -0.206304 0.301978 -0.235989
v -0.0977318 0.445572 -0.133588
v -0.100257 0.439524 -0.160552
v -0.180463 -0.167024 0.0418816
v -0.00716868 -0.118228 -0.242503
v -0.279243 0.189426 -0.0115347
v -0.0767773 -0.143654 -0.217208
v -0.289019 0.192055 -0.0615336
v -0.287567 0.203312 -0.0548496
v -0.125293 -0.149229 -0.167352
v -0.190425 0.396274 -0.0448636
v -0.10301 -0.153584 -0.196721
v 0.0889003 -0.341041 -0.299691
v 0.0553209 -0.240881 -0.266332
v 0.0922451 -0.301042 -0.279574
v -0.273729 0.234084 -0.00644685
v -0.191713 -0.0714546 0.181384
v 0.0312439 -0.354916 -0.316899
v 0.017132 -0.24089 -0.275101
v -0.284933 0.222866 -0.0496396
v 0.00620822 -0.152694 -0.247703
v 0.015665 -0.190627 -0.258095
v -7.31136e-05 -0.201447 -0.262374
v 0.154099 -0.234682 -0.183888
v 0.177822 -0.27788 -0.189494
v 0.0444254 0.410423 0.0971892
v 0.0770601 0.395849 0.111317
v 0.162899 -0.350168 -0.266111
v -0.212747 -0.033104 0.148681
v 0.14273 -0.183752 -0.162248
v 0.145407 -0.223958 -0.187557
v -0.272151 0.0716332 0.00323138
v -0.208158 -0.0963285 0.139668
v 0.124316 -0.276234 -0.246627
v 0.150718 -0.362967 -0.283467
v -0.155414 -0.187764 0.0622327
v 0.122189 -0.230399 -0.218675
v 0.107839 -0.19742 -0.212009
v -0.121741 -0.117807 0.224282
v -0.161496 -0.293212 -0.0470258
v -0.203025 -0.107146 0.149272
v -0.196928 -0.0760235 0.168658
v -0.0590249 0.411413 0.0916396
v -0.152742 -0.196464 0.0733505
v 0.0796672 -0.192649 -0.233279
v 0.048199 -0.223353 -0.261605
v 0.0489754 -0.211477 -0.256873
v 0.055506 -0.161151 -0.236669
v 0.0301472 -0.175211 -0.250737
v 0.0375106 -0.229665 -0.267315
v -0.194495 -0.151483 0.160423
v 0.179249 -0.28747 -0.0918015
v 0.198592 -0.371266 -0.146666
v 0.170226 -0.307391 -0.0502177
v 0.166858 -0.260108 -0.0407143
v 0.190088 -0.412946 -0.100462
v 0.16446 -0.206571 -0.0266455
v -0.181791 0.403012 -0.0428873
v -0.159938 -0.17132 0.0262737
v 0.178367 -0.252416 -0.105718
v 0.177855 -0.305102 -0.0729062
v 0.170802 -0.224939 -0.0714971
v -0.154466 -0.104463 0.172968
v -0.272915 0.0855059 0.0041633
v -0.286939 0.165527 -0.0547819
v -0.114868 -0.203398 0.077807
v 0.17356 -0.164464 0.01325
v -0.283238 0.160354 -0.0340933
v 0.133894 -0.240986 0.0325418
v -0.178682 0.392914 -0.159155
v -0.274547 0.130022 0.00914774
v 0.154957 -0.184496 0.0222974
v -0.283572 0.215529 -0.0395667
v -0.268325 0.235856 0.0164027
v -0.272419 0.202302 0.0190419
v -0.274626 0.17494 0.0137232
v 0.155022 -0.190822 0.0110991
v 0.136454 -0.196744 0.0520642
v 0.128264 -0.205441 0.0571153
v -0.273184 0.148442 0.0227738
v 0.176663 -0.16527 0.0272965
v -0.26657 0.300712 -0.0938159
v -0.283311 0.173589 -0.031648
v -0.280121 0.1006 -0.0349635
v -0.173186 -0.422249 -0.188177
v 0.175387 0.320356 -0.258823
v -0.12627 -0.126871 -0.159199
v 0.146274 -0.209511 0.0215401
v -0.183543 -0.208295 0.101205
v 0.118075 -0.205288 0.0775615
v 0.144812 0.376708 0.155147
v -0.261644 0.0560871 0.0666395
v 0.089976 -0.227107 0.106506
v -0.185447 0.398337 -0.0331575
v 0.115872 -0.209187 0.0896024
v 0.112074 -0.262332 0.132898
v 0.128847 -0.214224 0.0935994
v -0.175107 -0.208296 0.0909174
v -0.231911 -0.101382 -4.61833e-05
v 0.133762 -0.249805 0.121735
v 0.157717 -0.230196 0.106498
v 0.14715 -0.243484 0.119751
v 0.167948 -0.227734 0.108296
v -0.240942 -0.101923 0.00946701
v 0.0927028 -0.268059 0.153196
v 0.109365 -0.248058 0.114015
v -0.19538 -0.356825 -0.149507
v 0.144086 -0.249986 0.132764
v -0.201574 -0.336226 -0.160775
v -0.212093 -0.173477 0.075284
v -0.210986 0.372617 -0.0263603
v 0.182229 -0.22061 0.122739
v 0.0672148 -0.28595 -0.282259
v -0.267319 0.0544274 0.029895
v -0.179286 0.388097 -0.169163
v 0.113523 -0.221882 0.213204
v -0.268335 0.106801 0.0403632
v 0.196327 -0.204846 0.11967
v -0.217432 -0.165809 0.0687234
v 0.167924 -0.220911 0.167554
v -0.20569 0.3805 -0.0365726
v 0.177879 0.385089 0.256827
v -0.267462 0.0925893 0.0411855
v 0.132278 -0.248466 0.175593
v 0.10838 -0.260956 0.170688
v -0.000861433 -0.140511 0.225574
v 0.0844809 0.389021 0.121305
v -0.254653 0.0712683 0.101219
v -0.255446 0.0857229 0.0987725
v -0.21477 -0.384935 -0.239254
v -0.0650311 0.448401 -0.175137
v 0.0187771 0.362435 0.174356
v 0.167128 -0.0477261 0.230516
v 0.108975 0.205822 -0.352675
v 0.164961 -0.0683566 0.233669
v 0.133125 -0.00862892 0.23463
v 0.132344 0.00485184 0.234047
v 0.116755 -0.0251786 0.245796
v 0.119571 -0.0463081 0.249767
v -0.198327 -0.173856 0.0582693
v -0.264068 0.109073 0.0639174
v -0.261284 0.10288 0.0755568
v -0.263407 0.0952206 0.0652997
v -0.24914 0.172798 0.109992
v -0.205032 0.375955 -0.134811
v 0.0888077 0.0153732 0.269559
v -0.0500352 -0.230705 0.106809
v 0.106163 0.14818 0.178033
v -0.13221 0.209481 0.203661
v -0.234208 0.189954 0.144797
v -0.202374 -0.1796 0.0692078
v -0.244498 0.177962 0.123117
v -0.201107 0.38216 -0.0237218
v -0.22362 0.361064 -0.0423095
v -0.26174 0.192713 0.061735
v 0.0891505 0.0759451 0.267373
v -0.251557 -0.0861319 0.036383
v -0.25778 0.205994 0.0697402
v -0.128725 0.186422 -0.347231
v -0.240435 0.242466 0.112076
v -0.24058 0.230318 0.116134
v -0.226986 0.359373 -0.0549346
v 0.103305 0.0538841 0.287952
v -0.243813 0.233225 0.104443
v -0.250749 -0.0897593 0.0243115
v -0.254039 -0.0782958 0.0271634
v 0.140927 0.359793 -0.258072
v 0.0667071 0.0396743 0.320653
v -0.218702 0.369137 -0.0519471
v 0.0793351 0.0586491 0.300728
v -0.165213 -0.230976 -0.166394
v -0.234691 0.34968 -0.0580179
v -0.243646 -0.11224 0.0372322
v 0.17449 0.359569 0.21318
v -0.231726 -0.140227 0.0519501
v -0.114676 0.442131 -0.103377
v -0.180315 -0.269025 -0.176308
v -0.223902 -0.386152 -0.216313
v -0.239452 -0.117806 0.0277511
v -0.183533 0.290062 0.200856
v -0.136173 0.457998 0.266584
v -0.143167 0.438889 0.237918
v -0.238739 -0.123492 0.0384773
v -0.232253 -0.120307 0.0183936
v 0.0562362 0.0230218 0.335469
v 0.0641503 0.031794 0.321714
v -0.139225 0.407298 0.201561
v -0.129245 0.401953 0.192065
v -0.232364 -0.127791 0.0288148
v 0.0367092 0.00921113 0.347599
v -0.151803 0.415578 0.217714
v -0.127934 0.217396 0.163064
v -0.151362 0.40776 0.20993
v -0.125887 0.216905 0.178329
v -0.0979542 0.214321 0.186205
v -0.0671758 0.197878 0.19518
v -0.0695768 0.195313 0.20818
v -0.165909 0.433617 0.251801
v -0.051115 0.380793 0.147017
v -0.166736 0.459326 0.276186
v -0.0159056 0.020212 0.367824
v 0.0107892 0.0166896 0.370711
v -0.119333 0.397115 0.185207
v -0.00332387 -0.482525 -0.0289871
v -0.0272226 0.0264799 0.363482
v -0.224092 -0.144958 0.0421475
v -0.188499 -0.275571 -0.146444
v -0.034962 0.0359825 0.356915
v -0.152697 0.408626 0.0110891
v -0.0984888 0.391234 0.184201
v -0.105689 0.15835 -0.360303
v -0.126941 0.430401 0.228502
v -0.107632 0.398363 0.190007
v 0.0180507 0.385176 0.13834
v -0.0392382 0.0701142 0.328112
v -0.182965 -0.190587 0.0719345
v -0.289242 0.114286 -0.101993
v -0.0427192 0.0605093 0.330326
v -0.142527 0.415718 0.304918
v -0.194878 -0.197499 0.102801
v -0.0208215 0.0544823 0.367566
v -0.0625164 0.0622323 0.302297
v -0.0379376 0.429666 0.0662398
v -0.0679985 0.13323 0.21999
v -0.106815 0.345782 0.258248
v -0.110566 0.393316 0.281915
v -0.0888096 0.366883 0.255841
v 0.199441 -0.426591 -0.161291
v -0.0152654 0.108085 0.332838
v -0.0599247 0.187297 0.213636
v 0.109194 0.1593 0.15474
v -0.164022 0.402167 0.009278
v 0.125023 0.194046 0.140291
v 0.229449 -0.0555474 0.124434
v -0.118447 0.422261 0.0203494
v -0.0485423 0.373809 0.159222
v -0.0741075 0.204635 0.186821
v 0.215001 -0.0292695 0.165251
v -0.212623 -0.174111 0.0893944
v -0.18247 0.3561 0.145047
v -0.178897 -0.214889 0.121055
v 0.239169 -0.0299655 0.118383
v 0.136588 -0.0071334 -0.251921
v 0.00421228 0.365911 0.169726
v 0.134392 0.438432 0.268532
v 0.108284 0.267546 0.256371
v -0.0239753 0.351626 0.188359
v -0.171495 -0.220856 0.112795
v -0.0948068 0.196542 0.239072
v 0.244442 -0.0786834 0.0919286
v 0.103808 0.278951 0.253249
v 0.225556 -0.0610543 -0.0497655
v -0.137358 0.21219 0.18905
v 0.225197 -0.107962 0.121897
v -0.16296 0.188322 0.150798
v 0.248651 -0.0464201 0.093514
v 0.0682032 0.285857 0.248652
v -0.160857 0.206947 0.159232
v 0.0600923 0.304877 0.235534
v -0.202435 -0.137013 0.0166356
v 0.251431 -0.0552765 0.0849623
v 0.262102 -0.0509651 0.0606209
v 0.0625545 0.439586 -0.206581
v 0.25067 -0.096543 0.0738459
v -0.11344 0.425788 -0.189361
v 0.234937 -0.0563472 -0.0303525
v 0.221015 -0.0719086 -0.0431347
v 0.175566 -0.133222 -0.0670684
v -0.132179 0.140373 0.209149
v -0.100106 0.398018 -0.249175
v -0.189243 0.176354 0.176761
v -0.203042 -0.152731 0.0360265
v 0.198103 -0.101687 -0.0574091
v 0.191385 -0.0112855 -0.202603
v -0.127221 0.14384 0.189408
v 0.0284541 0.225146 0.263016
v 0.0181316 0.27651 0.244974
v -0.246671 0.323061 -0.0330718
v -0.223561 -0.137111 0.0309685
v 0.12117 -0.0355784 -0.238592
v 0.125856 -0.0269236 -0.242729
v 0.136644 0.0144371 -0.271054
v -0.025569 0.191096 0.256649
v -0.193652 0.156236 0.190983
v 0.239304 -0.0453176 -0.0346003
v 0.180683 -0.0615296 -0.150937
v 0.192748 -0.0445769 -0.160658
v -0.0891784 0.429709 -0.207598
v -0.174825 0.148678 0.201332
v 0.0518419 0.248141 0.265727
v -0.247231 0.307591 0.00347669
v -0.185605 0.163625 0.182723
v 0.0495494 0.295127 0.239119
v 0.198679 0.0207475 -0.22856
v 0.222538 0.0452782 -0.225254
v -0.144063 -0.214519 0.0904991
v 0.177184 0.0139549 -0.240838
v -0.204459 0.0735228 0.250233
v 0.159509 -0.0294387 -0.212665
v 0.194849 0.00836615 -0.220066
v 0.178665 0.0242215 -0.249473
v 0.103244 0.407757 -0.236993
v -0.153743 -0.192593 0.196348
v -0.199533 0.0952148 0.2506
v 0.0242675 0.285314 0.24104
v -0.189721 0.0563478 0.259926
v -0.162117 -0.18144 0.195338
v -0.160264 -0.170657 0.203487
v -0.174607 0.409029 -0.102093
v 0.178993 0.166383 -0.307414
v -0.188804 0.112568 0.246437
v 0.177759 0.209665 -0.301369
v 0.174511 0.366325 0.239024
v -0.18443 0.0839268 0.264729
v -0.192898 -0.140743 0.166826
v -0.106311 -0.125339 0.140382
v -0.187335 -0.141299 0.179182
v 0.226032 0.161145 -0.256858
v -0.191145 -0.183992 0.148056
v 0.170249 0.160851 -0.316599
v -0.187094 -0.182158 0.158872
v -0.185161 -0.19315 0.151651
v 0.104811 0.245001 0.263543
v -0.229628 0.0356544 0.182675
v 0.139946 0.239046 -0.325965
v -0.229374 0.0560452 0.195935
v -0.181156 -0.178608 0.172675
v -0.170294 -0.144748 -0.0539304
v -0.112743 0.420655 -0.202447
v -0.217357 0.0679878 0.228886
v -0.238243 0.070085 0.165609
v -0.192121 -0.0985928 0.175895
v -0.251382 0.0212245 0.100475
v -0.250821 0.068917 0.116716
v -0.0775544 0.0221049 0.298015
v -0.258488 0.0212653 0.07438
v -0.258457 -0.0258307 0.0574633
v -0.263434 0.01256 -0.0236119
v -0.261771 -0.0325555 0.0115918
v -0.263483 -0.0249609 0.0232455
v -0.187771 -0.107248 0.184858
v -0.251984 -0.0250948 -0.0214043
v -0.240804 0.330064 -0.0247538
v -0.234992 0.332275 -0.00362294
v 0.193793 0.151931 -0.294054
v -0.0228642 -0.191481 -0.257837
v -0.240826 -0.011483 -0.138335
v -0.265832 0.0263337 -0.118336
v -0.265089 0.036136 -0.141292
v -0.218505 -0.0667912 -0.0570017
v -0.217002 -0.0621291 -0.0939356
v -0.24488 0.00613283 -0.155244
v -0.267296 0.0456818 -0.148837
v -0.240256 -0.0275747 -0.0941089
v -0.251622 -0.00762191 -0.0720362
v -0.250145 -0.00871732 -0.10702
v -0.245701 -0.0248395 -0.0392852
v -0.0860141 -0.333846 -0.296885
v -0.11478 -0.127559 0.219029
v -0.0804575 -0.352722 -0.307096
v 0.0849166 0.240996 0.268325
v 0.0734254 0.403289 -0.25894
v -0.224376 0.0921126 -0.257083
v -0.212305 0.115761 -0.277384
v -0.276227 0.124603 -0.182166
v -0.282065 0.0984302 -0.152616
v 0.15903 0.365597 0.125556
v -0.209973 -0.160285 0.123715
v -0.246179 0.0414623 -0.191099
v -0.230186 0.0711282 -0.239533
v 0.0720149 0.224343 0.272563
v -0.249279 0.0876032 -0.218502
v -0.255016 0.0946812 -0.212649
v -0.199378 -0.165511 0.144096
v -0.20372 -0.169303 0.131716
v -0.271081 0.0655128 -0.160011
v -0.258354 0.0650644 -0.189525
v -0.254311 0.125579 -0.223202
v -0.272693 0.133816 -0.190961
v -0.275538 0.163254 -0.184647
v -0.239261 0.12385 -0.245267
v -0.242565 0.135543 -0.241222
v -0.232027 0.156775 -0.253368
v -0.261285 0.0923823 -0.200979
v -0.267518 0.0901696 -0.18742
v -0.0560855 -0.259991 -0.274823
v -0.174919 -0.139889 0.203542
v -0.155203 0.0776843 -0.31121
v -0.175295 -0.151281 0.197211
v -0.0356887 0.188702 0.254973
v -0.173745 0.113468 -0.314872
v -0.158351 0.0990157 -0.321273
v -0.101976 0.376018 -0.269902
v -0.152778 0.108486 -0.328962
v -0.141708 0.105645 -0.335034
v -0.185664 -0.205198 0.128615
v -0.114418 0.0838034 -0.340727
v -0.107393 0.0934893 -0.349835
v -0.0958305 0.111349 -0.361514
v -0.23516 0.186889 -0.243673
v -0.153272 0.368296 -0.235987
v -0.21212 0.172416 -0.274345
v -0.225579 0.231583 -0.244482
v -0.197791 0.218023 -0.280017
v -0.20372 0.117426 -0.286793
v -0.190044 0.162267 -0.299459
v -0.173841 0.160267 -0.315998
v -0.213981 0.136913 -0.275927
v -0.151679 0.238819 -0.318408
v -0.138174 0.194071 -0.340337
v -0.193079 0.125804 0.229081
v -0.18127 0.217009 -0.297232
v -0.152707 0.179422 -0.332283
v -0.186592 0.235195 -0.287355
v -0.150755 0.130954 -0.33434
v -0.168388 0.124803 -0.320992
v -0.157268 0.159274 -0.330757
v -0.176464 0.133953 -0.314598
v -0.157569 0.17008 -0.329718
v 0.188084 -0.0332907 -0.179964
v -0.0752186 0.0937871 -0.362969
v -0.05584 0.122523 -0.373011
v -0.050339 0.134915 -0.374107
v -0.20183 -0.0811668 0.15651
v -0.0571751 0.14649 -0.373008
v -0.030428 0.168845 -0.373499
v 0.0138244 0.0738183 -0.362266
v 0.0241334 0.214419 -0.366967
v -0.201058 -0.041724 0.16821
v -0.233261 0.354441 -0.0793106
v -0.0553655 0.462326 -0.054562
v 0.00175143 0.0944047 -0.371673
v -0.21122 0.378588 -0.0964417
v 0.00779572 0.0839674 -0.367504
v 0.0330891 0.105238 -0.372683
v 0.0883355 0.135505 -0.365443
v 0.0387573 0.115646 -0.373732
v 0.0408836 0.134519 -0.374797
v -0.00235962 0.126905 -0.376278
v -0.212461 -0.0434888 0.144622
v 0.0427056 0.160781 -0.373658
v 0.0633594 0.135387 -0.37192
v 0.184661 0.0691282 -0.281817
v 0.173124 0.108439 -0.310871
v 0.203573 0.0827166 -0.272973
v 0.128279 0.0821304 -0.330018
v -0.210441 -0.0258087 0.157447
v -0.116366 -0.132135 0.207109
v 0.10429 0.0756196 -0.339626
v 0.122094 0.0712644 -0.32607
v 0.139948 0.0665949 -0.311711
v 0.0932168 0.101475 -0.358687
v -0.00833045 0.465615 -0.136827
v -0.200418 -0.0244827 0.178647
v 0.127709 0.134962 -0.347933
v 0.180181 0.0346405 -0.257795
v 0.162004 0.0522913 -0.285911
v 0.193483 0.0538424 -0.262847
v 0.0879777 0.112783 -0.36381
v 0.111773 0.42622 -0.198113
v 0.0281101 -0.0306715 -0.289671
v -0.161477 0.417457 -0.051423
v 0.0998692 -0.0213322 -0.265052
v 0.0136996 -0.0456849 -0.281224
v 0.0195594 0.00796102 -0.319263
v 0.115448 -0.0629687 -0.21891
v 0.108904 -0.0102782 -0.2683
v -0.187936 0.134821 0.220382
v 0.166682 -0.0429939 -0.190133
v -0.120602 0.434508 -0.142531
v -0.196571 -0.048965 0.175373
v 0.171415 -0.241565 -0.162514
v 0.193242 0.162651 -0.292845
v 0.22531 0.177456 -0.255522
v 0.086574 0.260391 0.261808
v -0.241293 0.320145 -0.000336517
v 0.150393 -0.186482 -0.152718
v 0.151426 -0.177545 -0.143473
v 0.168538 -0.221434 -0.148288
v 0.173698 -0.223891 -0.136926
v -0.122096 0.431096 -0.155621
v 0.193721 -0.287731 -0.156937
v -0.189855 -0.380307 -0.266104
v -0.153215 -0.267385 -0.214199
v -0.00566121 -0.289815 -0.293341
v 0.168857 -0.203542 -0.128887
v 0.19912 0.190152 -0.28195
v 0.169509 -0.188196 -0.104134
v 0.1723 -0.209554 -0.0950365
v -0.0269845 -0.130558 -0.239622
v -0.128172 0.434444 -0.120941
v -0.181856 -0.00972588 0.216563
v 0.130799 -0.108313 -0.156862
v -0.19065 -0.010166 0.206156
v 0.161058 -0.120698 -0.10793
v 0.126969 -0.101483 -0.168222
v -0.00229701 -0.366214 -0.318886
v 0.0569425 0.145971 -0.372779
v 0.124027 -0.186847 -0.188132
v 0.104392 -0.160389 -0.196997
v 0.0759402 0.135538 -0.369152
v 0.0453293 -0.156776 -0.239653
v -0.136142 0.431284 -0.113632
v 0.103878 -0.139862 -0.188751
v -0.138833 0.428376 -0.124324
v 0.0820725 -0.122932 -0.208411
v 0.0920018 0.177829 -0.36273
v -0.00835944 -0.239811 -0.275732
v 0.0462308 -0.124598 -0.232181
v 0.0955018 0.1462 -0.362984
v 0.05561 -0.1368 -0.228773
v -0.136029 0.0363484 0.24813
v -0.0932782 0.206923 -0.358176
v 0.159132 -0.141846 -0.107137
v -0.101954 0.2391 -0.348292
v -0.239004 0.332952 -0.140314
v 0.0532888 -0.108372 -0.231627
v -0.219594 0.357546 -0.139343
v -0.236847 0.340842 -0.128097
v -0.0648129 0.192335 -0.367042
v 0.00990074 -0.0560972 -0.274418
v 0.044047 -0.0545058 -0.26856
v 0.014252 -0.0872431 -0.254854
v 0.126546 -0.0578387 -0.21353
v -0.173346 0.40949 -0.0469174
v 0.169836 0.353714 0.234554
v 0.146921 -0.0620943 -0.18765
v 0.165175 -0.0747549 -0.152056
v -0.133137 0.0496119 0.251144
v -0.244557 0.33804 -0.0706967
v 0.0648321 -0.147007 -0.226181
v 0.0897493 -0.164268 -0.213279
v -0.148261 0.0286324 0.251035
v -0.0783666 -0.209908 -0.243573
v -0.0970866 -0.261763 -0.25758
v 0.142968 -0.136173 -0.133339
v 0.00757431 -0.115796 -0.242805
v 0.0965979 -0.0887947 -0.212322
v 0.181838 0.411473 -0.108787
v -0.106333 0.106265 -0.355437
v 0.178408 -0.0800054 -0.130011
v -0.104728 -0.232403 -0.236849
v 0.169734 -0.21244 -0.0726839
v -0.247576 0.333888 -0.081956
v -0.155424 0.33266 -0.266428
v -0.12316 0.0538038 0.24501
v -0.227746 0.198126 0.153695
v 0.168168 -0.186616 -0.0702866
v -0.240686 0.344215 -0.0807822
v 0.167245 -0.184348 -0.0338566
v 0.169023 -0.171184 -0.0314175
v -0.180703 0.3106 -0.257926
v 0.193086 -0.139688 -0.00310065
v -0.189638 0.246358 -0.280101
v 0.180884 -0.15567 0.00527991
v -0.20032 0.387687 -0.0468158
v -0.134328 0.409887 -0.198059
v 0.00895198 0.314219 0.221245
v -0.120698 0.310503 -0.306766
v 0.0818174 0.194951 0.260602
v 0.212648 -0.133031 0.0139451
v -0.163659 -0.400098 -0.24721
v -0.151573 0.313407 -0.282808
v 0.229991 -0.00911949 0.14988
v -0.140094 0.301904 -0.299051
v 0.127858 -0.201144 0.0710526
v 0.154249 -0.198369 0.0755661
v -0.148891 -0.29512 -0.239875
v -0.183309 -0.0219767 0.20929
v -0.18032 0.406355 -0.0669488
v 0.243487 -0.0960534 0.00136474
v -0.189827 0.388547 -0.00708396
v 0.00572955 0.303605 0.228859
v -0.156156 0.274112 -0.29979
v -0.230263 0.243648 -0.235131
v 0.17324 -0.219517 0.0996309
v 0.157839 0.300201 -0.285616
v 0.228286 -0.139453 0.0304694
v -0.189093 0.39941 -0.0677457
v 0.247027 -0.117755 0.025497
v 0.208429 -0.157439 0.0400512
v -0.176632 -0.0342208 0.214714
v 0.198579 -0.171317 0.0522545
v -0.185944 -0.0360881 0.200547
v -0.222054 0.256644 -0.239531
v 0.221564 -0.158344 0.0490344
v 0.234064 -0.151071 0.0558899
v 0.229771 -0.15975 0.0911215
v 0.240451 -0.140146 0.0502553
v -0.182916 0.404413 -0.0782345
v 0.16415 -0.202571 0.079641
v -0.219892 0.089139 0.218321
v -0.11209 -0.133797 0.151804
v -0.162842 -0.0183336 0.230008
v -0.100373 0.44003 -0.0142002
v -0.0832462 0.448327 -0.0206587
v -0.134243 0.415465 -0.185481
v 0.191878 -0.0191144 -0.193083
v 0.151696 -0.32857 -0.0121392
v 0.209167 -0.144213 0.149262
v 0.177114 -0.138429 0.211248
v 0.142594 -0.467791 -0.0177311
v 0.174813 -0.217945 0.158708
v 0.190496 -0.19 0.161813
v 0.206594 -0.186974 0.126605
v 0.196501 -0.179482 0.158696
v 0.181514 0.406853 0.261446
v 0.208828 -0.175033 0.134616
v 0.205295 -0.12154 0.161832
v -0.168002 0.407089 -0.139264
v -0.163339 0.413271 -0.125242
v -0.2059 0.268438 -0.253066
v 0.163502 -0.366286 -0.0365224
v 0.251909 -0.0895857 0.0049518
v 0.166463 -0.45004 -0.0485174
v 0.147739 -0.252417 0.00645746
v 0.218966 -0.109093 0.133833
v 0.222772 -0.0635042 0.133988
v 0.0517785 -0.241681 0.0793221
v -0.232302 0.268336 -0.221698
v 0.0239788 0.329592 0.210166
v -0.175029 0.40408 -0.128104
v -0.217054 0.326808 -0.199
v 0.112356 0.376812 -0.264011
v -0.243807 0.29365 -0.189849
v -0.230318 0.298989 -0.206329
v 0.170808 -0.0596455 0.229423
v -0.178678 0.398616 -0.139381
v 0.239538 0.252004 -0.220003
v -0.254938 0.199084 -0.214071
v -0.244936 0.147854 -0.236814
v 0.139766 0.02216 0.23977
v -0.277822 0.175713 -0.179368
v 0.150057 0.0195989 0.244765
v -0.259175 0.150351 -0.21402
v -0.270108 0.198983 -0.190761
v -0.238056 0.198482 -0.237282
v 0.131067 -0.464916 -0.0721282
v -0.240048 0.237999 -0.225034
v -0.230218 0.357365 -0.0671963
v -0.184404 0.396312 -0.12866
v -0.286701 0.150793 -0.15467
v 0.11162 0.0751184 0.245941
v 0.0284718 -0.228809 0.107151
v -0.103514 0.199952 0.14537
v -0.260225 0.0122096 -0.0639611
v -0.18842 0.390515 -0.138494
v -0.270661 0.0401535 -0.0610629
v -0.216862 0.3416 -0.179218
v -0.113692 0.192906 0.141449
v -0.279669 0.0676729 -0.0835452
v 0.122216 0.0524463 0.249022
v 0.11657 0.0413857 0.267486
v -0.289232 0.124116 -0.0840269
v -0.104613 0.209774 0.152406
v -0.103156 0.22726 -0.350793
v -0.039577 -0.236051 0.108033
v -0.082462 0.196754 0.149275
v -0.00460935 -0.225405 0.102825
v -0.211889 0.35822 -0.159148
v 0.0530413 0.0828406 0.29955
v -0.225838 0.341288 -0.157272
v 0.0609103 0.0473229 0.325205
v -0.271268 0.0592593 -7.42004e-05
v 0.0561173 0.0683982 0.314166
v 0.0457963 0.0886138 0.311151
v 0.0413811 0.0866834 0.325755
v -0.276219 0.0711463 -0.0343303
v 0.0273548 0.0378324 0.372136
v -0.209829 0.378628 -0.0492011
v 0.0372477 0.0840216 0.338565
v 0.0748122 0.458466 -0.103821
v 0.0312276 0.0244688 0.367833
v -0.251138 -0.0142292 -0.0385365
v 0.243989 0.320088 -0.168985
v -0.293223 0.165689 -0.114933
v 0.0344425 0.32371 0.21688
v -0.261917 -0.0314549 0.0369056
v -0.138486 0.212581 0.247368
v 0.0453733 -0.255922 0.113698
v 0.143583 0.205073 0.236125
v -0.261468 -0.0213754 0.0465209
v 0.2606 0.220727 -0.199859
v -0.262613 -0.00869591 0.0447021
v -0.0950687 0.196854 0.255144
v -0.261168 -0.00059866 0.0549745
v -0.162522 0.389046 0.0590106
v -0.266053 0.0384519 0.0338567
v -0.110973 0.179365 0.141853
v -0.10835 0.202063 0.233075
v -0.140262 0.205163 0.215049
v -0.12803 0.205419 0.247222
v 0.066606 0.432812 -0.218431
v 0.0072554 0.0982507 0.35164
v -0.0918586 0.45149 -0.0614024
v -0.260373 0.0329966 0.0682724
v -0.0145303 0.0416908 0.373542
v -0.261164 0.0224886 0.0609345
v -0.121808 0.170985 0.144614
v -0.0734906 0.0759361 0.270619
v -0.248163 0.131013 0.123105
v -0.140731 0.416709 0.00629306
v 0.279466 0.0872514 -0.0100402
v -0.0825321 0.0759934 0.261809
v -0.0262159 0.0799927 0.346132
v -0.0131801 0.10079 0.342739
v -0.0716917 0.0800221 0.260594
v -0.253562 0.0959931 0.106459
v 0.00724817 0.0525634 0.375848
v -0.224807 0.080318 0.207736
v -0.260559 0.12893 0.0776354
v -0.257138 0.130104 0.0900586
v -0.258763 0.120521 0.0851632
v -0.123869 0.423089 -0.181296
v -0.237341 0.132333 0.157002
v -0.224434 0.11023 0.198561
v -0.232278 0.0943997 0.181861
v -0.143766 0.416869 -0.164194
v -0.0752393 0.0716383 0.28038
v -0.0642716 0.0749854 0.279457
v 0.0812309 0.386977 -0.27189
v -0.0396075 0.176318 0.236155
v -0.143368 0.420694 -0.150768
v -0.17494 0.124634 0.237567
v -0.0330567 0.124145 0.272286
v -0.0312919 0.147996 0.254194
v -0.0536173 0.156861 0.209945
v -0.0471506 0.109091 0.253605
v 0.183041 0.318239 -0.252802
v -0.0617473 0.107849 0.237803
v -0.168412 0.143374 0.211616
v -0.235894 0.0817092 0.172884
v -0.239816 0.0824398 0.158932
v -0.0584068 0.184295 0.239246
v -0.133168 0.424217 -0.159797
v -0.108662 0.424713 0.0254424
v -0.248107 0.080191 0.12813
v -0.245702 0.0970931 0.135851
v 0.153229 -0.147921 0.229678
v -0.104332 0.0585955 0.259574
v -0.17346 0.453565 0.28409
v -0.159531 0.408226 0.219733
v 0.287536 0.109815 -0.0761898
v -0.133298 -0.12558 0.166558
v -0.243844 0.119372 0.140267
v -0.165741 0.358938 0.225757
v -0.0812639 0.454513 -0.0521071
v -0.16894 0.35969 0.202287
v -0.164286 0.204636 0.207039
v -0.141158 -0.119167 0.163308
v 0.0858477 -0.0145723 0.260211
v -0.144563 0.326786 0.2326
v 0.0304327 0.374432 0.156141
v -0.241169 0.287888 0.0672583
v -0.115331 0.205812 0.146138
v -0.164867 0.348523 0.217374
v -0.162571 0.408641 -0.149816
v 0.129774 0.206285 0.250969
v -0.165826 0.409602 0.23188
v 0.0440996 0.378311 0.148707
v -0.13762 0.222611 0.251549
v -0.124469 0.253631 0.252921
v -0.046444 0.160106 0.218121
v 0.041152 0.430178 0.0665619
v -0.261925 0.221058 0.0493687
v -0.21674 0.0141055 0.189647
v 0.0297902 0.381489 0.143915
v -0.249875 0.24133 0.080638
v 0.249965 -0.0726107 -0.00459146
v -0.0292431 0.0934494 0.324508
v -0.0369498 0.0946507 0.30119
v -0.0317139 0.116694 0.286405
v 0.259066 0.0254196 0.10563
v -0.22978 -0.0117382 0.12889
v -0.176731 0.198704 0.177499
v -0.123599 0.203163 0.235535
v -0.116786 0.210417 0.208008
v -0.148039 0.211281 0.238538
v -0.257716 -0.0528689 0.0436834
v -0.0807086 0.20366 0.200676
v -0.218834 -0.0699749 0.122084
v -0.183224 0.205751 0.197394
v 0.213552 -0.110418 0.145319
v 0.211367 -0.102152 0.151387
v 0.216028 -0.097414 0.141637
v 0.205084 -0.0787219 0.16851
v -0.241932 -0.0935055 0.0736156
v 0.206158 -0.0671924 0.168059
v -0.236078 -0.115518 0.0797539
v -0.228952 -0.137919 0.0872856
v -0.0460013 0.186638 0.252239
v 0.216697 -0.0695835 0.144633
v 0.107452 0.204385 0.262069
v 0.160635 0.15801 0.169923
v 0.187497 -0.105079 0.203258
v -0.238713 0.145495 0.147924
v -0.0550896 0.185502 0.248867
v -0.221939 0.179867 0.164447
v -0.107514 0.0379971 0.263462
v -0.245198 0.127933 0.134424
v -0.221444 -0.0715802 -0.0368808
v -0.21876 0.14471 0.18533
v -0.223377 0.0969326 0.206071
v -0.246841 0.332215 -0.059451
v 0.201134 -0.0743062 0.17786
v -0.181601 0.142837 0.211314
v -0.179539 -0.138716 -0.0325051
v -0.213598 0.0965133 0.228739
v 0.208649 -0.111036 0.156109
v -0.241987 0.130744 0.144469
v -0.207756 0.154738 0.187296
v -0.228961 0.0764472 0.196469
v -0.201197 0.147073 0.198794
v -0.144504 0.400957 -0.201433
v -0.261384 0.115871 0.0754324
v -0.267498 0.029927 0.0195504
v 0.149193 0.154525 0.167942
v 0.249772 0.0501694 0.150294
v -0.269984 0.0475097 -0.00502623
v -0.275937 0.0748873 -0.15408
v 0.270896 -0.0228992 0.0374304
v -0.289356 0.114852 -0.114977
v -0.108678 0.0474085 0.25446
v -0.267431 0.030121 -0.0517248
v -0.26551 0.0216277 -0.0297907
v -0.259719 0.259995 0.0281539
v -0.222376 0.350423 0.00106981
v -0.209617 -0.0161187 -0.180261
v -0.282551 0.0758501 -0.0964429
v -0.286848 0.106263 -0.0848719
v -0.286086 0.0918389 -0.114381
v -0.285523 0.0929002 -0.127387
v -0.275674 0.0595016 -0.135488
v -0.256865 0.00386814 -0.0743757
v -0.276626 0.052956 -0.100813
v -0.274421 0.079084 -0.0082961
v 0.0205603 0.354967 0.183531
v -0.161014 -0.0185898 -0.223985
v -0.290916 0.132603 -0.0898706
v 0.0675344 -0.0493735 0.210996
v -0.104017 0.0280568 0.2579
v -0.154355 0.398515 -0.191969
v -0.276779 0.0554295 -0.0890551
v -0.291053 0.177931 -0.136089
v -0.283382 0.155288 -0.166776
v -0.240188 0.172805 -0.239861
v -0.176202 0.375969 -0.197831
v -0.279971 0.187115 -0.173827
v -0.262902 0.199007 -0.202345
v -0.292377 0.189652 -0.129205
v -0.135043 0.0329094 -0.289135
v -0.186499 0.333108 -0.236447
v -0.285677 0.221841 -0.150625
v -0.275072 0.246013 -0.166962
v -0.217161 0.334804 -0.189273
v -0.16802 0.0459872 -0.278168
v -0.0943612 0.436058 -0.184161
v -0.199642 0.293799 -0.248354
v -0.221804 0.303062 -0.215
v -0.195908 0.308816 -0.243797
v -0.262705 0.235154 -0.194269
v -0.249355 0.266912 -0.199754
v -0.225205 0.308393 -0.205487
v -0.201777 0.341434 -0.206852
v -0.237602 0.296296 -0.197503
v -0.238574 0.257519 -0.218959
v -0.19802 0.01048 -0.220883
v -0.236087 0.288332 -0.205919
v -0.254306 0.273786 -0.188167
v 0.203686 -0.110053 0.16709
v -0.26636 0.28282 -0.153432
v -0.276275 0.257326 -0.155238
v -0.262222 0.268506 -0.178072
v -0.112648 0.323077 -0.303551
v -0.151224 0.342571 -0.262744
v -0.124885 0.347709 -0.278448
v -0.198095 0.279735 -0.256837
v -0.189036 0.291082 -0.260753
v -0.147224 0.282014 -0.303717
v -0.166706 0.266846 -0.293567
v -0.147161 0.254775 -0.316216
v -0.186471 -0.00645447 -0.213703
v -0.184071 -0.0177672 -0.203965
v -0.129863 0.300558 -0.306743
v -0.108337 0.295479 -0.32244
v -0.149899 0.302633 -0.290866
v -0.176094 0.320223 -0.256139
v -0.181374 0.327053 -0.246593
v -0.132488 0.139438 -0.346307
v -0.11711 0.124791 -0.353463
v -0.106501 0.119237 -0.358327
v -0.258626 0.282034 0.00300948
v -0.048749 0.179879 -0.371213
v -0.0703815 0.204284 -0.363937
v -0.0882869 0.452122 -0.103904
v -0.250243 0.271266 0.0521728
v 0.255296 0.0132245 0.111118
v -0.0953608 0.165963 -0.363187
v 0.16846 -0.122659 -0.0951505
v -0.118037 0.178885 -0.353561
v -0.0911209 0.0218834 0.286479
v -0.127228 0.200705 -0.345838
v -0.125031 0.438067 -0.0914874
v -0.0804179 0.133323 -0.368768
v -0.0826634 0.172199 -0.366101
v 0.207303 -0.100308 0.160637
v 0.109985 0.252384 -0.339864
v 0.115664 0.217035 -0.347377
v 0.00128767 -0.300693 -0.297168
v 0.115199 0.164164 -0.354558
v 0.107245 0.142146 -0.35857
v -0.214197 0.322156 0.11499
v 0.219785 -0.00612342 0.173426
v 0.0450119 0.173235 -0.372172
v 0.132395 0.203931 -0.340722
v 0.143952 0.172259 -0.337246
v -0.166099 0.34924 -0.243216
v 0.143311 0.160953 -0.338545
v -0.0272874 0.0388092 -0.340366
v 0.103685 0.184352 -0.358016
v 0.0827685 0.199696 -0.36211
v 0.0825018 0.147351 -0.366959
v 0.0721944 0.0306131 -0.321049
v 0.124828 0.027144 -0.289357
v 0.141885 0.42607 0.238042
v 0.186589 0.158571 -0.300759
v 0.205495 0.218016 -0.26996
v 0.150819 0.239793 -0.316706
v 0.0427111 0.355297 0.185921
v 0.135542 0.225226 -0.333167
v 0.171182 0.121147 -0.315488
v 0.113893 0.0424998 -0.308011
v 0.160832 0.124833 -0.324176
v 0.160549 0.154914 -0.325478
v 0.031558 0.46795 -0.0515151
v 0.165339 0.35877 0.134879
v 0.153301 0.176925 -0.329696
v 0.162034 0.195268 -0.319519
v -0.271006 0.0448615 -0.0326259
v -0.0575981 -0.00477934 -0.300005
v -0.103321 0.427002 0.257398
v -0.0635981 0.019762 -0.315335
v -0.0321602 -0.0395829 -0.283096
v 0.182536 -0.0105857 -0.211538
v 0.0307931 0.358891 0.179479
v -0.0889008 -0.0107829 -0.281685
v 0.243327 0.069948 -0.213418
v 0.212982 0.0884959 -0.264999
v 0.221907 0.0621049 -0.239334
v 0.207892 -0.00143111 -0.196804
v -0.0100513 0.00291947 0.32423
v 0.199539 -0.0280695 -0.174348
v 0.215485 0.100178 -0.266578
v 0.234698 0.100067 -0.242508
v 0.217746 0.0502708 -0.235406
v -0.094441 0.233085 -0.352169
v 0.162324 -0.256156 -0.191568
v -0.0444927 0.199278 -0.368299
v 0.15631 -0.0531511 -0.188249
v 0.179427 -0.337777 -0.240708
v -0.117223 0.440217 -0.116668
v 0.183915 -0.128179 0.20461
v 0.203142 -0.144932 0.161353
v 0.176716 -0.151717 0.205272
v -0.236022 0.120311 0.164873
v 0.191113 -0.168808 0.175194
v -0.0653364 0.225655 -0.360551
v 0.165542 -0.179854 -0.11386
v 0.142125 0.446227 0.278446
v 0.194285 -0.0957884 -0.0842346
v -0.144372 0.407277 -0.189192
v 0.201109 -0.168259 0.156414
v 0.178814 -0.211318 0.0915027
v 0.194754 -0.178221 0.0589602
v 0.167893 -0.14635 -0.0815829
v -0.00339406 0.00144354 0.315619
v 0.201184 -0.129432 -0.00609443
v 0.217213 -0.107024 -0.0121354
v 0.22156 -0.124412 0.00970287
v -0.0568772 0.202087 -0.366388
v 0.22397 -0.0938854 -0.0152664
v 0.170801 0.241379 -0.298369
v 0.182825 -0.120918 -0.0670782
v 0.00211401 0.000591367 0.328407
v -0.21238 0.313563 0.137204
v 0.227867 -0.0637906 -0.036916
v -0.223126 0.300096 0.119326
v -0.220841 0.311061 0.110795
v 0.253047 -0.0607476 -0.00628081
v 0.171154 -0.237818 -0.0565456
v 0.266994 -0.0428437 0.0482045
v 0.247851 -0.0666799 0.0881739
v 0.0324745 0.46669 -0.0403381
v 0.0423562 0.465764 -0.0452321
v -0.111045 -0.0616764 -0.225496
v -0.132445 -0.0559078 -0.211568
v 0.246656 -0.123359 0.0704792
v 0.242542 -0.130773 0.0793452
v 0.169179 -0.207299 -0.0613115
v -0.134426 0.424358 0.219335
v 0.25337 -0.107899 0.0491542
v 0.239268 -0.127387 0.0905806
v 0.22904 -0.119687 0.11348
v -0.0912069 -0.0632889 -0.239472
v 0.270215 -0.0397772 0.0259345
v 0.265781 -0.0616545 0.0338569
v 0.171547 -0.219795 -0.0848934
v 0.0223751 0.446257 0.0349388
v 0.253012 -0.0311327 0.0917132
v 0.25534 0.00115489 0.103137
v -0.168398 0.371029 0.134489
v 0.0899861 0.345087 -0.301057
v 0.137065 -0.0967171 -0.160673
v 0.078347 -0.21925 0.0884856
v -0.132101 -0.124231 0.191863
v 0.204578 -0.0187075 0.191732
v 0.189399 -0.0295097 0.208741
v 0.195888 -0.0187204 0.204509
v 0.20178 0.00184097 0.211568
v 0.165999 -0.0974839 -0.124263
v 0.21641 0.00499591 0.194255
v 0.202927 -0.00752943 0.202415
v -0.210049 0.373023 -0.126396
v 0.181103 -0.00143127 0.228902
v 0.169582 -0.0112841 0.231968
v 0.176863 -0.0517151 0.222832
v 0.171488 -0.0779844 -0.140991
v -0.0220087 0.00826757 0.326834
v -0.114674 -0.0412062 -0.239425
v -0.183042 0.392294 -0.000406396
v 0.142497 0.0330373 0.245962
v -0.0795138 -0.0492258 -0.257011
v 0.1374 0.06065 0.254272
v -0.0781599 0.422641 -0.228753
v -0.0466257 0.443298 0.0277814
v -0.172922 -0.0987891 -0.11445
v 0.100194 0.184686 0.143609
v 0.138363 -0.0624383 -0.196921
v -0.0926634 0.33446 -0.30738
v 0.128548 -0.0828005 -0.186522
v 0.0909383 0.12006 0.230197
v 0.0733629 0.137195 0.217057
v 0.160583 -0.0692568 -0.16365
v 0.0874771 0.143021 0.20499
v -0.133163 -0.130885 -0.149084
v 0.14858 -0.133526 -0.124177
v -0.133463 -0.152887 -0.156948
v 0.0727412 -0.259614 -0.268024
v 0.0323198 -0.325606 -0.305187
v 0.162602 -0.108466 -0.116184
v 0.0953351 0.107285 0.235164
v 0.0671038 -0.308702 -0.29201
v -0.134179 -0.120934 0.152936
v 0.0690216 -0.354881 -0.310547
v -0.0100125 -0.320995 -0.304349
v 0.0257317 -0.0300642 0.289213
v 0.00860972 -0.311624 -0.301089
v 0.0867306 0.380084 0.142765
v -0.0844992 0.357641 -0.294642
v -0.245672 0.335579 -0.101355
v 0.177159 -0.296033 -0.207988
v 0.177915 -0.233481 -0.115341
v 0.222752 -0.383497 -0.215296
v 0.0373967 0.0583518 0.358865
v 0.0424521 0.363284 0.174467
v 0.150218 -0.314205 -0.251446
v 0.0540876 0.36102 0.180734
v 0.185236 -0.298084 -0.197858
v 0.205484 -0.375281 -0.243132
v 0.20188 -0.396559 -0.152179
v 0.16442 -0.333815 -0.252413
v 0.197495 -0.308997 -0.149409
v 0.214333 -0.392571 -0.176584
v -0.0662687 0.195163 0.264401
v 0.178174 -0.367875 -0.265905
v -0.0787915 0.212361 0.272219
v 0.0216491 0.0301594 -0.334881
v 0.132611 -0.249438 -0.221208
v 0.0288392 -0.019514 -0.29777
v 0.0918076 -0.0669047 -0.235002
v 0.110576 -0.0560133 -0.229134
v 0.1478 -0.33393 -0.267045
v 0.137846 -0.290659 -0.245662
v 0.0377685 -0.0278619 0.286412
v 0.0161475 -0.035787 -0.288107
v -0.0740784 0.363641 -0.295782
v 0.125926 -0.25112 -0.229166
v 0.0645523 -0.0408546 -0.26961
v 0.101338 -0.295308 -0.272144
v -0.0137853 0.142782 0.29197
v 0.0874668 -0.0219057 -0.272232
v -0.0221733 0.153896 0.266065
v -0.102428 0.334036 -0.302002
v 8.11518e-05 0.451829 0.0214159
v -0.0851275 0.404689 0.0937981
v 0.0448169 0.018217 -0.321111
v -0.161493 0.397184 -0.183189
v 0.16311 0.098654 -0.314965
v -0.103768 0.354124 -0.286373
v 0.0851965 -0.20554 -0.23537
v -0.0128457 0.179298 -0.372468
v 0.0586706 -0.219657 -0.256011
v -0.101226 0.4152 -0.224579
v -0.0475658 0.182449 0.242137
v 0.019278 0.166898 -0.373944
v -0.167126 0.370146 0.144369
v 0.193241 -0.34388 -0.135524
v -0.0579328 0.456428 -0.0212378
v 0.0238711 0.182378 -0.372075
v 0.162332 -0.261751 -0.0281652
v -0.002895 0.215401 -0.367223
v -0.0280274 0.182494 0.250517
v -0.0555339 0.190199 0.258372
v 0.0862398 0.455807 -0.0562326
v -0.0846759 0.254808 0.2637
v 0.187014 -0.391412 -0.0924954
v -0.111617 0.289336 0.24734
v 0.188252 -0.438266 -0.092985
v -0.144946 0.365518 0.264479
v 0.164678 -0.21964 -0.0297014
v 0.180568 -0.265856 -0.109976
v 0.182444 -0.324935 -0.0881302
v -0.105093 0.404905 0.278985
v -0.0239865 0.180318 -0.372301
v 0.167535 -0.211071 -0.0388912
v -0.127356 0.333475 0.248576
v 0.174795 -0.313071 -0.0621454
v 0.0618666 -0.274682 0.166871
v -0.130471 0.436348 0.309694
v -0.147939 0.461431 0.32863
v -0.0154575 0.190929 -0.370864
v -0.154863 0.207545 -0.324076
v 0.116283 -0.262349 0.14762
v -0.123746 0.393036 0.288845
v -0.104245 0.334012 0.251399
v 0.130762 -0.0454536 0.244694
v -0.154042 0.453278 0.327054
v -0.239666 0.0358932 0.150623
v -0.236535 0.0582988 0.17124
v -0.190815 0.210566 -0.289308
v -0.171374 0.48594 0.309307
v -0.195238 0.183446 -0.290998
v -0.168485 0.18702 -0.316387
v -0.13485 0.221497 -0.335982
v -0.154657 0.227215 -0.319271
v -0.146705 0.200858 -0.332625
v -0.115405 0.112962 -0.35239
v -0.197279 0.169972 -0.2911
v -0.206707 0.137224 -0.28378
v 0.104693 -0.0668336 0.143381
v -0.145871 0.481613 0.304779
v -0.208817 0.197132 -0.272656
v -0.2038 0.226188 -0.27105
v -0.230121 0.218407 -0.24248
v -0.231425 0.176809 -0.250749
v -0.216713 0.178896 -0.26778
v -0.245827 0.0565293 0.134695
v 0.0751863 0.455601 -0.028299
v 0.0757485 0.452642 -0.0155317
v 0.0860756 0.451547 -0.0235357
v -0.257741 0.0329246 0.081178
v -0.264425 0.00123398 -0.0022114
v -0.148064 0.066962 -0.308422
v -0.187497 -0.0441466 -0.168293
v -0.170599 -0.0679142 -0.154496
v -0.218552 -0.0648125 -0.0693692
v 0.091646 0.385447 0.196857
v -0.162012 0.468062 0.279848
v 0.105554 0.137908 0.214718
v -0.132606 0.436957 0.235603
v -0.101216 0.385986 0.172404
v -0.132742 0.0422441 -0.298305
v -0.103579 0.410137 0.212054
v -0.229763 -0.0460248 -0.08254
v -0.247653 0.0671777 -0.210399
v -0.112814 0.0187538 -0.291595
v -0.123972 0.0672536 -0.323278
v 0.0675668 0.448213 0.0072375
v -0.156351 0.463509 0.271725
v -0.145915 0.446903 0.248631
v 0.0909906 -0.00368341 0.255378
v -0.237988 0.0931703 -0.238381
v -0.120915 0.39014 0.174227
v -0.242249 0.112615 -0.238977
v 0.00954726 0.459598 -0.00191164
v -0.151818 0.397838 0.200004
v -0.13133 0.393586 0.181403
v -0.18398 0.35819 0.132077
v -0.19409 0.336671 0.154369
v -0.171277 0.362955 0.160837
v -0.173938 0.0858684 -0.302755
v -0.000831361 0.458889 0.000447755
v -0.23782 0.0743046 -0.229879
v -0.175188 0.334251 0.192547
v 0.128218 -0.269153 -0.239102
v -0.147424 0.354152 -0.256199
v -0.234763 -0.0201072 -0.137732
v -0.201636 -0.0630565 -0.124871
v -0.232864 -0.0395439 -0.0944176
v -0.194341 0.330029 0.162954
v 0.109937 0.449351 -0.0792176
v -0.23012 0.19842 -0.247231
v -0.185308 0.302628 0.194963
v 0.0538167 0.366994 0.169635
v -0.212828 -0.075026 -0.0610906
v -0.198662 -0.0940352 -0.0708654
v -0.175533 0.301358 0.205179
v -0.146853 0.314993 0.227357
v 0.0180456 0.45668 0.00660175
v -0.222249 -0.0576693 -0.0822741
v -0.158332 -0.0650583 -0.172623
v 0.0783955 -0.039646 0.268239
v -0.233183 0.235946 0.136502
v -0.223403 0.23431 0.156107
v -0.207905 0.211626 -0.270056
v -0.223242 0.211041 0.158343
v -0.182734 0.154629 -0.30766
v -0.126274 0.409408 0.200779
v -0.04519 0.459215 -0.0210708
v -0.0323325 0.461136 -0.0181802
v -0.197039 0.255072 0.19191
v 0.12956 0.441611 -0.0659976
v -0.151659 0.233744 0.240731
v -0.178409 0.247215 0.214518
v -0.136474 0.20773 -0.338463
v -0.193026 0.196953 -0.290266
v -0.176361 0.220281 0.216077
v 0.162366 0.147025 0.200908
v -0.159291 0.258659 0.229786
v -0.181919 0.276793 0.205723
v -0.171174 0.448031 0.27388
v -0.219357 0.223404 0.163078
v 0.0580237 -0.0337663 0.277621
v -0.263962 0.177908 0.0581204
v -0.239625 0.183697 0.134716
v -0.243626 0.244736 0.100466
v -0.235196 0.176242 0.145532
v -0.267613 0.176843 0.0450111
v -0.265997 0.100744 0.0527803
v 0.137978 0.145347 0.184522
v -0.166502 -0.0584569 -0.17202
v -0.198739 0.391198 -0.0690188
v -0.278943 0.176095 -0.00862673
v -0.0775384 0.41508 -0.240818
v -0.256349 0.2997 -0.0202107
v -0.163949 -0.066561 -0.164097
v -0.139236 0.128709 -0.341162
v -0.146121 0.118197 -0.335512
v -0.278268 0.250546 -0.0415965
v -0.26717 0.255356 0.00314466
v -0.292248 0.214975 -0.103649
v -0.174159 0.41054 -0.0874973
v 0.0362598 0.128134 0.285603
v -0.271388 0.287997 -0.11964
v -0.276789 0.26457 -0.14449
v -0.284686 0.255947 -0.111799
v -0.256058 0.302546 -0.152265
v -0.265274 0.299858 -0.118786
v -0.274132 0.223785 -0.00101761
v -0.285069 0.203773 -0.0428851
v -0.179708 0.230357 -0.29544
v -0.284787 0.241874 -0.0637516
v -0.289957 0.204518 -0.0677027
v -0.271733 0.285254 -0.0625584
v -0.273467 0.286672 -0.0957533
v 0.0104353 0.207226 -0.368528
v 0.207453 -0.418324 -0.178967
v -0.0988222 -0.396105 -0.257621
v -0.286883 0.248319 -0.101874
v -0.287566 0.245424 -0.1125
v 0.209437 0.0209023 0.221476
v -0.12374 -0.130516 0.158509
v -0.250796 0.32691 -0.104677
v -0.12785 0.12712 -0.347565
v 0.134541 0.296644 -0.305925
v 0.0863743 -0.0811944 0.133288
v -0.210429 -0.0309809 -0.160506
v -0.280725 0.245296 -0.151731
v -0.170202 0.392328 -0.177721
v 0.120126 0.44566 -0.0846518
v -0.144077 0.412536 -0.176905
v -0.194957 0.353367 -0.202215
v -0.174577 0.350097 -0.233551
v -0.202244 0.353597 -0.189953
v -0.164916 0.380119 -0.207789
v 0.127468 0.103787 0.251364
v -0.195849 0.376678 -0.158884
v -0.192667 0.383887 -0.14838
v -0.11225 0.433912 -0.164562
v 0.138823 0.428656 -0.150083
v -0.0865112 0.450376 -0.128079
v 0.122576 -0.0691793 0.229075
v -0.12373 0.412313 -0.206878
v -0.00835835 0.463606 -0.0177184
v -0.162459 0.38007 0.257894
v 0.0986286 -0.107131 0.131415
v -0.00842412 0.156166 -0.374704
v -0.134097 0.403444 -0.21054
v 0.0530762 -0.0436348 0.271898
v 0.0289204 0.154588 -0.374735
v -0.143897 0.393793 -0.213706
v 0.151667 0.091544 -0.319829
v -0.0556326 0.42903 -0.23253
v 0.0833305 -0.0421452 -0.259689
v -0.11369 0.368027 -0.269795
v -0.0759051 0.352017 -0.303683
v -0.10077 0.407186 -0.237071
v -0.158224 0.346975 -0.252782
v -0.15585 0.357503 -0.245156
v -0.133253 0.396097 -0.222521
v 0.077042 -0.0332597 -0.269357
v -0.122298 0.380767 -0.25121
v 0.0426503 0.455207 0.0023416
v -0.13002 0.381904 -0.242894
v -0.0706166 0.452707 -0.0205607
v -0.0417979 0.253728 -0.357935
v -0.0930454 0.264766 -0.343343
v -0.100527 0.290802 -0.328666
v -0.0659962 0.321591 -0.327963
v -0.0633293 0.350224 -0.311044
v -0.293812 0.190152 -0.115805
v -0.0873136 0.277822 -0.339995
v -0.00656039 -0.0134852 -0.305398
v -0.0242788 0.28799 -0.350009
v -0.0380685 0.267467 -0.354791
v 0.101403 -0.058877 -0.234061
v -0.0535649 0.358979 -0.308737
v -0.0261125 0.344349 -0.326037
v 0.0322532 0.0133655 -0.320878
v -0.0117936 0.308075 -0.343817
v -0.0132499 0.3421 -0.329141
v 0.141774 -0.105916 0.235797
v 0.208052 -0.356096 -0.166522
v 0.063198 0.248701 -0.355639
v -0.159861 0.302237 -0.282098
v 0.000993768 0.309905 -0.343172
v 0.207623 -0.394683 -0.164486
v 0.0668982 0.27055 -0.349165
v 0.0462185 0.317008 -0.335378
v 0.213541 -0.384007 -0.238845
v -0.0973041 0.434295 0.010169
v 0.0756891 0.299402 -0.335229
v 0.0508846 0.287324 -0.346479
v 0.177563 -0.259741 -0.170351
v -0.00400827 0.350482 -0.324757
v -0.204665 -0.0412361 -0.153211
v 0.0903252 0.310489 -0.322665
v 0.125415 0.293556 -0.31358
v 0.0984643 0.276146 -0.335908
v 0.0146266 0.346688 0.192047
v 0.0392627 0.32567 -0.332952
v 0.0325539 0.349054 -0.321344
v 0.0176808 0.278807 -0.353022
v 0.180028 -0.241967 -0.126277
v 0.0341278 0.317077 -0.33774
v 0.150585 0.459618 0.330465
v 0.151035 -0.209344 -0.169117
v 0.183642 0.248671 -0.283775
v 0.180884 0.310723 -0.259534
v 0.197614 -0.303327 -0.173383
v 0.115979 0.261981 -0.333254
v 0.192624 0.332659 0.102509
v 0.0447788 0.46018 -0.017486
v 0.22354 -0.386113 -0.203141
v 0.139779 0.339447 -0.276007
v 0.172169 -0.201563 -0.105629
v 0.15368 0.251577 -0.310112
v 0.151574 0.271169 -0.304136
v 0.170605 0.193544 0.151719
v 0.182512 0.334172 -0.242224
v 0.192002 0.331173 -0.234813
v -0.0133057 -0.14551 -0.245473
v 0.190656 0.406856 -0.052745
v 0.256828 0.0814036 -0.1979
v 0.133258 0.116554 0.246487
v 0.268656 0.119714 -0.189993
v 0.255085 0.0906377 -0.20654
v 0.249445 0.160483 -0.224627
v 0.253338 0.133942 -0.220061
v 0.242156 0.104118 -0.233021
v 0.0553832 0.457693 -0.0155424
v 0.152122 -0.119021 -0.121972
v 0.273111 0.130433 -0.182423
v 0.282599 0.116207 -0.152656
v 0.212085 0.388181 -0.100317
v 0.188289 -0.0735276 -0.125722
v 0.118388 -0.175765 -0.188148
v 0.237303 -0.0424641 -0.0455205
v 0.246206 -0.0126821 -0.11273
v 0.25655 0.00219395 -0.0903432
v 0.15607 -0.0627118 -0.176596
v -0.198906 -0.0374784 -0.164835
v 0.0539285 0.460322 -0.0262412
v 0.23379 -0.0368674 -0.101043
v 0.206709 -0.0905142 -0.0524379
v 0.212808 -0.0690008 -0.0905098
v 0.20878 -0.0399801 -0.147879
v 0.259484 0.0147423 -0.116831
v 0.25048 0.0216379 -0.156493
v 0.268123 0.0397388 -0.129326
v 0.256069 0.0490347 -0.173668
v 0.240338 -0.0180708 -0.123051
v 0.184227 -0.0896183 -0.109761
v 0.20449 -0.0762543 -0.0969415
v -0.03472 0.465979 -0.0493432
v -0.111338 0.436592 -0.0179645
v 0.249069 -0.0453322 -0.0180751
v 0.130286 -0.153112 -0.159735
v 0.0430879 -0.0983649 -0.240849
v 0.0393928 -0.0781228 -0.255103
v 0.168688 -0.0878382 -0.132644
v -0.086062 0.396593 -0.259271
v -0.18918 -0.0678698 -0.133356
v -0.263541 -0.0186534 0.0106806
v 0.212134 -0.163214 0.136186
v 0.260302 0.00244474 0.0898423
v 0.269579 -0.016035 0.0481458
v 0.264427 0.0407737 0.0886964
v 0.00866924 -0.226665 0.232504
v 0.241239 0.00869784 0.143244
v -0.267166 0.0258785 -0.0031914
v 0.184361 -0.154155 0.19329
v -0.189264 0.394647 -0.118145
v 0.145709 0.215367 0.157256
v -0.25507 0.0212952 0.0876429
v -0.259815 0.0444836 0.0743494
v 0.196561 -0.0826775 0.186667
v 0.192965 -0.106372 0.190908
v 0.193231 0.0544775 0.258943
v -0.240282 0.0479861 0.154635
v -0.230047 0.0452554 0.188736
v 0.217422 0.0125784 0.20166
v 0.199188 0.0271546 0.238075
v 0.216752 0.0322144 0.222338
v 0.230656 -0.143299 0.10459
v 0.0825985 -0.112033 0.136416
v -0.179613 0.353646 0.159412
v 0.12306 -0.0161338 0.239188
v 0.137765 -0.0557387 0.243441
v -0.0473025 0.463038 -0.0446249
v -0.0359066 0.0877724 0.314043
v 0.1256 -0.123758 0.24974
v 0.117979 -0.259927 0.161641
v 0.120069 -0.210944 0.216903
v 0.200614 0.32111 0.1016
v 0.138702 -0.220972 0.197708
v 0.0568493 -0.275941 0.154493
v 0.136716 0.071912 0.257769
v 0.199114 0.32891 0.0908685
v -0.00851225 0.470005 -0.0627297
v 0.0936805 -0.253108 0.116063
v 0.189447 -0.383964 -0.101906
v -0.0762761 0.389978 -0.271642
v 0.189556 -0.364089 -0.110374
v 0.17313 -0.272119 -0.0606066
v 0.175321 -0.260963 -0.081872
v 0.134955 -0.178689 0.22631
v 0.143615 -0.192012 0.21211
v 0.136165 0.0971538 0.258038
v 0.104493 -0.171752 0.251132
v 0.184309 -0.268148 -0.123447
v 0.16075 -0.228205 -0.0208446
v 0.172453 0.35541 0.108836
v -0.211851 0.363058 -0.148937
v 0.106288 -0.182821 0.243335
v 0.183157 -0.440017 -0.0795812
v 0.171698 -0.361805 -0.0541665
v 0.0728299 0.159272 0.18941
v 0.0881132 -0.142301 0.271277
v 0.0961959 0.132964 0.221707
v 0.0948272 0.148426 0.185738
v 0.104372 -0.145646 0.263684
v 0.160084 -0.252672 -0.0218598
v -0.0217793 0.468531 -0.0589157
v 0.169347 -0.271917 -0.047741
v 0.115587 0.167677 0.146221
v 0.195577 -0.389015 -0.131543
v 0.00703667 0.46903 -0.0461935
v 0.183399 -0.30455 -0.108303
v 0.0943314 -0.150905 0.267041
v 0.160564 0.427491 -0.086198
v 0.0846157 0.161311 0.167659
v 0.257743 0.279439 0.0118368
v 0.0262081 -0.208116 -0.262524
v 0.0639805 0.188167 0.170501
v -0.12184 0.389539 -0.241752
v 0.0256683 -0.231937 -0.270745
v 0.0750355 -0.248131 -0.261541
v -0.0207849 -0.236427 0.227088
v 0.048553 -0.233152 -0.265388
v 0.102292 -0.277697 -0.261855
v 0.0957908 -0.230943 -0.240976
v -0.0376053 0.101992 0.287792
v 0.0654318 0.171051 0.185955
v 0.0925697 -0.181658 0.250371
v 0.158467 0.212444 0.161552
v 0.0973731 -0.193045 0.240112
v 0.140088 0.366386 0.281001
v 0.11307 -0.367812 -0.302078
v 0.102987 -0.35921 -0.303754
v 0.139264 -0.360031 -0.287393
v 0.127676 -0.356819 -0.291144
v 0.13371 0.186889 0.138854
v 0.0699838 -0.154363 0.275827
v 0.132167 -0.368597 -0.293997
v 0.112782 -0.300507 -0.268704
v 0.0915286 -0.278422 -0.268298
v 0.0764712 -0.164831 0.268342
v 0.0622317 -0.166548 0.271531
v 0.112696 -0.222132 -0.222748
v -0.0458698 0.120926 0.247026
v 0.0121494 0.466839 -0.0323836
v 0.066598 0.194742 0.201892
v 0.117477 -0.267072 -0.246094
v 0.133356 -0.260931 -0.228814
v 0.0768726 -0.184076 0.252874
v -0.0589624 0.462017 -0.0870831
v 0.138231 -0.273423 -0.233191
v 0.127168 -0.286038 -0.250683
v 0.156744 -0.355944 -0.275288
v 0.152295 -0.34527 -0.271121
v -0.0373232 0.151998 0.239536
v 0.228168 -0.0955335 0.117894
v -0.0638438 0.460418 -0.0976339
v 0.195623 -0.368198 -0.248663
v 0.247102 -0.0548635 -0.0147763
v 0.162265 -0.286315 -0.21807
v 0.168626 -0.375151 -0.276177
v 0.170315 -0.25759 -0.181049
v 0.154121 -0.255225 -0.201631
v 0.186689 -0.335847 -0.231193
v -0.122634 0.397752 -0.231162
v -0.158655 0.44595 0.25458
v -0.157488 0.406599 0.289988
v -0.0136179 -0.17387 0.269272
v -0.0728769 0.456147 -0.0422031
v 0.0600702 0.158098 0.209506
v 0.0416743 0.1645 0.240176
v 0.0585479 0.130329 0.232749
v -0.0227797 -0.362951 -0.318667
v 0.0773923 0.144255 0.207397
v 0.0562753 0.121445 0.24297
v 0.0294394 0.149968 0.273269
v 0.0249042 0.146075 0.286048
v -0.169929 0.3838 0.229292
v 0.107696 0.406334 0.224174
v 0.0372136 0.138939 0.268547
v 0.07176 0.110265 0.234966
v 0.0549327 0.112264 0.253164
v 0.291989 0.162915 -0.0735933
v 0.0287118 0.169816 0.257125
v 0.0191561 -0.347106 -0.314404
v 0.0190352 -0.360956 -0.318352
v 0.0202976 0.176968 0.259197
v 0.0232413 0.103056 0.339131
v 0.032401 -0.341188 -0.311476
v 0.0341457 -0.263874 -0.281212
v 0.0913146 -0.362839 -0.308369
v 0.0926759 0.367968 0.252032
v 0.273212 0.133849 0.0431017
v 0.0883954 0.37545 0.242557
v -0.111786 0.398432 -0.239981
v 0.0513252 -0.285785 -0.28642
v -0.049497 0.2229 0.273552
v 0.0444118 -0.349966 -0.31352
v -0.0286685 0.22039 0.268438
v 0.0518059 -0.251322 -0.272054
v -0.0597021 0.229209 0.273077
v 0.238281 0.166487 0.145147
v -0.0791372 0.317564 0.239495
v -0.229485 0.109215 0.18599
v -0.0491456 0.235229 0.271445
v -0.0595377 0.254096 0.265218
v -0.0539148 0.10847 0.244905
v 0.0807218 -0.329905 -0.297279
v 0.0822503 -0.269309 -0.268321
v 0.110329 0.133597 0.223937
v -0.0137953 -0.189353 0.247855
v -0.128999 -0.139873 -0.157908
v 0.00301441 0.198866 0.248569
v -0.0246718 0.160486 0.256424
v -0.0689631 0.459186 -0.0885984
v 0.122577 -0.0907436 0.122957
v -0.0129652 0.204637 0.256525
v 0.245105 0.125259 0.148121
v -0.162127 -0.108666 -0.11739
v -0.132014 -0.107715 -0.157874
v -0.116121 0.442308 -0.0648928
v 0.0786921 -0.222082 0.228308
v 0.127874 0.0778776 0.252583
v 0.0883795 -0.230243 0.221924
v -0.153626 0.324035 -0.273912
v -0.0212542 0.469278 -0.0848884
v -0.0320214 -0.0530136 -0.273578
v -0.0670997 -0.05079 -0.262049
v 0.230569 0.160579 0.163039
v 0.122643 0.341576 -0.285379
v -0.0732992 -0.0873261 -0.233785
v -0.147048 0.400457 0.0494287
v -0.0936409 -0.0801729 -0.224908
v -0.243378 0.255474 0.095249
v -0.123138 -0.0528657 -0.222773
v -0.172356 0.400503 -0.151989
v -0.116839 -0.0980744 -0.185584
v -0.107664 -0.0979292 -0.195735
v 0.17443 0.2884 0.202055
v 0.21161 0.140991 0.199846
v -0.137057 -0.0791073 -0.18217
v -0.0826291 0.341036 0.244125
v -0.139458 0.46957 0.285217
v 0.18362 -0.0821437 -0.120287
v -0.159449 0.347221 0.229074
v -0.172489 0.431842 0.288818
v 0.0557086 0.464405 -0.0728029
v -0.173624 0.435199 0.274309
v 0.0439908 0.466528 -0.0695352
v -0.125212 -0.0984357 -0.175412
v 0.0519587 0.465156 -0.0626527
v -0.24543 0.110342 0.135335
v -0.108289 0.435167 0.266711
v -0.0978597 0.404076 0.269082
v -0.0228397 0.0159002 -0.325294
v -0.0705089 0.322336 0.234747
v -0.0220627 -0.0183424 -0.300616
v 0.0071592 0.014579 -0.325246
v -0.0922034 0.383965 0.140554
v -0.225187 0.319288 0.0773444
v -0.0408405 0.465804 -0.0961978
v -0.130937 0.384531 0.132691
v -0.143695 0.38773 0.178354
v 0.111034 0.119701 0.238157
v -0.0883586 0.00926677 -0.297871
v -0.163 0.376378 0.190353
v 0.0635191 -0.255952 0.212474
v 0.0194467 -0.280311 0.163958
v 0.0413755 -0.276875 0.177591
v 0.114814 -0.324685 -0.280604
v -0.0865142 0.0264184 -0.311726
v -0.0816846 0.0163184 -0.306128
v -0.0749902 0.0230273 -0.313594
v -0.0542721 -0.0228338 -0.288218
v 0.0349605 -0.279064 0.165201
v -0.24377 0.0823557 0.144434
v -0.156197 0.375523 0.160893
v 0.0686381 0.275928 0.254174
v -0.0371426 0.0147781 -0.321348
v -0.0511369 0.01476 -0.316377
v -0.166274 0.367099 0.180018
v -0.231032 0.121001 0.17793
v -0.165296 0.369428 0.155511
v 0.0828859 0.0302777 -0.315939
v 0.0631545 -0.0188485 -0.286307
v 0.0840615 -0.00172929 -0.289727
v 0.103766 0.0577412 -0.326198
v 0.0976547 0.0478965 -0.321913
v 0.10892 0.0503524 -0.317184
v -0.0318047 -0.273828 0.189839
v -0.150507 0.379098 0.140816
v 0.027482 -0.268892 0.200725
v 0.0978117 0.0189724 -0.298699
v 0.182787 0.34544 0.103082
v -0.205583 0.325637 0.140293
v 0.0358348 -0.262044 0.209448
v -0.221626 0.320321 0.0896398
v -0.0271476 -0.260095 0.210687
v -0.258124 0.246594 0.0475654
v -0.241154 0.27896 0.0791567
v -0.0904005 0.452333 -0.0762577
v -0.10489 0.446084 -0.0556394
v -0.270971 0.246283 -0.00422264
v -0.233416 0.335007 -0.150628
v -0.1813 0.400893 -0.120053
v -0.197604 0.382555 -0.137118
v -0.173837 0.40748 -0.115846
v -0.0779718 0.45263 -0.0313306
v -0.119381 0.430489 -0.00736368
v -0.00238612 -0.262844 0.20875
v -0.1946 0.394124 -0.0571067
v -0.0423008 0.156558 0.227575
v -0.200451 0.389128 -0.0921253
v -0.0465004 0.46428 -0.105157
v -0.0149805 -0.266136 0.204796
v -0.234151 0.3485 -0.115233
v -0.0821358 -0.267359 0.160684
v 0.115426 0.0966736 0.244881
v -0.237575 0.310868 0.0402933
v 0.142901 0.0401399 -0.288933
v 0.213362 0.118918 0.218255
v 0.249456 0.0699158 0.149927
v -0.00555974 -0.280522 0.158612
v -0.129723 0.419642 0.0134573
v 0.0402802 0.466388 -0.10122
v -0.158031 0.412246 -0.0136183
v -0.0215242 -0.279364 0.163534
v -0.228393 0.351913 -0.0321787
v -0.219932 0.36298 -0.0298269
v -0.213413 0.376493 -0.0616284
v -0.214338 0.362129 -0.00243084
v -0.189981 0.391711 -0.0204571
v -0.178214 0.401364 -0.0223222
v -0.145505 0.424991 -0.0383552
v -0.128014 0.435479 -0.047111
v -0.207662 0.382983 -0.0710565
v -0.232647 0.288784 0.100363
v -0.154935 0.415908 -0.140703
v 0.141909 0.209278 0.145562
v -0.228076 0.309893 0.0855845
v -0.152277 0.424557 -0.0900705
v -0.127343 0.437513 -0.0741479
v 0.0114463 -0.280452 0.142653
v -0.174831 0.36759 0.124753
v 0.00587199 -0.275959 0.189099
v -0.211949 0.376061 -0.107469
v -0.105091 0.431813 -0.184267
v -0.056654 0.449358 -0.181498
v -0.0543235 0.459764 -0.131062
v 0.143318 0.377398 0.106423
v 0.0696598 0.386996 -0.27774
v -0.251317 0.138442 0.110542
v 0.242202 0.0742647 0.173409
v 0.0540645 0.437542 -0.217188
v 0.0931384 0.414514 -0.234265
v 0.22438 0.171758 0.166348
v 0.0868462 0.446612 -0.161373
v -0.170128 0.301451 -0.272974
v -0.262163 0.0332922 0.0572267
v 0.0352531 0.466605 -0.111091
v 0.12254 -0.345427 -0.287398
v 0.0240991 0.438262 -0.229402
v 0.00381319 0.447319 -0.2124
v -0.293017 0.156041 -0.109051
v -0.187381 -0.435729 -0.113378
v -0.00719084 0.361487 -0.317551
v -0.0462826 -0.271218 0.192321
v -0.027336 0.404753 -0.276688
v -0.0104795 0.425073 -0.254569
v -0.00338843 0.412464 -0.271119
v -0.0187958 0.391642 -0.292196
v -0.0197603 0.364045 -0.314352
v -0.0955578 -0.259024 0.122093
v -0.114169 0.426255 0.230831
v -0.0209065 0.458544 -0.172835
v -0.0557962 0.421712 -0.244237
v -0.0438161 0.434843 -0.228137
v -0.0331481 0.425586 -0.2485
v -0.0193247 0.443314 -0.218695
v -0.105071 -0.261588 0.131513
v -0.0366289 0.452446 -0.186602
v -0.0570096 0.405191 -0.26578
v -0.0884499 0.406935 -0.245591
v 0.0560813 0.351951 -0.312438
v -0.129436 -0.251695 0.1267
v 0.0643221 0.402444 -0.264761
v -0.108427 -0.255121 0.120862
v 0.0607523 0.396004 -0.27339
v 0.0476515 0.444175 -0.205526
v -0.119688 -0.250495 0.119022
v -0.28975 0.131697 -0.132616
v 0.111545 0.436723 -0.168665
v 0.0446047 0.449799 -0.190917
v 0.0481979 0.42817 -0.237934
v 0.0342965 0.448629 -0.200208
v 0.0277338 0.45737 -0.174546
v 0.0147939 0.459301 -0.171906
v -0.140439 -0.244708 0.123594
v -0.1614 -0.228849 0.116014
v 0.0367476 0.416031 -0.260525
v 0.0104216 0.422061 -0.258943
v 0.175405 0.371792 0.21649
v -0.00465727 0.450557 -0.203568
v -0.0732592 0.381057 0.146423
v -0.0451645 0.102645 0.263334
v -0.00714242 0.430788 -0.246239
v -0.291059 0.141003 -0.122814
v -0.184448 -0.284623 -0.129558
v -0.00725149 0.469388 -0.110165
v -0.0393241 0.401072 -0.277694
v 0.0817909 0.272483 0.257005
v -0.0556708 0.368681 -0.300599
v -0.044155 0.392323 -0.284987
v -0.0650283 0.369131 -0.296117
v 0.108922 0.368264 -0.273694
v 0.142343 0.348218 -0.267039
v 0.162418 0.375187 -0.224551
v -0.126363 -0.255539 0.139203
v 0.121758 0.398613 -0.233633
v 0.231911 0.170012 0.155766
v 0.123434 0.405438 -0.223309
v 0.267163 0.268057 -0.173107
v 0.240928 0.285587 -0.203093
v 0.141541 0.274509 -0.311303
v -0.111023 -0.247033 0.114158
v 0.247445 0.256699 -0.208194
v 0.253123 0.265407 -0.197044
v 0.256897 0.232188 -0.202651
v 0.270113 0.257829 -0.172711
v 0.148204 0.378235 0.0930715
v 0.240069 0.316026 -0.181004
v 0.218853 0.331046 -0.199758
v 0.195061 0.339206 -0.224596
v 0.218144 0.314114 -0.216029
v -0.0998731 -0.248645 0.113995
v 0.258096 0.301322 -0.161538
v -0.0526362 -0.273795 0.136331
v 0.263127 0.208803 -0.198003
v 0.267775 0.217789 -0.18949
v 0.277224 0.164559 -0.177201
v 0.282364 0.164765 -0.16411
v -0.156415 0.37818 0.175778
v 0.282671 0.226949 -0.15708
v 0.285541 0.215035 -0.151582
v 0.262427 0.0155818 -0.0921153
v 0.256258 -0.000908681 -0.0609357
v -0.127859 0.40792 0.0523362
v -0.180175 -0.323296 -0.107673
v 0.290168 0.123425 -0.0902908
v 0.27818 0.0780544 -0.00397197
v 0.277624 0.0588381 -0.0286867
v -0.0601908 -0.268559 0.12552
v -0.199336 -0.0497827 -0.147337
v 0.285749 0.114933 -0.138856
v -0.149956 -0.229525 0.10687
v 0.272404 0.0608146 -0.143108
v 0.03784 0.467226 -0.0905015
v -0.129634 -0.235714 0.108056
v 0.290999 0.131112 -0.0994432
v 0.0510382 0.464632 -0.0951932
v 0.288356 0.109031 -0.108687
v -0.150548 0.377442 -0.227885
v 0.28775 0.15205 -0.14389
v 0.289824 0.206507 -0.134308
v 0.28673 0.0985404 -0.104969
v 0.135045 0.264218 -0.320749
v 0.034621 -0.117226 0.146161
v -0.0784253 -0.236668 0.108272
v 0.271396 0.0355917 -0.0558703
v -0.075842 -0.223672 0.104532
v -0.144795 -0.215883 0.189757
v -0.0668807 -0.247372 0.111183
v 0.263961 0.016947 -0.0688839
v 0.278648 0.0614335 -0.106029
v 0.26411 0.0218271 -0.105248
v 0.189013 0.120316 0.238663
v 0.259717 0.0476541 0.109574
v 0.00926783 0.470817 -0.0831374
v 0.277346 0.098528 0.00985282
v -0.119207 -0.231019 0.104614
v 0.27193 0.0931857 0.0477656
v 0.266698 0.108584 0.0758628
v -0.120164 -0.220076 0.0975601
v 0.248388 0.0607644 0.155485
v 0.236375 0.0625626 0.194459
v 0.230997 0.0630297 0.208793
v 0.131242 0.0374584 -0.293878
v 0.221899 0.0446307 0.222671
v -0.187384 0.333049 0.173083
v 0.0156833 0.469883 -0.0982577
v -0.166591 0.340857 -0.250084
v 0.216157 0.0742966 0.238279
v 0.0710916 0.0128076 -0.30751
v 0.179436 0.133598 0.226013
v 0.237866 0.0746652 0.187102
v 0.209135 0.0763964 0.24785
v -0.109446 -0.213483 0.0949815
v 0.159178 0.108381 0.256857
v 0.240437 0.216594 0.111084
v 0.19921 0.079444 0.258248
v 0.000713805 0.470512 -0.0973444
v -0.175711 0.339373 -0.242456
v -0.277255 0.0624535 -0.0687611
v 0.208214 -0.0385359 0.173643
v 0.157969 0.0878927 0.267479
v -0.283182 0.082941 -0.0845424
v 0.132795 0.412044 -0.202895
v -0.273887 0.0470658 -0.081576
v 0.19096 0.0682966 0.264013
v -0.00371925 0.0662296 -0.358065
v -0.00963267 0.137702 0.303047
v -0.158016 -0.040231 -0.204062
v 0.124836 0.410913 -0.21371
v 0.154215 -0.144025 -0.117405
v -0.17836 0.0184738 -0.246196
v -0.195597 -0.00876487 -0.203014
v 0.251814 0.0746245 0.140227
v -0.197667 0.00149551 -0.211962
v -0.0868218 -0.147399 0.169207
v -0.27411 0.187353 -0.185074
v -0.116003 0.00130225 -0.275062
v -0.163937 0.0557748 -0.28942
v 0.16217 0.200037 0.145596
v -0.031303 -0.219713 0.10198
v -0.241736 0.0178915 -0.17474
v 0.0946764 -0.320625 0.0488323
v 0.107058 0.444206 -0.13338
v -0.170805 0.0104025 -0.244538
v 0.132085 0.21543 0.153963
v 0.143098 0.435186 0.324589
v -0.143986 0.382097 0.131265
v -0.144349 -0.0477256 -0.208817
v 0.124405 0.132843 0.227079
v -0.214821 -0.00509612 -0.187617
v 0.135062 0.127736 0.236043
v -0.204267 -0.0269556 -0.172675
v -0.16863 -0.0499498 -0.181301
v -0.0795447 0.245402 -0.353258
v 0.1334 0.138456 0.216073
v 0.0956858 0.14394 0.198301
v 0.184332 0.193996 0.170176
v -0.155279 0.0145815 -0.259523
v 0.0870677 -0.272785 0.0649032
v -0.138946 0.382095 0.14329
v -0.106272 -0.0212466 -0.262348
v 0.039996 -0.356182 0.0461189
v 0.0854131 -0.351357 0.0441203
v 0.0882541 -0.393782 0.0329322
v -0.123229 0.33731 -0.286884
v 0.100739 -0.454789 0.0148047
v 0.17288 0.162282 0.17313
v -0.0794513 0.365868 0.244356
v 0.112097 -0.397664 0.0222404
v 0.167808 0.417077 -0.127843
v -0.137983 0.348617 -0.268618
v 0.122205 -0.39947 0.0142742
v 0.12352 -0.352281 0.0220089
v 0.108274 -0.245044 0.0621806
v -0.00550915 0.13199 0.313421
v 0.254331 0.153859 0.1073
v -0.242916 -0.102279 0.065813
v -0.23884 -0.0854607 0.0834799
v 0.154084 0.458721 0.295167
v 0.270676 0.14119 0.0533512
v 0.109157 -0.25594 0.0579924
v 0.287032 0.152042 -0.0415939
v -0.225311 -0.0728294 0.110029
v 0.118543 -0.257525 0.0481931
v 0.117951 -0.281472 0.0418643
v 0.109783 0.209249 0.218081
v 0.10421 0.204196 0.22874
v 0.115289 0.21818 0.185957
v -0.258851 -0.0563901 0.0326688
v 0.127375 0.21595 0.189548
v 0.146504 -0.475888 -0.0403544
v -0.241206 -0.0130541 0.106052
v -0.2237 -0.0111636 0.141461
v -0.186248 -0.334461 -0.128879
v -0.13506 0.382903 0.156288
v -0.237922 -0.0622776 0.0910285
v 0.242182 0.353773 -0.0613454
v 0.12883 0.437608 0.282847
v -0.218773 0.00967409 0.177776
v 0.141188 0.385943 0.0844319
v 0.0446825 0.198385 0.263506
v -0.261541 0.0102365 -0.0345196
v 0.0755892 0.189436 0.248432
v 0.0611459 0.188177 0.252532
v 0.259453 0.0731593 -0.186733
v 0.178999 0.393537 0.244619
v 0.100179 -0.00433606 0.249725
v 0.105491 -0.0248082 0.252311
v -0.174941 -0.289026 -0.096844
v -0.188039 -0.321376 -0.134788
v -0.187043 0.324033 0.181633
v -0.166264 -0.227676 -0.0640915
v 0.160995 -0.145316 0.224797
v 0.0844538 0.204191 0.268692
v 0.0552454 -0.193173 0.24501
v 0.0262548 -0.179514 0.259488
v 0.164872 0.416591 -0.138452
v -0.0303257 -0.278659 0.14864
v 0.0685116 -0.242747 0.110282
v 0.0239339 -0.253067 0.112528
v 0.0677383 -0.257402 0.115466
v -0.165512 -0.201268 -0.0694593
v -0.0586994 -0.218553 0.0931271
v -0.0541903 -0.221992 0.102213
v -0.0410884 -0.223482 0.103281
v -0.185631 -0.392154 -0.111442
v -0.0699929 -0.13813 0.231446
v 0.0511806 -0.221845 0.104127
v 0.0307281 -0.220065 0.101016
v 0.0397832 -0.225112 0.105626
v 0.00484966 0.152065 0.292195
v 0.0306435 -0.242624 0.080106
v 0.0337554 0.21537 0.266184
v 0.0736944 -0.238958 0.078902
v 0.0752854 -0.266067 0.0696252
v -0.187358 -0.382993 -0.120013
v -0.039044 0.252684 0.26324
v -0.0254629 0.276588 0.247633
v 0.157725 0.419342 -0.145584
v 0.0170829 0.253679 0.253193
v -0.131367 0.462417 0.307367
v -0.132795 0.386732 0.169431
v 0.157057 -0.304128 -0.0200525
v 0.151517 -0.269194 -0.00354221
v -0.179601 -0.348784 -0.0964009
v 0.0112166 0.208593 0.250898
v 0.0366222 -0.402777 0.0340793
v 0.0237567 0.234781 0.25927
v 0.157417 -0.374593 -0.0263303
v 0.174882 -0.457369 -0.0661314
v -0.0278855 0.23338 0.266453
v 0.173277 -0.448226 -0.0598815
v -0.0176226 0.238355 0.259948
v -0.153479 -0.218362 -0.0167846
v -0.142806 -0.223924 0.00876274
v -0.150724 -0.23194 -0.0132125
v -0.0380037 0.325074 0.218772
v -0.0171985 0.335502 0.204275
v 0.179657 0.290319 -0.270322
v -0.120393 -0.231324 0.043357
v -0.0595943 0.314948 0.232598
v -0.0136634 0.277616 0.244945
v -0.00405495 0.269103 0.247791
v 0.156033 0.413547 -0.166705
v -0.0431949 0.352981 0.192248
v -0.034122 0.363175 0.174624
v -0.129085 -0.227148 0.032205
v -0.0793175 0.388492 0.22746
v 0.14621 -0.472831 -0.0273045
v 0.227701 0.0305947 0.202005
v 0.154023 -0.414034 -0.025216
v 0.14001 -0.320595 0.00686001
v -0.172342 0.311896 -0.26479
v -0.280586 0.0769056 -0.070255
v -0.121166 0.452449 0.28374
v 0.159506 -0.172854 -0.123229
v -0.0603642 0.327471 0.227019
v -0.0773123 0.377412 0.158418
v -0.0530949 0.190588 -0.369003
v -0.163841 -0.346254 -0.263371
v -0.141843 -0.299732 -0.249385
v -0.0702671 0.372549 0.193358
v -0.0779334 0.386103 0.213
v -0.156721 -0.292057 -0.230084
v -0.121432 -0.228485 -0.220344
v -0.067465 0.247548 -0.355476
v -0.194664 0.350412 0.114139
v 0.0622534 0.156818 -0.371223
v -0.0994866 -0.220472 -0.233797
v 0.211158 0.206148 -0.265907
v -0.132933 -0.246346 0.0203166
v -0.165908 0.374866 0.111865
v -0.165974 0.380052 0.0826606
v 0.162433 -0.16674 -0.11176
v -0.14248 0.38738 0.0976872
v -0.0624059 0.382326 0.143884
v -0.062462 0.392427 0.124391
v 0.157961 -0.180495 -0.132946
v 0.214661 0.131362 -0.272089
v -0.124908 -0.216737 0.0422978
v -0.0522639 0.436221 0.0428474
v 0.0660279 -0.402975 0.0323685
v 0.270688 0.30596 -0.0858523
v 0.169095 0.0267946 -0.25879
v -0.158098 -0.179054 -0.0126137
v 0.253579 0.337977 -0.0904171
v 0.0677352 0.430059 0.0547182
v 0.174556 -0.0177523 -0.211282
v 0.057798 0.445861 0.0200783
v 0.102234 0.451705 -0.0858037
v 0.0693266 0.461391 -0.0775896
v 0.281026 0.273975 -0.0697752
v -0.0783111 0.456391 -0.0830244
v -0.00560917 0.170244 0.266234
v 0.20703 0.0426384 -0.240415
v -0.0257925 0.452895 0.0126369
v 0.163267 -0.183583 -0.123859
v -0.150666 -0.180557 0.0198311
v -0.0603008 0.459876 -0.0432394
v -0.0543942 0.463372 -0.0759689
v -0.156528 -0.266596 -0.0344389
v 0.0531638 0.464503 -0.0520235
v 0.0181555 0.469787 -0.0582511
v -0.15054 -0.180431 0.0367684
v 0.0260961 0.45272 0.0160602
v 0.229734 0.0322051 -0.203962
v -0.128954 0.462451 0.292299
v -0.030234 0.458899 -0.007525
v 0.0772831 0.448656 -0.00269898
v 0.0961844 0.449989 -0.0314783
v 0.064408 0.459446 -0.0335389
v 0.0313043 0.456162 0.00446005
v 0.0112608 0.462288 -0.0117526
v -0.0206385 0.461516 -0.0122741
v 0.167554 -0.0590916 -0.168307
v 0.0838771 -0.365617 0.0409345
v 0.0496165 0.456565 -0.00645532
v -0.0210156 0.466928 -0.0418401
v 0.284768 0.261875 -0.0727757
v -0.00128965 0.470792 -0.0720021
v -0.0472474 0.464867 -0.085916
v 0.0592708 -0.144992 0.206955
v 0.112493 -0.0201076 -0.257894
v 0.0577634 0.463839 -0.0840352
v 0.292786 0.175327 -0.080465
v 0.123741 0.421785 -0.193924
v 0.136131 0.427073 -0.162054
v 0.104943 0.443059 -0.14797
v 0.134577 0.438041 -0.101109
v 0.168543 0.406961 -0.161041
v -0.137354 0.472484 0.299003
v 0.170998 0.417819 -0.114222
v 0.150943 0.41105 -0.180383
v 0.132116 -0.0472079 -0.218518
v -0.120232 -0.245596 0.182221
v 0.187319 0.352736 -0.220541
v -0.102541 -0.257527 0.177041
v 0.21212 0.365916 -0.163173
v 0.16865 0.378395 -0.212883
v 0.203424 0.370074 -0.173232
v 0.21506 0.374119 -0.13915
v 0.155028 0.397348 -0.201255
v 0.188116 0.39631 -0.148293
v 0.193796 0.380581 -0.171948
v 0.184145 0.403201 -0.137043
v -0.112458 -0.254166 0.174576
v 0.262835 0.311055 -0.0455251
v -0.120427 0.432433 0.299089
v 0.239843 0.348115 -0.0355105
v 0.266899 0.247811 0.0128917
v 0.270221 0.21 0.0260475
v 0.282437 0.221773 -0.028703
v 0.275432 0.271058 -0.151368
v 0.178102 -0.0372282 -0.185444
v 0.280259 0.265454 -0.140451
v 0.239987 0.345081 -0.136684
v 0.257956 0.324634 -0.123077
v 0.289756 0.237736 -0.116343
v 0.119044 0.111979 0.244369
v 0.288696 0.219474 -0.0552587
v 0.290755 0.228973 -0.0780394
v 0.282802 0.255601 -0.0533966
v 0.276776 0.258304 -0.0331252
v 0.273422 0.271096 -0.0338463
v 0.287676 0.25575 -0.0947052
v 0.277921 0.276386 -0.0567769
v -0.275609 0.274737 -0.0622871
v 0.250572 -0.0764722 0.0805955
v 0.256444 -0.0939554 0.050739
v 0.283216 0.251105 -0.142039
v 0.25913 0.308164 -0.149611
v -0.164709 0.368798 0.167321
v 0.284357 0.258923 -0.128974
v 0.271391 0.295667 -0.129454
v 0.278698 0.286115 -0.104861
v 0.259931 0.325277 -0.109879
v 0.289535 0.245493 -0.102004
v 0.224751 -0.0853246 0.12512
v 0.281338 0.279004 -0.0930926
v 0.29306 0.18925 -0.084399
v -0.116675 -0.256504 0.163731
v 0.27909 0.283405 -0.0800539
v 0.252072 0.201984 0.0860191
v 0.258412 0.329658 -0.0795332
v 0.289349 0.199174 -0.0563344
v 0.273992 0.296082 -0.0766632
v -0.163875 -0.22244 0.155609
v 0.276477 0.130992 0.0227566
v 0.266739 0.18299 0.0516767
v 0.0422196 -0.469238 0.0168199
v 0.110789 -0.0972596 0.125689
v 0.251841 0.109705 0.131382
v 0.247915 0.11307 0.143577
v 0.180268 0.115951 0.246487
v 0.168749 0.130565 0.231907
v 0.192937 0.140944 0.212261
v -0.0982594 -0.240608 -0.246154
v 0.199251 0.14658 0.202256
v -0.165697 -0.225741 0.141077
v -0.132087 -0.327846 -0.273378
v -0.154107 -0.369604 -0.285564
v 0.230555 0.111374 0.19355
v 0.212186 0.100821 0.233064
v 0.191481 0.155792 0.191829
v 0.13577 0.383774 0.096583
v 0.207606 0.128523 0.216367
v 0.231227 0.121278 0.18715
v 0.274063 0.11925 -0.176968
v -0.147348 0.269912 -0.309374
v 0.247879 0.147703 0.130251
v 0.244659 -0.103626 0.0861257
v -0.0870909 -0.257475 -0.260893
v -0.0350464 0.208718 -0.367165
v 0.168493 0.207987 0.165393
v 0.166748 0.205626 0.15453
v -0.137711 -0.361714 -0.00625421
v -0.108399 0.284179 -0.327875
v -0.11582 -0.279664 -0.2559
v -0.112992 0.428507 0.289746
v -0.0611835 -0.1923 -0.245197
v -0.0892151 -0.215405 -0.239047
v 0.107053 0.447382 -0.0390087
v 0.230852 0.246879 -0.231909
v -0.0182493 -0.23438 -0.273107
v 0.123342 0.431596 -0.167862
v -0.109239 -0.260965 0.15449
v -0.163426 -0.277973 -0.210733
v -0.161892 -0.265893 -0.202127
v -0.166822 -0.322511 -0.243534
v 0.158538 0.149186 0.189607
v 0.247923 0.345465 -0.100046
v -0.0981857 0.272503 -0.338053
v -0.181933 -0.375044 -0.2696
v -0.0886 -0.279133 -0.270865
v 0.220323 -0.0332814 0.152758
v -0.122967 -0.292004 -0.258374
v -0.107021 -0.331327 -0.28856
v -0.116655 -0.336607 -0.286542
v -0.0600897 -0.325347 -0.300545
v -0.157062 0.419042 0.226651
v -0.0680064 -0.265017 -0.272792
v 0.187246 0.16712 0.177842
v -0.0701867 -0.348018 -0.307715
v -0.0821378 -0.365334 -0.310548
v -0.103347 -0.22667 0.210683
v -0.101972 -0.350097 -0.299867
v -0.029519 -0.235315 -0.27183
v -0.208554 0.329976 -0.208931
v -0.0129718 -0.202858 -0.262385
v -0.0169641 -0.166137 -0.25125
v 0.169771 0.151246 0.192643
v 0.110706 0.201434 0.239905
v -0.172208 -0.129251 -0.0780207
v -0.189008 -0.285154 -0.141594
v 0.154381 0.221057 0.242071
v -0.107081 0.273899 -0.333328
v -0.112595 -0.230663 0.201908
v -0.170577 -0.263916 -0.187982
v -0.139162 -0.244661 0.16115
v -0.114069 0.443436 0.275022
v -0.181926 -0.262948 -0.164613
v 0.13536 0.204465 0.240983
v -0.20361 -0.342717 -0.214039
v 0.124758 0.426338 -0.181339
v -0.0731089 0.340547 -0.313181
v -0.172769 -0.214201 0.149206
v -0.17634 -0.215142 0.13497
v 0.242544 0.350968 -0.11036
v -0.133419 -0.201846 0.207261
v 0.108679 0.217 0.267072
v -0.138357 -0.208192 -0.186841
v 0.107441 0.23132 0.266179
v -0.155842 -0.240743 -0.189477
v 0.0423331 0.22519 0.269388
v 0.133107 0.424809 -0.173631
v 0.192003 0.405509 -0.101209
v -0.162827 -0.209645 0.173956
v -0.116697 0.385515 0.134518
v -0.165757 -0.200005 0.178789
v 0.0465307 0.307742 0.230735
v 0.0289739 0.274009 0.247733
v 0.0571366 0.268197 0.256515
v -0.17271 -0.238436 -0.158538
v 0.0197052 0.307169 0.227401
v 0.00164527 0.292308 0.235815
v 0.0264758 0.245757 0.258567
v 0.0937129 -0.267578 -0.261312
v -0.205828 -0.380925 -0.248966
v -0.169404 -0.24617 -0.0835095
v -0.00835703 0.341815 0.19641
v -0.000742325 0.125643 0.323634
v 0.1779 0.395006 0.276715
v 0.0177993 0.370557 0.162692
v -0.00716429 0.37747 0.152186
v 0.1367 0.417851 -0.185512
v -0.0131982 0.350612 0.187955
v 0.199472 0.345098 -0.212727
v 0.0707924 0.390146 0.122893
v 0.0293744 0.3881 0.132581
v -0.0379924 0.40116 0.112589
v -0.163438 -0.116428 0.226144
v -0.00816538 0.117263 0.329566
v 0.0788547 0.408302 0.0894633
v -0.018159 0.147799 0.279063
v -0.00243776 0.389933 0.131102
v 0.0382771 0.423824 0.0786835
v 0.019226 0.43399 0.065595
v -0.0065805 0.43099 0.0714074
v -0.280462 0.0850658 -0.147178
v -0.0182851 0.133125 0.297632
v -0.112514 0.436289 0.254286
v 0.00612363 0.402767 0.112844
v -0.0220351 0.0978368 0.334336
v 0.0290775 0.395043 0.122058
v -0.17815 -0.0850394 0.21019
v 0.253229 0.33445 -0.116344
v 0.271241 0.305418 -0.0984424
v 0.280536 0.272399 -0.128799
v 0.13356 0.430484 -0.00644583
v 0.204552 0.349474 -0.200136
v 0.104971 0.421339 0.0469476
v -0.173482 -0.0592338 0.218267
v 0.14442 0.411373 0.0322912
v -0.145144 -0.0026822 0.237586
v 0.187248 0.3927 0.00872268
v -0.150834 -0.236872 0.11978
v 0.197524 0.383872 0.00738673
v 0.199811 0.397119 -0.0353498
v 0.00835625 0.318081 -0.339708
v 0.173966 0.417925 -0.102364
v 0.182179 0.413353 -0.0951522
v 0.117902 0.442478 -0.0323236
v 0.149731 0.432084 -0.0547213
v 0.157468 0.429078 -0.0614267
v 0.149652 0.433321 -0.0797861
v -0.149309 -0.0156499 0.234662
v 0.16621 0.402704 0.022748
v 0.173009 0.408643 -0.00490464
v 0.203799 0.382493 -0.00479911
v 0.228261 0.365103 -0.0318569
v 0.274617 0.296999 -0.104682
v -0.101846 0.39538 0.274309
v -0.0104171 -0.0522653 0.182822
v 0.227439 0.366124 -0.122699
v 0.275026 0.109601 -0.171622
v -0.0877778 0.390984 0.25438
v -0.0942206 0.343295 0.252423
v -0.10009 0.368216 0.265663
v -0.113167 0.369434 0.272989
v -0.0698579 0.329912 -0.321496
v 0.229977 0.371093 -0.0800879
v 0.160022 0.426967 -0.0511118
v 0.17075 0.420423 -0.0476429
v -0.087445 0.388426 0.190787
v -0.10827 0.41741 0.22073
v -0.168624 -0.0673391 0.225112
v 0.144032 0.425741 -0.00692392
v -0.169829 0.465011 0.286032
v 0.214673 0.355956 0.0222266
v -0.0664348 -0.271006 0.163389
v 0.231103 0.313676 0.0405162
v 0.247786 0.254716 0.0592682
v 0.249773 0.277522 0.035889
v 0.163455 -0.191675 -0.131084
v 0.24821 0.244542 0.0661568
v -0.0855149 0.354023 0.249937
v 0.197299 0.315805 0.123912
v 0.177458 0.340542 0.141433
v 0.206321 0.295943 0.130597
v 0.265518 0.303527 -0.137604
v -0.147566 0.292104 0.23033
v 0.214031 0.293533 0.10897
v 0.0656149 -0.22517 0.22932
v -0.141029 0.303539 0.231958
v -0.235209 0.343624 -0.0383465
v 0.261859 0.172074 0.0735069
v 0.22641 0.253015 0.124155
v 0.229561 0.233077 0.131939
v -0.172547 -0.21687 -0.132934
v 0.232086 0.220255 0.133684
v 0.209533 0.338091 -0.205979
v -0.168687 -0.196602 -0.0960949
v 0.148581 0.215056 0.171053
v -0.155783 0.245987 0.235336
v 0.229391 0.343051 -0.165142
v 0.228779 0.35265 -0.150738
v 0.0660939 -0.239061 -0.261344
v 0.23004 0.334176 -0.176585
v 0.175046 0.366266 -0.220416
v -0.22124 0.336287 0.047662
v 0.188237 0.216555 0.205862
v 0.286276 0.238608 -0.138687
v -0.214208 -0.38806 -0.182741
v -0.109475 -0.206721 0.0867949
v -0.203159 0.221292 0.184778
v -0.11659 0.30149 0.24291
v -0.206101 -0.165445 0.0523022
v 0.18949 0.367565 -0.199854
v -0.222792 -0.128982 0.0204746
v -0.19097 -0.160162 0.165119
v 0.18532 0.363456 -0.210982
v -0.198428 -0.140571 0.154336
v -0.187186 -0.0942993 0.188208
v -0.290935 0.22574 -0.111299
v -0.194103 -0.11836 0.168099
v -0.173986 -0.128529 0.20995
v -0.0838215 0.3294 -0.315478
v -0.0404729 0.115956 0.261153
v 0.198939 0.204917 0.188672
v -0.125519 0.0214962 0.236405
v -0.19195 -0.0851966 0.178525
v 0.131145 0.233102 0.256974
v -0.250598 0.215359 0.0891811
v 0.148712 0.311685 0.226675
v 0.137159 0.285612 0.23889
v 0.140685 0.241358 0.249483
v 0.115379 0.254845 0.257884
v -0.0718658 0.277647 -0.345072
v -0.242501 0.191641 0.124404
v 0.103864 0.312651 0.243027
v -0.136859 0.267462 -0.318579
v 0.114113 0.275711 0.252438
v 0.0995428 0.290678 0.24867
v -0.233319 0.221827 0.139822
v -0.115377 0.325245 0.247028
v -0.203804 -0.117981 0.145781
v 0.0334105 0.312538 0.225247
v 0.0454656 0.319296 0.222522
v 0.0373648 0.333754 0.208621
v -0.256328 0.154898 0.0897379
v -0.257994 0.0686182 0.0869151
v -0.123292 0.427371 -0.168586
v 0.00338114 0.340797 0.197071
v 0.055648 0.35426 0.192691
v 0.213407 0.370757 -0.15121
v -0.086334 0.0230026 0.29512
v -0.13785 0.279661 -0.312024
v -0.0944012 -0.132377 0.235264
v 0.191242 0.340172 0.0904008
v -0.273142 0.161494 0.0226613
v 0.111017 0.393201 0.0985479
v -0.206737 -0.0746689 0.146433
v 0.235551 0.339209 -0.00519242
v -0.281299 0.180224 -0.0209785
v 0.17532 0.355244 0.0974763
v -0.205767 -0.0857592 0.146647
v 0.152733 0.380817 0.0806652
v 0.129356 0.382592 0.110317
v -0.0766497 -0.148506 0.193045
v 0.155592 0.371037 0.102605
v 0.146345 0.389101 0.0729059
v 0.192097 0.34685 0.0759855
v -0.226232 0.144777 0.17405
v 0.191157 0.384221 0.0206622
v 0.115462 0.402709 0.0778694
v -0.226088 0.133403 0.182329
v 0.162369 0.399071 0.0374325
v 0.268377 0.30005 -0.0500122
v -0.269742 0.277657 -0.0375016
v 0.227264 0.181999 0.158718
v 0.18183 0.244805 0.209927
v 0.197599 0.215214 0.194311
v -0.127106 0.323821 0.24262
v 0.224137 0.02057 0.199097
v 0.261906 0.279016 -0.00196612
v 0.171644 0.226228 0.22625
v 0.219475 0.361928 -0.154913
v -0.276224 0.246357 -0.0282265
v -0.218205 -0.0453097 0.132759
v 0.219176 0.235562 0.154063
v 0.220621 0.263852 0.129505
v 0.210208 0.254865 0.161678
v 0.201258 0.297345 0.143092
v -0.277001 0.22529 -0.0151058
v 0.182313 0.313933 0.171046
v 0.198094 0.260565 0.179736
v 0.04176 -0.219784 0.233358
v 0.11849 0.356481 0.270034
v 0.162904 0.310918 0.210116
v 0.164545 0.293743 0.212671
v -0.2167 -0.010646 0.156785
v 0.118663 0.377899 0.282438
v 0.100926 0.32441 0.244546
v -0.273468 0.0991972 0.00513886
v 0.134724 0.318957 0.239507
v 0.142229 0.327973 0.242
v 0.0395884 -0.0427627 0.272092
v 0.105927 0.339748 0.253999
v -0.28259 0.237597 -0.0496554
v -0.0471888 0.288335 -0.346971
v 0.128136 0.308979 0.239139
v 0.123566 -0.189043 0.228602
v 0.135139 -0.190357 0.219376
v -0.0781557 0.42967 -0.216441
v -0.0866355 0.349019 -0.299977
v 0.11222 0.320972 0.245459
v 0.135193 -0.166322 0.233315
v 0.157319 -0.200188 0.196706
v 0.146483 -0.200255 0.205171
v -0.10356 0.343901 -0.294011
v 0.0946609 -0.170064 0.257523
v 0.114549 -0.161949 0.250744
v -0.154784 0.391186 -0.204253
v -0.140844 0.377354 -0.237669
v 0.271187 0.244359 0.000282419
v -0.0747569 0.256713 -0.351499
v 0.0775995 0.354885 0.227034
v 0.0908758 0.356073 0.24834
v 0.0529196 -0.228426 0.229442
v 0.248978 0.342178 -0.110356
v 0.0778707 0.371166 0.186606
v -0.0723476 0.235765 -0.357055
v 0.0767243 0.372711 0.165372
v -0.0848219 0.0169738 0.278826
v 0.0698705 -0.213282 0.233051
v -0.052894 -0.272963 0.181539
v 0.0669178 0.357194 0.20047
v 0.216055 -0.413605 -0.194686
v 0.195468 0.367945 0.0404205
v 0.19165 0.38847 -0.159738
v -0.152834 -0.22018 0.0963883
v 0.203226 0.377691 -0.159084
v 0.199235 0.394948 -0.123016
v -0.028233 0.220585 -0.365291
v 0.194664 0.394906 -0.136148
v 0.18722 0.367919 0.0531418
v -0.0680023 -0.148366 0.184638
v -0.0398269 0.219425 -0.364818
v -0.0841947 -0.21689 0.0999135
v 0.0213852 -0.225203 0.0884312
v 0.0839298 -0.218523 0.1026
v 0.285468 0.252581 -0.0638316
v 0.0323798 -0.363358 0.0446961
v -0.0588596 0.282728 -0.346561
v 0.0720895 -0.331067 0.0511574
v 0.177487 0.390995 -0.179526
v 0.0630311 -0.351575 0.0461126
v 0.166934 0.359653 0.168574
v 0.161397 0.36916 0.168502
v 0.00159001 -0.467998 0.0193226
v 0.0804043 -0.4463 0.0202262
v 0.065374 -0.426364 0.026216
v 0.0783156 -0.425568 0.0258343
v 0.105425 -0.325905 0.041767
v 0.170214 0.351299 0.144293
v 0.168784 0.356887 0.121995
v 0.114107 -0.475339 0.00455203
v 0.106347 -0.373789 0.0309592
v 0.130663 0.397927 0.193089
v 0.122116 -0.233151 0.0508127
v 0.00447105 0.255925 -0.358724
v -0.0812636 0.303954 -0.330794
v 0.136477 0.377551 0.133366
v 0.0716952 0.258495 -0.351397
v 0.234227 -0.0727221 0.110158
v 0.12398 -0.290392 0.033003
v -0.185336 -0.369402 -0.115011
v -0.170062 -0.286717 -0.0742015
v 0.0815701 0.376343 0.154247
v 0.10465 0.383043 0.129617
v -0.292146 0.15376 -0.119558
v -0.183389 -0.262947 -0.132732
v -0.232613 0.144562 0.161983
v -0.195932 -0.342572 -0.150292
v -0.0817665 0.226265 0.271645
v 0.0218827 0.187537 0.255117
v 0.0115875 0.240825 -0.362124
v 0.227424 0.22189 -0.243057
v -0.191447 -0.333082 -0.141814
v -0.18981 -0.348319 -0.136975
v -0.0661352 -0.147526 0.19799
v -0.179867 -0.282964 -0.117514
v 0.116222 0.397302 0.194953
v -0.0913121 0.380686 0.162797
v 0.120062 0.318748 -0.301547
v -0.166078 -0.240485 -0.0608509
v -0.164006 -0.192098 -0.0596122
v 0.17016 -0.110796 -0.103698
v 0.186364 -0.103619 -0.0884025
v 0.000441382 0.26695 -0.356099
v 0.253351 0.319462 -0.147606
v -0.180042 -0.335909 -0.101804
v 0.177363 -0.112735 -0.0911844
v 0.245331 0.341483 -0.0416417
v 0.256272 0.32152 -0.04052
v -0.127068 -0.256295 0.0267545
v 0.247439 0.343561 -0.0546485
v 0.166765 0.336777 0.215656
v 0.276642 0.221358 -0.00549684
v 0.157489 0.409845 0.316038
v 0.270471 0.234361 0.0102311
v 0.176554 0.269153 -0.282001
v 0.153184 0.451485 0.338311
v 0.270121 0.222564 0.0189749
v 0.163764 0.253592 -0.300064
v 0.158033 0.381417 0.288027
v 0.266896 0.0956978 -0.184747
v -0.013119 0.00129872 0.296963
v -0.0801892 -0.182886 0.251464
v 0.229881 0.146252 -0.253449
v 0.145224 0.376869 0.289644
v 0.247492 0.331201 -0.143339
v 0.130296 0.396551 0.299752
v 0.137014 0.385477 0.296471
v -0.0921283 0.216619 0.270437
v 0.135137 0.413919 0.311067
v 0.127226 0.409048 0.30182
v 0.00326603 -0.0233481 0.293482
v -0.0341043 -0.25169 0.217745
v 0.146265 0.448344 0.329053
v 0.211072 -0.0803147 -0.0606321
v 0.122917 0.43036 0.269951
v 0.229829 -0.0376453 -0.113847
v 0.216322 -0.0404222 -0.136319
v 0.139999 0.451083 0.31091
v 0.250278 0.333953 -0.129468
v -0.0448035 -0.248052 0.219732
v 0.246385 0.136622 0.139779
v 0.126372 0.424111 0.243269
v -0.199475 -0.419796 -0.162465
v 0.289595 0.218273 -0.131237
v -0.0466784 -0.235775 0.225964
v 0.291029 0.222627 -0.117872
v 0.135751 0.440365 0.313535
v -0.053608 -0.209801 0.234934
v -0.00478339 0.244807 -0.361225
v 0.137406 0.431413 0.248414
v 0.155579 0.410732 0.21985
v 0.0144232 -0.213967 0.237217
v 0.141285 0.437021 0.257719
v 0.168403 0.470357 0.314334
v 0.270645 -0.0188341 0.0104084
v 0.291671 0.2085 -0.121759
v 0.288182 0.238735 -0.0672378
v -0.0797524 -0.145649 0.206359
v -0.217334 0.293715 -0.227214
v -0.112422 0.253979 -0.339037
v 0.165692 0.44888 0.277635
v -0.288198 0.223505 -0.137453
v -0.0794581 0.193787 0.259945
v 0.00306584 -0.222452 0.0942158
v 0.181972 0.417413 0.269828
v 0.00440889 -0.357849 0.0475672
v 0.181885 0.404846 0.274018
v 0.0203985 -0.380723 0.0409185
v 0.263709 0.0153024 0.0840793
v 0.161463 0.345667 0.241425
v 0.0172713 0.407854 0.105453
v -0.100073 0.252164 -0.345087
v 0.00697497 -0.38252 0.0411061
v 0.173285 0.371113 0.252215
v 0.186954 0.447631 0.321245
v 0.0685213 -0.469602 0.0152221
v 0.184042 0.431561 0.309128
v 0.177093 0.473001 0.322196
v 0.0552154 -0.469568 0.0159644
v 0.05546 -0.448548 0.0208936
v 0.145549 -0.168784 0.223937
v 0.00951198 -0.4435 0.0251098
v 0.16888 0.462103 0.350505
v 0.0155813 -0.46798 0.0187785
v 0.183933 0.465384 0.345372
v 0.144048 0.065366 0.261099
v 0.287199 0.230713 -0.0542784
v -0.00706249 -0.290465 0.0660773
v 0.187039 0.455274 0.327954
v -0.155422 0.437541 0.243195
v -0.0518435 -0.245202 0.0778651
v 0.183107 0.444382 0.330646
v -0.0446063 -0.256022 0.0747996
v -0.109689 0.244462 -0.343627
v 0.183419 0.472563 0.329504
v 0.00989438 -0.425677 0.0297276
v -0.0164706 -0.253772 0.0773368
v 0.0620134 -0.285872 0.064209
v 0.0493297 -0.291802 0.0630868
v 0.050757 -0.278587 0.0671682
v 0.00246874 -0.301126 0.062953
v 0.00788301 -0.28954 0.0664959
v 0.0138551 -0.298768 0.0633732
v 0.00847069 -0.242394 0.0813986
v 0.0195095 -0.249242 0.0786736
v 0.00749037 -0.255334 0.0773927
v -0.15651 -0.311336 -0.0343667
v -0.15779 -0.335123 -0.0383584
v -0.15971 -0.32137 -0.0420134
v 0.258269 -0.0328908 0.0794805
v -0.153741 -0.459251 -0.0412379
v 0.235378 0.00207722 0.149143
v -0.160335 -0.419305 -0.0510218
v -0.214985 -0.397664 -0.238789
v -0.196192 -0.417105 -0.202449
v -0.173564 -0.403813 -0.237089
v 0.0902407 0.417513 0.0667461
v -0.0661138 -0.394559 -0.261731
v 0.0384553 -0.40268 -0.240167
v 0.262642 0.218481 0.0444054
v 0.218171 -0.403932 -0.225588
v -0.0777022 0.28987 -0.338368
v 0.103322 -0.465999 -0.0693216
v 0.225869 0.00263319 0.170547
v 0.0687689 -0.485839 -0.0217026
v 0.0792 0.418637 0.071154
v 0.0756557 -0.489882 -0.0131204
v 0.173623 0.393279 0.0329163
v -0.174286 -0.403 -0.0774263
v -0.123911 0.318649 -0.299458
v -0.177022 -0.416508 -0.0840032
v -0.127309 -0.311317 0.0151372
v -0.141102 -0.276312 -0.00110711
v -0.127756 -0.268787 0.0228384
v -0.0929357 -0.0812186 0.128727
v 0.0485673 0.100463 0.285627
v -0.0851706 -0.131258 0.246369
v 0.00137823 -0.104462 0.143919
v -0.0944777 -0.117012 0.133371
v -0.0474993 -0.115107 0.141369
v 0.0290754 0.135914 0.291799
v -0.037095 -0.11067 0.141437
v 0.279285 0.246737 -0.0327309
v -0.0721501 -0.134105 0.241618
v 0.0485664 0.10738 0.275159
v -0.101941 -0.260957 0.0555519
v 0.054174 0.0950273 0.274827
v -0.115411 -0.267462 0.0393353
v -0.0756984 0.201185 0.269001
v -0.157943 -0.30106 -0.0376661
v 0.0121864 -0.113058 0.145953
v -0.000464912 -0.117804 0.148318
v 0.0122715 0.124276 0.324438
v 0.254681 0.333781 -0.0640522
v -0.0302167 -0.143333 0.187607
v -0.0774696 -0.142115 0.156371
v -0.0308236 -0.1584 0.283425
v -0.0711812 0.287156 0.250015
v -0.0134651 -0.131651 0.160191
v -0.0708242 0.309017 0.239104
v -0.000373935 -0.0553171 0.178047
v -0.141265 0.312624 -0.291663
v -0.166601 -0.290026 -0.0612187
v -0.0385205 -0.0725822 0.149133
v 0.267011 0.266659 -0.00629434
v 0.206427 0.384948 -0.133566
v -0.0162122 -0.0741222 0.153658
v 0.179713 0.384339 0.0401203
v -0.00614717 -0.0814223 0.149485
v -0.154549 -0.254024 -0.0282336
v -0.00967442 -0.0577576 0.17389
v -0.0459424 -0.0473061 0.21336
v -0.0274487 -0.0417414 0.27355
v -0.0819822 -0.0564575 0.203181
v -0.0908234 0.298898 0.246144
v -0.26719 0.29358 -0.0568072
v -0.133603 -0.0723274 0.170466
v -0.0989564 -0.0722603 0.136015
v -0.086702 -0.0633093 0.154894
v -0.1244 0.451416 0.267866
v -0.121785 -0.0680884 0.176295
v -0.149498 -0.422383 -0.031409
v 0.267439 0.256705 0.00288077
v -0.033263 -0.0453546 0.206411
v -0.0934086 -0.0629294 0.238755
v -0.0995512 -0.0640093 0.155199
v -0.103056 0.424028 0.270552
v -0.148285 -0.30422 -0.0171724
v -0.131037 -0.433753 -0.00896216
v 0.182971 0.38731 0.0298455
v -0.143177 0.384947 0.109627
v -0.153947 -0.115762 0.232981
v -0.0919448 0.40257 0.258345
v -0.135636 -0.0800972 0.130797
v 0.180794 0.397695 -0.160221
v -0.115648 -0.176719 0.236007
v -0.121545 -0.16403 0.23856
v -0.218783 0.300802 0.133317
v -0.142906 -0.191746 0.205856
v -0.132359 -0.190286 0.214948
v 0.266624 0.291838 -0.0319983
v -0.250298 0.279329 0.0414099
v -0.157297 -0.0957331 0.166803
v -0.14743 -0.156769 0.222493
v 0.261367 0.289475 -0.0119582
v 0.269863 0.282518 -0.0334498
v -0.130434 0.230115 0.255254
v 0.207633 0.379176 -0.14616
v -0.264884 0.272454 -0.00888522
v -0.153563 -0.090791 0.1469
v -0.25443 0.258652 0.0504791
v -0.124484 -0.0969363 0.12427
v 0.0263915 -0.221058 -0.266899
v -0.0318676 -0.0176942 0.285015
v 0.157408 0.39584 0.0496926
v 0.248985 0.320526 -0.015961
v 0.139959 0.397591 0.0650819
v 0.109507 -0.0622942 0.155818
v -0.148397 -0.11181 0.179497
v -0.153119 -0.101924 0.184073
v 0.130589 -0.0653089 0.184108
v -0.140576 -0.118394 0.185706
v 0.0347548 -0.0420116 0.227197
v 0.0472223 -0.0448856 0.23092
v -0.233563 0.299749 0.0812646
v 0.0630793 -0.0490332 0.196755
v -0.249913 0.287434 0.0314597
v 0.0994466 -0.0566508 0.189137
v 0.0808785 -0.054677 0.241176
v -0.128616 0.289232 -0.313536
v -0.141468 -0.110705 0.143335
v -0.206823 0.359495 -0.16892
v -0.131541 -0.12123 0.201871
v -0.224433 0.336481 -0.17017
v -0.0761194 0.447668 -0.00904685
v 0.151827 0.392497 0.0614613
v -0.104772 -0.140644 0.157612
v -0.11419 -0.138504 0.16408
v -0.122797 -0.133208 0.18674
v -0.146298 -0.113216 0.155975
v 0.278785 0.260043 -0.150547
v 0.0132319 -0.0316971 0.29036
v 0.0942504 -0.140244 0.222033
v -0.227237 0.352701 -0.127941
v -0.0933321 -0.143117 0.157441
v -0.245882 0.328826 -0.128272
v -0.0560085 -0.390236 0.0360425
v -0.228659 0.317894 0.0653039
v 0.103603 0.1702 -0.3592
v -0.234945 0.34062 -0.0278557
v -0.241119 0.325273 -0.0131034
v -0.0719129 -0.147293 0.171031
v 0.265202 0.2962 -0.150462
v 0.270813 0.283682 -0.151259
v -0.233893 0.323269 0.0262285
v 0.0883563 0.095914 0.237286
v 0.17437 0.0391363 0.258624
v -0.254824 0.318003 -0.0580248
v -0.0634816 -0.460096 0.0177787
v -0.0615336 -0.485097 0.0107275
v -0.012476 0.176557 0.258277
v -0.0903976 0.290991 -0.333025
v -0.169685 0.393691 0.0267466
v 0.00562149 -0.134259 0.245656
v -0.0388303 0.346444 -0.321685
v -0.0511409 -0.143526 0.215901
v -0.0250119 -0.141967 0.219827
v -0.0116228 -0.142332 0.216221
v -0.0447514 -0.36891 0.0421613
v -0.0180483 -0.141013 0.182735
v 0.184792 0.383393 -0.182055
v -0.0310314 0.17399 0.243362
v -0.240943 0.341719 -0.0613798
v -0.013403 -0.341433 0.0513023
v 0.267825 -0.00894169 0.0588397
v 0.0327629 -0.127706 0.154096
v -0.0485999 0.337442 -0.324403
v 0.0148267 -0.140992 0.186394
v -0.00648897 -0.139352 0.178433
v 0.075955 0.0279717 0.303328
v -0.000561894 -0.445589 0.0247785
v -0.013666 -0.427551 0.0290252
v -0.00206132 -0.426376 0.0297692
v 0.0068922 -0.0774243 0.153051
v 0.221704 0.364564 -0.144204
v -0.0626481 -0.311949 0.0560919
v -0.251018 0.244841 -0.207563
v 0.000532596 -0.0409084 0.212112
v -0.012858 -0.0398613 0.274388
v -0.0609811 -0.325981 0.0524312
v -0.0653793 -0.266886 0.069933
v -0.0511839 -0.268889 0.0703345
v 0.094605 0.378337 0.153432
v -0.0607201 -0.276265 0.0674968
v -0.0108753 -0.304324 0.0615212
v -0.0240321 -0.307884 0.0595628
v -0.00111501 0.179583 0.258701
v 0.194266 0.372255 -0.185716
v -0.0210489 -0.295435 0.0636336
v -0.0994062 -0.34606 0.0361058
v -0.0475217 0.0294113 0.284387
v 0.105249 0.384662 0.175643
v -0.103427 -0.436273 0.0142836
v -0.0992992 -0.139602 0.260593
v 0.0423597 0.276211 -0.351527
v -0.143627 -0.106107 0.203043
v -0.0653679 -0.0526274 0.254325
v 0.0325216 -0.0474109 0.192533
v -0.120576 0.437158 -0.0378788
v 0.0303823 -0.0654744 0.162203
v 0.133766 0.4056 0.0568191
v 0.0475681 -0.100585 0.140067
v -0.102739 0.441762 -0.025605
v 0.259246 0.313817 -0.140068
v -0.139538 0.431505 -0.083004
v -0.0618796 -0.131375 0.251063
v 0.287137 0.245136 -0.1287
v 0.0843031 -0.0481824 0.261737
v 0.0647583 -0.142015 0.221101
v -0.0511971 0.348456 -0.316717
v 0.287605 0.252395 -0.11637
v -0.114246 0.443066 -0.0795697
v 0.245809 0.325945 -0.156681
v -0.102874 0.385178 0.137409
v 0.0444852 -0.126031 0.267705
v 0.047332 -0.129309 0.257823
v 0.199516 0.36068 -0.193999
v -0.0728163 -0.422893 -0.186266
v 0.0108735 -0.123535 0.279604
v -0.204228 0.23093 0.183847
v 0.0133636 -0.128655 0.288872
v 0.275936 0.285147 -0.128785
v 0.0136977 -0.137796 0.291551
v -0.20716 0.378631 -0.116571
v -0.0386973 -0.145494 0.285548
v -0.0220835 -0.0428371 0.212935
v -0.0449663 -0.133726 0.281649
v -0.0572748 -0.134303 0.276696
v -0.0591168 0.454232 -0.155559
v 0.0853504 -0.472858 -0.052427
v 0.0689719 0.0301047 0.308262
v -0.0887533 0.441329 -0.170796
v 0.0304352 -0.142923 0.211534
v 0.0297543 -0.142869 0.194726
v 0.0679923 0.0301791 0.299072
v -0.270595 0.0382838 -0.0742517
v -0.0484719 -0.398745 -0.250616
v 0.0575919 0.430685 -0.228277
v 0.264467 0.315169 -0.116934
v 0.0626975 0.0297902 0.314122
v 0.0694015 -0.146755 0.196469
v -0.00416528 -0.136345 0.239289
v 0.270215 0.305383 -0.110866
v 0.055813 0.458033 -0.143787
v 0.0432598 -0.143174 0.185961
v 0.0849787 -0.137566 0.152194
v 0.192197 -0.128839 -0.0281779
v 0.0643423 -0.141016 0.163536
v 0.150876 0.404015 0.0416129
v -0.0473456 -0.134307 0.243082
v -0.0323697 -0.137712 0.233849
v -0.0336856 -0.131509 0.250605
v 0.042536 0.464073 -0.121718
v -0.0713095 0.263358 0.261185
v 0.121405 -0.101919 0.125238
v -0.0240506 0.311646 -0.341699
v 0.0464683 -0.112996 0.143143
v 0.0248066 -0.109025 0.143818
v -0.0662577 0.415046 -0.247826
v -0.0911908 -0.139216 0.220386
v 0.268311 0.304759 -0.123662
v -0.123023 -0.0678679 0.161602
v 0.132398 -0.0992262 0.124822
v -0.253375 0.314401 -0.0415631
v 0.135922 -0.0860079 0.124002
v -0.0962386 -0.0635526 0.226465
v 0.0653382 0.358896 -0.303541
v 0.108427 0.393288 -0.249729
v 0.0151206 -0.09961 0.143607
v 0.0588518 -0.0939117 0.137831
v -0.118868 0.298917 -0.314548
v 0.0928563 0.387175 -0.265677
v 0.0755086 -0.0733058 0.141069
v 0.0593135 -0.0783961 0.142087
v 0.103389 0.437588 -0.176563
v 0.02005 -0.0847868 0.14753
v -0.000134658 0.467915 -0.123571
v -0.0917915 0.372188 -0.278871
v -0.0673656 0.351939 0.225802
v 0.0251835 -0.0399521 0.236344
v 0.0117449 -0.0398195 0.21826
v 0.0571132 -0.132469 0.153707
v -0.0929364 -0.0672699 0.145203
v 0.158071 0.350383 -0.251624
v 0.048215 -0.0484718 0.191757
v -0.00313311 -0.0378151 0.283788
v 0.0268121 -0.040836 0.271837
v -0.10677 -0.0682399 0.223247
v -0.130883 -0.0729917 0.182397
v -0.133283 -0.0769918 0.193624
v -0.0332878 -0.0440977 0.233326
v -0.0744603 -0.0547588 0.214725
v -0.0780294 0.276476 0.255536
v -0.111642 -0.0679551 0.242832
v -0.0338164 -0.0361135 0.281618
v -0.0600788 0.241703 0.269963
v -0.0363856 -0.0454788 0.263829
v -0.0736931 -0.0960164 0.130525
v 0.292356 0.22058 -0.0899831
v 0.173699 0.410824 -0.13739
v 0.00732389 -0.493702 0.00161215
v -0.121317 -0.0747246 0.239953
v 0.156841 0.424308 0.239033
v 0.0706429 -0.492983 -0.00285908
v -0.08143 -0.0453086 0.261212
v -0.0144451 -0.492364 -0.00737931
v -0.0358457 -0.482385 -0.0292838
v 0.130342 0.389836 -0.236884
v -0.0239208 0.0175477 0.300807
v 0.0741155 -0.481876 -0.0306631
v 0.0434806 -0.472934 -0.0522603
v 0.292904 0.210719 -0.104892
v 0.121765 -0.451612 -0.106547
v 0.0714647 -0.449245 -0.113082
v 0.0729299 -0.42706 -0.173191
v -0.0480335 0.0112214 0.273721
v -0.0531948 0.0239203 0.275771
v -0.0369614 0.0244737 0.286753
v 0.159006 0.424082 -0.119326
v 0.0627954 -0.424567 -0.180601
v 0.0357487 -0.416103 -0.204343
v 0.0568765 -0.405995 -0.231285
v -0.0300015 -0.415535 -0.205895
v 0.158668 0.418508 0.323886
v -0.0515799 -0.41164 -0.21626
v -0.107125 -0.410132 -0.220287
v 0.219549 0.250223 -0.243699
v -0.0591656 0.0286906 0.283647
v 0.148758 0.421766 -0.15619
v -0.0690614 0.0184753 0.274007
v -0.161114 -0.421906 -0.188766
v -0.183214 -0.424941 -0.18146
v -0.206897 -0.41791 -0.195526
v -0.0745287 -0.173012 0.260938
v -0.0567907 -0.155616 0.277369
v 0.223735 0.333921 -0.188126
v -0.064073 0.276064 0.254933
v -0.00454776 -0.130379 0.254432
v -0.115272 -0.130875 0.252105
v 0.0759344 -0.0526034 0.254551
v -0.195521 -0.423573 -0.150355
v 0.177958 0.379807 0.242324
v 0.17713 0.388762 0.231924
v -0.126638 -0.0838471 0.235994
v 0.176915 0.418755 0.256274
v 0.149463 0.43267 0.248576
v 0.12734 -0.0700545 0.21782
v -0.0777543 0.29814 0.245311
v 0.106706 0.395336 0.273064
v 0.26371 0.185342 -0.199727
v 0.108114 0.38196 0.273963
v 0.119457 0.402187 0.291021
v 0.113105 -0.064597 0.232092
v 0.0720483 -0.0871452 0.135253
v 0.121109 0.444039 -0.096939
v 0.156741 0.25659 0.232426
v 0.255016 0.16869 -0.215158
v 0.168694 0.269531 0.216796
v -0.129514 -0.100679 0.235316
v 0.184786 0.274399 0.19346
v 0.283089 0.273017 -0.105176
v 0.181821 0.304277 0.180708
v 0.206572 0.239797 0.174668
v 0.167361 -0.283302 -0.0418238
v -0.118995 0.437676 -0.129582
v -0.122359 -0.456913 -0.00392664
v 0.243826 0.207233 -0.22609
v -0.113727 -0.364713 0.0212567
v 0.21339 0.2176 0.171104
v 0.184864 0.329455 0.138777
v -0.0146233 -0.317147 0.0575688
v -0.0533297 0.0988909 0.253388
v -0.0130288 -0.4461 0.0242507
v 0.250029 -0.0130365 -0.0634381
v -0.0777926 -0.460556 0.0166324
v -0.174696 0.451326 0.304642
v -0.0777069 -0.243996 0.0745121
v 0.114575 0.437931 -0.157192
v -0.0960218 -0.220559 0.21913
v 0.0392864 -0.0437428 0.251138
v 0.284204 0.266202 -0.116924
v -0.0548282 -0.254959 0.213649
v 0.0461456 -0.0458552 0.26047
v -0.104699 -0.161244 0.252164
v 0.103107 0.416244 0.0605589
v 0.211561 0.35102 0.0354363
v 0.205427 0.362431 0.0308832
v -0.037673 -0.169738 0.273091
v -0.0692958 0.221456 0.273404
v 0.147633 -0.109351 0.215066
v 0.189321 0.357935 0.0638525
v 0.281295 0.0808754 -0.036463
v 0.0321333 -0.130435 0.285945
v 0.0634392 0.293933 0.242839
v -0.048452 -0.139348 0.228969
v 0.0427101 -0.132169 0.284479
v 0.095257 -0.130069 0.257242
v -0.0711064 0.234753 0.271293
v 0.242925 0.199688 0.114288
v 0.112714 -0.137734 0.259831
v 0.243192 0.223103 0.0980641
v 0.253254 0.176454 0.0977351
v 0.231705 0.272586 0.0848865
v 0.22007 0.28661 0.101056
v 0.293771 0.193527 -0.0991675
v 0.112292 -0.132486 0.229901
v 0.278914 0.0754526 -0.0142649
v 0.108068 0.0844648 0.2415
v 0.0826947 -0.14693 0.198681
v 0.293709 0.178268 -0.0947461
v 0.0780218 -0.143168 0.162539
v 0.241874 0.279082 0.0526871
v 0.290405 0.151914 -0.128748
v 0.104903 -0.145635 0.197221
v 0.293856 0.182126 -0.109154
v 0.291125 0.174742 -0.130595
v 0.125673 -0.140767 0.169681
v 0.120977 -0.143697 0.182186
v 0.152385 -0.0864932 0.209407
v 0.277754 0.058728 -0.0633479
v 0.0855774 -0.131074 0.249565
v 0.108187 -0.137826 0.220532
v 0.213891 0.372002 -0.00701358
v 0.116107 -0.13988 0.206273
v 0.11934 -0.126358 0.234765
v -0.0346697 0.307116 -0.342129
v 0.14396 -0.121554 0.203946
v 0.131073 -0.131274 0.206086
v 0.288806 0.247666 -0.0878798
v 0.0979189 0.450452 -0.109765
v 0.145947 -0.114753 0.141564
v 0.272438 0.0108813 0.00359291
v 0.102655 -0.130587 0.143312
v 0.280374 0.0681262 -0.0947343
v 0.0964991 0.432367 0.024775
v 0.287466 0.250048 -0.0759949
v -0.271196 0.038098 -0.0849825
v -0.140308 0.243354 -0.325603
v 0.0345561 0.468081 -0.0778213
v 0.094719 0.452193 -0.0460342
v -0.0347139 0.467325 -0.0852178
v 0.031452 0.409745 0.10119
v 0.261309 0.0377761 0.101184
v 0.152828 0.439574 0.335025
v 0.289428 0.240202 -0.0798429
v -0.0242818 0.406704 0.106006
v 0.274055 0.0356083 0.0226331
v 0.158652 0.051135 0.262629
v -0.0262818 0.385168 0.138967
v 0.164393 -0.100155 0.195006
v -0.0457218 0.414976 0.089992
v 0.276121 0.0858063 0.0157826
v 0.206651 0.348149 0.0481889
v 0.0567236 0.390567 0.124663
v -0.0141824 0.469805 -0.0971589
v 0.169415 -0.100581 0.181847
v 0.269845 0.0701885 0.0604364
v 0.243529 0.10254 0.160385
v 0.143353 -0.0680004 0.150453
v 0.156567 -0.072927 0.150766
v 0.235854 0.138856 0.166394
v 0.283322 0.270686 -0.0823826
v -0.028599 0.468333 -0.0731158
v 0.256116 0.105183 0.117122
v 0.269142 0.0262061 0.0605092
v 0.00298859 0.47038 -0.0597763
v 0.265122 0.148431 0.0719504
v -0.0878387 0.401128 0.24634
v 0.145932 -0.0959169 0.127039
v 0.273406 0.178853 0.0282123
v 0.275399 0.185393 0.0173101
v 0.282983 0.111871 -0.0250625
v 0.127315 -0.0695068 0.137356
v 0.130918 -0.0659899 0.148968
v -0.0167037 -0.273172 0.0711522
v 0.102493 -0.0604066 0.229387
v 0.037691 -0.042727 0.240041
v 0.106299 -0.0584003 0.178226
v 0.280156 0.12582 -0.00218879
v 0.113638 -0.0635785 0.218836
v 0.100538 -0.0758878 0.132902
v 0.051337 -0.0537036 0.177054
v 0.28729 0.174985 -0.0432178
v 0.127082 -0.0633887 0.171127
v 0.261912 0.0960601 0.0971573
v -0.0224156 0.332514 -0.332896
v -0.191471 -0.0576601 0.184446
v 0.129378 0.44033 -0.0528507
v 0.162403 0.413841 0.229851
v -0.0369121 0.466811 -0.0625913
v 0.245775 0.318985 -0.00436561
v 0.265906 0.286065 -0.0235759
v 0.27154 0.254074 -0.00967187
v 0.00873285 0.172565 0.265743
v -0.0288842 0.00492962 0.286118
v -0.0113814 -0.00875761 0.292962
v -0.0616542 -0.0109432 0.267438
v 0.229735 0.0861076 0.206004
v -0.0933365 0.449459 -0.0469688
v -0.0720307 -0.0150799 0.262351
v 0.240474 0.0224176 0.16033
v 0.0316144 0.462556 -0.0188404
v -0.100687 -0.0523022 0.252298
v 0.286464 0.258806 -0.0846239
v -0.0321606 0.286033 0.24346
v -0.105523 -0.0294932 0.247274
v 0.273838 0.221753 0.00539298
v -0.0414954 0.265123 0.257313
v -0.130411 0.246494 -0.331436
v 0.169035 0.395884 -0.183285
v 0.17241 0.382926 -0.200891
v -0.0470099 0.307156 0.233576
v -0.0671831 0.363913 0.217036
v 0.118086 0.438787 -0.142624
v -0.0623319 0.451973 -0.00990295
v 0.010857 0.448811 0.0301371
v -0.0324018 0.321021 -0.336634
v -0.123358 0.255136 -0.33274
v -0.00480213 0.466878 -0.0335291
v -0.00381988 0.445941 0.0374323
v -0.202739 0.341295 0.109975
v 0.0887427 0.455649 -0.0667267
v -0.196671 0.342696 0.131997
v -0.106563 0.41777 0.0469718
v -0.0758878 0.426293 0.0501219
v -0.0521331 0.460146 -0.0324652
v -0.0702067 0.423484 0.0614558
v -0.176233 0.384138 0.0446013
v -0.112276 -0.000293623 0.235768
v -0.204348 0.349077 0.0735651
v -0.195275 0.375409 0.020436
v -0.204487 0.358833 0.0434062
v 0.167645 -0.170993 -0.0893969
v -0.200694 0.349321 0.0882431
v -0.0206007 0.464439 -0.0260312
v -0.0101017 0.46023 -0.00488511
v 0.260993 0.32522 -0.0947518
v -0.116803 0.0135596 0.234428
v -0.0816449 -0.011793 0.256376
v 0.135441 -0.437319 -0.00546748
v -0.11967 -0.0112769 0.235418
v -0.197371 0.380232 -0.00275866
v 0.17063 0.0301287 0.253407
v 0.0224805 0.460435 -0.00683834
v -0.130741 -0.0596262 0.242204
v 0.102276 -0.135143 0.26329
v 0.245996 0.0313888 0.15282
v 0.244017 0.0197984 0.14814
v -0.158485 -0.10533 0.231355
v 0.24732 0.0415268 0.155324
v 0.264888 0.0721711 0.0861404
v 0.261938 0.0728521 0.0991988
v -0.202049 0.367152 0.0254372
v 0.275663 0.0630202 0.0149657
v 0.0635464 0.453583 -0.00684124
v -0.150976 -0.141835 0.227212
v -0.13844 0.405871 0.0450083
v 0.0411707 -0.155752 0.283885
v -0.134977 -0.103483 0.239708
v 0.27429 0.0268788 0.0158685
v 0.255542 0.034044 0.123091
v -0.155067 -0.127835 0.229387
v 0.271026 0.0363563 -0.0812296
v -0.180424 0.375103 0.064198
v 0.0746376 0.457881 -0.0404976
v -0.101182 -0.238205 0.20388
v 0.267129 0.314056 -0.0931129
v -0.106213 -0.248277 0.0546123
v -0.0634015 0.421083 0.0713952
v -0.143908 -0.443386 -0.0259222
v -0.0682435 0.432389 0.040618
v -0.131074 -0.358664 0.00302376
v -0.117985 -0.321488 0.0244605
v 0.0780373 0.458852 -0.0652389
v -0.155239 -0.427224 -0.0418376
v -0.12947 -0.476699 -0.0170137
v -0.0870393 0.451822 -0.115636
v -0.218931 0.11053 0.210865
v 0.215042 0.196997 0.172318
v -0.183987 -0.402107 -0.103808
v -0.1132 -0.297363 0.0349451
v -0.081403 -0.202983 0.235317
v -0.145847 -0.264641 -0.00882951
v -0.262227 0.0162805 -0.0774003
v 0.0609007 -0.299385 0.0602155
v -0.0869152 -0.191532 0.242204
v 0.14627 0.342521 0.254838
v 0.16566 0.0171729 0.245856
v 0.0200245 -0.359781 0.0464301
v 0.0662811 -0.490396 0.00664552
v 0.27877 0.0618942 -0.0835919
v 0.278661 0.0626708 -0.0509093
v 0.291516 0.198676 -0.0715685
v -0.0310064 0.0688738 0.347286
v -0.271606 0.0393567 -0.116225
v -0.154389 0.284288 -0.296452
v 0.291426 0.146541 -0.115203
v 0.286501 0.116562 -0.053962
v 0.247031 -0.0177062 -0.0765568
v -0.0500263 -0.191483 0.24593
v -0.099251 -0.217732 0.0733318
v 0.0966098 0.447342 -0.0189711
v 0.260023 0.177415 -0.206362
v 0.253206 0.181946 -0.216542
v 0.00903094 -0.229107 0.0867729
v -0.039271 -0.188213 0.248879
v -0.0898105 -0.212588 0.0921166
v -0.131991 -0.195482 0.0684074
v -0.0664043 -0.183343 0.254552
v -0.113129 -0.209606 0.21624
v 0.230768 0.025057 0.188894
v 0.0466028 0.344071 -0.320642
v 0.213699 0.263757 -0.244835
v 0.204062 0.266484 -0.254563
v 0.147127 0.350471 0.262596
v -0.162947 0.280464 -0.290407
v 0.128633 0.380189 -0.248361
v -0.0646417 -0.270831 0.178111
v 0.0410841 -0.246236 0.222054
v -0.100812 -0.264036 0.144318
v 0.150876 0.360458 -0.249188
v -0.0565781 0.445115 0.0151212
v -0.0837046 -0.263463 0.185266
v 0.00690357 0.132585 0.315698
v 0.014568 0.0635715 0.372083
v -0.0651185 -0.260392 0.205286
v -0.051267 -0.264428 0.203606
v 0.291897 0.185029 -0.0730481
v -0.0242179 0.46427 -0.135165
v -0.0130738 -0.256513 0.214375
v -0.000150104 0.463438 -0.152464
v 0.0848793 -0.241525 0.217715
v 0.00445669 -0.203313 0.241289
v 0.00536094 -0.247282 0.221923
v 0.0350373 0.0689472 0.355264
v 0.00878838 -0.257631 0.213932
v -0.0325308 0.0179849 0.323901
v -0.0498635 -0.222661 0.230667
v 0.0815572 0.441795 -0.184872
v -0.0417149 -0.21377 0.234347
v 0.0895385 0.429394 -0.210016
v -0.105675 -0.217284 0.215598
v -0.09797 -0.188021 0.240121
v -0.123508 -0.211331 0.2083
v -0.0287657 -0.210213 0.236708
v -0.0517546 -0.183203 0.255413
v -0.0261477 -0.183687 0.253093
v -0.141732 0.424581 -0.137086
v -0.0862751 0.435156 0.0193044
v 0.0254515 -0.226506 0.231901
v 0.0402938 -0.233988 0.228124
v 0.0832314 0.395695 -0.261903
v 0.0146245 -0.238386 0.22705
v -0.0667742 0.422325 -0.236539
v -0.0267779 0.459885 -0.161737
v 0.119991 -0.129891 0.254702
v 0.0558001 0.461256 -0.120055
v -0.00052133 -0.216343 0.236335
v 0.117804 -0.125336 0.246336
v -0.00943659 -0.233676 0.229131
v -0.061489 -0.140806 0.224398
v -0.0788654 0.446233 -0.16327
v 0.134306 -0.114191 0.237849
v -0.0311681 0.447298 0.0261111
v 0.160193 -0.0879106 0.199069
v 0.0631466 -0.244915 0.220791
v 0.155774 -0.111266 0.20053
v -0.215574 0.370016 -0.115871
v 0.0520582 -0.251196 0.217951
v 0.013535 0.45295 0.0181618
v -0.0915744 0.447595 -0.032232
v 0.198758 -0.116842 -0.0311457
v 0.149692 -0.0952591 0.217726
v 0.0322637 0.0805004 0.350211
v -0.159484 0.398358 0.0329016
v 0.0245402 0.132741 0.303011
v 0.14398 -0.0779704 0.209168
v 0.0139213 0.137918 0.306572
v -0.248309 0.311822 -0.0120292
v -0.235013 0.336515 -0.015988
v 0.23659 0.362607 -0.0702597
v 0.134513 -0.0713824 0.20815
v 0.117784 0.144826 0.183544
v 0.0148755 0.150823 0.290554
v -0.0892061 0.443453 -0.0104927
v -0.21634 0.348787 -0.166612
v -0.246604 0.289919 0.0416115
v -0.257465 0.23471 0.0575839
v -0.254699 0.274884 0.0294012
v -0.254625 0.266669 0.0403528
v -0.259241 0.271006 0.0161165
v -0.217988 0.321197 0.10224
v -0.216826 0.311985 0.123956
v 0.276387 0.286246 -0.066625
v 0.265747 0.3101 -0.0589617
v 0.0261203 0.465784 -0.0309246
v 0.268406 0.308165 -0.0725744
v 0.0600095 0.0308465 0.304799
v 0.262268 0.320328 -0.0686083
v 0.0431735 0.106866 0.29459
v 0.23345 0.0124856 0.166205
v 0.281098 0.155288 -0.00430087
v -0.0752196 -0.263033 0.195746
v 0.266739 -0.0202856 -0.00304071
v 0.202815 -0.0338057 0.186141
v 0.127543 0.433206 -0.152908
v 0.0753311 0.0266263 0.294047
v -0.203686 -0.031023 0.167878
v 0.0176226 0.114162 0.332395
v -0.0780413 -0.254299 0.206326
v 0.169901 0.389592 0.284798
v 0.183894 0.390015 -0.170977
v 0.28874 0.231481 -0.129326
v 0.0321182 0.468456 -0.064673
v 0.159815 0.332629 -0.264045
v 0.142731 0.293856 -0.301083
v 0.275718 0.250458 -0.0222297
v 0.160799 0.266942 -0.297462
v 0.283115 0.236221 -0.0402253
v 0.262991 0.268076 0.00651535
v -0.0771031 -0.267801 0.17431
v -0.0961748 -0.264065 0.157711
v 0.106031 0.32623 -0.304613
v 0.261656 0.299002 -0.0239218
v -0.275757 0.050714 -0.112809
v 0.218844 0.226647 -0.252068
v 0.293265 0.19607 -0.114275
v 0.120768 -0.0627047 0.193081
v 0.279058 0.149768 0.00825256
v 0.028238 0.245013 -0.36058
v 0.0762893 0.220145 -0.35909
v 0.28916 0.175507 -0.0546374
v 0.0532199 0.462919 -0.0390518
v 0.283524 0.190699 -0.0219445
v -0.06685 0.288894 -0.342252
v -0.0666749 0.460049 -0.077917
v 0.28459 0.12544 -0.0310556
v -0.021293 -0.0161299 0.289277
v 0.281969 0.134938 -0.011893
v 0.0429147 0.127755 0.266107
v 0.0428052 -0.0670846 0.156852
v -0.273798 0.0488208 -0.125392
v -0.00931392 -0.0204188 0.292728
v -0.153326 0.383529 -0.217111
v -0.094304 0.35144 -0.293754
v -0.0668977 0.42943 -0.224507
v 0.0365099 0.206123 -0.367735
v -0.0169273 0.00911265 0.304257
v -0.284003 0.193481 -0.0360308
v -0.0328667 0.0253811 0.315175
v -0.278417 0.23318 -0.027182
v -0.0432272 0.029226 0.315277
v -0.279166 0.138282 -0.0165765
v -0.275581 0.108027 -0.00478095
v 0.270971 0.173695 0.0400274
v -0.0541767 0.0315302 0.294522
v -0.0486012 0.0316573 0.305554
v -0.277063 0.212557 -0.00773237
v -0.110734 0.0326772 0.242514
v 0.276467 0.171775 0.0177172
v -0.0772331 0.0150339 0.271416
v -0.254127 0.297261 -0.00488159
v 0.180993 -0.403111 -0.0762253
v -0.266536 0.0775212 0.0421002
v 0.277288 0.195417 0.00507562
v -0.265765 0.0624712 0.0420729
v -0.259621 0.0794334 0.0806677
v -0.258139 0.0882575 0.0876686
v -0.257182 0.0786558 0.0910549
v -0.258149 0.167646 0.0807906
v -0.237824 0.216302 0.129973
v 0.167941 0.00237542 0.237797
v -0.0946656 -0.229809 0.0708751
v 0.162217 0.23031 0.234931
v -0.250492 0.2053 0.0932457
v 0.0483419 0.115711 0.264872
v -0.0907567 0.0748703 0.249365
v -0.216515 0.256897 0.163739
v -0.151561 0.269751 0.232983
v -0.163944 0.284512 0.219965
v -0.142474 0.416558 0.212714
v -0.135221 0.00128146 0.235853
v 0.0339656 0.443429 0.0378854
v -0.0167802 0.391242 0.128651
v 0.169595 -0.230785 -0.0480727
v -0.168663 0.441218 0.263143
v -0.12993 0.416343 0.2095
v 0.280921 0.11182 -0.0103522
v 0.261859 0.148349 0.0839844
v -0.115798 0.412995 0.207892
v -0.150399 0.397749 0.288203
v -0.164868 -0.056782 0.227833
v -0.17046 -0.045832 0.221667
v -0.0153638 0.450005 0.0242092
v -0.105184 -0.225447 0.063427
v -0.166613 -0.0322451 0.225604
v 0.262237 0.159373 0.078152
v 0.180197 0.331976 0.151275
v -0.182207 -0.104437 0.198809
v 0.272613 0.189551 0.0271395
v -0.170016 -0.103544 0.221419
v -0.166104 -0.127793 0.220333
v 0.259151 0.096607 0.107851
v -0.179136 0.345814 0.174507
v -0.168376 -0.21212 0.162196
v -0.164051 -0.191962 0.186753
v -0.0312632 -0.144048 0.211103
v -0.143728 -0.227477 0.181482
v -0.0566787 0.461917 -0.107534
v 0.073308 0.442409 0.0186282
v 0.248257 0.0811328 0.151009
v 0.227295 -0.0235725 0.144845
v -0.285146 0.165319 -0.160954
v -0.14688 -0.242098 0.147719
v -0.110643 -0.241833 0.193806
v -0.254176 0.253314 -0.199497
v -0.27498 0.151038 0.0126474
v 0.213588 -0.0432905 0.160869
v 0.238015 -0.104002 0.0996319
v -0.133925 -0.250828 0.149881
v -0.127912 -0.251735 0.16201
v -0.122085 -0.251386 0.171324
v 0.231112 -0.0832469 0.114056
v 0.241712 0.151584 0.144933
v 0.256007 -0.0747035 0.06772
v -0.0308926 -0.144558 0.200583
v 0.274286 0.165831 0.0295142
v -0.03369 -0.233506 0.0829544
v 0.184398 -0.0279681 -0.190168
v 0.12193 -0.00897294 -0.26104
v -0.138291 -0.191 0.0406832
v 0.175094 -0.0502371 -0.171843
v 0.22629 0.0391449 -0.214955
v 0.207708 0.0325149 -0.230518
v -0.164609 -0.165557 -0.0161289
v -0.0809335 0.396261 0.112419
v 0.165524 0.00477694 -0.240995
v -0.0105939 -0.229247 0.0860819
v -0.139987 -0.201492 0.0215714
v 0.160962 0.367483 0.26943
v -0.140599 -0.212827 0.0162199
v -0.144825 -0.251512 -0.00390675
v 0.215655 0.143975 -0.2705
v 0.170749 0.174436 -0.314531
v 0.145023 0.214713 -0.328762
v -0.144066 -0.203327 0.0118341
v -0.101787 0.395367 0.107642
v 0.182458 0.438694 0.288535
v 0.00528323 0.374511 0.156708
v -0.190607 -0.386188 -0.132712
v -0.164549 -0.21949 -0.0542465
v -0.163816 -0.180525 -0.0613858
v -0.167729 -0.250442 -0.0703771
v -0.146434 0.222256 0.244964
v 0.0650525 0.384517 0.134385
v -0.191715 -0.376623 -0.139669
v -0.0355869 0.41075 0.0990205
v 0.197841 0.173245 -0.286044
v -0.161802 0.137838 0.221885
v 0.154965 -0.47205 -0.0471558
v 0.120806 -0.486688 -0.0165061
v -0.00760902 -0.222075 0.0929358
v 0.10764 -0.286795 0.0495963
v -0.0406058 -0.224604 0.0871454
v -0.121626 -0.206644 0.0539539
v 0.106848 -0.224561 0.0697662
v 0.0982241 -0.279469 0.0579989
v -0.110867 -0.210589 0.0664876
v 0.112762 -0.452838 0.00978809
v -0.121922 -0.199766 0.0665048
v 0.205975 0.21383 0.18295
v 0.0634101 0.109934 0.242502
v 0.0934758 -0.444417 0.0191557
v -0.0911731 0.221729 -0.355539
v -0.0604296 0.214271 -0.363586
v -0.162134 0.312987 -0.273538
v 0.062959 -0.218923 0.100944
v -0.180013 0.301447 -0.263847
v -0.0979334 0.401025 0.0954669
v -0.188007 0.262912 -0.274758
v -0.131964 0.320811 -0.292716
v -0.175733 0.27511 -0.281039
v -0.0807567 0.411249 0.0826789
v 0.0617424 -0.234854 0.0813403
v -0.100165 -0.209883 0.0899838
v -0.0986999 -0.228611 0.105419
v -0.121137 -0.208665 0.0881879
v 0.0359506 0.19195 -0.370145
v -0.132055 -0.216848 0.0933378
v 0.0225233 -0.403537 0.0348024
v -0.0533862 -0.258201 0.115443
v -0.0926575 -0.238401 0.108932
v -0.0393339 -0.250109 0.111318
v -0.212645 0.257047 -0.250176
v -0.179453 -0.214011 0.10998
v 0.0182988 -0.13681 0.171133
v 0.0621887 0.100215 0.252392
v -0.163774 -0.214689 0.0934016
v -0.216539 0.280227 -0.235321
v -0.0718493 -0.268175 0.127482
v -0.0294067 -0.270622 0.123089
v 0.0438223 -0.448451 0.0216415
v -0.232196 0.314372 -0.187372
v 0.0194654 -0.445787 0.0239142
v -0.162588 -0.222614 0.103921
v -0.113818 -0.260459 0.141721
v -0.00968566 -0.279545 0.0695454
v -0.0373825 -0.266954 0.202046
v -0.029584 0.425588 0.0770164
v 0.011127 -0.268231 0.202156
v 0.0476153 -0.273431 0.18895
v -0.030988 -0.254781 0.0760315
v 0.00183471 -0.279354 0.178813
v -0.249138 0.17377 -0.226725
v -0.264407 0.174728 -0.202713
v -0.0135673 -0.264588 0.0741214
v 0.0363053 -0.27866 0.141131
v 0.0379616 -0.284015 0.0662811
v -0.180937 0.391005 0.00934099
v 0.0195794 -0.263596 0.0741414
v -0.0153374 -0.279986 0.147562
v -0.159422 -0.359887 -0.043595
v -0.0518438 -0.274265 0.161066
v -0.2163 0.355734 0.0103301
v 0.146129 0.418731 0.320549
v 0.221133 0.219559 0.15719
v 0.0548314 -0.275112 0.177988
v 0.0761868 -0.259257 0.205669
v -0.267363 0.0284484 -0.081498
v 0.0409933 0.403661 0.107889
v -0.0817533 0.38504 0.137431
v -0.135094 -0.287239 0.00778303
v 0.0187352 -0.200314 0.24233
v -0.127979 -0.282233 0.0198212
v -0.110437 -0.310622 0.0347121
v 0.00801026 -0.132763 0.163315
v -0.107211 -0.270011 0.0482129
v -1.37475e-05 -0.175453 0.266014
v 0.0624143 -0.184671 0.253579
v -0.245269 0.285647 0.0533233
v 0.0834424 -0.173634 0.259986
v 0.0769463 -0.142582 0.275679
v 0.0695129 -0.175662 0.262242
v -0.290318 0.143009 -0.133775
v 0.265877 0.160502 0.0644866
v 0.114166 -0.149776 0.257294
v 0.125086 -0.164077 0.242264
v 0.0362666 0.149309 0.259679
v -0.111676 -0.278755 0.0410659
v -0.281962 0.0991835 -0.0501302
v -0.113059 0.335337 -0.294572
v 0.171344 0.0483941 0.26331
v -0.165769 -0.303862 -0.0576568
v -0.292167 0.145448 -0.110849
v -0.264428 -0.00356525 0.0327705
v -0.159835 -0.254365 -0.0413338
v -0.26221 0.0126055 0.0522343
v 0.144246 -0.0961613 0.233187
v -0.264049 0.0149523 0.0411363
v -0.254929 0.107701 0.100543
v -0.252915 0.118029 0.106905
v -0.0431702 0.169907 0.224655
v 0.20697 0.227232 0.178638
v -0.234394 0.107946 0.172721
v -0.161287 -0.226949 -0.0413853
v -0.242673 0.108305 0.145703
v -0.154164 0.384666 0.0897173
v 0.22352 -0.16951 0.0995646
v 0.18308 0.0454352 0.259846
v 0.218863 0.206826 0.165442
v -0.172218 0.427576 0.262539
v 0.139849 -0.0826414 0.225922
v -0.187501 0.366885 0.0720907
v -0.0457192 0.143303 0.231016
v 0.121599 0.441817 -0.111059
v -0.0204228 0.378784 0.150301
v -0.0970472 0.414818 0.261297
v -0.119029 0.206105 0.222583
v 0.216538 0.250851 0.150844
v 0.133411 0.205093 0.228266
v 0.0329121 0.125447 0.297181
v -0.141562 -0.390316 -0.0155204
v -0.146951 -0.331047 -0.0174206
v 0.085942 0.299097 -0.331012
v -0.000765545 0.298928 -0.347148
v 0.197189 -0.0957473 0.18332
v 0.195625 -0.131764 0.180141
v -0.123481 -0.361761 0.011568
v 0.187296 -0.194982 0.0752817
v -0.136621 -0.451148 -0.0179027
v -0.00643485 -0.270864 0.0724826
v -0.278652 0.270322 -0.0742776
v 0.06759 -0.0717803 -0.246582
v 0.260551 0.1165 0.0980463
v 0.15014 -0.0743751 -0.170051
v 0.17953 0.0118011 0.238174
v 0.121424 -0.167593 -0.179319
v -0.00362487 0.286424 -0.35111
v 0.0581793 -0.107919 0.139899
v -0.0131152 0.294342 -0.348598
v 0.199753 -0.333974 -0.210043
v 0.223742 0.240673 0.141538
v 0.167794 -0.175901 -0.0702725
v -0.110703 -0.235042 0.0538449
v 0.0844266 -0.0598424 -0.245758
v 0.0491544 -0.0247884 0.281814
v -0.090791 -0.233469 0.214395
v 0.00552737 -0.0198626 -0.300603
v 0.246245 0.0725212 0.160331
v -0.18915 -0.118732 0.17982
v 0.0764217 -0.0532784 -0.255239
v 0.083264 0.210714 -0.359583
v 0.0555629 0.282112 0.248131
v -0.0257656 0.430896 0.0684723
v -0.0229596 0.414524 0.0953714
v -0.0319596 0.392399 0.126415
v -0.00324834 0.199634 -0.369677
v 0.168037 0.115007 0.2502
v 0.00524833 0.409 0.104182
v -0.142712 -0.0892337 0.238414
v 0.0830842 0.08687 0.246427
v -0.175805 0.195445 -0.307458
v 0.0964594 0.230946 -0.351297
v -0.19143 0.148745 -0.299051
v 0.0737959 0.0990977 0.241656
v -0.0860303 0.393196 0.204
v -0.222014 0.199852 -0.256497
v -0.13211 -0.13831 0.241768
v 0.167797 -0.166534 -0.0652432
v -0.1431 -0.133882 0.235616
v 0.107553 0.448553 -0.0528834
v -0.131333 0.460944 0.277697
v -0.141907 -0.0981206 0.238785
v -0.24536 0.077076 -0.219582
v -0.220664 -0.0391465 -0.132441
v -0.233461 -0.0403981 -0.0710171
v -0.194382 0.358231 0.0798386
v -0.189008 -0.0577322 -0.147652
v -0.178899 -0.0613349 -0.153848
v -0.183176 -0.0535771 -0.159976
v -0.266191 0.00832049 0.00889187
v 0.107443 0.42568 0.0329864
v -0.253432 0.0446805 0.101301
v 0.0999659 0.436359 0.0107849
v -0.106634 0.0497224 0.267732
v 0.0481868 0.156918 0.230556
v 0.134096 -0.0343145 0.23997
v 0.094516 -0.26587 0.168842
v 0.108826 0.445562 -0.118308
v -0.134817 -0.0949437 0.238727
v -0.281971 0.219119 -0.163579
v 0.0562329 0.150936 0.220594
v 0.0524577 0.143102 0.23206
v -0.0525282 0.0826839 0.277464
v 0.194151 -0.435032 -0.145718
v -0.0696787 0.067702 0.290111
v 0.180143 -0.334686 -0.0763889
v 0.184918 -0.328654 -0.102559
v -0.217956 0.329506 0.0808432
v 0.189119 -0.306515 -0.129302
v -0.119884 0.159642 0.153817
v -0.127285 -0.173193 0.229061
v 0.185942 -0.404316 -0.0892117
v -0.093767 0.195474 0.145157
v 0.0408445 0.102565 0.306693
v -0.13485 0.187328 0.139056
v -0.132238 -0.18029 0.220966
v 0.16049 -0.273468 -0.0238397
v -0.149859 -0.169894 0.213022
v -0.136777 -0.0684932 0.240529
v -0.140977 -0.0786319 0.239061
v 0.0678982 -0.2281 -0.255664
v 0.0446957 0.110513 0.284735
v -0.0631034 0.376641 0.155458
v 0.110836 -0.34107 -0.290736
v -0.172188 -0.00731198 0.226872
v 0.101858 -0.347104 -0.298004
v 0.124521 -0.326263 -0.276524
v -0.186303 -0.0670297 0.193878
v 0.0474905 0.0949162 0.297441
v 0.0612651 0.0913255 0.263461
v -0.147719 -0.0684196 0.236784
v -0.161228 0.0103892 0.24185
v -0.147196 0.0444416 0.257211
v 0.175692 0.401677 0.00876004
v -0.189619 -0.00111963 0.213965
v 0.117175 -0.24607 -0.233815
v -0.193957 -0.0302413 0.188207
v -0.182657 0.00217583 0.223676
v -0.204013 -0.0121726 0.181961
v -0.114308 -0.154144 0.248512
v -0.052586 0.35178 0.201169
v -0.212618 -0.055416 0.139405
v 0.221976 0.25276 0.136671
v 0.168531 -0.165517 -0.0523269
v -0.0982535 0.418973 0.247655
v 0.199674 0.390842 -0.0148116
v -0.207441 -0.125071 0.137358
v 0.198359 0.132681 0.219312
v -0.191306 -0.192044 0.137141
v -0.174965 -0.161209 0.1925
v -0.167736 -0.149711 0.207928
v -0.214911 -0.152792 0.116919
v -0.207585 -0.172561 0.118477
v 0.20795 0.285916 0.139177
v 0.19752 -0.110108 -0.0438806
v -0.177998 -0.168444 0.184128
v 0.11077 0.273716 -0.331012
v -0.199787 -0.152804 0.148441
v -0.184132 -0.117818 0.19208
v -0.172455 -0.0883879 0.219862
v -0.154422 -0.212291 0.0887072
v 0.172576 -0.338989 -0.248305
v 0.182665 0.0346039 0.253527
v -0.174942 0.137034 0.221297
v -0.203036 -0.144527 0.0265521
v -0.210041 -0.120543 0.000904323
v -0.193656 -0.144673 0.0195385
v 0.0539031 0.403885 0.104546
v -0.187011 -0.206647 0.114016
v -0.21772 -0.162822 0.0976736
v -0.196779 -0.19304 0.0872908
v -0.177624 -0.199415 0.0805399
v -0.194183 -0.166796 0.0480901
v -0.177563 -0.183406 0.062118
v 0.146617 0.428953 -0.126888
v 0.215321 0.157958 0.182666
v -0.162754 -0.0922657 0.229336
v -0.244285 -0.10862 0.0274966
v -0.166159 -0.0786351 0.227142
v 0.00120266 -0.322841 -0.30502
v -0.237462 -0.128593 0.0500182
v -0.227504 -0.148309 0.0779974
v -0.247872 -0.099517 0.0344901
v 0.217472 0.105827 0.221535
v -0.256691 -0.0672412 0.0298493
v -0.252599 -0.0808579 0.0156604
v 0.0665746 0.233115 -0.358409
v 0.0765708 0.245415 -0.353344
v -0.223825 -0.156493 0.0673514
v -0.248265 -0.0810153 0.00442372
v 0.048774 -0.322234 -0.301258
v 0.19085 0.0102019 0.229553
v 0.219341 0.092309 0.225637
v -0.221736 -0.110741 -3.51616e-05
v -0.130458 -0.037976 0.238112
v -0.166616 -0.164367 0.0188399
v 0.0726901 -0.340453 -0.303658
v -0.142439 -0.191986 0.0650042
v 0.0623165 -0.319953 -0.297565
v -0.145419 -0.186202 0.0520955
v 0.0811698 -0.307807 -0.287396
v -0.117706 -0.0342342 0.242247
v -0.176478 -0.156441 0.0179955
v -0.217868 -0.378317 -0.191403
v -0.189504 -0.433794 -0.125572
v 0.278544 0.117964 -0.165236
v -0.173193 -0.288186 -0.207379
v -0.190453 -0.357236 -0.246862
v 0.157786 0.118576 0.246946
v 0.209321 0.275053 0.147413
v -0.177017 -0.250714 -0.161857
v -0.157652 -0.206589 -0.157616
v -0.144216 -0.203713 -0.175677
v -0.159443 -0.253383 -0.194803
v -0.15391 -0.0986577 -0.13858
v -0.122295 -0.049404 0.243941
v -0.0327471 -0.0660397 -0.264989
v -0.0696949 0.373643 0.166279
v -0.133846 -0.0495313 0.2394
v 0.218509 0.325145 0.0533402
v -0.182593 -0.254031 -0.14118
v 0.247237 0.127199 -0.228881
v -0.0783534 -0.0694005 -0.243648
v 0.157784 0.127109 0.237172
v -0.185977 -0.274374 -0.136455
v -0.175396 -0.128823 -0.0684597
v -0.17522 -0.119779 -0.0846888
v 0.146225 0.122983 0.242157
v 0.188436 0.135768 0.220622
v -0.00877021 0.424535 0.0819689
v -0.165698 -0.156821 -0.0640008
v -0.170107 -0.158094 -0.00541658
v -0.102633 -0.0571711 -0.235639
v 0.254587 0.26548 0.0338409
v -0.125557 -0.0239691 0.236555
v -0.0922271 -0.0235704 0.25308
v -0.164473 -0.17155 -0.0684033
v -0.165136 -0.162848 -0.0755874
v 0.0291146 0.402356 0.111846
v -0.0205459 -0.153998 -0.246931
v -0.102346 -0.0160125 0.245044
v -0.0437032 -0.2579 -0.277718
v -0.034394 -0.332217 -0.308158
v -0.0497464 -0.182281 -0.246801
v -0.0838923 0.00179464 0.254587
v -0.0577611 -0.349713 -0.311942
v 0.21437 0.27477 0.134584
v 0.261534 0.25448 0.0240308
v 0.236784 0.280359 0.0632216
v 0.164272 0.434366 0.335781
v -0.0755772 0.0171392 0.281333
v 0.23699 0.269875 0.0726408
v -0.0884926 -0.267634 -0.265081
v 0.25599 0.162492 0.0974956
v 0.246551 0.105025 0.150294
v -0.0972603 -0.201361 -0.22493
v 0.240033 0.237217 0.0962519
v -0.168191 -0.358584 -0.26871
v -0.20164 -0.390915 -0.255013
v 0.170841 0.327134 0.192863
v -0.21285 -0.137003 0.0235723
v -0.134764 -0.19429 -0.181384
v 0.1535 0.207729 0.198796
v -0.0301073 -0.344039 -0.313084
v 0.143481 0.277836 0.237082
v -0.0930942 -0.227806 -0.242724
v 0.146078 0.300258 0.228809
v -0.138561 -0.318677 -0.264198
v 0.135329 0.426173 0.00423427
v 0.093489 0.303153 0.24348
v -0.142244 -0.268444 -0.226913
v -0.11521 -0.215698 -0.217524
v -0.111415 -0.192342 -0.206962
v -0.0794664 -0.0540047 0.254074
v -0.142432 -0.220968 -0.191567
v -0.254237 0.249372 0.0597466
v 0.18079 0.358945 0.0761544
v 0.13263 0.417787 0.226106
v 0.153734 -0.351336 -0.0177353
v 0.0795114 0.423948 0.0605346
v 0.153612 -0.44166 -0.0277458
v -0.170749 -0.208726 -0.103615
v 0.0859114 0.412469 0.0786042
v 0.207519 0.3676 0.0182139
v -0.274012 0.282272 -0.0726327
v 0.0592637 0.316657 -0.331988
v 0.150794 -0.305155 -0.00821743
v 0.144813 -0.244608 0.0132463
v 0.132423 -0.285775 0.0234456
v 0.0963001 -0.212487 0.0908884
v 0.0028334 -0.142346 0.196503
v -0.147197 -0.0941917 -0.152129
v -0.151103 -0.0834493 -0.159577
v 0.198872 0.117921 0.234903
v -0.00443472 -0.00207427 -0.313672
v -0.0747061 -0.0123272 -0.287467
v 0.175666 0.306396 0.190554
v -0.0442345 -0.0224537 -0.292306
v 0.119935 -0.207612 0.0672003
v 0.067455 0.326906 -0.323778
v 0.205415 0.326215 0.0793802
v -0.0534114 0.0040708 -0.30781
v 0.089563 -0.21856 0.0847802
v 0.19438 0.250724 0.190004
v -0.00814625 -0.141768 0.190132
v 0.180852 0.283515 0.195065
v 0.0842699 0.0206693 -0.307514
v -0.253012 0.223421 -0.211691
v 0.0820192 0.309563 0.23881
v 0.106581 0.0316245 -0.303683
v 0.0607396 0.030351 -0.325048
v 0.0837755 0.355599 0.238212
v 0.014074 -0.244727 0.110484
v 0.0790104 -0.25216 0.113629
v 0.0115945 -0.257737 0.114067
v 0.0744199 0.366907 0.197818
v 0.0287079 -0.277213 0.130921
v -0.189915 0.00294923 -0.220299
v 0.0913604 -0.268627 0.14121
v 0.181947 0.323152 0.161094
v 0.0219606 -0.273508 0.123686
v 0.0896418 0.388027 0.219688
v 0.077045 0.364563 0.218226
v 0.0410769 -0.274553 0.129428
v 0.169683 0.398952 0.296602
v -0.0233592 -0.277943 0.135368
v -0.00505202 -0.273054 0.123697
v 0.100565 -0.257621 0.190105
v 0.0759211 -0.267427 0.190863
v 0.131476 0.375727 0.287924
v 0.125587 0.3657 0.278916
v -0.154633 -0.0153159 -0.232793
v -0.19788 -0.0226446 -0.184722
v 0.107749 -0.231517 0.210322
v -0.151004 -0.00284264 -0.247313
v -0.193285 -0.133595 -0.00129348
v 0.107561 -0.213315 0.22228
v -0.169383 -0.24348 -0.170304
v 0.15894 -0.0770639 0.236938
v 0.154613 -0.0665658 0.238261
v -0.171925 -0.147332 -0.0397554
v 0.164568 -0.0993678 0.23438
v -0.228302 -0.0592784 -0.036199
v -0.221404 -0.110485 0.113037
v -0.234644 -0.106241 0.0875603
v -0.214403 -0.089721 0.127577
v 0.225454 0.123478 0.196875
v -0.23019 -0.0228468 0.12116
v 0.148272 -0.100234 0.238318
v 0.174187 -0.104988 0.226263
v -0.235753 -0.0417864 0.102467
v 0.222972 0.303127 0.0708667
v 0.133768 -0.141917 0.247811
v -0.231647 0.0312142 0.172195
v 0.0718177 -0.0145326 0.267809
v 0.101721 -0.0557152 0.250587
v 0.0528812 0.303783 -0.33954
v 0.00315349 0.328919 -0.335565
v 0.0509501 -0.0143633 0.278842
v 0.0992982 0.35848 0.258004
v 0.15606 -0.172255 0.213864
v 0.201718 -0.135633 0.00632503
v 0.11927 0.425479 0.282646
v 0.0435616 -0.19212 0.245572
v 0.119704 -0.000892921 0.237154
v 0.114141 0.412807 0.282362
v 0.0467061 -0.244424 0.110392
v 0.205663 0.251808 0.171292
v 0.220564 0.134202 0.196284
v 0.116355 -0.423846 -0.180502
v -0.0298242 -0.227792 0.106478
v 0.0521568 -0.253666 0.0753008
v -0.195107 0.140507 0.209839
v 0.234289 0.179312 0.14748
v 0.109882 0.39054 0.185222
v 0.138877 -0.294467 0.0123565
v 0.201013 0.248007 0.180667
v -0.00928112 -0.142991 0.202802
v 0.21581 0.128283 0.20694
v 0.207659 0.0293964 0.23157
v 0.136777 -0.416855 -0.00324734
v 0.167598 0.3929 0.212854
v 0.0094285 0.000745547 0.313379
v 0.175869 0.440217 0.276619
v 0.000798365 -0.000445941 0.30663
v 0.0090298 0.00367966 0.352972
v -0.0123736 0.00468848 0.349776
v -0.150292 -0.244987 -0.200308
v -0.137014 -0.226659 -0.202569
v -0.150584 -0.32331 -0.258494
v -0.244428 0.224916 -0.222896
v 0.174467 0.38586 0.271311
v -0.0584154 0.0437979 0.318524
v -0.146052 -0.350925 -0.278907
v 0.150992 0.337604 0.245056
v -0.0708473 -0.217265 -0.251079
v -0.0420185 0.0202332 0.341823
v -0.0135435 -0.279199 -0.289655
v 0.173316 0.367982 0.20448
v 0.172429 0.349373 0.195733
v -0.097781 -0.0389344 0.253706
v -0.172901 -0.343638 -0.253517
v -0.180141 -0.340287 -0.244108
v 0.075658 0.202962 0.200061
v -0.0994159 -0.307386 -0.280219
v -0.0865044 -0.0363336 0.259104
v 0.213366 0.230646 0.166559
v -0.17247 0.41304 0.260466
v -0.0773669 -0.341357 -0.302474
v -0.0351795 -0.279566 -0.28831
v -0.134138 0.337382 -0.279746
v 0.00951243 0.33679 -0.3316
v 0.200852 0.0107919 0.22086
v -0.185452 -0.307743 -0.208553
v -0.0622847 0.098892 0.243901
v -0.206921 0.332599 0.118625
v 0.188812 0.301342 0.168793
v -0.168384 -0.219121 -0.0856606
v -0.000886657 0.339489 -0.330809
v -0.206992 -0.370454 -0.170246
v -0.26917 0.239401 -0.182097
v -0.105975 0.113806 0.238596
v -0.0730171 0.376431 0.22238
v -0.116231 0.104501 0.24632
v -0.213584 -0.145637 0.0337849
v -0.0588982 0.370504 0.168136
v -0.191999 -0.10961 0.174393
v -0.202119 -0.0942714 0.153585
v -0.19699 -0.0900685 0.166089
v 0.104893 0.285863 -0.328401
v 0.197903 -0.43236 -0.127808
v -0.103744 0.141957 0.19888
v -0.206833 -0.0400678 0.157293
v 0.272181 -0.00829931 0.0155265
v -0.196725 -0.062055 0.171812
v 0.224048 0.151225 0.178817
v -0.266585 0.254296 -0.179336
v -0.239613 0.212631 -0.232006
v 0.195767 0.287167 0.166859
v 0.0982238 0.297884 -0.325682
v -0.0697579 0.192653 0.154088
v -0.0400589 -0.0126728 0.279883
v -0.0977569 0.175851 0.144252
v 0.115409 -0.173334 0.243538
v 0.056307 -0.215573 0.233555
v -0.0495394 -0.00493868 0.273147
v 0.111296 0.295878 -0.320227
v -0.0516536 -0.0219503 0.275239
v -0.117831 0.151335 0.166566
v -0.138296 -0.231069 0.104931
v -0.0748259 0.175072 0.152804
v 0.00729905 -0.146576 0.290647
v 0.0791226 0.318953 -0.323364
v -0.156 -0.417411 -0.200751
v -0.0331258 0.355804 0.18505
v 0.0506204 -0.354475 0.0459601
v 0.107868 -0.419255 0.0199664
v 0.124077 -0.367308 0.0187914
v -0.19075 -0.308884 -0.140877
v -0.189587 -0.432591 -0.150606
v -0.178042 -0.293242 -0.108999
v -0.0874597 0.211789 0.168524
v -0.0846652 0.206792 0.15786
v -0.267244 0.187016 -0.196796
v -0.0749155 0.202021 0.156989
v -0.165901 -0.214761 -0.0664726
v -0.181967 -0.372716 -0.100994
v -0.115725 0.21493 0.155987
v 0.210261 -0.0665036 -0.103231
v -0.00813594 -0.413992 -0.210017
v -0.138382 -0.235957 0.0138058
v -0.142132 0.147186 0.186008
v 0.219883 -0.115874 -0.00068541
v 0.0450454 -0.419047 -0.196379
v -0.154684 0.17986 0.14752
v -0.0712878 -0.193623 0.243978
v -0.00204034 -0.254146 0.216753
v -0.0806164 0.328207 0.240183
v 0.0728766 -0.431566 -0.16054
v 0.0271046 -0.432796 -0.158908
v 0.153462 -0.411157 -0.214621
v -0.0155143 -0.222115 0.233349
v -0.145116 0.171982 0.147907
v 0.0317938 -0.447284 0.0227092
v -0.144687 0.18326 0.141599
v 0.0223068 -0.425604 0.0290246
v 0.0355038 -0.426308 0.0279866
v -0.0540801 0.358997 0.190537
v 0.0669069 -0.461785 -0.0802988
v -0.177675 0.169114 0.173788
v -0.153671 0.191525 0.143363
v 0.195408 0.29888 0.156073
v 0.148748 -0.0696775 0.162876
v 0.175562 0.317373 0.183867
v 0.0140772 -0.27758 0.0700396
v 0.0278724 -0.275187 0.0698526
v 0.0231242 -0.289544 0.065636
v 0.0371644 -0.448475 -0.115348
v -0.011573 0.28878 0.23839
v -0.170665 -0.413773 -0.0708786
v -0.164668 -0.396163 -0.0574116
v -0.0342002 0.304176 0.232429
v -0.127946 -0.29654 0.0170706
v -0.134634 0.100316 0.256874
v -0.119805 -0.304722 0.0257756
v 0.241249 0.138141 0.153294
v 0.122713 -0.0632949 0.158518
v -0.160403 0.114039 0.251161
v -0.168756 -0.328143 -0.0644128
v 0.0879841 0.322013 -0.317142
v -0.105437 0.0848547 0.239345
v -0.157893 -0.241415 -0.0344221
v -0.14392 0.0825092 0.264801
v 0.135611 -0.0656305 0.16104
v -0.142792 -0.351051 -0.0125362
v 0.236262 0.150001 0.158669
v 0.0932399 -0.0562367 0.176761
v -0.130092 -0.372416 0.00202486
v -0.14343 -0.430553 -0.0236649
v -0.194019 0.00910157 0.218941
v 0.229296 0.140878 0.178134
v -0.160679 0.0347053 0.255968
v 0.0801325 0.289751 -0.337878
v 0.101103 -0.0591476 0.166044
v -0.138683 -0.170252 0.221764
v -0.18394 0.0269774 0.244517
v -0.208262 -0.341629 -0.198666
v -0.195912 0.0478288 0.251402
v 0.0160762 -0.469337 -0.0611995
v -0.234279 0.010561 0.141299
v 0.0792907 -0.0548235 0.17539
v 0.0904054 -0.0694097 0.141565
v -0.237663 0.0231006 0.146212
v -0.215061 0.0328415 0.216381
v 0.207188 0.0976259 0.242279
v -0.0760433 -0.0368822 0.264545
v -0.213139 0.053333 0.232967
v 0.204528 0.0895411 0.249706
v 0.0724415 -0.0589892 0.163062
v 0.175605 -0.272788 -0.0738402
v -0.20008 -0.321527 -0.160248
v -0.242995 -0.0201697 0.0989077
v -0.242635 -0.0513124 0.0863344
v -0.243638 -0.00333039 0.107557
v -0.255556 -0.0491017 0.0549431
v -0.260538 -0.0451002 0.0348047
v -0.213847 -0.118526 0.125855
v -0.00202665 0.32015 0.216308
v -0.245204 -0.0798396 0.070159
v -0.256893 -0.0374297 0.0570414
v -0.229108 -0.128253 0.0931913
v -0.232467 -0.0941547 0.0947714
v -0.243009 -0.109985 0.057708
v -0.0182827 -0.487593 -0.0174843
v 0.114319 -0.0719028 0.134374
v 0.215979 -0.165607 0.126284
v 0.132541 -0.0678183 0.196866
v -0.254048 -0.0528037 -0.000738915
v -0.254741 -0.0314868 -0.010832
v 0.23944 0.100454 0.173362
v -0.240815 -0.0914089 0.00138291
v -0.211929 -0.109811 -0.00991929
v 0.243741 0.0874828 0.164218
v -0.0430208 -0.445953 0.0223662
v 0.173329 0.329453 0.182634
v -0.208625 -0.0846192 -0.0526127
v -0.0416363 0.344794 0.201676
v -0.191539 -0.11641 -0.044199
v -0.18151 -0.122271 -0.0630278
v -0.014524 0.325351 0.213453
v -0.202522 -0.119094 -0.0108621
v -0.193259 -0.138876 0.00931252
v 0.043897 -0.0441611 0.217608
v -0.0518366 -0.434835 0.0247187
v -0.154191 -0.179631 -0.14157
v -0.138197 -0.175595 -0.163844
v -0.03196 -0.387417 0.0381885
v -0.0227755 -0.364902 0.044631
v 0.0860828 0.278274 -0.340392
v -0.164854 -0.170653 -0.107098
v -0.160808 -0.157907 -0.111593
v -0.15462 -0.168046 -0.132577
v -0.165511 -0.161428 -0.0864108
v -0.161653 -0.147147 -0.103214
v -0.0214177 -0.0498533 0.187513
v -0.168746 -0.128003 -0.0890428
v -0.0436485 -0.290255 0.0638059
v -0.159715 -0.121068 -0.111183
v -0.0492938 -0.303169 0.0594608
v 0.175188 0.203875 0.175797
v -0.0544324 -0.291846 0.0627456
v -0.192481 -0.0907251 -0.0970673
v -0.169684 -0.111716 -0.104204
v 0.0824743 -0.0532334 0.213807
v -0.118148 -0.0159552 -0.258736
v -0.119838 -0.0324062 -0.243296
v -0.220576 0.00592451 -0.193361
v -0.15935 -0.0498856 -0.191435
v -0.181003 -0.250835 -0.129237
v -0.141054 -0.0582933 -0.200746
v -0.167572 0.0172057 -0.253195
v -0.190589 0.0592976 -0.271946
v -0.21731 0.0708096 -0.255147
v -0.202801 0.0862892 -0.278907
v -0.0480702 -0.0449683 0.270162
v -0.0487079 0.319831 0.225784
v 0.0384253 -0.132796 0.249341
v -0.23935 0.00731049 -0.166997
v -0.173313 0.0650527 -0.290072
v -0.110992 -0.0102233 -0.268619
v -0.196834 0.034198 -0.246179
v -0.214442 0.0386521 -0.233087
v -0.223309 0.0682686 -0.246881
v -0.00816016 0.229943 0.255218
v 0.0811038 -0.0639031 0.151848
v 0.073649 0.280253 -0.344001
v -0.0303207 0.0595032 -0.353114
v 0.0365504 0.336188 -0.327932
v -0.0425347 0.0911038 -0.36849
v -0.0977774 -0.273193 0.0557705
v -0.065314 0.0852095 -0.361975
v 0.165621 0.368767 0.180504
v -0.0715325 -0.277388 0.0658513
v -0.0490294 0.0325426 -0.331268
v -0.0796601 0.0325169 -0.319167
v -0.0617895 0.0360987 -0.329437
v -0.0703174 0.0644947 -0.348236
v -0.0189159 -0.283562 0.0676294
v -0.0824224 0.0663586 -0.344632
v 0.0919916 0.383818 0.131208
v -0.103845 -0.390426 0.0239438
v 0.030323 0.0594721 -0.353316
v 0.00939979 0.0339054 -0.338806
v 0.0426916 0.0349276 -0.334107
v 0.0858085 0.0618464 -0.339363
v 0.0620701 -0.00810709 -0.295072
v 0.0706224 0.313705 0.233605
v 0.13802 0.0477817 -0.298161
v 0.10743 0.0121621 -0.287621
v 0.0642693 -0.029918 -0.27754
v 0.232491 -0.027562 0.132371
v 0.0925968 0.0725678 -0.343816
v -0.0935509 0.0199552 -0.303624
v -0.07825 -0.39453 0.033168
v -0.00695684 -0.0256881 -0.29655
v -0.047152 -0.0440434 -0.275237
v -0.0887502 -0.0383864 -0.259541
v 0.0664821 -0.0509858 0.243734
v -0.127158 -0.150988 0.240427
v 0.187775 0.292113 0.178787
v -0.153233 -0.117483 -0.12257
v -0.26167 0.162433 -0.208512
v -0.0929914 -0.303714 0.0499446
v 0.260792 0.137694 0.0915121
v -0.139324 -0.16544 -0.155248
v 0.241427 -0.0916713 0.0953397
v 0.191693 0.272853 0.183824
v -0.135047 -0.302687 0.00532464
v -0.0578174 -0.0620549 -0.258817
v 0.137986 0.215811 0.180751
v -0.154528 -0.073321 -0.16705
v -0.151706 -0.338742 -0.0266487
v 0.190849 0.241065 0.199317
v -0.00405446 -0.135058 0.167187
v -0.0188718 -0.0619999 -0.270037
v 0.177257 0.235288 0.21845
v -0.0994926 -0.108641 -0.19689
v 0.116838 0.414693 0.232082
v 0.13114 0.416065 0.0356992
v -0.0899306 -0.109733 -0.205958
v -0.109098 0.312153 0.244108
v 0.0624516 0.185623 0.184085
v -0.0740797 -0.10441 -0.221589
v 0.163097 -0.101872 0.139658
v -0.117025 -0.0738345 0.219813
v -0.0776399 -0.0570077 0.233241
v -0.0274329 -0.216692 -0.265081
v -0.0518401 -0.112722 -0.231648
v -0.176755 -0.337108 -0.0880919
v -0.119265 -0.120796 -0.169803
v -0.110305 -0.167893 -0.195253
v -0.0732298 -0.155097 -0.224078
v 0.00902902 -0.0593568 0.172379
v -0.241414 0.0954779 0.151706
v 0.181775 0.266388 0.201381
v -0.0529 -0.157501 -0.237721
v 0.0518616 -0.265934 0.0712506
v -0.0977315 -0.0984399 -0.205643
v -0.0967384 -0.0884519 -0.215334
v -0.0878222 -0.0891587 -0.222297
v -0.00452356 -0.26018 0.0759258
v -0.0166073 -0.10731 -0.24404
v -0.084685 -0.121157 -0.207353
v -0.0747562 -0.141433 0.221357
v -0.104033 -0.0637407 0.204456
v -0.0686157 -0.0528682 0.201745
v -0.0527858 -0.0607254 0.162569
v -0.208696 0.238908 0.177679
v 0.149555 -0.082275 0.129121
v -0.130681 -0.163718 -0.167256
v -0.0964822 -0.141815 -0.19909
v -0.116409 -0.145131 -0.177324
v 0.0605282 -0.261361 -0.27364
v 0.0843509 -0.257683 -0.2614
v 0.0936412 -0.352288 -0.303823
v -0.0483803 -0.134432 0.154485
v -0.0258374 -0.243181 0.0800738
v 0.0200744 -0.146096 0.290044
v 0.031593 -0.241467 -0.273008
v -0.0577921 -0.112705 0.138441
v 0.018271 -0.172935 -0.252312
v 0.00566872 -0.210039 -0.265219
v 0.00297229 -0.162231 -0.250763
v 0.0277004 -0.489356 0.00964973
v 0.195611 -0.352425 -0.234455
v 0.236428 -0.0696694 -0.0170348
v -0.0459399 -0.234416 0.081898
v 0.14427 -0.268604 -0.223473
v 0.136753 -0.173333 -0.162794
v 0.144229 -0.212077 -0.180672
v 0.112515 0.368637 0.27356
v -0.0703932 -0.109827 0.134439
v 0.138467 -0.236605 -0.205257
v 0.124015 -0.241602 -0.224465
v -0.0662139 -0.492792 0.000724953
v 0.128467 -0.204754 -0.194878
v 0.110661 -0.209933 -0.216898
v 0.121497 -0.195022 -0.196169
v 0.104408 -0.226248 -0.232354
v 0.108501 -0.288525 -0.264322
v 0.104106 -0.30718 -0.27697
v 0.23476 -0.113834 0.104001
v 0.093024 -0.217821 -0.236005
v 0.0809265 -0.215545 -0.243066
v 0.0908384 -0.197215 -0.227036
v 0.059708 -0.207829 -0.250853
v 0.0499163 -0.169198 -0.241966
v 0.0547785 -0.181959 -0.244053
v -0.165287 0.408645 0.281976
v 0.0252243 -0.195325 -0.258376
v 0.0133946 -0.201528 -0.261877
v 0.193341 -0.377812 -0.125096
v 0.179563 -0.276902 -0.100918
v 0.1717 -0.283939 -0.0540612
v 0.160451 -0.241272 -0.0220234
v 0.171341 -0.350099 -0.0534149
v 0.157256 -0.22374 -0.0105903
v 0.142732 0.142132 0.206896
v 0.0417612 0.249288 -0.358624
v 0.0183028 0.266385 0.249459
v -0.02706 -0.195387 0.243573
v 0.0617365 -0.0489101 0.259694
v 0.169553 -0.217127 -0.0515005
v -0.0914678 -0.314484 -0.286919
v -0.00751234 0.0844185 0.360171
v 0.172375 -0.16459 -0.0011655
v 0.0579346 -0.474311 -0.0489316
v 0.000623942 -0.477484 -0.0411395
v 0.129661 -0.219726 0.0452889
v 0.142454 -0.193683 0.0431982
v 0.110745 -0.475006 -0.0475108
v 0.158028 -0.180011 0.0344862
v 0.0748745 -0.441159 -0.134249
v -0.287491 0.178713 -0.0547965
v 0.156041 -0.44848 -0.114769
v -0.0299095 0.162059 0.246478
v 0.160186 -0.184018 0.00187062
v 0.0264011 -0.437282 -0.146339
v 0.169671 -0.41182 -0.212127
v 0.00827249 -0.426655 -0.176193
v 0.169606 -0.172927 0.0369429
v -0.0813614 -0.413202 -0.212081
v -0.0434118 -0.424124 -0.183006
v 0.152333 -0.204041 0.0100528
v 0.13901 -0.214348 0.0328492
v 0.153013 -0.227306 -0.000337576
v 0.157551 -0.196964 -0.000865646
v 0.150965 0.14545 0.198074
v 0.140767 -0.236219 0.0225947
v 0.239499 -0.115316 0.0941787
v -0.120142 -0.42023 -0.193385
v 0.0939785 -0.216845 0.10046
v 0.0990426 -0.238309 0.109514
v 0.139812 0.143737 0.194692
v 0.113292 -0.23501 0.107693
v -0.152498 -0.413662 -0.2108
v 0.149546 -0.225992 0.101064
v -0.164832 -0.255268 -0.0560731
v 0.106469 -0.258087 0.121762
v -0.0589017 0.304894 0.237998
v 0.148528 -0.23489 0.109401
v -0.191377 -0.397332 -0.254135
v 0.179051 -0.222099 0.110809
v -0.167039 -0.210958 -0.0784329
v 0.0807148 -0.269338 0.175267
v 0.11943 -0.254952 0.122197
v -0.187422 -0.296679 -0.134882
v 0.164987 0.342202 0.229417
v 0.122246 -0.483785 -0.0283058
v 0.150246 -0.24469 0.15715
v 0.172854 -0.228944 0.1201
v 0.168637 -0.227195 0.155684
v -0.0178846 0.265553 0.251628
v 0.128829 -0.257537 0.153643
v 0.0866594 0.439058 0.0157972
v -0.0614631 0.125076 0.227597
v 0.116291 -0.245407 0.054085
v 0.154886 0.401679 0.208732
v 0.177708 -0.219671 0.146387
v -0.066061 -0.219372 0.101042
v 0.149332 -0.22204 0.188755
v 0.177164 0.375496 0.229125
v 0.1664 0.365415 0.259671
v 0.176045 0.430079 0.266186
v -0.140184 -0.237759 0.112738
v 0.127785 -0.255316 0.165613
v 0.158992 0.140364 0.218349
v -0.0734993 -0.27005 0.148924
v 0.138252 -0.251226 0.162107
v 0.0403387 -0.178019 0.26227
v 0.113702 0.419742 0.270997
v 0.116309 -0.182873 0.23741
v 0.0394216 0.297345 -0.344648
v 0.154697 -0.18741 0.206364
v 0.142282 0.453226 0.299365
v 0.155014 -0.0451563 0.235262
v 0.0939896 0.379978 0.175498
v 0.0737097 -0.0482319 0.264773
v 0.149168 -0.0557796 0.23916
v 0.136874 -0.133525 0.167816
v 0.0112982 -0.0520656 0.183294
v 0.14223 0.395052 0.304461
v -0.202616 -0.0661628 0.157686
v 0.134545 0.354462 0.270825
v 0.0377226 0.28627 -0.348925
v 0.108399 0.413153 0.259944
v 0.147074 0.259518 0.239684
v 0.189546 0.263202 0.191589
v 0.0896387 0.0199488 0.291878
v 0.178119 0.277212 0.201948
v 0.106781 0.0267971 0.280226
v 0.024073 0.21307 0.259048
v 0.212136 0.243964 0.163296
v 0.095333 0.0651271 0.284786
v 0.202361 0.164111 0.183501
v 0.154281 0.151539 0.178471
v 0.0938616 0.0784529 0.253544
v 0.0280774 0.32752 -0.333961
v 0.226071 0.204763 0.153786
v -0.210249 -0.0823263 0.137133
v 0.14296 0.14903 0.176418
v 0.185764 0.375829 0.0443187
v 0.0789477 0.250105 0.266149
v 0.16583 0.154435 0.181287
v 0.164882 0.207192 0.187886
v 0.0761923 0.0326728 0.310354
v 0.174646 0.384367 0.219886
v 0.0694564 0.0332554 0.315583
v 0.237101 0.211909 0.124331
v 0.132835 -0.137087 0.180803
v 0.249486 0.157905 0.119947
v -0.271439 0.17513 -0.190928
v -0.292385 0.1562 -0.0877437
v -0.0917432 0.331259 0.246611
v 0.204372 0.304932 0.121626
v 0.147376 -0.125246 0.165299
v 0.0972449 0.0452803 0.297011
v -0.155198 -0.464535 -0.0753946
v -0.150007 -0.460667 -0.0875132
v 0.253697 0.23283 0.0597827
v 0.244266 0.29943 0.0264078
v 0.226563 0.331338 0.0297532
v 0.115546 0.202313 0.144794
v 0.217205 0.337211 0.0418562
v 0.0947103 0.205675 0.152484
v 0.0523443 0.0274037 0.34583
v -0.0651355 -0.294072 -0.285957
v 0.0272434 0.00452394 0.336957
v 0.206957 0.374215 0.00611739
v 0.214129 0.381909 -0.0317074
v 0.219105 0.0232949 0.210448
v 0.100279 0.451394 -0.0964309
v 0.121349 -0.119668 0.136619
v 0.115243 -0.129199 0.143135
v -0.0859873 0.209952 0.188154
v -0.181417 -0.141042 0.19168
v -0.0946102 0.210161 0.198254
v 0.0900832 0.443091 0.00148938
v -0.111139 0.216844 0.182696
v 0.12124 0.423179 0.0268858
v 0.242739 0.339925 -0.0297729
v -0.190492 -0.182247 0.0648555
v 0.00368051 0.00869882 0.36343
v 0.176295 0.258795 0.211499
v -0.112685 0.414251 -0.215741
v -0.24962 0.329991 -0.0932464
v 0.0379901 0.397827 0.116716
v 0.177923 0.15701 0.185261
v 0.0153492 0.328162 -0.335039
v 0.000494909 0.419853 0.0889267
v 0.128541 -0.12742 0.146444
v -0.211386 -0.351717 -0.184085
v -0.0219352 0.39885 0.116987
v 0.0479031 0.417124 0.0858933
v 0.139449 -0.122236 0.146596
v 0.268518 0.16751 0.0519568
v 0.179028 -0.151803 -0.0215207
v -0.0353089 0.057401 0.348072
v -0.033121 0.0754352 0.337069
v 0.135879 -0.12141 0.217417
v -0.0317256 0.0494678 0.358203
v -0.246852 0.160688 -0.232159
v -0.0461797 0.0635655 0.320563
v 0.175321 0.270427 0.20859
v 0.0213771 0.339972 -0.328599
v 0.01343 0.304573 -0.344571
v -0.0558289 -0.31081 -0.295746
v 0.234688 0.126582 0.175804
v 0.164721 0.248914 0.227301
v 0.259746 0.106639 0.103351
v 0.253419 0.0958261 0.129176
v 0.0395897 0.235561 -0.361985
v 0.267958 0.148352 0.061508
v 0.143164 0.211359 0.24651
v 0.281014 0.185084 -0.00803818
v 0.159685 0.268791 0.226186
v -0.0638044 0.198085 0.183337
v -0.1896 -0.348422 -0.24034
v 0.091803 0.2005 0.227047
v 0.0791726 0.195015 0.224947
v 0.0916947 -0.144165 0.161806
v -0.0619507 0.196426 0.172897
v 0.251295 0.312116 -0.0101631
v 0.242817 0.316006 0.00833276
v 0.242476 0.32947 -0.0106542
v -0.114999 -0.460641 -0.0855946
v 0.269745 0.290556 -0.0417719
v 0.163589 0.0396178 0.258655
v -0.0706413 0.191511 0.221771
v 0.281121 0.251109 -0.0431806
v -0.0637669 -0.225553 -0.257952
v -0.142211 0.214624 0.172121
v -0.100905 -0.461217 -0.0838854
v 0.0818868 0.300075 0.243042
v 0.274282 0.231835 -0.0027467
v 0.252306 0.332342 -0.0483412
v -0.157375 -0.353547 -0.273443
v -0.169033 0.371645 0.220364
v -0.122368 -0.249366 -0.233142
v 0.029055 0.306095 -0.34271
v -0.137561 -0.24511 -0.215613
v -0.0514106 0.455443 -0.0122114
v -0.168142 0.19691 0.157906
v 0.0208962 0.449997 0.0252263
v -0.159625 0.20017 0.14928
v 0.123821 0.209484 0.215865
v 0.0866937 -0.136055 0.235458
v -0.242052 0.277843 -0.204038
v 0.110263 0.429901 0.0189401
v -0.263218 0.3057 -0.107177
v 0.169112 -0.389075 -0.270831
v -0.0689182 0.458445 -0.108683
v 0.0920692 0.454792 -0.0873703
v 0.0565535 0.440553 0.035082
v -0.0929074 -0.465835 -0.0710826
v -0.107054 0.402614 0.0853458
v -0.0597554 0.426004 0.0626388
v 0.116664 0.202001 0.251778
v -0.0800249 0.429191 0.0397293
v -0.185735 0.378464 0.0388435
v -0.204655 0.37137 0.00250797
v 0.0784832 0.283686 0.251433
v -0.214272 0.347954 0.0406857
v 0.161816 -0.416624 -0.0382136
v -0.204055 0.353188 0.06206
v -0.153774 0.381915 0.104153
v -0.202409 0.177518 0.177989
v -0.191498 0.358105 0.0930292
v -0.148107 0.137568 0.221647
v -0.168325 0.152342 0.190613
v -0.192131 0.350398 0.126275
v 0.145594 -0.370754 -0.00732751
v -0.173699 0.159379 0.181455
v 0.0859575 0.168443 0.155334
v -0.162297 0.155119 0.180017
v -0.211409 0.0878458 0.237086
v 0.0945205 0.199133 0.261597
v -0.0373851 0.276541 0.25016
v 0.0902082 0.193812 0.250013
v 0.00406359 0.0834837 0.362838
v 0.0964565 0.210074 0.268706
v -0.196781 0.116176 0.237302
v -0.198945 0.105861 0.24446
v -0.106234 -0.478635 -0.0391534
v 0.145871 -0.274458 0.00588434
v -0.0845511 -0.489241 -0.0153702
v -0.200871 0.0601857 0.252161
v -0.175469 0.11638 0.24699
v 0.237679 0.112654 -0.241427
v 0.266396 0.0832635 0.0789741
v 0.0846221 0.216958 0.271746
v 0.268737 0.00411167 0.0582389
v 0.271342 0.0451687 0.0457209
v 0.275053 0.049489 0.0158549
v 0.270532 0.033599 0.0506898
v 0.276305 0.0589514 0.00444716
v -0.170074 0.0937004 0.265365
v 0.265907 0.0229142 -0.0805732
v 0.275469 0.0494601 -0.0826106
v 0.0588272 -0.217796 0.0927412
v -0.156932 0.0685597 0.268054
v -0.00225377 0.413 0.0984646
v 0.04866 -0.232909 0.108304
v 0.289454 0.126971 -0.120386
v 0.280633 0.0852262 -0.0231767
v -0.225929 0.0444779 0.200966
v 0.0531405 0.203552 0.26861
v -0.216457 0.0827149 0.229034
v -0.227574 0.0671398 0.202483
v 0.0405027 0.18266 0.249298
v 0.095032 0.236807 0.26761
v -0.243231 0.0458965 0.142316
v -0.24887 0.0561231 0.122045
v -0.256968 0.0447652 0.0877638
v -0.255653 0.00964599 0.0811913
v -0.260011 -0.0136283 0.0563789
v -0.254027 -0.0114697 0.0776877
v -0.255465 -0.0121328 -0.0254
v -0.263623 0.00766394 -0.0137241
v -0.267298 0.0217422 0.00787555
v -0.265983 0.0215562 -0.0153878
v 0.0799638 -0.271072 0.146295
v -0.24987 -0.0213108 -0.0307686
v 0.22439 0.236 -0.242935
v 0.137842 -0.210094 0.205434
v -0.215746 -0.0349238 -0.147681
v -0.251449 -0.00319309 -0.118823
v -0.270759 0.0467183 -0.137575
v -0.24652 -0.00289739 -0.137701
v -0.225026 -0.0510438 -0.0942648
v -0.1911 -0.103006 -0.0762755
v 0.0596157 -0.129954 0.25601
v -0.254703 0.0264202 -0.158279
v -0.246167 -0.0182952 -0.0711203
v -0.254752 -0.00131431 -0.0967897
v -0.235592 -0.0325846 -0.106359
v -0.247232 -0.0185739 -0.049582
v -0.223965 -0.0573766 -0.0585326
v -0.229258 -0.0364641 -0.118618
v 0.221864 0.215714 -0.251142
v -0.218675 -0.0552343 -0.105668
v -0.203634 -0.0680976 -0.114027
v -0.220113 0.114448 -0.268096
v -0.200673 0.0952036 -0.284976
v 0.0819551 -0.0269538 0.265694
v -0.287582 0.123883 -0.144216
v -0.246442 0.0298682 0.12205
v -0.252164 0.0391166 -0.177904
v -0.249309 0.0560727 -0.199227
v -0.241109 0.0553022 -0.212446
v 0.0876523 -0.144363 0.210695
v -0.234687 0.0829413 -0.239058
v -0.250185 0.111544 -0.226669
v -0.231875 0.0921218 -0.246979
v -0.269278 0.0552669 -0.154862
v -0.266234 0.0749857 -0.179894
v -0.255027 0.0516385 -0.184632
v -0.267159 0.129899 -0.201197
v -0.281096 0.164762 -0.172956
v -0.256962 0.1382 -0.218955
v -0.224837 0.124039 -0.263478
v 0.156933 0.0297351 0.251924
v -0.222166 0.135026 -0.266747
v -0.270865 0.120683 -0.193052
v -0.278294 0.10064 -0.166558
v -0.121374 0.039498 -0.303158
v -0.231463 -0.0356705 0.112718
v -0.128149 0.0873777 -0.334726
v -0.107729 0.0529319 -0.321783
v 0.0939538 -0.146223 0.200996
v -0.175452 -0.299582 -0.214858
v -0.181753 0.094998 -0.301409
v 0.0798304 -0.141301 0.222168
v -0.131003 0.100921 -0.339729
v -0.220268 -0.0952792 0.116405
v 0.207329 -0.111586 -0.0214912
v -0.25196 0.186582 -0.22049
v -0.0865459 0.0903564 -0.35765
v -0.0345557 -0.0450644 0.248252
v -0.235226 0.228232 -0.233853
v -0.29141 0.192607 -0.0747978
v -0.227673 0.167574 -0.257216
v -0.208493 0.233497 -0.263577
v -0.202058 0.190657 -0.282028
v -0.182948 0.115798 -0.307093
v 0.0356585 -0.125753 0.275907
v -0.201103 0.129937 -0.289891
v -0.206125 0.164265 -0.28219
v -0.132597 0.235201 -0.333521
v 0.121488 0.29852 0.242222
v -0.161848 0.232071 -0.311634
v -0.156995 0.191988 -0.326009
v -0.18814 0.175823 -0.299612
v -0.170333 0.23819 -0.302013
v 0.114181 0.287108 0.248053
v -0.065554 -0.0594341 0.16423
v -0.156428 0.144372 -0.331313
v -0.166161 0.152642 -0.323653
v 0.0741456 0.165113 0.176507
v -0.147387 0.154884 -0.337918
v -0.0696687 0.120377 -0.370516
v -0.0391015 0.102456 -0.372102
v -0.0270484 0.136306 -0.375941
v -0.0274254 0.104608 -0.373459
v -0.0432009 0.169026 -0.372919
v -0.0188861 0.144224 -0.37559
v 0.0414794 0.0944077 -0.368752
v 0.0369112 0.180562 -0.371937
v -0.193115 -0.01805 -0.195015
v -0.16057 -0.0274727 -0.21526
v 0.00829517 0.104891 -0.374329
v -0.02096 0.0966125 -0.371762
v -0.0112147 0.073646 -0.36194
v 0.00131607 0.0744249 -0.362669
v 0.0537513 0.102843 -0.369786
v 0.0751664 0.112606 -0.368134
v 0.189928 0.284925 -0.262093
v 0.0267958 0.116085 -0.374811
v 0.0308012 0.139082 -0.375282
v -0.00561544 0.140186 -0.375831
v 0.0230622 -0.1343 0.289694
v 0.0921576 -0.133864 0.266849
v 0.173484 0.0947987 -0.305112
v 0.193183 0.0980075 -0.290371
v -0.0083216 0.0483727 -0.34781
v 0.122951 0.0906169 -0.338115
v 0.143337 0.100179 -0.329632
v 0.139786 0.0862964 -0.32516
v 0.118521 0.101317 -0.345699
v 0.110079 0.0681619 -0.330737
v 0.149707 0.0502782 -0.292854
v -0.0765507 -0.0549183 0.189886
v 0.152422 0.0697315 -0.305741
v 0.121663 0.125469 -0.350368
v 0.139279 0.114022 -0.33703
v 0.161064 0.0406059 -0.276797
v 0.0602913 -0.12972 0.275781
v 0.190664 0.0423182 -0.255887
v 0.108144 0.127378 -0.357269
v 0.0351584 -0.0484324 -0.275186
v 0.0488052 0.0284445 -0.327509
v 0.0647139 -0.0513037 -0.262277
v 0.0789924 -0.0703542 -0.241198
v 0.00628471 -0.0395735 -0.286241
v 0.261202 0.0935313 -0.195986
v 0.0949345 -0.0778874 -0.223382
v 0.115912 -0.0457141 -0.233737
v 0.0564582 -0.14552 0.192166
v 0.19045 -0.294145 -0.134561
v 0.249291 0.234167 -0.212783
v 0.0581055 0.23442 0.270641
v 0.0757184 -0.128993 0.266136
v 0.0499468 0.0027393 -0.307958
v 0.174413 -0.214419 -0.106013
v 0.250643 0.196073 -0.218533
v -0.0621594 -0.0134419 -0.291965
v 0.160668 -0.21932 -0.161386
v 0.163124 -0.200557 -0.140419
v 0.169288 -0.231854 -0.156838
v 0.0898994 0.193914 0.147316
v -0.045444 -0.00555486 -0.303882
v 0.214661 -0.363479 -0.211611
v 0.231971 0.324868 -0.185196
v -0.29127 0.135098 -0.112637
v 0.179549 -0.243227 -0.140446
v 0.101906 0.0956819 0.238149
v -0.111054 -0.0646979 0.184659
v 0.170646 -0.196532 -0.0935912
v -0.0320584 -0.00625798 -0.307499
v -0.00228713 -0.142897 -0.24525
v 0.00215154 -0.129719 -0.242657
v 0.114608 -0.100798 -0.1843
v -0.0246174 -0.270144 -0.28592
v -0.169543 0.396166 0.255649
v -0.00548358 -0.128933 0.28802
v 0.126257 -0.0267697 0.240952
v 0.0010634 -0.0918353 -0.252707
v -0.00145852 -0.123414 0.279446
v -0.103117 -0.0044531 -0.278583
v 0.131663 -0.164396 -0.16375
v 0.120568 0.367302 -0.266813
v 0.0112049 -0.140923 -0.244049
v -0.146051 -0.126607 -0.130096
v 0.0275668 -0.15627 0.286107
v 0.116108 0.153677 0.161282
v 0.100476 -0.127584 -0.190394
v 0.106008 -0.12036 -0.184301
v 0.168274 0.347249 -0.245288
v 0.200611 0.399842 -0.0613125
v 0.0674034 -0.13497 -0.221078
v 0.0446065 0.17622 0.240069
v -0.00235919 -0.104732 -0.246089
v 0.121642 -0.125646 -0.162927
v -0.0713935 0.373727 -0.288853
v -0.039721 0.462231 -0.132975
v 0.0139928 -0.15774 0.286577
v 0.070003 0.153175 0.201634
v 0.0760786 -0.09942 -0.221517
v 0.0783752 -0.110963 -0.213924
v 0.224653 0.0364724 0.212739
v -0.00735529 -0.0711155 -0.265269
v 0.02653 -0.0825365 -0.255828
v 0.0196574 -0.0638763 -0.268495
v 0.0739918 0.238384 0.270018
v -0.239457 0.158498 -0.243283
v -0.0102456 -0.0394909 0.233087
v 0.170825 -0.0649099 -0.157337
v 0.133199 -0.0901221 -0.172934
v 0.0545498 -0.150173 -0.233283
v 0.072982 -0.165809 -0.227366
v 0.0857747 -0.152347 -0.211749
v 0.0756088 -0.178867 -0.230429
v 0.223118 0.0127822 0.191166
v 0.137905 -0.164383 -0.155462
v 0.136761 -0.132463 -0.142068
v 0.145436 -0.16598 -0.145173
v 0.186113 -0.144995 -0.0124708
v -0.0844274 -0.236172 -0.252256
v 0.0867262 -0.0998337 -0.212355
v 0.0608457 0.370566 -0.296581
v 0.173089 -0.0995402 -0.11262
v 0.162286 -0.188468 -0.0107635
v 0.16861 -0.202707 -0.0490937
v 0.170484 -0.144872 -0.0691477
v 0.0754453 0.366295 -0.292819
v -0.0692178 -0.0798089 -0.241745
v 0.185801 0.29877 -0.26044
v 0.168382 -0.194019 -0.0595913
v 0.168123 -0.17558 -0.0439434
v 0.167073 -0.197807 -0.0364814
v 0.0544619 0.180195 0.232996
v -0.032905 0.456607 -0.174052
v 0.102958 0.405885 0.249766
v 0.184052 -0.156711 0.0187517
v -0.0529332 -0.166439 0.272856
v 0.0723117 0.418615 -0.240203
v 0.0430525 0.271356 0.251871
v 0.175851 -0.175775 0.0489637
v 0.170085 -0.183738 0.058399
v -0.0952199 -0.161138 0.257711
v 0.138098 0.0482161 0.249622
v 0.198794 -0.156134 0.0337835
v -0.0434361 0.457064 -0.161548
v 0.178393 -0.189499 0.0674641
v 0.0482764 0.170239 0.229839
v -0.0762014 0.439354 -0.193774
v 0.179253 -0.154987 -0.00812203
v -0.133814 -0.34891 -0.284434
v 0.230367 -0.103788 -0.0029355
v 0.235561 -0.0889678 -0.00805195
v 0.241377 -0.107946 0.00776845
v -0.0796453 -0.233618 0.220613
v -0.256638 0.282193 -0.177162
v -0.0697173 -0.238605 0.221425
v -0.1017 0.447884 -0.0847503
v 0.195512 -0.19866 0.0844608
v 0.194861 -0.207261 0.105812
v -0.118629 -0.0770359 -0.204865
v -0.0764014 -0.215234 0.229887
v 0.23898 -0.135954 0.0378963
v -0.00765089 -0.143245 0.290248
v 0.0312422 0.259931 0.254977
v 0.0158283 0.295102 0.234768
v -0.127409 -0.241016 -0.22311
v 0.218938 -0.149127 0.0357344
v 0.212575 -0.178246 0.0681018
v 0.235157 -0.150591 0.0826696
v 0.216338 -0.180557 0.0795843
v -0.0723538 -0.227128 0.22593
v -0.150449 0.40566 0.0258737
v 0.160986 -0.222722 0.0991739
v 0.20336 -0.198242 0.109698
v -0.0924553 -0.414641 0.0245229
v 0.121621 0.250858 -0.334344
v 0.227212 -0.155466 0.105702
v -0.174815 0.442917 0.282725
v -0.0751483 -0.28965 0.0611984
v -0.11588 0.418735 0.0343877
v 0.0336798 0.236549 0.264436
v 0.198076 -0.158657 0.166872
v 0.191262 -0.156155 0.180757
v 0.178572 -0.114238 0.219088
v 0.189427 -0.199562 0.153321
v 0.176044 -0.189754 0.183985
v 0.201779 -0.187456 0.138646
v 0.195848 -0.171148 0.165488
v 0.0837959 0.155537 0.180931
v 0.221653 -0.155226 0.119846
v 0.183482 -0.115904 0.209504
v 0.092088 0.387858 0.241958
v 0.265669 -0.0514003 0.0099773
v 0.251571 -0.0991927 0.0128464
v -0.241033 0.0196242 0.132866
v -0.288205 0.199675 -0.147982
v 0.185538 -0.0937122 0.20936
v 0.044644 0.238832 0.267727
v 0.220976 -0.0768063 0.13391
v 0.207103 -0.0528177 0.169969
v 0.181076 -0.0718176 0.218794
v -0.24098 0.315446 0.0132753
v 0.184283 -0.0596682 0.212887
v -0.228831 0.344758 -0.142312
v 0.142199 0.0114276 0.238134
v -0.0978092 0.437956 -0.00264539
v 0.174029 -0.0705456 0.227459
v -0.208976 0.35173 -0.179055
v -0.219123 0.352331 -0.152299
v -0.0784762 -0.266248 0.0674479
v -0.265604 0.208926 0.0428605
v -0.263815 0.266438 0.00343388
v -0.253939 0.284697 0.0187607
v -0.25045 0.262002 0.0623949
v -0.0552631 -0.411811 0.0304892
v 0.130624 0.0398733 0.243089
v -0.226972 0.29983 0.10594
v -0.0835852 0.378661 0.249643
v 0.203558 -0.0996408 -0.0451069
v -0.138224 0.462009 0.320188
v 0.0190448 0.12905 0.314007
v -0.0490648 -0.459079 0.0187832
v -0.034619 -0.367192 0.0432379
v -0.156459 -0.316986 -0.248974
v 0.269367 0.276329 -0.0253118
v -0.120263 -0.205677 -0.205876
v 0.262431 -0.0279436 0.0702076
v -0.0101041 -0.362347 0.046099
v 0.106554 0.0628112 0.275041
v 0.190583 -0.104054 -0.0785411
v -0.0203352 0.0907633 0.344743
v 0.214872 -0.0487676 -0.125224
v 0.229675 -0.0490237 -0.0730426
v 0.216014 -0.070716 -0.0690081
v -0.016487 -0.407274 0.034102
v 0.114927 0.054238 0.265989
v 0.10106 0.0719774 0.264676
v 0.235896 0.156342 -0.24485
v -0.0522615 -0.281917 0.0660754
v 0.0707505 0.0892368 0.25367
v -0.0343123 -0.299346 0.0614882
v 0.169661 0.329933 -0.257206
v 0.0616224 0.0772763 0.290526
v 0.0951111 0.153615 0.172643
v 0.0495928 0.0521041 0.342081
v 0.0470206 0.0344307 0.353877
v -0.103203 -0.367677 0.0292157
v 0.0333992 0.095773 0.332943
v 0.0943482 0.381069 0.253198
v -0.146414 0.423609 0.222179
v 0.170116 0.262261 -0.290781
v 0.0338312 0.0493978 0.366065
v 0.042749 0.0607217 0.348956
v -0.0932823 -0.369948 0.0345575
v -0.1042 -0.41353 0.0188236
v 0.074751 -0.319141 -0.294365
v 0.0189328 0.0266142 0.373904
v 0.0868705 0.364672 0.243017
v -0.113157 -0.0729038 0.232291
v 0.0661115 -0.0664513 0.151229
v -0.242999 0.286687 -0.196907
v -0.152456 -0.256015 -0.206163
v -0.12028 0.205589 0.254846
v -0.127867 0.215558 0.255886
v -0.115227 -0.412024 0.0108554
v -0.112779 -0.457482 0.0038178
v -0.0988994 -0.292081 0.0495927
v -0.116256 0.201503 0.245859
v 0.155534 0.32384 -0.27385
v -0.109672 0.201886 0.256081
v 0.0691364 0.193551 0.260985
v -0.136651 0.204956 0.237772
v -0.121847 0.214065 0.193183
v 0.183465 0.27644 -0.272269
v 0.214526 0.216987 -0.259584
v 0.00921712 0.414666 0.096208
v -0.00469776 0.109699 0.339427
v -0.0874541 -0.316793 0.0491892
v -0.0192416 0.0312803 0.370664
v 0.034963 0.268775 -0.354446
v -0.00355984 0.0751206 0.367151
v 0.0155818 0.081125 0.362706
v 0.127772 -0.418108 0.00567051
v -0.102553 0.435853 -0.173656
v -0.0878698 -0.29221 0.0560281
v -0.150691 -0.291115 -0.0211175
v -0.0178084 0.0832715 0.354283
v -0.0280568 0.0867399 0.335685
v -0.023521 0.072947 0.355617
v 0.0211709 -0.334864 -0.309461
v -0.00175322 -0.37497 -0.313004
v -0.0503285 0.129645 0.234209
v 0.148758 -0.196238 -0.162866
v 0.154404 -0.327506 -0.25731
v 0.145814 -0.35219 -0.279513
v -0.0109376 0.259773 -0.357579
v -0.249317 0.285264 -0.187823
v 0.244864 0.116507 -0.231412
v -0.0240432 0.233336 -0.363036
v -0.0243589 0.13267 0.285209
v 0.132628 0.250884 -0.327585
v 0.086009 -0.246022 -0.254705
v -0.0369593 0.230482 -0.362901
v 0.279042 0.237404 -0.0251221
v 0.0155135 -0.226939 -0.270477
v 0.00806821 0.272965 0.245871
v -0.0441129 0.0951292 0.2757
v 0.182949 -0.314443 -0.0985381
v 0.19842 -0.34485 -0.147702
v 0.190094 -0.115667 -0.0550168
v 0.128247 0.239152 -0.334148
v -0.287229 0.188722 -0.152504
v 0.00797022 -0.0673101 0.162573
v -0.162463 0.371242 -0.222689
v -0.0939993 0.342401 -0.300692
v -0.093376 0.36143 -0.286681
v -0.089424 0.415246 -0.233052
v -0.0487696 0.168741 0.212148
v -0.098807 0.442654 -0.146905
v -0.0207963 0.344468 0.19558
v -0.250637 0.0323454 0.107497
v -0.280452 0.128771 -0.0276952
v -0.163441 0.423767 0.239806
v -0.26471 -0.0111953 0.0219419
v 0.0715853 -0.137751 0.233527
v -0.167402 0.44571 0.313954
v 0.0526769 -0.138975 0.164472
v -0.0158986 0.193814 0.255824
v -0.221278 0.221091 -0.252202
v -0.165902 0.338362 0.209467
v -0.271238 0.0920206 0.0165216
v 0.0625435 0.280948 -0.346679
v -0.270426 0.215429 0.0208335
v 0.122765 0.270431 -0.326055
v -0.271313 0.281572 -0.0518039
v -0.279133 0.152206 -0.0116581
v -0.170463 0.438733 0.302627
v -0.176366 0.463895 0.305791
v 0.114794 0.33351 -0.295045
v -0.175382 0.458589 0.294723
v -0.268152 0.0696114 0.0289515
v -0.265053 0.0861918 0.0544268
v 0.168801 -0.37038 -0.0476702
v -0.13334 0.243018 0.251005
v -0.173212 0.209798 -0.306545
v -0.115 0.264931 0.253883
v -0.118634 0.225823 0.261659
v -0.114908 0.211947 0.262172
v -0.163155 0.204561 0.194001
v 0.13893 0.404332 0.204064
v 0.252694 0.321002 -0.0277846
v -0.259093 0.097596 0.084338
v 0.00862228 0.17665 -0.372845
v -0.23369 0.200826 0.143861
v -0.166594 0.221109 0.226677
v -0.0321133 0.348186 0.194254
v 0.190482 -0.0508669 0.202433
v -0.172729 0.203687 0.199891
v -0.0110243 0.366051 0.169871
v 0.0570482 -0.12055 0.145034
v -0.187889 0.198474 0.185051
v 0.0301108 0.18039 0.253926
v -0.0358416 0.3706 0.163609
v 0.00727327 0.135477 -0.375899
v -0.216043 0.236162 0.167188
v -0.162077 0.271553 0.224603
v -0.163902 0.299468 0.216027
v -0.136566 0.291578 0.237051
v -0.121138 0.435796 0.241394
v 0.166804 -0.406765 -0.0458601
v -0.0239243 0.367664 0.167714
v -0.108182 0.418226 0.282958
v -0.0408238 0.137276 0.243772
v 0.015509 0.155331 -0.374854
v 0.22575 -0.0371072 0.140351
v 0.0650756 0.369782 0.1666
v -0.105447 -0.126088 0.238151
v -0.226825 0.156274 0.16623
v 0.23475 -0.124255 0.101629
v -0.236829 0.161603 0.146099
v 0.174572 0.0707982 -0.290613
v 0.071816 -0.0802472 -0.238178
v -0.211721 0.143577 0.194753
v -0.219035 0.122624 0.203036
v 0.0920701 0.331684 -0.308864
v -0.109154 -0.124829 0.247987
v -0.0156143 0.372729 0.160193
v -0.185228 0.121333 0.238318
v 0.184039 -0.042488 0.213505
v -0.204452 0.119312 0.226918
v -0.225454 0.2801 -0.224453
v -0.225532 0.121915 0.190652
v 0.239315 0.339581 -0.0179069
v 0.0185371 -0.00329591 -0.311361
v -0.104628 -0.13121 0.254941
v -0.262541 0.140332 0.0690599
v -0.25222 0.0828717 0.111945
v -0.127364 -0.120775 0.246518
v -0.1254 -0.129671 0.247913
v -0.0962968 0.310267 0.244145
v -0.273167 0.0578053 -0.0264158
v -0.277335 0.0871144 -0.160182
v -0.00485984 0.371541 0.161868
v -0.0783354 -0.145679 0.26996
v -0.293169 0.17755 -0.122456
v 0.0961818 0.139948 0.209896
v -0.268225 0.032122 -0.0380458
v -0.286925 0.103072 -0.132403
v -0.0643186 -0.145734 0.276347
v -0.254902 -0.000513088 -0.0616069
v 0.124215 0.404536 0.204826
v -0.287957 0.103071 -0.107819
v -0.281433 0.0704019 -0.105475
v -0.278478 0.0727459 -0.141458
v -0.278987 0.0614919 -0.108913
v -0.27378 0.044576 -0.0925995
v -0.2655 0.0222436 -0.104206
v -0.285183 0.119096 -0.0575481
v -0.0676174 -0.160783 0.270465
v 0.0542174 -0.059139 -0.261713
v 0.171444 -0.0248183 0.228062
v -0.281152 0.0871884 -0.0587107
v -0.271109 0.042915 -0.0470109
v -0.276384 0.0564505 -0.0785896
v -0.00531318 0.358021 0.17968
v -0.286303 0.177507 -0.156327
v -0.28878 0.139166 -0.143774
v -0.258128 0.211207 -0.207356
v -0.248167 0.235383 -0.214958
v -0.272253 0.209565 -0.185686
v -0.252232 0.149298 -0.225511
v -0.288603 0.211383 -0.143001
v -0.284204 0.187271 -0.16314
v -0.285799 0.209414 -0.155385
v -0.281409 0.23278 -0.158615
v -0.276969 0.21462 -0.175882
v -0.248562 0.296288 -0.178382
v -0.248405 0.314311 -0.152412
v 0.199878 -0.120637 0.173583
v -0.227824 0.290643 -0.215698
v -0.201532 0.315441 -0.232439
v 0.0860146 0.382404 0.208272
v -0.258388 0.260866 -0.189486
v -0.243699 0.246808 -0.216935
v -0.210066 0.337493 -0.198596
v -0.196068 0.327853 -0.22911
v 0.196372 -0.0694758 0.188931
v -0.234217 0.278873 -0.213981
v -0.230788 0.257266 -0.228905
v 0.221988 -0.0972334 0.129101
v 0.0984393 0.397826 0.220197
v 0.085134 0.193425 0.237329
v -0.258145 0.291584 -0.163369
v -0.271579 0.270226 -0.155062
v 0.21897 -0.0578584 0.143722
v -0.0915739 -0.391982 0.0301248
v -0.13555 0.362203 -0.258915
v -0.0932502 0.205526 0.21079
v -0.198342 0.253298 -0.26794
v 0.136432 0.314394 -0.29392
v -0.157895 0.260827 -0.304585
v -0.289919 0.18954 -0.141439
v -0.125922 0.266263 -0.326575
v -0.120833 0.242607 -0.338511
v -0.138777 0.2911 -0.305727
v 0.177839 -0.141369 -0.045276
v -0.11718 0.275758 -0.327261
v -0.141448 0.324888 -0.283213
v 0.118288 0.215709 0.19623
v -0.161286 0.336585 -0.258266
v -0.107609 0.134757 -0.359472
v -0.168015 0.403723 0.27115
v -0.23726 0.0949526 0.166226
v -0.246772 0.119136 0.129476
v -0.0726611 0.182717 -0.367172
v -0.0549951 0.250306 -0.357168
v -0.103958 0.214207 -0.353424
v -0.0912734 0.243182 -0.350684
v -0.0831336 0.199497 -0.362346
v -0.103548 0.147148 -0.361707
v 0.0826483 0.376606 0.219705
v -0.0950163 0.179461 -0.362075
v -0.0717753 0.248389 0.267196
v 0.093337 0.393234 0.230682
v -0.136607 0.151751 -0.344632
v 0.161035 0.240804 -0.30727
v -0.0709169 0.146854 -0.370736
v -0.0949976 0.125898 -0.364031
v 0.122343 0.227886 -0.341003
v 0.102639 0.218282 -0.352309
v -0.0367185 -0.312476 0.0573972
v 0.116641 0.150734 -0.354328
v -0.251564 0.155256 0.10674
v -0.233059 0.0568169 0.183477
v 0.0519046 0.155098 -0.373102
v 0.0687655 0.181782 -0.36775
v 0.144997 0.184684 -0.334909
v 0.114358 0.177663 -0.354016
v 0.12142 0.204661 -0.34714
v 0.127112 0.145879 -0.34866
v 0.051073 0.384536 0.136221
v 0.0812054 0.186501 -0.364739
v 0.137919 0.152427 0.166113
v 0.079008 0.172552 -0.366632
v 0.0586124 0.19021 -0.36804
v 0.0495893 0.212159 -0.365548
v 0.201033 0.145822 -0.286809
v 0.189585 0.203413 -0.290195
v 0.224913 0.192853 -0.252949
v 0.161528 0.206554 -0.317425
v 0.13666 0.212671 -0.335818
v 0.143435 0.251435 -0.319168
v 0.186437 0.132128 -0.302944
v 0.196143 0.110632 -0.290741
v 0.152115 0.163821 -0.331946
v 0.186625 0.146049 -0.302438
v 0.226974 0.12557 -0.257503
v 0.210374 0.107235 -0.274515
v 0.262758 0.0272642 0.092336
v 0.178665 0.153241 -0.309518
v -0.0404386 -0.27834 0.0678727
v 0.0865357 0.204215 0.212741
v 0.15297 -0.0388571 -0.208646
v 0.147984 0.021267 -0.268847
v 0.165463 0.462177 0.296879
v 0.155641 -0.0453441 -0.198713
v 0.226895 0.0563992 -0.228571
v 0.244698 0.0792031 -0.217481
v 0.240314 0.05761 -0.209401
v 0.225936 0.0749753 -0.242016
v 0.103831 0.390288 0.109053
v -0.258394 0.108698 0.0872501
v 0.210678 -0.0256335 -0.164705
v 0.19941 -0.0040906 -0.202933
v 0.181973 -0.130114 -0.0527368
v 0.230712 0.0683238 -0.231402
v 0.197278 0.0394442 -0.247359
v -0.224405 0.324942 -0.188399
v -0.285516 0.111481 -0.0669398
v -0.291625 0.163585 -0.129887
v 0.191495 -0.0387562 -0.169557
v 0.191516 -0.0574854 -0.144279
v 0.131715 -0.0307635 -0.234302
v 0.167796 -0.134992 -0.0883751
v -0.0417155 0.0309902 0.295144
v 0.256925 -0.0528117 0.07407
v 0.146896 -0.156142 -0.136457
v 0.219801 -0.0864788 -0.0273843
v -0.274262 0.0537159 -0.0569697
v 0.152635 -0.168523 -0.134007
v 0.164257 -0.147055 -0.0960256
v 0.175107 -0.124803 -0.080615
v 0.190059 -0.0934122 -0.096158
v 0.165209 -0.161833 -0.0991135
v 0.173968 -0.142684 -0.0565079
v 0.173953 -0.031864 -0.196156
v 0.19297 -0.0254112 -0.184504
v 0.134914 -0.0200809 -0.241512
v -0.259876 0.186806 -0.208588
v -0.223003 0.332506 -0.180605
v 0.209286 -0.118723 -0.00923353
v 0.187511 -0.0523877 -0.155787
v 0.238959 -0.0604393 -0.0202989
v 0.193144 -0.134497 -0.0155415
v -0.268415 0.226501 0.0223135
v 0.178521 -0.146679 -0.0344311
v 0.217883 -0.0810689 -0.0375418
v -0.232744 0.330232 -0.161533
v 0.231399 0.050803 -0.217775
v -0.207595 0.280193 -0.245994
v 0.229707 -0.0793934 -0.0188527
v 0.246492 -0.0841685 -0.00263928
v 0.254942 -0.0432459 0.0825839
v -0.113808 0.345921 -0.286512
v 0.103797 0.125946 0.231356
v -0.239332 0.303083 -0.187938
v -0.0461563 0.240267 -0.360346
v -0.0844211 0.233935 -0.35464
v 0.10969 0.3853 0.118749
v -0.0328077 0.418619 0.0876926
v 0.198087 0.0315254 -0.239332
v 0.186306 0.011608 -0.230873
v 0.264462 -0.0674364 0.0226185
v 0.230132 -0.133242 0.108858
v 0.240802 -0.0672249 0.100297
v 0.213566 -0.177393 0.120664
v 0.268404 -0.0484585 0.0357273
v 0.257553 -0.0930331 0.0250017
v 0.157594 0.00958677 -0.251129
v 0.267105 0.0134015 0.0691768
v 0.168412 0.229993 -0.304382
v 0.249116 0.00011717 0.117649
v -0.231732 0.306352 -0.197222
v 0.241303 -0.00768468 0.128235
v 0.1709 0.188133 -0.312465
v 0.201872 -0.0475879 0.182336
v 0.216292 0.156976 -0.268415
v 0.18684 0.335886 0.115425
v 0.196396 -0.0430178 0.193787
v 0.15841 0.228388 -0.313634
v 0.192634 0.000847771 0.220375
v 0.169744 -0.00372292 -0.22962
v 0.210021 0.00312885 0.20238
v 0.200396 0.158409 -0.28571
v 0.00162098 0.440275 0.0527165
v 0.106693 0.215801 0.196122
v 0.188021 -0.0180601 0.214701
v 0.18132 -0.0281192 0.219148
v 0.181258 -0.0207051 -0.201711
v 0.166814 0.216325 -0.309945
v -0.0636993 0.404102 0.102607
v -0.0638223 -0.297991 0.0601889
v -0.049554 0.407107 0.101609
v 0.255009 -0.0888198 0.0637477
v 0.122579 0.123631 0.238461
v -0.0479451 0.2116 -0.365624
v -0.123494 0.117433 -0.348614
v 0.0771001 0.189054 0.151817
v 0.0678521 0.411134 0.0890116
v -0.164628 0.324336 -0.263814
v -0.179093 0.243477 -0.291878
v -0.131413 0.310968 -0.299595
v -0.167436 0.290194 -0.281404
v -0.219399 0.244679 -0.247379
v -0.130725 0.329658 -0.287442
v -0.276342 0.229313 -0.172634
v 0.166793 0.274474 -0.288939
v 0.0853831 0.138109 0.214202
v -0.0721285 -0.0474049 0.263233
v 0.0690738 0.12821 0.225392
v -0.22466 0.316343 -0.198031
v 0.231728 -0.105787 0.11066
v 0.224446 -0.0503203 0.136361
v 0.0689101 0.404112 0.100177
v -0.002556 0.14642 0.297283
v -0.132787 0.382618 0.283143
v -0.243628 0.186292 -0.232441
v -0.268747 0.162538 -0.196636
v -0.0491401 0.247198 0.267468
v 0.0540308 0.088356 0.287064
v 0.0603428 0.33964 -0.318983
v -0.288705 0.16686 -0.146413
v -0.265964 0.0264095 -0.0663816
v 0.0970949 -0.415822 -0.203795
v 0.0734221 0.379544 0.144215
v -0.290275 0.127295 -0.120264
v -0.274579 0.0699566 -0.0187343
v -0.0291309 -0.408826 0.0328471
v -0.291731 0.136569 -0.10089
v 0.210755 -0.125841 0.00261789
v -0.263733 0.0409312 0.048915
v 0.0284194 0.0918325 0.344849
v -0.117997 0.381213 0.280895
v -0.249797 0.118356 0.118336
v -0.0913673 -0.0582832 0.24979
v -0.0649861 0.207742 0.272123
v -0.101673 0.207285 0.265214
v -0.105643 0.221323 0.267059
v -0.259895 0.179907 0.0717425
v -0.108314 0.236058 0.263822
v -0.253905 0.12901 0.102016
v 0.181956 0.338253 0.12866
v -0.227664 0.0997144 0.193595
v -0.1687 0.131004 0.230875
v 0.00422192 0.117632 0.333332
v -0.187928 0.148899 0.201004
v 0.00126754 0.163984 0.275755
v 0.0107021 0.183052 0.256419
v 0.147191 0.282784 -0.302797
v -0.26975 0.0994848 0.0285376
v -0.0603061 -0.0471876 0.26587
v -0.065477 -0.436192 0.0236393
v -0.0168085 0.114067 0.323903
v -0.0263422 -0.469691 0.017798
v -0.168205 0.360086 0.212836
v 0.136196 0.0843685 0.259494
v -0.0441243 0.0877205 0.289372
v 0.1265 0.0904562 0.25295
v -0.0241069 -0.145012 0.288392
v 0.266492 -0.0221484 0.0592932
v -0.107521 0.213562 0.196045
v -0.101797 -0.0626904 0.246125
v 0.211215 -0.0914943 0.153183
v -0.216577 0.316669 -0.210219
v -0.067052 0.188142 0.25078
v -0.00214492 -0.0623052 0.168278
v -0.084047 0.308876 0.242483
v 0.20634 -0.0887091 0.164381
v 0.198434 -0.108396 0.178702
v 0.190631 -0.143061 0.18682
v -0.0647732 0.297085 0.243758
v -0.0540412 0.199158 0.267686
v 0.176007 -0.177761 0.191681
v -0.0443774 0.193437 0.261549
v -0.0374896 0.182173 0.245971
v -0.0988091 0.262593 0.258845
v -0.0846612 0.287718 0.250548
v -0.0981978 0.288342 0.249791
v -0.129084 0.302971 0.238265
v -0.136774 0.255726 0.24594
v 0.172272 0.464854 0.304261
v -0.136388 0.329838 0.241173
v -0.0915856 -0.436948 0.019461
v -0.118508 0.418544 0.295018
v -0.0922846 0.379878 0.261477
v 0.202258 -0.17765 0.147511
v 0.16388 0.340149 -0.254683
v -0.127914 0.342932 0.255427
v 0.202083 -0.182804 0.0667285
v 0.0753631 -0.25228 0.0741848
v 0.215661 -0.140723 0.0247616
v -0.0504669 0.149285 0.219876
v 0.17078 -0.227593 -0.0597143
v 0.0798298 0.329678 -0.316757
v 0.203497 -0.142188 0.0185325
v 0.194989 0.324311 0.113613
v 0.0142367 -0.0392672 0.271664
v -0.15044 0.432866 0.315734
v -0.163916 0.453333 0.323486
v 0.0237703 -0.0923756 -0.250222
v 0.116685 -0.134421 -0.171288
v 0.141131 -0.144463 -0.139781
v 0.133418 -0.142086 -0.150367
v 0.138229 -0.0712336 -0.187535
v -0.16986 0.463858 0.325545
v -0.0413465 0.386154 0.137235
v -0.282123 0.2059 -0.0293142
v -0.146465 0.483673 0.318187
v 0.155499 -0.131922 -0.112792
v 0.151514 -0.0987696 -0.140568
v -0.143983 0.472846 0.325545
v 0.122279 -0.113184 -0.165153
v -0.148456 0.477343 0.29216
v -0.195656 0.18813 0.179048
v 0.172997 -0.20815 -0.117071
v 0.183376 -0.262557 -0.158923
v 0.15314 -0.222345 -0.175543
v 0.192285 -0.300066 -0.186595
v 0.0771449 -0.051567 0.19956
v 0.00168799 -0.0382722 0.2391
v 0.201597 -0.357098 -0.153796
v -0.00532177 -0.0391162 0.260431
v 0.0992708 -0.0442461 -0.247299
v 0.00182064 -0.0380928 0.250692
v 0.13412 0.158217 0.155861
v 0.0401134 -0.0365546 -0.281912
v -0.0173654 0.168849 -0.373591
v -0.17276 0.470832 0.296358
v -0.08676 0.44776 -0.141809
v 0.0100411 0.191644 -0.370853
v 0.0377074 -0.0526737 0.18071
v 0.0184813 -0.0568405 0.175611
v -0.109851 0.391792 0.179165
v 0.0246197 -0.0520028 0.182857
v -0.134988 0.451129 0.256557
v -0.0948918 0.402708 0.208833
v -0.0356892 0.378584 0.150772
v -0.167594 0.372129 0.204791
v 0.166405 0.32192 -0.265959
v -0.162587 0.453415 0.265816
v 0.0298539 0.435986 0.058404
v 0.0192185 -0.0468781 0.1932
v -0.162018 0.21736 -0.315181
v -0.178557 0.181561 -0.307904
v 0.0228286 -0.0401905 0.223472
v -0.208569 0.149243 -0.28088
v 0.154393 -0.291348 -0.0129449
v -0.160464 0.397581 0.211159
v -0.141724 0.396516 0.190028
v -0.197372 0.337565 0.142723
v -0.172162 0.358996 0.170954
v -0.17551 0.364837 0.138677
v 0.167862 0.354632 0.156565
v 0.0259702 -0.0436016 0.203583
v -0.223412 0.178475 -0.260038
v -0.174402 0.343768 0.187962
v 0.0208883 -0.0411875 0.212853
v -0.151583 0.0874445 -0.319604
v -0.163997 0.089093 -0.311876
v 0.273816 0.209756 0.0124399
v -0.143574 0.0762898 -0.317733
v -0.192345 0.314942 0.179909
v -0.108223 0.00734188 -0.28512
v 0.0283535 0.429782 0.0714801
v -0.171075 0.32746 0.201625
v -0.249318 0.0978277 -0.222891
v 0.162273 -0.303928 -0.0314419
v -0.16208 0.326102 0.213385
v 0.0319165 -0.0748002 0.151978
v -0.240179 0.0651289 -0.220994
v -0.103212 0.364898 -0.27849
v 0.156022 0.377187 0.17344
v 0.153641 0.439379 0.259881
v 0.188069 0.323127 -0.244508
v -0.226805 0.222187 0.152096
v 0.166015 0.167052 0.16146
v -0.222371 0.272011 0.14926
v -0.222931 0.190365 0.161334
v -0.215103 0.211823 0.169021
v -0.19807 0.282035 0.185991
v -0.209418 0.28999 0.165939
v -0.205747 0.2515 0.180768
v -0.190679 0.279491 0.19571
v -0.236818 -0.0343637 -0.0825667
v -0.0227084 0.273148 -0.354084
v 0.0283026 -0.0964807 0.142628
v -0.182063 0.232444 0.21116
v -0.193189 0.241889 0.197666
v 0.209962 0.0119362 0.211541
v -0.205816 0.322369 -0.220523
v -0.152128 0.302704 0.224594
v 0.0388104 -0.0951068 0.141116
v -0.225303 0.288142 0.127951
f 82 2 8
f 195 8 2
f 82 28 2
f 2595 2 28
f 195 2 29
f 2595 29 2
f 28 23 3
f 530 3 23
f 28 3 5797
f 530 5908 3
f 837 5797 3
f 837 3 5908
f 4 12401 4144
f 4 4144 12793
f 6424 4 6441
f 6424 8495 4
f 6441 4 12793
f 4 8495 12794
f 4 12794 12401
f 224 5 5472
f 9268 5 224
f 5472 5 10004
f 9344 6303 5
f 5 6303 10004
f 9268 9344 5
f 82 6 23
f 3825 23 6
f 82 4968 6
f 3101 6 943
f 4968 943 6
f 3101 1363 6
f 3825 6 1363
f 7 1287 1443
f 7 5771 1287
f 7 1354 5743
f 7 10314 1354
f 7 1443 10314
f 7 5743 5776
f 7 5776 5771
f 82 8 4968
f 195 3818 8
f 3818 4968 8
f 1316 228 9
f 228 9991 9
f 1316 9 1807
f 9 10001 1807
f 9 9991 2361
f 9 2361 10001
f 1017 1192 10
f 1017 10 1457
f 10 1192 10045
f 10 1455 1457
f 10 7674 1455
f 10 10045 7674
f 75 139 11
f 75 11 922
f 139 11732 11
f 11 344 922
f 4548 344 11
f 4548 11 11732
f 920 12 10058
f 920 10065 12
f 1582 10058 12
f 1582 12 10952
f 11631 12 10065
f 10952 12 11631
f 13 17 1934
f 13 4256 17
f 13 1934 978
f 13 978 4220
f 13 4220 4256
f 1390 1076 14
f 1076 2398 14
f 1390 14 2590
f 11736 14 2398
f 11736 2590 14
f 887 15 1463
f 887 9900 15
f 5762 1463 15
f 5762 15 10172
f 6270 15 9900
f 10172 15 6270
f 187 60 16
f 16 60 2590
f 187 16 3185
f 11736 16 2590
f 11448 3185 16
f 11448 16 11736
f 17 594 1934
f 17 3114 594
f 17 4256 3114
f 18 140 78
f 18 78 9847
f 3529 140 18
f 2296 8625 18
f 2296 18 9847
f 3529 18 8625
f 6304 19 6305
f 10010 19 6304
f 6305 19 10854
f 10621 6322 19
f 10854 19 6322
f 10010 10621 19
f 1130 3615 20
f 9404 1130 20
f 1402 3610 20
f 1402 20 3615
f 20 3610 10983
f 9404 20 10983
f 21 847 10070
f 21 10073 847
f 21 1247 1156
f 21 1156 10073
f 21 1312 1247
f 21 10070 1312
f 3168 22 873
f 873 22 5978
f 3168 11071 22
f 7586 22 5894
f 5894 22 11071
f 22 7586 5978
f 82 23 28
f 530 23 3825
f 899 24 3999
f 4677 24 899
f 4677 1126 24
f 24 1126 12583
f 24 7670 3999
f 24 12583 7670
f 3748 25 5026
f 3748 5851 25
f 3749 5308 25
f 9982 3749 25
f 5026 25 5308
f 9982 25 5851
f 10307 26 5780
f 12183 5780 26
f 5895 26 10242
f 12183 26 5895
f 26 6963 10242
f 10307 6963 26
f 27 1512 1507
f 27 1507 10083
f 27 1513 1512
f 1616 1513 27
f 10306 1616 27
f 10305 27 10083
f 10306 27 10305
f 2595 28 3827
f 3827 28 5797
f 195 29 5920
f 5535 941 29
f 5920 29 941
f 5535 29 2595
f 4774 30 4806
f 6794 30 4774
f 6697 4806 30
f 6168 6697 30
f 6168 30 9073
f 6794 9073 30
f 10393 5377 31
f 31 5377 12285
f 31 6379 5435
f 10393 31 5435
f 31 10197 6379
f 31 12285 10197
f 32 406 202
f 32 202 10401
f 5489 406 32
f 5485 9784 32
f 5485 32 10401
f 5489 32 9784
f 1506 33 139
f 3810 139 33
f 33 1505 167
f 3810 33 167
f 33 3553 1505
f 1506 3553 33
f 1335 34 1140
f 1140 34 8649
f 1335 6789 34
f 6789 6887 34
f 12824 34 6887
f 8649 34 12824
f 8048 35 76
f 76 35 12533
f 8135 4423 35
f 12533 35 4423
f 8048 10994 35
f 8135 35 10994
f 62 36 63
f 62 3206 36
f 36 6222 63
f 86 826 36
f 86 36 3206
f 954 36 826
f 954 6222 36
f 8049 37 41
f 41 37 10994
f 8049 7507 37
f 8135 37 7507
f 8135 10994 37
f 212 210 38
f 526 38 210
f 212 38 3565
f 526 5920 38
f 838 3565 38
f 5920 838 38
f 164 1294 39
f 39 3476 164
f 39 1294 3712
f 3476 39 9359
f 39 3712 3713
f 39 3713 9359
f 40 2299 1145
f 40 1145 9059
f 40 9051 2299
f 4760 7351 40
f 4760 40 9059
f 40 7351 7331
f 40 7331 9051
f 8049 41 1939
f 1939 41 12347
f 8134 41 10994
f 8134 12347 41
f 3063 42 660
f 42 7543 660
f 2419 42 1173
f 3063 1173 42
f 2419 4474 42
f 42 4474 7543
f 190 43 522
f 1511 43 190
f 522 43 367
f 43 3817 367
f 1511 935 43
f 43 935 3817
f 6309 44 1712
f 44 11806 1712
f 44 10723 2127
f 11806 44 2127
f 6309 10186 44
f 44 10186 10723
f 215 213 45
f 213 221 45
f 215 45 2428
f 221 3835 45
f 2428 45 2157
f 3835 2157 45
f 46 1543 7717
f 46 10276 1543
f 1622 46 7717
f 1622 12452 46
f 46 9767 10276
f 46 12452 9767
f 47 1543 1558
f 47 7806 1543
f 47 1559 1550
f 47 1550 5840
f 47 1558 1559
f 47 5840 7806
f 1556 48 1550
f 48 10145 1550
f 1556 1555 48
f 48 1555 10144
f 5847 48 10144
f 5847 10145 48
f 607 49 410
f 8731 410 49
f 607 5382 49
f 5382 9682 49
f 8731 49 5383
f 5383 49 9682
f 3616 50 2346
f 2346 50 9054
f 3616 9056 50
f 7469 50 4757
f 4757 50 9056
f 7469 9054 50
f 3618 51 2313
f 51 9024 2313
f 3618 2745 51
f 51 2745 8123
f 10704 51 8123
f 10704 9024 51
f 5334 6651 52
f 5334 52 10649
f 52 8936 6351
f 10649 52 6351
f 52 6651 8936
f 53 5924 372
f 53 372 5945
f 53 6809 1568
f 53 1568 10043
f 5924 53 10043
f 6809 53 5945
f 54 2047 9838
f 10682 2047 54
f 54 9838 10667
f 54 10667 10635
f 10685 54 10635
f 10685 10682 54
f 55 9065 7008
f 55 7008 12292
f 55 8346 10708
f 55 12292 8346
f 55 9022 9065
f 55 10708 9022
f 56 2252 6552
f 6564 2252 56
f 56 6552 9414
f 6564 56 6565
f 7150 6565 56
f 7150 56 9414
f 321 6874 57
f 321 57 11204
f 6874 6570 57
f 6570 9331 57
f 9906 57 9331
f 9906 10868 57
f 11204 57 10868
f 1851 1581 58
f 1581 10912 58
f 10261 1851 58
f 10184 10250 58
f 10912 10184 58
f 10261 58 10250
f 1785 3107 59
f 1785 59 4542
f 3107 1842 59
f 59 1842 3745
f 6574 59 3745
f 6574 4542 59
f 109 60 928
f 109 2590 60
f 187 4553 60
f 4553 928 60
f 61 1593 10216
f 61 12388 1593
f 61 10216 1690
f 12827 61 1690
f 61 11650 12388
f 12827 11650 61
f 62 63 382
f 127 62 2604
f 127 3206 62
f 62 382 2604
f 63 2157 382
f 63 1204 2157
f 6222 1204 63
f 632 64 6001
f 632 12837 64
f 10194 6001 64
f 10297 10194 64
f 10297 64 12852
f 12849 64 12837
f 12849 12852 64
f 1274 9459 65
f 10316 1274 65
f 65 5160 9348
f 65 9459 5160
f 9326 65 9348
f 9326 10316 65
f 3454 2710 66
f 2710 5790 66
f 3454 66 3078
f 66 3800 3078
f 66 5795 3800
f 66 5790 10033
f 66 10033 5795
f 67 2683 76
f 67 76 12533
f 67 11906 2683
f 67 8138 7555
f 67 7555 11906
f 67 12533 8138
f 3887 1180 68
f 68 1180 9311
f 3887 68 8182
f 12482 8182 68
f 68 9311 8183
f 12482 68 8183
f 10344 1339 69
f 1339 10346 69
f 69 1741 10333
f 69 10346 1741
f 10344 69 10333
f 8238 323 70
f 70 323 12696
f 70 7912 10896
f 70 12696 7912
f 8238 70 10898
f 10898 70 10896
f 71 1294 922
f 4908 71 922
f 71 3712 1294
f 71 8824 3712
f 71 4908 8476
f 8476 8824 71
f 4182 1619 72
f 1619 5728 72
f 72 2649 4171
f 2649 72 5728
f 8698 72 4171
f 4182 72 8698
f 73 2397 773
f 5897 73 773
f 1108 2397 73
f 1108 73 3802
f 5897 3802 73
f 6044 1595 74
f 9925 74 1595
f 11292 6044 74
f 10727 74 9925
f 10727 11292 74
f 75 1506 139
f 164 75 1294
f 164 1506 75
f 75 922 1294
f 76 2683 7607
f 8048 76 7607
f 924 77 5884
f 11456 77 924
f 1950 5532 77
f 1950 77 11456
f 77 5532 3811
f 77 3811 5884
f 1076 78 140
f 1360 936 78
f 9847 78 936
f 1360 78 1076
f 79 503 174
f 5919 79 174
f 79 1433 503
f 937 935 79
f 79 935 1433
f 5919 937 79
f 80 4545 734
f 80 734 12552
f 80 3954 6945
f 80 12552 3954
f 80 8260 4545
f 80 6945 8260
f 81 1273 311
f 81 311 9458
f 81 8839 1273
f 81 9458 6969
f 81 6969 9664
f 81 9664 8839
f 83 1548 1099
f 1589 83 1099
f 1379 1548 83
f 1564 1379 83
f 1564 83 2455
f 3863 83 1589
f 3863 2455 83
f 84 3743 624
f 5844 84 624
f 1821 84 5844
f 9876 84 1821
f 4523 3743 84
f 9876 4523 84
f 2068 1635 85
f 10063 85 1635
f 2068 85 8893
f 85 6365 8893
f 10404 6365 85
f 10063 10404 85
f 86 203 1519
f 86 3206 203
f 86 534 826
f 86 1519 534
f 10235 87 6293
f 87 12063 6293
f 10235 10237 87
f 10237 12098 87
f 12063 87 10409
f 10409 87 12098
f 2251 88 6793
f 2251 9873 88
f 5663 88 4522
f 88 9873 4522
f 5663 6793 88
f 89 3739 2032
f 89 2032 5837
f 89 3740 3739
f 89 5101 3740
f 89 9251 5101
f 89 5837 9251
f 90 6293 1572
f 90 1572 10354
f 90 10354 5979
f 12155 90 5979
f 10235 6293 90
f 10235 90 12155
f 2370 91 2493
f 2370 9967 91
f 9288 91 2489
f 91 9967 2489
f 91 12600 2493
f 9288 12600 91
f 2869 92 6662
f 2869 9970 92
f 6594 6662 92
f 9859 6594 92
f 9859 92 10621
f 10621 92 9970
f 93 103 6533
f 93 9655 103
f 93 6533 9528
f 7145 9124 93
f 7145 93 9528
f 93 9124 9655
f 94 5970 5612
f 10298 94 5612
f 94 10262 5970
f 94 10427 10262
f 10264 94 10298
f 10264 10427 94
f 95 1960 242
f 95 242 11465
f 95 269 1960
f 95 4954 269
f 95 2578 4954
f 95 11465 2578
f 96 256 252
f 2724 96 252
f 2306 256 96
f 645 96 257
f 96 2724 257
f 2306 96 645
f 97 5970 1670
f 97 1670 10449
f 1673 8654 97
f 10449 1673 97
f 97 8794 5970
f 97 8654 8794
f 1387 98 389
f 98 1969 389
f 1387 5538 98
f 98 10341 1969
f 98 5538 2615
f 98 2615 10341
f 99 4973 287
f 99 287 10339
f 1405 99 878
f 99 10339 878
f 99 1405 5726
f 99 5726 4973
f 100 4333 4064
f 10164 100 4064
f 7902 4333 100
f 7888 7902 100
f 7888 100 8162
f 8162 100 10164
f 115 101 12442
f 115 12863 101
f 101 4262 8565
f 101 12860 4262
f 101 8565 12442
f 101 12863 12860
f 102 2660 653
f 102 653 4650
f 102 655 654
f 102 654 2660
f 102 4977 655
f 102 4650 4977
f 103 10830 6533
f 103 9123 6621
f 103 6621 10830
f 103 9655 9123
f 4279 104 8634
f 4279 8654 104
f 5981 104 9520
f 5981 10497 104
f 10497 8634 104
f 9520 104 8654
f 9662 105 111
f 111 105 10504
f 5954 5363 105
f 105 5363 8580
f 5954 105 9662
f 105 8580 10504
f 106 2012 2455
f 9090 2012 106
f 106 2293 3756
f 2293 106 3863
f 106 2455 3863
f 9090 106 3756
f 422 107 2574
f 422 11465 107
f 1230 3169 107
f 1230 107 5531
f 2574 107 3169
f 5531 107 11465
f 3051 3249 108
f 3051 108 11353
f 3249 3732 108
f 108 3732 7560
f 11860 108 7560
f 11860 11353 108
f 6238 109 928
f 1390 2590 109
f 1390 109 5728
f 6238 5728 109
f 110 6650 357
f 110 357 7004
f 110 9324 6650
f 110 7004 8874
f 10955 110 8874
f 10955 9324 110
f 111 5362 6213
f 111 10504 5362
f 6987 111 6213
f 6987 9662 111
f 5334 6482 112
f 5334 112 6651
f 9325 112 6482
f 10954 6651 112
f 6656 112 9325
f 10954 112 6656
f 153 113 11728
f 153 11766 113
f 161 3078 113
f 161 113 11766
f 113 3078 5528
f 113 5528 11728
f 114 5901 10311
f 11572 5901 114
f 6013 114 11415
f 11572 114 6013
f 6439 114 10311
f 6439 11415 114
f 8566 4126 115
f 115 4126 12863
f 8566 115 12886
f 115 12442 12886
f 1480 388 116
f 6238 116 388
f 116 928 3813
f 6238 928 116
f 116 11928 1480
f 116 3813 11928
f 117 936 1360
f 5273 936 117
f 117 1360 10027
f 4161 117 2564
f 117 10027 2564
f 4161 5273 117
f 2508 937 118
f 5919 118 937
f 991 1132 118
f 991 118 11337
f 1132 2508 118
f 5919 11337 118
f 8802 119 361
f 9821 361 119
f 3592 2366 119
f 9822 119 2366
f 3592 119 8802
f 9821 119 9822
f 120 2492 668
f 668 2659 120
f 120 1310 841
f 120 841 2492
f 9573 1310 120
f 2659 9573 120
f 121 559 157
f 1377 121 157
f 121 2492 559
f 794 668 121
f 668 2492 121
f 794 121 1377
f 3654 363 122
f 363 6558 122
f 600 3654 122
f 600 122 6561
f 122 6558 5386
f 122 5386 6561
f 163 927 123
f 163 123 7845
f 227 123 214
f 123 927 214
f 227 10874 123
f 10874 7845 123
f 1360 1076 124
f 1390 124 1076
f 1360 124 10027
f 1390 5728 124
f 124 5728 1619
f 10027 124 1619
f 193 1925 125
f 193 125 6252
f 1925 1741 125
f 10346 125 1741
f 6252 125 10777
f 10777 125 10346
f 758 126 3354
f 758 11728 126
f 3354 126 917
f 126 10029 917
f 126 1409 10029
f 126 11728 1409
f 1417 203 127
f 127 203 3206
f 781 1417 127
f 781 127 2604
f 1211 553 128
f 5935 128 553
f 794 128 556
f 5935 556 128
f 794 1377 128
f 1377 1211 128
f 6105 129 10662
f 6105 12212 129
f 10350 10625 129
f 10350 129 12494
f 10625 10662 129
f 12212 12494 129
f 151 130 133
f 8021 133 130
f 151 154 130
f 154 12320 130
f 8021 130 185
f 185 130 12320
f 814 131 3995
f 814 4012 131
f 2510 3995 131
f 2510 131 12593
f 4012 8311 131
f 8311 12593 131
f 1769 132 1763
f 132 6053 1763
f 1778 132 1769
f 132 1778 6055
f 6053 132 12473
f 12473 132 6055
f 8023 151 133
f 3238 327 133
f 8023 133 327
f 3238 133 8021
f 1549 559 134
f 559 3722 134
f 1527 134 840
f 3722 840 134
f 1527 953 134
f 953 10024 134
f 1549 134 10024
f 4011 135 5572
f 4011 7956 135
f 5572 135 8308
f 7632 135 7956
f 7632 12609 135
f 12609 8308 135
f 2739 3894 136
f 2739 136 12492
f 136 3894 10611
f 136 10611 7706
f 12492 136 7706
f 137 1399 5255
f 5262 1399 137
f 137 5255 6288
f 5262 137 5687
f 5687 137 6011
f 137 6288 6011
f 138 649 4557
f 11039 649 138
f 6232 138 3966
f 138 8265 3966
f 138 4557 8265
f 11039 138 6232
f 3810 354 139
f 354 11732 139
f 1076 140 2398
f 140 1515 2398
f 3529 1515 140
f 243 141 434
f 243 2477 141
f 380 434 141
f 380 141 6250
f 2477 6250 141
f 142 1779 4618
f 142 6079 1779
f 3779 4606 142
f 3779 142 4618
f 4606 10196 142
f 142 10196 6079
f 159 143 2985
f 159 7996 143
f 3458 143 466
f 466 143 3553
f 3458 2985 143
f 143 7996 3553
f 1920 5412 144
f 1920 144 10387
f 144 5412 6302
f 144 6302 10007
f 10201 144 10007
f 10387 144 10201
f 145 1511 190
f 4641 145 190
f 1470 145 2703
f 1470 3801 145
f 145 3801 1511
f 2703 145 4641
f 146 154 151
f 146 151 3726
f 3730 154 146
f 8025 146 3726
f 8029 3730 146
f 8025 8029 146
f 147 9954 6364
f 147 6364 11443
f 147 6673 9954
f 12236 6673 147
f 10598 147 11443
f 10598 12236 147
f 2062 148 6699
f 2062 10626 148
f 148 6366 6699
f 10395 6366 148
f 10395 148 10658
f 10626 10658 148
f 7303 3291 149
f 149 3291 8205
f 4343 149 7181
f 4343 7303 149
f 149 8205 7181
f 1803 150 6102
f 1803 12217 150
f 6069 6102 150
f 6069 150 6273
f 150 10400 6273
f 150 12217 10400
f 8023 3726 151
f 152 1988 3373
f 152 4933 1988
f 152 3373 2862
f 152 2862 5775
f 152 10088 4933
f 152 5775 10088
f 153 758 1389
f 153 11728 758
f 153 1389 6578
f 153 6578 11766
f 12328 154 3730
f 12328 12320 154
f 2079 6142 155
f 155 10675 2079
f 10413 155 6142
f 155 10413 10562
f 10562 10416 155
f 10416 10672 155
f 10675 155 10672
f 7942 156 6796
f 6796 156 10503
f 7829 156 6810
f 11104 6810 156
f 7829 10503 156
f 7942 11104 156
f 157 559 1549
f 1377 157 5944
f 157 1549 5944
f 158 3985 261
f 158 261 10874
f 158 7668 3985
f 158 8284 7668
f 7831 8284 158
f 7831 158 10874
f 159 1389 758
f 159 758 3354
f 159 2985 1389
f 159 3354 7996
f 3721 12320 160
f 3721 160 12321
f 3727 12321 160
f 3727 160 12327
f 8422 12327 160
f 12328 8422 160
f 12328 160 12320
f 3454 3078 161
f 10877 3454 161
f 161 11766 10877
f 5401 162 4883
f 162 5405 4883
f 5390 6178 162
f 5390 162 11319
f 5401 11319 162
f 11268 5405 162
f 11268 162 6178
f 163 7845 343
f 163 343 9399
f 163 696 927
f 163 9399 696
f 164 466 1506
f 3476 466 164
f 165 412 9731
f 412 165 11114
f 165 6827 6814
f 165 6814 9755
f 165 9731 6827
f 165 9755 11114
f 166 693 8547
f 166 8795 693
f 166 8547 8558
f 166 8558 9214
f 10820 8795 166
f 10820 166 9214
f 167 1504 918
f 10329 167 918
f 167 1505 1504
f 10329 3810 167
f 1889 168 626
f 168 10472 626
f 1889 1853 168
f 168 1853 6155
f 168 6155 1855
f 1855 10472 168
f 169 1614 7859
f 169 12093 1614
f 3518 169 7794
f 3518 7817 169
f 7794 169 7859
f 169 7817 12093
f 170 10315 2507
f 170 2507 10609
f 170 9509 10421
f 170 10609 9509
f 170 10328 10315
f 170 10421 10328
f 6519 302 171
f 171 302 10815
f 6519 171 9735
f 171 6818 9735
f 171 11126 6818
f 171 10815 11126
f 7577 966 172
f 966 8487 172
f 7577 172 2977
f 172 12793 2977
f 8487 6441 172
f 6441 12793 172
f 174 503 173
f 5897 174 173
f 1483 173 503
f 892 173 1483
f 892 3802 173
f 5897 173 3802
f 5897 1668 174
f 5919 174 1668
f 2918 7213 175
f 2918 175 9286
f 6851 175 7213
f 6851 11520 175
f 11520 9286 175
f 503 1433 176
f 1483 503 176
f 1433 3801 176
f 1483 176 3205
f 3205 176 5900
f 5900 176 3801
f 914 177 2746
f 914 3804 177
f 1479 934 177
f 934 3808 177
f 1479 177 3804
f 3808 2746 177
f 9485 7237 178
f 178 7237 9597
f 9485 178 9945
f 9839 178 9597
f 9645 178 9839
f 9645 9945 178
f 2746 179 181
f 5902 181 179
f 1498 179 816
f 816 179 3808
f 1498 5902 179
f 3808 179 2746
f 5220 180 10813
f 5220 11221 180
f 10805 180 6342
f 180 11221 6342
f 10813 180 10805
f 815 2746 181
f 5892 815 181
f 5892 181 1069
f 5902 1069 181
f 182 4984 2174
f 7536 182 2174
f 182 4491 7488
f 7536 4491 182
f 10020 4984 182
f 182 7488 10020
f 183 1504 917
f 183 917 10029
f 183 918 1504
f 183 5907 918
f 183 3811 5907
f 183 10029 3811
f 3231 8019 184
f 8023 3231 184
f 8023 184 3726
f 8024 3726 184
f 8024 184 8019
f 200 185 3111
f 200 8021 185
f 3111 185 3721
f 185 12320 3721
f 186 5805 4672
f 9142 186 4672
f 186 4843 5805
f 186 9718 4843
f 9142 9718 186
f 5912 187 3185
f 5912 4553 187
f 188 1384 249
f 188 249 12719
f 991 188 1132
f 991 1384 188
f 3278 1132 188
f 3278 188 2675
f 188 12719 2675
f 816 189 817
f 816 3808 189
f 5916 817 189
f 1510 189 934
f 934 189 3808
f 1510 5916 189
f 190 522 1515
f 4641 190 1515
f 191 6023 10332
f 10511 6023 191
f 6214 10511 191
f 6214 191 11409
f 11413 191 10332
f 11413 11409 191
f 10516 192 1916
f 1916 192 11503
f 10516 10555 192
f 10555 11203 192
f 11373 192 11203
f 11373 11503 192
f 10513 1925 193
f 193 6252 11212
f 10516 10513 193
f 10516 193 10555
f 193 11212 10555
f 10519 194 3317
f 11183 3317 194
f 11368 194 10519
f 10522 11169 194
f 11368 10522 194
f 11169 11183 194
f 195 526 3818
f 195 5920 526
f 196 2614 4617
f 196 11207 2614
f 196 7848 3549
f 196 3549 8730
f 196 4617 7848
f 196 8730 11207
f 10025 197 1110
f 197 10338 1110
f 197 1362 1415
f 10025 1362 197
f 197 1415 10338
f 1518 198 819
f 1686 819 198
f 1518 820 198
f 820 5926 198
f 1686 198 5925
f 5925 198 5926
f 199 264 10258
f 199 10267 264
f 199 7484 10174
f 199 10258 7484
f 199 10174 10173
f 199 10173 10267
f 200 3111 930
f 930 7544 200
f 200 7544 7526
f 200 7526 8021
f 1527 201 953
f 953 201 10253
f 1527 1417 201
f 1417 4648 201
f 201 4648 10253
f 202 406 7168
f 5351 202 7168
f 5351 9650 202
f 9650 10401 202
f 1527 203 1417
f 1527 1519 203
f 304 944 204
f 1535 304 204
f 310 204 944
f 310 2288 204
f 1535 204 3831
f 2288 3831 204
f 294 205 2454
f 294 2707 205
f 2197 205 2707
f 2197 10775 205
f 205 2459 2454
f 205 10775 2459
f 206 538 3824
f 206 5933 538
f 823 206 3833
f 823 5933 206
f 1533 206 3824
f 1533 3833 206
f 6134 10595 207
f 6134 207 10887
f 10385 10887 207
f 10986 10385 207
f 10986 207 10595
f 208 6800 473
f 208 473 9338
f 6594 208 9338
f 9859 208 6594
f 208 7134 6800
f 9859 7134 208
f 209 2373 2824
f 209 3734 2373
f 2824 3535 209
f 3535 5296 209
f 209 11213 3734
f 209 5296 11213
f 212 969 210
f 526 210 3533
f 210 969 1368
f 5803 210 1368
f 5803 3533 210
f 211 6744 6066
f 211 6066 10818
f 211 11118 6744
f 211 9735 7745
f 211 7745 11118
f 211 10818 9735
f 215 212 213
f 213 212 3565
f 215 969 212
f 213 1517 221
f 213 3565 1517
f 12672 227 214
f 927 7832 214
f 7832 7676 214
f 12672 214 7676
f 215 5430 969
f 215 2428 5430
f 1985 216 1986
f 1985 9915 216
f 1986 216 6554
f 216 10054 6554
f 216 9915 6674
f 216 6674 10054
f 217 4044 890
f 217 890 12294
f 217 8753 916
f 217 916 12642
f 217 12623 4044
f 217 12294 8753
f 217 12642 12623
f 5966 218 5414
f 218 9430 5414
f 10599 218 5966
f 6511 10076 218
f 10599 6511 218
f 218 10076 9430
f 219 687 377
f 2868 219 377
f 6902 687 219
f 6565 219 2868
f 7150 219 6565
f 6902 219 7150
f 5241 220 4541
f 6758 4541 220
f 5241 6294 220
f 6294 11755 220
f 6758 220 11755
f 221 1362 962
f 221 962 3835
f 221 1517 1362
f 997 225 222
f 222 225 1372
f 997 222 395
f 222 2645 395
f 222 1372 1210
f 222 1210 2645
f 232 223 3322
f 11097 223 232
f 650 3322 223
f 12318 650 223
f 11097 10053 223
f 12715 223 10053
f 12715 12318 223
f 224 3740 2290
f 10883 224 2290
f 224 5472 3740
f 9268 224 10883
f 997 1976 225
f 225 2158 1372
f 1976 2604 225
f 2604 2158 225
f 5935 553 226
f 5936 226 553
f 226 5800 598
f 5935 226 598
f 1554 226 1114
f 5936 1114 226
f 1554 5800 226
f 12672 4999 227
f 227 4999 12679
f 227 12679 10874
f 1316 1780 228
f 228 1780 1571
f 228 1571 9991
f 232 3322 229
f 12315 232 229
f 7514 229 3322
f 7514 11814 229
f 11814 11037 229
f 12315 229 11037
f 595 373 230
f 3033 230 373
f 3047 230 400
f 400 230 3065
f 3047 595 230
f 3033 11659 230
f 11659 3065 230
f 231 1047 4128
f 231 9984 1047
f 231 4128 1605
f 12776 231 1605
f 231 9960 9984
f 12776 9960 231
f 11097 232 12315
f 10617 233 447
f 10901 447 233
f 1748 233 2031
f 10623 233 1748
f 10617 2031 233
f 10623 10901 233
f 1111 234 4009
f 7052 234 1111
f 4009 234 1422
f 1422 234 5130
f 5130 234 4017
f 7052 4017 234
f 634 235 1954
f 634 1966 235
f 1966 988 235
f 988 4635 235
f 10329 1954 235
f 10329 235 4635
f 9466 236 2040
f 10639 2040 236
f 2237 236 9466
f 2237 10738 236
f 9042 10737 236
f 9042 236 10738
f 10639 236 10737
f 985 354 237
f 3810 237 354
f 985 237 635
f 4635 635 237
f 10329 237 3810
f 10329 4635 237
f 4070 3604 238
f 3604 11258 238
f 4070 238 7484
f 238 10174 7484
f 238 11345 10174
f 11258 11345 238
f 9470 5374 239
f 5374 9673 239
f 5375 239 9673
f 10191 239 5375
f 9470 239 10191
f 10424 652 240
f 11814 240 652
f 3715 8001 240
f 3715 240 11814
f 10424 240 8001
f 241 9021 2343
f 241 2343 10685
f 241 6358 9021
f 241 10635 6358
f 241 10685 10635
f 242 1960 4636
f 242 4636 5531
f 242 5531 11465
f 243 434 10680
f 243 9410 2477
f 243 8393 9410
f 243 10680 8393
f 8743 244 421
f 244 9852 421
f 244 6855 5374
f 244 5374 10072
f 8743 6855 244
f 244 10072 9852
f 245 270 1966
f 245 2573 270
f 245 1808 633
f 10330 245 633
f 634 1808 245
f 634 245 1966
f 245 10330 2573
f 246 369 695
f 246 2691 369
f 246 643 2691
f 246 10336 643
f 246 695 7165
f 246 7165 10336
f 247 8893 6365
f 247 6365 10663
f 247 8936 6651
f 10954 247 6651
f 10954 8893 247
f 247 10663 8936
f 248 5939 2068
f 10954 248 2068
f 2072 248 6656
f 12173 248 2072
f 12173 5939 248
f 10954 6656 248
f 249 1134 1109
f 249 1109 12719
f 249 1967 1134
f 249 1384 1967
f 4477 250 10962
f 4477 11320 250
f 6429 10672 250
f 6429 250 11320
f 10672 10416 250
f 10962 250 10416
f 251 7841 4447
f 251 4447 11226
f 4506 5647 251
f 4506 251 9617
f 251 5647 7841
f 9617 251 11226
f 997 253 252
f 2724 252 253
f 256 1976 252
f 997 252 1976
f 997 395 253
f 253 395 2407
f 11437 253 2407
f 11437 2724 253
f 1396 590 254
f 2374 254 590
f 9530 1396 254
f 254 2374 4462
f 4462 6936 254
f 9530 254 6936
f 6939 255 448
f 255 9565 448
f 6935 255 1082
f 6939 1082 255
f 6935 9547 255
f 9547 9565 255
f 781 1976 256
f 781 256 4648
f 2306 4648 256
f 645 257 10341
f 257 10339 1969
f 257 1969 10341
f 2724 10339 257
f 258 3493 3974
f 3988 3493 258
f 8273 258 3974
f 3988 258 10861
f 8273 12586 258
f 12586 10861 258
f 1283 2512 259
f 1283 259 6170
f 3578 2505 259
f 10026 259 2505
f 2512 3578 259
f 10026 6170 259
f 2105 260 2409
f 2105 2726 260
f 7504 2409 260
f 2726 6698 260
f 3353 260 6698
f 7504 260 3353
f 3985 3762 261
f 12583 261 3762
f 10874 261 7845
f 12583 7845 261
f 262 2606 744
f 262 744 12101
f 262 12593 2606
f 262 12589 2692
f 262 2692 12593
f 262 12101 12589
f 322 263 2395
f 322 11724 263
f 1131 2588 263
f 10327 1131 263
f 2395 263 2588
f 10327 263 11724
f 264 10268 702
f 264 702 10354
f 10258 264 10354
f 10267 10268 264
f 3694 278 265
f 8011 265 278
f 324 3336 265
f 324 265 8011
f 2678 265 646
f 3336 646 265
f 2678 3694 265
f 2419 266 267
f 10256 267 266
f 2419 332 266
f 3470 266 332
f 10714 266 3470
f 10714 10256 266
f 930 4474 267
f 7544 930 267
f 2419 267 4474
f 10256 7544 267
f 4306 2377 268
f 2377 6793 268
f 4306 268 9381
f 4531 5824 268
f 4531 268 6793
f 9381 268 5824
f 4954 692 269
f 269 692 11730
f 10330 1960 269
f 10330 269 2573
f 269 11730 2573
f 270 328 2142
f 11730 328 270
f 1966 270 2142
f 11730 270 2573
f 2144 658 271
f 271 658 2588
f 271 2588 1131
f 271 1131 4955
f 2144 271 4955
f 511 512 272
f 511 272 11496
f 512 3806 272
f 2144 272 3806
f 2144 4955 272
f 272 4955 11496
f 3701 273 277
f 12311 277 273
f 3715 273 3701
f 3715 12312 273
f 12311 273 12304
f 12304 273 12312
f 4548 274 344
f 274 6762 344
f 274 355 3404
f 4548 355 274
f 274 3404 4958
f 4958 6762 274
f 275 1775 3711
f 275 7957 1775
f 2652 5293 275
f 2652 275 6951
f 275 3711 6951
f 5293 7957 275
f 7412 276 459
f 12862 459 276
f 3113 6953 276
f 3113 276 7412
f 12862 276 6953
f 8010 277 278
f 12311 278 277
f 3701 277 5623
f 5623 277 8010
f 3694 8010 278
f 12311 8011 278
f 279 444 6918
f 11653 444 279
f 3052 4639 279
f 4657 3052 279
f 11653 279 4639
f 4657 279 6918
f 280 2596 644
f 280 644 4642
f 280 4967 2407
f 280 2407 7244
f 280 7244 2596
f 280 4642 4967
f 1176 11375 281
f 1176 281 12398
f 10987 7556 281
f 12398 281 7556
f 10987 281 11375
f 2862 282 2921
f 2862 3373 282
f 282 6569 2921
f 3040 282 3042
f 3040 6569 282
f 3042 282 3373
f 684 872 283
f 684 283 2548
f 283 872 4273
f 2548 283 1376
f 283 12872 1376
f 283 4273 12872
f 461 6957 284
f 461 284 11255
f 284 6955 6862
f 284 6862 7974
f 284 6957 6955
f 284 7974 11255
f 1464 9860 285
f 10893 1464 285
f 7451 3844 285
f 9328 285 3844
f 6981 285 9328
f 6981 10893 285
f 7451 285 9860
f 340 286 1207
f 340 2813 286
f 1207 286 1007
f 1007 286 5929
f 2813 5929 286
f 1969 287 389
f 287 11740 389
f 1969 10339 287
f 287 4973 11740
f 2181 6118 288
f 2181 288 6135
f 7076 288 6118
f 288 6166 6135
f 288 7067 6166
f 7076 7067 288
f 8684 1444 289
f 12818 289 1444
f 12124 289 3997
f 3997 289 12818
f 8684 289 8439
f 12124 8439 289
f 653 2660 290
f 653 290 10342
f 1978 290 1979
f 1978 10342 290
f 2412 1979 290
f 2412 290 2415
f 2415 290 2660
f 291 399 1221
f 291 11753 399
f 654 291 5548
f 654 11753 291
f 291 1221 1115
f 5548 291 1115
f 292 2767 6179
f 292 6490 2767
f 292 6179 8077
f 8062 6490 292
f 8062 292 8058
f 292 8077 8058
f 7463 293 3538
f 8491 3538 293
f 293 3842 7454
f 293 11286 3842
f 8491 293 7454
f 7463 11286 293
f 7904 294 2454
f 7870 2707 294
f 7887 7870 294
f 7904 7887 294
f 295 674 675
f 11961 674 295
f 854 295 675
f 854 1465 295
f 1450 295 1465
f 11961 295 1450
f 6802 296 2203
f 296 9653 2203
f 296 6513 9653
f 296 11099 6513
f 6802 11099 296
f 1083 478 297
f 478 7028 297
f 1083 297 7027
f 297 6367 7027
f 9317 6367 297
f 9317 297 7028
f 691 298 469
f 9249 469 298
f 691 6661 298
f 11338 298 6661
f 9249 298 11338
f 792 299 578
f 7958 578 299
f 792 898 299
f 880 299 1174
f 7958 299 880
f 299 898 1174
f 300 1256 8492
f 300 12779 1256
f 7584 8481 300
f 7584 300 8492
f 300 8481 12447
f 300 12447 12779
f 2901 301 5523
f 2901 7202 301
f 7682 5523 301
f 301 7202 11983
f 7682 301 8789
f 301 11983 8789
f 6517 10815 302
f 6517 302 10817
f 6519 10817 302
f 2529 303 2225
f 10821 2225 303
f 2228 303 7680
f 2228 9595 303
f 2529 7680 303
f 10821 303 9595
f 304 11910 944
f 1535 2281 304
f 304 2281 3119
f 304 3119 11910
f 6524 305 7685
f 10822 305 6524
f 305 7665 6819
f 11123 305 6819
f 10822 7665 305
f 11123 7685 305
f 481 319 306
f 306 319 5378
f 481 306 5380
f 8743 306 5378
f 306 6713 5380
f 8743 6713 306
f 307 410 5380
f 6634 410 307
f 307 5380 6713
f 6634 307 9660
f 307 6713 9605
f 307 9605 9660
f 9287 308 706
f 9305 706 308
f 9292 7209 308
f 9305 308 7209
f 9292 308 7215
f 7215 308 11519
f 9287 11519 308
f 1777 309 2242
f 1777 9588 309
f 309 9464 2242
f 309 10838 9464
f 9588 10837 309
f 309 10837 10838
f 310 944 11903
f 2289 310 974
f 310 11903 974
f 2289 2288 310
f 311 314 9458
f 311 11142 314
f 311 1273 10335
f 311 10335 11142
f 799 315 312
f 7875 312 315
f 799 312 1016
f 312 1020 1016
f 8767 1020 312
f 8767 312 7875
f 10020 313 3550
f 313 11226 3550
f 9617 313 7488
f 313 10020 7488
f 11226 313 9617
f 5990 5159 314
f 5159 10991 314
f 5990 314 11142
f 314 10991 9458
f 799 791 315
f 315 791 12175
f 7875 315 3579
f 315 12175 3579
f 316 2297 719
f 316 719 4274
f 316 10794 2297
f 4273 10794 316
f 12872 4273 316
f 12872 316 4274
f 317 566 3705
f 317 11564 566
f 9243 317 3705
f 317 9241 5079
f 317 5079 9259
f 9243 9241 317
f 317 9259 11564
f 564 1705 318
f 11565 564 318
f 1705 8569 318
f 8599 318 8569
f 9262 318 8599
f 11565 318 9262
f 600 319 481
f 600 6561 319
f 319 9680 5378
f 319 6561 9680
f 11565 320 564
f 11567 564 320
f 9257 320 9237
f 11565 9237 320
f 11567 320 9257
f 321 7253 6874
f 321 11550 7253
f 321 11204 11205
f 321 11205 11550
f 322 2395 924
f 322 924 2587
f 322 2587 2396
f 322 2396 11724
f 323 733 12071
f 323 12536 733
f 8238 12536 323
f 323 12071 12696
f 324 425 3336
f 11808 425 324
f 324 8011 3697
f 11808 324 3697
f 7396 616 325
f 325 616 11702
f 1107 325 1120
f 1107 7396 325
f 1116 1120 325
f 1116 325 11702
f 326 767 12164
f 326 12796 767
f 326 1962 797
f 326 797 12807
f 326 12164 1962
f 326 12170 12796
f 326 12807 12170
f 3152 327 3238
f 3152 7528 327
f 3228 3231 327
f 7528 3228 327
f 8023 327 3231
f 7017 328 2140
f 11730 2140 328
f 328 2397 2142
f 7017 2397 328
f 7893 1784 329
f 9547 329 1784
f 6935 2170 329
f 7000 329 2170
f 6935 329 9547
f 7000 7893 329
f 1336 2049 330
f 1336 330 4163
f 2049 4040 330
f 4156 2187 330
f 2187 4163 330
f 4156 330 4040
f 606 331 571
f 9247 571 331
f 8521 331 606
f 331 2817 1750
f 9247 331 1750
f 8521 2817 331
f 1173 2132 332
f 2419 1173 332
f 332 2132 2147
f 3470 332 2147
f 333 948 2598
f 333 7165 948
f 2399 989 333
f 10336 333 989
f 2399 333 2598
f 10336 7165 333
f 334 11607 584
f 12821 334 584
f 3700 334 1478
f 12821 1478 334
f 3700 9010 334
f 9010 11607 334
f 586 335 805
f 9011 335 586
f 335 11606 805
f 9011 4861 335
f 335 4861 9018
f 335 9018 11606
f 1180 1297 336
f 9311 1180 336
f 1297 8032 336
f 9311 336 3397
f 3397 336 11995
f 8032 11995 336
f 3470 337 1904
f 6414 1904 337
f 3470 1905 337
f 337 1905 6205
f 337 6205 2113
f 6414 337 2113
f 1319 338 8999
f 1319 11613 338
f 5747 4801 338
f 8999 338 4801
f 5747 338 7315
f 338 11613 7315
f 339 6685 8372
f 339 9343 6685
f 339 6748 6787
f 339 8372 6748
f 339 6787 10900
f 339 10900 9343
f 796 5545 340
f 11739 796 340
f 340 1207 2615
f 11739 340 2615
f 340 5545 2813
f 1768 341 6863
f 1768 10903 341
f 341 2531 6863
f 341 7654 2531
f 341 10905 7654
f 341 10903 10905
f 342 8582 505
f 342 505 8587
f 342 1337 2125
f 342 12441 1337
f 342 2125 8582
f 12441 342 8587
f 8285 343 1126
f 343 12583 1126
f 343 7845 12583
f 9399 343 8285
f 4908 922 344
f 6762 4908 344
f 345 600 481
f 345 481 12166
f 345 3654 600
f 345 1334 6189
f 345 12166 1334
f 345 6189 3654
f 10904 455 346
f 12580 346 455
f 8272 346 3973
f 12580 3973 346
f 8272 12085 346
f 10904 346 12085
f 5207 347 9506
f 5207 10315 347
f 9487 9506 347
f 9487 347 9952
f 9952 347 10328
f 10315 10328 347
f 348 7316 409
f 348 409 11614
f 1687 7316 348
f 1687 348 9270
f 5287 9270 348
f 5287 348 11614
f 2344 6630 349
f 2344 349 9015
f 9015 349 6625
f 6625 349 9040
f 6630 6641 349
f 9040 349 6641
f 1953 350 10943
f 1953 11296 350
f 350 6645 6627
f 350 6627 10927
f 350 11296 6645
f 10943 350 10927
f 351 1119 1459
f 351 5529 1119
f 351 1459 5882
f 351 1944 5529
f 351 7013 1944
f 351 5882 7013
f 352 2338 9048
f 352 10929 2338
f 8993 6631 352
f 6631 10929 352
f 8993 352 6635
f 6635 352 9048
f 353 691 469
f 2928 353 469
f 353 10878 691
f 2936 353 2928
f 2936 10854 353
f 10854 10878 353
f 985 11732 354
f 3205 355 462
f 462 355 4548
f 507 3404 355
f 507 355 5900
f 3205 5900 355
f 11039 356 649
f 649 356 11155
f 10747 356 5517
f 11039 5517 356
f 10747 11154 356
f 11155 356 11154
f 6526 357 6647
f 7004 357 6526
f 9844 6647 357
f 6650 9844 357
f 555 358 6329
f 555 11549 358
f 6329 358 557
f 557 358 11548
f 358 1700 11548
f 358 11549 1700
f 4724 3027 359
f 359 3027 7342
f 4512 8956 359
f 4512 359 11640
f 4724 359 8956
f 11640 359 7342
f 362 360 3737
f 362 7990 360
f 360 2678 3737
f 360 12291 2678
f 360 7990 8389
f 360 8389 12291
f 2704 361 6664
f 2704 11304 361
f 6664 361 9821
f 8802 361 11304
f 362 3737 7034
f 362 7034 7495
f 362 7495 12280
f 362 12280 7990
f 363 611 9669
f 11847 611 363
f 3654 11847 363
f 363 9669 6558
f 4669 364 1248
f 1248 364 7364
f 7364 364 4319
f 364 10774 4319
f 4669 4745 364
f 4745 10774 364
f 365 1571 9989
f 365 9991 1571
f 365 5688 2354
f 365 2354 9991
f 365 9989 5688
f 637 366 1952
f 637 11456 366
f 366 658 1952
f 366 2588 658
f 366 2395 2588
f 11456 2395 366
f 522 367 11736
f 2305 367 3817
f 2305 11448 367
f 11448 11736 367
f 368 8945 4723
f 368 4723 8975
f 368 4790 8945
f 368 11647 4790
f 368 8975 7335
f 368 7335 11647
f 2599 695 369
f 1404 369 2427
f 1404 2599 369
f 2427 369 2691
f 611 370 6943
f 10439 370 611
f 6186 5350 370
f 5350 6943 370
f 6879 6186 370
f 10439 6879 370
f 2838 3087 371
f 4701 2838 371
f 4210 3085 371
f 5453 371 3085
f 4210 371 3087
f 4701 371 5453
f 10210 372 5924
f 5945 372 12479
f 372 10210 6051
f 372 6051 12479
f 4728 373 595
f 3033 373 7333
f 4728 7333 373
f 1073 2404 374
f 2423 1073 374
f 2423 374 2162
f 374 6462 2162
f 374 2404 2432
f 374 2432 6462
f 414 375 2578
f 414 11735 375
f 2594 375 2300
f 11735 2300 375
f 4954 2578 375
f 4954 375 2594
f 1200 2597 376
f 11737 1200 376
f 1404 376 2599
f 1404 5727 376
f 376 2597 2599
f 11737 376 5727
f 6736 377 687
f 10981 2868 377
f 6736 10867 377
f 10981 377 10867
f 378 6809 1646
f 1646 10244 378
f 2589 6280 378
f 10244 2589 378
f 10222 378 6280
f 10222 6809 378
f 561 379 7358
f 561 11614 379
f 4572 7358 379
f 4572 379 8390
f 8390 379 11614
f 380 10536 434
f 380 7323 6009
f 380 6009 12680
f 380 6250 7323
f 380 12680 10536
f 393 7491 381
f 393 381 12496
f 381 7491 8384
f 12464 381 8384
f 12464 12683 381
f 381 12683 12496
f 2158 382 2157
f 2604 382 2158
f 386 803 383
f 386 383 3505
f 803 420 383
f 420 7494 383
f 3505 383 3467
f 7494 3467 383
f 384 6159 2450
f 384 2450 10773
f 384 2763 7061
f 2763 384 10768
f 6159 384 11360
f 11360 384 7061
f 384 10773 10768
f 3686 385 5957
f 10569 385 3686
f 3704 6489 385
f 3704 385 10569
f 10940 5957 385
f 10940 385 6489
f 393 386 3505
f 393 12496 386
f 386 8383 803
f 386 12496 8383
f 656 387 2695
f 656 5552 387
f 2699 2695 387
f 11892 2699 387
f 10750 387 5552
f 11892 387 10750
f 388 1480 1832
f 388 1832 3683
f 2649 388 3683
f 388 2649 6238
f 1387 389 2156
f 389 11740 2156
f 2767 390 6166
f 2767 6490 390
f 390 11061 6166
f 8098 390 6490
f 8098 11061 390
f 3272 3276 391
f 3272 391 6770
f 8799 391 3276
f 6770 391 12752
f 8799 8129 391
f 12752 391 8129
f 392 7082 6098
f 392 6098 8065
f 392 11070 7082
f 392 8065 8058
f 392 8058 8078
f 392 8078 11070
f 393 3505 11793
f 393 11793 7491
f 394 398 5742
f 7092 398 394
f 7092 394 5697
f 5697 394 7161
f 394 5742 7161
f 7244 2407 395
f 7244 395 2645
f 396 1708 4384
f 396 8865 1708
f 396 7471 4381
f 396 4381 8934
f 396 4384 7471
f 396 8934 8865
f 653 397 4650
f 653 10342 397
f 1217 397 2150
f 1217 4650 397
f 397 10342 2150
f 398 508 5742
f 398 5756 508
f 11389 5756 398
f 7092 11389 398
f 1221 399 5549
f 2099 5549 399
f 2099 399 11421
f 11753 11421 399
f 3056 3047 400
f 3056 400 7848
f 7848 400 3065
f 401 493 6832
f 7564 493 401
f 11156 401 6832
f 7533 401 6850
f 11156 6850 401
f 7533 7564 401
f 4132 2827 402
f 8465 402 2827
f 4078 402 3118
f 8465 3118 402
f 4078 3273 402
f 4132 402 3273
f 2884 404 403
f 10793 403 404
f 2563 5715 403
f 10793 2563 403
f 11478 2884 403
f 11478 403 5715
f 404 6492 2193
f 10793 404 2193
f 2884 6492 404
f 1351 405 3161
f 11725 405 1351
f 3162 405 2138
f 2138 405 7562
f 3162 3161 405
f 11725 7562 405
f 5489 10217 406
f 10217 7168 406
f 407 419 7393
f 407 8886 419
f 1721 407 8878
f 1721 8886 407
f 407 7393 8878
f 408 2886 2885
f 11487 408 2885
f 408 11493 2886
f 408 5594 5571
f 408 5571 11493
f 408 11105 5594
f 11487 11105 408
f 409 5747 3016
f 409 3016 11614
f 409 4811 5747
f 409 7316 4811
f 6634 607 410
f 5380 410 12166
f 8731 12166 410
f 411 7210 2910
f 411 2910 8139
f 6815 411 8139
f 6815 11109 411
f 9798 7210 411
f 9798 411 11109
f 412 6825 2521
f 412 2521 11125
f 412 4125 6825
f 412 11114 4125
f 412 11125 9731
f 5424 6816 413
f 5424 413 11120
f 413 6816 11116
f 413 6822 7733
f 413 11116 6822
f 413 7733 11120
f 422 414 2578
f 422 3176 414
f 1231 414 3176
f 1231 11735 414
f 7835 7388 415
f 11686 415 7388
f 7835 415 7836
f 7836 415 12193
f 11686 12191 415
f 415 12191 12193
f 416 488 7394
f 416 11141 488
f 7402 3898 416
f 11139 416 3898
f 7402 416 7394
f 7574 416 11139
f 7574 11141 416
f 417 1655 7462
f 417 7542 1655
f 417 2535 7542
f 11161 2535 417
f 7457 417 7462
f 11161 417 7457
f 6842 418 2570
f 2570 418 7346
f 418 6842 7630
f 7346 418 11134
f 7630 11132 418
f 11132 11134 418
f 471 947 419
f 471 419 8886
f 3681 419 947
f 419 3681 7393
f 803 4484 420
f 4484 12280 420
f 7495 7494 420
f 12280 7495 420
f 1277 9605 421
f 1277 421 9852
f 8743 421 6713
f 421 9605 6713
f 422 2574 3176
f 422 2578 11465
f 423 7462 6845
f 423 6845 7523
f 11528 7462 423
f 423 7523 11153
f 423 11153 11157
f 11528 423 11157
f 519 2725 424
f 519 424 6233
f 1686 424 818
f 424 2725 818
f 1686 6233 424
f 3341 3336 425
f 7504 3341 425
f 7504 425 3370
f 11808 3370 425
f 426 576 7227
f 11513 576 426
f 6854 426 7227
f 6854 9298 426
f 11513 426 9298
f 427 1231 1359
f 427 11735 1231
f 427 2562 1237
f 427 1237 5727
f 427 1359 2562
f 427 5727 11447
f 427 11447 11735
f 1198 1367 428
f 1198 428 3191
f 1367 2156 428
f 11740 428 2156
f 3191 428 11740
f 2570 429 7362
f 2570 11170 429
f 6868 7362 429
f 7417 6868 429
f 7417 429 11163
f 11170 11163 429
f 435 430 1536
f 435 3193 430
f 430 5933 1536
f 430 3193 1538
f 430 1538 3832
f 430 3832 5933
f 431 3717 3714
f 431 3714 11248
f 431 9378 3717
f 431 6911 5630
f 431 5630 7960
f 431 11248 6911
f 431 7960 9378
f 5299 432 11178
f 11188 432 5299
f 7183 6885 432
f 9612 432 6885
f 11188 7183 432
f 11178 432 9612
f 5850 4539 433
f 4539 6567 433
f 5850 433 5680
f 6525 5680 433
f 6525 433 6567
f 10536 10810 434
f 434 10810 10680
f 435 789 3193
f 435 3194 789
f 435 1536 6224
f 435 6224 3194
f 436 8877 615
f 11697 436 615
f 436 8849 4198
f 436 4198 8872
f 436 8872 7392
f 436 7392 8877
f 11697 8849 436
f 437 789 3194
f 437 5725 789
f 437 1375 1407
f 437 3194 1375
f 437 1407 11748
f 437 11748 5725
f 5114 438 2961
f 12008 2961 438
f 7236 438 3782
f 11194 3782 438
f 5114 11194 438
f 12008 438 7236
f 439 6896 7242
f 439 11198 6896
f 439 7242 7252
f 439 7252 11550
f 439 11205 11198
f 439 11550 11205
f 440 893 4557
f 440 8707 893
f 440 7157 4397
f 11546 440 4397
f 440 4557 7157
f 11546 8707 440
f 8815 9822 441
f 8815 441 9987
f 8816 441 9822
f 11791 441 8816
f 11328 9987 441
f 11791 11328 441
f 4140 6931 442
f 4140 442 11679
f 6907 442 6931
f 6907 9578 442
f 7381 442 9578
f 11679 442 7381
f 7030 443 2375
f 11644 2375 443
f 6908 443 6912
f 6908 7126 443
f 7030 6912 443
f 11644 443 7126
f 7120 444 6913
f 11653 6913 444
f 11211 6918 444
f 7120 11211 444
f 445 4300 452
f 445 452 12276
f 2788 445 3678
f 2788 12272 445
f 445 12276 3678
f 445 12272 4300
f 446 4943 1792
f 6667 446 1792
f 1854 446 6667
f 1854 9979 446
f 446 3136 4943
f 9979 3136 446
f 9723 7424 447
f 7424 10884 447
f 9723 447 10901
f 10617 447 10884
f 2816 9390 448
f 2816 448 9565
f 6939 448 9390
f 2034 449 1746
f 1746 449 9332
f 2034 6323 449
f 449 6671 3032
f 449 3032 9332
f 6323 6671 449
f 8057 450 5831
f 5831 450 11450
f 8057 6784 450
f 6784 11082 450
f 11452 450 11082
f 11452 11450 450
f 451 6941 6930
f 11543 451 6930
f 451 7349 6941
f 11667 7349 451
f 11543 11667 451
f 452 3674 454
f 452 454 12278
f 452 4300 3674
f 452 12278 12276
f 453 1551 1379
f 453 1379 1564
f 453 3201 1551
f 453 1564 3203
f 453 3852 3201
f 453 3203 3852
f 454 3674 12522
f 3680 12432 454
f 454 12522 3680
f 12432 12278 454
f 3982 12580 455
f 3982 455 12581
f 10904 10763 455
f 12581 455 10763
f 490 456 2335
f 490 3671 456
f 4200 2335 456
f 5356 456 3671
f 5356 4200 456
f 1240 457 1765
f 1240 6633 457
f 1765 457 4979
f 4979 457 6608
f 6608 457 6991
f 6991 457 6633
f 458 1370 5277
f 8420 1370 458
f 458 7418 1380
f 8420 458 1380
f 3679 458 5277
f 3679 7418 458
f 2327 459 2368
f 2327 7412 459
f 6951 2368 459
f 2652 6951 459
f 2652 459 12862
f 1718 460 6956
f 1718 11712 460
f 11743 6956 460
f 460 11712 8820
f 460 8820 11714
f 11743 460 11714
f 461 4029 6957
f 461 7427 4029
f 461 11746 7427
f 461 11255 11746
f 5530 462 985
f 985 462 11732
f 5530 3205 462
f 462 4548 11732
f 10237 463 5941
f 463 12152 5941
f 463 10237 10235
f 10235 12155 463
f 463 12155 12152
f 464 2245 1787
f 9529 464 1787
f 464 7080 2245
f 2816 7080 464
f 2816 464 11235
f 9529 11235 464
f 3351 4912 465
f 3351 465 9273
f 5099 465 4529
f 9278 4529 465
f 9278 465 4912
f 5099 9273 465
f 1506 466 3553
f 3458 466 3476
f 467 470 8150
f 467 12758 470
f 467 3677 8146
f 467 8150 3677
f 467 8146 8144
f 467 8144 12763
f 467 12763 12758
f 5402 468 2914
f 2914 468 5469
f 5402 11516 468
f 468 5415 5411
f 468 5411 5469
f 11516 5415 468
f 3428 2928 469
f 3428 469 9249
f 4395 470 8143
f 12274 470 4395
f 470 12758 8143
f 12274 8150 470
f 947 471 3532
f 1301 3532 471
f 471 11928 1301
f 11928 471 8886
f 472 3674 4300
f 8785 3674 472
f 472 4300 12272
f 472 8153 8786
f 472 12272 8153
f 11002 8785 472
f 11002 472 8786
f 907 667 473
f 473 667 9337
f 907 473 6800
f 9339 473 9337
f 9339 9338 473
f 474 6457 2708
f 474 2708 11306
f 2714 6457 474
f 474 7014 2714
f 474 11307 7014
f 474 11306 11307
f 6419 475 2718
f 2718 475 7010
f 6442 2720 475
f 475 2720 6450
f 6442 475 6419
f 475 6450 7010
f 1520 480 476
f 476 480 3535
f 1520 476 534
f 1521 534 476
f 1521 476 3535
f 477 11002 484
f 477 484 12763
f 477 8144 8163
f 477 12763 8144
f 477 8163 8785
f 477 8785 11002
f 1083 11323 478
f 7497 478 6409
f 11323 6409 478
f 7497 7028 478
f 575 2719 479
f 575 479 7959
f 2720 479 2719
f 479 2720 7021
f 6445 7959 479
f 9322 6445 479
f 9322 479 7021
f 1310 480 841
f 1520 841 480
f 1310 5296 480
f 3535 480 5296
f 481 5380 12166
f 482 8059 9077
f 12729 8059 482
f 482 9077 12736
f 12729 482 10977
f 10977 482 12736
f 483 5946 589
f 483 589 5960
f 483 2374 590
f 483 590 5946
f 3853 2374 483
f 483 5960 3853
f 8228 8264 484
f 8228 484 12764
f 484 8264 12763
f 484 11002 12764
f 485 4491 4488
f 7238 485 4488
f 4505 4491 485
f 6875 4505 485
f 5656 6875 485
f 5656 485 7238
f 3632 486 1640
f 7438 1640 486
f 1980 486 5268
f 7438 486 1980
f 3632 2484 486
f 486 2484 5268
f 487 828 4188
f 487 5273 828
f 487 936 5273
f 487 9847 936
f 487 4188 2296
f 487 2296 9847
f 2568 2569 488
f 2568 488 11141
f 2569 7394 488
f 4114 489 4097
f 489 10801 4097
f 7413 489 4114
f 5022 489 4190
f 7413 4190 489
f 5022 8348 489
f 8348 10801 489
f 490 1883 1692
f 490 1692 7414
f 490 2335 1883
f 490 4824 3671
f 490 7414 4824
f 1239 491 6973
f 1239 12783 491
f 491 1260 6723
f 12783 1260 491
f 5208 491 6723
f 5208 8477 491
f 491 8477 6973
f 492 1437 5249
f 1437 492 5698
f 492 3117 5200
f 3117 492 6354
f 5200 5698 492
f 492 5249 6354
f 6831 493 7630
f 6831 9726 493
f 6832 493 9726
f 7564 11392 493
f 7630 493 11392
f 494 3338 1442
f 494 1442 10084
f 494 10092 3338
f 494 10084 10299
f 494 10299 10092
f 4032 495 775
f 11045 775 495
f 3603 11045 495
f 12201 3603 495
f 4032 8333 495
f 12201 495 8333
f 496 1466 855
f 496 855 5890
f 496 1477 914
f 496 914 3799
f 496 3799 1466
f 496 5890 1477
f 2179 497 8428
f 2179 8835 497
f 497 2335 4200
f 8835 2335 497
f 497 4200 3672
f 497 3672 8428
f 2246 5620 498
f 2246 498 6045
f 498 5620 9919
f 6044 498 9919
f 11292 498 6044
f 11292 6045 498
f 1694 1695 499
f 1694 499 2819
f 11507 499 1695
f 2819 499 11711
f 11507 8813 499
f 11711 499 8813
f 5643 500 5668
f 5643 7170 500
f 500 11391 5668
f 500 7084 11391
f 500 11478 7084
f 500 7170 11478
f 6060 501 2796
f 8085 2796 501
f 6060 2798 501
f 2798 7582 501
f 7582 4470 501
f 4470 12787 501
f 8085 501 12787
f 2808 2831 502
f 2808 502 7091
f 502 2831 11773
f 7091 502 6077
f 502 7582 6077
f 502 11773 7582
f 504 574 4276
f 504 12873 574
f 12874 504 4276
f 504 8574 7905
f 504 7905 12873
f 12874 8574 504
f 697 505 784
f 697 9713 505
f 784 505 8582
f 9713 8587 505
f 509 2933 506
f 509 506 4092
f 506 2933 12663
f 7972 4092 506
f 7972 506 12269
f 506 12663 12269
f 507 1470 5894
f 507 5900 1470
f 507 11071 3404
f 507 5894 11071
f 2516 508 6063
f 2516 7163 508
f 5756 2799 508
f 6063 508 2799
f 5742 508 7163
f 509 3124 1711
f 509 1711 12658
f 509 12658 2933
f 509 4092 3124
f 510 512 1498
f 510 3806 512
f 1122 3169 510
f 1122 510 5903
f 510 1498 5903
f 3169 3806 510
f 511 5902 512
f 511 3165 1069
f 511 1069 5902
f 511 11496 3165
f 512 5902 1498
f 513 8321 515
f 513 515 11003
f 513 12257 8321
f 513 11003 12765
f 513 12258 12257
f 513 12765 12258
f 3661 514 8320
f 3661 12765 514
f 514 3668 4288
f 514 11003 3668
f 8320 514 4288
f 514 12765 11003
f 515 880 7967
f 515 8321 880
f 515 7967 12514
f 515 12514 11003
f 3812 837 516
f 516 837 5912
f 2881 1509 516
f 3812 516 1509
f 2881 516 3185
f 516 5912 3185
f 517 5869 3257
f 11856 517 3257
f 517 11435 5869
f 7550 517 7552
f 7550 11435 517
f 11856 7552 517
f 6440 10531 518
f 6440 518 10638
f 6968 6446 518
f 6446 10638 518
f 6968 518 10141
f 518 10531 10141
f 519 520 2725
f 519 3814 520
f 3187 3814 519
f 3187 519 6233
f 3173 1075 520
f 1075 6243 520
f 6243 2725 520
f 3173 520 3814
f 521 523 8780
f 12768 523 521
f 521 3389 2721
f 12768 521 2721
f 8322 3389 521
f 8322 521 8780
f 522 2398 1515
f 522 11736 2398
f 3666 8324 523
f 12768 3666 523
f 523 8324 12258
f 8780 523 12258
f 524 3348 2442
f 7140 524 2442
f 524 8089 3348
f 7140 11947 524
f 524 7647 8089
f 524 11947 7647
f 528 3849 525
f 528 525 7146
f 525 3849 7629
f 5787 7146 525
f 5787 525 11457
f 525 7629 11457
f 526 3533 3818
f 527 705 955
f 527 12569 705
f 527 955 8090
f 527 8090 7689
f 527 7689 8497
f 527 8497 12569
f 528 3848 8133
f 528 11920 3848
f 528 8133 3849
f 528 7146 11920
f 3189 529 2298
f 3191 2298 529
f 3189 3187 529
f 3187 6233 529
f 3191 529 5925
f 6233 5925 529
f 530 3532 3530
f 530 3530 5908
f 530 3825 3532
f 3659 536 531
f 8773 531 536
f 4195 578 531
f 7958 531 578
f 7958 3659 531
f 4195 531 8773
f 6072 532 1167
f 6230 1167 532
f 5451 4825 532
f 6230 532 4825
f 5292 5451 532
f 5292 532 6072
f 533 2255 4162
f 533 8363 2255
f 533 4162 9961
f 533 4584 5425
f 533 9961 4584
f 533 5425 8363
f 1521 826 534
f 534 1519 840
f 1520 534 840
f 2357 3377 535
f 2357 535 5705
f 3377 11480 535
f 5650 11471 535
f 5650 535 11480
f 535 11471 5705
f 8330 536 3659
f 7966 8773 536
f 7966 536 12781
f 8330 12781 536
f 3666 3663 537
f 3663 7962 537
f 3666 537 8324
f 7962 7964 537
f 7964 12263 537
f 537 12263 8324
f 538 1530 820
f 538 820 3824
f 3832 1530 538
f 3832 538 5933
f 1838 1837 539
f 1837 6128 539
f 1838 539 10433
f 6128 6131 539
f 6131 10434 539
f 539 10434 10433
f 3054 540 1894
f 540 10134 1894
f 2791 10134 540
f 2791 540 12814
f 3054 11561 540
f 540 11561 12814
f 541 545 7208
f 11992 545 541
f 541 7208 2909
f 541 2909 7691
f 8783 541 7691
f 11992 541 8783
f 542 3411 2909
f 5470 542 2909
f 542 12024 3411
f 5470 7199 542
f 7199 12270 542
f 542 12270 12024
f 543 6359 1531
f 543 1531 6532
f 2060 543 9586
f 2060 10660 543
f 543 10660 6359
f 543 6532 9586
f 4927 3742 544
f 10968 544 3742
f 9234 4927 544
f 9234 544 8787
f 10985 8787 544
f 10968 10985 544
f 7208 545 740
f 7211 740 545
f 2176 545 11992
f 2176 11994 545
f 7211 545 11994
f 3178 549 546
f 546 549 12260
f 3178 546 3656
f 546 11776 3656
f 3662 11776 546
f 3662 546 12260
f 5415 706 547
f 547 706 9305
f 5415 547 7218
f 11510 7218 547
f 11510 547 9305
f 8036 7214 548
f 11517 548 7214
f 8040 548 7695
f 11517 7695 548
f 8036 548 8040
f 3178 551 549
f 549 551 12262
f 795 12260 549
f 795 549 12262
f 6215 2763 550
f 2763 10768 550
f 10653 6215 550
f 10653 550 10766
f 10766 550 10768
f 3177 551 7476
f 7963 551 3177
f 3178 7476 551
f 7963 12262 551
f 552 565 562
f 3179 552 562
f 3662 565 552
f 3179 7478 552
f 3662 552 7961
f 7961 552 7478
f 1211 5936 553
f 554 2940 5282
f 554 7241 2940
f 554 5251 7241
f 11535 5251 554
f 7234 554 5282
f 11535 554 7234
f 555 3584 2945
f 555 2945 11549
f 555 4437 3584
f 555 6329 4437
f 794 556 3838
f 1086 3542 556
f 1086 556 5935
f 3542 3838 556
f 557 5156 4776
f 6329 557 4776
f 557 11551 5156
f 557 11548 11551
f 1214 1375 558
f 1214 558 5943
f 1375 3194 558
f 6224 558 3194
f 5943 558 5942
f 6224 5942 558
f 2492 3722 559
f 7261 560 587
f 560 12019 587
f 2017 560 2014
f 2014 560 11559
f 2017 3420 560
f 560 3420 12019
f 7261 11559 560
f 4582 2965 561
f 5287 561 2965
f 4582 561 7358
f 5287 11614 561
f 3663 562 565
f 3179 562 4471
f 3663 12261 562
f 562 12261 4471
f 1059 563 895
f 563 3706 895
f 1059 7280 563
f 11569 3706 563
f 7271 563 7280
f 11569 563 7271
f 2353 1705 564
f 11567 2353 564
f 3662 12260 565
f 3663 565 7962
f 7962 565 12260
f 2983 3705 566
f 2983 566 5023
f 566 5064 5023
f 566 11564 5064
f 7272 567 7721
f 11570 567 7272
f 567 12031 7721
f 567 11580 7728
f 12029 567 7728
f 11570 11580 567
f 12029 12031 567
f 568 811 2146
f 568 7225 811
f 568 2128 2122
f 568 2122 7225
f 568 2146 2128
f 569 7710 2083
f 569 2083 12010
f 569 7273 9250
f 569 12010 7273
f 569 11575 7710
f 569 9250 11575
f 570 6210 766
f 570 766 10302
f 570 10759 6210
f 570 6438 9937
f 6438 570 10302
f 9937 10759 570
f 1845 606 571
f 1845 571 1886
f 571 11576 1886
f 9247 11576 571
f 2163 6459 572
f 2163 572 9937
f 10512 572 6459
f 9937 572 10759
f 10512 10759 572
f 7288 2987 573
f 2987 11584 573
f 4974 4910 573
f 7289 573 4910
f 4974 573 4972
f 4972 573 11584
f 7288 573 7289
f 574 1117 3846
f 574 8156 1117
f 574 3846 4276
f 574 12873 8156
f 575 12259 2719
f 8320 575 7959
f 8320 12266 575
f 575 12266 12259
f 7227 576 7697
f 7697 576 7698
f 8036 7698 576
f 8036 576 11513
f 7288 577 1625
f 1625 577 12089
f 577 7288 11586
f 11586 12079 577
f 12079 12081 577
f 12081 12089 577
f 792 578 1947
f 4195 1947 578
f 579 6396 874
f 579 874 12513
f 579 4544 4317
f 579 4317 6396
f 579 8615 4544
f 579 12513 8615
f 1068 1315 580
f 7297 1068 580
f 580 1315 1391
f 2135 580 1391
f 2135 12046 580
f 7297 580 12046
f 581 6119 5419
f 581 5419 9584
f 5891 6119 581
f 5891 581 8039
f 581 11891 8039
f 581 9584 11891
f 1643 582 1645
f 7309 582 1643
f 11599 1645 582
f 2451 582 2356
f 7309 2356 582
f 2451 11599 582
f 9012 1144 583
f 11602 583 1144
f 11609 7807 583
f 583 7807 12107
f 9012 583 12107
f 11609 583 11602
f 3519 584 842
f 842 584 8446
f 3519 12821 584
f 584 11607 8446
f 5271 9045 585
f 12113 5271 585
f 12108 7815 585
f 12113 585 7815
f 12108 585 9045
f 798 586 805
f 798 7308 586
f 9011 586 7308
f 7261 587 3692
f 8771 3692 587
f 8771 587 8556
f 587 12019 8556
f 6287 727 588
f 727 7083 588
f 4436 6287 588
f 4436 588 6325
f 6325 588 5427
f 7083 5427 588
f 1565 5960 589
f 1565 589 7920
f 589 5946 2664
f 589 2664 7920
f 590 1396 5948
f 590 5948 5946
f 10318 591 982
f 982 591 11086
f 6221 591 10318
f 6221 10561 591
f 10561 11086 591
f 6277 592 5898
f 11552 5898 592
f 6277 10242 592
f 592 10090 6738
f 11552 592 6738
f 592 10242 10090
f 593 714 12011
f 593 12014 714
f 3417 593 2044
f 593 12011 2044
f 3417 7232 593
f 593 7232 12014
f 2876 1934 594
f 2876 594 4212
f 594 3114 4212
f 4728 595 3027
f 595 11645 3027
f 3047 11645 595
f 596 689 4263
f 596 4277 689
f 596 4263 1290
f 596 1290 4287
f 596 12876 4277
f 596 4287 12876
f 12154 597 1029
f 1029 597 12178
f 597 4720 4721
f 597 7332 4720
f 597 4721 12178
f 12154 7332 597
f 2638 1086 598
f 598 1086 5935
f 1396 2638 598
f 598 5948 1396
f 598 5800 5948
f 599 4512 11640
f 599 11657 4512
f 599 4694 11637
f 599 11640 4694
f 599 11637 11655
f 599 11655 11656
f 599 11656 11657
f 601 7343 7342
f 601 7342 11645
f 7353 7343 601
f 7353 601 7354
f 7354 601 7355
f 7355 601 11645
f 720 602 3430
f 7742 602 720
f 8533 3430 602
f 602 7731 7730
f 11050 602 7730
f 7742 7731 602
f 8533 602 11050
f 6377 604 603
f 604 9514 603
f 844 603 4027
f 844 6377 603
f 4027 603 9514
f 604 4993 9514
f 604 10748 4993
f 6377 5552 604
f 604 5552 10499
f 604 10499 10748
f 605 801 4031
f 605 8908 801
f 605 2426 1188
f 605 1188 8908
f 605 4031 2426
f 7746 606 1845
f 7746 8521 606
f 607 6772 5382
f 6634 6772 607
f 608 9517 2435
f 10745 608 2435
f 608 6363 6380
f 608 6381 6363
f 608 6380 9517
f 10745 6381 608
f 7407 4155 609
f 609 4155 11707
f 609 7380 4329
f 609 4329 11678
f 609 11707 7380
f 7407 609 11678
f 610 2337 5281
f 610 7382 2337
f 610 4281 7389
f 610 11690 4281
f 610 5281 11690
f 610 7389 7382
f 1046 10439 611
f 1046 611 11847
f 611 6943 9669
f 612 4304 4307
f 612 7857 4304
f 612 4307 11693
f 612 11695 7857
f 612 11693 11695
f 613 3651 614
f 12661 613 614
f 7963 3177 613
f 3177 12249 613
f 12249 3651 613
f 7963 613 12661
f 3651 636 614
f 614 636 10984
f 614 10984 4063
f 12661 614 4063
f 1715 2177 615
f 1715 615 8877
f 2177 8864 615
f 11697 615 8864
f 1877 1879 616
f 1877 616 11694
f 1879 11702 616
f 7396 11694 616
f 1138 617 11705
f 1138 12189 617
f 1880 4175 617
f 1880 617 7403
f 617 4175 11705
f 617 12189 7403
f 4084 2758 618
f 9813 618 2758
f 4084 618 4083
f 4083 618 12745
f 12406 618 9813
f 12406 12745 618
f 619 5277 1370
f 619 1370 12131
f 8365 5277 619
f 8365 619 7847
f 619 12131 7847
f 621 620 3639
f 621 3648 620
f 12237 3639 620
f 3648 7947 620
f 12237 620 7947
f 621 1220 3648
f 621 8359 1220
f 621 3639 3652
f 621 3652 8359
f 622 2519 831
f 622 831 4151
f 622 8819 2519
f 8712 3127 622
f 622 3127 8819
f 12142 622 4151
f 12142 8712 622
f 8898 2373 623
f 623 2373 11231
f 4353 4225 623
f 8898 623 4225
f 4353 623 5741
f 623 11231 5741
f 2549 624 3743
f 7960 624 2549
f 5844 624 5630
f 7960 5630 624
f 3675 1739 625
f 8923 625 1739
f 3675 625 3689
f 3689 625 8412
f 625 4373 8412
f 8923 4373 625
f 626 1869 1875
f 626 10472 1869
f 2282 626 1875
f 1889 626 2282
f 4088 627 4782
f 9252 627 4088
f 627 4783 4782
f 6847 4783 627
f 6847 627 9457
f 9252 9457 627
f 2943 2948 628
f 2943 628 7340
f 5092 628 2948
f 5092 5982 628
f 5982 5234 628
f 7340 628 5234
f 3758 629 1218
f 1218 629 10037
f 3756 3044 629
f 629 3044 6568
f 3756 629 3758
f 629 6568 10037
f 1202 630 4927
f 1202 9230 630
f 3816 3742 630
f 4927 630 3742
f 3816 630 4931
f 9230 4931 630
f 3651 631 636
f 631 12245 636
f 631 708 786
f 631 12233 708
f 631 786 12245
f 3636 631 3651
f 3636 12233 631
f 632 6001 5899
f 632 5899 11798
f 632 11798 12837
f 639 633 1950
f 10330 633 639
f 633 1808 5532
f 1950 633 5532
f 634 1954 1808
f 892 635 2832
f 892 5530 635
f 5530 985 635
f 2832 635 4635
f 3647 10984 636
f 3647 636 12245
f 639 1950 637
f 639 637 4636
f 637 1950 11456
f 4636 637 1952
f 3181 3183 638
f 3181 638 3644
f 638 3183 11767
f 3644 638 7478
f 3710 638 11767
f 3710 11769 638
f 638 11769 7478
f 1960 639 4636
f 10330 639 1960
f 640 2001 6300
f 10858 2001 640
f 10858 640 2260
f 11438 2260 640
f 9400 640 6300
f 11438 640 9400
f 641 704 647
f 641 647 7949
f 11005 704 641
f 641 7949 779
f 641 779 12221
f 11005 641 12221
f 940 642 770
f 1967 770 642
f 10331 642 940
f 1134 642 989
f 10331 989 642
f 1134 1967 642
f 2592 643 1072
f 1072 643 11446
f 643 2592 2691
f 10336 10331 643
f 10331 11446 643
f 1077 2597 644
f 1077 644 10337
f 2596 10337 644
f 2597 4642 644
f 1207 1007 645
f 2306 645 1007
f 1207 645 10341
f 3737 2678 646
f 3202 646 3336
f 7031 646 3202
f 3737 646 7031
f 647 704 8331
f 3650 7949 647
f 3650 647 8331
f 648 664 657
f 648 657 3156
f 3625 664 648
f 3625 648 833
f 7455 833 648
f 7455 648 3156
f 649 7157 4557
f 649 11155 7157
f 3254 650 3228
f 3228 650 12318
f 3254 3330 650
f 650 3330 3322
f 651 3146 1045
f 651 1045 4457
f 2900 1348 651
f 1348 3146 651
f 2900 651 1849
f 651 4457 1849
f 652 10162 11037
f 12143 10162 652
f 12143 652 10424
f 11814 652 11037
f 655 11753 654
f 654 5548 2660
f 655 4977 2159
f 655 2159 11421
f 655 11421 11753
f 656 2695 3215
f 656 3215 9291
f 656 10499 5552
f 656 9291 5553
f 656 5553 10499
f 3650 657 664
f 11754 3156 657
f 12248 657 3650
f 11754 657 12248
f 1952 658 1383
f 2144 1383 658
f 4055 659 4060
f 7596 659 4055
f 8271 4060 659
f 5671 659 5188
f 5188 659 7596
f 5671 8271 659
f 3063 660 7548
f 660 3243 7548
f 11843 3243 660
f 11843 660 7543
f 5488 661 10217
f 5488 10265 661
f 10217 661 7168
f 661 11636 7168
f 9652 661 10265
f 9652 11636 661
f 702 662 5979
f 702 6284 662
f 822 1282 662
f 2410 822 662
f 5979 662 1282
f 662 2756 2410
f 2756 662 6284
f 10241 663 1634
f 10351 1634 663
f 10243 663 10241
f 10244 663 10243
f 10244 12484 663
f 10351 663 12484
f 3625 7925 664
f 3650 664 7949
f 7925 7949 664
f 669 666 665
f 666 3646 665
f 669 665 3648
f 665 3646 7945
f 665 7947 3648
f 665 7945 7947
f 669 8356 666
f 666 12244 3646
f 666 8356 4057
f 666 4057 12244
f 11977 667 907
f 9337 667 10893
f 11977 10893 667
f 794 3838 668
f 3838 2659 668
f 8355 669 3648
f 8355 8356 669
f 670 3268 3118
f 12384 670 3118
f 670 3528 3268
f 670 4689 3528
f 12384 4689 670
f 676 671 681
f 676 3645 671
f 681 671 3646
f 671 3645 7944
f 671 7945 3646
f 671 7944 7945
f 2185 1946 672
f 1946 2307 672
f 6256 1957 672
f 1957 11212 672
f 2185 672 11212
f 6256 672 2307
f 2560 673 5881
f 2560 11963 673
f 2561 673 3151
f 5881 673 2561
f 3783 3151 673
f 3794 3783 673
f 3794 673 11963
f 5256 675 674
f 2275 5255 674
f 11961 2275 674
f 5255 5256 674
f 854 675 11932
f 5256 5257 675
f 5257 11932 675
f 676 681 3647
f 676 12243 3645
f 676 3647 12245
f 676 12245 12243
f 5158 677 5408
f 9706 677 5158
f 5297 5408 677
f 5297 677 6137
f 9706 5407 677
f 9707 677 5407
f 9707 6137 677
f 974 678 682
f 682 678 1399
f 974 11903 678
f 5256 1399 678
f 5256 678 5257
f 5257 678 11903
f 679 6048 4176
f 679 4176 8904
f 679 12559 6048
f 679 8904 12526
f 679 12526 12559
f 680 4229 5544
f 680 5562 4229
f 680 5544 5458
f 9757 680 5458
f 680 5585 5562
f 9757 5585 680
f 681 3646 12244
f 681 7946 3647
f 681 12244 7946
f 11836 974 682
f 5262 682 1399
f 5262 11835 682
f 11836 682 11835
f 8280 717 683
f 683 717 9397
f 683 9397 3972
f 683 3972 12579
f 8280 683 3981
f 3981 683 12579
f 684 8571 872
f 684 4167 1665
f 684 1665 8571
f 684 2548 4167
f 685 4185 3021
f 4556 685 3021
f 685 3687 4185
f 685 10357 3687
f 4556 5982 685
f 685 5982 10357
f 2347 686 8711
f 2347 11014 686
f 4413 8711 686
f 11883 4413 686
f 686 11014 11001
f 11883 686 11001
f 6736 687 9906
f 7135 687 6902
f 7135 9906 687
f 688 6452 6163
f 688 6163 9434
f 688 10799 6452
f 688 8366 10799
f 688 11921 8366
f 688 9434 11921
f 998 4263 689
f 998 689 12875
f 12875 689 4277
f 690 843 7939
f 690 7941 843
f 3645 3642 690
f 3642 7941 690
f 7944 3645 690
f 7944 690 7939
f 691 8017 6661
f 691 10878 8017
f 1072 2140 692
f 1072 692 2594
f 692 2140 11730
f 4954 2594 692
f 4247 693 7598
f 4247 12845 693
f 7598 693 8795
f 12845 8547 693
f 7620 694 4050
f 12302 4050 694
f 7049 694 8349
f 7049 12755 694
f 7620 8349 694
f 12302 694 12755
f 2599 1077 695
f 695 1077 11441
f 695 11441 7165
f 696 12584 927
f 5087 696 9399
f 5087 12584 696
f 697 784 12430
f 697 3819 8581
f 697 12430 3819
f 697 8581 9713
f 10412 698 1278
f 12114 1278 698
f 1813 6113 698
f 1813 698 10412
f 698 6113 12114
f 1912 699 4603
f 1912 10391 699
f 4592 699 2077
f 10391 2077 699
f 4592 6383 699
f 4603 699 6212
f 6212 699 6383
f 2297 700 701
f 4280 701 700
f 12877 700 2297
f 8579 4280 700
f 8579 700 12877
f 719 2297 701
f 4277 719 701
f 12875 4277 701
f 4280 12875 701
f 10354 702 5979
f 10268 6284 702
f 847 703 946
f 847 5772 703
f 946 703 3081
f 5786 3081 703
f 5772 5769 703
f 5769 5786 703
f 762 8331 704
f 12233 762 704
f 11005 12233 704
f 955 705 8170
f 705 7684 11986
f 12569 7684 705
f 705 11986 8170
f 11516 706 5415
f 11516 9287 706
f 707 4212 3114
f 4256 707 3114
f 12803 4212 707
f 4256 4213 707
f 12806 707 4213
f 12806 12803 707
f 12784 786 708
f 11005 3623 708
f 12784 708 3623
f 11005 708 12233
f 4203 709 3232
f 3232 709 8174
f 8177 709 4203
f 8177 5513 709
f 8779 709 5513
f 11997 8174 709
f 8779 11997 709
f 1454 8191 710
f 1454 710 12032
f 7734 710 8178
f 7734 12032 710
f 8178 710 12489
f 12489 710 8191
f 711 793 768
f 1452 711 768
f 1063 793 711
f 1452 858 711
f 858 11673 711
f 1063 711 11673
f 2106 712 2104
f 2632 2104 712
f 2106 12004 712
f 2632 712 2629
f 2629 712 12004
f 12016 2025 713
f 713 2025 12018
f 12007 8557 713
f 12013 713 8557
f 12007 713 12018
f 12013 12016 713
f 1297 714 12014
f 12485 714 1297
f 7713 12011 714
f 12485 7713 714
f 7722 715 2206
f 2206 715 7766
f 7722 12020 715
f 12040 7766 715
f 12038 715 12020
f 12038 12040 715
f 5973 716 10271
f 5973 11850 716
f 5980 716 6146
f 5980 10279 716
f 11850 6146 716
f 10271 716 10279
f 7800 7856 717
f 7859 7800 717
f 9397 717 7856
f 8280 7859 717
f 718 1689 4009
f 5572 1689 718
f 5648 718 4009
f 4010 5418 718
f 5648 4010 718
f 5572 718 5418
f 12876 4274 719
f 12876 719 4277
f 720 3430 7735
f 12033 720 7735
f 7743 7742 720
f 7743 720 12033
f 7736 3310 721
f 7740 721 3310
f 7736 721 12030
f 7739 721 7740
f 7739 8542 721
f 721 8542 12030
f 7991 722 8206
f 7991 12036 722
f 12508 8206 722
f 10829 722 12036
f 12501 722 10829
f 12501 12508 722
f 723 12059 7741
f 723 7741 12182
f 723 8204 8513
f 723 12182 8204
f 723 8513 12059
f 724 1830 1836
f 724 12051 1830
f 724 1836 7756
f 724 7756 7755
f 724 7755 12045
f 724 12045 12051
f 1051 1413 725
f 3557 1051 725
f 5210 725 1413
f 3557 725 3601
f 725 6706 3601
f 5210 6706 725
f 1727 7776 726
f 12062 1727 726
f 7749 726 7774
f 7749 12062 726
f 7774 726 7776
f 4439 727 6287
f 4439 8738 727
f 12373 7083 727
f 8738 12373 727
f 7760 2154 728
f 12061 728 2154
f 12065 7760 728
f 8500 8506 728
f 8500 728 12061
f 12065 728 8506
f 7997 729 7933
f 7933 729 12524
f 7997 12519 729
f 729 12519 8224
f 729 8224 12524
f 7762 730 753
f 7772 753 730
f 7912 730 2186
f 8511 2186 730
f 7762 8511 730
f 7772 730 7912
f 1688 1696 731
f 1688 731 7765
f 1696 7777 731
f 7765 731 12075
f 7775 731 7777
f 7775 12075 731
f 7768 3960 732
f 3960 7771 732
f 8504 7768 732
f 7771 12069 732
f 8504 732 12069
f 8239 7767 733
f 12068 733 7767
f 8239 733 12536
f 12068 12071 733
f 3955 734 2010
f 4545 2010 734
f 8014 734 3955
f 8014 12552 734
f 8605 7773 735
f 735 7773 12074
f 8605 735 8247
f 8247 735 12560
f 735 12074 12077
f 12560 735 12077
f 7780 736 7781
f 7780 12078 736
f 736 7783 7781
f 12562 7783 736
f 12078 8262 736
f 8262 12562 736
f 1627 3483 737
f 1627 737 7797
f 3483 1679 737
f 1679 12080 737
f 12097 7797 737
f 12083 737 12080
f 12097 737 12083
f 3685 7196 738
f 3685 738 8251
f 7196 8482 738
f 738 8482 7784
f 12082 738 7784
f 8251 738 12082
f 5853 1835 739
f 9778 739 1835
f 5853 739 9244
f 9244 739 10158
f 9856 739 9778
f 9856 10158 739
f 7208 740 11511
f 7211 11509 740
f 740 11509 9301
f 740 9301 11511
f 1597 741 12088
f 1597 12095 741
f 4199 741 1624
f 1624 741 7793
f 4199 12088 741
f 741 12095 7793
f 12219 777 742
f 777 12790 742
f 12219 742 7939
f 12242 7939 742
f 12242 742 12786
f 12786 742 12790
f 7796 743 1588
f 743 7856 1588
f 7796 12096 743
f 8658 7799 743
f 7799 12570 743
f 12570 7856 743
f 8658 743 12096
f 744 1576 1577
f 744 7803 1576
f 744 1577 12101
f 744 2606 7803
f 745 748 780
f 7938 748 745
f 745 780 3628
f 12228 745 3628
f 7938 745 3638
f 12228 3638 745
f 746 2622 1432
f 746 1432 12104
f 8291 746 2371
f 2371 746 12112
f 8291 2622 746
f 746 12104 12112
f 747 1562 7808
f 747 7809 1562
f 2384 7809 747
f 2384 747 12105
f 747 7808 7804
f 747 7804 12105
f 748 769 780
f 748 7936 769
f 7938 3639 748
f 748 3639 12237
f 748 12237 7936
f 7813 12111 749
f 7813 749 12575
f 8269 749 12116
f 8269 12567 749
f 12116 749 12111
f 12575 749 12567
f 750 1675 7659
f 750 12656 1675
f 750 7659 7814
f 750 7814 12115
f 750 12115 12612
f 750 12612 12656
f 751 12117 1194
f 12180 751 1194
f 2400 751 7822
f 2400 12117 751
f 751 7879 7822
f 12180 7879 751
f 791 2387 752
f 12175 791 752
f 12123 752 2387
f 12123 7896 752
f 12196 752 7896
f 12175 752 12196
f 7762 753 8498
f 7770 8498 753
f 8619 7770 753
f 8619 753 7772
f 754 1662 1663
f 754 5961 1662
f 754 1663 12125
f 754 10257 5961
f 754 12125 10257
f 3019 1998 755
f 3046 755 1998
f 3046 2705 755
f 11646 755 2705
f 9354 3019 755
f 9354 755 11646
f 2396 756 983
f 983 756 10326
f 2396 10246 756
f 756 5528 3800
f 10326 756 3800
f 756 10246 5528
f 7838 757 1317
f 1317 757 7844
f 7837 1347 757
f 12135 757 1347
f 7837 757 7838
f 12135 7844 757
f 1706 759 10148
f 1706 12792 759
f 6437 8414 759
f 6437 759 10303
f 759 8414 10148
f 10303 759 12792
f 760 8331 762
f 12234 760 762
f 1430 11760 760
f 1430 760 12234
f 7934 8331 760
f 7934 760 11760
f 761 8398 836
f 761 836 12149
f 1005 761 3597
f 1005 8398 761
f 3597 761 1043
f 1043 761 12149
f 3636 762 12233
f 3636 12234 762
f 763 3575 3596
f 763 12795 3575
f 763 3596 7895
f 763 12154 7881
f 763 7881 12795
f 763 7895 12169
f 763 12169 12154
f 1105 764 7858
f 1105 7890 764
f 3563 764 1242
f 12188 1242 764
f 3563 7858 764
f 12188 764 7890
f 3596 765 3560
f 765 7867 3560
f 3596 3575 765
f 765 3575 8767
f 765 7875 7867
f 765 8767 7875
f 4507 766 6210
f 4507 10195 766
f 10302 766 10195
f 7862 767 1101
f 1101 767 12796
f 7862 12163 767
f 12163 12164 767
f 10065 768 793
f 1452 768 920
f 920 768 10065
f 8337 780 769
f 8337 769 7919
f 769 12786 7919
f 7936 12786 769
f 940 770 5534
f 1967 1414 770
f 5534 770 1414
f 771 6638 4795
f 771 4795 10939
f 771 6611 9327
f 771 10939 6611
f 771 9052 6638
f 771 9327 9052
f 772 846 7644
f 772 8385 846
f 772 3840 8744
f 772 12617 3840
f 772 7644 12617
f 772 7899 8385
f 772 8744 7899
f 1414 1668 773
f 5534 1414 773
f 5897 773 1668
f 5534 773 2397
f 7626 12201 774
f 7626 774 12627
f 12201 8333 774
f 8333 12619 774
f 12619 12627 774
f 10549 775 4023
f 4023 775 11019
f 10549 4032 775
f 11045 11019 775
f 5536 948 776
f 776 948 11441
f 776 993 1968
f 776 10337 993
f 5536 776 1968
f 776 11441 10337
f 777 806 12211
f 12219 806 777
f 777 12211 3612
f 777 3612 12790
f 778 1109 2399
f 778 5910 1109
f 778 5536 1385
f 5927 778 1385
f 778 2399 2598
f 778 2598 5536
f 5927 5910 778
f 779 812 870
f 7925 812 779
f 12216 779 870
f 7925 779 7949
f 12221 779 12216
f 3628 780 8337
f 781 4648 1417
f 781 2604 1976
f 8272 7799 782
f 8658 782 7799
f 8272 782 12085
f 8463 8467 782
f 8658 8463 782
f 12085 782 8467
f 1063 783 793
f 5766 793 783
f 1063 881 783
f 881 10061 783
f 5766 783 10176
f 10061 10176 783
f 12882 784 8582
f 12430 784 8585
f 12882 8585 784
f 879 785 862
f 862 785 11673
f 881 785 879
f 1063 785 881
f 1063 11673 785
f 12245 786 12243
f 12243 786 12784
f 4567 787 11889
f 4567 12581 787
f 7153 787 7786
f 7153 11889 787
f 10763 7786 787
f 12581 10763 787
f 12237 788 7936
f 7936 788 12242
f 7944 788 7945
f 7944 12242 788
f 7945 788 7947
f 12237 7947 788
f 789 1406 1241
f 789 1241 3193
f 789 5725 1406
f 5937 790 1427
f 790 9971 1427
f 5678 790 6045
f 5678 9973 790
f 6045 790 5937
f 790 9973 9971
f 799 12457 791
f 12457 2387 791
f 901 898 792
f 901 792 1222
f 792 1947 1222
f 10065 793 5766
f 795 7964 7962
f 795 7962 12260
f 795 12781 7964
f 795 12262 12781
f 796 1978 5545
f 796 10342 1978
f 796 2150 10342
f 11739 2150 796
f 836 7854 797
f 12149 836 797
f 1962 12149 797
f 12807 797 7854
f 798 805 7825
f 798 8449 7308
f 798 7825 7821
f 798 7821 8449
f 799 1016 12457
f 7985 800 8384
f 12282 800 7985
f 12278 8384 800
f 12278 800 12276
f 12282 12276 800
f 4031 801 5553
f 10748 5553 801
f 6021 801 8908
f 6021 10748 801
f 802 8435 1172
f 802 1172 8983
f 802 8983 7298
f 802 7298 11600
f 802 11600 8435
f 803 10788 4484
f 803 8383 10788
f 804 7390 1485
f 804 1485 12416
f 12406 804 4299
f 4299 804 12416
f 804 7422 7390
f 12406 7422 804
f 2045 805 3306
f 7825 805 2045
f 805 11606 3306
f 3140 806 843
f 12219 843 806
f 3140 7439 806
f 12211 806 7439
f 807 812 810
f 807 810 7436
f 807 870 812
f 807 3129 870
f 11727 3129 807
f 11727 807 7436
f 2420 808 5623
f 2420 8391 808
f 3248 5623 808
f 3248 808 8948
f 8806 808 8391
f 8948 808 8806
f 809 3368 3043
f 809 3043 11467
f 809 5230 3368
f 809 6568 5230
f 809 10037 6568
f 809 11467 10037
f 810 812 3625
f 810 3625 7924
f 810 7437 7436
f 810 7924 7437
f 11526 2146 811
f 11525 5340 811
f 5340 11526 811
f 11525 811 7225
f 3625 812 7925
f 5631 813 4438
f 11189 4438 813
f 5629 813 7352
f 5629 8737 813
f 5631 7352 813
f 11189 813 8737
f 814 1234 4012
f 4440 1234 814
f 814 3995 12592
f 4440 814 12592
f 815 853 3799
f 5892 853 815
f 815 3799 2746
f 5903 816 817
f 1498 816 5903
f 1502 5903 817
f 1502 817 5915
f 5915 817 5916
f 1686 818 819
f 3815 819 818
f 5915 818 2725
f 3815 818 5916
f 5915 5916 818
f 1518 819 1424
f 3815 1424 819
f 1518 3824 820
f 1530 5926 820
f 821 867 8180
f 821 12483 867
f 821 12023 912
f 821 912 12483
f 821 8180 12721
f 821 9116 12023
f 821 12721 9116
f 12152 1282 822
f 822 2410 12754
f 12238 12152 822
f 12238 822 12754
f 823 973 824
f 823 824 1536
f 823 3833 973
f 823 1536 5933
f 824 973 3839
f 824 6224 1536
f 824 3839 5942
f 824 5942 6224
f 825 1428 1551
f 825 3839 1428
f 3201 825 1551
f 3201 6223 825
f 825 5942 3839
f 825 5943 5942
f 825 6223 5943
f 1365 954 826
f 1365 826 1521
f 10690 3769 827
f 12357 827 3769
f 4121 827 4120
f 4120 827 12357
f 4121 10651 827
f 10651 10690 827
f 828 4163 2187
f 828 2187 8431
f 828 8722 4163
f 828 8431 4188
f 5273 8722 828
f 1843 1841 829
f 2990 829 1841
f 1843 829 2261
f 2261 829 6742
f 5667 829 2990
f 5667 6742 829
f 830 2013 2875
f 830 6296 2013
f 9335 830 2118
f 11434 2118 830
f 11434 830 2875
f 10596 6296 830
f 9335 10596 830
f 2519 4148 831
f 4148 4164 831
f 12811 4151 831
f 12811 831 4164
f 832 3787 8083
f 832 8084 3787
f 832 8083 12375
f 832 8450 8084
f 9633 8450 832
f 9633 832 12375
f 3625 833 7924
f 7453 7448 833
f 7448 7924 833
f 7455 7453 833
f 2669 834 2706
f 2669 8592 834
f 834 6739 2706
f 4297 6739 834
f 4297 834 8596
f 834 8592 8596
f 835 5440 1436
f 6856 835 1436
f 5917 5440 835
f 5917 835 5928
f 10360 5928 835
f 6856 10360 835
f 836 12185 7854
f 836 8398 12185
f 3812 5797 837
f 837 5908 5912
f 941 1252 838
f 5920 941 838
f 1517 838 1252
f 1517 3565 838
f 1284 839 1286
f 8740 839 1284
f 1286 839 12192
f 8404 7894 839
f 7894 12192 839
f 8740 8404 839
f 1527 840 1519
f 1520 840 3722
f 1520 3722 841
f 2492 841 3722
f 3519 842 7880
f 842 12495 7880
f 842 8446 12119
f 842 12119 12495
f 3140 843 864
f 7941 864 843
f 12219 7939 843
f 844 4027 1281
f 844 1281 9481
f 844 5806 6377
f 844 9481 5806
f 845 1135 8814
f 845 11710 1135
f 7410 845 1695
f 845 11507 1695
f 7410 11710 845
f 845 8814 11507
f 12184 7644 846
f 7886 846 8385
f 12184 846 7886
f 847 946 10070
f 847 10073 5772
f 3751 848 6988
f 3751 9028 848
f 848 10115 6988
f 8608 848 9028
f 12287 848 8608
f 12287 10115 848
f 8332 849 864
f 12215 864 849
f 8332 3623 849
f 12221 849 3623
f 12216 12215 849
f 12221 12216 849
f 850 8475 7007
f 850 7007 12421
f 850 12771 7074
f 850 7074 12773
f 850 12773 8475
f 850 12421 12771
f 3421 851 11310
f 3421 12015 851
f 7233 851 7708
f 7233 8159 851
f 7708 851 12015
f 851 8159 11310
f 1000 1423 852
f 1000 852 2098
f 11933 852 1423
f 2098 852 3870
f 6469 3870 852
f 6469 852 11933
f 1466 3799 853
f 1466 853 6249
f 5892 3161 853
f 3161 6249 853
f 854 2277 1465
f 854 11932 2277
f 1466 3160 855
f 5890 855 1471
f 6732 1471 855
f 3160 6732 855
f 5839 1522 856
f 10137 856 1522
f 5843 5839 856
f 5845 5843 856
f 5845 856 8411
f 8411 856 10137
f 857 4294 2464
f 857 2464 12429
f 9753 857 2471
f 857 12429 2471
f 10787 4294 857
f 9753 10787 857
f 10046 1081 858
f 858 1081 11673
f 10048 858 1452
f 10046 858 10048
f 859 1080 4292
f 859 12436 1080
f 859 4276 3846
f 859 3846 12809
f 859 4292 4276
f 12809 12436 859
f 970 963 860
f 8154 860 963
f 970 860 2322
f 860 1275 2322
f 12455 1275 860
f 12455 860 8154
f 1669 2742 861
f 1669 861 8169
f 861 2742 12453
f 861 8160 8169
f 861 9782 8160
f 861 12453 9782
f 879 862 10158
f 10062 862 1453
f 862 11673 1453
f 10062 10158 862
f 863 1289 971
f 863 971 3200
f 863 2433 1289
f 863 2484 2433
f 5268 2484 863
f 5268 863 3200
f 3140 864 12215
f 8332 864 7941
f 865 1042 4098
f 8197 1042 865
f 865 11830 1314
f 865 1314 12724
f 865 4098 11830
f 8197 865 12724
f 4921 866 976
f 976 866 9531
f 4921 6301 866
f 11527 866 6301
f 866 6313 9531
f 11527 6313 866
f 8180 867 12487
f 8189 867 8190
f 12487 867 8189
f 8190 867 12483
f 3129 868 870
f 12216 870 868
f 3129 11729 868
f 868 11729 11738
f 12215 868 11738
f 12216 868 12215
f 8009 8187 869
f 8201 8009 869
f 12488 869 8187
f 8201 869 8193
f 12490 8193 869
f 12490 869 12488
f 1055 871 3301
f 1055 12505 871
f 8219 3301 871
f 8219 871 11388
f 12701 11388 871
f 12505 12511 871
f 12511 12701 871
f 4273 872 1112
f 872 8572 1112
f 872 8571 4272
f 872 4272 8572
f 3168 873 5356
f 873 3672 4200
f 873 5978 3672
f 873 4200 5356
f 7874 1056 874
f 12513 874 1056
f 10152 874 6396
f 10152 7874 874
f 6970 8642 875
f 6970 875 12520
f 8222 875 8640
f 8222 12520 875
f 875 8642 8640
f 876 2049 1336
f 876 1336 12139
f 876 1401 2050
f 876 12139 1401
f 876 4034 2049
f 876 2050 4034
f 877 1065 8218
f 8246 1065 877
f 8246 877 8210
f 877 12521 8210
f 877 8218 12516
f 877 12516 12521
f 11437 1405 878
f 2724 878 10339
f 11437 878 2724
f 881 879 887
f 879 9856 887
f 879 10158 9856
f 880 1174 7967
f 7958 880 8321
f 881 887 1463
f 881 1463 10061
f 1062 882 8670
f 12532 882 1062
f 4368 9833 882
f 4368 882 12532
f 8672 8670 882
f 8672 882 9833
f 5621 883 3556
f 8232 3556 883
f 5621 7169 883
f 8243 883 7169
f 7917 8232 883
f 10287 7917 883
f 8243 10287 883
f 884 4592 6085
f 884 6383 4592
f 4621 4630 884
f 4621 884 12341
f 884 4630 6383
f 884 6085 12341
f 5830 885 1939
f 885 8049 1939
f 3303 885 5830
f 3303 8107 885
f 3312 8049 885
f 3312 885 8107
f 886 5045 2774
f 886 2774 5081
f 10415 5045 886
f 10418 886 5081
f 10415 886 5406
f 10418 5406 886
f 9856 9900 887
f 1078 12550 888
f 1078 888 12554
f 2114 12554 888
f 2114 888 12557
f 8263 888 12550
f 8263 12557 888
f 889 4602 1397
f 889 1397 7250
f 4374 889 7250
f 4374 9747 889
f 889 9863 4602
f 889 9747 9863
f 890 4044 12053
f 11122 890 10688
f 890 12053 10688
f 11122 12294 890
f 891 2050 1401
f 5581 891 1401
f 891 1724 3676
f 5581 1724 891
f 891 11017 2050
f 891 3676 11017
f 892 1483 5530
f 892 2832 3802
f 893 8265 4557
f 893 8719 8265
f 893 8707 11124
f 893 11124 8719
f 8266 12564 894
f 8266 894 12574
f 8273 12574 894
f 8273 894 12586
f 8288 894 12564
f 8288 12586 894
f 990 1059 895
f 990 895 1747
f 1747 895 3706
f 896 3982 7155
f 896 12580 3982
f 8279 896 7155
f 8279 12577 896
f 12577 12571 896
f 896 12571 12580
f 1992 897 2278
f 3425 897 1992
f 8000 2278 897
f 3425 12023 897
f 12502 8000 897
f 12502 897 12023
f 901 7975 898
f 1174 898 8141
f 898 7975 8141
f 12666 899 3999
f 4677 899 7095
f 899 8340 7095
f 12666 8340 899
f 1085 900 6702
f 7832 900 1085
f 2406 6702 900
f 2406 900 12584
f 12584 900 7832
f 8361 901 1222
f 7612 7975 901
f 8361 7612 901
f 902 7107 8725
f 902 8726 7107
f 12587 902 8725
f 9149 8726 902
f 9149 902 9191
f 12587 9191 902
f 903 1045 1238
f 903 4457 1045
f 903 1238 4459
f 903 8756 4457
f 903 4459 8756
f 904 7052 1111
f 904 1111 7151
f 904 4016 6836
f 904 7151 4016
f 904 6836 9435
f 904 9435 7052
f 7658 905 1212
f 905 12609 1212
f 3822 4016 905
f 3822 905 7658
f 4016 7151 905
f 905 7151 8308
f 905 8308 12609
f 906 5669 8735
f 12603 5669 906
f 906 7206 8305
f 906 8732 7206
f 12603 906 8305
f 906 8735 8732
f 907 3057 6787
f 907 6800 3057
f 11977 907 6787
f 7908 3611 908
f 12199 908 3611
f 7415 908 3922
f 12199 3922 908
f 7415 12207 908
f 7908 908 12207
f 4019 7645 909
f 4019 909 8755
f 909 4028 8755
f 909 12608 4028
f 909 7645 12616
f 8310 12608 909
f 8310 909 12616
f 910 2009 1651
f 910 1651 9949
f 1900 4653 910
f 1900 910 9949
f 910 10348 2009
f 910 4653 10348
f 2794 2796 911
f 2794 911 2807
f 8085 911 2796
f 3293 2807 911
f 3293 911 12393
f 8085 12393 911
f 3425 7724 912
f 3425 912 12023
f 7724 3885 912
f 912 3885 12483
f 3383 913 2247
f 8762 2247 913
f 3383 8328 913
f 8762 913 5015
f 12628 5015 913
f 12628 913 8328
f 1477 3804 914
f 914 2746 3799
f 1680 2977 915
f 1680 915 4123
f 2977 4144 915
f 8971 4123 915
f 12412 915 4144
f 8971 915 12412
f 7625 916 3729
f 3729 916 9940
f 7625 12642 916
f 8753 9940 916
f 7996 917 1504
f 3354 917 7996
f 1954 918 5907
f 10329 918 1954
f 2568 919 7362
f 2568 11141 919
f 11140 7362 919
f 7498 11140 919
f 7498 919 11859
f 11141 11859 919
f 1452 920 1004
f 920 10058 1004
f 1223 7600 921
f 12669 1223 921
f 4054 4942 921
f 4054 921 7600
f 4942 12667 921
f 12669 921 12667
f 923 8131 8255
f 923 12594 8131
f 923 8255 8368
f 923 8368 8774
f 923 8774 9975
f 923 9975 12594
f 11456 924 2395
f 924 5884 2587
f 1074 925 3989
f 1074 4099 925
f 3989 925 9217
f 4099 11160 925
f 925 5233 9217
f 925 11160 5233
f 1435 926 2220
f 1435 3520 926
f 926 3520 1476
f 926 1476 12130
f 2220 926 7302
f 926 12130 7302
f 927 12584 7832
f 4553 3813 928
f 929 12205 3608
f 929 3608 12206
f 929 12206 7908
f 929 7908 12207
f 12200 12205 929
f 12200 929 12207
f 3111 7543 930
f 930 7543 4474
f 3816 9992 931
f 10464 3816 931
f 4089 10464 931
f 4089 931 12218
f 9992 8391 931
f 931 8391 12218
f 2009 932 1651
f 11427 1651 932
f 2160 932 2009
f 2160 5722 932
f 932 5722 5063
f 11427 932 5063
f 933 4546 11951
f 933 12693 4546
f 933 5029 8395
f 933 11951 5029
f 933 8395 12137
f 933 12137 12693
f 1479 5914 934
f 1510 934 5914
f 937 3817 935
f 1433 935 1511
f 2508 3817 937
f 2304 8906 938
f 2304 938 12705
f 4100 938 8399
f 4100 12705 938
f 4113 8399 938
f 8906 4113 938
f 4658 4000 939
f 12677 939 4000
f 4193 8302 939
f 4193 939 12677
f 4658 939 9417
f 8302 9417 939
f 7017 940 5534
f 11446 940 7017
f 10331 940 11446
f 941 2248 1252
f 5535 2248 941
f 993 942 2408
f 2596 942 993
f 2408 942 2645
f 2596 7244 942
f 7244 2645 942
f 2351 943 1303
f 4968 1303 943
f 2351 8857 943
f 3101 943 8857
f 944 11910 11903
f 945 2226 1424
f 945 1424 5914
f 1425 2226 945
f 5922 1425 945
f 1503 945 5914
f 5922 945 1503
f 946 1472 10070
f 11664 1472 946
f 11664 946 3081
f 1363 3681 947
f 3825 1363 947
f 3825 947 3532
f 5536 2598 948
f 7165 11441 948
f 3606 1149 949
f 7906 949 1149
f 7901 3606 949
f 8357 7901 949
f 7906 12205 949
f 8357 949 12205
f 8971 950 4123
f 11706 4123 950
f 8973 950 8971
f 10987 950 8973
f 10987 11375 950
f 11375 12547 950
f 11706 950 12547
f 4137 951 7185
f 4137 9894 951
f 8473 7185 951
f 12558 8473 951
f 9894 10414 951
f 12558 951 10414
f 9633 1229 952
f 12742 952 1229
f 952 4139 8450
f 952 9423 4139
f 9633 952 8450
f 12742 9423 952
f 953 5929 10024
f 953 10253 5929
f 1365 5704 954
f 12366 954 5704
f 12366 6222 954
f 8075 955 3871
f 955 8170 3871
f 8090 955 8075
f 956 4643 4637
f 956 4637 10203
f 956 8938 4643
f 956 5046 8938
f 956 12743 5046
f 956 10203 12743
f 1959 3605 957
f 1959 957 11111
f 3605 7909 957
f 7909 12206 957
f 11111 957 12206
f 4154 958 4152
f 958 5062 4152
f 4154 7641 958
f 958 8942 5062
f 958 7641 12403
f 958 12403 8942
f 1533 1425 959
f 1535 959 1425
f 1533 959 3833
f 1535 3831 959
f 3831 5931 959
f 3833 959 5931
f 4158 960 8470
f 4158 10167 960
f 960 10167 4637
f 960 4637 12403
f 960 7641 8470
f 960 12403 7641
f 7420 7901 961
f 7420 961 12788
f 8357 961 7901
f 8357 11720 961
f 961 11720 12788
f 1210 1372 962
f 10025 1210 962
f 10025 962 1362
f 3835 962 1372
f 970 8059 963
f 8158 963 8059
f 8154 963 8168
f 8158 8168 963
f 9792 4667 964
f 12774 964 4667
f 11638 964 9725
f 12774 9725 964
f 9792 964 9754
f 11638 9754 964
f 969 965 1368
f 969 5430 965
f 965 3675 1368
f 2848 1739 965
f 965 1739 3675
f 2848 965 5430
f 7577 1256 966
f 966 1256 12779
f 966 9477 8487
f 966 12779 9477
f 1316 967 1780
f 1316 1807 967
f 967 1753 1780
f 967 2711 1753
f 967 1807 5711
f 967 5711 2711
f 968 8481 8979
f 968 12447 8481
f 10993 968 8979
f 10993 10093 968
f 968 10093 12447
f 970 2322 12568
f 970 9077 8059
f 970 12568 9077
f 971 1289 7499
f 12471 3200 971
f 971 7499 8173
f 8069 971 8173
f 12471 971 8069
f 2563 2065 972
f 972 2065 5695
f 2563 972 5715
f 2808 972 5695
f 2808 7179 972
f 7179 5715 972
f 3839 973 1096
f 1096 973 5931
f 3833 5931 973
f 2289 974 1099
f 1099 974 11836
f 975 3587 980
f 975 980 12805
f 975 3555 8371
f 975 12805 3555
f 975 4058 3587
f 975 8371 4058
f 5232 4920 976
f 10514 976 4920
f 10514 4921 976
f 5232 976 9531
f 6445 977 3389
f 11328 3389 977
f 8097 6444 977
f 977 6444 9987
f 9322 977 6445
f 9322 8097 977
f 11328 977 9987
f 978 1934 4224
f 978 12800 4220
f 978 4224 5729
f 978 5729 12800
f 979 980 8769
f 979 12805 980
f 979 8378 1279
f 979 1279 12805
f 979 8769 8378
f 980 3587 7886
f 980 7886 8385
f 980 8385 8769
f 981 9927 1936
f 981 1936 10511
f 6214 981 10511
f 10754 981 6214
f 10512 9927 981
f 10512 981 10754
f 982 6268 10360
f 6268 982 11087
f 10360 10318 982
f 982 11086 11087
f 983 5893 1410
f 983 1410 11724
f 2396 983 11724
f 983 10326 5893
f 1005 992 984
f 992 7824 984
f 1005 984 1189
f 984 1186 1189
f 984 7882 1186
f 984 7824 7882
f 4241 7539 986
f 4241 986 8537
f 12830 986 7539
f 986 12835 8537
f 8538 8891 986
f 8538 986 12830
f 8891 12835 986
f 987 1873 1872
f 5975 987 1872
f 987 5306 1873
f 5262 5306 987
f 5262 987 11835
f 5975 11835 987
f 1108 988 2142
f 1108 2832 988
f 1966 2142 988
f 988 2832 4635
f 1134 989 2399
f 10336 989 10331
f 990 1745 1059
f 9240 1745 990
f 7263 990 1747
f 7263 11568 990
f 11568 9240 990
f 991 11337 1384
f 1005 3597 992
f 3525 7824 992
f 3525 992 12123
f 3597 7896 992
f 992 7896 12123
f 993 1110 1968
f 993 2408 1110
f 2596 993 10337
f 1261 994 1592
f 1261 8558 994
f 994 9020 1592
f 994 8558 8547
f 994 8547 12845
f 994 12845 9020
f 995 4642 1200
f 11737 995 1200
f 995 1405 4967
f 995 5726 1405
f 995 3188 5726
f 11737 3188 995
f 995 4967 4642
f 4706 996 4258
f 4258 996 12851
f 4706 9006 996
f 996 9006 12846
f 10820 996 12846
f 10820 12851 996
f 8561 4263 998
f 7538 8561 998
f 7538 998 12878
f 12878 998 12875
f 1241 1406 999
f 1241 999 10234
f 1406 2150 999
f 11739 999 2150
f 999 5538 10234
f 11739 5538 999
f 1000 3854 1423
f 1000 2098 10540
f 1000 9172 3854
f 1000 4749 9172
f 1000 10540 4749
f 3634 1001 1332
f 1332 1001 7003
f 2548 1376 1001
f 1376 12888 1001
f 3634 2548 1001
f 7003 1001 12888
f 8827 8838 1002
f 8827 1002 12099
f 8830 1002 8838
f 8830 10562 1002
f 12099 1002 10562
f 1003 10236 2379
f 1003 2379 12883
f 1003 8579 12877
f 1003 12883 8579
f 1003 11665 10236
f 1003 12877 11665
f 1137 1452 1004
f 1137 1004 5744
f 5744 1004 10044
f 10058 10044 1004
f 1005 1189 8398
f 4230 1006 4102
f 1006 6278 4102
f 1006 4145 6216
f 1006 12058 4145
f 4230 12058 1006
f 1006 6216 6278
f 2306 1007 10253
f 1007 5929 10253
f 1008 7274 3455
f 1008 3455 7727
f 1008 7283 7274
f 1008 12027 7283
f 1008 7727 12026
f 1008 12026 12027
f 1009 1016 1020
f 1009 11009 1016
f 8768 1009 1020
f 8768 3581 1009
f 1009 3581 12495
f 3986 11009 1009
f 3986 1009 12495
f 1328 1010 6985
f 1328 7432 1010
f 3618 2313 1010
f 2313 8184 1010
f 3618 1010 7432
f 1010 8184 6985
f 1251 1309 1011
f 1251 1011 3083
f 1309 9496 1011
f 3083 1011 1364
f 1364 1011 11008
f 9496 11008 1011
f 5857 3133 1012
f 3133 9733 1012
f 5857 1012 4331
f 6031 4331 1012
f 6031 1012 8609
f 9733 8609 1012
f 1211 1013 5936
f 1211 8626 1013
f 1013 1420 1979
f 1013 8626 1420
f 1013 1979 2412
f 1013 2412 5936
f 1569 1014 8612
f 1569 8623 1014
f 8623 7440 1014
f 11927 1014 7440
f 8616 8612 1014
f 8616 1014 11927
f 1015 7367 1330
f 1015 1330 7378
f 1015 4321 1729
f 1015 1729 8621
f 1015 7378 4321
f 1015 8621 7367
f 1016 11009 12457
f 1201 1192 1017
f 1201 1017 1453
f 1017 10062 1453
f 1017 1457 10062
f 8767 1018 1020
f 8768 1020 1018
f 8767 3575 1018
f 1018 3575 12795
f 12179 8768 1018
f 12179 1018 12795
f 3291 1019 8205
f 1019 3291 8637
f 8200 1019 8455
f 8200 9832 1019
f 1019 8643 8205
f 1019 8637 8455
f 8643 1019 9832
f 1021 7450 3876
f 1021 3876 12726
f 1021 8784 7450
f 1021 8054 8784
f 1021 9084 8054
f 1021 12726 9084
f 8645 3621 1022
f 1022 3621 8822
f 7503 1022 5974
f 1022 8822 5974
f 7503 9031 1022
f 8645 1022 8646
f 9031 8646 1022
f 1335 1140 1023
f 1023 1140 11929
f 1335 1023 9074
f 1023 6749 9074
f 1023 10825 6749
f 1023 11929 10825
f 7623 8072 1024
f 7623 1024 9072
f 1024 8072 9761
f 8647 1024 9761
f 8647 12359 1024
f 9072 1024 12359
f 7360 1772 1025
f 1772 10381 1025
f 6093 1025 6091
f 8319 6091 1025
f 7360 1025 6093
f 8319 1025 10381
f 12114 1026 1816
f 1026 12129 1816
f 1026 6113 10958
f 1026 12114 6113
f 1026 10958 6114
f 1026 6114 12129
f 8890 1027 4366
f 11862 4366 1027
f 8651 1027 8656
f 11862 1027 8651
f 8668 8656 1027
f 8890 8668 1027
f 4733 4744 1028
f 4733 1028 7969
f 1028 4744 7863
f 1028 7863 10664
f 1028 9063 7969
f 1028 10664 9063
f 3582 1029 1034
f 1029 12178 1034
f 3582 7881 1029
f 12154 1029 7881
f 4806 1030 4361
f 10762 4361 1030
f 6693 1030 4806
f 6693 9102 1030
f 8661 1030 9102
f 10762 1030 8661
f 8444 1031 8664
f 8444 9139 1031
f 8664 1031 8678
f 8678 1031 8685
f 8685 1031 9137
f 9137 1031 9139
f 1032 4791 4772
f 1032 4772 8811
f 1032 5885 4791
f 1032 8811 4809
f 1032 4809 9107
f 1032 9107 5885
f 4537 3667 1033
f 10533 1033 3667
f 4382 7189 1033
f 4382 1033 10442
f 4537 1033 7189
f 10533 10442 1033
f 7879 1034 3035
f 3035 1034 12178
f 12180 3582 1034
f 12180 1034 7879
f 1039 1233 1035
f 3598 1039 1035
f 7864 1035 1233
f 3598 1035 12196
f 7864 12176 1035
f 12176 12196 1035
f 3902 1036 8686
f 9097 1036 3902
f 8686 1036 8689
f 8689 1036 8703
f 9091 8703 1036
f 9097 9091 1036
f 2765 1037 3361
f 11325 1037 2765
f 3361 1037 8688
f 8694 8688 1037
f 8694 1037 9658
f 11325 9658 1037
f 7158 7147 1038
f 1038 7147 10211
f 8696 7158 1038
f 12407 8696 1038
f 8701 1038 10211
f 12407 1038 8701
f 1043 1962 1039
f 3598 1043 1039
f 1039 12163 1233
f 1039 1962 12164
f 1039 12164 12163
f 8697 1040 8713
f 11324 1040 8697
f 11917 8713 1040
f 11324 11790 1040
f 11917 1040 11790
f 1819 1707 1041
f 12716 1041 1707
f 5962 1819 1041
f 5962 1041 10283
f 10283 1041 9109
f 12716 9109 1041
f 1042 2200 2766
f 1042 8012 2200
f 1042 2766 4098
f 8197 8012 1042
f 1043 12149 1962
f 3598 3597 1043
f 7987 1044 4644
f 12127 4644 1044
f 9151 5593 1044
f 12127 1044 5593
f 7987 9151 1044
f 1238 1045 4458
f 1045 3146 4458
f 1046 7072 11113
f 1046 11847 7072
f 1046 9668 10439
f 1046 11113 9668
f 2361 9995 1047
f 2361 1047 10001
f 9995 4128 1047
f 9984 10001 1047
f 5189 4843 1048
f 9465 1048 4843
f 5189 1048 8728
f 8728 1048 8729
f 8729 1048 9158
f 9158 1048 9465
f 2913 2811 1049
f 6759 1049 2811
f 2913 1049 5128
f 4443 5128 1049
f 6333 4443 1049
f 6333 1049 6759
f 1050 5696 3527
f 1050 3527 6119
f 1050 5438 5696
f 5883 5438 1050
f 5883 1050 6126
f 1050 6119 6126
f 8734 1413 1051
f 8741 1051 3557
f 8734 1051 8741
f 2667 1052 6684
f 9179 1052 2667
f 1052 5381 3551
f 1052 3551 6684
f 8742 5381 1052
f 8742 1052 9179
f 3234 1053 8026
f 3234 12624 1053
f 12476 8026 1053
f 12476 1053 8297
f 8297 1053 12498
f 1053 12624 12498
f 2729 8760 1054
f 2729 1054 9942
f 1054 7131 4357
f 1054 4357 8752
f 1054 8747 7131
f 1054 8760 8747
f 1054 8752 9942
f 12503 1055 3301
f 1055 8207 7994
f 1055 7994 12505
f 12503 8207 1055
f 12513 1056 3093
f 12643 3093 1056
f 9029 1056 7874
f 12643 1056 9029
f 1802 1057 2795
f 1802 8758 1057
f 1057 9181 2795
f 2997 2968 1057
f 2968 9181 1057
f 2997 1057 8758
f 1058 4282 2761
f 1058 2761 4465
f 1058 4323 4282
f 1058 4773 4323
f 1058 4465 4638
f 1058 4638 4773
f 1059 1745 11578
f 1059 11578 7280
f 2258 5201 1060
f 6626 2258 1060
f 1060 2978 2429
f 1060 2429 3220
f 1060 5201 2978
f 6626 1060 3220
f 1080 1061 2379
f 1080 8140 1061
f 2164 1061 8140
f 2164 8585 1061
f 1061 4284 2379
f 12882 4284 1061
f 12882 1061 8585
f 8663 1062 1338
f 1062 8670 1338
f 8663 1951 1062
f 1951 12532 1062
f 1064 1089 12170
f 1064 12798 1089
f 1064 5574 1286
f 1064 1286 12192
f 1064 12170 5574
f 1064 12192 12798
f 3919 1065 7910
f 8218 1065 3919
f 8245 7910 1065
f 8245 1065 8246
f 1066 1300 1546
f 1066 4460 1300
f 4444 1066 1546
f 8759 1066 4444
f 8759 4460 1066
f 1253 1067 4143
f 4489 1067 1253
f 4143 1067 11347
f 4489 4495 1067
f 4495 5934 1067
f 1067 5934 8791
f 1067 8791 11347
f 1068 8996 1315
f 7294 1068 7297
f 7294 11592 1068
f 1068 11592 8996
f 3165 1351 1069
f 1351 5892 1069
f 3248 1070 8001
f 3248 8948 1070
f 10424 8001 1070
f 8948 12753 1070
f 10424 1070 9043
f 9043 1070 12753
f 3564 1071 1254
f 7864 1254 1071
f 3564 3590 1071
f 3569 7864 1071
f 3569 1071 12167
f 12167 1071 3590
f 1072 11446 2140
f 2592 1072 2594
f 1073 7025 2404
f 2423 8442 1073
f 1073 11326 7025
f 1073 8442 11022
f 1073 11022 11326
f 1074 3989 3987
f 1074 3987 9211
f 1074 6547 4099
f 1074 9211 6547
f 1122 1075 2574
f 1122 6243 1075
f 2574 1075 3176
f 3176 1075 3173
f 2599 2597 1077
f 1077 10337 11441
f 1078 8252 7878
f 1078 7878 12550
f 1078 12554 8252
f 3554 1079 5580
f 3554 7449 1079
f 1079 3731 5584
f 7449 3731 1079
f 5580 1079 6805
f 6805 1079 5584
f 9724 1080 2379
f 9724 4292 1080
f 12436 8140 1080
f 1201 1453 1081
f 11677 1201 1081
f 1081 1453 11673
f 11677 1081 10046
f 6939 2640 1082
f 2640 11238 1082
f 6935 1082 6938
f 6938 1082 11238
f 1083 10224 1776
f 1083 1776 11323
f 1083 7027 10224
f 3207 4964 1084
f 3207 1084 10699
f 11751 1084 4964
f 1084 8598 4971
f 1084 4971 10699
f 11751 8598 1084
f 7085 1085 6702
f 12313 1085 7085
f 7832 1085 7676
f 12313 7676 1085
f 2638 6937 1086
f 3542 1086 6937
f 2651 1087 2208
f 1087 10779 2208
f 2487 1087 5738
f 2487 10779 1087
f 2651 3333 1087
f 5738 1087 3333
f 2843 1088 2874
f 2843 8895 1088
f 4591 2874 1088
f 6343 4591 1088
f 6343 1088 6795
f 1088 8895 6795
f 8766 1100 1089
f 1089 1100 12796
f 8766 1089 12798
f 1089 12796 12170
f 1090 9000 2333
f 1090 2333 10933
f 1090 8805 2345
f 1090 2345 9000
f 1090 3359 8805
f 1090 10933 3359
f 4579 4565 1091
f 4565 11842 1091
f 4580 4579 1091
f 4580 1091 4992
f 4957 4992 1091
f 11842 4957 1091
f 8766 1092 12191
f 8766 12798 1092
f 1092 12193 12191
f 12622 12193 1092
f 12622 1092 12797
f 1092 12798 12797
f 1093 2192 2125
f 1093 2125 8588
f 1093 8579 2192
f 1093 4280 8579
f 1093 12878 4280
f 1093 8588 12878
f 1094 7291 5337
f 7325 1094 5337
f 11867 7291 1094
f 9637 1094 7325
f 9637 11197 1094
f 11197 11867 1094
f 2771 1095 4580
f 11371 1095 2771
f 3349 1095 4260
f 4579 1095 3349
f 11371 4260 1095
f 4580 1095 4579
f 2288 1096 3831
f 2288 5938 1096
f 3831 1096 5931
f 3839 1096 5938
f 1125 4682 1097
f 1125 1097 11108
f 3195 1097 3447
f 3195 11534 1097
f 1097 4682 3447
f 11534 11108 1097
f 1098 1101 3559
f 1098 7862 1101
f 1098 3559 1268
f 1098 1268 7858
f 3563 1098 7858
f 3563 7862 1098
f 2289 1099 1548
f 1589 1099 11836
f 1100 3559 1101
f 1100 1101 12796
f 1100 3593 3559
f 8766 3593 1100
f 2703 4641 1102
f 2703 1102 7586
f 4641 3529 1102
f 1102 3529 8625
f 7228 7586 1102
f 7228 1102 8625
f 1103 2411 1672
f 1103 1672 10756
f 1103 8900 2411
f 8907 8900 1103
f 10792 8907 1103
f 10792 1103 10756
f 3097 1107 1104
f 3558 1104 1107
f 1104 11695 3097
f 3558 8745 1104
f 8745 7857 1104
f 1104 7857 11695
f 1107 1120 1105
f 3558 1107 1105
f 1120 7890 1105
f 3558 1105 7858
f 1196 1106 2460
f 9210 1106 1196
f 1106 2702 2460
f 4482 2702 1106
f 4911 4482 1106
f 4911 1106 9210
f 1107 3097 7396
f 1108 2142 2397
f 1108 3802 2832
f 1109 1134 2399
f 12719 1109 5910
f 10338 1968 1110
f 10025 1110 2408
f 1111 4009 1689
f 1111 1689 7151
f 1112 2287 10794
f 12440 2287 1112
f 4273 1112 10794
f 12440 1112 8572
f 1113 1205 9046
f 1113 11261 1205
f 1113 11115 6316
f 1113 6316 11261
f 1113 9046 9535
f 1113 9535 11115
f 1554 1114 6743
f 2412 2415 1114
f 2412 1114 5936
f 2415 6743 1114
f 1115 1221 10022
f 5548 1115 6743
f 1115 7920 6743
f 1115 10022 7920
f 1116 3591 1120
f 1116 12189 3591
f 1116 11702 7403
f 1116 7403 12189
f 1669 1117 2742
f 1669 11944 1117
f 1117 8156 2742
f 11944 3846 1117
f 5730 1944 1118
f 1944 7013 1118
f 2393 1118 7013
f 11725 1118 2393
f 3165 11496 1118
f 1118 11725 3165
f 5730 1118 11496
f 1410 1119 5529
f 1410 5893 1119
f 1449 1459 1119
f 1449 1119 5893
f 7890 1120 3591
f 1121 3590 1124
f 1121 1124 12187
f 1121 1139 7889
f 1121 12187 1139
f 1121 7889 3590
f 1122 5903 1502
f 1122 1502 6243
f 1122 2574 3169
f 7301 1123 1171
f 11601 1171 1123
f 2451 1744 1123
f 1744 4886 1123
f 2451 1123 7301
f 11601 1123 4886
f 1124 3590 12188
f 1124 7890 3591
f 12187 1124 3591
f 1124 12188 7890
f 1125 10295 4682
f 5080 10529 1125
f 5080 1125 11108
f 10529 10295 1125
f 1722 1126 4677
f 8285 1126 1722
f 1127 2325 1133
f 8819 1127 1133
f 2180 2325 1127
f 2180 1127 11710
f 8819 8479 1127
f 11710 1127 8479
f 4700 1128 1129
f 9607 1129 1128
f 4684 1128 4711
f 4684 10230 1128
f 4700 4711 1128
f 9607 1128 10230
f 4700 1129 9304
f 8987 9269 1129
f 8987 1129 9607
f 1129 9269 9304
f 1130 2355 3615
f 3924 2355 1130
f 3469 3924 1130
f 3469 1130 9404
f 5730 4955 1131
f 5730 1131 10327
f 1232 2508 1132
f 3278 1232 1132
f 12126 1133 2325
f 2519 1133 4148
f 2519 8819 1133
f 4148 1133 12126
f 7418 3679 1135
f 8814 1135 3679
f 1135 8479 7418
f 11710 8479 1135
f 1354 1136 5743
f 1136 1354 11677
f 1136 5749 5743
f 1136 10048 5749
f 1136 10046 10048
f 1136 11677 10046
f 1137 5744 1247
f 1137 1247 5749
f 1137 10048 1452
f 1137 5749 10048
f 7406 1139 1138
f 1138 1139 12187
f 7406 1138 11704
f 1138 11705 11704
f 1138 12187 12189
f 7406 12186 1139
f 7889 1139 12186
f 10593 5066 1140
f 11929 1140 5066
f 10593 1140 8649
f 6804 1141 4729
f 4729 1141 8105
f 10752 1141 6804
f 1141 8053 8105
f 9026 8053 1141
f 9026 1141 9422
f 10752 9422 1141
f 1149 1142 4023
f 1149 12145 1142
f 10549 4023 1142
f 1142 7846 4033
f 10549 1142 4033
f 12145 7846 1142
f 2446 2117 1143
f 2117 9038 1143
f 2446 1143 7667
f 7948 1143 4739
f 4739 1143 9038
f 7667 1143 8610
f 8610 1143 7948
f 1144 3507 4238
f 9013 3507 1144
f 11602 1144 4238
f 9012 9013 1144
f 1145 2299 3613
f 1145 3613 5984
f 4761 1145 5984
f 9059 1145 4761
f 8028 7914 1146
f 7914 9036 1146
f 8028 1146 9055
f 8600 1146 9036
f 8600 9061 1146
f 9061 9055 1146
f 7883 1147 4737
f 7928 4737 1147
f 4766 4738 1147
f 7928 1147 4738
f 4766 1147 7820
f 7883 7820 1147
f 7998 1148 7530
f 10179 7530 1148
f 7907 1148 7788
f 7998 7788 1148
f 7888 1148 7907
f 7888 10179 1148
f 3606 12145 1149
f 7906 1149 4023
f 1150 1155 1153
f 1150 1153 3108
f 1150 3080 1155
f 1150 11678 3080
f 7407 1150 3108
f 7407 11678 1150
f 2359 2182 1151
f 9058 1151 2182
f 2359 1151 8388
f 7930 8388 1151
f 7930 1151 9057
f 9058 9057 1151
f 5535 1567 1152
f 5927 1152 1567
f 1152 2364 2248
f 5535 1152 2248
f 5927 2364 1152
f 3561 1153 1155
f 1153 7860 3108
f 3561 3570 1153
f 1153 3570 7860
f 1154 6168 9073
f 1154 9106 6168
f 1154 9073 6788
f 1154 6788 12220
f 1154 12209 9106
f 1154 12220 12209
f 1155 3080 7379
f 3561 1155 12159
f 1155 7379 12159
f 1247 5744 1156
f 10075 1156 5744
f 10073 1156 10075
f 2669 2706 1157
f 2669 1157 10786
f 2706 12471 1157
f 4502 9759 1157
f 12471 4502 1157
f 10786 1157 9759
f 6757 1158 6192
f 7660 6192 1158
f 6731 7660 1158
f 6731 1158 9144
f 6757 9146 1158
f 9146 9144 1158
f 6251 9119 1159
f 6251 1159 9125
f 6271 1159 6612
f 6271 9125 1159
f 6595 6612 1159
f 6595 1159 7062
f 7062 1159 9119
f 6755 1160 6829
f 6755 9120 1160
f 6876 6829 1160
f 7166 6876 1160
f 7166 1160 9114
f 9114 1160 9120
f 2388 6520 1161
f 2388 1161 6769
f 1161 6431 6387
f 6769 1161 6387
f 1161 6528 6431
f 1161 6520 6528
f 4596 1162 9420
f 11930 1162 4596
f 6200 8030 1162
f 11930 6200 1162
f 1162 8030 6892
f 1162 6892 9420
f 11011 1166 1163
f 1163 1166 12799
f 7885 8749 1163
f 7885 1163 12799
f 11011 1163 8749
f 6750 4981 1164
f 1164 4981 9085
f 6750 1164 5576
f 5576 1164 6904
f 1164 10269 6904
f 1164 9085 10269
f 6858 5048 1165
f 5048 9104 1165
f 6108 1165 9104
f 6108 9128 1165
f 9088 6858 1165
f 9088 1165 9128
f 11011 4058 1166
f 1166 4058 12185
f 8398 1166 12185
f 8398 12799 1166
f 6230 5555 1167
f 6231 1167 5555
f 6480 6072 1167
f 6231 6677 1167
f 6480 1167 6677
f 5292 1168 5451
f 5292 9095 1168
f 5451 1168 9126
f 1168 9095 6576
f 9126 1168 6576
f 4814 1169 6458
f 4814 9138 1169
f 6458 1169 9096
f 9093 6535 1169
f 9096 1169 6535
f 9093 1169 9135
f 9138 9135 1169
f 6040 1170 4803
f 4803 1170 9103
f 6040 4834 1170
f 4834 9131 1170
f 9094 6607 1170
f 1170 6607 9103
f 9094 1170 9131
f 1421 8435 1171
f 1421 1171 11601
f 7301 1171 3002
f 8435 3002 1171
f 1421 1172 8435
f 1421 8687 1172
f 1172 8687 7823
f 8983 1172 7823
f 1173 2418 2132
f 3063 2418 1173
f 1174 8167 7967
f 1174 8141 8167
f 4829 1175 5672
f 4829 6156 1175
f 6133 4830 1175
f 1175 4830 9122
f 1175 9122 5672
f 6133 1175 6156
f 1176 8117 4487
f 1176 4487 12151
f 1176 12398 8117
f 1176 12151 11375
f 2436 1177 5765
f 2436 5856 1177
f 2842 5774 1177
f 2842 1177 11439
f 5765 1177 5774
f 5856 11439 1177
f 1178 3754 9157
f 1178 9159 3754
f 1178 3786 4334
f 1178 6715 3786
f 4334 9159 1178
f 1178 9157 6715
f 9147 3657 1179
f 9482 1179 3657
f 5324 1179 4868
f 10147 4868 1179
f 9154 1179 5324
f 9147 1179 9154
f 9482 10147 1179
f 12485 1297 1180
f 3887 8004 1180
f 12485 1180 8004
f 3492 1181 3868
f 3492 9164 1181
f 3868 1181 3998
f 1181 9153 3998
f 1181 8041 9153
f 1181 9164 8041
f 1182 2402 3780
f 1182 9469 2402
f 1182 3780 10233
f 10204 9469 1182
f 10204 1182 10233
f 8033 1183 5432
f 1183 9161 5432
f 8033 10229 1183
f 9500 9161 1183
f 9500 1183 9910
f 10229 9910 1183
f 1184 3585 3471
f 1184 3471 4919
f 1184 5396 3585
f 9166 1184 4919
f 9165 5396 1184
f 9165 1184 9166
f 3546 1185 9168
f 9721 1185 3546
f 9169 1185 6413
f 9950 6413 1185
f 9168 1185 9169
f 9721 10729 1185
f 9950 1185 10729
f 1189 1186 8396
f 5012 1186 7882
f 5012 8396 1186
f 2067 1187 2430
f 6668 1187 2067
f 6668 2124 1187
f 1187 2124 9190
f 2430 1187 9186
f 1187 9190 9186
f 1188 2426 6689
f 2741 1188 5035
f 2741 8908 1188
f 3287 5035 1188
f 3287 1188 6689
f 1189 8396 12799
f 1189 12799 8398
f 2266 1190 4878
f 2266 9194 1190
f 1190 4802 4779
f 1190 4779 6675
f 1190 9194 4802
f 1190 6675 4878
f 2825 1191 8525
f 11794 1191 2825
f 1191 4318 9840
f 11794 4318 1191
f 1191 6030 8525
f 1191 9840 6030
f 1192 1193 10045
f 11689 1193 1192
f 11689 1192 1201
f 1193 1352 5746
f 1193 10314 1352
f 1193 5746 10045
f 11689 10314 1193
f 1197 1194 3581
f 12180 1194 1197
f 7880 3581 1194
f 7880 1194 12117
f 1195 2456 1710
f 1195 1710 8918
f 1195 5809 2456
f 6324 5809 1195
f 6324 1195 6338
f 9289 6338 1195
f 9289 1195 8918
f 1196 2460 1456
f 1196 1456 9078
f 9220 1196 9078
f 9210 1196 9220
f 8768 1197 3581
f 12179 3582 1197
f 12180 1197 3582
f 12179 1197 8768
f 1198 1530 1367
f 1198 5926 1530
f 1198 3191 5925
f 1198 5925 5926
f 3120 1723 1199
f 3271 1199 1723
f 3271 2457 1199
f 1199 2457 3841
f 3120 1199 3262
f 1199 3841 3262
f 1200 4642 2597
f 11677 11689 1201
f 1202 4927 4946
f 1202 4940 4939
f 1202 4939 9230
f 1202 4946 4940
f 5091 10861 1203
f 12675 5091 1203
f 8286 1203 7683
f 1203 8288 7683
f 12675 1203 8286
f 1203 10861 8288
f 1204 2428 2157
f 1204 2671 2428
f 1204 2880 2671
f 6222 2880 1204
f 1205 5852 9532
f 1205 11261 5852
f 1205 11151 9046
f 1205 9532 11151
f 1206 3325 3655
f 1206 4940 3325
f 1206 3655 4938
f 1206 4938 9523
f 1206 4941 4940
f 1206 9523 4941
f 1207 10341 2615
f 5816 2199 1208
f 1208 2199 12598
f 5012 1208 3785
f 1208 12598 3785
f 5012 9463 1208
f 5816 1208 9463
f 1711 12268 1209
f 1711 1209 12658
f 2255 8363 1209
f 2255 1209 12268
f 1209 8363 12662
f 1209 8364 12658
f 1209 12662 8364
f 1210 2408 2645
f 10025 2408 1210
f 1377 8626 1211
f 7658 1212 4193
f 4193 1212 8302
f 7632 8302 1212
f 7632 1212 12609
f 9524 1213 2155
f 1213 11784 2155
f 5235 5264 1213
f 5235 1213 9219
f 5264 11784 1213
f 9524 9219 1213
f 5724 1375 1214
f 3199 5724 1214
f 3199 1214 6223
f 1214 5943 6223
f 5012 3785 1215
f 12601 1215 3785
f 5012 1215 8396
f 7885 1215 8317
f 8396 1215 7885
f 12601 8317 1215
f 1216 5944 1549
f 1216 1549 10024
f 2232 1216 2813
f 2232 5944 1216
f 1216 5929 2813
f 1216 10024 5929
f 1406 1217 2150
f 1406 5725 1217
f 11748 4650 1217
f 11748 1217 5725
f 1847 3758 1218
f 1847 1218 10596
f 1218 10037 6296
f 10596 1218 6296
f 6392 1219 1220
f 1219 8355 1220
f 2551 8355 1219
f 2551 1219 9540
f 6392 7622 1219
f 1219 7622 9540
f 1220 8355 3648
f 6392 1220 8359
f 1221 5549 5993
f 10022 1221 5993
f 3658 1222 1947
f 3658 12659 1222
f 8361 1222 12659
f 1223 5666 11608
f 12669 5666 1223
f 1223 11608 7600
f 9105 1224 9112
f 9105 10922 1224
f 9110 9115 1224
f 9110 1224 9143
f 9112 1224 9115
f 9143 1224 10922
f 9295 2793 1225
f 12681 1225 2793
f 5289 11923 1225
f 12544 5289 1225
f 11923 9295 1225
f 12544 1225 12681
f 1226 7583 1260
f 1226 1260 12783
f 1226 8493 7583
f 1226 8484 9754
f 1226 12783 8484
f 1226 9754 8493
f 3552 7571 1227
f 10806 3552 1227
f 7561 7546 1227
f 8576 1227 7546
f 7561 1227 7571
f 10806 1227 8576
f 6504 2845 1228
f 1228 2845 11162
f 9665 1228 6503
f 6503 1228 11202
f 6504 1228 9665
f 11162 11202 1228
f 2292 1229 9340
f 2292 12742 1229
f 9633 8448 1229
f 12710 1229 8448
f 9340 1229 12710
f 1230 1383 2144
f 1230 5531 1383
f 1230 2144 3806
f 1230 3806 3169
f 1231 3173 1359
f 1231 3176 3173
f 2881 1232 1509
f 3278 1509 1232
f 1232 2305 2508
f 2881 2305 1232
f 1233 1243 1254
f 12163 1243 1233
f 7864 1233 1254
f 5731 4012 1234
f 4440 11966 1234
f 1234 8312 5731
f 1234 11966 8312
f 2853 1235 5025
f 9323 1235 2853
f 5025 1235 2872
f 7729 2872 1235
f 11968 7729 1235
f 9323 11968 1235
f 5208 1236 4184
f 12711 4184 1236
f 5208 6723 1236
f 9678 1236 6723
f 9678 12728 1236
f 12711 1236 12728
f 1237 2562 3189
f 1237 3189 3188
f 11737 1237 3188
f 11737 5727 1237
f 2997 1238 4458
f 2997 8758 1238
f 8758 4459 1238
f 1239 4127 4142
f 1239 6973 4127
f 1239 4142 12777
f 1239 12777 8484
f 1239 8484 12783
f 3319 1240 1765
f 11280 1240 3319
f 11282 6633 1240
f 11280 11282 1240
f 1538 3193 1241
f 1538 1241 10234
f 1242 1254 1243
f 3563 1242 1243
f 3564 1254 1242
f 3564 1242 12188
f 3563 1243 7862
f 1243 12163 7862
f 1258 7432 1244
f 1258 1244 8617
f 1328 1244 7432
f 1328 9028 1244
f 1244 7374 8617
f 1244 9028 7374
f 2452 7441 1245
f 2452 1245 11731
f 7441 3241 1245
f 10765 1245 3241
f 10765 5352 1245
f 11731 1245 5352
f 1246 5566 5537
f 1246 5537 9762
f 11515 5566 1246
f 1246 9619 9367
f 11537 1246 9367
f 1246 9762 9619
f 11537 11515 1246
f 1312 5749 1247
f 4669 1248 1642
f 1248 7434 1642
f 3235 7434 1248
f 3235 1248 8601
f 1248 7364 8601
f 3244 1249 3226
f 5070 3226 1249
f 3299 1249 3244
f 3299 11466 1249
f 5070 1249 7931
f 1249 9614 7931
f 1249 11466 9614
f 7605 9625 1250
f 11422 7605 1250
f 11422 1250 9375
f 12446 9375 1250
f 12500 1250 9625
f 12446 1250 12434
f 12500 12434 1250
f 1251 8607 1309
f 1251 3083 8620
f 1251 9818 8607
f 1251 8620 9818
f 1415 1362 1252
f 1517 1252 1362
f 2248 1415 1252
f 1253 4157 3935
f 4489 1253 3935
f 1253 4143 4157
f 6484 6497 1255
f 6484 1255 10989
f 1255 6497 11942
f 1255 10546 11053
f 1255 11942 10546
f 1255 11053 10989
f 6162 1256 2196
f 7577 2196 1256
f 6162 8492 1256
f 1257 2473 8453
f 1257 10852 2473
f 1257 5115 10852
f 1257 10863 5115
f 1257 8453 10895
f 1257 10895 10863
f 1258 8617 4745
f 1258 4745 12408
f 1258 12640 7432
f 1258 12408 12640
f 1259 8671 6163
f 1259 6163 9418
f 8536 1259 9418
f 8536 10571 1259
f 1259 9446 8671
f 1259 10571 9446
f 1260 6310 6723
f 1260 7583 6310
f 1261 1290 4259
f 1261 4287 1290
f 1261 1592 4287
f 1261 4259 8558
f 2479 5121 1262
f 2479 1262 10581
f 9431 1262 5121
f 10749 1262 9431
f 10581 1262 9440
f 9440 1262 10749
f 1263 1266 3088
f 11013 1266 1263
f 4304 1263 3088
f 7857 1263 4304
f 8745 1263 7857
f 8745 11013 1263
f 9425 1264 2481
f 2481 1264 9437
f 6443 1264 9425
f 6443 10552 1264
f 1264 9443 9437
f 1264 10552 9443
f 1265 6449 5125
f 1265 5125 12680
f 1265 12836 6449
f 1265 7325 9636
f 1265 12680 7325
f 1265 9636 12836
f 11686 3088 1266
f 11013 3593 1266
f 1266 3593 12157
f 11686 1266 12157
f 1267 9429 6767
f 10506 1267 6767
f 1267 9450 9429
f 9450 1267 10457
f 10457 1267 10479
f 10479 1267 10506
f 3558 7858 1268
f 3558 1268 8745
f 1268 3559 11013
f 8745 1268 11013
f 5146 1269 8870
f 9442 1269 5146
f 8870 1269 10712
f 10560 1269 9442
f 10560 10518 1269
f 10518 10712 1269
f 1270 1797 7193
f 1270 10618 1797
f 9661 1270 7193
f 9551 9439 1270
f 1270 9439 10618
f 9661 9551 1270
f 1271 3192 5094
f 1271 11869 3192
f 7467 1271 5094
f 1271 7176 5479
f 1271 5479 11869
f 7467 7176 1271
f 1810 1296 1272
f 1272 1296 5007
f 3637 1272 1652
f 8596 1652 1272
f 3637 1810 1272
f 8596 1272 5007
f 1273 8839 5360
f 1273 5360 9659
f 1273 9659 9461
f 10335 1273 9461
f 10101 9459 1274
f 1274 9474 9472
f 10101 1274 9472
f 10316 9474 1274
f 7510 2322 1275
f 7510 1275 8593
f 8593 1275 8595
f 12455 8595 1275
f 6147 1838 1276
f 1838 10433 1276
f 6147 1276 11868
f 1276 11797 6149
f 1276 6149 11868
f 1276 10433 11797
f 5175 3242 1277
f 1277 3242 7897
f 5175 1277 9852
f 1277 7897 9605
f 6120 10231 1278
f 1278 12114 6120
f 12063 1278 10231
f 1278 12063 10412
f 1279 8740 1284
f 1279 1284 12805
f 1279 8378 8408
f 1279 8408 8740
f 6665 6420 1280
f 1280 6420 10060
f 6665 1280 7239
f 1280 9415 7239
f 9513 9415 1280
f 9513 1280 10060
f 1281 4027 9489
f 1281 10735 9481
f 1281 9489 9993
f 1281 9993 10735
f 12155 5979 1282
f 12155 1282 12152
f 2617 2512 1283
f 2617 1283 3572
f 1283 6456 3572
f 1283 6170 6456
f 1284 1286 3555
f 12805 1284 3555
f 10160 1285 5184
f 1285 10238 5184
f 9503 1285 9699
f 9503 10238 1285
f 10159 9699 1285
f 10160 10159 1285
f 1286 7851 3555
f 5574 7851 1286
f 1443 1287 1486
f 1287 6265 1486
f 5771 2348 1287
f 2348 6265 1287
f 2506 9491 1288
f 2506 1288 9495
f 9421 1288 9448
f 9421 9495 1288
f 9448 1288 9861
f 9491 9861 1288
f 7475 1289 2433
f 7475 8597 1289
f 8597 7499 1289
f 12857 4259 1290
f 12857 1290 4263
f 1349 4538 1291
f 1349 1291 10116
f 1507 1291 1490
f 4538 1490 1291
f 1507 1532 1291
f 10116 1291 1532
f 9515 1292 9412
f 9646 9412 1292
f 9504 1292 9508
f 9670 1292 9504
f 9511 9508 1292
f 9515 9511 1292
f 9646 1292 9670
f 3573 2513 1293
f 6140 1293 2513
f 3573 1293 2517
f 9947 2517 1293
f 6140 9539 1293
f 9947 1293 9539
f 4336 3082 1295
f 3082 7130 1295
f 4336 1295 11680
f 1295 9579 6909
f 11680 1295 6909
f 7130 9579 1295
f 1642 5007 1296
f 1642 1296 7433
f 4320 1296 1810
f 4320 7433 1296
f 1297 12014 8032
f 2717 1298 2716
f 8714 2716 1298
f 2717 9944 1298
f 9939 1298 5640
f 9944 5640 1298
f 8714 1298 9939
f 1337 1299 8588
f 1337 10796 1299
f 7538 1299 8565
f 7538 8588 1299
f 1299 12442 8565
f 10796 12442 1299
f 4458 1546 1300
f 2997 1300 2968
f 2968 1300 4460
f 2997 4458 1300
f 1301 3530 3532
f 1301 3813 3530
f 1301 11928 3813
f 8430 1302 1685
f 12126 1685 1302
f 4148 1302 7840
f 4148 12126 1302
f 7840 1302 4160
f 8430 4160 1302
f 1731 2351 1303
f 3533 1731 1303
f 3818 3533 1303
f 3818 1303 4968
f 10841 1304 1868
f 1868 1304 12621
f 5136 7620 1304
f 5136 1304 10841
f 7620 12621 1304
f 5235 1305 5264
f 5235 5265 1305
f 5264 1305 8586
f 5265 5267 1305
f 5267 9580 1305
f 8586 1305 9580
f 1591 3889 1306
f 9231 1591 1306
f 1306 3889 12487
f 1306 3890 8187
f 1306 8189 3890
f 9231 1306 8187
f 1306 12487 8189
f 1307 1326 1317
f 12810 1307 1317
f 8420 1326 1307
f 8420 1307 1370
f 1307 12131 1370
f 12810 12131 1307
f 1308 5229 9081
f 1308 11143 5229
f 1308 5434 5279
f 1308 5279 11812
f 5434 1308 5409
f 1308 9081 5409
f 1308 11812 11143
f 1309 8607 3938
f 9788 1309 3938
f 1309 12410 9496
f 9788 12410 1309
f 1310 3723 5296
f 9573 3723 1310
f 1327 1311 9203
f 1327 10455 1311
f 9182 5155 1311
f 1311 5155 9215
f 9182 1311 10455
f 1311 9215 9203
f 1312 5743 5749
f 5776 5743 1312
f 5776 1312 10070
f 5872 5442 1313
f 1313 5442 9599
f 5872 1313 8116
f 1313 11935 8116
f 1313 9599 8151
f 1313 8151 11935
f 3882 9089 1314
f 11830 3882 1314
f 10970 1314 9089
f 12724 1314 10970
f 3305 1391 1315
f 11610 3305 1315
f 11610 1315 8996
f 7838 1317 1326
f 12810 1317 7844
f 1318 2627 2533
f 1318 2533 7648
f 11820 2627 1318
f 1318 7648 12128
f 11820 1318 12181
f 12181 1318 12128
f 1319 4819 8301
f 1319 11265 4819
f 1319 8301 11613
f 1319 8999 11265
f 1320 5460 8111
f 8423 5460 1320
f 8303 1320 7490
f 1320 9622 7490
f 1320 8111 9622
f 8423 1320 8303
f 6241 2538 1321
f 1321 2538 7572
f 6241 1321 2565
f 9643 2565 1321
f 1321 7572 9628
f 9643 1321 9628
f 4988 1322 1395
f 1395 1322 11366
f 4988 11349 1322
f 9127 11366 1322
f 9127 1322 11824
f 11349 11824 1322
f 1323 5524 3669
f 12720 1323 3669
f 8118 5524 1323
f 8118 1323 12576
f 10871 12576 1323
f 12720 10871 1323
f 2543 1324 5301
f 7385 1324 2543
f 12606 5301 1324
f 1324 7485 5565
f 12606 1324 5565
f 7385 7485 1324
f 5083 1369 1325
f 1325 1369 5181
f 1400 1325 5181
f 6104 1325 1400
f 5083 1325 5117
f 6104 5117 1325
f 7838 1326 3544
f 1326 8712 3544
f 8420 8712 1326
f 1327 9203 2417
f 1327 2417 9432
f 1327 9432 10730
f 1327 10730 10455
f 1328 6985 8608
f 1328 8608 9028
f 3427 1329 3294
f 3294 1329 5807
f 3427 9686 1329
f 7184 5807 1329
f 7184 1329 11236
f 11236 1329 9686
f 8618 1330 7367
f 7431 7378 1330
f 8618 7431 1330
f 1331 3122 3059
f 1331 3059 9571
f 1331 9266 3122
f 5279 5480 1331
f 1331 9571 5279
f 1331 5480 9266
f 2315 5959 1332
f 2315 1332 9062
f 3634 1332 5959
f 9062 1332 7003
f 1333 2800 4159
f 2800 1333 5018
f 1333 4159 3253
f 4168 1333 3253
f 3258 1333 4168
f 3258 5018 1333
f 6189 1334 9657
f 6643 1334 8731
f 6643 9657 1334
f 8731 1334 12166
f 1335 9074 6789
f 1336 4163 2323
f 12139 1336 2323
f 1337 8588 2125
f 1337 12441 10796
f 7258 1338 4371
f 8670 4371 1338
f 7751 1338 7258
f 8663 1338 7751
f 4269 6047 1339
f 10344 4269 1339
f 1339 6047 11218
f 1339 11218 10346
f 1340 2635 9781
f 11268 2635 1340
f 1340 9768 8807
f 11268 1340 8807
f 1340 9781 9768
f 3536 1341 1347
f 12135 1347 1341
f 12368 1341 3536
f 7835 3537 1341
f 12135 1341 3537
f 7835 1341 12368
f 6117 4875 1342
f 4875 9802 1342
f 6117 1342 9696
f 9696 1342 11832
f 9698 1342 9802
f 9698 11832 1342
f 6600 1343 1615
f 1343 6624 1615
f 2713 1343 4308
f 2713 6624 1343
f 1343 10473 4308
f 6600 10473 1343
f 1451 1344 11612
f 12121 1344 1451
f 1344 7314 4820
f 1344 4820 11612
f 7334 7314 1344
f 12121 7334 1344
f 2610 1345 5158
f 2610 6341 1345
f 1345 9706 5158
f 6298 1345 6341
f 6298 9800 1345
f 9800 9706 1345
f 9709 1346 6071
f 6071 1346 10942
f 9709 9707 1346
f 9707 11018 1346
f 9799 10942 1346
f 9799 1346 11018
f 3536 1347 12134
f 7837 12134 1347
f 2607 2532 1348
f 1348 2532 3146
f 2900 2607 1348
f 1537 1349 1523
f 1349 10116 1523
f 1537 10100 1349
f 1349 10100 4538
f 3527 5696 1350
f 9795 3527 1350
f 5696 9720 1350
f 6109 1350 9720
f 11633 1350 6109
f 11633 9795 1350
f 1351 3161 5892
f 3165 11725 1351
f 10041 1352 1443
f 1352 10314 1443
f 1352 5736 5746
f 10041 5736 1352
f 2203 1353 6502
f 2203 10798 1353
f 1353 6259 10554
f 1353 10798 6259
f 1353 9739 6502
f 1353 10554 9739
f 1354 10314 11689
f 11677 1354 11689
f 9316 1355 3474
f 9317 3474 1355
f 8109 6367 1355
f 9317 1355 6367
f 8539 8109 1355
f 9316 8539 1355
f 2657 1356 9743
f 2657 9808 1356
f 5611 1356 5616
f 5611 9743 1356
f 5616 1356 9808
f 6940 5719 1357
f 1357 5719 9751
f 6940 1357 5752
f 5752 1357 9746
f 7604 9746 1357
f 7604 1357 9751
f 1557 1434 1358
f 3812 1358 1434
f 3278 1358 1509
f 3812 1509 1358
f 1557 1358 2675
f 3278 2675 1358
f 1359 3814 2562
f 3173 3814 1359
f 5459 1361 5462
f 9758 1361 5459
f 8287 5462 1361
f 5546 1361 5544
f 9758 5544 1361
f 9763 1361 5546
f 8287 1361 9763
f 3101 8863 1363
f 1363 8863 3681
f 3083 1364 7337
f 1364 5789 4328
f 1364 4328 7337
f 1364 11008 5789
f 1365 1521 2824
f 1365 2824 8898
f 5704 1365 8898
f 5162 5052 1366
f 1366 5052 9784
f 5162 1366 5252
f 1366 9770 5252
f 5486 9770 1366
f 5486 1366 9784
f 3832 1367 1530
f 3832 1538 1367
f 1538 10234 1367
f 1367 10234 2156
f 1368 3675 3689
f 5803 1368 3689
f 5083 10142 1369
f 9776 5181 1369
f 9780 9776 1369
f 9780 1369 10142
f 9700 1371 1987
f 10796 1987 1371
f 9700 12886 1371
f 10796 1371 12442
f 12442 1371 12886
f 3835 1372 2158
f 4879 1373 5606
f 4879 11287 1373
f 5607 1373 5497
f 1373 10814 5497
f 5607 5606 1373
f 1373 11287 10814
f 1374 1442 4982
f 1374 10084 1442
f 1374 4982 1500
f 1374 1500 5736
f 1374 5736 10041
f 1374 10041 10084
f 5724 1407 1375
f 12872 1730 1376
f 1376 1730 12888
f 1377 5944 8626
f 2895 5533 1378
f 6043 2895 1378
f 4476 5514 1378
f 4476 1378 5533
f 4670 1378 5514
f 6043 1378 4670
f 1379 1428 1548
f 1379 1551 1428
f 1380 7418 3127
f 8712 1380 3127
f 8420 1380 8712
f 5703 4244 1381
f 5950 1381 4244
f 4903 1381 5617
f 4903 5703 1381
f 10577 5617 1381
f 6555 1381 5950
f 6555 10577 1381
f 2803 1392 1382
f 1382 1392 5579
f 2803 1382 4165
f 7383 4165 1382
f 4170 1382 5579
f 4170 7383 1382
f 4636 1952 1383
f 5531 4636 1383
f 1967 1384 1414
f 11337 1414 1384
f 5536 1968 1385
f 10338 1385 1968
f 5927 1385 2364
f 10338 2364 1385
f 1638 1386 5649
f 1638 10770 1386
f 4665 2453 1386
f 2453 7442 1386
f 4665 1386 10770
f 5649 1386 7442
f 1387 2156 10234
f 1387 10234 5538
f 3045 1997 1388
f 4918 1388 1997
f 3040 1388 6569
f 3040 10938 1388
f 3045 1388 10938
f 4918 6569 1388
f 1389 2985 9300
f 1389 9300 6578
f 1893 1391 3305
f 1893 12043 1391
f 2135 1391 12043
f 2803 4164 1392
f 7840 1392 4164
f 4685 5579 1392
f 4685 1392 7840
f 3258 2063 1393
f 4327 1393 2063
f 3258 1393 5018
f 5455 1393 4327
f 5455 5018 1393
f 1394 2159 5724
f 1394 10347 2159
f 1394 3199 5723
f 1394 5724 3199
f 1394 5723 4652
f 1394 4652 10347
f 1395 11366 3285
f 11589 1395 3285
f 4988 1395 3566
f 11589 3566 1395
f 2638 1396 9530
f 8683 1397 4602
f 12551 7250 1397
f 8683 8674 1397
f 12551 1397 8674
f 1398 1609 5575
f 5598 1609 1398
f 1398 5575 8294
f 5598 1398 5578
f 1398 7725 5578
f 1398 8294 7725
f 5255 1399 5256
f 5148 1400 5476
f 11244 1400 5148
f 1400 5181 5476
f 11244 6104 1400
f 5581 1401 2584
f 2584 1401 12139
f 1623 3707 1402
f 1623 1402 3854
f 1402 3707 3610
f 1402 3615 3854
f 1403 5600 1602
f 10208 1403 1602
f 1403 5584 5600
f 1403 6805 5584
f 1403 5602 6805
f 10208 5602 1403
f 1404 2427 11447
f 1404 11447 5727
f 11437 4967 1405
f 1407 2159 4977
f 5724 2159 1407
f 1407 4977 11748
f 2069 1408 2806
f 2069 7411 1408
f 2179 1408 7411
f 2179 8428 1408
f 8695 2806 1408
f 8695 1408 8428
f 10246 1409 5528
f 11728 5528 1409
f 5884 10029 1409
f 10246 5884 1409
f 1410 5529 11724
f 7853 8257 1411
f 7853 1411 12804
f 12626 7872 1411
f 12804 1411 7872
f 8257 12619 1411
f 12619 12626 1411
f 2234 5620 1412
f 2234 1412 5700
f 2246 1412 5620
f 9983 1412 2246
f 1412 5699 5700
f 9983 5699 1412
f 5210 1413 5427
f 6325 5427 1413
f 6325 1413 8734
f 11337 1668 1414
f 2248 2364 1415
f 10338 1415 2364
f 2624 2665 1416
f 2624 1416 9953
f 9935 1416 2665
f 9255 9953 1416
f 9255 1416 10941
f 9935 10941 1416
f 5772 10073 1418
f 5772 1418 12761
f 1418 10073 10075
f 1418 10075 10190
f 1418 10190 12388
f 12761 1418 12388
f 1419 11613 4532
f 1419 4532 11626
f 1419 8953 7315
f 1419 7315 11613
f 1419 11626 8953
f 1420 1978 1979
f 5545 1978 1420
f 2232 5545 1420
f 2232 1420 8626
f 1421 8454 8687
f 1421 12118 8454
f 1421 11601 12118
f 2607 1422 2532
f 2532 1422 5130
f 5648 1422 2607
f 5648 4009 1422
f 3615 2355 1423
f 11933 1423 2355
f 3615 1423 3854
f 1518 1424 2226
f 3815 5914 1424
f 1533 2226 1425
f 1535 1425 5922
f 5989 1426 4394
f 4394 1426 8559
f 1426 5347 7201
f 11047 5347 1426
f 11047 1426 5989
f 1426 7201 8559
f 10864 5937 1427
f 1427 9971 11781
f 10864 1427 11351
f 11351 1427 11781
f 1548 1428 5938
f 3839 5938 1428
f 7480 5996 1429
f 5996 7965 1429
f 11359 7480 1429
f 7965 9973 1429
f 1429 9973 9621
f 11359 1429 9621
f 1430 3653 7470
f 1430 7476 3653
f 1430 7470 11760
f 1430 12234 7476
f 2137 1439 1431
f 1439 6732 1431
f 1940 2139 1431
f 1940 1431 6732
f 2137 1431 4359
f 2139 4359 1431
f 8456 1432 2622
f 8660 1432 8456
f 8660 12104 1432
f 1433 1511 3801
f 1567 1434 1557
f 1567 3827 1434
f 3812 1434 5797
f 3827 5797 1434
f 8437 1435 2220
f 1435 12469 3520
f 3524 1435 8437
f 3524 12469 1435
f 2733 1436 1644
f 1644 1436 5440
f 2733 11642 1436
f 6856 1436 11642
f 4632 1437 5698
f 5865 1437 4632
f 1437 5422 5249
f 1437 5865 5422
f 2911 2008 1438
f 2008 3053 1438
f 1438 3053 2205
f 1438 2205 6972
f 2911 1438 2414
f 1438 6972 2414
f 1439 5876 1458
f 1439 1458 6732
f 2137 11692 1439
f 1439 11692 5876
f 1497 1440 1442
f 4982 1442 1440
f 1497 4538 1440
f 4982 1440 1834
f 1834 1440 10100
f 4538 10100 1440
f 1441 2015 5342
f 1441 10462 2015
f 11979 1441 5342
f 1441 6239 11031
f 11979 6239 1441
f 1441 11031 10462
f 3338 1497 1442
f 10041 1443 1486
f 2070 1444 11021
f 2070 12818 1444
f 8684 8438 1444
f 8438 11021 1444
f 2137 4359 1445
f 2137 1445 4604
f 1445 3117 3104
f 1445 3104 4604
f 3117 1445 4359
f 3526 1446 1468
f 8662 1468 1446
f 2070 8662 1446
f 2070 1446 12818
f 12818 1446 3526
f 6840 1447 11138
f 6840 11139 1447
f 7447 1447 7456
f 7447 7578 1447
f 11139 7456 1447
f 7578 11138 1447
f 4921 1448 9220
f 10514 1448 4921
f 6547 9211 1448
f 10514 6547 1448
f 1448 9211 9210
f 1448 9210 9220
f 1449 6972 1459
f 1449 2391 6972
f 1449 10031 2391
f 1449 5893 10031
f 1450 1465 1471
f 2560 1450 1471
f 2560 5881 1450
f 5881 11961 1450
f 3993 8443 1451
f 3993 1451 11024
f 12121 1451 8443
f 11024 1451 11612
f 1454 7711 12005
f 1454 12032 7711
f 1454 12005 8191
f 10151 1457 1455
f 7951 1455 7674
f 7951 10143 1455
f 10151 1455 10143
f 1456 2460 4246
f 1456 4246 9209
f 1456 11025 9078
f 1456 9209 11025
f 10151 10062 1457
f 2560 1471 1458
f 6732 1458 1471
f 2560 1458 11963
f 5876 11963 1458
f 1459 2205 5882
f 1459 6972 2205
f 1460 5732 2393
f 1460 2393 7013
f 3620 1460 5882
f 3620 6185 1460
f 1460 6185 5732
f 1460 7013 5882
f 3524 11024 1461
f 3524 1461 12469
f 1461 11262 7317
f 12469 1461 7317
f 11024 8681 1461
f 1461 8681 11262
f 1462 8446 8669
f 12119 8446 1462
f 1462 8669 8662
f 1462 8662 11027
f 12119 1462 11027
f 5762 10842 1463
f 10061 1463 10842
f 1464 8372 6596
f 1464 6596 9860
f 6748 8372 1464
f 6748 1464 10893
f 5890 1471 1465
f 5890 1465 2277
f 1466 6249 3160
f 3986 1467 11009
f 3986 11027 1467
f 11009 1467 12120
f 11027 11021 1467
f 11021 12120 1467
f 3526 1468 7821
f 7821 1468 8449
f 8669 8449 1468
f 8669 1468 8662
f 6555 1469 1786
f 1786 1469 8255
f 4071 1469 2175
f 6555 2175 1469
f 4071 12667 1469
f 1469 12667 8255
f 1470 2703 5894
f 1470 5900 3801
f 5771 1472 2591
f 11664 2591 1472
f 5776 1472 5771
f 5776 10070 1472
f 1473 5330 2686
f 1473 2686 6873
f 1473 3738 5307
f 1473 6873 3738
f 1473 5307 5330
f 5744 10044 1474
f 10075 5744 1474
f 1474 10044 10285
f 10075 1474 10190
f 10190 1474 10292
f 1474 10285 10292
f 2696 1658 1475
f 1658 5824 1475
f 4068 2696 1475
f 4068 1475 9282
f 4531 1475 5824
f 9282 1475 4531
f 8454 3003 1476
f 3003 12130 1476
f 3520 8687 1476
f 8454 1476 8687
f 1477 2277 1484
f 1477 1484 3804
f 5890 2277 1477
f 3700 1478 2220
f 8437 2220 1478
f 8437 1478 7819
f 12821 7819 1478
f 1503 1479 2280
f 1503 5914 1479
f 2280 1479 3804
f 8433 1832 1480
f 1480 8886 8433
f 8886 1480 11928
f 1481 5780 7247
f 1481 12056 5780
f 1481 7247 12817
f 1481 10195 10079
f 1481 10079 10313
f 1481 12817 10195
f 1481 10313 12056
f 1482 2061 6264
f 1482 10308 2061
f 2390 1482 3157
f 2390 11643 1482
f 1482 2732 10308
f 1482 11643 2732
f 1482 6264 3157
f 1483 3205 5530
f 2277 11932 1484
f 2280 1484 3119
f 2280 3804 1484
f 3119 1484 11932
f 4203 3232 1485
f 7472 1485 3232
f 8022 4203 1485
f 8022 1485 7390
f 7472 12416 1485
f 10299 1486 6265
f 10041 1486 10084
f 10299 10084 1486
f 2738 1487 3081
f 2738 5791 1487
f 11664 3081 1487
f 3096 1487 5791
f 3096 12073 1487
f 11664 1487 12073
f 7725 1488 3774
f 1488 9779 3774
f 8821 5171 1488
f 5171 9779 1488
f 7725 9875 1488
f 8821 1488 9875
f 1489 3513 3511
f 7810 1489 3511
f 12116 3513 1489
f 3518 1489 7817
f 12116 1489 3518
f 7810 7817 1489
f 1497 1490 4538
f 10278 1490 1497
f 1507 1490 10083
f 10278 10083 1490
f 1491 5792 3586
f 1491 3586 5793
f 6267 5792 1491
f 12109 1491 5793
f 6267 1491 10080
f 12109 10080 1491
f 3984 1501 1492
f 7815 1492 1501
f 12108 3510 1492
f 12110 1492 3510
f 12110 3984 1492
f 12108 1492 7815
f 2732 3416 1493
f 10308 2732 1493
f 2890 6267 1493
f 2890 1493 10282
f 1493 3416 10282
f 6267 10080 1493
f 10308 1493 10080
f 1496 1494 3586
f 1496 10092 1494
f 3135 5793 1494
f 3135 1494 10085
f 1494 5793 3586
f 1494 10092 10085
f 1495 3409 3400
f 1495 3400 5541
f 11321 3409 1495
f 9308 5523 1495
f 11321 1495 5523
f 9308 1495 5541
f 3338 10092 1496
f 10278 3338 1496
f 12144 1496 3586
f 10278 1496 10087
f 12144 10087 1496
f 10278 1497 3338
f 1889 1499 1888
f 1888 1499 11641
f 1889 2282 1499
f 2282 2314 1499
f 11641 1499 2314
f 4982 1834 1500
f 1500 1834 10118
f 1500 5798 5736
f 1500 10118 5798
f 3516 7815 1501
f 3516 1501 12456
f 3984 12456 1501
f 1502 5915 6243
f 2281 1503 2280
f 5922 1503 2281
f 7996 1504 1505
f 7996 1505 3553
f 1507 1512 1532
f 6614 9115 1508
f 6614 1508 9183
f 1508 9115 9110
f 9123 1508 9110
f 9123 11782 1508
f 11782 9183 1508
f 1510 5914 3815
f 1510 3815 5916
f 1512 1513 5810
f 1512 10109 1532
f 1512 5810 10109
f 4666 1513 1616
f 4666 10126 1513
f 1513 10126 5810
f 1529 1528 1514
f 3515 1514 1528
f 3516 1529 1514
f 3515 12113 1514
f 3516 1514 7815
f 12113 7815 1514
f 4641 1515 3529
f 3664 1516 5600
f 3664 9889 1516
f 10199 5600 1516
f 8416 10199 1516
f 8416 1516 11597
f 11597 1516 9889
f 1518 2226 3824
f 3535 2824 1521
f 1537 1523 1522
f 10137 1522 1523
f 1537 1522 10118
f 5839 10118 1522
f 1523 10116 1524
f 10137 1523 1524
f 1524 4056 5826
f 10116 4056 1524
f 10146 1524 5826
f 10146 10137 1524
f 2314 1545 1525
f 1545 10476 1525
f 1525 10476 1864
f 11666 1525 1864
f 2314 1525 1885
f 11666 1885 1525
f 5825 8108 1526
f 5825 1526 10125
f 7421 1526 5826
f 10146 5826 1526
f 7421 10125 1526
f 10146 1526 8108
f 7816 1528 1529
f 3515 1528 7814
f 7814 1528 12115
f 12115 1528 7816
f 7801 3504 1529
f 3504 7816 1529
f 7801 1529 3516
f 2242 6532 1531
f 10824 2242 1531
f 9196 1531 6359
f 10824 1531 9196
f 10109 4056 1532
f 10116 1532 4056
f 1533 3824 2226
f 1566 12106 1534
f 1566 1534 12112
f 12106 3513 1534
f 12111 1534 3513
f 3514 1534 12111
f 3514 12112 1534
f 1535 5922 2281
f 1537 1834 10100
f 1537 10118 1834
f 8660 1539 2384
f 12110 2384 1539
f 3984 1539 3983
f 12100 3983 1539
f 12110 1539 3984
f 8660 8456 1539
f 12100 1539 8456
f 1540 5746 5798
f 10045 5746 1540
f 1540 5798 5839
f 1540 5839 5843
f 7674 1540 5843
f 7674 10045 1540
f 1542 7806 1541
f 10139 1542 1541
f 7806 5840 1541
f 10145 1541 5840
f 10139 1541 8373
f 10145 8373 1541
f 1542 5841 7311
f 10139 5841 1542
f 7397 1542 7311
f 7397 7717 1542
f 1542 7717 7806
f 10276 1558 1543
f 7806 7717 1543
f 3011 1547 1544
f 3508 1544 1547
f 11609 3011 1544
f 3508 7807 1544
f 11609 1544 7807
f 2282 1875 1545
f 6165 1545 1875
f 2282 1545 2314
f 6165 10476 1545
f 4444 1546 5130
f 8757 1546 4458
f 8757 5130 1546
f 7310 1547 3011
f 3508 1547 3511
f 1547 7810 3511
f 7310 7810 1547
f 2289 1548 5938
f 1556 1550 1559
f 10145 5840 1550
f 1562 3007 1552
f 1562 1552 7808
f 9014 1552 3007
f 1552 12107 7808
f 9012 1552 9014
f 9012 12107 1552
f 1562 1553 3007
f 1562 7809 1553
f 3007 1553 3509
f 11605 3509 1553
f 1553 7809 3510
f 11605 1553 3510
f 1554 2664 5800
f 1554 6743 2664
f 5853 1555 1556
f 5853 9244 1555
f 10151 1555 9244
f 1555 10143 10144
f 10151 10143 1555
f 5853 1556 1559
f 5927 1567 1557
f 1557 2675 5910
f 5927 1557 5910
f 1558 1835 1559
f 1558 9964 1835
f 10276 9964 1558
f 5853 1559 1835
f 1560 2687 5949
f 1560 5971 2687
f 3864 5971 1560
f 3864 1560 10021
f 1560 5993 5549
f 1560 5549 10021
f 1560 5949 5993
f 1561 10050 9336
f 11661 1561 9336
f 9767 10043 1561
f 10276 9767 1561
f 1561 10043 10050
f 11661 10276 1561
f 1563 7807 3508
f 12103 1563 3508
f 1563 7804 7808
f 12103 7804 1563
f 1563 12107 7807
f 1563 7808 12107
f 1564 2455 5969
f 1564 5969 3203
f 10022 2161 1565
f 11759 1565 2161
f 11759 5960 1565
f 10022 1565 7920
f 12103 1566 1570
f 12104 1570 1566
f 12103 12106 1566
f 12104 1566 12112
f 5535 3827 1567
f 1568 6809 10222
f 1568 10050 10043
f 1568 10222 10050
f 4315 1569 4410
f 4315 5794 1569
f 1569 8612 4410
f 1569 5794 8623
f 12103 1570 7804
f 1570 12105 7804
f 12104 12105 1570
f 9989 1571 1780
f 1572 5639 4601
f 1572 4601 10170
f 1572 6293 5639
f 1572 10170 10354
f 1573 6860 4070
f 1573 4070 7484
f 1573 4601 6860
f 1573 10170 4601
f 1573 7484 10258
f 1573 10258 10170
f 1577 3502 1574
f 1577 1574 12101
f 3502 3983 1574
f 3503 1574 12100
f 3503 12101 1574
f 12100 1574 3983
f 3418 1575 6805
f 3418 9878 1575
f 1575 4021 3828
f 5580 1575 3828
f 1575 9878 4021
f 5580 6805 1575
f 1577 1576 3502
f 7801 3502 1576
f 7801 1576 3504
f 7803 3504 1576
f 5874 1578 10842
f 5874 11345 1578
f 10061 1578 10176
f 10061 10842 1578
f 10176 1578 11272
f 11272 1578 11345
f 3496 1579 1588
f 7796 1588 1579
f 3496 1618 1579
f 1579 1618 7795
f 3497 1579 7795
f 7796 1579 3497
f 1981 10726 1580
f 1981 1580 11023
f 1580 10726 6099
f 1580 6099 12231
f 12229 11023 1580
f 12229 1580 12231
f 7267 1581 1851
f 1581 10182 5878
f 1581 5878 10912
f 7267 10182 1581
f 1582 5878 7220
f 1582 10952 5878
f 1582 7220 10057
f 1582 10057 10058
f 3967 1583 11781
f 3967 12868 1583
f 6014 9967 1583
f 6014 1583 12868
f 11351 1583 9967
f 11351 11781 1583
f 3991 1915 1584
f 1915 12589 1584
f 1584 3503 1937
f 12588 1584 1937
f 1584 12589 3503
f 12588 3991 1584
f 1585 5533 2895
f 1585 2895 9807
f 1585 9817 5533
f 1585 5540 9817
f 1585 11327 5540
f 1585 9807 6027
f 1585 6027 11327
f 1586 9712 5817
f 1586 5817 11822
f 11230 6057 1586
f 1586 6057 11627
f 1586 11627 9712
f 11230 1586 11822
f 1587 5886 10184
f 1587 10185 5886
f 1587 10184 10912
f 1587 11631 10185
f 1587 10912 10952
f 1587 10952 11631
f 7800 3496 1588
f 7800 1588 7856
f 3863 1589 1649
f 5975 1649 1589
f 1589 11836 5975
f 5426 1590 3210
f 3210 1590 6283
f 5426 6071 1590
f 6071 11816 1590
f 6235 6283 1590
f 11816 6235 1590
f 8188 3889 1591
f 3899 6837 1591
f 3899 1591 9231
f 8188 1591 6837
f 1592 4290 4287
f 8343 4290 1592
f 8343 1592 9020
f 10190 10292 1593
f 10190 1593 12388
f 10216 1593 12864
f 1593 10292 12864
f 1596 8655 1594
f 1596 1594 12428
f 1639 1594 8459
f 12428 1594 1639
f 12822 8459 1594
f 8655 12822 1594
f 6044 11799 1595
f 9925 1595 9930
f 1595 9933 9930
f 1595 11799 9933
f 3979 8655 1596
f 3979 1596 12449
f 8463 1596 12428
f 8463 12449 1596
f 1604 1597 3490
f 3498 1597 1604
f 1597 12088 3490
f 3498 12095 1597
f 4362 1598 2258
f 1598 4702 2258
f 4362 10576 1598
f 4363 10448 1598
f 4363 1598 10576
f 1598 10448 4702
f 3213 6024 1599
f 3213 1599 6363
f 9289 1599 6024
f 1599 6380 6363
f 1599 8918 6380
f 9289 8918 1599
f 1600 2505 3578
f 1600 9480 2505
f 2688 9480 1600
f 2688 1600 10816
f 1600 3578 6368
f 1600 6368 10816
f 9204 2441 1601
f 1601 2441 10804
f 6374 4905 1601
f 9204 1601 4905
f 10495 6374 1601
f 10495 1601 10804
f 10199 5542 1602
f 11794 1602 5542
f 10199 1602 5600
f 10208 1602 11794
f 4031 1603 2426
f 5248 2426 1603
f 4026 5248 1603
f 4026 1603 6376
f 4031 9291 1603
f 6376 1603 9291
f 1604 3490 7797
f 3498 1604 12439
f 1604 7797 12439
f 2493 1605 3912
f 12776 1605 2493
f 5670 3912 1605
f 5670 1605 4128
f 1606 4248 2439
f 1606 2439 9202
f 1606 3599 4248
f 1606 8776 3599
f 1606 10459 8776
f 1606 9202 10459
f 1612 4303 1607
f 1612 1607 5554
f 4308 1607 4303
f 4308 10473 1607
f 5554 1607 5921
f 10473 5921 1607
f 10332 6023 1608
f 10334 1608 6023
f 10207 10333 1608
f 10334 10207 1608
f 10333 10332 1608
f 5575 1609 3896
f 1609 5592 3896
f 7449 5592 1609
f 7449 1609 5598
f 1611 3941 1610
f 5809 1611 1610
f 2456 1610 2445
f 2445 1610 9206
f 5809 1610 2456
f 9206 1610 3941
f 1611 4039 3941
f 1611 9207 4039
f 5809 9207 1611
f 3599 1612 5554
f 3599 8776 1612
f 1612 6599 4303
f 1612 8776 6599
f 3496 1614 1613
f 12093 1613 1614
f 3496 1613 1618
f 1613 12092 1618
f 1613 4208 12092
f 12093 4208 1613
f 7800 1614 3496
f 7859 1614 7800
f 1617 1615 4046
f 9206 1615 1617
f 1615 6624 4046
f 9206 6600 1615
f 1616 1644 5088
f 10306 1644 1616
f 4666 1616 5088
f 2445 1617 5000
f 2445 9206 1617
f 1617 4046 5000
f 1618 3494 7795
f 1618 12092 3494
f 4182 10027 1619
f 1620 1624 3486
f 4199 1624 1620
f 1620 3486 1645
f 7785 1620 1645
f 4199 1620 7792
f 7785 7792 1620
f 1621 2912 2171
f 11510 1621 2171
f 1621 5495 2912
f 1621 5493 11318
f 11510 5493 1621
f 1621 11318 5495
f 1622 1769 1763
f 1622 1763 12452
f 7397 1769 1622
f 7717 7397 1622
f 1623 8957 3707
f 1623 3854 9172
f 1623 10573 8957
f 1623 9172 10573
f 1624 12084 3486
f 1624 7793 12084
f 1625 3491 1626
f 1625 1626 12090
f 7288 1625 2987
f 2987 1625 12090
f 1625 12089 3491
f 1626 3491 7790
f 1626 7790 7792
f 1626 7792 12091
f 1626 12091 12090
f 1627 1631 1630
f 1627 1630 3483
f 1627 3490 1631
f 1627 7797 3490
f 5924 10043 1628
f 12470 5924 1628
f 10043 9767 1628
f 12452 1628 9767
f 12461 1628 12452
f 1628 12461 12470
f 3622 3837 1629
f 3622 1629 8603
f 1629 3837 10115
f 8250 1629 10115
f 8250 10778 1629
f 1629 10778 8603
f 1630 1631 3491
f 12081 3483 1630
f 1630 3491 12089
f 12081 1630 12089
f 1631 3490 12088
f 1631 7790 3491
f 1631 12088 7790
f 1632 9277 1633
f 10295 1632 1633
f 1632 3233 9277
f 11390 3233 1632
f 10529 1632 10295
f 10529 11390 1632
f 2748 1633 8967
f 2748 10295 1633
f 9695 8967 1633
f 9277 9695 1633
f 10241 1634 10063
f 10063 1634 10404
f 10351 12212 1634
f 12212 10404 1634
f 2068 5939 1635
f 12238 1635 5939
f 10063 1635 12754
f 12238 12754 1635
f 1636 8052 1933
f 8913 1636 1933
f 3755 8052 1636
f 3755 1636 12352
f 8913 10725 1636
f 1636 10725 12740
f 12352 1636 12740
f 6834 2108 1637
f 2108 11423 1637
f 2906 6834 1637
f 2906 1637 9862
f 9271 9862 1637
f 9271 1637 11423
f 8194 1638 5649
f 8194 7422 1638
f 1638 7422 9813
f 1638 9813 10770
f 1639 8459 8489
f 1639 8489 11033
f 12825 1639 11033
f 12825 12428 1639
f 3632 1640 7429
f 5710 7429 1640
f 10833 5710 1640
f 10833 1640 7438
f 2448 1641 4065
f 2448 12288 1641
f 5767 4065 1641
f 4085 5767 1641
f 4085 1641 10133
f 12288 10133 1641
f 4669 1642 7433
f 1642 7434 5007
f 1643 1645 3486
f 7309 1643 3010
f 1643 12084 3010
f 1643 3486 12084
f 2733 1644 10306
f 1644 5440 5088
f 7785 1645 3001
f 11599 3001 1645
f 5945 1646 6809
f 1646 5945 12479
f 10244 1646 12484
f 12479 12484 1646
f 2879 1647 2030
f 12493 2030 1647
f 1647 2766 2200
f 12493 1647 2200
f 2879 2766 1647
f 1656 1653 1648
f 3482 1648 1653
f 1656 1648 3484
f 3482 7781 1648
f 7783 3484 1648
f 1648 7781 7783
f 2293 1649 2530
f 2293 3863 1649
f 1649 5975 2530
f 2204 6593 1650
f 2204 1650 6598
f 6629 1650 6593
f 1650 6620 6598
f 1650 6623 6620
f 6629 6623 1650
f 9949 1651 10357
f 11427 10357 1651
f 3637 1652 7513
f 8592 7513 1652
f 8596 8592 1652
f 1656 3485 1653
f 3482 1653 12080
f 3485 12083 1653
f 1653 12083 12080
f 1654 4109 2749
f 6339 1654 2749
f 1654 10249 4109
f 5951 1654 9451
f 5951 10249 1654
f 6339 10225 1654
f 10225 9451 1654
f 6845 7462 1655
f 11145 6845 1655
f 7542 7537 1655
f 11145 1655 7537
f 1656 3484 12082
f 1656 7784 3485
f 1656 12082 7784
f 1660 1657 1679
f 3481 1657 1660
f 1679 1657 3482
f 7780 1657 3481
f 1657 7781 3482
f 7780 7781 1657
f 1848 5824 1658
f 1848 1658 6919
f 6920 1658 2696
f 6920 6919 1658
f 1659 1871 2385
f 1659 4569 1871
f 1659 2385 4576
f 10591 4569 1659
f 10591 1659 4576
f 3483 1660 1679
f 12079 3481 1660
f 12081 1660 3483
f 12079 1660 12081
f 1661 1934 2876
f 1661 4224 1934
f 1661 2876 4219
f 1661 4219 8499
f 1661 8499 4224
f 10264 1663 1662
f 1662 5961 2074
f 1662 2074 10427
f 10264 1662 10427
f 10261 1663 1851
f 1851 1663 12402
f 10261 12125 1663
f 10264 12402 1663
f 1665 7519 1664
f 1665 1664 8571
f 1664 7519 3247
f 1664 3247 10787
f 9753 8571 1664
f 9753 1664 10787
f 4167 7518 1665
f 1665 7518 7519
f 5157 1666 5136
f 5136 1666 7620
f 5157 8364 1666
f 1666 8349 7620
f 1666 12662 8349
f 1666 8364 12662
f 5437 1667 2778
f 2778 1667 7522
f 4104 1667 4671
f 4104 7522 1667
f 9742 4671 1667
f 5437 9742 1667
f 5919 1668 11337
f 1669 8169 3342
f 1669 3342 11944
f 1831 1670 10262
f 1831 10449 1670
f 10262 1670 5970
f 1671 8794 2752
f 1671 2752 11015
f 5612 5970 1671
f 5612 1671 12435
f 1671 5970 8794
f 1671 11015 12435
f 4597 1672 2411
f 10964 1672 4597
f 1672 8905 10756
f 10964 8905 1672
f 5973 8654 1673
f 5973 1673 11850
f 1673 10449 11851
f 1673 11851 11850
f 7338 3008 1674
f 3008 8282 1674
f 7307 3695 1674
f 3695 7640 1674
f 7307 1674 8282
f 7338 1674 7640
f 7652 1675 12656
f 7652 12657 1675
f 7655 7659 1675
f 7655 1675 12657
f 9413 2789 1676
f 2789 12664 1676
f 9413 1676 2790
f 12599 2790 1676
f 12599 1676 4001
f 12664 4001 1676
f 1677 5107 2199
f 5816 1677 2199
f 1677 3251 5107
f 1677 5439 3251
f 12633 5439 1677
f 12618 1677 5816
f 12618 12633 1677
f 1678 2186 12060
f 12534 2186 1678
f 3252 1678 10910
f 3252 12534 1678
f 1678 12060 3953
f 1678 3953 12699
f 10910 1678 12699
f 1679 3482 12080
f 7577 1680 2196
f 2196 1680 8892
f 7577 2977 1680
f 1680 4123 8892
f 1683 1682 1681
f 5001 1681 1682
f 1683 1681 3480
f 3480 1681 7779
f 11588 1681 5001
f 11588 7779 1681
f 1683 3481 1682
f 12079 1682 3481
f 11586 5001 1682
f 11586 1682 12079
f 12078 1683 3480
f 7780 3481 1683
f 7780 1683 12078
f 6461 6410 1684
f 9968 1684 6410
f 9733 6461 1684
f 6508 6472 1684
f 9733 1684 6472
f 9968 6508 1684
f 8430 1685 4078
f 11076 4078 1685
f 11076 1685 12126
f 1686 5925 6233
f 1687 8304 7316
f 1687 12156 8304
f 1687 9270 11577
f 1687 11577 12156
f 8501 1696 1688
f 1688 7765 3465
f 1688 3465 12839
f 8501 1688 12839
f 5572 8308 1689
f 1689 8308 7151
f 10216 6678 1690
f 12826 1690 6678
f 12829 1690 12826
f 12827 1690 12829
f 2760 10757 1691
f 2760 1691 12335
f 1691 5992 10290
f 1691 10757 5992
f 12335 1691 10290
f 8810 1692 1883
f 11079 7414 1692
f 8474 1692 8810
f 8474 11079 1692
f 8810 1883 1693
f 11709 1693 1883
f 8812 1693 2210
f 2210 1693 11709
f 3841 8810 1693
f 8812 3841 1693
f 4074 1695 1694
f 7419 1694 2819
f 4074 1694 7419
f 4074 7410 1695
f 7771 7777 1696
f 7771 1696 12069
f 8501 12069 1696
f 5985 5992 1697
f 12887 5985 1697
f 1697 5992 12864
f 10292 1697 12864
f 12881 1697 10292
f 12887 1697 12881
f 1698 1702 1701
f 1698 1701 3442
f 1698 3461 1702
f 1698 3442 7741
f 1698 12059 3461
f 1698 7741 12059
f 5896 10297 1699
f 5896 1699 12815
f 10296 5998 1699
f 1699 5998 12815
f 10296 1699 12840
f 10297 12840 1699
f 1700 5176 5180
f 1700 11549 5176
f 11547 1700 5180
f 11547 11548 1700
f 1701 1702 12841
f 12040 3442 1701
f 12040 1701 7766
f 1701 12841 7766
f 1702 3461 7760
f 12065 1702 7760
f 12065 12841 1702
f 1703 2794 5972
f 1703 7101 2794
f 1703 2815 2804
f 1703 2804 6042
f 1703 2820 2815
f 1703 5972 2820
f 1703 6042 7101
f 1706 10302 1704
f 1706 1704 12792
f 1704 6003 12792
f 1704 12817 6003
f 1704 10302 10195
f 1704 10195 12817
f 1705 8966 1740
f 1705 1740 11628
f 2353 8966 1705
f 1705 11628 8569
f 6438 1706 10148
f 6438 10302 1706
f 12789 1707 1819
f 12716 1707 11267
f 12789 11267 1707
f 8447 1708 3099
f 1708 8865 3099
f 1708 7373 4384
f 8447 7373 1708
f 4223 3074 1709
f 1709 3074 11168
f 4223 1709 4239
f 11698 4239 1709
f 1709 11168 7373
f 11698 1709 7373
f 2456 2445 1710
f 2445 4022 1710
f 6373 1710 4022
f 6373 8918 1710
f 1711 3124 3753
f 1711 3753 12268
f 3138 1712 3279
f 3138 6309 1712
f 3279 1712 7040
f 7040 1712 11806
f 5662 1713 4535
f 10885 4535 1713
f 5764 1713 5662
f 5764 10889 1713
f 9275 10885 1713
f 9275 1713 10889
f 4903 4038 1714
f 9242 1714 4038
f 4903 1714 5703
f 5703 1714 8176
f 8176 1714 9209
f 9047 9209 1714
f 9047 1714 9242
f 2177 1715 2835
f 1715 3091 2835
f 1715 8441 3091
f 1715 8877 8441
f 3635 1716 1742
f 1716 3692 1742
f 3635 4526 1716
f 7261 3692 1716
f 8394 1716 4526
f 7261 1716 8394
f 1717 1846 4205
f 5281 1846 1717
f 1717 4205 8436
f 4207 1717 8436
f 4207 11690 1717
f 5281 1717 11690
f 1718 6954 3335
f 1718 3335 8831
f 1718 6956 6954
f 1718 8831 11712
f 4218 1719 2078
f 1719 5596 2078
f 1719 2145 8883
f 1719 11682 2145
f 4218 11682 1719
f 1719 8883 5596
f 1720 3716 5595
f 1720 8885 3716
f 4217 4326 1720
f 4217 1720 11685
f 4326 8885 1720
f 1720 5595 11685
f 4316 1721 7386
f 8433 1721 4316
f 1721 8878 7386
f 8433 8886 1721
f 1722 4677 6716
f 1722 6716 6717
f 7133 1722 6717
f 7133 8285 1722
f 11073 1723 3120
f 3269 3788 1723
f 3269 1723 11073
f 3271 1723 3788
f 8889 3676 1724
f 4218 8889 1724
f 4218 1724 11682
f 5581 11682 1724
f 1737 1725 10325
f 1737 10334 1725
f 1936 10325 1725
f 10511 1936 1725
f 1725 10334 6023
f 10511 1725 6023
f 1726 3958 1727
f 1726 1727 12062
f 3464 1726 1771
f 1726 12062 1771
f 3464 7763 1726
f 1726 12064 3958
f 1726 7763 12064
f 3958 3466 1727
f 1727 3466 7776
f 1732 7776 1728
f 1732 1728 12075
f 1728 7776 3466
f 8575 1728 3466
f 8575 7765 1728
f 7765 12075 1728
f 5889 1729 4321
f 5889 4331 1729
f 6031 1729 4331
f 6035 1729 6031
f 6035 8621 1729
f 1730 4274 1977
f 1730 1977 4290
f 12872 4274 1730
f 10104 1730 4290
f 12888 1730 10104
f 2351 1731 8916
f 5803 1731 3533
f 5803 4233 1731
f 1731 4233 8916
f 1732 3475 7774
f 1732 12074 3475
f 1732 7774 7776
f 1732 12075 12074
f 3450 1733 7752
f 3450 7774 1733
f 1733 3475 7773
f 1733 7774 3475
f 7752 1733 8606
f 1733 7773 8606
f 1734 5481 5473
f 9798 1734 5473
f 6813 5481 1734
f 7387 6813 1734
f 7387 1734 7798
f 7798 1734 9798
f 1735 1795 4231
f 1735 5828 1795
f 8915 1735 4231
f 1735 4360 5735
f 8915 4360 1735
f 1735 5735 6932
f 1735 6932 5828
f 8619 1736 7770
f 7770 1736 12420
f 8619 12071 1736
f 1736 12071 12068
f 1736 12068 12838
f 12420 1736 12838
f 6038 1737 1943
f 1943 1737 10325
f 6038 12620 1737
f 1737 12620 10334
f 4235 1738 2352
f 8915 2352 1738
f 4235 8921 1738
f 1738 5608 4360
f 8915 1738 4360
f 1738 8921 5608
f 2848 3688 1739
f 3688 7376 1739
f 8923 1739 7376
f 2086 1740 6505
f 11260 1740 2086
f 1740 8966 6505
f 11260 11628 1740
f 1925 10332 1741
f 10333 1741 10332
f 2628 3030 1742
f 8771 2628 1742
f 3635 1742 3030
f 8771 1742 3692
f 8584 1743 1749
f 1743 11038 1749
f 7770 1743 8498
f 7770 12420 1743
f 8584 8498 1743
f 12420 11038 1743
f 2451 2356 1744
f 1744 2356 2856
f 1744 2856 5614
f 1744 5614 4886
f 3311 3500 1745
f 9240 3311 1745
f 1745 3500 11578
f 2034 1746 2028
f 2028 1746 6610
f 6610 1746 11777
f 1746 9332 11777
f 1747 3706 8214
f 7263 1747 5615
f 5615 1747 8214
f 1748 2034 2028
f 10623 1748 2028
f 1748 2031 2034
f 8500 8584 1749
f 8500 1749 12070
f 1749 11038 12839
f 1749 12839 12070
f 1750 2817 7278
f 5038 1750 7278
f 5038 9247 1750
f 1754 1751 5618
f 11563 1751 1754
f 2865 5618 1751
f 2865 1751 8960
f 1751 8387 4573
f 1751 4573 8960
f 11563 8387 1751
f 1752 1803 10350
f 1752 12217 1803
f 1752 6051 12217
f 1752 12479 6051
f 1752 10350 12494
f 1752 12494 12479
f 9989 1780 1753
f 5652 1753 2711
f 5652 5693 1753
f 9989 1753 5693
f 1754 5619 2229
f 11563 1754 2229
f 1754 5618 5072
f 1754 5072 5619
f 3468 1755 1759
f 1759 1755 8490
f 3468 8502 1755
f 8504 8490 1755
f 8502 8583 1755
f 8504 1755 8583
f 6056 6055 1756
f 1756 6055 10575
f 10098 6056 1756
f 6263 10565 1756
f 6263 1756 11049
f 10098 1756 10565
f 11049 1756 10575
f 6055 6056 1757
f 1757 12473 6055
f 6056 11046 1757
f 11046 11044 1757
f 1757 11044 12474
f 12473 1757 12474
f 1758 5227 1825
f 9899 1758 1825
f 1758 1839 4549
f 9899 1839 1758
f 9886 1758 4549
f 9886 5227 1758
f 3468 1759 8503
f 1759 8490 12838
f 8503 1759 12838
f 1760 11040 1766
f 1760 1766 12841
f 7764 1760 8506
f 7764 11040 1760
f 12065 8506 1760
f 12065 1760 12841
f 10282 10091 1761
f 12757 1761 10091
f 10304 10282 1761
f 10304 1761 12334
f 10310 12334 1761
f 12757 10310 1761
f 8915 1762 2352
f 2352 1762 8925
f 8915 4231 1762
f 11676 1762 4231
f 5286 8925 1762
f 5286 1762 11676
f 6053 12461 1763
f 1763 12461 12452
f 1764 2229 11562
f 1764 11563 2229
f 1764 5287 2965
f 1764 2965 11563
f 1764 9270 5287
f 1764 11562 9270
f 3319 1765 8017
f 1765 4979 6661
f 1765 6661 8017
f 3958 1766 11040
f 12064 1766 3958
f 12064 8507 1766
f 1766 8507 12841
f 4255 6952 1767
f 4255 1767 7971
f 1767 5740 9358
f 1767 11246 5740
f 1767 6952 11246
f 1767 9358 7971
f 10624 1768 6863
f 1768 10886 7424
f 1768 7424 10903
f 10624 10886 1768
f 5918 1778 1769
f 7397 5918 1769
f 3464 1771 1770
f 12049 1770 1771
f 3446 1887 1770
f 1770 1887 12021
f 3446 1770 12049
f 3464 1770 12021
f 1856 12049 1771
f 1856 1771 12062
f 1772 4348 7828
f 1772 12394 4348
f 7360 12394 1772
f 1772 7828 10381
f 4068 1773 2696
f 6920 2696 1773
f 4068 3013 1773
f 1773 3013 4265
f 1773 4265 11949
f 6920 1773 11949
f 3323 1774 2488
f 9380 2488 1774
f 1774 2878 3313
f 3323 2878 1774
f 9380 1774 3313
f 6952 3711 1775
f 6919 1775 7957
f 6919 11246 1775
f 6952 1775 11246
f 3768 1776 10135
f 3768 11323 1776
f 1776 10356 10135
f 10224 10356 1776
f 2241 2231 1777
f 2231 9588 1777
f 2241 1777 10824
f 1777 2242 10824
f 10375 1778 5918
f 6055 1778 10575
f 1778 10375 10575
f 1779 5253 4618
f 1779 6078 5253
f 1779 12353 6078
f 1779 6079 12353
f 4323 1781 4740
f 4323 4773 1781
f 4702 1781 4750
f 10448 1781 4702
f 4740 1781 10448
f 4750 1781 4773
f 4462 9562 1782
f 11225 4462 1782
f 5832 1782 5647
f 1782 9562 5647
f 5832 7057 1782
f 11225 1782 7057
f 1783 10965 2776
f 1783 2776 12342
f 1783 6318 11587
f 1783 12342 6318
f 1783 10953 10965
f 1783 11587 10953
f 2894 1784 4464
f 2894 9547 1784
f 1784 9563 4464
f 7893 11220 1784
f 1784 11220 9563
f 1785 1843 3107
f 1785 5849 1843
f 11566 1785 4542
f 11566 5849 1785
f 4424 1786 8131
f 4424 10577 1786
f 6555 1786 10577
f 8131 1786 8255
f 7081 1787 2245
f 9529 1787 2623
f 9567 2623 1787
f 7081 9566 1787
f 9566 9567 1787
f 2494 1788 3255
f 2494 4469 1788
f 7102 3255 1788
f 1788 4469 9570
f 7102 1788 7744
f 7744 1788 9570
f 1918 1789 6088
f 6345 1789 1918
f 2781 1789 4612
f 2781 12566 1789
f 6345 4612 1789
f 6337 6088 1789
f 6337 1789 12566
f 6637 2782 1790
f 2782 12596 1790
f 6334 11595 1790
f 6334 1790 12596
f 6637 1790 10491
f 10491 1790 11595
f 3131 2547 1791
f 12290 1791 2547
f 3387 1791 3075
f 12290 3075 1791
f 3131 1791 12723
f 3387 12723 1791
f 1792 1927 5228
f 12310 1927 1792
f 12310 1792 4943
f 5228 6667 1792
f 5250 1793 3069
f 1793 12250 3069
f 6378 1793 5250
f 5522 5254 1793
f 1793 5254 12250
f 6378 5522 1793
f 1794 2641 5626
f 11081 2641 1794
f 1794 5626 12323
f 8024 1794 8025
f 8024 11081 1794
f 8025 1794 12323
f 3719 1795 5828
f 7377 1795 3719
f 7377 4231 1795
f 3720 1796 4473
f 3720 6922 1796
f 6916 1796 4466
f 6922 4466 1796
f 4473 1796 9575
f 6916 9575 1796
f 3371 1797 5348
f 3371 7193 1797
f 6039 5348 1797
f 6039 1797 10618
f 1798 6366 10395
f 1798 12236 6366
f 1798 10395 11023
f 1798 11023 12229
f 1798 12229 12246
f 1798 12246 12236
f 8573 3460 1799
f 12404 1799 3460
f 3953 12060 1799
f 12404 3953 1799
f 8573 1799 8511
f 1799 12060 8511
f 1800 3459 8512
f 8560 3459 1800
f 1800 3460 11043
f 12404 3460 1800
f 12404 1800 8512
f 8560 1800 11043
f 3346 1801 5658
f 3346 11869 1801
f 6886 1801 5654
f 11869 5654 1801
f 5658 1801 11171
f 6886 11171 1801
f 1802 2795 4900
f 1802 4900 4426
f 1802 4426 8758
f 1803 6102 9928
f 1803 9928 10350
f 2938 1804 7262
f 9587 1804 2938
f 7262 1804 11174
f 9556 1804 9557
f 9556 11174 1804
f 9587 9557 1804
f 1805 11043 1806
f 12850 1805 1806
f 1805 8513 7758
f 8560 1805 7758
f 12850 8513 1805
f 8560 11043 1805
f 2154 1806 8510
f 8514 1806 2154
f 3950 8510 1806
f 11043 3950 1806
f 12850 1806 8514
f 1807 9984 5711
f 1807 10001 9984
f 1954 5907 1808
f 1808 5907 5532
f 1809 3457 7756
f 1809 12055 3457
f 1809 7757 6328
f 1809 6328 12055
f 1809 7756 7898
f 1809 7898 7757
f 3637 12286 1810
f 4320 1810 12286
f 1811 1826 3456
f 1811 11596 1826
f 7299 1811 3000
f 1811 12055 3000
f 1811 3456 3457
f 1811 3457 12055
f 7299 11596 1811
f 2663 1812 2522
f 2522 1812 3892
f 2663 3891 1812
f 12489 1812 3891
f 3892 1812 8191
f 12489 8191 1812
f 1813 2073 6113
f 1813 10574 2073
f 1813 10412 6112
f 1813 6112 10574
f 2383 1814 1817
f 2951 1817 1814
f 2383 10605 1814
f 9271 2951 1814
f 9271 1814 9862
f 10605 9862 1814
f 3752 1817 1815
f 6823 1815 1817
f 2003 1815 2952
f 2003 4517 1815
f 6823 2952 1815
f 4517 3752 1815
f 6120 1816 12009
f 6120 12114 1816
f 12009 1816 6138
f 6138 1816 12129
f 2383 1817 3752
f 6823 1817 2951
f 6590 2700 1818
f 2700 9864 1818
f 5659 1818 2979
f 2979 1818 9864
f 5659 9866 1818
f 6590 1818 9866
f 8370 1819 5962
f 8370 12460 1819
f 12460 12789 1819
f 1820 2525 6306
f 1820 9871 2525
f 1820 9870 4521
f 1820 4521 9872
f 1820 6306 9870
f 1820 9872 9871
f 9876 1821 4524
f 1821 10885 4524
f 1821 5844 6585
f 1821 6585 10885
f 2190 1849 1822
f 1822 1849 4448
f 2190 1822 8760
f 8747 1822 4448
f 8760 1822 8747
f 1823 10441 6121
f 1823 6121 11877
f 10422 1823 10438
f 10422 10441 1823
f 10438 1823 10440
f 1823 10444 10440
f 1823 11877 10444
f 1824 1827 1826
f 1824 1826 2998
f 1824 3448 1827
f 7297 1824 2998
f 1824 12046 3448
f 7297 12046 1824
f 2268 1825 5227
f 2268 5515 1825
f 9303 1825 5515
f 9303 9899 1825
f 1826 1827 3456
f 11596 2998 1826
f 2143 1827 3448
f 2143 7755 1827
f 7755 3456 1827
f 2074 5961 1828
f 2074 1828 6128
f 10425 1828 5961
f 1828 6131 6128
f 10430 6131 1828
f 12047 1828 10425
f 12047 10430 1828
f 7465 1829 1839
f 1839 1829 10872
f 7340 5234 1829
f 5234 10872 1829
f 5657 7340 1829
f 7465 5657 1829
f 1836 1830 8505
f 3946 1830 12051
f 3946 12692 1830
f 1830 12692 8505
f 1837 6150 1831
f 1837 1831 11898
f 1831 6150 10449
f 1831 10262 11898
f 8883 3683 1832
f 8433 5596 1832
f 5596 8883 1832
f 1833 6131 10430
f 1833 10434 6131
f 1833 6143 10434
f 1833 10440 6143
f 1833 10430 10440
f 9778 1835 9964
f 7898 7756 1836
f 7898 1836 8505
f 1838 6150 1837
f 1837 11898 6128
f 6147 6150 1838
f 1839 10872 4549
f 7465 1839 9899
f 1844 1840 3945
f 1844 7753 1840
f 1840 12045 3945
f 1840 7753 12051
f 1840 12051 12045
f 1843 5849 1841
f 9901 2990 1841
f 6573 1841 5849
f 9901 1841 6573
f 2273 1842 3107
f 7320 1842 2273
f 7321 3745 1842
f 7320 7321 1842
f 1843 2261 3107
f 1844 3945 12853
f 7750 7752 1844
f 7750 1844 12853
f 7752 7753 1844
f 1845 1886 8549
f 7746 1845 12854
f 1845 8549 12854
f 4217 4205 1846
f 4217 1846 8888
f 5281 8888 1846
f 4554 1847 3021
f 4555 3021 1847
f 4554 3758 1847
f 4555 1847 10596
f 1848 9381 5824
f 1848 6919 7957
f 1848 7957 6948
f 1848 6948 9381
f 2900 1849 2190
f 4448 1849 4457
f 4558 1850 6567
f 4558 9173 1850
f 1850 6525 6567
f 1850 11646 6525
f 9911 1850 9173
f 9911 11646 1850
f 7267 1851 12402
f 2786 1852 9972
f 9979 1852 2786
f 9974 5770 1852
f 10605 1852 5770
f 10605 9972 1852
f 9979 9974 1852
f 1889 1888 1853
f 1888 6148 1853
f 11833 1853 6148
f 11833 6155 1853
f 1854 3365 9974
f 1854 10906 3365
f 1854 6667 10906
f 1854 9974 9979
f 1855 6155 6385
f 1855 6385 10683
f 10472 1855 10466
f 1855 10683 10466
f 1856 1866 3451
f 1856 7749 1866
f 1856 3451 12049
f 1856 12062 7749
f 6169 1859 1857
f 6281 1857 1859
f 1857 1875 1869
f 6169 1857 1869
f 6165 1875 1857
f 6281 6165 1857
f 3046 1858 2705
f 2705 1858 11476
f 2871 1858 4566
f 2871 11476 1858
f 3045 1858 3046
f 3045 4566 1858
f 1859 6158 6399
f 10681 6158 1859
f 6169 10681 1859
f 6281 1859 6399
f 4527 1860 2046
f 2046 1860 9199
f 4426 4900 1860
f 4426 1860 4901
f 4527 4901 1860
f 9199 1860 4900
f 1861 4562 9985
f 1861 9986 4562
f 1861 5851 6306
f 1861 9982 5851
f 1861 6306 9986
f 1861 9985 9982
f 1864 6191 1862
f 11666 1864 1862
f 5983 10281 1862
f 10489 5983 1862
f 10489 1862 6191
f 11666 1862 10281
f 2911 1863 2263
f 2263 1863 9985
f 2911 10606 1863
f 1863 3749 9982
f 1863 10606 3749
f 1863 9982 9985
f 1864 10475 6191
f 1864 10476 10475
f 2525 6666 1865
f 2525 1865 9986
f 1865 6666 4917
f 1865 4917 10918
f 1865 10918 9986
f 3450 1866 7749
f 3450 7750 1866
f 3451 1866 12854
f 7750 12854 1866
f 4314 4337 1867
f 4314 1867 4364
f 1867 4337 6410
f 8614 4364 1867
f 1867 6410 6461
f 1867 6461 8628
f 8614 1867 8628
f 7619 8350 1868
f 7619 1868 12621
f 9497 1868 8350
f 9497 10841 1868
f 1869 10472 6169
f 1929 2437 1870
f 1929 1870 4893
f 2266 1870 2431
f 2266 4770 1870
f 1870 2437 2431
f 1870 4770 4893
f 1871 4569 1873
f 1871 1873 5306
f 10017 2385 1871
f 10017 1871 5306
f 1872 1873 3368
f 2530 1872 5230
f 2530 5975 1872
f 5230 1872 3368
f 1873 4569 3368
f 8837 1874 2325
f 1874 11076 2325
f 1874 2461 3273
f 8837 2461 1874
f 1874 3273 11076
f 1876 8599 2111
f 1876 2111 11056
f 1876 8522 5084
f 9262 1876 5084
f 1876 11056 8522
f 9262 8599 1876
f 1877 11700 1879
f 1877 11694 8868
f 1877 8868 11696
f 1877 11696 11700
f 3944 1878 1881
f 1881 1878 8535
f 1882 8535 1878
f 1882 1878 12856
f 3944 2817 1878
f 8521 1878 2817
f 8521 12856 1878
f 8458 1879 11700
f 8458 11702 1879
f 1880 11703 4175
f 1880 11701 4187
f 1880 4187 11703
f 1880 7403 8458
f 1880 8458 11701
f 2135 3944 1881
f 2135 1881 12046
f 1881 8535 3448
f 1881 3448 12046
f 1882 2143 8535
f 1882 12045 2143
f 1882 3945 12045
f 1882 12856 3945
f 8835 1883 2335
f 8835 11709 1883
f 3446 1886 1884
f 1884 1886 11576
f 2971 1887 1884
f 3446 1884 1887
f 11569 2971 1884
f 11569 1884 7277
f 7277 1884 11576
f 1890 1885 10485
f 11641 1885 1890
f 11641 2314 1885
f 11666 10485 1885
f 3446 8549 1886
f 2971 11571 1887
f 11571 12021 1887
f 1888 1890 10447
f 1888 11641 1890
f 1888 10447 6148
f 1890 5980 10447
f 1890 10485 5980
f 3048 1891 10094
f 3048 11625 1891
f 10039 5966 1891
f 1891 5966 12361
f 10039 1891 10948
f 1891 12361 10094
f 1891 11625 10948
f 1892 2279 8611
f 1892 8905 2279
f 5683 1892 8611
f 5683 10756 1892
f 1892 10756 8905
f 1893 2814 1899
f 1893 1899 12043
f 1893 8534 2814
f 1893 3305 8534
f 10496 1894 1898
f 10744 1898 1894
f 3054 1894 10496
f 3061 1894 10134
f 3061 10744 1894
f 2797 10130 1895
f 2797 1895 11615
f 6391 1895 3068
f 1895 10130 3068
f 6391 11615 1895
f 2327 2368 1896
f 2327 1896 2818
f 1896 2368 5624
f 2818 1896 3269
f 3269 1896 11713
f 11713 1896 5624
f 1897 5887 4586
f 1897 4586 10592
f 1897 6289 4590
f 1897 4590 11006
f 1897 11006 5887
f 1897 10592 6289
f 10496 1898 10363
f 1898 10698 10363
f 1898 11524 10698
f 10744 11524 1898
f 8209 1899 2814
f 8209 8530 1899
f 1899 8530 12043
f 5092 3204 1900
f 1900 3204 5976
f 1900 5976 4653
f 5092 1900 9949
f 8198 3068 1901
f 1901 3068 11540
f 1901 5997 10301
f 1901 11540 5997
f 8198 1901 10132
f 1901 10301 10132
f 3424 1902 1909
f 1909 1902 3443
f 3424 7723 1902
f 1902 12041 3443
f 1902 7723 12041
f 3054 10492 1903
f 3054 1903 11561
f 3768 10135 1903
f 3768 1903 10492
f 6391 1903 10135
f 6391 11561 1903
f 10714 3470 1904
f 10251 1904 6414
f 10714 1904 10251
f 1905 2148 2107
f 1905 2107 6205
f 1905 2147 2148
f 3470 2147 1905
f 6092 4600 1906
f 10153 1906 4600
f 5691 1906 6353
f 10175 1906 5691
f 5858 6092 1906
f 5858 1906 10175
f 10153 6353 1906
f 10153 1907 2547
f 12290 2547 1907
f 10153 4600 1907
f 4600 11611 1907
f 1907 5522 6378
f 1907 11611 5522
f 12290 1907 6378
f 3771 1908 1910
f 12749 1910 1908
f 3385 3086 1908
f 12749 1908 3086
f 10389 3385 1908
f 3771 10389 1908
f 3424 1909 12042
f 1909 3443 7743
f 3444 1909 7743
f 3444 12042 1909
f 9869 3771 1910
f 5422 1910 5249
f 12749 5249 1910
f 9869 1910 5422
f 1923 1914 1911
f 3437 1911 1914
f 1923 1911 3432
f 12030 3432 1911
f 7736 1911 3437
f 7736 12030 1911
f 10165 1912 1913
f 10166 1913 1912
f 10166 1912 4603
f 10165 10391 1912
f 5690 1913 3104
f 10166 3104 1913
f 12297 1913 5690
f 12297 10165 1913
f 3443 1914 1923
f 12035 3437 1914
f 3443 12041 1914
f 12035 1914 12041
f 3994 2692 1915
f 1915 2692 12589
f 3991 2851 1915
f 2851 3994 1915
f 6022 6013 1916
f 6013 11415 1916
f 6022 1916 11503
f 10516 1916 10513
f 10513 1916 11415
f 1917 4507 6210
f 10311 4507 1917
f 1917 6210 10754
f 6439 1917 10120
f 6439 10311 1917
f 10120 1917 10754
f 1918 1919 2553
f 1918 4606 1919
f 6345 1918 2553
f 1918 6088 4606
f 1919 4607 2553
f 2841 1919 4606
f 2841 5858 1919
f 1919 5858 4607
f 1920 4612 10180
f 1920 10387 4612
f 1920 5417 5412
f 1920 6248 5417
f 1920 10180 6248
f 5692 1921 10180
f 5692 12303 1921
f 1921 9972 6248
f 1921 6248 10180
f 1921 12303 9972
f 10136 1922 3942
f 12542 3942 1922
f 8243 9546 1922
f 8243 1922 10287
f 12542 1922 9546
f 10287 1922 10136
f 1923 3432 7731
f 7742 3443 1923
f 7742 1923 7731
f 1932 3440 1924
f 1932 1924 3442
f 3440 7739 1924
f 1924 3441 3442
f 1924 7740 3441
f 1924 7739 7740
f 11413 10332 1925
f 10513 11413 1925
f 4615 1926 10187
f 4615 10189 1926
f 10188 5784 1926
f 10389 1926 5784
f 10187 1926 10389
f 10189 10188 1926
f 10188 1927 3386
f 12310 3386 1927
f 5228 1927 10189
f 10189 1927 10188
f 1928 3149 10206
f 1928 12322 3149
f 1928 5423 5859
f 1928 10206 5423
f 1928 5859 10384
f 1928 10384 12322
f 9171 2437 1929
f 4468 1929 4638
f 4468 9171 1929
f 4638 1929 4893
f 6092 1930 2317
f 2317 1930 12329
f 1930 6327 3149
f 1930 3149 12329
f 6092 6859 1930
f 1930 6859 6327
f 6326 2267 1931
f 12341 1931 2267
f 4620 1931 6085
f 4620 10209 1931
f 12341 6085 1931
f 6326 1931 10209
f 12038 3440 1932
f 12040 1932 3442
f 12038 1932 12040
f 1933 3760 3769
f 1933 8052 3760
f 12727 1933 3769
f 8913 1933 12727
f 4585 2319 1935
f 2319 4863 1935
f 4585 1935 4595
f 4717 4595 1935
f 4717 1935 4891
f 4891 1935 4863
f 1936 9927 10764
f 1936 10764 10325
f 7802 1937 3503
f 3990 1937 8289
f 12588 1937 3990
f 7802 8289 1937
f 1938 3620 3053
f 11681 1938 3053
f 1938 6185 3620
f 1938 10317 6185
f 10317 1938 6307
f 11681 6307 1938
f 5830 1939 8136
f 8136 1939 12347
f 1940 10323 2139
f 1940 6732 3160
f 1940 3160 10323
f 1941 1945 1942
f 1941 1942 3422
f 3433 1945 1941
f 1941 3422 7721
f 3433 1941 12031
f 12031 1941 7721
f 3440 1942 1945
f 12020 3422 1942
f 12038 1942 3440
f 12038 12020 1942
f 2169 1943 10325
f 2169 10766 1943
f 6038 1943 10766
f 1944 10327 5529
f 5730 10327 1944
f 8542 1945 3433
f 3440 1945 7739
f 7739 1945 8542
f 1946 2178 1955
f 1946 1955 2307
f 1946 8199 2178
f 2185 6483 1946
f 1946 6483 8199
f 3658 1947 12265
f 4195 12265 1947
f 1956 1949 1948
f 2982 1948 1949
f 7283 1956 1948
f 5034 1948 2982
f 7283 1948 5024
f 5024 1948 11579
f 5034 11579 1948
f 1956 12865 1949
f 2982 1949 7728
f 8551 7728 1949
f 8551 1949 12865
f 7336 8234 1951
f 7336 1951 8663
f 1951 8234 9280
f 1951 9280 12532
f 8486 3778 1953
f 3778 11762 1953
f 8486 1953 10943
f 1953 11762 11296
f 1955 2178 10775
f 1955 2197 10554
f 1955 10775 2197
f 1955 10554 2307
f 12027 1956 7283
f 12027 12865 1956
f 6256 11208 1957
f 10555 1957 11203
f 10555 11212 1957
f 11208 11203 1957
f 1958 3439 1965
f 12035 1958 1965
f 1958 1970 3439
f 1958 7737 1970
f 12035 7737 1958
f 1959 11111 3603
f 1959 3603 12630
f 1959 12641 3605
f 1959 12630 12541
f 1959 12541 12641
f 7985 7491 1961
f 7491 11793 1961
f 7493 7985 1961
f 7493 1961 11307
f 11796 11307 1961
f 11796 1961 11793
f 6262 1963 2845
f 11186 2845 1963
f 6262 11098 1963
f 10561 1963 11086
f 11186 1963 10561
f 11098 11086 1963
f 1964 11098 1972
f 11146 1964 1972
f 6263 11036 1964
f 6263 1964 11144
f 1964 11036 11087
f 1964 11087 11098
f 11146 11144 1964
f 12035 1965 3437
f 12037 3437 1965
f 1965 3439 7993
f 12037 1965 7993
f 1970 3426 3438
f 1970 7737 3426
f 1970 3438 7738
f 1970 12713 3439
f 1970 7738 12713
f 1971 1973 3434
f 1971 3435 1973
f 1971 3434 4301
f 7734 3435 1971
f 1971 4301 12032
f 7734 1971 12032
f 6262 10808 1972
f 6262 1972 11098
f 9685 1972 10808
f 11146 1972 9685
f 3434 1973 12034
f 1973 3435 12033
f 1973 12033 7735
f 1973 7735 12034
f 10110 6455 1974
f 1974 6455 11616
f 10110 1974 10572
f 10572 1974 11046
f 1974 11044 11046
f 1974 11616 11044
f 1975 10105 6454
f 1975 6454 11085
f 1975 7665 7661
f 1975 7661 10105
f 1975 7666 7665
f 1975 11085 7666
f 12876 1977 4274
f 1977 4287 4290
f 12876 4287 1977
f 4297 1980 6739
f 4297 9769 1980
f 6739 1980 5268
f 7438 1980 9769
f 1981 1982 6282
f 10582 1982 1981
f 1981 6282 10726
f 10582 1981 11023
f 2040 6282 1982
f 2040 1982 6542
f 10831 6542 1982
f 10831 1982 10582
f 8540 1983 3433
f 8542 3433 1983
f 8540 3943 1983
f 1983 3943 12861
f 8542 1983 12030
f 1983 12861 12030
f 2134 1984 1991
f 12595 1991 1984
f 2134 3992 1984
f 8292 1984 3992
f 7678 1984 8292
f 7678 12595 1984
f 9369 1985 1986
f 6709 1985 9376
f 6709 9400 1985
f 9369 9376 1985
f 9400 9915 1985
f 1986 6554 10584
f 9369 1986 11020
f 11020 1986 10584
f 4271 9700 1987
f 4271 1987 10795
f 1987 12441 10795
f 10796 12441 1987
f 1988 5521 1990
f 1988 1990 10998
f 3373 1988 10998
f 1988 4933 5521
f 9713 4096 1989
f 12775 1989 4096
f 5218 10795 1989
f 5218 1989 12775
f 9713 1989 8587
f 10795 8587 1989
f 1990 2558 4928
f 1990 5521 2558
f 3049 1990 4928
f 10998 1990 3049
f 2134 1991 3990
f 12588 3990 1991
f 12591 12588 1991
f 12591 1991 12595
f 3426 1992 2278
f 3424 3425 1992
f 3424 1992 7723
f 3426 7723 1992
f 3042 2616 1993
f 1993 2616 9545
f 3042 1993 6642
f 1993 5520 6642
f 1993 11482 5520
f 1993 9545 11482
f 2005 2002 1994
f 2002 2973 1994
f 2005 1994 3422
f 2973 7272 1994
f 1994 7721 3422
f 1994 7272 7721
f 5414 1995 4571
f 7398 4571 1995
f 5241 1995 6294
f 5241 7398 1995
f 5414 9430 1995
f 6294 1995 9430
f 2868 1996 9363
f 10981 1996 2868
f 2975 9365 1996
f 2975 1996 11479
f 1996 9365 9363
f 10981 11479 1996
f 3046 1998 1997
f 5518 1997 1998
f 3045 3046 1997
f 5518 4918 1997
f 2875 1998 3019
f 5518 1998 2875
f 2000 1999 6299
f 1999 2000 10597
f 10597 2776 1999
f 1999 2776 10965
f 1999 10965 6299
f 10950 2000 6299
f 10597 2000 11472
f 10950 11470 2000
f 2000 11470 11472
f 6566 6300 2001
f 10039 6566 2001
f 10039 2001 10599
f 10599 2001 10858
f 2005 3423 2002
f 2002 11571 2973
f 2002 3423 12021
f 2002 12021 11571
f 2003 2952 2887
f 2003 2887 2991
f 2003 2991 6580
f 2003 6580 4517
f 4805 2004 2893
f 2004 6774 2893
f 4805 6592 2004
f 6592 11654 2004
f 2004 11339 6774
f 11654 11339 2004
f 2005 3422 12020
f 2005 7722 3423
f 2005 12020 7722
f 2211 2006 3163
f 2211 3170 2006
f 2006 7460 3163
f 2006 3170 3698
f 2006 3698 7466
f 7460 2006 7466
f 5516 2007 2262
f 2262 2007 9356
f 2007 2950 3366
f 2007 9411 2950
f 9356 2007 3366
f 5516 9411 2007
f 2911 2263 2008
f 2008 2263 3037
f 11681 2008 3037
f 11681 3053 2008
f 2160 2009 4652
f 2009 10348 4652
f 3955 2010 12539
f 4545 8502 2010
f 8502 12066 2010
f 12066 12539 2010
f 2014 2011 2095
f 2014 11559 2011
f 8564 2095 2011
f 2961 2011 11559
f 12008 2011 2961
f 12008 8564 2011
f 5969 2455 2012
f 5969 2012 4655
f 11172 4655 2012
f 11172 2012 9090
f 2013 5518 2875
f 2013 3039 5518
f 2013 10035 3039
f 2013 6296 10035
f 2017 2014 3410
f 3410 2014 2095
f 6242 5342 2015
f 6242 2015 11870
f 11870 2015 10462
f 10753 3214 2016
f 10755 2016 3214
f 10753 2016 10488
f 2016 10804 10488
f 10755 10495 2016
f 2016 10495 10804
f 2017 3410 2103
f 2017 2103 7709
f 2017 7709 3420
f 10501 2709 2018
f 10568 2018 2709
f 10501 2018 4278
f 4278 2018 11967
f 10568 10567 2018
f 2018 10567 11967
f 2019 2036 8555
f 11051 2036 2019
f 3419 2115 2019
f 2019 2115 12003
f 3419 2019 8555
f 11051 2019 12003
f 2038 2020 8095
f 2038 8515 2020
f 3390 2020 2222
f 8515 2222 2020
f 3390 9001 2020
f 9001 8095 2020
f 2727 2021 7590
f 2727 10169 2021
f 7567 7590 2021
f 7567 2021 12247
f 10169 10691 2021
f 12247 2021 10691
f 2026 2025 2022
f 11051 2022 2025
f 2026 2022 8556
f 2022 3930 3405
f 2022 3405 8556
f 11051 3930 2022
f 4251 2023 2740
f 8112 2740 2023
f 3236 2023 5811
f 10956 2023 3236
f 4251 5811 2023
f 8112 2023 10956
f 4765 2117 2024
f 2117 8781 2024
f 4732 7001 2024
f 4732 2024 8781
f 4765 2024 10240
f 7001 10240 2024
f 2026 12018 2025
f 11051 2025 12016
f 2026 3420 12018
f 2026 12019 3420
f 2026 8556 12019
f 2027 8601 2198
f 2027 2198 12411
f 3184 2762 2027
f 3235 2027 2762
f 3184 2027 12411
f 3235 8601 2027
f 2028 6610 9858
f 10623 2028 9858
f 2641 2029 5626
f 2641 5681 2029
f 2029 10725 5626
f 12296 2029 5681
f 10059 10725 2029
f 10059 2029 12296
f 2879 2030 5272
f 4095 5005 2030
f 12493 4095 2030
f 2030 5005 5272
f 2035 2034 2031
f 10789 2035 2031
f 10617 10789 2031
f 2979 2032 4519
f 2979 9864 2032
f 3739 4519 2032
f 5837 2032 9864
f 2769 2041 2033
f 2041 4671 2033
f 5569 2769 2033
f 10791 2033 4671
f 5009 5243 2033
f 10791 5009 2033
f 5569 2033 5243
f 2035 6323 2034
f 10393 2035 6081
f 10789 6081 2035
f 10393 6323 2035
f 2036 2053 2054
f 12016 2053 2036
f 8555 2036 2054
f 11051 12016 2036
f 2037 10634 6344
f 2037 6344 10719
f 2037 10737 10634
f 2037 10719 10639
f 2037 10639 10737
f 2038 8095 7692
f 2038 7692 11990
f 2038 11990 8515
f 3419 2042 2039
f 7710 2039 2042
f 7276 3419 2039
f 5044 7276 2039
f 11575 5044 2039
f 11575 2039 7710
f 10639 6282 2040
f 9466 2040 6542
f 2769 4294 2041
f 4104 2041 3247
f 2041 4294 3247
f 4104 4671 2041
f 7710 2042 2081
f 2081 2042 12006
f 3419 7705 2042
f 7705 12006 2042
f 6264 2101 2043
f 10307 2043 2101
f 2043 3155 3157
f 2043 12056 3155
f 6264 2043 3157
f 10307 12056 2043
f 12011 2058 2044
f 2044 2058 12879
f 3417 2044 11052
f 11052 2044 12879
f 7338 2045 3306
f 7338 4020 2045
f 10846 2045 4020
f 10846 7825 2045
f 4527 2046 11976
f 10450 2046 9199
f 10607 2046 10450
f 11976 2046 10607
f 2047 6346 9702
f 10682 6346 2047
f 2047 9702 9838
f 4747 2048 5957
f 4747 10161 2048
f 2048 11940 5957
f 9719 2048 6944
f 2048 10161 6944
f 9719 11940 2048
f 2049 4034 4683
f 2049 4683 4040
f 4168 4034 2050
f 4168 2050 11017
f 3939 11052 2051
f 3939 2051 12015
f 8524 2051 8568
f 8524 12015 2051
f 8568 2051 8532
f 11052 8532 2051
f 2052 2054 2053
f 3415 2052 2053
f 3406 2054 2052
f 3406 2052 12004
f 3415 7714 2052
f 7714 12004 2052
f 3415 2053 12013
f 12013 2053 12016
f 3406 7705 2054
f 7705 8555 2054
f 3403 2055 5305
f 3403 7232 2055
f 3417 3939 2055
f 3417 2055 7232
f 3421 2055 3939
f 3421 5305 2055
f 2056 2071 2058
f 12011 2056 2058
f 3414 2071 2056
f 3414 2056 7713
f 7713 2056 12011
f 2057 8847 6352
f 9938 2057 6352
f 2057 6686 8847
f 2057 10646 6686
f 9938 9023 2057
f 9023 10646 2057
f 7712 2058 2071
f 7712 12879 2058
f 2984 6358 2059
f 2984 2059 10669
f 6358 10635 2059
f 2059 10635 10667
f 2059 10667 10666
f 2059 10666 10669
f 2060 9586 9574
f 2060 9574 10658
f 2060 10658 10626
f 2060 10626 10660
f 2867 10078 2061
f 2867 2061 11663
f 6264 2061 10078
f 11663 2061 10308
f 2062 2847 2947
f 2062 6361 2847
f 2062 2947 10626
f 2062 6699 6361
f 2465 2063 3676
f 2465 4327 2063
f 3258 11017 2063
f 11017 3676 2063
f 10616 2064 6364
f 2064 11443 6364
f 10616 10662 2064
f 10625 2064 10662
f 10625 11443 2064
f 6096 2065 2563
f 5695 2065 11382
f 6096 6098 2065
f 2065 6098 11382
f 2066 10404 6105
f 2066 6105 10662
f 2066 6365 10404
f 2066 10663 6365
f 10622 2066 10662
f 10622 10663 2066
f 9174 2067 2430
f 6668 2067 8101
f 8101 2067 6690
f 9174 6690 2067
f 10954 2068 8893
f 2069 2806 4156
f 8691 2069 4156
f 2069 12816 7411
f 8691 12816 2069
f 2070 11027 8662
f 2070 11021 11027
f 3414 12012 2071
f 3415 7712 2071
f 3415 2071 7714
f 7714 2071 12012
f 2072 6652 6371
f 12161 2072 6371
f 2072 6656 6652
f 12173 2072 12161
f 2073 6106 8867
f 2073 10574 6106
f 2073 8862 6113
f 2073 8867 8862
f 2074 6128 11898
f 2074 11898 10427
f 2487 4115 2075
f 2487 2075 10779
f 5589 2075 4115
f 5589 4117 2075
f 11079 2075 4117
f 11079 10779 2075
f 2076 5028 8857
f 2076 8860 5028
f 2076 8857 8858
f 2076 8858 11093
f 2076 9086 8860
f 2076 11091 9086
f 2076 11093 11091
f 4592 2077 6085
f 4934 4620 2077
f 4620 6085 2077
f 4934 2077 10391
f 4218 2078 8318
f 4316 2078 5596
f 4316 5597 2078
f 5597 11129 2078
f 11129 8318 2078
f 2079 6139 6142
f 2079 10422 6139
f 2079 10441 10422
f 10675 10441 2079
f 10441 2080 6121
f 2080 10679 6121
f 8800 6421 2080
f 10679 2080 6421
f 2080 10675 8800
f 10675 2080 10441
f 3408 2083 2081
f 7710 2081 2083
f 3408 2081 2106
f 2106 2081 12006
f 2082 11147 2219
f 2082 2219 12365
f 4353 5603 2082
f 4353 2082 5604
f 5603 11147 2082
f 2082 8910 5604
f 2082 12365 8910
f 3408 2091 2083
f 12010 2083 2091
f 2084 5456 3290
f 2084 3290 5735
f 4234 5461 2084
f 2084 5608 4234
f 2084 5461 5456
f 2084 5735 5608
f 2085 2472 11164
f 2085 11166 2472
f 2085 4373 5613
f 11164 4373 2085
f 2085 5613 11158
f 2085 11158 11166
f 2086 4723 2855
f 11259 2086 2855
f 2086 6505 4723
f 11260 2086 11259
f 4238 2087 5614
f 7304 2087 4238
f 2087 4886 5614
f 2087 11278 4886
f 7304 8281 2087
f 2087 8281 11278
f 2482 2088 4712
f 5615 2088 2482
f 8209 4712 2088
f 5038 2088 5615
f 5038 7278 2088
f 8209 2088 7278
f 3314 2089 2970
f 8196 2970 2089
f 5077 2089 3314
f 5077 5055 2089
f 5055 11299 2089
f 8196 2089 11299
f 5618 2090 5072
f 5072 2090 11299
f 5618 5078 2090
f 5078 12087 2090
f 8196 11299 2090
f 8196 2090 12087
f 3408 2109 2091
f 2109 7707 2091
f 3412 2091 7707
f 3412 12010 2091
f 2233 5622 2092
f 2233 2092 5738
f 2487 2092 4115
f 2487 5738 2092
f 6878 4115 2092
f 5622 6878 2092
f 5844 5630 2093
f 5630 6911 2093
f 6585 5844 2093
f 6894 6585 2093
f 6894 2093 10556
f 10556 2093 6911
f 3410 2095 2094
f 7235 2094 2095
f 3410 2094 2103
f 8524 2103 2094
f 8563 2094 7235
f 8563 8524 2094
f 7235 2095 8564
f 6386 2096 10693
f 6386 10988 2096
f 6680 10363 2096
f 6680 2096 10988
f 2096 10363 10698
f 2096 10698 10693
f 5338 2284 2097
f 2097 2284 8901
f 2097 4610 4613
f 2097 8901 4610
f 5338 2097 4613
f 2098 3870 5987
f 3880 2098 5987
f 10540 2098 3880
f 2421 5549 2099
f 2421 2099 7443
f 2099 10347 7443
f 2099 11421 10347
f 6158 2100 6399
f 6158 10693 2100
f 2100 11524 6399
f 2100 10693 10698
f 2100 10698 11524
f 6264 10078 2101
f 2101 10078 6963
f 10307 2101 6963
f 3225 2102 4839
f 3225 5754 2102
f 4839 2102 7266
f 5655 2102 7262
f 11381 2102 5655
f 5754 7262 2102
f 11381 7266 2102
f 7709 2103 8568
f 8524 8568 2103
f 3408 2106 2104
f 3408 2104 2109
f 2109 2104 7706
f 2632 7706 2104
f 2105 2409 2113
f 2105 2113 6205
f 2105 6401 2726
f 2105 6205 6401
f 2106 3406 12004
f 2106 12006 3406
f 2404 2107 2148
f 2404 7025 2107
f 2107 6401 6205
f 7025 6401 2107
f 2110 2953 2108
f 2110 2108 6834
f 2953 2500 2108
f 2500 9866 2108
f 2108 9866 11423
f 3407 2109 7706
f 3407 7707 2109
f 2110 2950 4904
f 2110 6834 2950
f 2110 4904 2953
f 8604 8523 2111
f 11055 2111 8523
f 8604 2111 8599
f 11055 11056 2111
f 8750 8522 2112
f 11056 2112 8522
f 8750 2112 8704
f 8704 2112 9178
f 11054 9178 2112
f 11054 2112 11056
f 2413 2113 2409
f 2413 6414 2113
f 2114 6890 3954
f 2114 3954 7871
f 2114 12557 6890
f 2114 7871 12554
f 7276 2115 3419
f 7276 7265 2115
f 2115 7265 8635
f 2115 8635 12003
f 4558 2256 2116
f 11428 2116 2256
f 4558 2116 9173
f 5512 2116 4915
f 11428 4915 2116
f 5183 2116 5512
f 5183 9173 2116
f 2446 8781 2117
f 4765 9038 2117
f 9345 9335 2118
f 9886 9345 2118
f 9886 2118 11434
f 2119 2121 10906
f 11453 2121 2119
f 5228 2119 6667
f 5228 10002 2119
f 2119 10906 6667
f 11453 2119 10002
f 2120 2264 10920
f 11453 2264 2120
f 11451 4917 2120
f 11454 2120 4917
f 11451 2120 10920
f 11453 2120 11454
f 2262 9356 2121
f 11454 2262 2121
f 9356 10906 2121
f 11453 11454 2121
f 5305 2122 2128
f 5305 11310 2122
f 5335 7225 2122
f 5335 2122 7231
f 11310 7231 2122
f 2123 10015 2265
f 2123 2265 10969
f 2123 2871 10015
f 2123 11476 2871
f 2123 10969 5680
f 2123 5680 11476
f 4891 2124 4894
f 4891 9190 2124
f 6669 4894 2124
f 6668 6669 2124
f 2192 8582 2125
f 10095 2126 4581
f 11006 4581 2126
f 10095 6460 2126
f 11486 2126 6460
f 10586 11006 2126
f 11486 10586 2126
f 2127 2413 2416
f 2127 10723 2413
f 2127 2416 11806
f 2146 2141 2128
f 3403 2128 2141
f 3403 5305 2128
f 2129 5782 10165
f 2129 12747 5782
f 2129 10165 12297
f 11541 2129 11531
f 2129 12297 11531
f 11541 12747 2129
f 2131 3136 2130
f 2131 2130 4944
f 2130 3136 2786
f 12303 2130 2786
f 11545 4944 2130
f 11545 2130 12303
f 2131 3123 4943
f 2131 11544 3123
f 2131 4943 3136
f 2131 4944 11544
f 2132 2151 2147
f 2132 2753 2151
f 2132 2418 2753
f 2317 12329 2133
f 12531 2317 2133
f 11598 2133 5694
f 2133 12322 5694
f 12531 2133 11598
f 2133 12329 12322
f 2134 3990 8289
f 2134 8291 3992
f 2134 8289 8291
f 2135 12043 3944
f 2136 7089 4674
f 2136 4674 7099
f 7089 2136 12834
f 2136 7099 7935
f 2136 7935 7116
f 2136 7116 12344
f 2136 12344 12834
f 2137 4604 11692
f 2138 7562 2559
f 11521 2138 2559
f 3162 2138 6260
f 11521 6260 2138
f 5527 4359 2139
f 5527 2139 6260
f 2139 10323 6260
f 11446 7017 2140
f 7700 2141 2146
f 3403 2141 7715
f 7700 12000 2141
f 7715 2141 12000
f 2143 3448 8535
f 2143 12045 7755
f 2584 4172 2145
f 5581 2584 2145
f 2145 4172 8427
f 5581 2145 11682
f 8883 2145 8427
f 11526 7700 2146
f 2147 2151 2148
f 2432 2148 2151
f 2404 2148 2432
f 8520 3398 2149
f 3398 8772 2149
f 11057 2149 3399
f 3399 2149 12399
f 8520 2149 11057
f 8772 12399 2149
f 2751 2432 2151
f 2751 2151 2753
f 8520 11057 2152
f 8520 2152 11996
f 2152 11997 8779
f 2152 8779 11998
f 2152 11057 11997
f 2152 11998 11996
f 2163 2153 6459
f 2163 6462 2153
f 2153 6462 2751
f 2153 2751 11350
f 2153 11352 6459
f 2153 11350 11352
f 8514 2154 7760
f 12061 2154 8510
f 4962 4961 2155
f 4961 11191 2155
f 4962 2155 11784
f 9524 2155 11191
f 3835 2158 2157
f 2159 10347 11421
f 2160 4652 5723
f 2160 6398 5722
f 2160 5723 6398
f 3550 2161 5949
f 11759 2161 3550
f 5993 5949 2161
f 10022 5993 2161
f 2163 2162 6462
f 2163 9937 2162
f 2423 2162 8414
f 2162 10148 8414
f 2162 9937 10148
f 2164 8107 3303
f 2164 3303 8585
f 12433 8107 2164
f 12433 2164 8140
f 2165 10340 2234
f 2165 2234 11217
f 2165 10460 9255
f 2165 9255 10941
f 2165 10941 10340
f 2165 11217 10460
f 3398 2167 2166
f 2167 11995 2166
f 3398 2166 2168
f 11526 2168 2166
f 11526 2166 7700
f 7700 2166 11995
f 3397 11995 2167
f 11996 3397 2167
f 8520 2167 3398
f 8520 11996 2167
f 3398 2168 8772
f 5340 7697 2168
f 5340 2168 11526
f 2168 7697 8772
f 8386 2169 6735
f 2169 10764 6735
f 10653 2169 8386
f 2169 10325 10764
f 10653 10766 2169
f 6935 6938 2170
f 6938 11916 2170
f 7000 2170 6984
f 2170 11916 6984
f 2173 2172 2171
f 2919 2171 2172
f 2912 2173 2171
f 2919 7218 2171
f 11510 2171 7218
f 3396 2172 2173
f 11517 2919 2172
f 7695 2172 3396
f 11517 2172 7695
f 7211 2173 2912
f 3396 2173 11994
f 7211 11994 2173
f 4984 5971 2174
f 5307 2174 5330
f 7536 2174 5307
f 5330 2174 5971
f 4071 2175 8778
f 6555 5950 2175
f 10564 2175 5950
f 10564 8778 2175
f 2176 3395 2183
f 2176 2183 11994
f 2176 11992 3395
f 2835 3281 2177
f 2177 3281 4236
f 2177 4236 8864
f 6756 2178 8199
f 6756 10775 2178
f 2179 7411 4202
f 2179 4202 8835
f 2180 8837 2325
f 7410 4201 2180
f 2180 4201 8837
f 7410 2180 11710
f 2181 6135 2189
f 2181 2189 6478
f 8259 6118 2181
f 8259 2181 6478
f 2359 6869 2182
f 9051 2182 6869
f 7331 2182 9051
f 7331 9058 2182
f 3395 8044 2183
f 3396 2183 11993
f 3396 11994 2183
f 11993 2183 8044
f 6903 6891 2184
f 8699 2184 6891
f 6903 2184 9034
f 2184 6966 9034
f 2184 12281 6966
f 8699 12281 2184
f 2185 6252 2188
f 2185 2188 6483
f 2185 11212 6252
f 12534 7912 2186
f 8511 12060 2186
f 4156 2806 2187
f 2187 2806 8431
f 2188 6252 10777
f 2188 6478 6483
f 9843 6478 2188
f 9843 2188 10777
f 2189 6135 8157
f 2189 6483 6478
f 8199 6483 2189
f 8199 2189 8157
f 2900 2190 2303
f 4296 2303 2190
f 4296 2190 8760
f 3392 2191 11990
f 3392 12024 2191
f 7207 11989 2191
f 7207 2191 12024
f 11989 8515 2191
f 2191 8515 11990
f 4285 8582 2192
f 12883 4285 2192
f 12883 2192 8579
f 2193 6492 2467
f 8098 2193 2467
f 8098 6490 2193
f 10793 2193 6490
f 10716 2194 5676
f 2194 10997 5676
f 2194 5683 8611
f 11089 5683 2194
f 2194 8611 10997
f 10716 11089 2194
f 3392 2195 11059
f 3392 11990 2195
f 3393 2195 7486
f 3393 11059 2195
f 2195 7692 7486
f 2195 11990 7692
f 6162 2196 10807
f 2196 8892 10807
f 2197 2707 9739
f 2197 9739 10554
f 2449 2198 7426
f 2449 12411 2198
f 7441 7426 2198
f 9773 7441 2198
f 9773 2198 8601
f 2199 5107 7657
f 12598 2199 7657
f 7114 2200 8012
f 7114 12614 2200
f 12493 2200 12614
f 5439 2201 3968
f 10853 3968 2201
f 7601 4001 2201
f 12664 2201 4001
f 7601 2201 5439
f 10853 2201 12664
f 12253 2202 8099
f 12415 8099 2202
f 8971 2202 12253
f 8971 12412 2202
f 12412 10392 2202
f 12415 2202 10392
f 6802 2203 6502
f 9653 10798 2203
f 8775 6593 2204
f 2204 6598 11969
f 10181 8775 2204
f 10181 2204 11969
f 3620 2205 3053
f 3620 5882 2205
f 7722 2206 7763
f 7763 2206 12064
f 2206 7766 8507
f 12064 2206 8507
f 8783 7691 2207
f 2207 7691 12396
f 8783 2207 8519
f 11991 8519 2207
f 11991 2207 11059
f 2207 12396 11059
f 2651 2208 4116
f 4693 4116 2208
f 4693 2208 10779
f 4138 2209 2210
f 4189 2210 2209
f 4189 2209 2827
f 8465 2827 2209
f 4138 2828 2209
f 8465 2209 2828
f 4138 2210 11709
f 4189 8812 2210
f 2211 2747 3170
f 2211 3171 2747
f 2211 3163 11768
f 2211 11768 3171
f 3390 2222 2212
f 2212 2222 8788
f 2212 2259 8497
f 2212 8788 2259
f 3390 2212 7689
f 2212 8497 7689
f 6821 2923 2213
f 2213 2923 8148
f 11137 6821 2213
f 11137 2213 6839
f 2213 11149 6839
f 2213 8148 11149
f 7382 2214 2337
f 8315 2337 2214
f 2611 4215 2214
f 7382 2611 2214
f 2214 4215 8887
f 8315 2214 8887
f 6515 2216 2215
f 9651 2215 2216
f 6514 6796 2215
f 6514 2215 9651
f 6515 2215 11095
f 11095 2215 6796
f 6515 9644 2216
f 11127 2216 9644
f 9685 9651 2216
f 11146 9685 2216
f 11146 2216 11127
f 2371 2478 2217
f 2371 2217 3992
f 2217 2478 3977
f 2217 3977 8276
f 8292 3992 2217
f 12590 2217 8276
f 12590 8292 2217
f 7532 2218 3900
f 3900 2218 11367
f 2218 9917 5991
f 5991 11367 2218
f 7532 6217 2218
f 9917 2218 6217
f 5456 8407 2219
f 5456 2219 8415
f 12365 2219 8407
f 8415 2219 11147
f 3700 2220 7302
f 4594 2221 7356
f 4594 8962 2221
f 6505 8966 2221
f 6505 2221 8975
f 7356 2221 8966
f 8962 8975 2221
f 11989 2222 8515
f 11989 8788 2222
f 2241 2223 6521
f 2241 6523 2223
f 6521 2223 9516
f 6523 9606 2223
f 10821 9516 2223
f 10821 2223 9606
f 2224 3766 7661
f 2224 9196 3766
f 6523 9196 2224
f 6523 2224 9606
f 10822 2224 7661
f 2224 9608 9606
f 10822 9608 2224
f 2529 2225 6524
f 6524 2225 9608
f 2225 9606 9608
f 10821 9606 2225
f 6877 4448 2227
f 2227 4448 8756
f 6877 2227 8748
f 9170 8748 2227
f 2227 8756 9200
f 9170 2227 9200
f 2228 7680 11116
f 2228 7754 9596
f 2228 11116 7754
f 2228 9596 9595
f 5619 5086 2229
f 11562 2229 5086
f 5619 2483 2230
f 2230 2483 11302
f 2230 5085 3245
f 5086 2230 3245
f 2230 11302 5085
f 5619 2230 5086
f 2235 2231 6521
f 2235 10830 2231
f 2241 6521 2231
f 2231 10830 9588
f 2232 2813 5545
f 2232 8626 5944
f 2233 2490 5622
f 2233 11941 2490
f 2233 5738 12445
f 2233 12445 11941
f 2234 10340 5620
f 2234 5700 11217
f 2235 6521 9516
f 2235 9528 6533
f 2235 6533 10830
f 2235 9516 9528
f 2733 2236 3025
f 2733 10306 2236
f 3025 2236 12144
f 2236 10305 10087
f 2236 10087 12144
f 10306 10305 2236
f 2237 9466 9475
f 2237 9475 9510
f 2237 9510 9555
f 2237 9555 10738
f 2504 6894 2238
f 2504 2238 12358
f 5635 2238 10556
f 11348 2238 5635
f 6894 10556 2238
f 12358 2238 11348
f 11254 3339 2239
f 3339 11343 2239
f 4306 9381 2239
f 4306 2239 11343
f 6948 2239 9381
f 11254 2239 6948
f 4715 7039 2240
f 4715 2240 11365
f 11377 2240 7039
f 12150 11365 2240
f 11377 12150 2240
f 2241 10824 6523
f 9464 6532 2242
f 7656 2250 2243
f 7688 2243 2250
f 7205 2243 11504
f 11964 2243 7205
f 11964 7656 2243
f 7688 11504 2243
f 2733 3025 2244
f 2733 2244 11642
f 2890 10304 2244
f 2890 2244 11662
f 3025 11662 2244
f 10304 11642 2244
f 7080 7079 2245
f 7079 11372 2245
f 7081 2245 11372
f 2246 6045 5937
f 9983 2246 5937
f 7077 3383 2247
f 7077 2247 5416
f 8754 5416 2247
f 8762 8754 2247
f 2249 9576 2375
f 11644 2249 2375
f 2249 6907 6931
f 11644 6907 2249
f 2249 6931 9553
f 2249 9553 9576
f 2422 2250 7656
f 11953 2250 2422
f 7688 2250 11985
f 11953 11985 2250
f 2251 2377 5105
f 2251 6793 2377
f 2251 6581 3741
f 2251 3741 9873
f 2251 5105 6581
f 6546 6552 2252
f 10862 6546 2252
f 6721 2252 6564
f 10862 2252 6721
f 5627 10856 2253
f 11359 5627 2253
f 7480 2253 9980
f 11359 2253 7480
f 2253 11780 9980
f 2253 10856 11780
f 6742 3746 2254
f 2254 3746 9887
f 2254 4541 6758
f 2254 9887 4541
f 6742 2254 5246
f 2254 6758 5246
f 2255 7058 4162
f 2255 12268 7058
f 2256 6567 4539
f 9318 2256 4539
f 4558 6567 2256
f 9318 11428 2256
f 2257 4211 2773
f 2257 2773 12823
f 2257 4222 4211
f 2257 8499 4222
f 5827 8499 2257
f 5827 2257 12823
f 4362 2258 6626
f 2258 4702 5201
f 2902 2270 2259
f 8497 2259 2270
f 2902 2259 8788
f 2969 2260 9365
f 2969 10858 2260
f 9364 6719 2260
f 6719 9365 2260
f 9364 2260 11438
f 2261 2273 3107
f 2261 9618 2273
f 2261 6742 5246
f 2261 5246 9618
f 5516 2262 6666
f 11454 6666 2262
f 2263 9519 3037
f 2263 9985 9519
f 4615 9988 2264
f 4615 2264 10002
f 10920 2264 9988
f 11453 10002 2264
f 2265 10056 7398
f 10969 2265 7398
f 2265 10015 10013
f 2265 10013 10056
f 2266 2431 9194
f 2266 4878 4770
f 2779 4581 2267
f 2779 2267 6326
f 10382 2267 4581
f 10382 12341 2267
f 2268 5227 4916
f 9354 2268 4916
f 9911 5515 2268
f 9354 9911 2268
f 9905 2866 2269
f 10981 2269 2866
f 9905 2269 9321
f 10867 9321 2269
f 10981 10867 2269
f 11321 2270 2902
f 7682 8789 2270
f 11321 7682 2270
f 12569 8497 2270
f 12569 2270 8789
f 2980 2271 7320
f 2980 9321 2271
f 11385 7320 2271
f 11433 2271 9321
f 11761 11385 2271
f 11761 2271 11433
f 5067 2272 3244
f 2272 11469 3244
f 5067 9366 2272
f 11573 2272 9366
f 2272 10528 11469
f 11573 10528 2272
f 7320 2273 9618
f 5425 8179 2274
f 5425 2274 8363
f 2274 8179 7049
f 2274 7049 8349
f 2274 8349 12662
f 2274 12662 8363
f 2545 4950 2275
f 2545 2275 11961
f 2275 4950 6288
f 2275 6288 5255
f 2276 4081 4060
f 2276 4060 8271
f 2276 8379 4081
f 2276 10030 7044
f 2276 7044 12190
f 2276 8271 10030
f 2276 12190 8379
f 3426 2278 3438
f 3438 2278 8203
f 8000 8203 2278
f 10047 8611 2279
f 2279 8901 8902
f 2279 8905 8901
f 10047 2279 8902
f 2281 2280 3119
f 4029 2993 2283
f 2283 2993 9293
f 4029 2283 4004
f 2283 6771 4004
f 2283 9293 6771
f 5338 2292 2284
f 2292 10700 2284
f 2284 8902 8901
f 2284 10700 8902
f 5670 2285 3912
f 10864 3912 2285
f 5670 9983 2285
f 9983 5937 2285
f 10864 2285 5937
f 3013 2286 4265
f 3013 4913 2286
f 4265 2286 6898
f 4714 6898 2286
f 4714 2286 9281
f 5504 2286 4913
f 5504 9281 2286
f 2287 2297 10794
f 12877 2297 2287
f 12440 11665 2287
f 11665 12877 2287
f 2289 5938 2288
f 5101 2290 3740
f 6589 2290 5101
f 6589 10879 2290
f 10883 2290 10879
f 2291 2301 3377
f 2291 11978 2301
f 2291 3377 11974
f 2291 3382 7192
f 2291 7672 3382
f 2291 7192 11978
f 2291 11974 7672
f 5338 12742 2292
f 2292 9340 10700
f 2293 2530 3044
f 2293 3044 3756
f 2294 9332 3032
f 2294 3032 10880
f 3428 9334 2294
f 3428 2294 10880
f 2294 9333 9332
f 9334 9333 2294
f 2295 4628 10353
f 2295 10524 4628
f 8931 6538 2295
f 2295 6538 10524
f 8931 2295 10270
f 2295 10353 10270
f 2296 4188 5021
f 2296 5021 8625
f 3189 2298 3188
f 3188 2298 5726
f 3191 4973 2298
f 2298 4973 5726
f 2299 6075 3613
f 6867 6075 2299
f 6867 2299 9051
f 2592 2300 2427
f 2427 2300 11447
f 2592 2594 2300
f 11735 11447 2300
f 2301 11480 3377
f 2301 7167 11480
f 2301 11978 7167
f 2302 3057 6800
f 7977 3057 2302
f 7977 2302 6774
f 9341 6774 2302
f 7134 2302 6800
f 9341 2302 7134
f 2900 2303 2607
f 2303 6084 2607
f 4296 6778 2303
f 2303 6778 6084
f 8900 2304 8897
f 2304 12705 8897
f 2304 8900 10888
f 2304 10888 8906
f 2305 3817 2508
f 2881 11448 2305
f 2306 10253 4648
f 6256 2307 10545
f 2307 10554 10545
f 9301 2308 5475
f 5475 2308 11315
f 5495 2308 11509
f 12044 2308 5495
f 9301 11509 2308
f 12044 11315 2308
f 2625 2309 11223
f 2625 11239 2309
f 11223 2309 6923
f 11240 6923 2309
f 11239 12301 2309
f 11240 2309 12301
f 6609 6619 2310
f 9197 6609 2310
f 6619 9098 2310
f 9098 9160 2310
f 10908 2310 9160
f 9193 9197 2310
f 10908 9193 2310
f 7505 3058 2311
f 3058 9197 2311
f 7505 2311 9333
f 9195 2311 9193
f 9193 2311 9197
f 9195 11777 2311
f 11777 9333 2311
f 2312 4251 2740
f 2312 2740 10131
f 2312 10154 4251
f 2312 9065 8985
f 2312 8985 10154
f 2312 10131 9065
f 2313 6986 8184
f 2313 9024 6986
f 2315 6997 5959
f 2315 6974 9025
f 2315 9062 6974
f 2315 9025 6997
f 2316 8692 4392
f 2316 4392 11716
f 2316 7147 7158
f 2316 11716 7147
f 2316 7158 8692
f 6092 2317 4600
f 4600 2317 11611
f 12531 11611 2317
f 3020 2566 2318
f 6676 2318 2566
f 3020 2318 8101
f 6668 2318 6669
f 6668 8101 2318
f 6669 2318 6676
f 4585 5126 2319
f 2319 4844 4863
f 2319 5179 4844
f 2319 5126 5179
f 11007 2320 6577
f 6577 2320 11462
f 9994 10008 2320
f 9994 2320 10923
f 11462 2320 10008
f 11007 10923 2320
f 9143 2321 10836
f 9143 10922 2321
f 9510 2321 9555
f 9510 10837 2321
f 10922 9555 2321
f 10836 2321 10837
f 7502 2322 7510
f 7502 12568 2322
f 8722 2323 4163
f 2323 8421 5834
f 12139 2323 5834
f 8722 8421 2323
f 2324 9463 2438
f 12124 2324 2438
f 5816 9463 2324
f 12618 5816 2324
f 12124 7638 2324
f 12618 2324 7638
f 11076 12126 2325
f 2326 4768 7268
f 9067 4768 2326
f 8946 2326 6861
f 2326 9060 6861
f 2326 7268 9060
f 8946 9067 2326
f 2327 2818 8485
f 2327 8485 7412
f 6627 2343 2328
f 9021 2328 2343
f 2772 2328 9017
f 2772 10927 2328
f 10927 6627 2328
f 9017 2328 9021
f 2332 2772 2329
f 6631 2332 2329
f 2772 9017 2329
f 6631 2329 9070
f 10926 2329 9017
f 10926 9070 2329
f 8673 8466 2330
f 8466 10542 2330
f 8673 2330 9033
f 8894 9033 2330
f 8894 2330 9428
f 10542 9428 2330
f 2564 4182 2331
f 2564 2331 8421
f 2331 4172 5834
f 2331 8698 4172
f 2331 4182 8698
f 2331 5834 8421
f 8994 2772 2332
f 8993 2332 6631
f 8993 9000 2332
f 8994 2332 9000
f 6583 2333 2334
f 8993 2334 2333
f 6583 10933 2333
f 8993 2333 9000
f 6583 2334 9068
f 8993 6635 2334
f 6635 9068 2334
f 6572 2336 6571
f 2336 10937 6571
f 6572 9068 2336
f 6635 9048 2336
f 6635 2336 9068
f 2336 9048 10937
f 5281 2337 8888
f 8888 2337 8315
f 2338 6630 2344
f 2338 2344 9052
f 10929 6630 2338
f 2338 9052 9048
f 2339 2340 6495
f 2339 10154 2340
f 2339 6944 4067
f 2339 4067 10154
f 2339 6495 9719
f 2339 9719 6944
f 2340 6499 6495
f 2340 11075 6499
f 2340 10154 8985
f 2340 8985 11075
f 9162 2341 6584
f 2341 11785 6584
f 6611 2341 9162
f 6611 10939 2341
f 9689 2341 10939
f 9689 11785 2341
f 2984 2342 6358
f 10652 2342 2984
f 9021 6358 2342
f 9017 9021 2342
f 10926 9017 2342
f 10926 2342 10652
f 6645 2343 6627
f 8992 2343 6645
f 8992 10685 2343
f 9015 6638 2344
f 2344 6638 9052
f 8486 2345 8805
f 8486 10943 2345
f 8994 9000 2345
f 8994 2345 10943
f 6962 3616 2346
f 6962 2346 9053
f 2346 9054 9053
f 2347 9909 5509
f 2347 5509 11014
f 7182 2347 8711
f 7182 9909 2347
f 5771 2591 2348
f 2591 12073 2348
f 2348 3135 10085
f 12073 3135 2348
f 2348 10085 6265
f 2704 6526 2349
f 2704 2349 11304
f 2349 6526 6647
f 2349 6647 8947
f 2349 8949 7005
f 2349 7005 11304
f 2349 8947 8949
f 6544 6560 2350
f 6544 2350 10648
f 6560 7002 2350
f 2350 7002 11301
f 2350 7005 8949
f 2350 11301 7005
f 2350 8949 10648
f 2351 8858 8857
f 2351 8916 8858
f 4235 2352 11670
f 2352 8925 11670
f 4588 7356 2353
f 4588 2353 11567
f 7356 8966 2353
f 2361 9991 2354
f 2361 2354 9995
f 5688 5689 2354
f 5689 9998 2354
f 2354 9998 9995
f 3924 5113 2355
f 11933 2355 5113
f 2856 2356 3004
f 7309 3004 2356
f 11475 2367 2357
f 11974 2357 2367
f 11974 3377 2357
f 11475 2357 5705
f 2358 8469 6921
f 2358 6921 9896
f 7153 7786 2358
f 7153 2358 9896
f 2358 7786 8624
f 2358 8624 8469
f 2727 7590 2359
f 2727 2359 10935
f 2359 7590 6869
f 2359 8388 10935
f 8838 2360 6659
f 6659 2360 8866
f 8827 2360 8838
f 8827 10958 2360
f 8862 8866 2360
f 8862 2360 10958
f 7610 3729 2362
f 2362 3729 12309
f 4453 12308 2362
f 4453 2362 12309
f 7610 2362 7071
f 7071 2362 12308
f 2363 8253 4771
f 12232 2363 4771
f 2363 5123 8253
f 2363 9422 5123
f 2363 9026 9422
f 12232 9026 2363
f 8815 2365 9821
f 8815 9826 2365
f 9821 2365 11789
f 9826 10963 2365
f 11411 2365 10963
f 11411 11789 2365
f 3592 12002 2366
f 8816 9822 2366
f 8816 2366 9828
f 9828 2366 12002
f 2367 3364 3363
f 11974 2367 3363
f 11965 3364 2367
f 11965 2367 11475
f 2368 3711 5624
f 6951 3711 2368
f 8400 2369 4598
f 11068 4598 2369
f 8899 2369 8400
f 11068 2369 8895
f 2369 12174 8895
f 8899 12174 2369
f 2370 2493 3912
f 10864 2370 3912
f 2370 11351 9967
f 10864 11351 2370
f 2371 3514 2478
f 2371 12112 3514
f 8291 2371 3992
f 2389 2372 10689
f 10974 2372 2389
f 10689 2372 6386
f 6386 2372 10988
f 10974 6670 2372
f 2372 6670 10988
f 2824 2373 8898
f 2373 3734 11231
f 2374 3853 9562
f 4462 2374 9562
f 7030 2375 3630
f 2375 9576 3630
f 3934 3965 2376
f 3934 2376 10359
f 3965 10505 2376
f 2376 6202 6209
f 2376 10505 6202
f 9315 2376 6209
f 10359 2376 9315
f 5316 2377 4306
f 5316 5105 2377
f 2378 9111 7720
f 2378 7720 10668
f 2378 8079 9076
f 2378 10668 8079
f 2378 9076 9113
f 2378 9113 9111
f 12883 2379 4284
f 9724 2379 10236
f 2380 2386 2714
f 2386 2380 6680
f 2714 6463 2380
f 3079 2380 6463
f 2380 3079 8650
f 6680 2380 8650
f 2381 6676 4892
f 2381 4892 10607
f 2381 4894 6669
f 2381 10450 4894
f 2381 6669 6676
f 2381 10607 10450
f 2877 3367 2382
f 11475 2877 2382
f 3367 12739 2382
f 11965 2382 8082
f 2382 12739 8082
f 11965 11475 2382
f 5417 2383 3752
f 5417 6248 2383
f 6248 9972 2383
f 2383 9972 10605
f 12110 7809 2384
f 8660 2384 12105
f 4576 2385 10586
f 10017 5887 2385
f 2385 5887 10586
f 6457 2714 2386
f 2386 6670 6457
f 6670 2386 10988
f 6680 10988 2386
f 8438 2387 12120
f 8438 12123 2387
f 12457 12120 2387
f 6959 6520 2388
f 2388 6769 10260
f 6959 2388 6849
f 2388 10260 6849
f 8690 2389 6144
f 2389 10406 6144
f 8690 10974 2389
f 10689 10406 2389
f 2390 3157 10213
f 2390 11241 6017
f 2390 6017 11643
f 2390 10213 11241
f 2414 6972 2391
f 10320 2414 2391
f 10031 10033 2391
f 10320 2391 10033
f 6764 5812 2392
f 7254 2392 5812
f 5819 6764 2392
f 9140 5819 2392
f 9140 2392 7254
f 5732 7562 2393
f 11725 2393 7562
f 2777 7516 2394
f 2777 2394 9742
f 2394 4103 5009
f 2394 7516 4103
f 10791 2394 5009
f 10791 9742 2394
f 2396 2587 10246
f 7017 5534 2397
f 2400 8443 7819
f 12821 2400 7819
f 2400 7822 8443
f 12821 12117 2400
f 2401 3736 4430
f 2401 6722 3736
f 2401 4430 4860
f 2401 4860 5870
f 2401 5870 6725
f 2401 6725 6722
f 6714 3780 2402
f 6714 2402 6432
f 9467 6432 2402
f 9467 2402 9469
f 2403 7058 3753
f 2403 3753 8347
f 2403 4467 4345
f 2403 4345 7058
f 2403 8765 4467
f 2403 8347 8884
f 2403 8884 8765
f 2405 7192 2892
f 2405 2892 11100
f 2405 5720 7167
f 2405 11100 5720
f 2405 7167 11978
f 2405 11978 7192
f 7136 5568 2406
f 2406 5568 7221
f 2406 7221 6702
f 7136 2406 12584
f 11437 2407 4967
f 2413 2409 2416
f 2416 2409 7504
f 10243 2410 2756
f 10243 10241 2410
f 10241 12754 2410
f 11069 4597 2411
f 2411 8900 8897
f 11069 2411 8897
f 2413 10723 6414
f 10606 2911 2414
f 10606 2414 10320
f 5548 2415 2660
f 5548 6743 2415
f 2416 7504 3370
f 11806 2416 3370
f 9449 2417 9203
f 2417 10482 9432
f 9449 10482 2417
f 2753 2418 7048
f 3063 11845 2418
f 2418 11845 7048
f 2420 8010 4090
f 2420 4090 12218
f 2420 5623 8010
f 2420 12218 8391
f 4653 10021 2421
f 4653 2421 10348
f 2421 10021 5549
f 10348 2421 7443
f 2422 7656 3357
f 2422 3357 7662
f 2422 7662 6360
f 11953 2422 6360
f 2423 8414 8442
f 5801 2424 2436
f 11952 2436 2424
f 5801 5787 2424
f 5787 11457 2424
f 11950 2424 11457
f 11952 2424 11950
f 2425 2469 3376
f 2425 4110 2469
f 2425 3376 11185
f 2425 9903 4110
f 2425 9387 9903
f 2425 11185 9387
f 6689 2426 5248
f 2592 2427 2691
f 2428 2671 5430
f 6675 2429 2978
f 6687 3220 2429
f 9176 2429 6675
f 9176 6687 2429
f 2430 6682 9184
f 2430 9186 6682
f 9174 2430 9184
f 9198 2431 2437
f 4525 9194 2431
f 4525 2431 9198
f 6462 2432 2751
f 2484 4083 2433
f 7475 2433 4083
f 6330 2434 2513
f 2434 6340 2513
f 11010 3212 2434
f 11621 2434 3212
f 11010 2434 6330
f 11621 6340 2434
f 10495 2694 2435
f 2694 10745 2435
f 2435 9517 6374
f 10495 2435 6374
f 5801 2436 5765
f 11952 5856 2436
f 9171 3380 2437
f 3380 9198 2437
f 7824 2438 7882
f 7824 8439 2438
f 9463 7882 2438
f 12124 2438 8439
f 10568 2439 4248
f 4998 2439 4268
f 10568 4268 2439
f 4998 9202 2439
f 2440 8045 3707
f 2440 3707 8957
f 2440 8957 4751
f 2440 4751 10691
f 5804 2440 4753
f 2440 10691 4753
f 5804 8045 2440
f 3594 8061 2441
f 3594 2441 9204
f 8061 6372 2441
f 2441 6372 10804
f 2442 2541 2444
f 2442 2444 11439
f 2442 3348 2541
f 7140 2442 11439
f 5709 2443 7636
f 5709 10695 2443
f 7701 7636 2443
f 10157 7701 2443
f 10157 2443 10695
f 2444 2541 7627
f 2444 7627 3334
f 2444 3334 7633
f 11439 2444 7633
f 2445 5000 4022
f 2446 7667 9032
f 2446 9030 8781
f 2446 9032 9030
f 7076 6118 2447
f 9765 2447 6118
f 6746 6141 2447
f 7076 2447 6141
f 7693 6746 2447
f 7693 2447 9765
f 2448 4065 7649
f 2448 7649 10778
f 2448 10778 8250
f 2448 8250 12288
f 2449 4080 4923
f 2449 7426 4080
f 2449 4923 10769
f 2449 10769 12411
f 6746 4269 2450
f 4269 10772 2450
f 6159 6746 2450
f 2450 10772 10773
f 2451 7301 11599
f 2452 7423 4082
f 2452 4082 7426
f 2452 11731 7423
f 2452 7426 7441
f 2453 5005 4095
f 2453 4095 7442
f 4665 12397 2453
f 2453 12397 5005
f 6752 2454 2459
f 6752 6797 2454
f 7904 2454 6797
f 3271 4116 2457
f 2457 8810 3841
f 2457 4116 4693
f 2457 4693 8474
f 2457 8474 8810
f 2458 7419 2821
f 2458 2821 8480
f 2458 4201 4074
f 2458 4074 7419
f 2458 12383 4201
f 2458 8480 12383
f 6752 2459 8181
f 6756 8181 2459
f 6756 2459 10775
f 2702 3978 2460
f 3978 4246 2460
f 4132 3273 2461
f 4132 2461 11074
f 8837 12383 2461
f 12383 11074 2461
f 2462 4432 4434
f 7206 4432 2462
f 6927 2462 4434
f 6436 2462 6927
f 12604 2462 6436
f 12604 7206 2462
f 2463 4243 3094
f 12370 2463 3094
f 9086 4243 2463
f 2463 8859 8860
f 12370 8859 2463
f 9086 2463 8860
f 9748 2464 4294
f 8593 7508 2464
f 7508 12429 2464
f 9748 8593 2464
f 2465 3085 4327
f 2465 5453 3085
f 2465 3676 8889
f 2465 8889 5453
f 5170 4005 2466
f 12611 2466 4005
f 6188 2466 4013
f 12605 4013 2466
f 5170 2466 6188
f 12605 2466 12611
f 6797 2467 6492
f 6752 2467 6797
f 6752 8181 2467
f 8098 2467 8181
f 5080 9391 2468
f 5080 2468 10529
f 2468 9391 6512
f 2468 6512 9392
f 2468 9392 11390
f 2468 11390 10529
f 9391 3376 2469
f 4110 9683 2469
f 9391 2469 6512
f 2469 9683 6512
f 4980 4870 2470
f 9169 2470 4870
f 6681 4980 2470
f 9169 6413 2470
f 6413 9189 2470
f 6681 2470 9189
f 7905 8574 2471
f 7905 2471 12429
f 12870 2471 8574
f 9753 2471 12870
f 8933 11164 2472
f 12331 8933 2472
f 12331 2472 11166
f 10852 5116 2473
f 2473 5116 12686
f 8453 2473 6474
f 2473 12686 6474
f 5022 4190 2474
f 2474 4190 8813
f 5022 2474 4191
f 4191 2474 8814
f 2474 8813 11507
f 2474 11507 8814
f 4450 2475 7073
f 4450 12308 2475
f 4453 4455 2475
f 2475 12308 4453
f 7075 2475 4455
f 8752 7073 2475
f 7075 8752 2475
f 3230 4748 2476
f 3230 2476 7636
f 8162 2476 4748
f 10280 7636 2476
f 8162 10164 2476
f 10280 2476 10164
f 7581 6250 2477
f 7581 2477 6471
f 2477 9410 6471
f 3514 7813 2478
f 3977 2478 12575
f 7813 12575 2478
f 2479 10590 5121
f 6227 8472 2479
f 6227 2479 10581
f 2479 8472 10590
f 2480 4262 4252
f 2480 4252 9320
f 2480 8561 4262
f 2480 4263 8561
f 2480 12857 4263
f 2480 9320 12857
f 6440 2481 5138
f 2481 9437 5138
f 6440 6447 2481
f 6447 9425 2481
f 2482 4712 5464
f 9267 2482 5464
f 7263 5615 2482
f 9267 7263 2482
f 2483 11299 5055
f 2483 5055 11302
f 5619 5072 2483
f 5072 11299 2483
f 3632 4083 2484
f 2486 11080 2485
f 2486 2485 11410
f 8008 2485 8003
f 8003 2485 11080
f 8047 2485 8008
f 8047 11410 2485
f 2809 2486 7115
f 2809 8016 2486
f 7115 2486 11410
f 8016 11080 2486
f 2650 2488 2648
f 2648 2488 5468
f 3323 2488 2650
f 9380 5468 2488
f 2489 8327 2768
f 9288 2489 2768
f 2489 6014 8327
f 2489 9967 6014
f 4305 6947 2490
f 4305 2490 11941
f 5622 2490 6947
f 5307 3738 2491
f 2491 3738 11171
f 2491 6886 4488
f 7536 2491 4488
f 7536 5307 2491
f 2491 11171 6886
f 12776 2493 12600
f 2896 2494 3255
f 11844 2494 2896
f 2494 6914 4469
f 11844 6914 2494
f 2495 7100 2896
f 2896 7125 2495
f 2495 3340 3261
f 2495 3261 11884
f 7125 3340 2495
f 2495 11884 7100
f 9082 2496 5842
f 10291 5842 2496
f 6847 2496 9082
f 6847 9457 2496
f 10291 2496 9117
f 2496 10394 9117
f 2496 9457 10394
f 2497 6979 6969
f 2497 6969 9458
f 2497 8638 6979
f 2497 10371 8638
f 2497 9458 10371
f 2498 5713 5712
f 6798 2498 5712
f 6797 5713 2498
f 7904 6797 2498
f 6798 7904 2498
f 2499 4402 9232
f 2499 9471 4402
f 9462 6423 2499
f 2499 6423 9471
f 2499 9232 9624
f 9462 2499 9624
f 2953 9445 2500
f 9272 6590 2500
f 6590 9866 2500
f 9272 2500 9445
f 2501 6943 6226
f 2501 6226 9478
f 2501 6422 6558
f 2501 9478 6422
f 2501 6558 9669
f 2501 9669 6943
f 2954 4530 2502
f 2954 2502 9445
f 6588 2502 4530
f 9272 2502 6588
f 9272 9445 2502
f 3018 2503 2959
f 2503 9281 2959
f 3018 12358 2503
f 4714 9281 2503
f 4714 2503 12358
f 3018 5662 2504
f 3018 2504 12358
f 2504 5662 4535
f 2504 4535 6894
f 9480 6416 2505
f 10026 2505 6416
f 2506 6403 9493
f 2506 9495 6403
f 2506 11907 9491
f 2506 9493 9492
f 2506 9492 11907
f 6382 2507 5190
f 5190 2507 9490
f 6382 10609 2507
f 2507 10315 9490
f 2509 6808 9810
f 2509 11106 6808
f 7805 2509 9810
f 7805 10724 2509
f 7812 2509 10724
f 7812 11106 2509
f 3994 2510 2692
f 2692 2510 12593
f 9408 2510 3994
f 9408 3995 2510
f 11400 3112 2511
f 2511 3112 11800
f 7829 7787 2511
f 11400 2511 7787
f 7829 2511 11402
f 11402 2511 11800
f 2617 6331 2512
f 2512 9518 3578
f 6331 9518 2512
f 3573 6330 2513
f 6140 2513 6340
f 2514 3334 2516
f 2514 2516 11399
f 2805 6016 2514
f 2805 2514 11399
f 2514 7633 3334
f 6016 7633 2514
f 6814 2515 7399
f 6814 9734 2515
f 11395 7399 2515
f 11394 7690 2515
f 11396 2515 7690
f 11394 2515 9734
f 11396 11395 2515
f 2516 3334 7163
f 2516 6063 11399
f 9521 3573 2517
f 9522 2517 8943
f 8943 2517 9947
f 9521 2517 9522
f 11245 2518 4656
f 4656 2518 12425
f 9957 2518 6207
f 6207 2518 11245
f 9957 11775 2518
f 11775 12425 2518
f 6274 2520 7666
f 6274 11118 2520
f 2520 6819 7666
f 11117 6819 2520
f 11117 2520 7747
f 11118 7747 2520
f 2521 6825 7726
f 2521 7726 7733
f 2521 7733 7732
f 11125 2521 7732
f 2663 2522 3890
f 2522 12488 3890
f 2522 3892 12490
f 2522 12490 12488
f 2523 6826 6820
f 2523 6820 7732
f 7677 2523 6822
f 2523 7732 6822
f 7679 6826 2523
f 7677 7679 2523
f 3105 2524 5144
f 7614 2524 3105
f 4054 7600 2524
f 8367 4054 2524
f 2524 7600 5144
f 7614 8367 2524
f 2525 9986 6306
f 9871 6666 2525
f 2526 5370 2923
f 2526 2923 6821
f 2526 4125 5370
f 2526 6825 4125
f 2526 6821 11119
f 2526 11119 6825
f 3627 3588 2527
f 9016 2527 3588
f 3633 3627 2527
f 9256 3633 2527
f 9256 2527 9016
f 2528 7675 3166
f 2528 3166 11026
f 7673 2528 6827
f 2528 9734 6827
f 7673 7675 2528
f 2528 11026 9734
f 2529 6524 7685
f 2529 7679 7680
f 2529 7685 7679
f 3044 2530 5230
f 7402 2531 3898
f 11128 3898 2531
f 6863 2531 7402
f 7654 11128 2531
f 2532 8757 3146
f 2532 5130 8757
f 9611 2533 2627
f 5311 7648 2533
f 5311 2533 9611
f 2534 9728 2535
f 2534 2535 11133
f 7618 2534 2536
f 2534 11133 2536
f 7618 11228 2534
f 11228 9728 2534
f 2535 9728 7542
f 11161 11133 2535
f 5274 2536 11133
f 11303 2536 5274
f 7618 2536 11539
f 11303 11539 2536
f 3039 10035 2537
f 3039 2537 11468
f 2537 11467 4922
f 2537 4922 11468
f 10035 11467 2537
f 9634 2538 6241
f 6275 7572 2538
f 9634 6275 2538
f 2539 7597 2556
f 2539 2556 11138
f 5424 5420 2539
f 2539 5420 7597
f 5424 2539 7578
f 2539 11138 7578
f 10925 6240 2540
f 11197 2540 6240
f 9637 7323 2540
f 7323 11030 2540
f 9637 2540 11197
f 10925 2540 11030
f 2541 2864 7627
f 11946 2864 2541
f 3348 11946 2541
f 2542 3665 3691
f 2542 11942 3665
f 2542 3691 6495
f 2542 6495 6499
f 2542 6499 10546
f 2542 10546 11942
f 2543 5301 5089
f 9632 2543 5089
f 7385 2543 12709
f 9632 12709 2543
f 2544 10014 4566
f 2544 4566 10938
f 5520 2544 6642
f 11629 2544 5520
f 2544 10938 6642
f 11629 10014 2544
f 2545 2561 3765
f 2545 5881 2561
f 2545 3765 4950
f 2545 11961 5881
f 2546 4577 6292
f 10999 4577 2546
f 2546 6292 10013
f 2546 10013 10015
f 2546 10015 10014
f 11629 2546 10014
f 10999 2546 11629
f 3131 6353 2547
f 10153 2547 6353
f 3634 4167 2548
f 2549 3743 6579
f 2549 6579 6578
f 9378 2549 6578
f 2549 9378 7960
f 5376 2550 5379
f 5376 5384 2550
f 5379 2550 6850
f 2550 5384 11148
f 7533 6850 2550
f 7533 2550 11148
f 2551 8356 8355
f 2551 8360 8356
f 2551 11747 8360
f 2551 9540 11747
f 6083 2552 3851
f 6244 3851 2552
f 10032 2552 6083
f 6244 2552 7341
f 7341 2552 9416
f 11247 9416 2552
f 11247 2552 10032
f 2553 4607 3132
f 6345 2553 3132
f 2653 2567 2554
f 3321 2554 2567
f 2636 2554 3321
f 7616 2554 2636
f 11922 2653 2554
f 11922 2554 7616
f 2555 7224 5361
f 11153 2555 5361
f 6854 7224 2555
f 6854 2555 11152
f 11152 2555 7524
f 11153 7524 2555
f 6841 2556 7509
f 6841 11138 2556
f 2556 7468 7509
f 7597 7468 2556
f 4928 2558 2557
f 12340 2557 2558
f 2780 2612 2557
f 4928 2557 2612
f 2780 2557 3148
f 12340 3148 2557
f 4578 4948 2558
f 4578 2558 5521
f 4948 12340 2558
f 5732 4633 2559
f 4633 10322 2559
f 5732 2559 7562
f 11521 2559 10322
f 3151 3765 2561
f 3189 2562 3187
f 3187 2562 3814
f 6096 2563 10793
f 4161 2564 8421
f 2564 10027 4182
f 6241 2565 9641
f 9977 9641 2565
f 11206 2565 9643
f 11206 9977 2565
f 3020 4874 2566
f 5226 2566 4874
f 5875 2566 5226
f 5875 6676 2566
f 2653 5860 2567
f 7139 3321 2567
f 6783 2567 5860
f 7139 2567 6783
f 2568 6868 2569
f 2568 7362 6868
f 2569 6868 9433
f 11167 7394 2569
f 11167 2569 9433
f 6842 2570 7362
f 2570 7346 11170
f 9783 5142 2571
f 11251 2571 5142
f 9783 2571 9656
f 11846 9656 2571
f 11251 11846 2571
f 2572 6871 7138
f 2572 11539 6871
f 2572 7138 11170
f 2572 7346 11134
f 2572 11170 7346
f 2572 11134 11539
f 5165 5180 2575
f 5165 2575 9711
f 5174 2575 5180
f 5174 7246 2575
f 11249 2575 7246
f 11249 9711 2575
f 6172 2576 3886
f 9688 3886 2576
f 6400 2576 6172
f 6400 6186 2576
f 6879 2576 6186
f 9688 2576 6879
f 2626 2577 2889
f 2626 5090 2577
f 5492 2889 2577
f 4898 2577 5090
f 4898 7305 2577
f 5492 2577 7305
f 3222 2581 2579
f 2581 11179 2579
f 2582 2579 11179
f 2582 11180 2579
f 7281 3222 2579
f 7281 2579 11180
f 9587 4499 2580
f 2580 4499 11305
f 2580 7282 9602
f 2580 11305 7282
f 9587 2580 11181
f 2580 9602 11181
f 3222 7529 2581
f 7260 2581 6880
f 2581 7529 6880
f 7260 11179 2581
f 2582 2630 2631
f 2582 7243 2630
f 2582 2631 11180
f 2582 11179 7243
f 2583 3860 6522
f 2583 9690 3860
f 4093 2583 5394
f 4093 9690 2583
f 2583 4254 5394
f 2583 6522 4254
f 2584 5834 4172
f 2584 12139 5834
f 7260 2586 2585
f 2586 9708 2585
f 2585 7245 5215
f 7260 2585 5215
f 2585 9708 7245
f 2586 6880 6885
f 7260 6880 2586
f 7198 2586 6885
f 7198 9708 2586
f 10246 2587 5884
f 2589 2756 6284
f 10243 2756 2589
f 2589 6284 6280
f 10244 10243 2589
f 11664 12073 2591
f 7511 4757 2593
f 4757 10558 2593
f 7511 2593 9057
f 7930 9057 2593
f 7930 2593 10558
f 5535 2595 3827
f 2600 6905 2602
f 10851 2600 2602
f 6899 5285 2600
f 11308 2600 5285
f 6899 2600 10851
f 7164 6905 2600
f 11308 7164 2600
f 2601 5195 8841
f 2601 11201 5195
f 2601 6393 6467
f 2601 8841 6393
f 2601 6467 9692
f 2601 9692 11201
f 6902 2602 6905
f 6902 7150 2602
f 7150 9414 2602
f 10851 2602 9414
f 2603 6285 5333
f 2603 5333 11832
f 5399 9701 2603
f 5399 2603 11832
f 6347 6285 2603
f 6347 2603 9701
f 2839 2605 5270
f 6899 2605 2839
f 5270 2605 6871
f 2605 7138 6871
f 6899 11199 2605
f 11199 7138 2605
f 7803 2606 8306
f 8311 8306 2606
f 8311 2606 12593
f 5648 2607 6084
f 3857 8156 2608
f 3857 2608 8595
f 2608 7905 7508
f 2608 7508 8595
f 2608 12873 7905
f 2608 8156 12873
f 2609 7117 7120
f 2609 7704 7117
f 2609 7120 7118
f 2609 7118 9579
f 2609 7130 7704
f 2609 9579 7130
f 2610 5135 4769
f 2610 4769 5400
f 2610 5158 5135
f 2610 5400 6341
f 7830 4215 2611
f 12812 2611 7382
f 7830 2611 12136
f 12136 2611 12134
f 12812 12134 2611
f 2780 4629 2612
f 3049 4928 2612
f 3049 2612 11485
f 11485 2612 4629
f 2613 6908 6912
f 2613 7117 6908
f 2613 6912 7024
f 2613 7024 9549
f 2613 11211 7117
f 2613 9549 11211
f 2614 4614 4617
f 2614 6913 4614
f 2614 7118 6913
f 2614 11207 7118
f 11739 2615 5538
f 3042 10998 2616
f 10998 3049 2616
f 2616 3049 11485
f 9545 2616 11485
f 2617 3572 9512
f 2617 5042 6331
f 2617 9512 5042
f 2618 3630 2897
f 2618 2897 6917
f 7030 3630 2618
f 2618 6917 6933
f 11908 2618 6933
f 11908 7030 2618
f 2619 7006 7892
f 2619 9549 7006
f 2619 7086 7097
f 2619 7892 7086
f 2619 7097 7087
f 2619 7087 9549
f 7075 4455 2620
f 11436 2620 4455
f 7064 4456 2620
f 12307 2620 4456
f 5644 7075 2620
f 5644 2620 12307
f 11436 7064 2620
f 2621 4660 4657
f 2621 4657 7087
f 2621 4731 4660
f 2621 7068 4731
f 2621 7097 7068
f 2621 7087 7097
f 7802 2622 8289
f 7802 8456 2622
f 8291 8289 2622
f 9567 4466 2623
f 12225 2623 4466
f 9529 2623 6990
f 6990 2623 12225
f 2624 6194 2665
f 2624 6029 2755
f 2624 2755 6194
f 2624 9953 6029
f 2625 6924 9398
f 2625 11223 6924
f 6983 2625 9398
f 6983 11239 2625
f 2626 2889 9558
f 2891 2626 9558
f 2891 11370 2626
f 11370 5090 2626
f 9136 2627 7833
f 7833 2627 11820
f 9136 9003 2627
f 9003 9611 2627
f 2628 8523 3030
f 11055 8523 2628
f 8771 11054 2628
f 11054 11055 2628
f 2632 2629 2926
f 2926 2629 12012
f 2629 12004 7714
f 2629 7714 12012
f 2630 6930 2631
f 7243 5238 2630
f 11543 2630 5238
f 11543 6930 2630
f 2631 6930 11229
f 2631 11229 11180
f 2632 2926 12492
f 2632 12492 7706
f 2844 3329 2633
f 2844 2633 8267
f 3326 2633 3329
f 4715 2633 3326
f 4715 7843 2633
f 7843 8267 2633
f 4726 4631 2634
f 4631 11276 2634
f 4726 2634 9812
f 9812 2634 9749
f 11237 9749 2634
f 11237 2634 11276
f 6076 2635 6536
f 6076 9781 2635
f 6536 2635 6178
f 11268 6178 2635
f 7616 2636 2647
f 2647 2636 11909
f 2636 3321 11909
f 3295 2637 6971
f 3295 6990 2637
f 2637 9389 6971
f 6990 11361 2637
f 2637 11914 9389
f 11361 11914 2637
f 6937 2638 6995
f 6995 2638 9530
f 6983 7900 2639
f 6983 2639 9394
f 6984 2639 7900
f 11916 2639 6984
f 12241 9394 2639
f 11916 12241 2639
f 2640 9393 4335
f 2640 4335 11238
f 6939 7926 2640
f 2640 7926 9393
f 5676 5681 2641
f 11081 5676 2641
f 2642 3686 10548
f 10569 3686 2642
f 3696 2642 6493
f 3696 10569 2642
f 2642 10548 6493
f 6949 9600 2643
f 6949 2643 12301
f 6967 2643 6964
f 6964 2643 11229
f 6967 12301 2643
f 2643 9600 11229
f 11355 3300 2644
f 11356 2644 3300
f 6929 11355 2644
f 6929 2644 11918
f 11356 6980 2644
f 6980 11918 2644
f 2646 8734 4435
f 2646 4435 9926
f 4436 6325 2646
f 4436 2646 12122
f 6325 8734 2646
f 2646 9926 12122
f 3318 2647 2668
f 2668 2647 11909
f 3318 3848 2647
f 7616 2647 3848
f 2650 2648 9358
f 4253 2648 4713
f 4253 9358 2648
f 4713 2648 5468
f 3683 4171 2649
f 2649 5728 6238
f 3323 2650 5467
f 2650 3324 5467
f 2650 9358 3324
f 2651 6889 3333
f 2651 4116 4194
f 2651 4194 6889
f 2652 9352 5293
f 2652 12862 9352
f 2653 11458 5860
f 11922 11458 2653
f 2654 6864 4124
f 2654 4124 11084
f 2654 12842 6864
f 2654 11084 6866
f 2654 6866 12842
f 2655 6853 3339
f 2655 3339 12842
f 2655 11962 6853
f 2655 6866 9353
f 2655 12842 6866
f 2655 9353 11962
f 3716 2656 3282
f 4210 3282 2656
f 3284 2656 3709
f 4210 2656 3284
f 8885 3709 2656
f 8885 2656 3716
f 5821 9809 2657
f 11234 5821 2657
f 11234 2657 9743
f 2657 9809 9808
f 6582 2658 4004
f 2658 6957 4004
f 6582 11256 2658
f 6838 6955 2658
f 6838 2658 11256
f 2658 6955 6957
f 4473 3267 2659
f 9573 2659 3267
f 2659 3838 4473
f 4112 2661 4367
f 4112 4726 2661
f 4367 2661 11279
f 4726 5539 2661
f 2661 5539 5540
f 9837 2661 5540
f 9837 11279 2661
f 2662 5006 4208
f 2662 4208 12093
f 2662 7310 5006
f 2662 7810 7310
f 2662 7817 7810
f 2662 12093 7817
f 2663 3890 8189
f 2663 8190 3891
f 2663 8189 8190
f 5800 2664 5946
f 6743 7920 2664
f 6194 6025 2665
f 9936 2665 6025
f 9936 9935 2665
f 4176 2666 11635
f 12210 2666 4176
f 2666 6026 9948
f 6026 2666 11803
f 9948 11635 2666
f 12210 11803 2666
f 4815 9179 2667
f 4815 2667 11981
f 2667 6684 5016
f 2667 5016 11981
f 2668 7611 3312
f 2668 3312 12424
f 3318 2668 12424
f 2668 11909 7611
f 2669 12734 8592
f 2669 10786 12734
f 2670 6976 2677
f 2670 2677 12785
f 6591 6976 2670
f 6591 2670 9268
f 9268 2670 9344
f 2670 12785 9344
f 2848 2671 3684
f 2848 5430 2671
f 2880 3684 2671
f 4676 9384 2672
f 4676 2672 9477
f 7018 8487 2672
f 7018 2672 9350
f 8487 9477 2672
f 9350 2672 9436
f 9384 9436 2672
f 6014 2673 8327
f 6014 12868 2673
f 8327 2673 7603
f 9959 7603 2673
f 12868 9959 2673
f 4987 3158 2674
f 2674 3158 11765
f 4987 2674 11362
f 9976 11362 2674
f 9976 2674 11765
f 12719 5910 2675
f 8904 2676 3208
f 12486 3208 2676
f 11245 4656 2676
f 12486 2676 4656
f 8904 11635 2676
f 11245 2676 11635
f 6685 2677 2681
f 6977 2681 2677
f 9343 2677 6685
f 6976 6977 2677
f 12785 2677 9343
f 12291 3694 2678
f 9512 2679 5406
f 10415 5406 2679
f 9512 6123 2679
f 6123 10417 2679
f 10415 2679 9224
f 10417 9224 2679
f 2680 10178 8080
f 10978 2680 8080
f 9037 8880 2680
f 2680 8880 11733
f 9037 2680 10978
f 2680 11733 10178
f 11270 6685 2681
f 10882 6960 2681
f 11270 2681 6960
f 6977 10882 2681
f 3345 2682 6655
f 3345 8002 2682
f 2682 11334 6655
f 2682 8002 9339
f 11980 2682 9339
f 11980 11334 2682
f 3797 2683 6727
f 7607 2683 3797
f 2683 11906 6727
f 6615 6613 2684
f 6613 9329 2684
f 6615 2684 6628
f 8038 6628 2684
f 8038 2684 6655
f 6655 2684 9329
f 2825 8525 2685
f 11342 2825 2685
f 6177 3208 2685
f 9902 2685 3208
f 6177 2685 8525
f 11342 2685 9902
f 5330 3864 2686
f 3864 10349 2686
f 6873 2686 5976
f 5976 2686 10349
f 3550 5949 2687
f 10020 3550 2687
f 4984 2687 5971
f 4984 10020 2687
f 2688 12855 9480
f 10487 10781 2688
f 10487 2688 10816
f 10781 12855 2688
f 2820 5972 2689
f 2820 2689 5988
f 3297 11408 2689
f 11899 3297 2689
f 3302 2689 5972
f 11899 2689 3302
f 2689 11408 5988
f 6572 2690 6632
f 6572 11294 2690
f 6613 2690 11282
f 6613 11288 2690
f 11288 6632 2690
f 2690 6633 11282
f 2690 11294 6633
f 6653 2693 3826
f 9330 3826 2693
f 6628 2693 6653
f 8038 2693 6628
f 8038 6658 2693
f 9330 2693 6658
f 4995 10718 2694
f 10755 4995 2694
f 10755 2694 10495
f 10718 10745 2694
f 2699 10718 2695
f 3215 2695 4995
f 4995 2695 10718
f 2788 11317 2697
f 2788 2697 12272
f 8153 2697 12266
f 12272 2697 8153
f 2697 11317 12259
f 2697 12259 12266
f 6007 3216 2698
f 2698 3216 10781
f 6007 2698 5806
f 10750 5806 2698
f 11892 10750 2698
f 11892 2698 10781
f 2699 5217 4036
f 2699 4036 10718
f 11892 5217 2699
f 5661 5837 2700
f 9272 5661 2700
f 2700 5837 9864
f 9272 2700 6590
f 3289 2701 2807
f 3302 2807 2701
f 7554 2701 3289
f 11894 3302 2701
f 11894 2701 7554
f 5519 3978 2702
f 10627 2702 4482
f 10627 5519 2702
f 2703 7586 5894
f 2704 8855 6526
f 2704 6664 8855
f 6525 2705 11476
f 6525 11646 2705
f 6739 3200 2706
f 2706 3200 12471
f 7870 6502 2707
f 2707 6502 9739
f 6457 6411 2708
f 6464 2708 6411
f 6464 6465 2708
f 6465 11306 2708
f 3217 4268 2709
f 10819 3217 2709
f 10568 2709 4268
f 10819 2709 10501
f 5104 2710 3454
f 5104 5309 2710
f 5866 2710 5309
f 5866 5790 2710
f 2716 2711 5711
f 8714 2711 2716
f 5652 2711 8714
f 2713 2712 5556
f 2713 11970 2712
f 2712 4322 10463
f 2712 11970 4322
f 2712 11971 5556
f 2712 10463 11971
f 2713 4308 11970
f 2713 5556 6624
f 6463 2714 7014
f 8552 2715 4252
f 4252 2715 9320
f 8552 12851 2715
f 9214 9320 2715
f 10820 9214 2715
f 10820 2715 12851
f 2717 2716 7195
f 9960 2716 5711
f 9960 7195 2716
f 9288 2717 7195
f 9288 11792 2717
f 2717 11792 9944
f 6419 2718 6418
f 2718 8690 6418
f 11316 2718 7010
f 2718 11316 8690
f 2720 2719 6450
f 2719 11317 6450
f 2719 12259 11317
f 2720 6442 7021
f 11328 2721 3389
f 11791 7020 2721
f 12768 2721 7020
f 11791 2721 11328
f 2722 6442 2723
f 2722 2723 11320
f 2722 4446 6444
f 2722 11320 4446
f 6442 2722 7021
f 8097 2722 6444
f 8097 7021 2722
f 6421 2723 6419
f 6442 6419 2723
f 6421 6429 2723
f 6429 11320 2723
f 6243 5915 2725
f 3394 2726 6401
f 3394 11322 2726
f 11322 6698 2726
f 2727 6485 10169
f 2727 10935 6485
f 6369 8591 2728
f 6369 2728 11322
f 2728 7357 8570
f 2728 8591 7357
f 2728 8570 12022
f 11322 2728 12022
f 4296 2729 7066
f 4296 8760 2729
f 2729 7069 7066
f 2729 9942 7069
f 2734 3202 2730
f 2734 2730 9316
f 3341 2730 3202
f 3341 3353 2730
f 3353 8539 2730
f 2730 8539 9316
f 4293 2731 5243
f 4293 10786 2731
f 7502 5243 2731
f 7502 2731 12568
f 10786 9759 2731
f 2731 9759 12568
f 2732 11643 3416
f 2734 7031 3202
f 2734 9316 3474
f 2734 3474 11332
f 2734 11332 7031
f 3708 2735 6486
f 3708 6895 2735
f 6486 2735 9049
f 6895 12255 2735
f 9049 2735 7593
f 7593 2735 12255
f 2738 2736 2867
f 2738 6738 2736
f 2736 10078 2867
f 2736 6738 10090
f 2736 10090 10078
f 4747 5777 2737
f 4747 2737 10161
f 5777 7702 2737
f 2737 7702 7834
f 12277 2737 7834
f 12277 10161 2737
f 2738 2867 5791
f 5786 2738 3081
f 5786 6738 2738
f 3893 10945 2739
f 3893 2739 12492
f 12491 3894 2739
f 10453 2739 10945
f 10453 12491 2739
f 8112 5559 2740
f 5559 10131 2740
f 2741 5035 4885
f 2741 4885 5041
f 2741 5041 10426
f 2741 9454 8908
f 2741 10426 9454
f 2742 8156 3857
f 2742 3857 12453
f 4664 2777 2743
f 5437 2743 2777
f 10704 4664 2743
f 5002 2743 8126
f 10704 2743 5002
f 5437 8126 2743
f 4298 2744 7501
f 4298 10783 2744
f 7500 7501 2744
f 12427 7500 2744
f 10784 2744 10783
f 2744 10784 12427
f 3618 12640 2745
f 4320 12286 2745
f 4320 2745 12408
f 12286 8123 2745
f 12408 2745 12640
f 2747 3710 3170
f 2747 3171 11776
f 2747 11769 3710
f 2747 11776 11769
f 2748 9386 4682
f 2748 4682 10295
f 2748 8967 11445
f 2748 8981 9386
f 2748 11445 8981
f 6833 2749 4109
f 6339 2749 5909
f 5909 2749 11574
f 6833 11574 2749
f 5877 2750 5041
f 10431 5041 2750
f 5877 6683 2750
f 6679 10431 2750
f 10432 6679 2750
f 10432 2750 6683
f 2751 2753 11350
f 2752 8794 4279
f 2752 4279 10370
f 2752 10370 10286
f 2752 10286 11015
f 2753 7048 11350
f 2754 3619 9640
f 2754 10086 3619
f 4106 2754 12444
f 4106 12830 2754
f 12444 2754 9640
f 12830 10086 2754
f 6161 2755 6029
f 6161 9307 2755
f 6194 2755 9307
f 2757 2939 6206
f 2757 11354 2939
f 2757 6206 6229
f 2757 6229 8386
f 2757 8386 6741
f 2757 6741 11354
f 4084 4887 2758
f 10770 2758 4887
f 10770 9813 2758
f 3579 3569 2759
f 2759 3569 12167
f 7875 3579 2759
f 2759 7869 7867
f 7875 2759 7867
f 2759 12167 7869
f 2760 2837 10498
f 11506 2837 2760
f 2760 10498 6678
f 2760 6678 10757
f 11506 2760 12335
f 4282 4467 2761
f 4465 2761 4884
f 5100 2761 4467
f 5100 4884 2761
f 3184 10833 2762
f 3235 2762 7434
f 2762 9769 7434
f 10833 9769 2762
f 2763 6215 7065
f 2763 7065 7061
f 6080 11587 2764
f 6080 2764 12285
f 2764 11587 6318
f 12360 2764 6318
f 11590 2764 12254
f 11590 12285 2764
f 12360 12254 2764
f 2765 3361 10502
f 2765 10502 8689
f 2765 8689 11386
f 11325 2765 11386
f 2879 3624 2766
f 2766 3624 4098
f 7067 2767 6166
f 7067 6179 2767
f 6161 2768 8327
f 2768 6161 11792
f 9288 2768 11792
f 9748 4294 2769
f 9748 2769 5569
f 2770 4953 4989
f 2770 4991 4953
f 2770 4989 11627
f 9297 4991 2770
f 9299 9297 2770
f 9299 2770 11627
f 12597 2771 2793
f 12681 2793 2771
f 2771 4580 4994
f 12681 2771 4994
f 12597 11371 2771
f 8994 10927 2772
f 2773 4211 12808
f 2773 6237 8526
f 2773 12808 6237
f 2773 8526 9687
f 2773 9687 12823
f 6151 2774 5045
f 11828 5081 2774
f 6151 5240 2774
f 11828 2774 5240
f 10597 2775 2776
f 12342 2776 2775
f 10951 6494 2775
f 11620 2775 6494
f 10597 10951 2775
f 12342 2775 11620
f 4664 7516 2777
f 5437 2777 9742
f 2778 4073 8126
f 2778 8594 4073
f 5437 2778 8126
f 2778 7522 8594
f 2779 4948 4578
f 2779 4578 10095
f 2779 10095 4581
f 2779 6326 4948
f 2780 3148 11598
f 2780 5694 4629
f 2780 11598 5694
f 2781 4612 10387
f 2781 10387 10202
f 2781 10202 12566
f 6637 10928 2782
f 9999 10198 2782
f 9999 2782 10928
f 2782 10198 12596
f 7639 3260 2783
f 3260 9452 2783
f 10846 7601 2783
f 12633 2783 7601
f 7639 2783 12633
f 10846 2783 9452
f 9295 2784 2793
f 12597 2793 2784
f 9296 2784 9295
f 11896 2784 9296
f 11896 12597 2784
f 3385 5784 2785
f 3385 2785 6355
f 3387 2785 3386
f 10188 3386 2785
f 3387 6355 2785
f 10188 2785 5784
f 9979 2786 3136
f 12303 2786 9972
f 5250 3069 2787
f 2787 3069 12778
f 5782 2787 4934
f 2787 12778 4934
f 12747 5250 2787
f 12747 2787 5782
f 2788 3678 7011
f 2788 7011 11317
f 7655 2789 7659
f 7655 10853 2789
f 7659 2789 9413
f 10853 12664 2789
f 3515 9413 2790
f 3515 2790 12113
f 12113 2790 5271
f 12599 5271 2790
f 6417 11498 2791
f 6417 2791 12814
f 2791 11484 10134
f 2791 11498 11484
f 2792 7943 3926
f 2792 3926 10915
f 2792 10910 7943
f 2792 7970 10910
f 2792 12645 7970
f 2792 10915 12645
f 2794 7101 2796
f 2794 2807 5972
f 4585 4595 2795
f 4585 2795 5122
f 4595 4900 2795
f 5122 2795 9181
f 6060 2796 7101
f 2797 10493 10130
f 2797 10399 10396
f 2797 10396 10493
f 2797 11719 10399
f 2797 11615 11719
f 6060 7098 2798
f 7098 6077 2798
f 6077 7582 2798
f 5756 7091 2799
f 6063 2799 7098
f 7091 6077 2799
f 7098 2799 6077
f 8718 4159 2800
f 5018 12813 2800
f 8718 2800 12813
f 2801 4686 7113
f 8955 4686 2801
f 12535 2801 7113
f 8955 2801 12414
f 12414 2801 9904
f 12535 9904 2801
f 2805 2802 6042
f 2805 11399 2802
f 6042 2802 7101
f 6060 2802 7098
f 6060 7101 2802
f 6063 7098 2802
f 11399 6063 2802
f 12811 4164 2803
f 8702 2803 4165
f 8702 12811 2803
f 2815 6008 2804
f 2804 6008 5995
f 2804 5995 7104
f 2804 7104 6042
f 2805 7104 6016
f 2805 6042 7104
f 8695 8431 2806
f 3293 3289 2807
f 3302 5972 2807
f 2808 5695 2831
f 6090 2808 7091
f 6090 7179 2808
f 2809 5988 11408
f 2809 11418 5988
f 2809 7115 11418
f 2809 11408 8016
f 2812 5014 2810
f 11897 2812 2810
f 4591 2810 2874
f 12208 2874 2810
f 3137 2810 4591
f 11897 2810 3137
f 5014 12208 2810
f 2913 4882 2811
f 4431 2811 4493
f 4431 6759 2811
f 4882 4493 2811
f 9312 5014 2812
f 12527 9312 2812
f 11897 12527 2812
f 4242 4712 2814
f 4242 2814 8534
f 8209 2814 4712
f 2820 11418 2815
f 2815 7115 6008
f 2815 11418 7115
f 2816 6975 9390
f 2816 11235 6975
f 2816 9565 7080
f 3944 8530 2817
f 7278 2817 8530
f 8485 2818 2821
f 11073 2821 2818
f 3269 11073 2818
f 3113 7412 2819
f 3113 2819 11711
f 8485 2819 7412
f 7419 2819 8485
f 2820 5988 11418
f 7419 8485 2821
f 11073 8480 2821
f 3413 5371 2822
f 3413 2822 11312
f 5371 11311 2822
f 5373 2822 11311
f 5373 11519 2822
f 11312 2822 11519
f 4983 4985 2823
f 8175 4983 2823
f 12820 2823 4985
f 8175 2823 12578
f 12820 12578 2823
f 11342 10208 2825
f 10208 11794 2825
f 9313 2826 2852
f 2852 2826 11987
f 2861 9310 2826
f 2861 2826 9313
f 9310 5039 2826
f 5039 11987 2826
f 4132 4690 2827
f 4189 2827 4690
f 4138 7411 2828
f 2828 7411 12816
f 12384 8465 2828
f 12384 2828 12816
f 2833 3297 2829
f 2833 2829 7129
f 2829 3297 11899
f 2829 7595 7129
f 2829 11894 7595
f 2829 11899 11894
f 2830 4223 3280
f 2830 3280 11091
f 2830 3649 4223
f 2830 7371 3649
f 2830 11093 7371
f 2830 11091 11093
f 8088 3789 2831
f 2831 3789 11773
f 5695 8088 2831
f 2833 11432 3297
f 2833 7129 11429
f 2833 11429 11430
f 2833 11430 11432
f 11360 2860 2834
f 2834 2860 11880
f 7580 2834 3272
f 3272 2834 11880
f 7580 7070 2834
f 7070 11360 2834
f 8424 2835 3091
f 2835 4289 3281
f 8424 4289 2835
f 2836 5863 8013
f 2836 11430 5863
f 2836 8013 8003
f 2836 8003 11080
f 2836 11080 8016
f 2836 8016 11430
f 2837 6417 6195
f 10498 2837 6195
f 2837 11498 6417
f 11506 11498 2837
f 8424 3087 2838
f 4701 8429 2838
f 8424 2838 12369
f 8429 12369 2838
f 7241 2839 5270
f 6899 2839 5285
f 5285 2839 8165
f 7241 8165 2839
f 2840 7383 4170
f 2840 4170 8426
f 4325 2840 5599
f 4325 7383 2840
f 2840 8419 5599
f 2840 8426 8419
f 2841 4606 3779
f 2841 3779 6859
f 2841 6092 5858
f 2841 6859 6092
f 2842 11416 5774
f 2842 7633 6016
f 2842 6016 11416
f 2842 11439 7633
f 12222 2843 2874
f 11068 8895 2843
f 11068 2843 11062
f 12222 11062 2843
f 8413 3329 2844
f 2844 8267 8415
f 8413 2844 11147
f 2844 8415 11147
f 6509 6262 2845
f 6504 6509 2845
f 11162 2845 11186
f 6500 10355 2846
f 6500 2846 11107
f 2846 10355 12474
f 11616 2846 11044
f 12474 11044 2846
f 11616 11107 2846
f 2947 2847 10106
f 10102 2847 6361
f 11078 2847 10102
f 11083 10106 2847
f 11083 2847 11078
f 2848 3684 3688
f 4234 4369 2849
f 4234 2849 5461
f 2849 4369 8410
f 5461 2849 11158
f 2849 8410 11166
f 2849 11166 11158
f 2850 3876 7450
f 2850 10782 3876
f 2850 5258 4298
f 2850 4298 12417
f 2850 7450 5258
f 2850 10780 10782
f 2850 12417 10780
f 2851 3227 3994
f 12582 3227 2851
f 3690 2851 3991
f 3690 12582 2851
f 5014 9313 2852
f 5014 2852 12208
f 2852 11987 12168
f 2852 12168 12208
f 2853 5025 12346
f 9323 2853 7918
f 2853 12346 7918
f 4335 9393 2854
f 4335 2854 9556
f 2854 9393 5645
f 2854 5645 12048
f 2854 11174 9556
f 2854 12048 11174
f 3304 2855 8945
f 11259 2855 3304
f 4723 8945 2855
f 4196 2856 3004
f 4196 5614 2856
f 3506 2857 3003
f 2857 9218 3003
f 3005 2857 8281
f 3005 9218 2857
f 3506 11278 2857
f 11278 8281 2857
f 7566 7563 2858
f 7563 12354 2858
f 7566 2858 11878
f 7579 2858 8055
f 11878 2858 7579
f 2858 12354 8055
f 2859 2860 2903
f 2859 7576 2860
f 2859 2863 7576
f 11875 2863 2859
f 2859 2903 2922
f 11875 2859 2922
f 7061 2903 2860
f 11360 7061 2860
f 7576 11880 2860
f 2861 5025 11984
f 12346 5025 2861
f 2861 11984 9310
f 12346 2861 9313
f 2862 2921 3372
f 2862 3372 5775
f 7573 7576 2863
f 11876 7573 2863
f 10610 2863 11875
f 11876 2863 10610
f 5742 2864 7161
f 5742 7163 2864
f 11946 7161 2864
f 7627 2864 7163
f 2865 5078 5618
f 2865 9257 5078
f 2865 8960 8354
f 2865 8354 9257
f 9905 11755 2866
f 2866 10972 11479
f 2866 11755 10972
f 10981 2866 11479
f 5791 2867 11663
f 6565 2868 9363
f 5178 3319 2869
f 2869 3319 8017
f 5178 2869 6662
f 2869 8017 9970
f 3122 2870 3059
f 3059 2870 12871
f 3122 8727 2870
f 2870 4975 4978
f 2870 8727 4975
f 2870 4978 12871
f 2871 4566 10014
f 2871 10014 10015
f 5025 2872 11984
f 2872 9603 5030
f 11984 2872 5030
f 7729 12128 2872
f 2872 12128 9603
f 2873 3680 12522
f 2873 12671 3680
f 2873 8163 8146
f 2873 8146 12275
f 2873 12522 8163
f 2873 12275 12671
f 12222 2874 12208
f 11434 2875 3019
f 2876 4212 4219
f 3367 2877 7161
f 2877 5705 5697
f 2877 5697 7161
f 11475 5705 2877
f 2878 11348 3313
f 3323 6898 2878
f 4714 2878 6898
f 4714 11348 2878
f 2879 4082 3624
f 2879 4080 4082
f 2879 5272 4080
f 2880 4227 3684
f 12366 4227 2880
f 12366 2880 6222
f 2881 3185 11448
f 3719 5828 2882
f 3719 2882 7866
f 4480 2882 7037
f 7866 2882 4480
f 2882 5828 7042
f 2882 7042 7037
f 7377 3719 2883
f 2883 3719 7866
f 4140 2883 6931
f 4140 12380 2883
f 2883 7866 6931
f 7377 2883 12380
f 2884 5713 6492
f 7170 5713 2884
f 11478 7170 2884
f 7203 2885 2886
f 7187 5609 2885
f 11487 2885 5609
f 7203 7187 2885
f 5507 2886 7186
f 5507 7203 2886
f 5570 7186 2886
f 5570 2886 11493
f 4519 2887 2952
f 10005 2991 2887
f 10601 2887 4519
f 10005 2887 10601
f 2888 5735 3290
f 8267 2888 3290
f 6932 5735 2888
f 7843 6932 2888
f 7843 2888 8267
f 2889 5645 4405
f 2889 4405 9558
f 5492 5645 2889
f 2890 11662 6267
f 2890 10282 10304
f 2891 5075 3283
f 2891 3283 11369
f 2891 9558 5075
f 2891 11369 11370
f 7190 5583 2892
f 11489 2892 5583
f 7192 7190 2892
f 11489 11100 2892
f 4805 2893 10936
f 9341 2893 6774
f 9341 10011 2893
f 10936 2893 10011
f 2894 4464 7079
f 2894 7079 7080
f 2894 7080 9565
f 2894 9565 9547
f 11801 2895 6043
f 11801 9807 2895
f 7125 2896 3255
f 11844 2896 7100
f 5653 2897 3630
f 5653 11209 2897
f 7744 6917 2897
f 11209 7744 2897
f 7194 2898 5570
f 2898 11495 5570
f 2898 5583 7190
f 7194 5583 2898
f 2898 7190 7664
f 2898 7664 11495
f 9999 2899 9997
f 9997 2899 11684
f 9999 10928 2899
f 10844 2899 11674
f 10844 11684 2899
f 10928 11674 2899
f 5499 2901 7200
f 5499 7202 2901
f 8124 2901 5523
f 8124 7200 2901
f 8496 3409 2902
f 11321 2902 3409
f 8496 2902 8788
f 2916 2922 2903
f 2916 2903 7065
f 7065 2903 7061
f 5507 2904 7203
f 5507 11504 2904
f 2904 7204 5511
f 2904 5511 11501
f 2904 11501 7203
f 2904 11504 7204
f 7204 3384 2905
f 3384 11986 2905
f 7204 2905 5511
f 5511 2905 11983
f 2905 7684 11983
f 2905 11986 7684
f 2906 3365 3366
f 2906 9974 3365
f 2906 3366 6834
f 2906 9862 5770
f 2906 5770 9974
f 5748 2907 4472
f 7109 4472 2907
f 7109 2907 5478
f 2907 11844 5478
f 5748 6914 2907
f 2907 6914 11844
f 2908 3431 8055
f 2908 8067 3431
f 2908 6190 3767
f 2908 3767 8067
f 6246 6190 2908
f 6246 2908 8055
f 3411 7691 2909
f 5470 2909 11511
f 7208 11511 2909
f 2910 5484 7209
f 2910 7210 5484
f 9292 2910 7209
f 8139 2910 9292
f 2912 5495 11509
f 7211 2912 11509
f 2913 5126 4882
f 2913 5179 5126
f 2913 5128 5179
f 2914 3167 5447
f 2914 5452 3167
f 5402 2914 5447
f 2914 5469 5452
f 2915 4787 3337
f 2915 3337 7716
f 7109 4787 2915
f 5477 2915 7716
f 5477 11721 2915
f 7109 2915 11721
f 7566 2922 2916
f 7566 2916 3264
f 3264 2916 11364
f 7065 11364 2916
f 2917 5420 11120
f 2917 11137 5420
f 2917 11119 6821
f 2917 6821 11137
f 2917 7726 11119
f 2917 11120 7726
f 5402 7213 2918
f 5402 2918 11516
f 2918 9286 8145
f 11516 2918 8145
f 2919 5411 7218
f 11512 5411 2919
f 11512 2919 11517
f 2920 3413 8147
f 2920 11518 3413
f 5376 5379 2920
f 5376 2920 8147
f 5379 8148 2920
f 2920 8148 11518
f 11468 3372 2921
f 6569 11468 2921
f 7566 11878 2922
f 11878 11875 2922
f 5370 5371 2923
f 2923 5371 11518
f 2923 11518 8148
f 2924 7716 3332
f 2924 3332 9575
f 2924 5477 7716
f 2924 9566 5477
f 2924 6916 9566
f 2924 9575 6916
f 4313 2925 4463
f 4313 4661 2925
f 8613 4463 2925
f 8229 2925 4661
f 8229 12529 2925
f 8613 2925 12529
f 3893 2926 3265
f 3265 2926 12012
f 3893 12492 2926
f 2927 3383 4454
f 2927 8328 3383
f 2927 7631 4042
f 2927 4042 12305
f 2927 4454 7631
f 2927 12305 8328
f 2936 2928 10844
f 3428 10880 2928
f 2928 10880 10844
f 5701 4628 2929
f 4628 11955 2929
f 5701 2929 6539
f 5953 6539 2929
f 5953 2929 10521
f 11955 10521 2929
f 5321 2930 7230
f 5321 7457 2930
f 5339 2930 5336
f 5336 2930 11528
f 5339 7230 2930
f 7457 11528 2930
f 2931 4509 3225
f 2931 3225 4839
f 2931 11508 4509
f 2931 4839 7216
f 2931 7216 7176
f 2931 7176 11508
f 5299 3845 2932
f 2932 3845 7565
f 11188 5299 2932
f 2932 7565 11192
f 11188 2932 9891
f 2932 11192 9891
f 2933 7053 6187
f 2933 6187 12663
f 2933 12658 7053
f 5259 5266 2934
f 5259 2934 8159
f 5266 7230 2934
f 5339 2934 7230
f 5339 7231 2934
f 8159 2934 7231
f 5259 2935 5269
f 5259 11533 2935
f 7234 5269 2935
f 5295 2935 5294
f 5294 2935 11533
f 5295 7234 2935
f 2936 6305 10854
f 2936 11674 6305
f 2936 10844 11674
f 11535 2937 5247
f 11536 5247 2937
f 5295 5298 2937
f 5295 2937 11535
f 5298 7236 2937
f 7236 11536 2937
f 2938 7262 5754
f 7264 2938 5754
f 7264 7535 2938
f 9587 2938 7535
f 2939 3264 6206
f 2939 7563 3264
f 6234 7559 2939
f 6234 2939 11354
f 2939 7559 7563
f 11538 5282 2940
f 2940 7241 7240
f 11538 2940 7240
f 2941 6352 8847
f 2941 9951 6352
f 2941 8847 11449
f 2941 10654 9951
f 2941 10656 10654
f 2941 10661 10656
f 2941 11449 10661
f 2942 6488 3064
f 2942 3064 10949
f 2942 9806 6488
f 2942 10666 9806
f 2942 9958 10666
f 2942 10949 9958
f 2943 9722 2948
f 2943 5658 9722
f 11387 5658 2943
f 11387 2943 7340
f 2944 6364 9954
f 10616 6364 2944
f 2944 9954 10656
f 10622 10616 2944
f 10622 2944 11718
f 2944 10656 10661
f 2944 10661 11718
f 2945 3584 11622
f 11542 2945 5238
f 2945 11622 5238
f 11542 11549 2945
f 5174 5176 2946
f 5174 2946 7245
f 11542 2946 5176
f 2946 7243 5215
f 7245 2946 5215
f 11542 7243 2946
f 2947 10106 9598
f 2947 9598 10660
f 10626 2947 10660
f 5092 2948 3204
f 3204 2948 6873
f 6873 2948 9722
f 2950 2949 4904
f 2950 9411 2949
f 2949 3347 9273
f 9411 3347 2949
f 4904 2949 5096
f 5096 2949 9273
f 2950 6834 3366
f 5659 6823 2951
f 5659 2951 11423
f 9271 11423 2951
f 2979 4519 2952
f 6823 2979 2952
f 4904 5096 2953
f 2953 5096 9445
f 2954 9877 4530
f 2954 5096 5099
f 2954 9445 5096
f 2954 5099 9877
f 2956 2955 11553
f 2956 11560 2955
f 5156 2958 2955
f 11553 2955 2958
f 11555 5156 2955
f 11555 2955 11560
f 5114 2956 11194
f 5114 11560 2956
f 11194 2956 11553
f 8219 2957 3906
f 10193 3906 2957
f 8219 3920 2957
f 2957 3920 10832
f 10193 2957 10832
f 5156 11551 2958
f 7242 2958 7252
f 7242 11553 2958
f 7252 2958 11551
f 3018 2959 11424
f 9278 4912 2959
f 11424 2959 4912
f 9281 9278 2959
f 6246 2960 6190
f 2960 7560 6190
f 6234 2960 7559
f 6234 11860 2960
f 6246 7559 2960
f 2960 11860 7560
f 5114 2961 2962
f 2961 11559 2962
f 5114 2962 11560
f 7261 8394 2962
f 7261 2962 11559
f 8394 11560 2962
f 2963 5055 5077
f 2963 11302 5055
f 9253 2963 5077
f 9267 5085 2963
f 5085 11302 2963
f 9253 11568 2963
f 9267 2963 11568
f 2964 3077 8295
f 10860 3077 2964
f 2964 8295 3996
f 2964 3996 8296
f 12670 2964 8296
f 12670 10860 2964
f 4582 8387 2965
f 11563 2965 8387
f 5040 2966 5044
f 5040 9259 2966
f 5044 2966 7276
f 7276 2966 7265
f 2966 8186 7265
f 2966 9259 8186
f 2967 5084 3296
f 2967 3296 11300
f 3436 2967 3315
f 3315 2967 8241
f 3436 5084 2967
f 8241 2967 12086
f 2967 11300 12086
f 2968 4460 4493
f 2968 4493 9181
f 2969 2975 6511
f 2969 9365 2975
f 2969 6511 10858
f 8240 3314 2970
f 3315 8241 2970
f 3315 2970 12087
f 8196 12087 2970
f 8240 2970 8241
f 2971 5069 2973
f 2971 2973 11571
f 2971 5065 5069
f 11569 5065 2971
f 2972 5031 5033
f 2972 7271 5031
f 2972 5033 11570
f 2972 5069 5065
f 2972 5065 7271
f 2972 11570 5069
f 2973 5069 7272
f 5049 2974 3455
f 2974 7727 3455
f 5049 9250 2974
f 2974 9250 7273
f 12025 2974 7273
f 12025 7727 2974
f 2975 10076 6511
f 2975 11479 10076
f 5043 2976 5040
f 2976 11564 5040
f 5049 2976 5043
f 5049 5064 2976
f 2976 5064 11564
f 2977 12793 4144
f 5201 4878 2978
f 6675 2978 4878
f 5659 2979 6823
f 2980 7320 9618
f 2980 9905 9321
f 2980 9618 10869
f 2980 10869 9905
f 2981 11578 5008
f 2981 5008 11579
f 2981 5034 5031
f 2981 5031 7280
f 2981 11579 5034
f 2981 7280 11578
f 5033 5034 2982
f 5033 2982 11580
f 2982 7728 11580
f 2983 7279 3705
f 2983 5024 5020
f 2983 5020 7279
f 2983 5023 5024
f 10652 2984 10650
f 2984 10669 10650
f 3458 10876 2985
f 10876 9300 2985
f 2986 8277 4929
f 11584 2986 4929
f 2986 4936 8277
f 2986 12102 4936
f 11584 5003 2986
f 5003 12102 2986
f 2987 5003 11584
f 2987 12090 5003
f 6591 2988 9290
f 6591 10883 2988
f 2988 6771 9293
f 2988 9294 6771
f 9290 2988 9293
f 10879 9294 2988
f 10883 10879 2988
f 9898 4914 2989
f 2989 4914 11508
f 7467 9893 2989
f 7467 2989 11508
f 9898 2989 9893
f 9318 5667 2990
f 9318 2990 11428
f 9901 11428 2990
f 2991 11464 6580
f 10005 10934 2991
f 10934 11464 2991
f 4972 4929 2992
f 2992 4929 4997
f 4972 2992 4969
f 2992 7295 4969
f 2992 4997 7295
f 3128 2993 7427
f 9879 2993 3128
f 4029 7427 2993
f 9293 2993 11774
f 9879 11774 2993
f 4990 2994 8300
f 11593 2994 4990
f 7293 9005 2994
f 11591 7293 2994
f 2994 9005 8300
f 11593 11591 2994
f 4960 2995 4965
f 11593 2995 4960
f 7294 4965 2995
f 4990 11592 2995
f 11593 4990 2995
f 7294 2995 11592
f 2996 4960 4963
f 2996 7295 4960
f 11594 2996 4963
f 4974 4969 2996
f 2996 4969 7295
f 11594 4974 2996
f 2998 4963 4965
f 11596 4963 2998
f 7297 2998 4965
f 2999 4796 4793
f 2999 4793 8980
f 2999 8983 4796
f 2999 4930 7298
f 2999 8980 4930
f 2999 7298 8983
f 4925 7299 3000
f 11588 4925 3000
f 11588 3000 7779
f 3000 12055 7779
f 4899 4896 3001
f 7300 3001 4896
f 4899 3001 11599
f 7785 3001 7300
f 4899 3002 4897
f 4897 3002 11600
f 7301 3002 4899
f 8435 11600 3002
f 3506 3003 8454
f 4237 3003 9218
f 4237 12130 3003
f 4842 4196 3004
f 4842 3004 4833
f 7309 4833 3004
f 9009 3005 8281
f 9009 11274 3005
f 11274 9218 3005
f 4873 3006 4649
f 9009 4649 3006
f 4873 11277 3006
f 9009 3006 11274
f 9018 11274 3006
f 9018 3006 11277
f 3007 3509 8290
f 9014 3007 8290
f 7338 3306 3008
f 11606 3008 3306
f 3008 4646 8282
f 11606 4646 3008
f 3009 4707 7308
f 9010 4707 3009
f 3009 7308 8449
f 3009 8449 8669
f 11607 3009 8669
f 9010 3009 11607
f 5006 3010 4208
f 4208 3010 12092
f 5006 4833 3010
f 7309 3010 4833
f 12084 12092 3010
f 3011 4842 4852
f 11609 4842 3011
f 7310 3011 4852
f 3517 3012 4808
f 5665 3012 3517
f 11263 4808 3012
f 5665 8298 3012
f 12133 3012 8298
f 11263 3012 12133
f 4068 11425 3013
f 11425 4913 3013
f 4819 3014 8982
f 11265 3014 4819
f 11265 4826 3014
f 12138 3014 4826
f 12146 8982 3014
f 12138 12146 3014
f 3015 3070 3115
f 3015 11581 3070
f 3015 3115 9355
f 5318 5057 3015
f 3015 5057 11581
f 5318 3015 9355
f 3016 5747 7315
f 3016 7315 8953
f 8390 3016 8953
f 8390 11614 3016
f 3567 8990 3017
f 3567 3017 12858
f 8304 3017 4808
f 3017 8990 4808
f 12156 3017 8304
f 12156 12858 3017
f 3018 11424 5662
f 9354 4916 3019
f 4916 11434 3019
f 3020 10614 4874
f 3020 8101 5263
f 3020 5263 10614
f 4554 3021 4185
f 5673 3021 4555
f 4556 3021 5673
f 3023 3022 3351
f 3023 5759 3022
f 3022 4912 3351
f 3022 11424 4912
f 5764 3022 5759
f 5764 11424 3022
f 3023 3351 3347
f 4520 3023 3347
f 4520 9872 3023
f 9872 5759 3023
f 3024 9519 4562
f 3024 4562 10918
f 3024 5674 6648
f 11451 5674 3024
f 3024 6648 9519
f 11451 3024 10918
f 3025 5792 11662
f 3025 12144 5792
f 3026 11240 4662
f 3026 4662 11648
f 3026 4731 6923
f 7324 4731 3026
f 3026 6923 11240
f 7324 3026 11648
f 4724 4728 3027
f 3027 11645 7342
f 3029 3028 3589
f 4730 3028 3029
f 3028 12203 3589
f 4724 3028 4728
f 4724 12203 3028
f 4728 3028 4730
f 3029 3589 11626
f 4730 3029 7111
f 3029 11626 7111
f 3626 4722 3030
f 3626 3030 8523
f 3635 3030 4722
f 3031 5047 3034
f 3031 3034 9362
f 3031 11770 5047
f 3031 5053 5054
f 3031 9362 5053
f 3031 5054 11770
f 3032 6671 11684
f 3032 11684 10880
f 3033 4720 7332
f 3033 7333 4720
f 3033 7332 11659
f 9346 3034 5047
f 9346 5061 3034
f 3034 5061 9360
f 3034 9360 9362
f 7334 3035 7314
f 3035 11632 7314
f 7879 3035 7334
f 3035 12178 11632
f 3036 3037 6648
f 11681 3037 3036
f 3747 6307 3036
f 3747 3036 9990
f 11681 3036 6307
f 3036 6648 9990
f 3037 9519 6648
f 4718 4709 3038
f 3038 4709 7335
f 4718 3038 11634
f 3038 7335 8962
f 8963 3038 8962
f 8963 11634 3038
f 3039 4918 5518
f 3039 11468 4918
f 3040 3042 6642
f 3040 6642 10938
f 4411 4673 3041
f 4696 4411 3041
f 3041 4673 4709
f 4718 4696 3041
f 4718 3041 4709
f 3042 3373 10998
f 3043 3368 4569
f 3043 4569 10019
f 3043 10019 4922
f 3043 4922 11467
f 3044 5230 6568
f 3045 10938 4566
f 7355 3047 3056
f 7355 11645 3047
f 3048 4577 6487
f 3048 10094 4577
f 3048 6487 6291
f 3048 6291 11625
f 4390 3071 3050
f 11648 3050 3071
f 4390 3050 7349
f 3050 4668 7349
f 11648 4668 3050
f 7548 3249 3051
f 3051 11353 7054
f 3051 7054 11845
f 7548 3051 11845
f 11649 4639 3052
f 4660 3052 4657
f 4660 11649 3052
f 3054 10496 10492
f 3055 4623 4614
f 11653 3055 4614
f 7354 4623 3055
f 3055 4639 4640
f 11653 4639 3055
f 3055 4640 7354
f 3056 4617 4623
f 3056 7848 4617
f 7355 3056 4623
f 3057 10900 6787
f 7977 10900 3057
f 7505 8015 3058
f 3058 8015 10909
f 3058 10907 9197
f 3058 10909 10907
f 3059 9276 9571
f 3059 12871 9276
f 3641 3060 4511
f 11190 3060 3641
f 4511 3060 8956
f 3060 12203 8956
f 11190 12203 3060
f 10494 6193 3061
f 6193 10744 3061
f 10494 3061 10134
f 10905 6606 3062
f 11417 3062 6606
f 9850 7654 3062
f 7654 10905 3062
f 9180 9850 3062
f 9180 3062 11417
f 3063 7548 11845
f 3064 6510 6482
f 3064 6482 10949
f 11331 3064 6488
f 11331 6510 3064
f 3549 3065 7363
f 7848 3065 3549
f 11659 7363 3065
f 3066 4388 4461
f 3066 7365 4388
f 11660 3066 4461
f 4498 7353 3066
f 4498 3066 11660
f 3066 7353 7365
f 5062 3070 3067
f 11581 3067 3070
f 8924 5062 3067
f 8924 3067 9360
f 3067 9362 9360
f 11581 9362 3067
f 6391 3068 8198
f 10130 11540 3068
f 5525 3069 12250
f 12778 3069 5525
f 3115 3070 8942
f 5062 8942 3070
f 4390 11669 3071
f 7370 3071 4411
f 4411 3071 11669
f 11648 3071 7370
f 3072 4369 7471
f 3072 8410 4369
f 4384 3072 7471
f 11168 3072 4384
f 11168 8410 3072
f 7372 3073 8925
f 9716 3073 7372
f 8846 8406 3073
f 3073 8406 11670
f 9716 8846 3073
f 8925 3073 11670
f 3649 3074 4223
f 3649 8933 3074
f 12331 3074 8933
f 12331 11168 3074
f 3387 3075 6355
f 11541 3075 4935
f 12290 4935 3075
f 11541 6355 3075
f 4260 8871 3076
f 11639 4260 3076
f 6343 3076 4591
f 8871 4591 3076
f 11639 3076 6343
f 7678 8292 3077
f 7678 3077 10860
f 12590 3077 8292
f 12590 8295 3077
f 3800 5528 3078
f 3449 6409 3079
f 3449 3079 6463
f 6695 3079 6409
f 3079 6695 10369
f 3079 10369 8650
f 4336 3080 11678
f 4336 11680 3080
f 7379 3080 11680
f 4350 3250 3082
f 3082 3250 7130
f 4329 3082 4336
f 4329 4350 3082
f 3083 7337 8620
f 4133 4126 3084
f 8110 3084 4126
f 4142 4127 3084
f 4127 8970 3084
f 4133 3084 8970
f 4142 3084 8110
f 3085 4210 3284
f 4327 3085 3284
f 3385 11531 3086
f 12297 5690 3086
f 12749 3086 5690
f 12297 3086 11531
f 3282 4210 3087
f 4295 3282 3087
f 8424 4295 3087
f 4302 4304 3088
f 4302 3088 7388
f 11686 7388 3088
f 4302 3089 4304
f 12368 3089 4302
f 4304 3089 4307
f 11687 4307 3089
f 8715 11687 3089
f 12368 8715 3089
f 3095 3090 4281
f 3095 11693 3090
f 3090 7389 4281
f 3090 4307 11687
f 3090 11693 4307
f 3090 11687 7389
f 4697 4295 3091
f 8424 3091 4295
f 4697 3091 8441
f 3095 3092 4270
f 3095 4281 3092
f 4207 7395 3092
f 4207 3092 11690
f 7395 4270 3092
f 3092 4281 11690
f 3914 4695 3093
f 12643 3914 3093
f 3915 3093 4695
f 3915 12513 3093
f 3725 3094 4243
f 8440 3094 3725
f 8440 8879 3094
f 8879 12370 3094
f 3095 4270 4275
f 3095 4275 11693
f 3096 5793 3135
f 3096 3135 12073
f 3096 5791 12109
f 3096 12109 5793
f 7396 3097 4275
f 3097 11695 4275
f 4206 3750 3098
f 11103 3098 3750
f 4221 3098 4198
f 4198 3098 8872
f 4206 3098 4221
f 4267 8872 3098
f 11103 4267 3098
f 8447 3099 11697
f 8849 3099 8865
f 11697 3099 8849
f 3100 3280 8995
f 11091 3280 3100
f 9086 3100 4243
f 11094 4243 3100
f 8995 11094 3100
f 9086 11091 3100
f 3101 8857 5028
f 3101 5028 8863
f 3772 3102 3103
f 4180 3103 3102
f 8850 3102 3772
f 4180 3102 12377
f 4206 3102 8850
f 4206 12377 3102
f 3103 11701 3772
f 11088 3103 4180
f 4187 3103 11088
f 4187 11701 3103
f 3117 6354 3104
f 10166 4604 3104
f 5690 3104 6354
f 4006 7614 3105
f 4006 3105 12660
f 3105 5144 4053
f 3105 4053 12660
f 4146 3106 4155
f 4146 11705 3106
f 4173 4155 3106
f 4174 4173 3106
f 4174 3106 4175
f 3106 11705 4175
f 7407 3108 4146
f 4146 3108 11704
f 3108 7860 11704
f 7405 3109 4173
f 4173 3109 8842
f 7405 7404 3109
f 7408 3109 7404
f 7408 10119 3109
f 3109 10119 8842
f 3110 4140 11679
f 3110 12380 4140
f 3110 8842 10119
f 3110 11708 8842
f 3110 10119 12380
f 3110 11679 11708
f 3111 3721 11843
f 3111 11843 7543
f 6811 3112 11109
f 6811 11800 3112
f 7798 11109 3112
f 11400 7798 3112
f 3113 10380 6953
f 3113 11711 10380
f 8938 3115 4643
f 4643 3115 8942
f 8938 9355 3115
f 3116 3922 3145
f 3116 3145 11714
f 3116 7415 3922
f 3116 8478 7415
f 3116 8820 8478
f 3116 11714 8820
f 4359 5200 3117
f 4078 3118 3268
f 12384 3118 8465
f 3119 11932 11910
f 3120 3262 4690
f 3120 4690 11074
f 11073 3120 8480
f 8480 3120 11074
f 4191 3673 3121
f 3121 3673 7420
f 5022 4191 3121
f 5022 3121 8348
f 3121 7420 12788
f 3121 12788 8348
f 3122 5245 8727
f 3122 9266 5245
f 3131 3123 11544
f 3131 12723 3123
f 12310 4943 3123
f 12310 3123 12723
f 8347 3753 3124
f 8127 3124 4092
f 8347 3124 8127
f 3125 7909 3605
f 3125 3605 11874
f 4037 3611 3125
f 3125 3611 7909
f 4037 3125 11723
f 3125 12224 11723
f 3125 11874 12224
f 3141 3126 3969
f 3141 11734 3126
f 3969 3126 7425
f 4037 11723 3126
f 4037 3126 11734
f 11723 7425 3126
f 3127 7418 8479
f 8819 3127 8479
f 3128 7427 3884
f 11726 3128 3884
f 9879 3128 11726
f 11727 3130 3129
f 3130 11729 3129
f 3139 3142 3130
f 11727 3139 3130
f 3142 7430 3130
f 3130 7430 11729
f 3131 11544 6353
f 4607 12298 3132
f 6345 3132 5692
f 11545 5692 3132
f 11545 3132 12298
f 8627 3133 5857
f 8628 6461 3133
f 3133 6461 9733
f 8627 8628 3133
f 7391 5431 3134
f 3134 5431 11514
f 7391 3134 7399
f 3134 9755 7399
f 11114 9755 3134
f 11114 3134 11514
f 3137 4591 8871
f 11371 3137 8871
f 12597 3137 11371
f 11897 3137 12597
f 3138 3198 3263
f 3138 11834 3198
f 3138 3263 6309
f 3138 3279 11834
f 7446 3142 3139
f 11727 3144 3139
f 3139 3144 11742
f 7446 3139 11742
f 3140 11738 7439
f 3140 12215 11738
f 3141 3969 7430
f 3141 7430 7435
f 3141 7435 11734
f 3142 7435 7430
f 3142 11741 7435
f 7446 11741 3142
f 3143 3153 6824
f 3143 7675 3153
f 3143 6824 11123
f 3143 11853 7675
f 3143 11117 7747
f 3143 7747 11853
f 3143 11123 11117
f 7437 3144 7436
f 11727 7436 3144
f 11726 3144 7437
f 11726 11742 3144
f 3145 11741 3147
f 11743 3145 3147
f 11744 3145 3922
f 11743 11714 3145
f 11744 11741 3145
f 8757 4458 3146
f 3895 3888 3147
f 11743 3147 3888
f 7446 3895 3147
f 7446 3147 11741
f 4945 11598 3148
f 4945 3148 12330
f 12340 12330 3148
f 10206 3149 6327
f 3149 12322 12329
f 7453 3856 3150
f 11257 3150 3856
f 6828 3150 6960
f 7453 3150 6828
f 11257 6960 3150
f 3765 3151 4627
f 3783 4630 3151
f 4627 3151 4630
f 3152 3263 3198
f 3152 3198 7528
f 3152 3238 3266
f 3152 3266 3263
f 3153 9729 6824
f 7673 7409 3153
f 3153 7409 9729
f 7673 3153 7675
f 3834 3154 3829
f 7455 3829 3154
f 3834 11752 3154
f 3843 3856 3154
f 3843 3154 11752
f 7453 3154 3856
f 7455 3154 7453
f 10213 3157 3155
f 12746 10213 3155
f 11572 3155 10313
f 10313 3155 12056
f 11572 12746 3155
f 3836 3829 3156
f 7455 3156 3829
f 11754 3836 3156
f 5611 3158 4987
f 5611 5616 3158
f 5616 9917 3158
f 9917 11765 3158
f 3834 3159 3757
f 3757 3159 7458
f 3836 3159 3834
f 11758 3159 3836
f 7460 7458 3159
f 7460 3159 11758
f 6249 10323 3160
f 3162 6249 3161
f 3162 10323 6249
f 3162 6260 10323
f 7459 7461 3163
f 7459 3163 11758
f 7460 11758 3163
f 7461 11768 3163
f 3778 3358 3164
f 3358 11999 3164
f 3778 3164 11762
f 7463 11064 3164
f 7463 3164 11999
f 3164 11064 11762
f 3166 6818 11126
f 3166 11853 6818
f 3166 7675 11853
f 3166 11126 11026
f 5447 3167 7515
f 11152 3167 5452
f 7524 7515 3167
f 11152 7524 3167
f 3168 3404 11071
f 3168 11398 3404
f 3168 5356 11398
f 3698 3170 3710
f 3171 7470 3656
f 3171 3656 11776
f 3171 11768 7470
f 3698 3172 7466
f 3698 11767 3172
f 3172 3733 7466
f 3172 11771 3733
f 11767 11786 3172
f 3172 11786 11771
f 3195 3174 5068
f 3195 9366 3174
f 3174 9366 5067
f 11537 3174 5067
f 3174 9367 5068
f 11537 9367 3174
f 3592 8802 3175
f 3592 3175 12002
f 3175 3670 3660
f 3175 3660 8804
f 3175 7474 3670
f 3175 8802 7474
f 3175 8804 12002
f 3177 7476 12249
f 3178 3656 3653
f 3178 3653 7476
f 3180 3644 3179
f 3180 3179 4471
f 3179 3644 7478
f 9827 3607 3180
f 11778 3180 3607
f 11778 3644 3180
f 9827 3180 4471
f 3181 3182 3183
f 3181 3541 3182
f 11778 3541 3181
f 11778 3181 3644
f 3182 7482 3183
f 3541 3547 3182
f 3547 7482 3182
f 3183 7482 11786
f 11767 3183 11786
f 3184 5303 5710
f 3184 12411 5303
f 3184 5710 10833
f 7483 3186 3534
f 11295 3534 3186
f 3609 3186 3629
f 11295 3186 3609
f 3629 3186 3631
f 3631 3186 7483
f 3190 7011 3678
f 3190 3678 12282
f 6465 7011 3190
f 6465 3190 11306
f 3190 7493 11306
f 3190 12282 7493
f 3191 11740 4973
f 3346 11387 3192
f 3346 3192 11869
f 5094 3192 5657
f 5657 3192 11387
f 3195 3447 9366
f 3195 5068 11534
f 3196 3207 3197
f 3196 3197 8527
f 3196 4964 3207
f 9264 4964 3196
f 3196 8527 8935
f 9258 3196 8935
f 9258 9264 3196
f 3197 3207 4966
f 9265 3197 4966
f 3197 12481 8527
f 9265 12481 3197
f 3198 3229 7528
f 11834 3229 3198
f 3199 6398 5723
f 3199 6223 6398
f 6739 5268 3200
f 3201 3852 6398
f 3201 6398 6223
f 3341 3202 3336
f 3203 5722 3852
f 3203 4655 5063
f 3203 5969 4655
f 3203 5063 5722
f 3204 6873 5976
f 3207 10699 4966
f 6177 12526 3208
f 8904 3208 12526
f 9902 3208 12486
f 3209 9929 3218
f 10859 3209 3218
f 3209 7676 9929
f 12672 7676 3209
f 10859 12672 3209
f 3210 6283 5045
f 10415 3210 5045
f 5426 3210 11826
f 10415 11826 3210
f 3217 3211 4268
f 3217 11888 3211
f 4268 3211 4038
f 9242 4038 3211
f 5222 9242 3211
f 11888 5222 3211
f 9207 3212 3693
f 11010 3693 3212
f 6324 5221 3212
f 5221 11621 3212
f 6324 3212 9207
f 11873 6024 3213
f 3213 6363 10843
f 3213 10843 10771
f 11873 3213 10771
f 3214 3215 4995
f 6376 3215 3214
f 10755 3214 4995
f 6376 3214 10753
f 6376 9291 3215
f 6007 9918 3216
f 9918 10523 3216
f 3216 10523 12855
f 3216 12855 10781
f 10819 10480 3217
f 3217 10480 11888
f 9408 3218 3995
f 12592 3995 3218
f 5864 3218 9929
f 12592 3218 5864
f 10859 3218 9408
f 3219 9808 5508
f 3219 5508 11227
f 5616 9808 3219
f 5616 3219 9917
f 5991 9917 3219
f 5991 3219 11227
f 6687 4876 3220
f 11973 3220 4876
f 11973 6626 3220
f 4322 6620 3221
f 4322 3221 10463
f 4363 3221 6623
f 4363 10576 3221
f 6620 6623 3221
f 10576 10463 3221
f 7275 3222 7281
f 7275 7282 3222
f 7282 7529 3222
f 3279 7040 3223
f 3279 3223 11834
f 3223 3697 3699
f 3223 11808 3697
f 7521 3223 3699
f 7040 11808 3223
f 11834 3223 7521
f 3224 4445 3883
f 3224 3883 7064
f 3224 5015 4445
f 3224 8762 5015
f 3224 7064 11436
f 3224 11436 8762
f 3225 4509 7177
f 3225 5753 5754
f 3225 7177 5753
f 5067 3244 3226
f 11537 5067 3226
f 11515 3226 5070
f 11537 3226 11515
f 9408 3994 3227
f 10859 3227 4999
f 12582 4999 3227
f 10859 9408 3227
f 3228 12318 3231
f 7528 3254 3228
f 7528 3229 3254
f 3254 3229 11811
f 7521 11811 3229
f 11834 7521 3229
f 3230 9704 4748
f 3230 7636 7701
f 3230 7701 10156
f 3230 10156 9704
f 3231 12318 8019
f 8046 7472 3232
f 8046 3232 8174
f 9377 5718 3233
f 12293 3233 5718
f 9277 3233 12293
f 11390 9377 3233
f 3234 8026 5346
f 3234 5346 12497
f 9383 9228 3234
f 9228 12624 3234
f 9383 3234 12497
f 9044 4085 3236
f 4085 10703 3236
f 9044 3236 5811
f 10956 3236 10703
f 3237 5578 3774
f 9075 3237 3774
f 9882 5578 3237
f 3237 9777 5582
f 9882 3237 5582
f 9075 9777 3237
f 3266 3238 7526
f 7526 3238 8021
f 4665 4887 3239
f 4665 3239 10769
f 7429 3239 4887
f 5710 5303 3239
f 5303 10769 3239
f 5710 3239 7429
f 5191 10694 3240
f 5191 3240 12710
f 7032 3240 10694
f 7032 10700 3240
f 9340 3240 10700
f 9340 12710 3240
f 9773 5353 3241
f 10765 3241 5353
f 3241 7441 9773
f 5175 9474 3242
f 3242 9461 7897
f 9279 9461 3242
f 10316 9279 3242
f 10316 3242 9474
f 3243 3249 7548
f 3243 8031 3249
f 3727 8031 3243
f 3727 3243 12321
f 11843 12321 3243
f 3299 3244 11469
f 3245 5464 3316
f 5737 3245 3316
f 5085 5464 3245
f 3245 5737 5086
f 5288 5247 3246
f 11536 3246 5247
f 5288 3246 7686
f 3246 6896 7686
f 3246 11193 6896
f 11536 11193 3246
f 4104 3247 7519
f 3247 4294 10787
f 3248 3701 5623
f 3248 8001 3701
f 3249 8031 3732
f 4350 7381 3250
f 7704 7130 3250
f 3250 7381 9578
f 7704 3250 9578
f 3968 4000 3251
f 5439 3968 3251
f 5107 3251 4000
f 3252 7970 3936
f 3252 3936 12534
f 3252 10910 7970
f 3253 4159 3528
f 5441 3253 3528
f 4168 3253 4683
f 4683 3253 5441
f 3254 11811 3330
f 7102 3343 3255
f 11377 3255 3343
f 7125 3255 11377
f 4962 3256 4961
f 4961 3256 9260
f 4962 9264 3256
f 9258 9260 3256
f 9258 3256 9264
f 3257 5869 5863
f 3257 5863 11429
f 7553 3257 5880
f 3257 11429 5880
f 11856 3257 7553
f 3258 4168 11017
f 3528 3259 3268
f 8430 3268 3259
f 3528 4159 3259
f 8718 3259 4159
f 8430 3259 4160
f 8718 4160 3259
f 3997 3526 3260
f 3526 9452 3260
f 3997 3260 7638
f 7639 7638 3260
f 3326 3261 3340
f 5751 3261 3326
f 5751 4478 3261
f 4478 11884 3261
f 8812 3262 3841
f 4189 4690 3262
f 4189 3262 8812
f 3266 11823 3263
f 6309 3263 11823
f 6206 3264 11364
f 7566 3264 7563
f 8192 3265 3414
f 3265 12012 3414
f 3893 3265 10600
f 8192 10600 3265
f 3266 7526 11825
f 11825 11823 3266
f 7718 3267 3332
f 9575 3332 3267
f 4473 9575 3267
f 7718 9573 3267
f 8430 4078 3268
f 3269 11713 3788
f 5748 3270 4464
f 7079 4464 3270
f 5748 4472 3270
f 4472 11372 3270
f 7079 3270 11372
f 3271 3788 4194
f 3271 4194 4116
f 3272 11880 3276
f 7580 3272 6770
f 11076 3273 4078
f 9258 8935 3274
f 3274 8935 12650
f 3274 12650 8989
f 3274 8989 12690
f 9258 3274 12690
f 3275 3276 7573
f 8799 3276 3275
f 11876 3275 7573
f 8128 8799 3275
f 8128 3275 12363
f 11876 12363 3275
f 7573 3276 11880
f 3299 10521 3277
f 3299 3277 11466
f 3277 9347 9371
f 3277 10521 9347
f 3277 9371 11466
f 4223 4239 3280
f 4239 8995 3280
f 3725 3281 4289
f 3725 11094 3281
f 4236 3281 11094
f 4697 3716 3282
f 4697 3282 4295
f 3283 5075 6971
f 3283 6971 9389
f 11369 3283 9389
f 8419 3284 3709
f 5455 4327 3284
f 5455 3284 8419
f 3900 3285 11366
f 3900 11367 3285
f 5605 3285 11367
f 11589 3285 5605
f 5751 3329 3286
f 3286 3329 8413
f 5603 5741 3286
f 5603 3286 8413
f 3286 5741 11210
f 5751 3286 11210
f 3287 9184 5035
f 3287 6689 6690
f 9174 3287 6690
f 9174 9184 3287
f 7022 3381 3288
f 3288 3381 10484
f 7022 3288 5708
f 9377 5708 3288
f 9377 3288 5718
f 3288 10484 5718
f 3293 7588 3289
f 3289 7555 7554
f 3289 7588 7555
f 5456 8415 3290
f 8267 3290 8415
f 3291 7303 4346
f 7473 3291 4346
f 7473 8637 3291
f 3292 7592 5144
f 3292 5144 7600
f 3292 12708 7592
f 3292 7600 11608
f 3292 11608 12450
f 3292 12450 12708
f 3293 3791 7588
f 3293 12393 3791
f 3427 3294 9667
f 3294 5807 9666
f 3294 9666 11101
f 9667 3294 11101
f 3295 6971 11357
f 9529 6990 3295
f 9529 3295 11235
f 3295 11357 11235
f 3296 5084 8522
f 8750 3296 8522
f 8750 9261 3296
f 9261 11300 3296
f 3297 11432 11408
f 3298 5611 4987
f 3298 4987 9815
f 3298 9743 5611
f 3298 5785 9743
f 3298 9814 5785
f 3298 9815 9814
f 3299 5953 10521
f 3299 11469 5953
f 9602 7275 3300
f 3300 7275 11242
f 9602 3300 11355
f 11356 3300 11242
f 8219 3906 3301
f 11275 3301 3906
f 12503 3301 11275
f 11894 11899 3302
f 3303 5830 12430
f 3303 12430 8585
f 3304 3574 3583
f 3304 8945 3574
f 7112 3304 3583
f 11182 3304 7112
f 11182 11259 3304
f 3567 8534 3305
f 11610 3567 3305
f 3307 7591 4952
f 3307 4952 9064
f 3307 9254 4956
f 3307 4956 11840
f 3307 11840 7591
f 3307 9064 9254
f 3308 5076 3309
f 11455 3308 3309
f 3308 9375 5076
f 9374 11422 3308
f 11455 9374 3308
f 11422 9375 3308
f 3375 3309 3376
f 3375 11455 3309
f 3309 11393 3376
f 3309 5076 11393
f 12037 3310 7736
f 7989 7740 3310
f 12506 7989 3310
f 12037 12506 3310
f 5037 3311 3445
f 3445 3311 9240
f 3311 3781 3500
f 5037 3781 3311
f 3312 7611 7507
f 3312 7507 8049
f 3312 8107 12424
f 5739 3313 5635
f 3313 11348 5635
f 9380 3313 5739
f 5037 3445 3314
f 3445 5077 3314
f 5037 3314 11285
f 11285 3314 8240
f 3436 3315 9237
f 3315 12087 9237
f 4242 3316 4712
f 4242 9246 3316
f 5464 4712 3316
f 5737 3316 9246
f 10310 3317 6221
f 6221 3317 11183
f 10310 12757 3317
f 10519 3317 12757
f 3318 3847 8133
f 3318 12424 3847
f 3318 8133 3848
f 5178 11280 3319
f 3320 4956 4953
f 3320 4953 4991
f 3320 5027 4956
f 3320 4992 4957
f 3320 4957 5027
f 3320 4991 4992
f 7139 7550 3321
f 7550 11909 3321
f 7514 3322 3330
f 3323 5467 6898
f 3324 11949 5467
f 5740 3324 9358
f 5740 11949 3324
f 3655 3325 11505
f 3325 4940 4946
f 9225 3325 4946
f 9225 11505 3325
f 5751 3326 3329
f 3326 3340 7039
f 4715 3326 7039
f 3671 4824 3327
f 3671 3327 11398
f 3327 4824 4547
f 3327 4547 6762
f 6762 4958 3327
f 3327 4958 11398
f 3328 7514 3330
f 11811 3328 3330
f 3328 12312 7514
f 11811 12304 3328
f 3328 12304 12312
f 4088 4782 3331
f 4088 3331 10446
f 3331 4782 6848
f 6200 3331 8030
f 6200 10446 3331
f 8030 3331 6848
f 7716 11376 3332
f 7718 3332 11376
f 6889 4713 3333
f 12445 3333 4713
f 12445 5738 3333
f 7627 7163 3334
f 6866 3335 9353
f 6866 11084 3335
f 6954 9353 3335
f 8468 8831 3335
f 8468 3335 11084
f 4787 9568 3337
f 5750 3337 9568
f 11376 3337 5750
f 7716 3337 11376
f 3339 6853 11343
f 11254 12842 3339
f 7125 7039 3340
f 7504 3353 3341
f 3342 7650 7629
f 3342 7629 11944
f 3342 7642 7650
f 3342 8169 7642
f 11209 3343 7102
f 7124 3343 11209
f 7124 12150 3343
f 11377 3343 12150
f 3911 3907 3344
f 3907 8206 3344
f 3911 3344 3910
f 3910 3344 12508
f 12508 3344 8206
f 5178 8002 3345
f 5178 3345 11280
f 3345 6655 9329
f 3345 9329 11280
f 3346 5658 11387
f 3347 3351 9273
f 9411 4520 3347
f 10875 3348 8089
f 10875 11946 3348
f 3349 4260 11639
f 4579 3349 4568
f 8843 4568 3349
f 8843 3349 11639
f 7650 7642 3350
f 3350 7642 12741
f 3350 7647 11947
f 3350 12741 7647
f 7650 3350 11950
f 11950 3350 11947
f 10834 3677 3352
f 12530 3352 3677
f 10834 3352 9564
f 12450 9564 3352
f 12708 12450 3352
f 12708 3352 12530
f 3353 6698 8539
f 3359 3355 6644
f 6653 3355 3359
f 6649 3355 3826
f 6653 3826 3355
f 6649 6644 3355
f 3803 3842 3356
f 6649 3803 3356
f 11286 3356 3842
f 6649 3356 11999
f 11999 3356 11286
f 7662 3357 3374
f 3357 7672 3374
f 7656 3378 3357
f 3357 3378 7672
f 8486 3358 3778
f 3358 8805 6644
f 3358 6644 11999
f 8486 8805 3358
f 3359 6644 8805
f 11291 6653 3359
f 11291 3359 10933
f 3360 3363 3364
f 3360 3374 3363
f 3360 3364 7669
f 3360 7662 3374
f 11960 7662 3360
f 11960 3360 7669
f 3361 8688 10272
f 3361 10272 10533
f 10502 3361 10533
f 3867 8166 3362
f 3867 3362 12465
f 8166 6360 3362
f 11960 3362 6360
f 11959 3362 11960
f 11959 12465 3362
f 3363 3374 7672
f 11974 3363 7672
f 11965 7669 3364
f 9356 3366 3365
f 9356 3365 10906
f 3367 7161 11946
f 3367 11946 10875
f 3367 10875 12739
f 3369 3764 6291
f 3369 6470 3764
f 4575 4583 3369
f 5682 4575 3369
f 3369 4583 6470
f 5682 3369 6487
f 6487 3369 6291
f 7040 11806 3370
f 7040 3370 11808
f 6211 3371 5348
f 3371 5349 7193
f 3371 7197 5349
f 6211 7197 3371
f 10019 3372 4922
f 4922 3372 11468
f 10019 5775 3372
f 3375 3376 9391
f 5080 3375 9391
f 5080 11455 3375
f 11185 3376 11393
f 7664 3382 3378
f 7672 3378 3382
f 11964 3378 7656
f 11964 7664 3378
f 4094 8395 3379
f 11840 4094 3379
f 4563 5219 3379
f 4563 3379 8395
f 3379 5219 7591
f 11840 3379 7591
f 5276 4871 3380
f 3380 4871 9198
f 5276 3380 9171
f 7022 5433 3381
f 11112 3381 5433
f 10484 3381 5955
f 11112 5955 3381
f 7192 3382 7190
f 7190 3382 7664
f 7077 4454 3383
f 7688 3388 3384
f 3384 3388 8068
f 7204 7688 3384
f 3384 8068 11986
f 10389 5784 3385
f 3385 6355 11531
f 3387 3386 12723
f 12310 12723 3386
f 7688 11985 3388
f 7950 8068 3388
f 7950 3388 11985
f 6445 3389 8322
f 3390 7689 8091
f 3390 8091 9001
f 3391 4952 4561
f 4975 3391 4561
f 4947 9064 3391
f 9248 4947 3391
f 3391 9064 4952
f 9248 3391 4975
f 3392 11059 12396
f 3392 12396 12024
f 6089 3393 9760
f 11991 3393 6089
f 9760 3393 7486
f 11991 11059 3393
f 3394 6369 11322
f 3394 11326 6369
f 3394 6401 7025
f 3394 7025 11326
f 7694 8056 3395
f 11992 7694 3395
f 3395 10973 8044
f 8056 10973 3395
f 7695 3396 11993
f 7696 9311 3397
f 7696 3397 11996
f 5634 3928 3399
f 11057 3399 3928
f 5634 3399 10971
f 3399 12399 10971
f 11500 3400 3409
f 5551 5541 3400
f 11497 5551 3400
f 11500 11497 3400
f 3401 5997 11540
f 3401 12849 5997
f 3401 11540 10129
f 3401 10129 12840
f 3401 12840 12852
f 3401 12852 12849
f 3402 3724 9570
f 3402 11220 3724
f 3402 4469 3728
f 3402 3728 9563
f 3402 9570 4469
f 3402 9563 11220
f 3403 7715 7232
f 11398 4958 3404
f 3930 9178 3405
f 8771 8556 3405
f 8771 3405 11054
f 11054 3405 9178
f 3406 12006 7705
f 3407 7706 10611
f 3407 12005 7707
f 3407 10611 10758
f 3407 10758 12005
f 11500 3409 8496
f 12396 7691 3411
f 12024 12396 3411
f 3412 4301 4703
f 3412 7711 4301
f 3412 4703 12010
f 3412 7707 7711
f 11518 5371 3413
f 8147 3413 11312
f 8192 3414 7713
f 3415 12013 7712
f 6017 10091 3416
f 6017 3416 11643
f 10282 3416 10091
f 3417 11052 3939
f 3418 6805 5602
f 3418 5602 11342
f 3418 9902 9878
f 3418 11342 9902
f 3419 8555 7705
f 7709 12018 3420
f 3421 3939 12015
f 3421 11310 5305
f 3464 3423 7763
f 3464 12021 3423
f 7722 7763 3423
f 3424 12042 3425
f 3425 12042 7724
f 7737 7723 3426
f 5779 5387 3427
f 3427 5387 9686
f 5388 5779 3427
f 3427 9667 5388
f 3428 9249 9334
f 3429 5433 9099
f 11112 5433 3429
f 3429 9640 8299
f 11112 3429 8299
f 3429 9099 12444
f 3429 12444 9640
f 12026 7735 3430
f 12026 3430 8533
f 3773 3431 4119
f 3773 7579 3431
f 3431 8067 4119
f 3431 7579 8055
f 3432 12861 7731
f 12030 12861 3432
f 8540 3433 12031
f 3434 4703 4301
f 12025 4703 3434
f 12025 3434 12034
f 7734 5017 3435
f 3435 5017 12033
f 3436 9262 5084
f 11565 3436 9237
f 11565 9262 3436
f 12037 7736 3437
f 3438 12036 7738
f 3438 8203 12036
f 11619 7993 3439
f 11619 3439 12713
f 3441 7741 3442
f 3441 7740 7989
f 3441 12182 7741
f 3441 7989 12182
f 7743 3443 7742
f 3444 12033 5017
f 3444 5017 12477
f 3444 7743 12033
f 3444 12477 12042
f 3445 9253 5077
f 3445 9240 9253
f 3446 12049 8549
f 9386 3447 4682
f 11573 9366 3447
f 11573 3447 9386
f 3449 7497 6409
f 3449 6463 8797
f 3449 8494 7497
f 3449 8797 8494
f 3450 7749 7774
f 3450 7752 7750
f 3451 8549 12049
f 3451 12854 8549
f 3452 6501 10539
f 11383 6501 3452
f 9396 10537 3452
f 9396 3452 11948
f 11383 3452 10537
f 3452 10539 11948
f 3453 5097 5956
f 3453 10537 5097
f 3453 5956 10708
f 3453 10708 8270
f 11383 3453 8270
f 11383 10537 3453
f 4523 5104 3454
f 3454 10877 4523
f 3455 5023 5064
f 3455 7274 5023
f 5049 3455 5064
f 7756 3457 3456
f 7755 7756 3456
f 3458 3476 5060
f 4250 3458 5060
f 4250 10876 3458
f 8560 7995 3459
f 7995 11405 3459
f 11405 8512 3459
f 8573 3950 3460
f 11043 3460 3950
f 8514 7760 3461
f 12850 8514 3461
f 12850 3461 12059
f 3462 4051 7622
f 3462 9497 4051
f 12689 3462 7622
f 3462 10841 9497
f 3462 12689 10841
f 7762 8498 3463
f 7762 3463 8573
f 8584 3463 8498
f 8573 3463 8510
f 12061 8510 3463
f 8584 12061 3463
f 7764 3465 8575
f 7764 12070 3465
f 8575 3465 7765
f 12839 3465 12070
f 3958 11040 3466
f 8575 3466 11040
f 3505 3467 11063
f 7494 8796 3467
f 3467 8796 12153
f 3467 12153 11063
f 3468 8503 7767
f 3468 7767 10454
f 3468 12066 8502
f 3468 10454 12066
f 4688 3477 3469
f 3469 3477 5098
f 3469 5098 3924
f 4688 3469 10097
f 3469 9404 10097
f 5319 3471 3585
f 4980 3471 4870
f 5319 4870 3471
f 4980 4919 3471
f 3505 11063 3472
f 3505 3472 11793
f 3472 8494 8797
f 3472 11063 8494
f 11796 3472 8797
f 11796 11793 3472
f 7496 7028 3473
f 7497 3473 7028
f 7496 3473 12153
f 7497 8494 3473
f 3473 8494 11063
f 3473 11063 12153
f 7496 8796 3474
f 9317 7496 3474
f 3474 8796 11332
f 7773 3475 12074
f 3476 9359 5060
f 4105 5098 3477
f 9607 4105 3477
f 8987 3477 4688
f 8987 9607 3477
f 3664 3478 3897
f 3664 5586 3478
f 3478 5586 3731
f 3478 3731 9882
f 3478 5582 3897
f 3478 9882 5582
f 7144 3479 3960
f 3960 3479 7771
f 7144 12077 3479
f 7771 3479 7777
f 7775 7777 3479
f 7775 3479 12077
f 3480 6328 6348
f 3480 7779 6328
f 12078 3480 6348
f 3484 6765 6740
f 3484 6740 12082
f 3484 7783 6765
f 3485 7784 12822
f 8655 12083 3485
f 8655 3485 12822
f 3487 8624 7786
f 3487 7786 10763
f 10904 8467 3487
f 12825 3487 8467
f 12825 8624 3487
f 10904 3487 10763
f 3602 3916 3488
f 3602 3488 9230
f 8817 3488 3916
f 9230 3488 4931
f 4931 3488 12751
f 12751 3488 8817
f 3489 8489 7196
f 9542 3489 7196
f 3489 7226 8469
f 3489 9853 7226
f 3489 8469 11033
f 3489 11033 8489
f 9542 9853 3489
f 5341 3492 3868
f 5304 3492 4869
f 5341 4869 3492
f 5304 9164 3492
f 12572 3974 3493
f 3988 3996 3493
f 3996 12572 3493
f 7793 7795 3494
f 12084 7793 3494
f 12084 3494 12092
f 3495 5956 5097
f 10550 3495 5097
f 3495 11075 5956
f 3495 10546 6499
f 3495 6499 11075
f 10550 10546 3495
f 3497 12095 3498
f 12096 3497 3498
f 3497 7795 12095
f 7796 3497 12096
f 12096 3498 3499
f 3498 12439 3499
f 3979 3499 12439
f 3979 12449 3499
f 8658 12096 3499
f 8658 3499 12449
f 3781 5008 3500
f 5008 11578 3500
f 10537 3501 5097
f 10550 5097 3501
f 9396 6498 3501
f 3501 6498 11945
f 9396 3501 10537
f 10550 3501 11945
f 3502 12456 3983
f 7801 12456 3502
f 7802 3503 12100
f 3503 12589 12101
f 5385 5367 3504
f 5367 7816 3504
f 5385 3504 7803
f 3506 8454 12118
f 3506 12118 11278
f 7304 4238 3507
f 7304 3507 4649
f 9013 4649 3507
f 3508 3511 12106
f 12103 3508 12106
f 4880 8290 3509
f 4880 3509 9212
f 11605 9212 3509
f 12110 3510 7809
f 12108 11605 3510
f 12106 3511 3513
f 8233 3512 7903
f 7903 3512 8950
f 8233 9280 3512
f 8950 3512 12543
f 11378 3512 9280
f 12543 3512 11378
f 12116 12111 3513
f 3514 12111 7813
f 3515 7814 9413
f 7801 3516 12456
f 8990 3517 4808
f 5665 3517 4822
f 4822 3517 8997
f 8990 8997 3517
f 3518 7794 3970
f 12116 3518 3970
f 3519 7880 12117
f 3519 12117 12821
f 3520 7823 8687
f 12469 7823 3520
f 3521 11064 3534
f 11295 3521 3534
f 11295 6562 3521
f 11296 3521 6562
f 3521 11762 11064
f 11296 11762 3521
f 3580 3540 3522
f 3540 6498 3522
f 3543 3522 6498
f 3543 9069 3522
f 9401 3580 3522
f 9401 3522 9069
f 3523 7670 3762
f 12670 3523 3762
f 3523 12685 7670
f 3523 8296 12585
f 12670 8296 3523
f 3523 12585 12685
f 3993 3524 8437
f 3993 11024 3524
f 3525 8439 7824
f 8684 3525 8438
f 3525 12123 8438
f 8684 8439 3525
f 3997 12818 3526
f 3526 7821 9452
f 5419 6119 3527
f 5419 3527 9795
f 5441 3528 4689
f 4553 3530 3813
f 5908 3530 4553
f 3531 12136 3539
f 3531 3539 12142
f 3531 4151 5019
f 3531 12142 4151
f 3531 5019 7830
f 3531 7830 12136
f 7483 3534 11064
f 3536 12134 8715
f 12368 3536 8715
f 7835 7836 3537
f 7836 9407 3537
f 3537 9407 9693
f 12135 3537 9693
f 7463 3538 11064
f 7483 3538 8801
f 7483 11064 3538
f 8491 8801 3538
f 7838 3544 3539
f 12142 3539 3544
f 7837 7838 3539
f 7837 3539 12136
f 3576 3577 3540
f 3576 3540 3580
f 3540 3577 11945
f 3540 11945 6498
f 3660 3547 3541
f 8804 3660 3541
f 11778 8804 3541
f 3838 3542 3720
f 6937 3720 3542
f 3543 6498 9396
f 3543 8546 9069
f 3543 11948 8546
f 3543 9396 11948
f 12142 3544 8712
f 3545 7844 9693
f 12810 7844 3545
f 8326 7846 3545
f 3545 7846 8724
f 8326 3545 9426
f 12810 3545 8724
f 3545 9693 9426
f 4868 3546 5343
f 9499 3546 4868
f 5343 3546 9168
f 9499 9721 3546
f 3548 3629 3547
f 3548 3547 3660
f 3547 3629 7482
f 3609 3629 3548
f 3609 3548 7002
f 3548 3660 3670
f 3670 7002 3548
f 12148 3549 7363
f 12147 8730 3549
f 12148 12147 3549
f 11759 3550 11226
f 5357 4867 3551
f 9188 3551 4867
f 5357 3551 5381
f 6684 3551 9188
f 4108 7571 3552
f 4108 3552 12831
f 8531 3552 10806
f 3552 8531 12831
f 3554 5580 3828
f 3554 3828 12867
f 3554 5592 7449
f 3554 12867 5592
f 8371 3555 7851
f 5621 3556 9736
f 8451 3556 8232
f 8397 3556 8451
f 8397 9736 3556
f 4866 3557 3601
f 5344 3557 4866
f 5344 8741 3557
f 11013 3559 3593
f 3562 3560 3561
f 3561 3560 3570
f 3596 3560 3562
f 3560 7867 3570
f 3562 3561 12159
f 3596 3562 7895
f 7895 3562 12148
f 3562 12159 12148
f 3564 12188 3590
f 4021 3566 3828
f 3828 3566 12867
f 4021 4988 3566
f 11589 12867 3566
f 3567 12858 8534
f 11610 8990 3567
f 8244 3568 4708
f 4708 3568 10612
f 8244 7923 3568
f 3568 7923 12540
f 8237 10612 3568
f 8237 3568 12540
f 3579 12176 3569
f 3569 12176 7864
f 3570 12186 7860
f 3570 7867 7869
f 3570 7869 12186
f 7570 3571 8358
f 7570 9099 3571
f 10803 8358 3571
f 3571 9099 9684
f 10806 3571 9684
f 10806 10803 3571
f 6245 6123 3572
f 3572 6123 9512
f 6245 3572 6456
f 3573 10480 6330
f 9521 10480 3573
f 8403 3583 3574
f 7445 3574 4790
f 8945 4790 3574
f 8403 3574 7445
f 5103 3577 3576
f 5102 3576 3580
f 5102 9402 3576
f 5103 3576 9402
f 5103 10989 3577
f 11053 3577 10989
f 11053 11945 3577
f 9518 6368 3578
f 3579 12175 12176
f 5102 3580 9401
f 7880 12495 3581
f 12179 7881 3582
f 8403 4752 3583
f 12160 3583 4752
f 7112 3583 12160
f 4451 3584 4437
f 4451 8405 3584
f 11622 3584 8405
f 5319 3585 4865
f 3585 5372 4865
f 3585 5396 5372
f 12144 3586 5792
f 11011 3587 4058
f 7886 3587 8401
f 11011 8401 3587
f 3627 8369 3588
f 4705 3588 8464
f 9016 3588 4705
f 8464 3588 8369
f 11190 4570 3589
f 4570 11626 3589
f 11190 3589 12203
f 7889 12167 3590
f 12187 3591 12189
f 8766 12157 3593
f 3594 6636 9175
f 3594 10468 6636
f 3594 9175 8061
f 3594 9204 10468
f 4024 3595 9239
f 12622 3595 4024
f 8404 3595 7894
f 3595 12797 7894
f 9239 3595 8404
f 12622 12797 3595
f 3598 7896 3597
f 3598 12196 7896
f 5554 4248 3599
f 8769 7899 3600
f 8969 3600 7899
f 8769 3600 8378
f 3600 12198 8378
f 8761 3600 8969
f 8761 12198 3600
f 4866 3601 5389
f 3601 6707 5389
f 3601 6706 6707
f 3602 9223 3916
f 3602 4939 9223
f 3602 9230 4939
f 3603 11111 11045
f 12201 12630 3603
f 4070 10249 3604
f 10184 3604 10250
f 10184 11258 3604
f 3604 10249 10250
f 3605 12641 11874
f 8365 7847 3606
f 3606 7847 12145
f 8365 3606 7901
f 11778 3607 8804
f 3607 12002 8804
f 9827 9828 3607
f 3607 9828 12002
f 7906 11019 3608
f 7906 3608 12205
f 3608 11019 11045
f 11111 3608 11045
f 11111 12206 3608
f 6560 3609 7002
f 11295 3609 6560
f 8045 3610 3707
f 8045 6481 3610
f 9402 3610 6481
f 10983 3610 9402
f 12199 3611 4037
f 7908 7909 3611
f 7911 3612 3614
f 3614 3612 7913
f 7911 11329 3612
f 7913 3612 12211
f 11329 12790 3612
f 9034 5984 3613
f 6901 3613 6075
f 6901 9034 3613
f 12194 7911 3614
f 12224 3614 7913
f 12194 3614 12224
f 6961 3616 6962
f 8185 3616 6961
f 8185 9056 3616
f 12413 3617 5729
f 3617 12800 5729
f 12401 3617 10392
f 12413 10392 3617
f 12401 12794 3617
f 3617 12794 12800
f 3618 7432 12640
f 8978 3619 9589
f 8978 9640 3619
f 9589 3619 10086
f 8645 7269 3621
f 7269 10138 3621
f 8018 8822 3621
f 10138 8018 3621
f 3622 9788 3837
f 3622 4087 4086
f 3622 4086 9788
f 3622 8603 4087
f 12784 3623 8332
f 11005 12221 3623
f 7423 3624 4082
f 3624 4101 4098
f 4214 4101 3624
f 4214 3624 7423
f 11260 4722 3626
f 8604 3626 8523
f 8604 11628 3626
f 11260 3626 11628
f 3633 9401 3627
f 3627 9069 8369
f 3627 9401 9069
f 3628 8337 11440
f 12226 3628 11440
f 12226 12228 3628
f 3629 3631 7482
f 5653 3630 9576
f 3631 11783 7482
f 3631 7483 8801
f 3631 8801 11783
f 3632 4084 4083
f 3632 7429 4084
f 4688 3633 9256
f 4688 10097 3633
f 3633 11943 9401
f 10097 11943 3633
f 3634 5814 4167
f 3634 5959 5814
f 3635 11182 4526
f 3635 4722 11182
f 3636 3651 12249
f 3636 12249 12234
f 3637 7513 4072
f 3637 4072 12286
f 7938 3638 7056
f 12269 7056 3638
f 12269 3638 12228
f 7938 3652 3639
f 4135 3640 9406
f 10947 3640 4135
f 5106 3640 9405
f 5106 9406 3640
f 9129 9405 3640
f 10947 9129 3640
f 3641 4511 8958
f 3641 4574 8362
f 3641 8958 4574
f 11190 3641 8362
f 3645 12243 3642
f 3642 8332 7941
f 12784 8332 3642
f 12243 12784 3642
f 3643 5871 6701
f 3643 6710 5871
f 3643 6701 8041
f 3643 9163 6710
f 3643 8041 9163
f 3647 7946 10984
f 3649 7371 8933
f 7934 3650 8331
f 7934 12248 3650
f 3652 7056 6228
f 3652 6228 8359
f 7938 7056 3652
f 7470 3653 3656
f 6189 11847 3654
f 3655 5852 4938
f 3655 11502 5852
f 3655 11505 11502
f 3657 4228 4862
f 9147 4228 3657
f 10160 3657 4862
f 9482 3657 10160
f 3658 12252 8793
f 3658 8793 12659
f 3658 12265 12252
f 7958 8321 3659
f 3659 8321 12257
f 12257 8330 3659
f 3661 8320 7959
f 3661 7959 8322
f 3661 8322 8780
f 3661 8780 12765
f 3662 7961 11776
f 3666 12261 3663
f 3664 3897 9889
f 3664 5600 5586
f 3691 3665 11940
f 10548 3665 6497
f 3665 11942 6497
f 10548 11940 3665
f 12768 12261 3666
f 4387 3667 10183
f 10533 3667 4387
f 4537 5212 3667
f 5212 10183 3667
f 8786 4288 3668
f 12764 8786 3668
f 11003 12514 3668
f 12514 12764 3668
f 3669 5524 12451
f 9888 3669 9842
f 9842 3669 12451
f 9888 12720 3669
f 11301 7002 3670
f 11301 3670 7474
f 5356 3671 11398
f 3672 5978 4183
f 3672 4183 8428
f 4191 3679 3673
f 3679 5277 3673
f 8365 3673 5277
f 8365 7420 3673
f 8785 12522 3674
f 12275 8146 3677
f 12530 3677 8150
f 10834 12275 3677
f 12282 3678 12276
f 4191 8814 3679
f 12432 3680 12674
f 12671 12674 3680
f 7393 3681 8859
f 3681 8863 8859
f 9020 6501 3682
f 11383 3682 6501
f 10709 3682 8270
f 11383 8270 3682
f 8343 9020 3682
f 8343 3682 10709
f 3683 8427 4171
f 8883 8427 3683
f 3684 8911 3688
f 3684 4227 8911
f 3685 8316 7196
f 3685 8251 9388
f 3685 9388 8316
f 3686 5957 11940
f 3686 11940 10548
f 3687 11172 4185
f 3687 5063 4655
f 11172 3687 4655
f 3687 11427 5063
f 3687 10357 11427
f 8911 7376 3688
f 5803 3689 4233
f 4233 3689 8412
f 3690 3991 12588
f 7703 12582 3690
f 7703 3690 12591
f 3690 12588 12591
f 9719 6495 3691
f 9719 3691 11940
f 9207 3693 4278
f 10501 4278 3693
f 10501 3693 11887
f 11010 11887 3693
f 4090 8010 3694
f 12291 4090 3694
f 5271 3695 7307
f 12599 3695 5271
f 12599 7640 3695
f 10547 3696 5109
f 11937 5109 3696
f 11937 3696 6493
f 10547 10569 3696
f 3699 3697 8011
f 3698 3710 11767
f 7521 3699 12304
f 12311 3699 8011
f 12311 12304 3699
f 3700 7302 11603
f 3700 11603 9010
f 3715 3701 8001
f 10547 3702 3704
f 11938 3704 3702
f 5964 6491 3702
f 10547 5964 3702
f 6491 10558 3702
f 11938 3702 10558
f 3703 3795 5383
f 3703 5388 3795
f 3703 5383 9682
f 3703 5779 5388
f 3703 6541 5779
f 3703 9682 6541
f 11938 6489 3704
f 10547 3704 10569
f 7279 8225 3705
f 9243 3705 8225
f 7277 8214 3706
f 11569 7277 3706
f 3708 4751 10573
f 3708 12247 4751
f 3708 6486 12247
f 3708 10573 6895
f 8419 3709 5599
f 5599 3709 8885
f 6952 5624 3711
f 3713 3712 8824
f 6878 3713 8824
f 6878 9361 3713
f 3713 9361 9359
f 4250 3714 3717
f 4250 7973 3714
f 7973 6947 3714
f 3714 6947 11248
f 3715 11814 12312
f 4697 3718 3716
f 3716 3718 5595
f 4250 3717 10876
f 3717 9378 9300
f 10876 3717 9300
f 8441 4283 3718
f 3718 4283 8876
f 4697 8441 3718
f 5595 3718 8876
f 3720 4473 3838
f 6937 6922 3720
f 11843 3721 12321
f 3723 11213 5296
f 7718 9572 3723
f 7718 3723 9573
f 3723 9572 11213
f 6934 6917 3724
f 3724 6917 9570
f 6934 3724 9541
f 9541 3724 11220
f 3725 4243 11094
f 8440 3725 4289
f 8024 8025 3726
f 3727 8027 8031
f 3727 12327 8027
f 3728 4469 6914
f 5748 3728 6914
f 5748 9563 3728
f 7625 3729 7610
f 12309 3729 9940
f 8029 10690 3730
f 3730 10690 10651
f 12328 3730 10651
f 5584 3731 5586
f 7449 5598 3731
f 9882 3731 5598
f 12332 7560 3732
f 12332 3732 8031
f 8491 7454 3733
f 3733 7454 11763
f 3733 7458 7466
f 3733 11763 7458
f 8491 3733 11771
f 11210 3734 6910
f 11213 6910 3734
f 11210 11231 3734
f 8043 3735 7607
f 8048 7607 3735
f 8043 12345 3735
f 8048 3735 12343
f 3735 12345 12343
f 3736 12869 4430
f 6722 12204 3736
f 8087 3736 8717
f 8087 12869 3736
f 8717 3736 12204
f 3737 7031 7034
f 6873 9722 3738
f 9722 11171 3738
f 5472 3739 3740
f 3739 10601 4519
f 5472 10601 3739
f 6589 5101 3741
f 5101 9251 3741
f 6589 3741 6581
f 9251 9873 3741
f 10464 3742 3816
f 10464 10968 3742
f 10877 3743 4523
f 10877 6579 3743
f 3744 4486 7177
f 9583 4486 3744
f 6575 3744 7177
f 6575 11426 3744
f 11764 9583 3744
f 11764 3744 11426
f 6574 3745 7246
f 11249 7246 3745
f 11249 3745 7321
f 9318 4539 3746
f 4539 9887 3746
f 5667 3746 6742
f 9318 3746 5667
f 5865 3747 5422
f 9869 5422 3747
f 5865 6307 3747
f 9869 3747 9990
f 3748 5026 9275
f 3748 9870 5851
f 3748 9275 10889
f 3748 10889 9870
f 3749 3790 5866
f 10606 3790 3749
f 3749 5866 5308
f 4206 8850 3750
f 4266 11103 3750
f 4266 3750 11696
f 8850 11696 3750
f 3751 6988 3938
f 3751 3938 9797
f 3751 5365 9028
f 3751 9797 5365
f 5412 3752 4517
f 5412 5417 3752
f 3753 7058 12268
f 5482 4859 3754
f 3754 4859 9710
f 5482 3754 9159
f 3754 9710 9157
f 3761 3763 3755
f 3761 3755 8064
f 3755 3763 8052
f 3755 12352 8064
f 9090 3756 3758
f 3834 3757 11752
f 3757 7458 11763
f 3757 7464 11752
f 3757 11763 7464
f 4554 9090 3758
f 4119 10641 3759
f 12356 4119 3759
f 4120 3759 10641
f 4120 12357 3759
f 12356 3759 11957
f 11957 3759 12357
f 8052 3763 3760
f 11957 3760 3763
f 12357 3769 3760
f 11957 12357 3760
f 11722 3763 3761
f 12306 3761 8064
f 11722 3761 12362
f 12306 12362 3761
f 12670 3762 3985
f 7670 12583 3762
f 11722 11957 3763
f 10038 6291 3764
f 10589 3764 6470
f 10038 3764 10589
f 4627 10592 3765
f 10592 4950 3765
f 9196 6359 3766
f 3766 6359 9598
f 7661 3766 10105
f 3766 9598 10105
f 4122 3767 8027
f 8067 3767 4122
f 12332 3767 6190
f 12332 8027 3767
f 3768 10492 6695
f 3768 6695 11323
f 12727 3769 10690
f 10169 3770 4753
f 10544 4753 3770
f 5109 3770 6485
f 11937 3770 5109
f 10169 6485 3770
f 10544 3770 11937
f 9869 4564 3771
f 4564 10187 3771
f 10187 10389 3771
f 8850 3772 11700
f 3772 11701 11700
f 3776 3773 3775
f 3775 3773 12356
f 3776 7579 3773
f 3773 4119 12356
f 7725 3774 5578
f 9075 3774 9779
f 3775 12364 3776
f 11722 3775 12356
f 11722 12362 3775
f 3775 12362 12364
f 3776 5685 7579
f 3776 12364 5685
f 3777 4150 4441
f 3777 5194 4150
f 3777 4441 5706
f 3777 12748 5194
f 3777 5706 6180
f 3777 6180 7047
f 3777 7047 12748
f 3779 4618 6859
f 6714 4858 3780
f 3780 4858 9649
f 3780 9649 10233
f 3781 5020 5008
f 3781 7279 5020
f 5037 8225 3781
f 3781 8225 7279
f 7236 3782 11536
f 3782 9582 11193
f 11194 9582 3782
f 11536 3782 11193
f 3794 6212 3783
f 3783 6383 4630
f 3783 6212 6383
f 8130 8083 3784
f 9737 3784 8083
f 8130 3784 8851
f 8851 3784 12382
f 9130 3784 9737
f 9130 12382 3784
f 12601 3785 12598
f 4849 4334 3786
f 4849 3786 5421
f 3786 9156 5421
f 6715 12140 3786
f 3786 12140 9156
f 9737 8083 3787
f 12448 3787 8084
f 8869 9737 3787
f 8869 3787 12448
f 3788 8825 4194
f 11713 8825 3788
f 8088 8932 3789
f 8932 8869 3789
f 8869 12367 3789
f 11773 3789 12367
f 5866 3790 5790
f 10320 5790 3790
f 10606 10320 3790
f 3791 3792 3793
f 10978 3792 3791
f 7588 3791 3793
f 10978 3791 12393
f 8092 3793 3792
f 8462 3792 8080
f 10978 8080 3792
f 8092 3792 8462
f 6727 3793 8092
f 6727 11906 3793
f 7588 3793 11906
f 3794 5876 4949
f 3794 4949 6212
f 3794 11963 5876
f 6643 3795 5358
f 3795 7041 5358
f 6643 5383 3795
f 3795 5388 7041
f 3796 8478 4097
f 3796 4097 10801
f 3796 8483 8478
f 3796 11720 8483
f 3796 10801 11720
f 3797 6727 12760
f 8043 7607 3797
f 8043 3797 9969
f 9969 3797 12760
f 10544 3798 3830
f 3830 3798 10580
f 3798 6493 6484
f 10580 3798 6484
f 11937 6493 3798
f 10544 11937 3798
f 10326 3800 5795
f 6649 3826 3803
f 9330 3803 3826
f 3803 8809 3842
f 3803 11281 8809
f 9330 11281 3803
f 4118 5716 3805
f 4118 3805 8903
f 4487 8903 3805
f 4487 3805 12151
f 8653 3805 5716
f 8653 12151 3805
f 3807 4258 4261
f 8106 4258 3807
f 3807 4261 12405
f 12750 8106 3807
f 3807 12405 8114
f 12750 3807 8114
f 12833 3809 4692
f 12843 4692 3809
f 5450 3809 8903
f 5450 12843 3809
f 8903 3809 11915
f 12833 11915 3809
f 5532 5907 3811
f 3811 10029 5884
f 3816 4931 9992
f 3819 5830 8136
f 3819 12430 5830
f 3819 8136 10870
f 3819 10870 8581
f 8581 3820 4096
f 12419 4096 3820
f 10113 3820 8119
f 8119 3820 10870
f 8581 10870 3820
f 10113 12419 3820
f 3823 8120 3821
f 3823 3821 12735
f 8120 12419 3821
f 10113 3821 12419
f 10113 12422 3821
f 12422 12735 3821
f 3822 5119 4016
f 7652 5119 3822
f 7652 3822 7658
f 3823 12735 7185
f 3823 7185 12771
f 3823 12421 8120
f 3823 12771 12421
f 3836 3834 3829
f 5804 3830 8045
f 10544 3830 5804
f 3830 6481 8045
f 3830 10580 6481
f 11754 11758 3836
f 3938 6988 3837
f 9788 3938 3837
f 6988 10115 3837
f 3883 3840 4456
f 3883 8744 3840
f 3840 4052 4456
f 3840 12617 4052
f 7454 3842 11756
f 11756 3842 8809
f 3843 11749 3856
f 7451 11749 3843
f 7451 3843 11750
f 3843 11752 11750
f 7451 11750 3844
f 3844 8809 11281
f 11750 8809 3844
f 9328 3844 11281
f 4486 3845 4497
f 7565 3845 4486
f 9590 4497 3845
f 5299 9590 3845
f 11944 12809 3846
f 12436 8133 3847
f 12433 8140 3847
f 12436 3847 8140
f 12433 3847 12424
f 11920 7616 3848
f 12809 7629 3849
f 12436 3849 8133
f 12436 12809 3849
f 6430 8033 3850
f 6430 3850 9717
f 3850 8033 9156
f 3850 9156 12140
f 3850 12140 9717
f 6083 3851 12694
f 6086 3851 11871
f 6086 12694 3851
f 11871 3851 6244
f 3852 5722 6398
f 3853 5960 4447
f 3853 4447 7841
f 3853 7841 9562
f 3857 3855 12453
f 3857 12455 3855
f 8154 9892 3855
f 12455 8154 3855
f 12453 3855 9892
f 11257 3856 11749
f 3857 8595 12455
f 3858 8323 4492
f 3858 4492 10982
f 3858 10980 8323
f 3858 12548 10980
f 11651 3858 10982
f 11651 12548 3858
f 4494 3859 6036
f 4494 8096 3859
f 3859 12729 6036
f 3859 8096 8977
f 3859 8977 12549
f 3859 12549 12729
f 5390 6522 3860
f 5390 3860 11187
f 5391 3860 9690
f 11187 3860 5391
f 7108 12458 3861
f 12459 7108 3861
f 8160 9785 3861
f 8160 3861 12458
f 3861 9785 12467
f 12459 3861 12467
f 3867 3862 10594
f 3867 12465 3862
f 3862 3872 7108
f 3862 12465 3872
f 12459 3862 7108
f 12459 10594 3862
f 5330 5971 3864
f 3864 10021 10349
f 7769 3865 7826
f 12463 3865 7769
f 7826 3865 11131
f 12463 8082 3865
f 8082 12739 3865
f 12739 11131 3865
f 3867 3866 8166
f 3867 10594 3866
f 3866 8161 7950
f 3866 7950 8166
f 3866 10594 8161
f 5561 3868 3998
f 4855 5341 3868
f 5561 4855 3868
f 8323 3869 8073
f 8073 3869 9892
f 9007 3869 8323
f 9007 9785 3869
f 9782 3869 9785
f 9782 9892 3869
f 6475 5987 3870
f 10899 3870 6469
f 10899 6475 3870
f 8161 3871 8068
f 8170 8068 3871
f 8075 3871 12738
f 8161 12738 3871
f 7108 3872 11340
f 7769 7826 3872
f 7769 3872 12465
f 7826 11340 3872
f 8070 3873 4502
f 4502 3873 9759
f 8070 12736 3873
f 3873 9077 12568
f 3873 12736 9077
f 3873 12568 9759
f 3874 7487 8066
f 10784 7487 3874
f 3874 8066 10976
f 12427 10784 3874
f 12607 3874 10976
f 12427 3874 12607
f 5634 3875 3928
f 3928 3875 8174
f 5634 10975 3875
f 8046 3875 5758
f 5758 3875 10975
f 8046 8174 3875
f 10782 4634 3876
f 4634 12726 3876
f 3877 5513 5465
f 3877 5465 8297
f 3877 11998 5513
f 8183 11998 3877
f 12482 8183 3877
f 12482 3877 8297
f 3878 5465 8177
f 12476 5465 3878
f 3878 8022 5813
f 3878 5813 12722
f 3878 8177 8022
f 12476 3878 12722
f 3879 9875 4066
f 3879 4066 12737
f 8821 3879 9019
f 8821 9875 3879
f 12673 9019 3879
f 12673 3879 12737
f 10541 3880 5987
f 6479 6468 3880
f 10540 3880 6468
f 6479 3880 11936
f 10541 11936 3880
f 7575 7223 3881
f 12724 3881 7223
f 7575 3881 8180
f 8180 3881 12721
f 12721 3881 12141
f 12724 12141 3881
f 6216 6276 3882
f 6278 6216 3882
f 8034 3882 6276
f 6278 3882 11830
f 8034 9089 3882
f 3883 4445 8744
f 3883 4456 7064
f 3895 11742 3884
f 3895 3884 11746
f 3884 7427 11746
f 11726 3884 11742
f 8190 3885 3891
f 3885 9638 3891
f 7724 9638 3885
f 8190 12483 3885
f 11839 6172 3886
f 10402 3886 9688
f 10402 11841 3886
f 11841 11839 3886
f 3887 12718 8004
f 3887 8182 12718
f 3895 11746 3888
f 11255 6956 3888
f 11743 3888 6956
f 11255 3888 11746
f 7154 7575 3889
f 8188 7154 3889
f 7575 12487 3889
f 12488 8187 3890
f 12489 3891 9638
f 3892 8191 10758
f 10741 3892 10758
f 10741 12490 3892
f 3893 10600 10945
f 10741 3894 8193
f 12491 8193 3894
f 10741 10611 3894
f 7446 11742 3895
f 5575 3896 12848
f 3896 5592 9868
f 3896 9868 9867
f 12848 3896 9867
f 3897 5582 4091
f 4091 12654 3897
f 9889 3897 12654
f 10914 7456 3898
f 11139 3898 7456
f 10914 3898 11128
f 4675 6837 3899
f 4675 3899 12497
f 9383 3899 9231
f 9383 12497 3899
f 7532 3900 11366
f 10252 8006 3901
f 3901 8006 12624
f 9228 12499 3901
f 9228 3901 12624
f 9233 10252 3901
f 9233 3901 12499
f 3902 4386 5905
f 3902 10171 4386
f 9097 3902 5905
f 3902 8686 10171
f 3903 8202 12537
f 12717 8202 3903
f 12501 3903 12387
f 3903 12537 12387
f 12501 12717 3903
f 4924 3904 3916
f 3904 8817 3916
f 4924 8733 3904
f 8733 8644 3904
f 8644 8817 3904
f 7988 4681 3905
f 11405 3905 4681
f 7988 3905 12054
f 7995 3905 11405
f 7995 12712 3905
f 12712 12054 3905
f 12504 3906 10193
f 12504 11275 3906
f 3911 12511 3907
f 7994 9245 3907
f 7994 3907 12505
f 3907 9245 8206
f 12505 3907 12511
f 10930 4687 3908
f 11619 3908 4687
f 10930 3908 12054
f 11619 10931 3908
f 12634 3908 10931
f 12634 12054 3908
f 3909 6531 6508
f 12507 3909 6508
f 3909 8208 6531
f 3909 12537 8208
f 12507 12271 3909
f 3909 12271 12537
f 3911 3910 12509
f 3910 12387 12271
f 3910 12271 12509
f 3910 12508 12387
f 3911 12509 11067
f 3911 11067 12511
f 4053 7592 3913
f 9884 4053 3913
f 7592 7976 3913
f 12274 3913 7976
f 9507 10839 3913
f 9507 3913 12274
f 9884 3913 10839
f 3914 10919 4695
f 12635 3914 10140
f 12643 10140 3914
f 3914 12613 10919
f 12635 12613 3914
f 3915 4695 12512
f 3915 8615 12513
f 3915 12528 8615
f 3915 12512 12528
f 9223 4924 3916
f 7359 8216 3917
f 7359 3917 9965
f 8216 12645 3917
f 9965 3917 10915
f 12645 10915 3917
f 7359 9965 3918
f 7359 3918 12516
f 9965 8217 3918
f 12759 3918 8217
f 12885 12516 3918
f 12885 3918 12759
f 3919 7910 10894
f 8218 3919 8216
f 8236 8216 3919
f 8236 3919 10894
f 8219 11388 3920
f 3920 12518 10832
f 11404 3920 11388
f 11404 12518 3920
f 3925 3921 8220
f 3925 8224 3921
f 3921 10832 8220
f 3921 8224 12519
f 10193 10832 3921
f 10193 3921 12519
f 12199 11744 3922
f 7178 7162 3923
f 7162 12521 3923
f 8222 7178 3923
f 9577 8222 3923
f 9577 3923 12885
f 12885 3923 12521
f 3924 5098 5113
f 3925 7978 8224
f 3925 12523 7978
f 3925 8220 11925
f 3925 11925 12523
f 3926 7943 12524
f 3926 7978 12466
f 3926 12524 7978
f 10915 3926 12466
f 3927 8220 8227
f 3927 11925 8220
f 12372 3927 8227
f 3927 12336 11925
f 12372 12336 3927
f 11997 3928 8174
f 11057 3928 11997
f 3929 8231 3932
f 3929 3932 12529
f 3929 8229 12528
f 3929 12529 8229
f 3929 12230 8231
f 3929 12528 12230
f 8704 9178 3930
f 8704 3930 12003
f 11051 12003 3930
f 3931 6006 6046
f 9976 6006 3931
f 3931 6046 10631
f 9976 3931 11362
f 10603 3931 10631
f 10603 11362 3931
f 3932 8212 8230
f 11404 8212 3932
f 3932 8230 12529
f 11404 3932 8231
f 3933 8232 10036
f 10967 8232 3933
f 10967 3933 9274
f 12700 9274 3933
f 3933 10036 10897
f 12700 3933 10897
f 3934 11349 3965
f 3934 10359 11824
f 3934 11824 11349
f 3989 3935 4157
f 3989 9217 3935
f 4489 3935 4490
f 4490 3935 9221
f 9221 3935 9217
f 8235 4716 3936
f 10896 3936 4716
f 8235 3936 7970
f 10896 12534 3936
f 8236 3937 4716
f 10898 4716 3937
f 8236 10894 3937
f 9083 3937 10894
f 9083 12698 3937
f 10898 3937 12698
f 3938 8607 9797
f 8239 9750 3940
f 8239 3940 10454
f 3940 9750 12538
f 10525 10454 3940
f 10525 3940 10534
f 3940 12538 10534
f 4039 4907 3941
f 6600 3941 4907
f 9206 3941 6600
f 9766 3942 9750
f 12538 9750 3942
f 9766 10136 3942
f 12542 12538 3942
f 11050 7730 3943
f 3943 7730 12861
f 8540 12029 3943
f 8551 11050 3943
f 8551 3943 12029
f 3944 12043 8530
f 12853 3945 12856
f 3946 7753 8606
f 3946 12051 7753
f 3946 8606 8605
f 3946 8605 8632
f 3946 8632 12692
f 8245 8246 3947
f 8245 3947 12695
f 8246 9227 3947
f 9216 3947 9227
f 9216 12545 3947
f 12695 3947 12545
f 7036 6989 3948
f 6989 12546 3948
f 7036 3948 8247
f 8632 8247 3948
f 8632 3948 8248
f 3948 12546 8248
f 4105 3949 5115
f 4105 10230 3949
f 3949 4135 5115
f 10947 4135 3949
f 8984 3949 10230
f 8984 10947 3949
f 8573 8510 3950
f 8325 4777 3951
f 12652 3951 4777
f 8325 3951 10891
f 9857 3951 12378
f 12691 3951 9857
f 12691 10891 3951
f 12378 3951 12652
f 6747 3952 6740
f 8251 6740 3952
f 12550 3952 6747
f 9388 3952 7878
f 7878 3952 12550
f 8251 3952 9388
f 12404 7761 3953
f 7761 12699 3953
f 3954 6890 6945
f 3954 12552 7871
f 8014 3955 7873
f 3955 10000 7873
f 10000 3955 12539
f 3956 7249 4788
f 10890 3956 4788
f 8325 7249 3956
f 3956 9841 8325
f 9841 3956 12653
f 10890 12653 3956
f 3957 6870 3963
f 3957 3963 12555
f 3957 6881 6870
f 8256 6881 3957
f 7569 8256 3957
f 7569 3957 12555
f 8258 6890 3959
f 3959 6890 12557
f 7029 3959 7569
f 7029 8258 3959
f 7569 3959 8256
f 8256 3959 12557
f 7144 3960 7319
f 3960 7517 7319
f 7768 7517 3960
f 3961 8490 12069
f 3961 12838 8490
f 8501 11038 3961
f 8501 3961 12069
f 12420 3961 11038
f 12420 12838 3961
f 7029 7036 3962
f 7029 3962 7319
f 7036 12560 3962
f 7144 7319 3962
f 7144 3962 12560
f 8262 3963 6870
f 8262 12563 3963
f 3963 12546 12555
f 3963 12563 12546
f 3964 6747 6765
f 8263 6747 3964
f 3964 6765 12562
f 6881 3964 6870
f 6870 3964 12562
f 8263 3964 6881
f 3965 9957 10505
f 3965 11775 9957
f 11349 11775 3965
f 12564 6232 3966
f 3966 8265 12251
f 12386 3966 12251
f 12564 3966 12386
f 3967 6202 10319
f 10361 6202 3967
f 10362 3967 10319
f 10361 3967 11781
f 10362 12868 3967
f 3968 12677 4000
f 10853 12677 3968
f 3969 7425 7439
f 3969 11729 7430
f 3969 7439 11738
f 3969 11738 11729
f 7794 7868 3970
f 8269 3970 7868
f 8269 12116 3970
f 3981 3971 7868
f 3981 10155 3971
f 8269 7868 3971
f 8268 3971 10155
f 8268 12567 3971
f 8269 3971 12567
f 3973 3972 6065
f 12571 3972 3973
f 9397 6065 3972
f 12579 3972 12571
f 8272 3973 6065
f 12580 12571 3973
f 3974 5799 5855
f 12572 5799 3974
f 8273 3974 5855
f 5638 3975 5773
f 8268 3975 5638
f 3975 5799 5773
f 3975 6012 5799
f 12573 6012 3975
f 8268 12573 3975
f 3976 5474 7492
f 8278 5474 3976
f 3976 5855 6012
f 3976 12574 5855
f 3976 6012 12573
f 3976 7492 12574
f 8278 3976 12573
f 3977 5638 5773
f 3977 12575 5638
f 8276 3977 5773
f 10566 4246 3978
f 5519 10517 3978
f 10563 3978 10517
f 10563 10566 3978
f 3979 12097 8655
f 3979 12439 12097
f 3980 5474 4179
f 8279 3980 4179
f 3980 7492 5474
f 3980 11028 5517
f 3980 5517 12565
f 3980 12565 7492
f 8279 11028 3980
f 3981 7865 10155
f 3981 12579 7865
f 8280 3981 7868
f 3982 4393 7155
f 3982 12581 4393
f 3984 3983 12456
f 10860 3985 7668
f 12670 3985 10860
f 3986 12119 11027
f 3986 12495 12119
f 3987 3989 4157
f 3987 4157 9213
f 4186 9211 3987
f 4186 3987 9213
f 8296 3996 3988
f 5091 3988 10861
f 12585 3988 5091
f 12585 8296 3988
f 3993 8437 7819
f 3993 7819 8443
f 8295 12572 3996
f 12124 3997 7638
f 4853 5561 3998
f 4853 3998 5593
f 5593 3998 9153
f 12685 3999 7670
f 12666 3999 12685
f 5107 4000 4658
f 7601 4020 4001
f 4020 7640 4001
f 12599 4001 7640
f 6047 7693 4002
f 6047 4002 11218
f 7693 9765 4002
f 4002 9765 8259
f 9843 4002 8259
f 9843 11218 4002
f 7657 4658 4003
f 4658 9417 4003
f 7657 4003 5108
f 5108 4003 12631
f 12684 4003 9417
f 12631 4003 12684
f 4029 4004 6957
f 6582 4004 6771
f 5170 12603 4005
f 4005 8305 5314
f 12611 4005 5314
f 12603 8305 4005
f 4006 7619 7614
f 4006 8350 7619
f 4006 12660 8350
f 5731 4013 4007
f 12605 4007 4013
f 5317 5385 4007
f 12605 5317 4007
f 4007 5385 8306
f 5731 4007 5862
f 4007 8306 5862
f 4008 5367 5317
f 8307 4008 5317
f 4008 6225 5367
f 4008 9424 6225
f 8307 8313 4008
f 4008 8313 9424
f 4010 12608 5418
f 5648 6084 4010
f 6084 6198 4010
f 4010 6198 12608
f 4011 5572 5418
f 4011 5418 8310
f 4011 12632 7956
f 4011 8310 12632
f 5731 5862 4012
f 4012 5862 8311
f 4013 5731 8312
f 6188 4013 8312
f 4372 4014 9148
f 4372 9152 4014
f 6712 5404 4014
f 9148 4014 5404
f 6712 4014 9151
f 9152 9151 4014
f 5119 4015 6836
f 5119 10850 4015
f 7653 4015 6384
f 10850 6384 4015
f 10849 6836 4015
f 7653 10849 4015
f 5119 6836 4016
f 4434 4444 4017
f 6927 4434 4017
f 4444 5130 4017
f 7052 6927 4017
f 4018 9483 5120
f 4018 5120 10848
f 4018 7175 7827
f 4018 10848 7175
f 4018 7827 9483
f 4019 8755 4052
f 4019 4052 12617
f 4019 12637 7645
f 4019 12617 12637
f 7338 7640 4020
f 10846 4020 7601
f 4021 11775 4988
f 4021 9878 12425
f 4021 12425 11775
f 4022 5000 4905
f 6374 4022 4905
f 6373 4022 9517
f 9517 4022 6374
f 7906 4023 11019
f 4024 9239 4025
f 9403 4024 4025
f 9403 9385 4024
f 12625 4024 9385
f 12625 12622 4024
f 4025 9239 7872
f 12626 4025 7872
f 12629 9403 4025
f 12629 4025 12626
f 4026 10614 5248
f 4026 5873 10614
f 4026 10753 5873
f 4026 6376 10753
f 6382 9489 4027
f 6382 4027 9514
f 4452 4028 6198
f 4452 8755 4028
f 4028 12608 6198
f 8761 4030 12198
f 12628 4030 8761
f 9907 4030 9912
f 9907 12198 4030
f 4030 9908 9912
f 12628 9908 4030
f 4031 5553 9291
f 4032 12626 8333
f 10549 12629 4032
f 4032 12629 12626
f 8326 4033 7846
f 8326 9403 4033
f 12629 4033 9403
f 10549 4033 12629
f 4168 4683 4034
f 8335 4035 12636
f 12639 4035 8335
f 10263 10688 4035
f 12639 10263 4035
f 4035 10688 12053
f 4035 12053 12636
f 4036 5217 10776
f 4036 6381 10745
f 4036 10776 6381
f 10718 4036 10745
f 12199 4037 11734
f 4998 4268 4038
f 4998 4038 4903
f 9207 4278 4039
f 4039 4278 11967
f 4039 11967 4907
f 8691 4156 4040
f 4683 5441 4040
f 8691 4040 5441
f 4041 5124 10263
f 4041 12641 5124
f 4041 10263 12639
f 4041 12194 11874
f 4041 11874 12641
f 4041 12639 12194
f 7059 4042 8341
f 7059 12305 4042
f 7631 12385 4042
f 4042 12385 8341
f 5124 4043 10263
f 12610 4043 5124
f 10263 4043 10688
f 11122 10688 4043
f 11122 4043 12385
f 12610 12385 4043
f 8339 8336 4044
f 4044 8336 12053
f 8339 4044 12623
f 7610 7071 4045
f 4045 7071 8746
f 7610 4045 8344
f 7624 4045 7643
f 7624 8344 4045
f 7643 4045 8746
f 4349 4046 6624
f 4349 10468 4046
f 4046 10468 5000
f 5717 4047 4064
f 10164 4064 4047
f 5717 5500 4047
f 10082 4047 5500
f 10082 6915 4047
f 10164 4047 6915
f 4048 8127 5879
f 11683 4048 5879
f 4048 8347 8127
f 8884 8347 4048
f 8884 4048 12638
f 11683 12638 4048
f 4136 5392 4049
f 4136 4049 9691
f 4049 5392 11201
f 4049 5393 6097
f 4049 11201 5393
f 4049 6097 9691
f 7620 4050 12621
f 12302 10016 4050
f 10016 12648 4050
f 4050 12648 12621
f 7608 4051 9497
f 7608 11623 4051
f 4051 9540 7622
f 4051 11623 9540
f 12307 4456 4052
f 9943 4052 8755
f 9943 12307 4052
f 4053 5144 7592
f 9884 12660 4053
f 4054 5186 4942
f 8367 5186 4054
f 4055 4060 8374
f 7596 4055 9229
f 10721 4055 8374
f 10721 9229 4055
f 10109 5826 4056
f 4061 5112 4057
f 8360 4061 4057
f 4057 5112 12244
f 8360 4057 8356
f 8371 12185 4058
f 6712 4059 5861
f 4059 6720 5861
f 6712 7987 4059
f 4059 9552 6720
f 7987 9552 4059
f 4060 4081 8374
f 4061 8793 5112
f 8360 12454 4061
f 4061 12659 8793
f 4061 12454 12659
f 4062 5168 10839
f 4062 11623 5168
f 4062 10839 8881
f 4062 8881 12707
f 4062 10835 11623
f 4062 12707 10835
f 4063 10984 12252
f 11523 4063 12265
f 11523 12661 4063
f 4063 12252 12265
f 6067 4064 4333
f 6067 5717 4064
f 12277 4065 5767
f 12277 7649 4065
f 9874 4066 8294
f 9875 8294 4066
f 9697 4066 9874
f 9697 12737 4066
f 4251 4067 5811
f 4251 10154 4067
f 9044 5811 4067
f 9044 4067 6944
f 4068 9282 11425
f 4069 4093 6020
f 4069 9690 4093
f 4069 6020 5199
f 4069 5199 11839
f 4069 5391 9690
f 4069 11839 5391
f 6860 4109 4070
f 4070 4109 10249
f 7290 4071 8778
f 12669 4071 7290
f 12669 12667 4071
f 4664 4072 7516
f 4664 8123 4072
f 4072 7513 7516
f 12286 4072 8123
f 4073 5757 8126
f 4073 8959 5757
f 4073 8594 8959
f 4074 4201 7410
f 4075 8375 4076
f 4075 4076 12674
f 4075 8374 8376
f 10721 8374 4075
f 4075 8376 8375
f 10721 4075 12674
f 12464 4076 8375
f 12464 12432 4076
f 12432 12674 4076
f 4077 12676 4079
f 4077 4079 12682
f 4077 8376 8380
f 4077 12682 8376
f 4077 8380 8377
f 4077 8377 12676
f 4079 8382 4515
f 4079 4515 12682
f 4079 12676 8382
f 7426 4082 4080
f 5272 4923 4080
f 4081 8380 8374
f 4081 8379 12678
f 4081 12678 8380
f 7475 4083 12745
f 7429 4887 4084
f 9044 5767 4085
f 4085 10133 10703
f 4086 4087 6915
f 10082 4086 6915
f 9788 4086 12410
f 12410 4086 10082
f 5709 4087 8603
f 10280 4087 5709
f 10280 6915 4087
f 11065 9252 4088
f 11065 4088 10446
f 4089 8389 12039
f 4089 12218 8389
f 4089 11905 10464
f 4089 12039 11905
f 12291 12218 4090
f 4091 9777 5275
f 4091 5275 12654
f 4091 5582 9777
f 12647 4092 7972
f 12647 8127 4092
f 4093 5394 11838
f 4093 11838 6020
f 11840 5027 4094
f 11842 4094 5027
f 12137 8395 4094
f 12137 4094 11842
f 10966 4095 5004
f 5004 4095 12493
f 7442 4095 10966
f 9713 8581 4096
f 12775 4096 12419
f 4114 4097 11712
f 8478 8820 4097
f 8820 11712 4097
f 11830 4098 4101
f 10514 4920 4099
f 4920 11160 4099
f 10514 4099 6547
f 4100 8399 8828
f 4100 12703 8400
f 4100 8400 12705
f 4100 8828 12703
f 4214 4102 4101
f 6278 4101 4102
f 6278 11830 4101
f 4230 4102 4214
f 4293 5009 4103
f 4293 4103 12734
f 4103 7516 7513
f 12734 4103 7513
f 4104 7519 7522
f 4105 10863 5098
f 4105 5115 10863
f 9607 10230 4105
f 4106 8528 7540
f 4106 7540 8538
f 4106 12444 8528
f 4106 8538 12830
f 4186 4107 4911
f 4186 12177 4107
f 4482 4911 4107
f 9379 4482 4107
f 9379 4107 12177
f 7568 7571 4108
f 7568 4108 9683
f 4108 11042 9683
f 4108 12831 11042
f 6860 6833 4109
f 4110 8529 7568
f 4110 7568 9683
f 4110 9903 8529
f 4111 8409 4513
f 8989 4111 4513
f 4111 8399 8409
f 12650 8399 4111
f 12650 4111 8989
f 4112 4367 5550
f 4112 4631 4726
f 4112 5562 4631
f 4112 5550 5562
f 4113 8409 8399
f 4113 10162 8409
f 8906 11041 4113
f 4113 11041 10162
f 7413 4114 8468
f 4114 8831 8468
f 4114 11712 8831
f 5589 4115 8824
f 6878 8824 4115
f 5589 4197 4117
f 4117 4197 7414
f 11079 4117 7414
f 4118 5930 5716
f 4118 8104 5930
f 4118 11915 8104
f 4118 8903 11915
f 4119 8067 10641
f 4121 4120 10641
f 4121 10641 4122
f 4121 4122 12327
f 8422 10651 4121
f 8422 4121 12327
f 4122 8027 12327
f 8067 4122 10641
f 8892 4123 11706
f 10380 4129 4124
f 4124 4129 11084
f 6953 4124 6864
f 10380 4124 6953
f 5370 4125 11514
f 11114 11514 4125
f 4133 12863 4126
f 8110 4126 8566
f 5930 4127 6973
f 5930 8970 4127
f 9981 5670 4128
f 9981 4128 9995
f 7413 8468 4129
f 7413 4129 8833
f 4129 8468 11084
f 10380 8833 4129
f 4147 9846 4130
f 4147 4130 11290
f 4130 5546 4229
f 5550 4130 4229
f 4130 9846 5546
f 5550 9836 4130
f 9836 11290 4130
f 8043 9969 4131
f 4131 12732 8043
f 9934 4131 8434
f 10055 8434 4131
f 12732 4131 9934
f 10055 4131 9969
f 4132 11074 4690
f 4133 8970 8114
f 4133 8114 12405
f 4133 12405 12863
f 4485 4178 4134
f 10807 4134 4178
f 4485 4134 12547
f 8892 4134 10807
f 8892 11706 4134
f 11706 12547 4134
f 10852 5115 4135
f 4135 9406 5116
f 10852 4135 5116
f 4136 4149 5392
f 4136 11837 4149
f 4136 9691 9694
f 4136 9694 11837
f 4137 7185 12735
f 9934 9894 4137
f 9934 4137 12733
f 4137 12735 12733
f 4138 4202 7411
f 4138 11709 4202
f 4158 8939 4139
f 4158 4139 10167
f 4139 8939 8450
f 4139 9423 10167
f 5118 4141 4166
f 4141 11931 4166
f 5118 10826 4141
f 4141 10826 9418
f 4141 9418 11931
f 4142 8110 12777
f 9213 4157 4143
f 9213 4143 8792
f 4143 11347 8792
f 12401 12412 4144
f 4145 4312 4311
f 4145 4311 6216
f 6035 4312 4145
f 6035 4145 12058
f 7407 4146 4155
f 4146 11704 11705
f 4147 6049 11283
f 4147 11290 6049
f 4147 11283 9846
f 4148 7840 4164
f 4240 5392 4149
f 4240 4149 6416
f 10026 4149 6170
f 4149 11837 6170
f 10026 6416 4149
f 4441 4150 9639
f 5194 9284 4150
f 9236 4150 9284
f 9639 4150 9236
f 12811 5019 4151
f 4154 4152 4153
f 4153 4152 4624
f 8924 4624 4152
f 8924 4152 5062
f 4154 4153 12769
f 4153 4624 4622
f 4153 4622 12767
f 4153 12767 12769
f 4154 7748 7641
f 4154 12769 7748
f 4173 11707 4155
f 4158 8470 10178
f 4158 11733 8939
f 4158 10178 11733
f 4685 7840 4160
f 8718 4685 4160
f 4161 8722 5273
f 4161 8421 8722
f 4345 4162 7058
f 10720 4162 4345
f 10720 9961 4162
f 4216 4165 7383
f 4216 8887 4165
f 8702 4165 8887
f 4169 5118 4166
f 4169 4166 9416
f 6466 9416 4166
f 6466 4166 11931
f 4167 5814 7518
f 4169 6218 5118
f 4169 6087 6218
f 4169 11247 6087
f 4169 9416 11247
f 4170 5579 12813
f 8426 4170 12813
f 8698 4171 8427
f 4172 8698 8427
f 4174 7405 4173
f 4173 8842 11707
f 4174 4175 11703
f 4174 11703 7405
f 12210 4176 6048
f 4176 11635 8904
f 4271 5218 4177
f 4271 4177 12443
f 5218 7045 4177
f 7045 7007 4177
f 7046 4177 7007
f 7046 12443 4177
f 4184 4178 5011
f 12711 4178 4184
f 4485 5011 4178
f 6162 10807 4178
f 6162 4178 12711
f 8278 4179 5474
f 8278 7865 4179
f 12577 4179 7865
f 8279 4179 12577
f 9716 4180 8846
f 4180 12377 8846
f 9716 11088 4180
f 4676 9548 4181
f 4676 4181 9589
f 8978 9589 4181
f 8978 4181 10093
f 12447 4181 9548
f 12447 10093 4181
f 7228 5021 4183
f 8695 4183 5021
f 7228 4183 5978
f 8695 8428 4183
f 8477 4184 5011
f 5208 4184 8477
f 11172 4554 4185
f 4186 4911 9211
f 4186 9213 12177
f 8460 4187 11088
f 8460 11703 4187
f 4188 8431 5021
f 7413 8833 4190
f 4190 8833 8813
f 8848 4192 7372
f 9716 7372 4192
f 7404 8460 4192
f 7404 4192 8848
f 8460 11088 4192
f 9716 4192 11088
f 4680 12657 4193
f 4680 4193 12677
f 7658 4193 12657
f 12418 6889 4194
f 12418 4194 8825
f 11523 4195 8773
f 11523 12265 4195
f 4238 5614 4196
f 11602 4238 4196
f 11602 4196 4842
f 4547 4824 4197
f 8476 4547 4197
f 7414 4197 4824
f 8476 4197 5589
f 4221 4198 9616
f 9616 4198 8849
f 4199 7792 7790
f 4199 7790 12088
f 8837 4201 12383
f 8835 4202 11709
f 8177 4203 8022
f 5597 7386 4204
f 8429 5597 4204
f 4204 7386 8879
f 8429 4204 12369
f 8440 4204 8879
f 8440 12369 4204
f 4217 11685 4205
f 4205 8873 8436
f 11685 8873 4205
f 4206 4221 12377
f 4207 11691 7395
f 4207 8436 11691
f 4222 4209 4211
f 8509 4211 4209
f 4219 4212 4209
f 12803 4209 4212
f 4222 4219 4209
f 8509 4209 12803
f 8509 12808 4211
f 4226 4213 4220
f 4256 4220 4213
f 4226 8488 4213
f 12806 4213 8488
f 4230 4214 11731
f 4214 7423 11731
f 7830 5019 4215
f 8702 4215 5019
f 8702 8887 4215
f 4325 5601 4216
f 4325 4216 7383
f 4216 5601 8315
f 4216 8315 8887
f 4217 5601 4326
f 4217 8888 5601
f 4218 8318 8889
f 4222 8499 4219
f 4226 4220 12800
f 4221 9616 11671
f 12377 4221 11671
f 5827 5729 4224
f 5827 4224 8499
f 4353 5604 4225
f 7855 4225 5604
f 7855 5704 4225
f 8898 4225 5704
f 4226 8495 8488
f 4226 12794 8495
f 4226 12800 12794
f 7855 5604 4227
f 8911 4227 5604
f 12366 7855 4227
f 5714 4228 4848
f 9147 4848 4228
f 4228 5429 4862
f 5714 5429 4228
f 5546 5544 4229
f 5550 4229 5562
f 4230 11731 7366
f 4230 7366 12058
f 7377 11676 4231
f 4233 8412 4232
f 8916 4233 4232
f 7371 4232 11164
f 11672 4232 7371
f 4232 8412 11164
f 8916 4232 11672
f 8921 4369 4234
f 8921 4234 5608
f 4235 4381 7471
f 4235 11670 4381
f 4235 7471 8921
f 4236 8995 4239
f 11698 4236 4239
f 11698 8864 4236
f 4236 11094 8995
f 4237 9218 4857
f 11603 4237 4857
f 7302 4237 11603
f 7302 12130 4237
f 4240 11215 5392
f 9923 4240 6416
f 9920 9479 4240
f 4240 9479 11215
f 9923 9920 4240
f 4241 8537 6237
f 8968 4241 6237
f 11048 7539 4241
f 11048 4241 8968
f 4242 8534 12858
f 4242 12858 9246
f 5703 8176 4244
f 10563 5950 4244
f 10566 4244 8176
f 10563 4244 10566
f 5466 5543 4245
f 5466 4245 8425
f 5543 12451 4245
f 8425 4245 8562
f 4245 12451 8562
f 8176 9209 4246
f 10566 8176 4246
f 4247 7598 8546
f 4247 8546 11948
f 4247 11948 10539
f 4247 10539 12845
f 4248 5554 10567
f 10568 4248 10567
f 4249 7598 8795
f 4249 12847 7598
f 8464 4249 9008
f 8464 12847 4249
f 4249 8795 8548
f 4249 8548 9008
f 4250 5060 7973
f 4252 4262 12860
f 8552 4252 12860
f 4253 4713 6889
f 12418 4253 6889
f 7971 9358 4253
f 7971 4253 12418
f 4254 6164 5394
f 4254 6522 6153
f 11216 4254 6153
f 10428 6164 4254
f 10428 4254 11216
f 4255 6888 5624
f 4255 5624 6952
f 4255 7971 6888
f 6203 10371 4257
f 6203 4257 11849
f 10371 10991 4257
f 11065 10446 4257
f 11849 4257 10446
f 11065 4257 10991
f 4258 12851 4261
f 4706 4258 8106
f 4259 9214 8558
f 4259 9320 9214
f 12857 9320 4259
f 11371 8871 4260
f 8552 4261 12851
f 8552 12860 4261
f 12405 4261 12860
f 8561 8565 4262
f 8344 4264 4518
f 12646 4518 4264
f 7624 4264 8344
f 7624 12638 4264
f 11683 4264 12638
f 11683 12646 4264
f 4265 6898 5467
f 4265 5467 11949
f 7395 4266 8868
f 7395 11691 4266
f 8868 4266 11696
f 4266 11691 11103
f 8445 8873 4267
f 11103 8445 4267
f 4267 8553 8872
f 4267 8873 8553
f 4269 7693 6047
f 6746 7693 4269
f 10344 10772 4269
f 4270 11694 4275
f 7395 8868 4270
f 8868 11694 4270
f 4271 10795 5218
f 4271 12443 9700
f 9753 4272 8571
f 12870 8572 4272
f 9753 12870 4272
f 7396 4275 11694
f 4275 11695 11693
f 12874 4276 4292
f 10370 4279 8634
f 4279 8794 8654
f 12878 12875 4280
f 10720 4282 4323
f 4282 4345 4467
f 10720 4345 4282
f 4283 7392 8553
f 4283 8877 7392
f 8441 8877 4283
f 4283 8553 8876
f 12882 4285 4284
f 12883 4284 4285
f 12882 8582 4285
f 6598 5906 4286
f 10481 4286 5906
f 4286 11969 6598
f 12665 4286 10481
f 12665 11969 4286
f 8153 4288 8786
f 4288 8153 12266
f 8320 4288 12266
f 8424 12369 4289
f 8440 4289 12369
f 10104 4290 8343
f 9724 4291 4292
f 12874 4292 4291
f 12440 8590 4291
f 12874 4291 8590
f 9724 10236 4291
f 4291 10236 11665
f 12440 4291 11665
f 4293 5243 5009
f 4293 12734 10786
f 4296 7066 6778
f 4297 8596 5007
f 4297 5007 9769
f 4298 5258 10783
f 4298 7501 12417
f 4299 10780 7481
f 4299 7481 12745
f 4299 12416 10780
f 12406 4299 12745
f 4301 7711 12032
f 12368 4302 7388
f 4308 4303 11970
f 6599 10481 4303
f 10481 11972 4303
f 4303 11972 11970
f 4305 9380 5739
f 4305 5739 11248
f 4305 11248 6947
f 4305 11941 9380
f 5316 4306 11343
f 6293 4309 5639
f 4309 11574 5639
f 12063 4309 6293
f 4309 10231 10232
f 12063 10231 4309
f 4309 10232 11574
f 4312 4310 4311
f 4311 4310 8679
f 4312 8609 4310
f 4310 6472 6531
f 4310 8609 6472
f 4310 6531 8679
f 4311 6276 6216
f 4311 8679 6276
f 6035 6031 4312
f 6031 8609 4312
f 4313 4463 4410
f 4313 4410 8612
f 4313 4483 4661
f 4313 8612 4483
f 4314 6537 4337
f 4314 4364 4463
f 4314 4463 8613
f 4314 8613 6537
f 4315 4410 4364
f 4315 4364 8614
f 4315 5721 5794
f 4315 8614 5721
f 8433 4316 5596
f 4316 7386 5597
f 4544 4483 4317
f 8616 4317 4483
f 4317 6404 6396
f 8616 6404 4317
f 5542 9842 4318
f 11794 5542 4318
f 5543 9840 4318
f 5543 4318 9842
f 10774 4746 4319
f 12802 4319 4746
f 7364 4319 5353
f 12802 5353 4319
f 4320 12408 7433
f 8620 5889 4321
f 9818 4321 7378
f 8620 4321 9818
f 4322 5906 6620
f 4322 11972 5906
f 4322 11970 11972
f 10720 4323 4740
f 8623 4324 5558
f 5558 4324 11252
f 5794 5789 4324
f 11008 4324 5789
f 5794 4324 8623
f 11008 11252 4324
f 4325 5599 4326
f 4325 4326 5601
f 4326 5599 8885
f 4328 5857 4330
f 4328 4330 7337
f 5721 4328 5789
f 8627 4328 5721
f 8627 5857 4328
f 4329 4336 11678
f 7380 4350 4329
f 5857 4331 4330
f 5889 4330 4331
f 7337 4330 5889
f 6197 6110 4332
f 8631 4332 6110
f 6197 4332 11927
f 4332 6279 6404
f 8631 6279 4332
f 11927 4332 6404
f 6110 6067 4333
f 6110 4333 11863
f 7902 11863 4333
f 4849 5449 4334
f 4334 5449 5444
f 4334 5444 9159
f 4335 9556 7842
f 11238 4335 7842
f 4337 6801 6410
f 6537 8636 4337
f 4337 8636 6801
f 7137 4338 4339
f 4338 8961 4339
f 7137 8637 4338
f 7473 7428 4338
f 7428 8961 4338
f 7473 4338 8637
f 4358 7050 4339
f 8115 4358 4339
f 7137 4339 7050
f 8115 4339 8961
f 7137 7050 4340
f 7050 8639 4340
f 8455 7137 4340
f 8200 4340 8329
f 8200 8455 4340
f 4340 8639 8329
f 4341 4344 6925
f 4341 7181 4344
f 4341 6925 7156
f 4341 7156 7178
f 4341 7178 8640
f 4341 8640 7181
f 4342 7162 7156
f 4342 7156 8641
f 4342 8210 7162
f 4342 9227 8210
f 4342 8641 9227
f 4343 7181 8640
f 4343 7344 7303
f 4343 8642 7344
f 4343 8640 8642
f 12389 6925 4344
f 4344 7181 8205
f 4344 8205 8643
f 12389 4344 8643
f 4346 7303 7269
f 4346 7269 8645
f 7347 7473 4346
f 7347 4346 8645
f 7347 4347 7428
f 7347 8646 4347
f 7428 4347 8961
f 8005 7986 4347
f 4347 7986 8961
f 8005 4347 8646
f 7361 8647 4348
f 7361 4348 12394
f 7839 7828 4348
f 8647 7839 4348
f 4349 6624 5556
f 4349 5556 10570
f 4349 6636 10468
f 4349 10570 6636
f 7380 11708 4350
f 4350 11708 7381
f 6897 7646 4351
f 6897 4351 7687
f 7345 4351 7646
f 7345 8461 4351
f 11862 7687 4351
f 11862 4351 8461
f 7623 7687 4352
f 7623 4352 8072
f 8651 4352 7687
f 7915 7955 4352
f 8651 7915 4352
f 7955 8072 4352
f 4353 5741 5603
f 7828 4354 4355
f 4354 10664 4355
f 7839 4354 7828
f 8093 4354 7839
f 8093 8081 4354
f 4354 8081 10664
f 7828 4355 10381
f 7863 7849 4355
f 7849 10381 4355
f 7863 4355 10664
f 7955 4356 8072
f 7955 8639 4356
f 4356 9761 8072
f 8093 4356 8076
f 8639 8076 4356
f 8093 9761 4356
f 4357 4449 7073
f 4357 7131 4449
f 4357 7073 8752
f 4358 8076 7050
f 4358 8081 8076
f 9063 8081 4358
f 8115 9063 4358
f 5200 4359 5527
f 5608 5735 4360
f 4774 4806 4361
f 4774 4361 5838
f 4361 9823 5838
f 10762 9823 4361
f 4362 6626 11971
f 4362 10463 10576
f 4362 11971 10463
f 4363 6623 4508
f 4363 4508 10448
f 4410 4463 4364
f 8397 4365 9736
f 8397 12390 4365
f 8664 9594 4365
f 8664 4365 9824
f 4365 9594 9736
f 4365 12390 9824
f 8665 4366 8461
f 11862 8461 4366
f 8665 8920 4366
f 8890 4366 8920
f 5550 4367 9836
f 9836 4367 11279
f 8667 7759 4368
f 7759 9833 4368
f 8554 8667 4368
f 8554 4368 12532
f 8921 7471 4369
f 5836 4370 8811
f 10294 4370 5836
f 7751 7258 4370
f 8770 4370 7258
f 7751 4370 10294
f 8770 8811 4370
f 7258 4371 7628
f 4371 8920 7628
f 8844 4371 8670
f 8844 8920 4371
f 4372 5714 4848
f 4372 4848 9152
f 4372 5684 5714
f 4372 9148 5684
f 8923 5613 4373
f 11164 8412 4373
f 7191 9747 4374
f 9835 7191 4374
f 9835 4374 7250
f 4375 9955 5502
f 12374 4375 5502
f 4375 7248 7180
f 4375 7180 12371
f 12374 7248 4375
f 4375 12371 9955
f 9585 4376 6817
f 9966 6817 4376
f 4376 9561 8675
f 9978 4376 8675
f 9585 9561 4376
f 9966 4376 9978
f 4377 8919 6175
f 4377 6175 12556
f 4377 12333 8919
f 9836 11279 4377
f 9836 4377 11290
f 4377 11279 12333
f 4377 12556 11290
f 4378 8677 5093
f 4378 5093 9881
f 5621 9736 4378
f 5621 4378 9881
f 4378 9679 8677
f 4378 9736 9679
f 5212 9679 4379
f 5212 4379 10183
f 8678 4379 9594
f 8678 10226 4379
f 9594 4379 9679
f 4379 10226 10183
f 4380 7189 4382
f 4380 4382 9819
f 4380 5506 7189
f 4380 10751 5506
f 4380 9819 9863
f 4380 9863 10751
f 8934 4381 8406
f 8406 4381 11670
f 4382 5082 9819
f 4382 10442 5082
f 4383 8683 4602
f 9819 4383 4602
f 8682 4383 5082
f 9819 5082 4383
f 8682 12880 4383
f 4383 12880 8683
f 11168 4384 7373
f 4403 4385 7148
f 4403 10746 4385
f 7182 7148 4385
f 7182 4385 9880
f 9880 4385 9896
f 4385 10746 9896
f 4386 5932 5905
f 4386 8685 5932
f 4386 10226 8685
f 4386 10171 10226
f 4387 10171 8686
f 10502 4387 8686
f 4387 10183 10171
f 10502 10533 4387
f 4388 11668 4461
f 7350 4388 4659
f 7365 4659 4388
f 7350 11668 4388
f 8682 5082 4389
f 10442 4389 5082
f 8682 4389 11016
f 10272 8688 4389
f 4389 8688 11016
f 10272 4389 10442
f 4390 7349 11667
f 4390 11667 7368
f 4390 7368 11669
f 4391 11014 5509
f 4391 5509 12880
f 8682 11016 4391
f 8682 4391 12880
f 4391 11016 11014
f 4567 4392 11154
f 4567 11889 4392
f 8692 11154 4392
f 11716 4392 11889
f 4567 11154 4393
f 4567 4393 12581
f 10747 7155 4393
f 10747 4393 11154
f 4394 4596 10538
f 11930 4596 4394
f 5989 4394 10538
f 9419 4394 8559
f 11930 4394 9419
f 12525 4395 8143
f 9507 12274 4395
f 9507 4395 12525
f 6515 4396 6516
f 6515 11095 4396
f 6516 4396 9732
f 4396 7375 9740
f 11095 7375 4396
f 4396 9740 9732
f 4397 7157 9883
f 4397 9883 8696
f 11583 4397 8696
f 11583 11546 4397
f 4398 8697 8709
f 4398 11253 8697
f 4398 8709 11585
f 10628 4398 11585
f 12716 4398 10628
f 4398 11267 11253
f 12716 11267 4398
f 7149 4400 4399
f 4400 11253 4399
f 11420 7149 4399
f 11267 4399 11253
f 11420 4399 11267
f 8700 4401 4400
f 4401 11324 4400
f 8700 4400 7149
f 11324 11253 4400
f 8700 11490 4401
f 4401 8701 11324
f 12407 8701 4401
f 11583 4401 11490
f 11583 12407 4401
f 4402 4846 5745
f 4402 9471 4846
f 4847 4402 5745
f 4847 9232 4402
f 4403 7147 11716
f 12355 7147 4403
f 12355 4403 7148
f 4403 11716 10746
f 4404 6768 6773
f 4404 8703 6768
f 11882 4404 6773
f 4404 11386 8703
f 4404 11379 11386
f 11882 11379 4404
f 4405 5645 6926
f 4405 6926 6978
f 4405 6978 12299
f 4405 12299 9558
f 5563 4406 4409
f 4406 8705 4409
f 5563 7122 4406
f 4406 7122 11414
f 4406 11407 8705
f 4406 11414 11407
f 4407 8706 4421
f 12409 4407 4421
f 4407 11414 8706
f 4407 11124 11397
f 12409 11124 4407
f 4407 11397 11414
f 4408 11397 8707
f 11546 4408 8707
f 4408 11000 11407
f 4408 11490 11000
f 4408 11407 11397
f 11546 11490 4408
f 5563 4409 10739
f 4409 8705 11477
f 10739 4409 12460
f 4409 11477 12460
f 4411 11669 4673
f 4696 11668 4411
f 7370 4411 11668
f 4412 8711 4413
f 4412 4413 11802
f 4412 7148 8711
f 12355 7148 4412
f 4412 11802 10211
f 12355 4412 10211
f 4413 11790 11802
f 4413 11917 11790
f 11883 11917 4413
f 4414 11815 8713
f 4414 8713 11917
f 11866 4414 9658
f 11883 9658 4414
f 11866 11815 4414
f 11883 4414 11917
f 4415 6717 5610
f 4415 5610 10343
f 7133 6717 4415
f 7133 4415 10742
f 4415 10343 12001
f 4415 12001 10742
f 7142 5290 4416
f 10383 4416 5290
f 7136 4416 5568
f 10383 5568 4416
f 7136 9897 4416
f 7142 4416 9897
f 8716 7096 4417
f 12326 4417 7096
f 8716 4417 7127
f 9921 7127 4417
f 9921 4417 12326
f 4418 6427 4846
f 4418 4846 9471
f 5172 4418 9471
f 10527 4418 5172
f 4418 9468 6427
f 10527 9468 4418
f 6718 7127 4419
f 6718 4419 10630
f 6724 10630 4419
f 6724 4419 12094
f 12349 4419 7127
f 12349 12094 4419
f 12251 8719 4420
f 12409 4420 8719
f 9191 12376 4420
f 12409 9191 4420
f 12251 4420 12376
f 7093 4421 8706
f 7093 9149 4421
f 9149 9191 4421
f 12409 4421 9191
f 5588 4422 5818
f 8370 4422 5588
f 5815 5819 4422
f 8370 5815 4422
f 5818 4422 5819
f 8135 12756 4423
f 11854 12533 4423
f 11854 4423 12756
f 4424 9202 5617
f 4424 5617 10577
f 10459 4424 8131
f 10459 9202 4424
f 8633 5590 4425
f 12535 4425 5590
f 10732 4425 7094
f 12535 7094 4425
f 8633 4425 10732
f 4426 4901 4459
f 8758 4426 4459
f 5788 4427 4672
f 9142 4672 4427
f 5745 4846 4427
f 6427 4427 4846
f 6730 5745 4427
f 6730 4427 5788
f 9142 4427 6427
f 9141 5802 4428
f 10300 4428 5802
f 9141 4428 7088
f 10731 7088 4428
f 12782 4428 10300
f 12782 10731 4428
f 8728 4429 7090
f 12317 7090 4429
f 8087 7444 4429
f 12317 4429 7444
f 8087 4429 12869
f 8728 12869 4429
f 5482 4860 4430
f 5463 5482 4430
f 5463 4430 8729
f 8729 4430 12869
f 4432 4431 8759
f 4432 9314 4431
f 4431 4493 4460
f 4431 4460 8759
f 4431 9314 6759
f 4432 8759 4434
f 7206 9314 4432
f 4433 6759 9314
f 4433 9926 6759
f 4433 9314 8732
f 4433 8732 12122
f 4433 12122 9926
f 4434 8759 4444
f 4435 9674 6333
f 9926 4435 6333
f 8734 9537 4435
f 4435 9537 9674
f 4436 8735 6287
f 4436 12122 8735
f 4451 4437 4752
f 6329 4752 4437
f 4440 5864 4438
f 4440 4438 11966
f 5631 4438 5864
f 12373 4438 11189
f 12373 11966 4438
f 5170 4439 5669
f 5170 6188 4439
f 4439 6287 5669
f 4439 6188 8738
f 4440 12592 5864
f 8130 5706 4441
f 8130 4441 12375
f 4441 9639 12375
f 5344 5357 4442
f 5344 4442 8741
f 5357 5381 4442
f 11173 4442 5381
f 9537 8741 4442
f 11173 9537 4442
f 4443 5127 5128
f 4443 8742 5127
f 6333 9674 4443
f 4443 11173 8742
f 4443 9674 11173
f 4445 5015 8761
f 4445 8969 8744
f 4445 8761 8969
f 4477 10963 4446
f 4477 4446 11320
f 9826 6444 4446
f 4446 10963 9826
f 11759 4447 5960
f 11759 11226 4447
f 8756 4448 4457
f 6877 8747 4448
f 7131 4906 4449
f 4449 4906 10615
f 5633 7073 4449
f 5633 4449 10615
f 5633 4503 4450
f 4450 4503 12308
f 5633 4450 7073
f 4451 4752 8403
f 4451 8403 8937
f 4451 8937 8405
f 6778 4452 6198
f 6778 7066 4452
f 7066 9943 4452
f 9943 8755 4452
f 4453 8754 4455
f 4453 5416 8754
f 4453 12309 5416
f 7077 9940 4454
f 8753 7631 4454
f 8753 4454 9940
f 11436 4455 8754
f 9200 4459 4901
f 8756 4459 9200
f 7339 4461 4696
f 4696 4461 11668
f 11660 4461 7339
f 11225 6936 4462
f 5748 4464 9563
f 4465 4468 4638
f 4465 4872 4468
f 4465 4884 4872
f 6916 4466 9567
f 6922 12225 4466
f 5100 4467 8765
f 4468 4872 10390
f 4468 10390 9171
f 7582 11773 4470
f 10990 4470 12367
f 10990 12787 4470
f 4470 11773 12367
f 9827 4471 7020
f 7020 4471 12261
f 7109 11721 4472
f 4472 11721 11372
f 4475 5660 4937
f 4475 4937 8774
f 4475 5186 7256
f 4475 8774 5186
f 4475 5651 5660
f 4475 7256 5651
f 4476 5533 4504
f 4476 4504 9825
f 4476 4516 5514
f 4476 9825 4516
f 4477 10962 9831
f 4477 9831 10963
f 5751 11210 4478
f 4478 6910 9568
f 4478 11210 6910
f 4478 9568 11884
f 5671 7922 4479
f 5671 4479 10030
f 7043 4479 10018
f 7043 10717 4479
f 7922 10018 4479
f 10030 4479 10717
f 5653 4480 7124
f 5653 9576 4480
f 4480 7037 7124
f 9553 7866 4480
f 9553 4480 9576
f 6925 4481 8641
f 12389 4481 6925
f 8667 4481 7759
f 4481 12389 7759
f 8275 8641 4481
f 8275 4481 8667
f 9379 10627 4482
f 4544 4661 4483
f 8616 4483 8612
f 4484 10604 7992
f 4484 7992 12280
f 4484 10788 10604
f 4485 8653 5011
f 4485 12151 8653
f 4485 12547 12151
f 5753 4486 4497
f 5753 7177 4486
f 9583 7565 4486
f 5450 4487 8117
f 5450 8903 4487
f 7536 4488 4491
f 6886 7238 4488
f 4489 4490 8787
f 4489 8787 4495
f 4490 9234 8787
f 4490 9221 9225
f 4490 9225 9234
f 4505 7488 4491
f 4492 8073 8168
f 4492 8323 8073
f 4492 8168 8103
f 4492 8103 10982
f 4882 9181 4493
f 4494 6036 8066
f 4494 8066 12472
f 4494 8095 8096
f 4494 12472 8095
f 4495 11130 5934
f 4495 8787 10985
f 4495 10985 11130
f 4496 5074 5934
f 4496 11012 5074
f 4496 5934 11130
f 4496 10559 10604
f 4496 11130 10559
f 4496 10604 11012
f 7264 5753 4497
f 7264 4497 7535
f 9590 7535 4497
f 4498 4694 7343
f 4498 11660 4694
f 4498 7343 7353
f 9587 7535 4499
f 9590 4499 7535
f 9590 11178 4499
f 11178 11305 4499
f 4898 4500 7305
f 4898 9592 4500
f 5491 7266 4500
f 5491 4500 11494
f 7266 7305 4500
f 11494 4500 9592
f 5654 4501 7238
f 5654 11494 4501
f 5656 7238 4501
f 5656 4501 9592
f 11494 9592 4501
f 8070 4502 8069
f 12471 8069 4502
f 5280 4503 5633
f 6694 4503 5280
f 6694 7071 4503
f 4503 7071 12308
f 9817 4504 5533
f 5539 9812 4504
f 9817 5539 4504
f 9825 4504 9812
f 7318 4506 4505
f 4506 9617 4505
f 6875 7318 4505
f 4505 9617 7488
f 4506 5832 5647
f 11175 5832 4506
f 11175 4506 7318
f 4507 10079 10195
f 4507 10311 10079
f 4740 10448 4508
f 11401 4740 4508
f 6629 4508 6623
f 11401 4508 6629
f 6575 7177 4509
f 6575 4509 11508
f 5634 10971 4510
f 5634 4510 10975
f 8042 8044 4510
f 8042 4510 10971
f 10973 4510 8044
f 10973 10975 4510
f 4511 8956 4512
f 4511 4512 11657
f 4511 11657 8958
f 12143 4513 8409
f 8989 4513 9488
f 9488 4513 9043
f 12143 9043 4513
f 8944 4526 4514
f 11182 4514 4526
f 11182 7112 4514
f 11618 4514 7112
f 11618 8944 4514
f 4515 8382 8383
f 12496 4515 8383
f 12496 12683 4515
f 12683 12682 4515
f 9820 4516 4619
f 9825 4619 4516
f 9814 5514 4516
f 9820 9814 4516
f 5412 4517 6302
f 6580 6302 4517
f 7625 8344 4518
f 7625 4518 12642
f 4518 12623 12642
f 12646 12623 4518
f 5516 4520 9411
f 5516 9871 4520
f 9871 9872 4520
f 5764 5759 4521
f 9872 4521 5759
f 5764 4521 10889
f 9870 10889 4521
f 5661 6588 4522
f 5661 4522 9873
f 5663 4522 6586
f 6588 6586 4522
f 5104 4523 9876
f 5026 6799 4524
f 5026 4524 9275
f 9876 4524 6799
f 9275 4524 10885
f 4525 4611 9194
f 4525 10579 4611
f 4525 9198 11975
f 4525 11975 10579
f 8394 4526 8944
f 4527 4550 4901
f 4527 10579 4550
f 4527 11976 10579
f 8402 4528 8899
f 8402 9265 4528
f 4528 8826 12174
f 4528 12264 8826
f 9265 8829 4528
f 4528 8829 12264
f 8899 4528 12174
f 9877 5099 4529
f 5504 6791 4529
f 5504 4529 9278
f 9877 4529 6791
f 5664 6586 4530
f 5664 4530 9877
f 6588 4530 6586
f 5663 4531 6793
f 5663 9282 4531
f 11184 7111 4532
f 4532 7111 11626
f 11184 4532 8952
f 4532 11613 8952
f 8834 4533 4536
f 12820 4536 4533
f 4533 12162 4970
f 12820 4533 4970
f 8834 7589 4533
f 4533 7589 12162
f 4721 4720 4534
f 4534 4720 7333
f 11184 4721 4534
f 4730 7111 4534
f 4730 4534 7333
f 11184 4534 7111
f 6894 4535 6585
f 6585 4535 10885
f 4560 4536 4985
f 4560 5219 4536
f 12820 4985 4536
f 8834 4536 5219
f 4537 7189 5093
f 4537 5093 8677
f 4537 8677 5212
f 5850 9887 4539
f 4551 7589 4540
f 4551 4540 12319
f 4540 7589 5029
f 4540 5029 11951
f 8840 4540 11951
f 8840 12319 4540
f 5241 4541 10069
f 4541 9887 10069
f 7198 4542 6574
f 7198 7183 4542
f 11566 4542 7183
f 4546 4543 6152
f 4546 12693 4543
f 8843 4543 4568
f 4568 4543 12693
f 4543 6958 6152
f 8843 6958 4543
f 4544 6551 4661
f 4544 8615 6551
f 8260 8583 4545
f 4545 8583 8502
f 4546 6152 11951
f 4908 6762 4547
f 8476 4908 4547
f 9886 4549 9345
f 9345 4549 10866
f 4549 10872 10866
f 4550 9200 4901
f 9170 9200 4550
f 11975 9170 4550
f 11975 4550 10579
f 4552 4551 7506
f 4552 12162 4551
f 4551 12319 7506
f 4551 12162 7589
f 4552 4971 4970
f 4552 4970 12162
f 4552 10699 4971
f 4552 7506 10699
f 5912 5908 4553
f 11172 9090 4554
f 9335 5673 4555
f 9335 4555 10596
f 4556 5234 5982
f 4556 10866 5234
f 4556 5673 10866
f 5778 4559 10633
f 5778 12158 4559
f 6729 4559 7982
f 6729 10633 4559
f 4559 12158 7982
f 4976 4561 4560
f 8861 4560 4561
f 4976 4560 4985
f 8861 5219 4560
f 8861 4561 4952
f 4975 4561 4976
f 9985 4562 9519
f 10918 4562 9986
f 4563 8395 5029
f 8834 4563 5029
f 8834 5219 4563
f 9990 5674 4564
f 10920 4564 5674
f 9869 9990 4564
f 9988 10187 4564
f 10920 9988 4564
f 4579 4568 4565
f 4568 12693 4565
f 4565 12137 11842
f 4565 12693 12137
f 10591 10019 4569
f 4572 8390 4570
f 11190 4572 4570
f 8390 8953 4570
f 4570 8953 11626
f 12361 5414 4571
f 5854 4571 10056
f 5854 12361 4571
f 7398 10056 4571
f 4572 8362 7358
f 11190 8362 4572
f 4582 4573 8387
f 4582 11200 4573
f 4573 8353 8960
f 11200 8353 4573
f 4589 8353 4574
f 4589 4574 8958
f 4574 8353 11200
f 4574 11200 8362
f 4575 10588 4583
f 5682 11482 4575
f 4575 9545 10588
f 4575 11482 9545
f 10591 4576 10088
f 4576 11486 10088
f 4576 10586 11486
f 6292 4577 10094
f 10999 6487 4577
f 4578 5521 6460
f 10095 4578 6460
f 4580 4992 4994
f 10382 4581 4590
f 11006 4590 4581
f 4582 7358 11200
f 6470 4583 5859
f 11004 5859 4583
f 11004 4583 10588
f 5425 4584 8179
f 4584 6629 6593
f 8179 4584 6593
f 11401 6629 4584
f 11401 4584 9961
f 4585 5122 5126
f 6288 4950 4586
f 10592 4586 4950
f 6011 4586 5887
f 4586 6011 6288
f 6117 9696 4587
f 10386 6117 4587
f 4587 9696 12791
f 10386 4587 12737
f 12673 12737 4587
f 12673 4587 12791
f 4593 4588 8354
f 4593 12235 4588
f 4588 12235 7356
f 4588 11567 8354
f 4593 8353 4589
f 4593 4589 12235
f 4599 4589 11656
f 4599 12235 4589
f 4589 8958 11656
f 6289 10382 4590
f 4593 8960 8353
f 4593 8354 8960
f 4594 4599 8963
f 4594 12235 4599
f 4594 7356 12235
f 4594 8963 8962
f 4717 9199 4595
f 4595 9199 4900
f 4596 9420 10590
f 4596 10590 10538
f 4605 4597 8896
f 10964 4597 4605
f 4597 11062 8896
f 11069 11062 4597
f 8400 4598 12705
f 11069 8897 4598
f 4598 8897 12705
f 11069 4598 11068
f 4599 11655 8963
f 4599 11656 11655
f 4601 5639 6833
f 6860 4601 6833
f 9819 4602 9863
f 4949 4603 6212
f 4949 11692 4603
f 10166 4603 11692
f 10166 11692 4604
f 4609 4605 8896
f 4609 8909 4605
f 4610 4605 8909
f 10964 4605 4610
f 4606 6088 10196
f 5858 10175 4607
f 4607 10175 12298
f 10792 4608 8907
f 4608 10913 8907
f 10051 10053 4608
f 10051 4608 10792
f 11097 4608 10053
f 11097 10913 4608
f 4609 8896 12168
f 4609 12437 8909
f 4609 12168 11987
f 4609 11987 12437
f 4613 4610 8909
f 10964 4610 8901
f 4611 4736 10436
f 4611 11976 4736
f 4611 4802 9194
f 4611 10436 4802
f 4611 10579 11976
f 6345 10180 4612
f 5338 4613 10510
f 4613 8909 8912
f 4613 8912 10510
f 4623 4617 4614
f 11653 4614 6913
f 4615 10187 9988
f 4615 10002 10189
f 5253 6078 4616
f 10206 5253 4616
f 4616 6290 5423
f 10206 4616 5423
f 4616 6078 6290
f 6327 4618 5253
f 4618 6327 6859
f 4619 9749 5679
f 12067 4619 5679
f 9825 9749 4619
f 12067 9820 4619
f 4934 12778 4620
f 12778 10209 4620
f 4627 4630 4621
f 4627 4621 6289
f 4621 10382 6289
f 4621 12341 10382
f 8922 4622 4624
f 8922 4626 4622
f 12731 4622 4626
f 12731 12767 4622
f 7354 7355 4623
f 8922 4624 4625
f 8924 4625 4624
f 8930 4625 5061
f 5061 4625 9360
f 8930 8922 4625
f 8924 9360 4625
f 8922 8926 4626
f 8926 10405 4626
f 10405 12731 4626
f 4627 6289 10592
f 5701 10353 4628
f 4628 10524 11955
f 4629 5694 10384
f 4629 10384 11004
f 11485 4629 11004
f 4631 5562 11604
f 4631 11604 11276
f 10317 4632 4633
f 4633 4632 10322
f 10322 4632 5698
f 4632 10317 5865
f 5732 6185 4633
f 10317 4633 6185
f 8046 4634 7472
f 7472 4634 10782
f 8046 12726 4634
f 4643 12403 4637
f 10167 10203 4637
f 4638 4893 4773
f 11649 4640 4639
f 7353 7354 4640
f 7365 7353 4640
f 7365 4640 11649
f 4643 8942 12403
f 7142 4644 5290
f 12127 5290 4644
f 7142 9552 4644
f 7987 4644 9552
f 4645 4663 5355
f 4645 11113 4663
f 4645 5355 9654
f 4645 9654 9656
f 4645 9656 9668
f 4645 9668 11113
f 4880 8282 4646
f 11277 4880 4646
f 9018 11277 4646
f 9018 4646 11606
f 5401 4883 4647
f 4647 4883 6347
f 5401 4647 6357
f 4647 6122 6357
f 4647 10420 6122
f 4647 6347 10420
f 9013 4873 4649
f 9009 7304 4649
f 11748 4977 4650
f 4651 11831 4654
f 12475 4651 4654
f 8928 11445 4651
f 12762 8928 4651
f 4651 11445 11831
f 12762 4651 12475
f 4652 7443 10347
f 4652 10348 7443
f 5976 10349 4653
f 4653 10349 10021
f 8493 9754 4654
f 8493 4654 11831
f 11638 4654 9754
f 12475 4654 11638
f 12486 4656 12425
f 7087 4657 6918
f 7657 5107 4658
f 4660 4731 4659
f 4660 4659 11649
f 7324 4659 4731
f 7324 7350 4659
f 7365 11649 4659
f 6551 8229 4661
f 6964 4668 4662
f 11648 4662 4668
f 6967 6964 4662
f 6967 4662 11240
f 4663 7041 5355
f 5358 7041 4663
f 4663 11113 5358
f 10704 8123 4664
f 4665 10770 4887
f 4665 10769 12397
f 4666 5088 10212
f 4666 6061 10126
f 4666 10212 6061
f 8110 8566 4667
f 8110 4667 12777
f 9703 4667 8566
f 12774 4667 9703
f 12777 4667 9792
f 6964 6941 4668
f 6941 7349 4668
f 4669 7433 4745
f 4670 5514 9815
f 6043 4670 10603
f 4670 9815 11362
f 4670 11362 10603
f 10791 4671 9742
f 5788 4672 5768
f 5768 4672 10637
f 4672 5805 10637
f 11647 4709 4673
f 11647 4673 7348
f 11669 7348 4673
f 8717 4674 7089
f 4674 9368 7099
f 8717 12204 4674
f 4674 12204 9368
f 4675 10966 5004
f 4675 5004 12614
f 4675 12614 6837
f 4675 12497 10966
f 4676 9589 9384
f 4676 9477 9548
f 8716 6716 4677
f 4677 7095 8716
f 8477 5011 4678
f 8653 4678 5011
f 4678 5716 6973
f 8653 5716 4678
f 8477 4678 6973
f 10960 5888 4679
f 12615 4679 5888
f 12502 4679 8000
f 12717 8000 4679
f 12502 10960 4679
f 12615 12717 4679
f 7655 4680 10853
f 7655 12657 4680
f 10853 4680 12677
f 12503 4681 7988
f 11275 11358 4681
f 12503 11275 4681
f 11405 4681 11358
f 8984 4684 4710
f 4684 9903 4710
f 4684 4711 9903
f 8984 10230 4684
f 8718 5579 4685
f 4686 4698 8723
f 8955 4698 4686
f 4686 8723 7113
f 11619 4687 7993
f 12506 7993 4687
f 11879 4687 10930
f 11879 12506 4687
f 8987 4688 9256
f 8691 5441 4689
f 8691 4689 12816
f 12384 12816 4689
f 8544 4691 4692
f 8991 4692 4691
f 12844 4691 8544
f 8988 9167 4691
f 8988 4691 12844
f 8991 4691 9167
f 8544 4692 12843
f 8991 12833 4692
f 8474 4693 11079
f 4693 10779 11079
f 4694 11640 7343
f 11660 11637 4694
f 10919 12651 4695
f 12651 12512 4695
f 4718 7339 4696
f 5763 4698 4841
f 8955 4841 4698
f 9141 4698 5763
f 9141 8723 4698
f 4699 4711 4700
f 4699 4700 8541
f 4699 8529 4711
f 12828 8529 4699
f 12828 4699 8541
f 4700 9351 8541
f 4700 9304 9351
f 4701 5453 8318
f 4701 8318 11129
f 4701 11129 8429
f 5201 4702 4750
f 12010 4703 7273
f 12025 7273 4703
f 9002 4704 4705
f 9016 4705 4704
f 4719 4704 9002
f 4719 9304 4704
f 9269 9016 4704
f 9304 9269 4704
f 4705 8464 9008
f 9002 4705 9008
f 12833 4706 8106
f 8991 9006 4706
f 8991 4706 12833
f 4707 4857 9011
f 11603 4857 4707
f 4707 9011 7308
f 9010 11603 4707
f 8244 4708 8693
f 12698 8693 4708
f 4708 10612 10632
f 12698 4708 10632
f 11647 7335 4709
f 8984 4710 10947
f 9387 9129 4710
f 10947 4710 9129
f 9387 4710 9903
f 4711 8529 9903
f 12445 4713 5468
f 4714 12358 11348
f 4715 11365 7843
f 8236 4716 8235
f 10898 10896 4716
f 4717 4891 4894
f 10450 4717 4894
f 10450 9199 4717
f 4718 11634 7339
f 8988 4719 9167
f 8988 9351 4719
f 4719 9002 9167
f 9351 9304 4719
f 11184 11632 4721
f 4721 11632 12178
f 11182 4722 11259
f 11260 11259 4722
f 4723 6505 8975
f 4724 8956 12203
f 5002 8126 4725
f 5002 4725 11243
f 4725 5757 6998
f 8126 5757 4725
f 12289 4725 6998
f 12289 11243 4725
f 4726 9812 5539
f 4727 8053 9026
f 4727 9027 8053
f 8946 9027 4727
f 8946 4727 10228
f 4727 9026 12232
f 4727 12232 10228
f 4728 4730 7333
f 6804 4729 7789
f 7789 4729 9428
f 8894 4729 8105
f 8894 9428 4729
f 7068 6923 4731
f 4732 9031 7001
f 7999 8005 4732
f 7999 4732 8781
f 4732 8005 9031
f 4733 7035 4744
f 4733 7038 7035
f 4733 7969 7038
f 4734 10219 7953
f 4734 7953 10701
f 4734 7954 10687
f 4734 10701 7954
f 4734 10687 10219
f 11633 4735 6059
f 6059 4735 11886
f 11861 6171 4735
f 6171 11886 4735
f 11633 9790 4735
f 9790 11861 4735
f 4892 10436 4736
f 4892 4736 10607
f 11976 10607 4736
f 7416 4737 7369
f 7369 4737 9036
f 7416 7883 4737
f 7928 7937 4737
f 7937 9036 4737
f 7171 4738 4766
f 8610 4738 7171
f 7928 4738 7948
f 8610 7948 4738
f 7217 8600 4739
f 7217 4739 9038
f 7937 7948 4739
f 8600 7937 4739
f 10720 4740 9961
f 11401 9961 4740
f 7119 4741 7110
f 7907 7110 4741
f 7119 8418 4741
f 7902 7907 4741
f 7902 4741 11863
f 8418 11863 4741
f 7876 4742 5974
f 8381 5974 4742
f 7009 4742 10150
f 7009 10684 4742
f 10150 4742 7876
f 8381 4742 10684
f 5399 5403 4743
f 5399 4743 9701
f 6298 4743 5403
f 6298 6341 4743
f 10420 4743 6341
f 9701 4743 10420
f 7035 7078 4744
f 4744 7078 7861
f 4744 7861 7863
f 12408 4745 7433
f 4745 8617 10774
f 5368 4746 9803
f 5368 12802 4746
f 4746 10774 9803
f 6496 5777 4747
f 6496 4747 5957
f 4754 7530 4748
f 4754 4748 9704
f 10179 4748 7530
f 8162 4748 10179
f 6895 9172 4749
f 6895 4749 12255
f 10540 12255 4749
f 4750 4773 4770
f 4878 4750 4770
f 5201 4750 4878
f 10573 4751 8957
f 12247 10691 4751
f 6329 12160 4752
f 10544 5804 4753
f 10169 4753 10691
f 7512 7520 4754
f 7512 4754 9053
f 7520 7530 4754
f 4754 9704 9053
f 7479 4755 7469
f 4755 9054 7469
f 7479 8028 4755
f 7512 4755 7527
f 7512 9054 4755
f 8028 7527 4755
f 4756 7286 7287
f 4756 9055 7286
f 7998 4756 7287
f 7520 7527 4756
f 7998 7520 4756
f 4756 7527 9055
f 4757 7511 7469
f 11938 4757 9056
f 11938 10558 4757
f 4758 7452 7369
f 4758 7369 7914
f 4758 9057 7452
f 7511 4758 7479
f 7479 4758 7914
f 7511 9057 4758
f 4759 7331 7351
f 4759 9058 7331
f 4759 7351 7883
f 4759 7416 7452
f 4759 7883 7416
f 4759 7452 9058
f 4760 7259 7820
f 4760 9059 7259
f 4760 7820 7351
f 4761 5984 10215
f 9059 4761 7268
f 9060 7268 4761
f 9060 4761 10215
f 4762 7217 9038
f 4762 9061 7217
f 7296 7286 4762
f 4762 7286 9061
f 7791 7296 4762
f 7791 4762 9038
f 7121 4763 7023
f 4763 7296 7023
f 7121 7110 4763
f 4763 7110 7788
f 4763 7287 7296
f 4763 7788 7287
f 7643 5100 4764
f 5100 8765 4764
f 7624 7643 4764
f 7624 4764 12638
f 8884 4764 8765
f 8884 12638 4764
f 7791 9038 4765
f 7791 4765 9071
f 4765 10240 9071
f 7152 4766 7123
f 4766 7820 7123
f 7171 4766 7152
f 4767 7035 7038
f 4767 9066 7035
f 4767 7038 7667
f 4767 8610 7171
f 4767 7171 9066
f 4767 7667 8610
f 7152 7123 4768
f 7123 7268 4768
f 7152 4768 10221
f 9067 10221 4768
f 4813 4769 5135
f 10419 4769 4813
f 10419 5400 4769
f 4893 4770 4773
f 5185 6091 4771
f 5185 4771 8253
f 7534 4771 6091
f 7060 4771 7534
f 7060 12232 4771
f 4772 4791 4840
f 4772 4840 12171
f 4772 5836 8811
f 4772 12171 5836
f 4774 5838 12223
f 6794 4774 12223
f 5940 4775 12172
f 5940 12220 4775
f 6789 9074 4775
f 6789 4775 10245
f 4775 9074 12172
f 10245 4775 12220
f 11555 4776 5156
f 6329 4776 12160
f 11618 4776 11555
f 11618 12160 4776
f 8325 9841 4777
f 9841 9395 4777
f 4777 9395 12551
f 12652 4777 12551
f 6764 4778 5812
f 4778 8079 5812
f 5820 9076 4778
f 12202 5820 4778
f 12202 4778 6764
f 9076 8079 4778
f 4802 10608 4779
f 9176 4779 6435
f 4779 10608 6435
f 9176 6675 4779
f 5875 4877 4780
f 4780 4877 10608
f 6676 4780 4892
f 4780 10436 4892
f 5875 4780 6676
f 4780 10608 10436
f 4781 5833 4812
f 12213 4781 4812
f 4781 5947 5833
f 9080 5947 4781
f 9080 4781 6782
f 12213 6782 4781
f 4782 4783 6849
f 4782 4784 6848
f 4782 6849 4784
f 6847 9082 4783
f 6959 6849 4783
f 9082 6959 4783
f 4784 10260 6835
f 4784 6835 10673
f 4784 10673 6848
f 4784 6849 10260
f 4785 6769 6402
f 4785 6402 6904
f 4785 10260 6769
f 4785 6904 6835
f 4785 6835 10260
f 4786 9185 6950
f 4786 6950 10673
f 4786 9085 9050
f 4786 9050 9185
f 4786 10269 9085
f 4786 10673 10269
f 7109 5478 4787
f 4787 5478 11884
f 4787 11884 9568
f 4788 7249 8252
f 10890 4788 7871
f 7871 4788 12554
f 4788 8252 12554
f 4789 6219 6184
f 6755 4789 6184
f 4789 9088 6219
f 6755 6829 4789
f 4789 6829 6830
f 4789 6830 9088
f 11647 7445 4790
f 4840 4791 5867
f 9138 5867 4791
f 9138 4791 5885
f 4792 6726 6677
f 4792 6677 6780
f 4792 6733 6726
f 4792 9091 6733
f 4792 6780 6768
f 4792 6768 9091
f 4793 4796 11262
f 7313 4793 5781
f 4793 11262 5781
f 7313 8980 4793
f 6018 6010 4794
f 6010 6607 4794
f 6018 4794 9093
f 6745 4794 6607
f 6745 6754 4794
f 6754 9093 4794
f 4795 6638 6639
f 4795 6639 9845
f 4795 9845 7159
f 4795 7159 10939
f 4796 8983 7317
f 4796 7317 11262
f 4881 4797 6068
f 4881 11406 4797
f 4959 4797 11406
f 4959 11624 4797
f 4797 9805 6068
f 4797 11624 9805
f 4798 5905 5923
f 4798 9097 5905
f 4798 5923 6458
f 6728 4798 6458
f 6733 4798 6728
f 6733 9097 4798
f 4800 4799 10647
f 4800 10671 4799
f 4799 5940 10645
f 4799 10671 5940
f 4799 10645 7811
f 7811 10647 4799
f 4800 4830 6133
f 4800 10647 4830
f 4800 6133 9100
f 4800 9100 10671
f 4811 4801 5747
f 11263 4801 4811
f 12133 8999 4801
f 11263 12133 4801
f 4802 10436 10608
f 6032 6040 4803
f 6032 4803 9102
f 6705 9102 4803
f 6705 4803 9103
f 6010 6247 4804
f 6010 4804 9103
f 6033 4804 6247
f 6033 9101 4804
f 6705 4804 9101
f 6705 9103 4804
f 4805 11463 6592
f 4805 10936 11463
f 6697 6693 4806
f 5963 5965 4807
f 5963 4807 9106
f 6108 4807 5965
f 6696 4807 6108
f 6697 4807 6696
f 9106 4807 6697
f 11263 8304 4808
f 4809 6766 6691
f 4809 6691 9107
f 4809 8770 6766
f 4809 8811 8770
f 4810 6375 5999
f 4810 5999 12197
f 4810 6317 6375
f 4810 9109 6317
f 4810 10283 9109
f 4810 12197 10283
f 8304 4811 7316
f 11263 4811 8304
f 5833 7720 4812
f 6595 4812 6612
f 6595 12213 4812
f 6612 4812 7720
f 6295 4813 5135
f 6295 6425 4813
f 4813 6425 11219
f 10419 4813 11219
f 4814 4838 5867
f 4814 5923 4838
f 9138 4814 5867
f 4814 6458 5923
f 4815 4863 4844
f 4815 4844 9179
f 4815 9186 4863
f 6682 9186 4815
f 6682 4815 11981
f 6757 6563 4816
f 7818 4816 6563
f 6757 4816 9238
f 7818 9455 4816
f 9238 4816 9232
f 9232 4816 9455
f 6518 4817 6520
f 6518 10655 4817
f 4817 6528 6520
f 6751 6528 4817
f 6751 4817 6529
f 6529 4817 10655
f 5734 6753 4818
f 5734 4818 9593
f 10291 4818 6753
f 9554 4818 9117
f 10291 9117 4818
f 9554 9593 4818
f 8301 4819 4820
f 4819 8982 4820
f 7314 8301 4820
f 11612 4820 8982
f 6184 5672 4821
f 9121 4821 5672
f 6184 4821 9120
f 9118 4821 6431
f 6431 4821 9121
f 9118 9120 4821
f 5665 4822 4828
f 4828 4822 8300
f 4822 8998 8300
f 4822 8997 8998
f 6173 5095 4823
f 5095 6402 4823
f 6173 4823 9122
f 6402 6387 4823
f 9121 4823 6387
f 9122 4823 9121
f 5451 9125 4825
f 6230 4825 6781
f 6271 6781 4825
f 6271 4825 9125
f 12133 8298 4826
f 12138 4826 8298
f 8999 4826 11265
f 12133 4826 8999
f 5331 4827 4832
f 4832 4827 6160
f 6255 4827 5331
f 4827 9126 6160
f 6255 6266 4827
f 6266 9126 4827
f 11269 5665 4828
f 9005 4828 8300
f 11269 4828 9005
f 6184 4829 5672
f 4829 6219 6156
f 6184 6219 4829
f 6173 9122 4830
f 10647 6173 4830
f 6122 4831 6357
f 6122 10419 4831
f 4831 6153 6357
f 4831 11216 6153
f 11219 4831 10419
f 4831 11219 11216
f 6127 4832 4834
f 4832 9131 4834
f 6127 5331 4832
f 4832 6160 9131
f 4842 4833 4852
f 5006 4852 4833
f 6040 5048 4834
f 6127 4834 5048
f 6750 4835 4981
f 9215 4981 4835
f 10293 4835 6750
f 9134 9226 4835
f 9134 4835 10293
f 9215 4835 9226
f 4836 5885 9107
f 4836 9135 5885
f 6018 4836 6247
f 6018 9135 4836
f 4836 9107 6247
f 5153 4856 4837
f 5952 4837 4856
f 8986 5153 4837
f 5952 6749 4837
f 9039 4837 6749
f 8986 4837 9039
f 4838 4840 5867
f 4838 9137 4840
f 5923 5932 4838
f 4838 5932 9137
f 7216 4839 5491
f 4839 7266 5491
f 4840 9137 9139
f 4840 9139 12171
f 5763 4841 12158
f 4841 5818 5819
f 8955 5818 4841
f 9140 4841 5819
f 9140 12158 4841
f 11609 11602 4842
f 5189 12165 4843
f 5805 4843 12165
f 9465 4843 9718
f 5127 4844 5179
f 5127 9179 4844
f 4847 5745 4845
f 4847 4845 9146
f 6730 4845 5745
f 10324 4845 6730
f 4845 9144 9146
f 10324 9144 4845
f 4847 9146 9238
f 4847 9238 9232
f 5547 4848 5564
f 5547 9152 4848
f 5564 4848 9147
f 4849 5421 5684
f 4849 9148 5449
f 4849 5684 9148
f 5421 5432 4850
f 5684 5421 4850
f 4850 5432 5429
f 5714 4850 5429
f 5684 4850 5714
f 5861 4851 5413
f 5413 4851 5870
f 6725 4851 5677
f 5677 4851 10629
f 5861 6720 4851
f 6725 5870 4851
f 6720 10629 4851
f 7310 4852 5006
f 4853 5547 5561
f 4853 9152 5547
f 4853 5593 9151
f 4853 9151 9152
f 11630 4854 9790
f 9790 4854 11861
f 11630 11271 4854
f 11805 4854 11271
f 11652 4854 11805
f 11652 11861 4854
f 4855 5324 5341
f 9154 5324 4855
f 5564 4855 5561
f 5564 9154 4855
f 10471 4856 5153
f 5952 4856 6453
f 9134 6453 4856
f 9134 4856 10471
f 9011 4857 4861
f 4861 4857 9218
f 10352 4858 6714
f 9157 9710 4858
f 10352 9157 4858
f 9649 4858 9710
f 5463 4859 5482
f 5463 9158 4859
f 9626 4859 9158
f 9626 9710 4859
f 5444 5870 4860
f 5444 4860 9159
f 5482 9159 4860
f 9018 4861 11274
f 11274 4861 9218
f 9161 4862 5429
f 10159 4862 9161
f 10160 4862 10159
f 4891 4863 9190
f 9190 4863 9186
f 5396 4864 5372
f 10366 5372 4864
f 5396 5389 4864
f 4864 5389 6707
f 4864 6707 10619
f 10366 4864 10619
f 5319 4865 5304
f 5304 4865 9164
f 4865 5372 6711
f 4865 6711 9163
f 4865 9163 9164
f 5344 4866 5369
f 9165 5369 4866
f 9165 4866 5389
f 9166 4951 4867
f 4951 9188 4867
f 5357 5369 4867
f 9166 4867 5369
f 4868 5343 5324
f 10147 9499 4868
f 5320 5304 4869
f 5320 4869 9168
f 5341 5343 4869
f 5343 9168 4869
f 5320 4870 5319
f 5320 9169 4870
f 5276 8748 4871
f 4871 8748 9170
f 4871 9170 11975
f 4871 11975 9198
f 6694 4872 4884
f 6694 5280 4872
f 5280 10390 4872
f 9014 8290 4873
f 4873 8290 11277
f 9013 9014 4873
f 6688 5226 4874
f 5873 6688 4874
f 5873 4874 10614
f 4875 6073 5505
f 4875 5505 11459
f 6117 6073 4875
f 4875 11459 9802
f 6636 4876 9175
f 11973 4876 6636
f 6687 10423 4876
f 9175 4876 10423
f 5875 5226 4877
f 10408 4877 5226
f 10408 6435 4877
f 6435 10608 4877
f 4879 5606 11532
f 4879 9804 11287
f 4879 11461 9804
f 4879 11532 11461
f 4880 9212 8282
f 11277 8290 4880
f 4881 6068 4895
f 4881 4895 11177
f 4881 11177 5503
f 4881 5503 11406
f 5122 4882 5126
f 5122 9181 4882
f 5405 6285 4883
f 4883 6285 6347
f 7643 4884 5100
f 6694 4884 8746
f 7643 8746 4884
f 5035 6319 4885
f 5877 5041 4885
f 10613 5877 4885
f 6319 10613 4885
f 11278 12118 4886
f 11601 4886 12118
f 4951 4889 4888
f 10432 4888 4889
f 4951 4888 9188
f 10429 4888 6683
f 10432 6683 4888
f 10429 9188 4888
f 4951 4919 4889
f 4980 4889 4919
f 5010 4889 4980
f 5010 10432 4889
f 5010 4890 6679
f 5010 6681 4890
f 6679 4890 10743
f 6681 9189 4890
f 9962 4890 9189
f 9962 10743 4890
f 10995 5501 4895
f 11177 4895 5501
f 4895 6068 9801
f 10995 4895 9801
f 4899 4897 4896
f 7284 4896 4897
f 7284 7300 4896
f 7284 4897 12102
f 11600 7285 4897
f 7285 12102 4897
f 5755 4898 5090
f 5755 9592 4898
f 7301 4899 11599
f 6070 4902 4909
f 11630 4909 4902
f 6070 10979 4902
f 10379 4902 10979
f 10379 11344 4902
f 4902 11344 11271
f 11630 4902 11271
f 4998 4903 5617
f 9204 4905 5000
f 5276 4906 8748
f 5276 10615 4906
f 6877 4906 7131
f 6877 8748 4906
f 10473 4907 5921
f 5921 4907 11967
f 6600 4907 10473
f 9791 6070 4909
f 6109 9720 4909
f 11630 6109 4909
f 9791 4909 9720
f 4974 4925 4910
f 11588 4910 4925
f 7289 4910 5001
f 11588 5001 4910
f 4911 9210 9211
f 5504 4913 6791
f 11425 6791 4913
f 6575 4914 11426
f 6575 11508 4914
f 9898 9319 4914
f 9319 11426 4914
f 11764 5512 4915
f 9901 9133 4915
f 11764 4915 9133
f 9901 4915 11428
f 9886 4916 5227
f 9886 11434 4916
f 11454 4917 6666
f 11451 10918 4917
f 6569 4918 11468
f 9166 4919 4951
f 5232 11151 4920
f 4920 11151 11160
f 4921 9220 6301
f 12397 4923 5272
f 12397 10769 4923
f 4924 11195 8733
f 9223 11176 4924
f 11176 11195 4924
f 11594 4925 4974
f 11594 7299 4925
f 4926 5520 11482
f 4926 11629 5520
f 10999 4926 5682
f 5682 4926 11482
f 10999 11629 4926
f 9234 4946 4927
f 4972 11584 4929
f 4997 4929 8277
f 7285 4930 4936
f 4936 4930 8277
f 7285 7298 4930
f 7292 8277 4930
f 7292 4930 8980
f 4931 8806 9992
f 4931 12751 8806
f 7447 7456 4932
f 7447 4932 10911
f 4932 7456 10914
f 10911 4932 7606
f 10921 7606 4932
f 10921 4932 10914
f 4933 6460 5521
f 11486 6460 4933
f 10088 11486 4933
f 5782 4934 10391
f 4935 6378 5250
f 12747 4935 5250
f 12290 6378 4935
f 11541 4935 12747
f 7285 4936 12102
f 5660 12665 4937
f 4937 9975 8774
f 4937 12665 9975
f 11261 4938 5852
f 4938 9201 9523
f 11261 9201 4938
f 4939 4940 4941
f 9223 4939 4941
f 9223 4941 11034
f 4941 9523 11034
f 4942 5186 8368
f 4942 8368 12667
f 4944 5691 11544
f 12298 5691 4944
f 11545 12298 4944
f 4945 12250 5254
f 12531 4945 5254
f 12531 11598 4945
f 4945 12330 12250
f 9225 4946 9234
f 8854 8782 4947
f 4947 8782 9064
f 8854 4947 9544
f 9544 4947 9248
f 6326 5526 4948
f 4948 5526 12340
f 11692 4949 5876
f 8861 4952 7591
f 4953 4956 9254
f 4953 9254 4989
f 5730 11496 4955
f 11840 4956 5027
f 11842 5027 4957
f 4959 11617 6167
f 4959 6167 11624
f 4959 11406 11617
f 4960 4965 4963
f 11593 4960 7295
f 4961 9260 11195
f 4961 11195 11191
f 4962 5261 11715
f 4962 11784 5261
f 4962 11715 9264
f 11594 4963 11596
f 9264 11715 4964
f 11751 4964 11715
f 7294 7297 4965
f 4966 7506 8829
f 4966 10699 7506
f 9265 4966 8829
f 4974 4972 4969
f 4970 4971 12578
f 12820 4970 12578
f 11818 4971 8598
f 11818 12578 4971
f 4975 4976 4978
f 9248 4975 8727
f 4976 4985 4978
f 4983 4978 4985
f 12871 4978 4983
f 4979 6608 10909
f 4979 11338 6661
f 4979 10909 8015
f 4979 8015 11338
f 5010 4980 6681
f 5155 9085 4981
f 5155 4981 9215
f 8152 4983 8175
f 8152 12871 4983
f 4986 5606 5605
f 4986 5605 11367
f 4986 11532 5606
f 4986 5991 11227
f 4986 11367 5991
f 4986 11227 11532
f 9815 4987 11362
f 4988 11775 11349
f 8782 4989 9254
f 9712 4989 8782
f 9712 11627 4989
f 4990 8300 8998
f 4990 8998 11592
f 4991 4994 4992
f 9297 4994 4991
f 6021 10644 4993
f 6021 4993 10748
f 4993 10609 9514
f 10644 10609 4993
f 12681 4994 9297
f 4996 5291 9581
f 4996 10996 5291
f 4996 9296 9295
f 4996 9295 11923
f 4996 9581 9296
f 4996 11923 10996
f 7292 4997 8277
f 11591 4997 7292
f 11591 7295 4997
f 4998 5617 9202
f 10859 4999 12672
f 12679 4999 12582
f 9204 5000 10468
f 7289 5001 11586
f 10704 5002 11243
f 7284 5003 9235
f 7284 12102 5003
f 9235 5003 12090
f 5004 12493 12614
f 12397 5272 5005
f 7434 9769 5007
f 5008 5020 11579
f 5010 6679 10432
f 5012 7882 9463
f 5013 5016 10613
f 5013 11981 5016
f 6319 9184 5013
f 6319 5013 10613
f 6682 5013 9184
f 6682 11981 5013
f 9312 9313 5014
f 12628 8761 5015
f 5016 6684 10429
f 10613 5016 10429
f 7734 8178 5017
f 8178 12477 5017
f 8426 5018 5455
f 8426 12813 5018
f 8702 5019 12811
f 5020 5024 11579
f 7228 8625 5021
f 8695 5021 8431
f 7274 5024 5023
f 7274 7283 5024
f 5026 5308 6799
f 5028 8860 8863
f 8834 5029 7589
f 9310 5030 5036
f 5030 9342 5036
f 9310 11984 5030
f 9603 9342 5030
f 5031 5034 5033
f 7271 7280 5031
f 5032 5039 5036
f 5032 5036 11809
f 9895 5039 5032
f 5032 9355 5046
f 9895 5032 5046
f 5032 11809 9355
f 11570 5033 11580
f 5035 9184 6319
f 9310 5036 5039
f 5036 9342 11809
f 5037 11285 8225
f 5038 5615 8214
f 5038 8214 9247
f 9895 12437 5039
f 5039 12437 11987
f 5043 5040 5044
f 5040 11564 9259
f 10431 10426 5041
f 5042 5220 9705
f 5042 10418 5220
f 5042 9512 5406
f 5042 5406 10418
f 5042 9705 6331
f 5043 5044 11575
f 5049 5043 9250
f 5043 11575 9250
f 6151 5045 6283
f 8938 5046 9355
f 9895 5046 12743
f 6540 10524 5047
f 6540 5047 11770
f 10524 9346 5047
f 6040 9104 5048
f 6127 5048 6858
f 9818 5244 5050
f 10767 5050 5244
f 8607 5050 9797
f 8607 9818 5050
f 9797 5050 10767
f 5054 5059 5051
f 5054 5051 9372
f 5051 5059 9349
f 11717 5051 9349
f 9372 5051 12381
f 11717 12381 5051
f 5162 5056 5052
f 5489 5052 5056
f 5489 9784 5052
f 5054 5053 5059
f 5059 5053 5057
f 5057 5053 11581
f 11581 5053 9362
f 5054 9372 11770
f 5162 9309 5056
f 5489 5056 10123
f 5056 9309 9780
f 5056 9780 10123
f 5059 5057 5058
f 5318 5058 5057
f 5059 5058 9349
f 5318 9357 5058
f 9349 5058 9615
f 5058 9357 9615
f 7973 5060 9361
f 5060 9359 9361
f 12714 8930 5061
f 12714 5061 9346
f 5065 11569 7271
f 8253 5123 5066
f 11929 5066 5123
f 10593 8253 5066
f 5068 9367 12395
f 11534 5068 12431
f 5068 12395 12431
f 11570 7272 5069
f 5070 7931 7916
f 11515 5070 7916
f 6929 11918 5071
f 6929 5071 12337
f 5071 6982 11238
f 5071 11918 6982
f 5071 11238 7842
f 5071 7842 12337
f 5073 5315 9614
f 5073 12381 5315
f 5073 9371 9372
f 5073 11466 9371
f 5073 9372 12381
f 5073 9614 11466
f 5934 5074 8791
f 6884 8791 5074
f 11159 6884 5074
f 11159 5074 11012
f 11357 6971 5075
f 9558 12299 5075
f 11357 5075 12299
f 7594 11393 5076
f 7594 5076 12438
f 5076 9375 12438
f 9257 9237 5078
f 5078 9237 12087
f 5079 8186 9259
f 5079 11300 8186
f 5079 9241 12086
f 5079 12086 11300
f 5080 11108 11455
f 11221 5081 9285
f 11828 9285 5081
f 10418 5081 11221
f 5083 5117 5487
f 5083 5487 10121
f 5083 10121 10142
f 9267 5464 5085
f 11562 5086 5737
f 5087 12017 7136
f 5087 7136 12584
f 5087 9399 12350
f 5087 12350 12017
f 5088 5440 7033
f 5088 7033 10212
f 5486 5089 5301
f 5486 5485 5089
f 5485 11250 5089
f 9632 5089 11250
f 5755 5090 11895
f 11370 11895 5090
f 12585 5091 12685
f 12675 12685 5091
f 5092 9949 5982
f 5093 7189 5506
f 9881 5093 5506
f 7465 5094 5657
f 7465 9893 5094
f 7467 5094 9893
f 6116 5576 5095
f 5576 6402 5095
f 5095 10647 6116
f 10647 5095 6173
f 5096 9273 5099
f 10863 5113 5098
f 11943 5102 9401
f 10983 9402 5102
f 10983 5102 11943
f 5103 9402 6481
f 5103 6481 10580
f 5103 10580 10989
f 5104 6799 5309
f 9876 6799 5104
f 5316 9885 5105
f 6581 5105 6786
f 5105 9885 6786
f 5106 6253 9406
f 5106 12801 6253
f 5106 9405 7557
f 5106 7557 12801
f 12598 7657 5108
f 12601 5108 7827
f 5108 12631 7827
f 12601 12598 5108
f 5964 5109 6485
f 10547 5109 5964
f 5967 5110 6082
f 5967 10585 5110
f 5110 10467 6082
f 5110 6476 7401
f 10585 6476 5110
f 5110 7401 10467
f 5977 5111 6446
f 5977 10587 5111
f 6446 5111 10638
f 5111 9410 8393
f 5111 8393 10638
f 10587 9410 5111
f 12244 5112 7946
f 12252 7946 5112
f 12252 5112 8793
f 10895 5113 10863
f 10895 11933 5113
f 5116 9406 6258
f 12686 5116 6258
f 10074 5487 5117
f 6104 9855 5117
f 9855 11819 5117
f 10074 5117 11819
f 10451 5118 6218
f 11772 5118 10451
f 11772 10826 5118
f 7652 10850 5119
f 5120 7172 10848
f 5120 12616 7172
f 5120 9483 7778
f 5120 7778 12616
f 8976 5121 8972
f 8972 5121 9420
f 8976 9431 5121
f 10590 9420 5121
f 8882 5123 8940
f 8882 11929 5123
f 8940 5123 9422
f 12610 5124 12541
f 12641 12541 5124
f 5125 6449 8366
f 5125 8366 10532
f 10536 5125 10532
f 10536 12680 5125
f 5127 5179 5128
f 5127 8742 9179
f 7789 5129 6767
f 10506 6767 5129
f 7789 8798 5129
f 5129 8798 8763
f 10506 5129 8763
f 8352 8351 5131
f 8351 10712 5131
f 8352 5131 10749
f 8751 5131 8721
f 10518 8721 5131
f 8751 10749 5131
f 10518 5131 10712
f 8352 5132 8293
f 10730 8293 5132
f 8352 9431 5132
f 8976 8974 5132
f 8974 10730 5132
f 8976 5132 9431
f 8351 8293 5133
f 9432 5133 8293
f 8351 5133 10712
f 8836 8870 5133
f 9432 8836 5133
f 5133 8870 10712
f 5134 6448 6451
f 5134 12836 6448
f 5134 10799 6449
f 5134 6449 12836
f 5134 6451 10799
f 5135 5158 5408
f 5135 5408 11224
f 6295 5135 11224
f 5157 5136 7128
f 5136 10841 7128
f 6443 8452 5137
f 6443 5137 8550
f 10686 5137 8452
f 8550 5137 8543
f 8567 8543 5137
f 8567 5137 10686
f 6440 5138 11919
f 8577 5138 8578
f 8577 11919 5138
f 8578 5138 9437
f 5139 6039 10618
f 11855 6039 5139
f 5139 8518 8517
f 5139 8517 9438
f 5139 10618 8518
f 11855 5139 9438
f 5140 10456 6227
f 5140 6227 10581
f 5140 8516 8518
f 5140 10581 8516
f 5140 8518 9439
f 5140 9439 10456
f 8517 8516 5141
f 8516 9440 5141
f 8517 5141 10571
f 8751 8739 5141
f 8739 10571 5141
f 8751 5141 9440
f 9783 6107 5142
f 9848 5142 6107
f 10403 5142 9848
f 10403 11251 5142
f 8652 5143 5146
f 9442 5146 5143
f 8550 8543 5143
f 8543 9442 5143
f 8550 5143 10552
f 8652 10552 5143
f 8577 8578 5145
f 8577 5145 10542
f 8578 10551 5145
f 5145 8763 8798
f 5145 9447 8763
f 5145 8798 10542
f 5145 10551 9447
f 10535 8652 5146
f 10535 5146 8870
f 8671 5147 9441
f 8671 9446 5147
f 8721 5147 9446
f 10518 5147 8721
f 9441 5147 10560
f 10560 5147 10518
f 5148 5476 5171
f 5148 5171 9774
f 6103 5148 9774
f 11244 5148 6103
f 8832 5149 8808
f 8808 5149 10482
f 8832 9447 5149
f 5149 8836 10482
f 10535 8836 5149
f 10535 5149 9447
f 5150 5152 8951
f 5150 9449 5152
f 8832 8808 5150
f 8808 9449 5150
f 8832 5150 10479
f 10479 5150 8951
f 8875 5151 8882
f 8875 9450 5151
f 8882 5151 10825
f 8986 9039 5151
f 8986 5151 9450
f 10825 5151 9039
f 10471 8951 5152
f 5152 9203 9226
f 5152 9449 9203
f 10471 5152 9226
f 10457 8951 5153
f 10471 5153 8951
f 10457 5153 8986
f 8974 8972 5154
f 9453 5154 8972
f 8974 5154 10455
f 9182 5154 9185
f 9182 10455 5154
f 9185 5154 9453
f 5155 9050 9085
f 9182 9050 5155
f 5157 6187 7053
f 5157 7128 6187
f 5157 7053 8364
f 5990 10530 5159
f 9252 5159 10530
f 11065 5159 9252
f 11065 10991 5159
f 10345 9348 5160
f 9459 9373 5160
f 10345 5160 9373
f 6182 5161 9348
f 6182 11142 5161
f 9326 5161 9279
f 9279 5161 10335
f 9326 9348 5161
f 10335 5161 11142
f 5162 5252 9534
f 5162 9534 9309
f 9462 5163 9373
f 10345 9373 5163
f 5163 9604 9456
f 10345 5163 9456
f 9462 9624 5163
f 9624 9604 5163
f 5164 6423 9462
f 10526 6423 5164
f 6426 5164 9459
f 10526 5164 6426
f 5164 9373 9459
f 5164 9462 9373
f 11547 5180 5165
f 6874 7253 5165
f 6874 5165 9711
f 7253 11547 5165
f 9626 9465 5166
f 5166 9465 9730
f 9626 5166 9649
f 10233 9649 5166
f 5166 9730 9727
f 10233 5166 9727
f 6430 9714 5167
f 6430 5167 10229
f 9485 5167 9715
f 9485 9931 5167
f 5167 9714 9715
f 5167 9931 10229
f 7608 5168 11623
f 7608 12660 5168
f 9884 10839 5168
f 9884 5168 12660
f 5169 6428 9727
f 10527 6428 5169
f 5169 9718 9468
f 10527 5169 9468
f 5169 9730 9718
f 5169 9727 9730
f 5170 5669 12603
f 5171 5476 9779
f 8821 9774 5171
f 10526 6002 5172
f 6002 10527 5172
f 5172 9471 6423
f 10526 5172 6423
f 5173 9849 9472
f 5173 9472 9854
f 5173 9851 9849
f 5173 10114 9851
f 5173 9854 10072
f 5173 10072 10114
f 5174 5180 5176
f 5174 7245 7246
f 5175 9854 9474
f 5175 9852 9854
f 11542 5176 11549
f 9914 9476 5177
f 5177 9476 10711
f 9914 5177 11913
f 5177 10715 10060
f 5177 10060 11913
f 5177 10711 10715
f 5178 6662 8002
f 9776 5476 5181
f 11912 5182 5193
f 5193 5182 12379
f 6007 9481 5182
f 6007 5182 9918
f 5182 9481 12379
f 11912 9918 5182
f 9319 5183 5512
f 5183 5515 9173
f 9303 5515 5183
f 9303 5183 9319
f 9482 5184 9484
f 9482 10160 5184
f 9484 5184 9647
f 9647 5184 10238
f 5185 6093 6091
f 10593 6093 5185
f 10593 5185 8253
f 8367 7256 5186
f 5186 8774 8368
f 5202 5187 9486
f 5202 10220 5187
f 9486 5187 9945
f 9910 9931 5187
f 10220 9910 5187
f 5187 9931 9945
f 5671 5188 7922
f 5188 7596 9564
f 7922 5188 10828
f 10828 5188 9564
f 5189 8728 7090
f 5189 7090 12165
f 6382 5190 9489
f 5190 9993 9489
f 5190 9490 9963
f 5190 9963 9993
f 5191 9236 9284
f 5191 12710 9236
f 5191 9284 10640
f 5191 10640 10694
f 5192 9861 9491
f 5192 9491 11907
f 5192 9963 9861
f 5192 9993 9963
f 5192 10735 9993
f 5192 11907 10735
f 5193 10509 9834
f 11912 5193 9834
f 10509 5193 10733
f 5193 12379 10733
f 5194 9620 9284
f 5194 9631 9620
f 12748 9631 5194
f 10736 5195 6408
f 11215 6408 5195
f 10736 8841 5195
f 11215 5195 11201
f 9787 5196 5216
f 5216 5196 10710
f 5196 6403 9495
f 5196 11904 6403
f 5196 9495 10710
f 9787 11904 5196
f 6389 5197 10740
f 6389 11900 5197
f 6405 5197 6395
f 6395 5197 11900
f 6405 10111 5197
f 10111 10740 5197
f 11550 7252 5198
f 7252 11551 5198
f 7253 5198 11547
f 11550 5198 7253
f 11547 5198 11548
f 5198 11551 11548
f 6020 11901 5199
f 6400 6172 5199
f 11839 5199 6172
f 6397 6400 5199
f 6397 5199 11901
f 5527 10322 5200
f 5200 10322 5698
f 5202 9486 10255
f 5202 9699 10220
f 5202 10277 9699
f 5202 10255 10277
f 5203 5209 9494
f 10377 5209 5203
f 5203 9494 9506
f 5203 9506 10227
f 5203 10227 10397
f 10377 5203 10397
f 5204 9504 5205
f 5204 5205 10238
f 5204 10238 9503
f 5204 9503 10277
f 5204 9670 9504
f 5204 10259 9670
f 5204 10277 10259
f 10377 5205 9504
f 9647 10238 5205
f 9647 5205 10397
f 10377 10397 5205
f 5206 10255 9505
f 5206 9505 10553
f 9646 10259 5206
f 9646 5206 10583
f 5206 10259 10255
f 5206 10553 10583
f 5207 9490 10315
f 5207 10461 9490
f 5207 9506 10445
f 5207 10445 10461
f 9494 5209 10520
f 10377 9508 5209
f 5209 9508 10478
f 5209 10478 10520
f 5210 5427 8737
f 5210 6308 6706
f 5210 8737 6308
f 5211 5823 7540
f 12325 5823 5211
f 8528 5211 7540
f 7570 8358 5211
f 7570 5211 8528
f 12325 5211 8358
f 8677 9679 5212
f 9560 9415 5213
f 10553 5213 9415
f 9645 5213 9505
f 9505 5213 10553
f 9560 5213 9839
f 9645 9839 5213
f 5214 9412 10583
f 5214 10713 9412
f 10553 9513 5214
f 5214 9513 10715
f 10553 5214 10583
f 5214 10715 10713
f 5215 7243 11179
f 7260 5215 11179
f 5216 10710 9515
f 5216 9515 10713
f 9787 5216 10711
f 5216 10713 10711
f 10487 10776 5217
f 10487 5217 10781
f 11892 10781 5217
f 5218 12775 7045
f 8861 7591 5219
f 5220 10813 9705
f 5220 10418 11221
f 6324 6338 5221
f 5221 6338 10483
f 5221 10483 10805
f 5221 10805 11621
f 5222 6321 5223
f 10827 5222 5223
f 11888 6321 5222
f 10827 9242 5222
f 11222 5223 6321
f 11222 10474 5223
f 11530 5223 10474
f 11530 10827 5223
f 5224 5225 9523
f 9524 5225 5224
f 6316 5224 9201
f 6316 9219 5224
f 5224 9523 9201
f 9524 5224 9219
f 9523 5225 11034
f 9524 11191 5225
f 11176 11034 5225
f 11191 11176 5225
f 6688 10408 5226
f 5228 10189 10002
f 6050 8954 5229
f 6050 5229 11403
f 8954 9081 5229
f 11143 11403 5229
f 5231 8965 6315
f 5231 6315 11143
f 9527 8965 5231
f 9527 5231 9533
f 9533 5231 11812
f 5231 11143 11812
f 5232 9046 11151
f 11346 9046 5232
f 11314 5232 9531
f 11346 5232 11314
f 9221 9217 5233
f 9221 5233 11505
f 11160 9532 5233
f 11502 5233 9532
f 11505 5233 11502
f 10866 10872 5234
f 9525 5265 5235
f 5235 9219 11196
f 9525 5235 11196
f 9527 5236 8965
f 11346 8965 5236
f 9525 5236 9527
f 9525 11115 5236
f 9535 5236 11115
f 11346 5236 9535
f 6315 11336 5237
f 6315 5237 11488
f 11314 9536 5237
f 9536 11885 5237
f 11336 11314 5237
f 11488 5237 11885
f 11542 5238 7243
f 11543 5238 11622
f 5239 6312 6052
f 5239 6052 11885
f 10474 6312 5239
f 11527 5239 6313
f 5239 11885 6313
f 11527 10474 5239
f 8927 5240 6151
f 8927 10840 5240
f 10840 9539 5240
f 11828 5240 9539
f 5241 10069 7398
f 9176 6435 5242
f 10408 5242 6435
f 9176 5242 6687
f 6687 5242 10423
f 11982 5242 10408
f 11982 10423 5242
f 5569 5243 7502
f 5368 5244 7431
f 5368 10767 5244
f 7431 5244 7378
f 9818 7378 5244
f 9544 8727 5245
f 11557 5245 9266
f 9543 9544 5245
f 9543 5245 11557
f 6758 10869 5246
f 9618 5246 10869
f 5288 5251 5247
f 11535 5247 5251
f 6689 5248 5263
f 5248 10614 5263
f 12749 6354 5249
f 5288 8165 5251
f 7241 5251 8165
f 5275 5252 9770
f 5275 9777 5252
f 9534 5252 9777
f 10206 6327 5253
f 11611 5254 5522
f 12531 5254 11611
f 5257 11903 11910
f 5257 11910 11932
f 6089 5258 7450
f 6089 9760 5258
f 10783 5258 9760
f 5259 5269 5266
f 5259 8159 7233
f 5259 7233 11533
f 5260 8598 11751
f 5260 11818 8598
f 9559 5260 11745
f 9559 11813 5260
f 11745 5260 11751
f 11813 11818 5260
f 5261 5264 8586
f 5261 11784 5264
f 5261 8586 11745
f 5261 11745 11715
f 5262 5687 5306
f 6689 5263 6690
f 8101 6690 5263
f 9533 5267 5265
f 9525 9527 5265
f 9527 9533 5265
f 5266 5269 5278
f 5266 5278 7230
f 9533 11865 5267
f 5267 11865 9580
f 5282 5278 5269
f 7234 5282 5269
f 11303 5270 6871
f 7240 7241 5270
f 7240 5270 11303
f 5271 7307 9045
f 7240 11303 5274
f 11538 7240 5274
f 11538 5274 11133
f 12606 5275 9770
f 12606 12654 5275
f 5276 9171 10390
f 5276 10390 10615
f 11529 5278 5282
f 5278 5321 7230
f 11529 5321 5278
f 5480 5279 5434
f 9571 11812 5279
f 5280 5633 10615
f 5280 10615 10390
f 11529 5282 11538
f 5284 9581 5283
f 5284 5283 11956
f 5283 11935 8151
f 8151 11954 5283
f 5283 9581 11935
f 5283 11954 11956
f 5284 9296 9581
f 11896 9296 5284
f 11896 5284 12527
f 12527 5284 11956
f 11308 5285 8165
f 8848 7372 5286
f 5286 7372 8925
f 7408 8848 5286
f 7408 5286 11676
f 11308 5288 7686
f 11308 8165 5288
f 5289 6057 5636
f 5289 5636 11923
f 5289 9299 6057
f 12544 9299 5289
f 5871 5290 6701
f 10383 5290 5871
f 12127 6701 5290
f 5291 9591 8116
f 5291 8116 11935
f 5291 11935 9581
f 5291 10996 9591
f 5292 6072 6074
f 5292 6074 9095
f 5293 6948 7957
f 5293 11254 6948
f 5293 9352 11254
f 5295 5294 5298
f 5294 8564 5298
f 5294 7235 8564
f 5294 11533 7235
f 5295 11535 7234
f 5297 11224 5408
f 5297 6137 9224
f 10417 5297 9224
f 10417 11224 5297
f 12008 7236 5298
f 12008 5298 8564
f 5299 11178 9590
f 5302 11968 5300
f 5302 5300 11988
f 5300 9599 9601
f 5300 11958 9599
f 5300 9601 11988
f 5300 11968 11958
f 5486 5301 9770
f 12606 9770 5301
f 7719 5302 11988
f 7719 12181 5302
f 5302 7729 11968
f 5302 12181 7729
f 5303 12411 10769
f 5320 5319 5304
f 10017 5306 5687
f 5866 5309 5308
f 6799 5308 5309
f 5310 5312 7651
f 5310 7663 5312
f 5310 7651 9609
f 5310 12240 7663
f 9756 5310 9609
f 9756 9613 5310
f 5310 9613 12240
f 5311 5313 7648
f 12239 5313 5311
f 5311 9611 12214
f 12239 5311 12214
f 5312 11029 7651
f 7663 9610 5312
f 5312 9610 12214
f 5312 12214 11029
f 7648 5313 12273
f 12239 9615 5313
f 5313 9615 12256
f 5313 12256 12273
f 12604 5314 8305
f 12611 5314 12602
f 12602 5314 12644
f 12604 12644 5314
f 7663 5315 7635
f 7635 5315 12381
f 12240 5315 7663
f 12240 9614 5315
f 5316 11256 9885
f 5316 11343 11256
f 5385 5317 5367
f 12605 8307 5317
f 5318 7634 9357
f 5318 11809 7634
f 5318 9355 11809
f 5320 9168 9169
f 5321 11161 7457
f 11529 11161 5321
f 10992 5322 12462
f 10992 12832 5322
f 12446 5322 12438
f 12438 5322 12832
f 12462 5322 12446
f 6275 5323 7572
f 6275 10865 5323
f 8125 7572 5323
f 8111 8125 5323
f 8111 5323 9622
f 10865 9622 5323
f 5324 5343 5341
f 5325 5326 8708
f 12500 5326 5325
f 5325 7490 7602
f 5325 8195 7490
f 12500 5325 7602
f 5325 8708 8195
f 9762 8708 5326
f 9619 5326 9625
f 9619 9762 5326
f 12500 9625 5326
f 5327 7485 9627
f 11597 7485 5327
f 8416 11597 5327
f 8416 5327 12720
f 5327 9627 10871
f 5327 10871 12720
f 10470 5332 5328
f 11135 5328 5332
f 6269 10470 5328
f 11864 6269 5328
f 11135 10946 5328
f 10946 11864 5328
f 6269 9628 5329
f 6269 5329 12576
f 8118 5329 8125
f 8118 12576 5329
f 8125 5329 9628
f 6127 6830 5331
f 6255 5331 9087
f 5331 6830 9087
f 7385 5332 9627
f 7385 12709 5332
f 10470 9627 5332
f 12709 11135 5332
f 8803 5333 6285
f 8803 12791 5333
f 5333 9696 11832
f 5333 12791 9696
f 5334 10949 6482
f 5334 10649 10949
f 5339 5336 5335
f 5359 5335 5336
f 5339 5335 7231
f 5359 7225 5335
f 5359 5336 11157
f 5336 11528 11157
f 7326 5337 7291
f 7325 5337 9636
f 7326 12859 5337
f 9636 5337 12859
f 5338 10510 12742
f 5340 7227 7697
f 11525 7227 5340
f 6242 9641 5342
f 11035 5342 9641
f 11979 5342 11035
f 5344 5369 5357
f 5675 6692 5345
f 5675 5345 6763
f 5345 6692 7239
f 5345 9597 6763
f 9560 5345 7239
f 9560 9597 5345
f 5649 7442 5346
f 5649 5346 8026
f 7442 10966 5346
f 10966 12497 5346
f 6534 10504 5347
f 11047 6534 5347
f 8580 7201 5347
f 8580 5347 10504
f 11855 5348 6039
f 11060 6211 5348
f 11060 5348 11855
f 6362 5913 5349
f 5913 7193 5349
f 9648 6362 5349
f 9648 5349 7197
f 6186 9772 5350
f 5350 6226 6943
f 12468 6226 5350
f 9772 12468 5350
f 5351 7168 11636
f 5351 11058 9650
f 5351 11857 11058
f 5351 11636 11857
f 7366 5352 7367
f 11731 5352 7366
f 8618 7367 5352
f 10765 8618 5352
f 7364 5353 9773
f 10765 5353 12802
f 9783 9654 5354
f 11101 5354 9654
f 5354 9666 10034
f 11101 9666 5354
f 9783 5354 10096
f 10096 5354 10034
f 7041 9667 5355
f 5355 11101 9654
f 9667 11101 5355
f 6643 5358 9657
f 7072 9657 5358
f 11113 7072 5358
f 5359 5361 7224
f 5359 11157 5361
f 11525 5359 7224
f 11525 7225 5359
f 6634 5360 6772
f 6634 9660 5360
f 8839 6772 5360
f 9660 9659 5360
f 11153 5361 11157
f 6213 5362 5913
f 9661 5913 5362
f 9661 5362 6534
f 6534 5362 10504
f 5954 9664 5363
f 5363 6969 6979
f 9664 6969 5363
f 8580 5363 6979
f 5382 6772 5364
f 5382 5364 9663
f 5954 9663 5364
f 5954 5364 9664
f 8839 5364 6772
f 8839 9664 5364
f 5365 7374 9028
f 5365 9803 7374
f 5365 9797 10767
f 5365 10767 9803
f 9652 5366 5807
f 5366 9666 5807
f 9652 10265 5366
f 9786 9666 5366
f 9786 5366 10265
f 5367 6225 7816
f 5368 7431 12802
f 5368 9803 10767
f 9165 9166 5369
f 5370 11311 5371
f 5370 11514 11311
f 10366 6711 5372
f 5373 7215 11519
f 12052 7215 5373
f 12052 5373 11311
f 5374 6855 9673
f 9470 10072 5374
f 9485 5375 7237
f 7237 5375 9673
f 9485 9715 5375
f 10191 5375 9715
f 5376 7219 5384
f 5376 8147 7219
f 6080 5377 6320
f 6080 12285 5377
f 5377 6081 6320
f 10393 6081 5377
f 5675 6855 5378
f 5675 5378 9680
f 8743 5378 6855
f 5379 6850 11149
f 5379 11149 8148
f 11173 5381 8742
f 5382 9663 9681
f 5382 9681 9682
f 6643 8731 5383
f 11148 5384 6852
f 6852 5384 11520
f 11520 5384 7219
f 5385 7803 8306
f 6558 6422 5386
f 6422 9306 5386
f 10697 6561 5386
f 10697 5386 9306
f 5779 6549 5387
f 5387 6213 6362
f 6549 6213 5387
f 5387 6362 9686
f 7041 5388 9667
f 9165 5389 5396
f 5390 11187 6178
f 5390 11319 6522
f 11841 11187 5391
f 11841 5391 11839
f 11215 11201 5392
f 6097 5393 10428
f 9692 6164 5393
f 10428 5393 6164
f 9692 5393 11201
f 6467 5394 6164
f 11838 5394 6467
f 8145 5395 5397
f 5397 5395 11312
f 8147 5395 7219
f 5395 9286 7219
f 8145 9286 5395
f 8147 11312 5395
f 8145 5397 9287
f 5397 11519 9287
f 5397 11312 11519
f 5398 6710 6711
f 12132 6710 5398
f 10366 5398 6711
f 10366 10619 5398
f 10620 5398 10619
f 12132 5398 10620
f 5399 9698 5403
f 5399 11832 9698
f 6122 5400 10419
f 10420 5400 6122
f 10420 6341 5400
f 5401 6357 11319
f 5402 5447 7213
f 11214 6298 5403
f 11121 5403 9698
f 11121 11214 5403
f 5449 5404 5413
f 5861 5413 5404
f 9148 5404 5449
f 6712 5861 5404
f 5405 8803 6285
f 5405 8807 8803
f 11268 8807 5405
f 11110 5407 9706
f 9707 5407 11018
f 11110 11018 5407
f 5409 10595 5434
f 5409 9789 5490
f 5409 5490 10595
f 5409 9081 9789
f 5410 6123 6245
f 5410 10417 6123
f 5410 6245 6136
f 6295 5410 6136
f 6295 11224 5410
f 5410 11224 10417
f 5411 5415 7218
f 11512 5469 5411
f 5449 5413 5444
f 5413 5870 5444
f 5966 5414 12361
f 7077 5416 12309
f 8310 5418 12608
f 5419 10790 9584
f 5419 9795 10790
f 5424 11120 5420
f 11137 7597 5420
f 5421 9156 5432
f 6470 5859 5423
f 10589 5423 6290
f 10589 6470 5423
f 5424 7578 6816
f 5426 9709 6071
f 5426 11826 9709
f 7083 8737 5427
f 5428 8139 5436
f 5428 5436 11313
f 5428 6815 8139
f 5428 11817 6815
f 5428 11313 11817
f 9161 5429 5432
f 7391 11313 5431
f 5431 11311 11514
f 12052 11311 5431
f 12052 5431 11313
f 8033 5432 9156
f 7022 9684 5433
f 9099 5433 9684
f 5434 5783 5480
f 5783 5434 6134
f 6134 5434 10595
f 5435 6671 6323
f 10393 5435 6323
f 6379 9997 5435
f 9997 6671 5435
f 5436 9292 7215
f 12052 5436 7215
f 5436 8139 9292
f 12052 11313 5436
f 5696 5438 9720
f 5883 6000 5438
f 6000 6129 5438
f 6129 9720 5438
f 12633 7601 5439
f 5917 7033 5440
f 5733 9601 5442
f 9741 5733 5442
f 9741 5442 5872
f 9601 9599 5442
f 5445 5443 11232
f 5445 11804 5443
f 11232 5443 6130
f 11893 6130 5443
f 10372 5443 11804
f 11893 5443 10372
f 6940 5445 6893
f 5445 11232 6893
f 6940 7222 5445
f 5445 7222 11804
f 5446 5733 9741
f 5446 9746 5733
f 5446 7222 5752
f 5446 5752 9746
f 5446 9745 7222
f 5446 9741 9745
f 7213 5447 7515
f 5448 5719 6893
f 12072 5719 5448
f 5448 9744 6111
f 12067 5448 6111
f 5448 6893 9744
f 12067 12072 5448
f 5450 8117 8100
f 5450 8100 12843
f 6266 9125 5451
f 6266 5451 9126
f 8137 5452 5469
f 8137 9298 5452
f 11152 5452 9298
f 5453 8889 8318
f 5591 5454 7681
f 5591 7833 5454
f 5454 11988 7681
f 5454 11820 7719
f 5454 7719 11988
f 7833 11820 5454
f 8426 5455 8419
f 5456 5461 8407
f 5566 7916 5457
f 5566 5457 7979
f 9613 5457 7916
f 8035 7979 5457
f 9756 8035 5457
f 9756 5457 9613
f 9758 5458 5544
f 9757 5458 8035
f 8035 5458 9758
f 5459 5462 8708
f 7979 5459 5537
f 5537 5459 8708
f 9758 5459 7979
f 8118 5460 5524
f 8562 5524 5460
f 8111 5460 8118
f 8423 8562 5460
f 5461 11158 8407
f 8195 5462 8303
f 8195 8708 5462
f 8303 5462 8287
f 5463 8729 9158
f 8177 5465 5513
f 12476 8297 5465
f 5466 9840 5543
f 5466 8425 9763
f 5466 9763 9846
f 11283 9840 5466
f 11283 5466 9846
f 9380 11941 5468
f 12445 5468 11941
f 8137 5469 11512
f 5470 5475 5471
f 5470 5471 7199
f 5470 11511 5475
f 5471 5475 8132
f 7199 5471 7212
f 5471 8132 7212
f 5472 10004 10601
f 5473 5481 11315
f 9798 5473 7210
f 5473 12044 7210
f 5473 11315 12044
f 5475 11315 8132
f 9301 5475 11511
f 9776 9155 5476
f 9779 5476 9155
f 5477 9566 7081
f 5477 7081 11721
f 5478 11844 7100
f 5478 7100 11884
f 5479 7216 5491
f 5479 5491 11494
f 5479 7176 7216
f 5479 11494 11869
f 6094 5480 5783
f 6094 9266 5480
f 6813 9302 5481
f 9302 8132 5481
f 11315 5481 8132
f 10407 6076 5483
f 6076 10469 5483
f 9848 5483 6157
f 5483 10469 6157
f 9848 9855 5483
f 10407 5483 9855
f 7209 5484 5493
f 11318 5493 5484
f 12044 5484 7210
f 12044 11318 5484
f 5486 9784 5485
f 5485 10401 10023
f 5485 10023 11250
f 9786 5487 10034
f 9786 10121 5487
f 10074 10034 5487
f 5488 10142 10121
f 5488 10121 10265
f 5488 10123 10142
f 5488 10217 10123
f 5489 10123 10217
f 5490 9789 6235
f 11816 5490 6235
f 10986 10595 5490
f 10986 5490 11816
f 5492 12048 5645
f 11381 5492 7305
f 11381 12048 5492
f 9305 7209 5493
f 11510 9305 5493
f 8964 5494 6062
f 6062 5494 11264
f 6167 5494 11273
f 11617 5494 6167
f 8964 11273 5494
f 10378 11264 5494
f 10378 5494 11617
f 12044 5495 11318
f 5496 5760 6412
f 5496 10372 5760
f 5496 10790 6059
f 5496 6059 11886
f 5496 6412 10790
f 5496 11886 10372
f 5607 5497 12848
f 9697 9874 5497
f 9697 5497 10814
f 12848 5497 9874
f 5498 10294 5836
f 5498 5836 12171
f 8417 5498 8444
f 8417 12391 5498
f 8444 5498 12171
f 12391 10294 5498
f 5499 5609 7187
f 5499 7200 5609
f 5499 7187 11501
f 5499 11501 7202
f 5717 5558 5500
f 5558 11252 5500
f 10082 5500 8622
f 8622 5500 11252
f 5501 11110 9800
f 11214 5501 9800
f 10995 11110 5501
f 11177 5501 11214
f 7226 5502 6921
f 5502 9955 6921
f 12374 5502 7226
f 11121 9802 5503
f 11459 5503 9802
f 11177 11121 5503
f 11459 11406 5503
f 5504 9278 9281
f 11287 5505 6073
f 11287 9804 5505
f 11384 5505 9804
f 11459 5505 11384
f 9881 5506 10028
f 10028 5506 10751
f 5507 7186 7205
f 5507 7205 11504
f 5508 9808 6062
f 5508 6062 11264
f 11461 11227 5508
f 11461 5508 11264
f 9909 12371 5509
f 12371 12880 5509
f 5510 9809 6058
f 10374 5510 6058
f 8964 9809 5510
f 8964 5510 11807
f 11881 5510 10374
f 11881 11807 5510
f 11501 5511 7202
f 7202 5511 11983
f 9319 5512 11426
f 11764 11426 5512
f 11998 8779 5513
f 9815 5514 9814
f 9911 9173 5515
f 5516 6666 9871
f 10747 5517 11028
f 12565 5517 11039
f 10627 7044 5519
f 5519 7044 10717
f 5519 10717 10517
f 11321 5523 7682
f 8124 5523 9308
f 8562 12451 5524
f 5525 5526 10209
f 12330 5526 5525
f 12778 5525 10209
f 12330 5525 12250
f 6326 10209 5526
f 12340 5526 12330
f 5527 6260 11521
f 5527 11521 10322
f 10327 11724 5529
f 5566 7979 5537
f 9762 5537 8708
f 9817 5540 5539
f 9837 5540 11327
f 5551 9810 5541
f 9308 5541 6808
f 5541 9810 6808
f 9888 9842 5542
f 10199 9888 5542
f 5543 9842 12451
f 9763 5546 9846
f 5547 5564 5561
f 5551 7212 9302
f 11497 7212 5551
f 5551 9302 9810
f 6377 10750 5552
f 10748 10499 5553
f 5554 5921 10567
f 6375 5555 5999
f 5999 5555 6792
f 6230 6792 5555
f 6375 6231 5555
f 10570 5556 11971
f 5560 7188 5557
f 5560 5557 7852
f 6803 5557 6807
f 7852 5557 6803
f 11106 6807 5557
f 7188 11106 5557
f 5717 7440 5558
f 8623 5558 7440
f 9025 6974 5559
f 5559 6974 10131
f 8112 9025 5559
f 5560 5609 7200
f 11487 5609 5560
f 5560 7200 7188
f 5560 7852 11102
f 11487 5560 11102
f 5585 11604 5562
f 5563 9904 7122
f 5563 10739 9904
f 5564 9147 9154
f 11597 5565 7485
f 11597 9889 5565
f 9889 12654 5565
f 12606 5565 12654
f 11515 7916 5566
f 6132 5567 10410
f 11911 5567 6132
f 7617 10410 5567
f 7617 5567 11604
f 11276 11604 5567
f 11911 11276 5567
f 10383 7221 5568
f 5569 7502 7510
f 9748 5569 7510
f 5570 11495 7186
f 7194 5570 11493
f 5571 5577 5573
f 5571 5573 11493
f 5571 11099 5577
f 5571 5594 11099
f 11489 5573 5577
f 7194 5573 5583
f 11489 5583 5573
f 7194 11493 5573
f 5574 12807 7851
f 5574 12170 12807
f 5575 9874 8294
f 5575 12848 9874
f 6116 6750 5576
f 5576 6904 6402
f 5577 6802 7891
f 5577 11099 6802
f 11489 5577 7891
f 9882 5598 5578
f 8718 12813 5579
f 5584 5586 5600
f 9609 7617 5585
f 5585 7617 11604
f 9757 9609 5585
f 8036 5587 7698
f 12399 7698 5587
f 8036 8040 5587
f 8040 8042 5587
f 8042 10971 5587
f 12399 5587 10971
f 12414 5588 5818
f 8370 5588 12460
f 12414 10739 5588
f 5588 10739 12460
f 8476 5589 8824
f 5590 8706 7122
f 5590 7122 9904
f 8633 8706 5590
f 12535 5590 9904
f 7604 7329 5591
f 5591 7329 7833
f 7604 5591 9746
f 5591 7681 9746
f 9868 5592 12867
f 12127 5593 9153
f 5594 11092 6513
f 5594 6513 11099
f 11105 11092 5594
f 11685 5595 8876
f 8429 11129 5597
f 5601 8888 8315
f 11342 5602 10208
f 5603 8413 11147
f 8911 5604 8910
f 5607 5605 5606
f 5607 9867 5605
f 11589 5605 9867
f 5607 12848 9867
f 6717 6718 5610
f 6718 10630 5610
f 10343 5610 10629
f 10629 5610 10630
f 10298 5612 12435
f 8914 8407 5613
f 11158 5613 8407
f 8914 5613 8923
f 9919 5620 10340
f 5621 9881 7169
f 5622 9361 6878
f 7973 5622 6947
f 7973 9361 5622
f 6888 11713 5624
f 7094 7935 5625
f 10732 7094 5625
f 7103 7105 5625
f 7103 5625 7935
f 12744 5625 7105
f 10732 5625 12744
f 8913 5626 10725
f 8913 12323 5626
f 9925 6041 5627
f 5627 6041 10856
f 10727 9925 5627
f 10727 5627 11359
f 8856 5628 6041
f 6041 5628 10856
f 5628 10631 6046
f 5628 6046 10856
f 11801 5628 8856
f 11801 10631 5628
f 5629 6708 6308
f 5629 6308 8737
f 5629 8736 6708
f 5629 7352 8736
f 5631 5864 9929
f 5631 12313 7352
f 5631 9929 12313
f 5632 9935 6034
f 5632 6034 11799
f 6044 9919 5632
f 6044 5632 11799
f 9919 10941 5632
f 5632 10941 9935
f 5739 5635 6911
f 5635 10556 6911
f 5891 5636 6126
f 5891 10996 5636
f 11230 5636 6057
f 6126 5636 11230
f 11923 5636 10996
f 5637 6028 10365
f 5637 10368 6028
f 5637 9811 6037
f 5637 6037 10368
f 5637 10367 9811
f 5637 10365 10367
f 8268 5638 12567
f 5638 12575 12567
f 6833 5639 11574
f 9939 5640 9255
f 9255 5640 9953
f 9944 9953 5640
f 9941 5641 6026
f 9948 6026 5641
f 9941 7603 5641
f 9959 5641 7603
f 9948 5641 9956
f 9956 5641 9959
f 5642 5643 5650
f 5642 5712 5643
f 5642 5650 11480
f 5642 6798 5712
f 5642 5720 6798
f 5642 7167 5720
f 5642 11480 7167
f 5643 5668 5650
f 5643 5712 7170
f 9942 5644 7069
f 5644 12307 7069
f 9942 7075 5644
f 9393 6926 5645
f 5646 7057 5832
f 5646 5832 11175
f 11369 7057 5646
f 5646 11175 11895
f 11370 11369 5646
f 11370 5646 11895
f 9562 7841 5647
f 5649 8026 12722
f 8194 5649 12722
f 5650 5668 11471
f 10181 5660 5651
f 12302 5651 7256
f 10181 5651 12755
f 12302 12755 5651
f 5652 9922 5693
f 5652 8714 9922
f 5653 7124 11209
f 6886 5654 7238
f 11869 11494 5654
f 5655 7262 11174
f 5655 11174 12048
f 11381 5655 12048
f 5755 6875 5656
f 5755 5656 9592
f 5657 11387 7340
f 5658 11171 9722
f 5659 11423 9866
f 10181 11969 5660
f 5660 11969 12665
f 5661 9251 5837
f 9272 6588 5661
f 5661 9873 9251
f 5764 5662 11424
f 5663 6586 9282
f 5664 9282 6586
f 5664 9877 6791
f 5664 6791 11425
f 5664 11425 9282
f 11269 8298 5665
f 5666 7290 7922
f 12669 7290 5666
f 5666 7922 10828
f 5666 10828 11608
f 5668 11391 5707
f 5668 5707 11471
f 6287 8735 5669
f 9981 5699 5670
f 5670 5699 9983
f 5671 10030 8271
f 9122 9121 5672
f 9345 5673 9335
f 9345 10866 5673
f 9990 6648 5674
f 11451 10920 5674
f 5675 9680 6692
f 5675 6763 6855
f 5676 10997 5681
f 10716 5676 11081
f 6725 5677 6724
f 6724 5677 10630
f 5677 10629 10630
f 5678 6045 11292
f 5678 9621 9973
f 10727 9621 5678
f 10727 5678 11292
f 11237 5679 9749
f 11237 9752 5679
f 12072 5679 9752
f 12067 5679 12072
f 5850 5680 10969
f 6525 11476 5680
f 10997 10692 5681
f 10692 12296 5681
f 10999 5682 6487
f 10051 10792 5683
f 11089 10051 5683
f 10792 10756 5683
f 11878 7579 5685
f 10610 11875 5685
f 10610 5685 12364
f 11878 5685 11875
f 5686 5689 5688
f 5686 5688 5693
f 11217 5689 5686
f 5686 5693 9922
f 10460 5686 9922
f 11217 5686 10460
f 10017 5687 6011
f 9989 5693 5688
f 5689 5700 9998
f 11217 5700 5689
f 12749 5690 6354
f 5691 6353 11544
f 12298 10175 5691
f 6345 5692 10180
f 11545 12303 5692
f 5694 12322 10384
f 5695 11382 8088
f 5697 5705 5707
f 7092 5697 5707
f 5699 9998 5700
f 9981 9998 5699
f 5701 6539 12766
f 5701 10064 10353
f 5701 12766 10064
f 6255 5702 6251
f 6251 5702 9119
f 6255 9087 5702
f 6779 5702 6876
f 6779 9119 5702
f 9087 6876 5702
f 12366 5704 7855
f 11471 5707 5705
f 6180 5706 8129
f 5706 8851 8129
f 8130 8851 5706
f 7092 5707 11391
f 7022 5708 12831
f 9377 9392 5708
f 11042 5708 9392
f 12831 5708 11042
f 10280 5709 7636
f 5709 8603 10695
f 9984 9960 5711
f 7170 5712 5713
f 6797 6492 5713
f 7084 5715 7179
f 7084 11478 5715
f 5930 6973 5716
f 6067 7440 5717
f 5718 10484 9675
f 12293 5718 9675
f 6940 6893 5719
f 12072 9751 5719
f 7887 6798 5720
f 11100 7887 5720
f 5794 5721 5789
f 8614 8627 5721
f 5827 12413 5729
f 5733 7681 9601
f 9746 7681 5733
f 7818 6753 5734
f 7818 5734 9455
f 9455 5734 9593
f 5798 5746 5736
f 5737 9246 11577
f 11562 5737 11577
f 5739 6911 11248
f 6920 5740 11246
f 6920 11949 5740
f 11210 5741 11231
f 5750 9568 6910
f 5750 6910 11213
f 5750 11213 9572
f 11376 5750 9572
f 6940 5752 7222
f 7264 5754 5753
f 5755 7318 6875
f 5755 11895 7318
f 6090 7091 5756
f 6090 5756 11389
f 5757 6997 6998
f 8959 6997 5757
f 8046 5758 12726
f 5758 8056 9084
f 5758 10973 8056
f 5758 9084 12726
f 5758 10975 10973
f 6412 5760 9745
f 7222 9745 5760
f 7222 5760 11804
f 5760 10372 11804
f 8894 8105 5761
f 5761 8105 10515
f 8894 5761 9033
f 9033 5761 10687
f 5761 10515 10687
f 5762 10172 5868
f 10823 5762 5868
f 10823 10842 5762
f 5778 7525 5763
f 5778 5763 12158
f 9141 5763 7525
f 5765 5774 5831
f 5801 5765 7143
f 5765 5831 11450
f 7143 5765 11450
f 11631 10065 5766
f 5766 10176 10185
f 11631 5766 10185
f 9044 10161 5767
f 12277 5767 10161
f 5778 5768 7525
f 5778 10633 5768
f 10633 5788 5768
f 7525 5768 10637
f 5772 10077 5769
f 5769 11552 5786
f 10077 9672 5769
f 5769 9672 11552
f 10605 5770 9862
f 5772 12761 10077
f 8274 5773 5799
f 8274 8276 5773
f 5774 11077 5831
f 5774 11416 11077
f 10591 5775 10019
f 10591 10088 5775
f 6496 8185 5777
f 5777 6961 7702
f 5777 8185 6961
f 5779 6541 6549
f 12183 7247 5780
f 10307 5780 12056
f 7313 5781 12146
f 8681 8982 5781
f 8681 5781 11262
f 12146 5781 8982
f 10165 5782 10391
f 5783 5904 6094
f 5904 5783 9738
f 9738 5783 6134
f 9820 6111 5785
f 5785 6111 11234
f 5785 11234 9743
f 9820 5785 9814
f 5786 11552 6738
f 5801 5848 5787
f 5787 5848 7146
f 10324 6730 5788
f 10324 5788 10633
f 10320 10033 5790
f 5791 11663 12109
f 6267 11662 5792
f 10031 5795 10033
f 10031 10326 5795
f 6729 10284 5796
f 6729 5796 10633
f 6731 9144 5796
f 6731 5796 10284
f 10324 5796 9144
f 10324 10633 5796
f 5839 5798 10118
f 6012 5855 5799
f 8274 5799 12572
f 5800 5946 5948
f 5801 7143 5848
f 9141 7525 5802
f 7525 10637 5802
f 10300 5802 10637
f 10300 10637 5805
f 10300 5805 12165
f 6007 5806 9481
f 6377 5806 10750
f 9652 5807 7184
f 6794 6928 5808
f 6794 5808 7489
f 6883 7489 5808
f 6883 5808 10678
f 5808 6928 10248
f 5808 10248 10678
f 6324 9207 5809
f 7421 10109 5810
f 7421 5810 10126
f 7254 5812 10288
f 10288 5812 8079
f 8022 7390 5813
f 8194 5813 7390
f 8194 12722 5813
f 5959 8959 5814
f 5814 8594 7518
f 8959 8594 5814
f 5815 6764 5819
f 8370 5962 5815
f 5962 12202 5815
f 12202 6764 5815
f 8854 9543 5817
f 8854 5817 9712
f 9543 11557 5817
f 11822 5817 11557
f 8955 12414 5818
f 6761 6785 5820
f 6761 5820 12197
f 5820 6785 9076
f 12202 12197 5820
f 5821 6130 6058
f 5821 6058 9809
f 6602 6130 5821
f 6602 5821 11234
f 8051 6553 5822
f 5822 6553 10657
f 6872 5822 6782
f 5822 7063 6782
f 8051 5822 6872
f 5822 10657 7063
f 5823 9996 7540
f 12325 9569 5823
f 9569 12398 5823
f 5823 12398 9996
f 5846 8102 5825
f 5846 5825 10128
f 8102 8108 5825
f 10128 5825 10125
f 7421 5826 10109
f 5827 12823 12413
f 7042 5828 6932
f 10139 5829 5841
f 5841 5829 10212
f 6061 5829 10128
f 6061 10212 5829
f 5829 8373 10128
f 10139 8373 5829
f 8057 5831 11077
f 5833 5947 6622
f 5833 6622 10668
f 5833 10668 7720
f 5835 6530 5911
f 5835 5911 10657
f 6529 5835 6553
f 6529 10655 5835
f 5835 10655 6530
f 5835 10657 6553
f 6906 5838 7646
f 12223 5838 6906
f 9823 7646 5838
f 5841 7033 7311
f 5841 10212 7033
f 9082 5842 6518
f 6518 5842 10655
f 10291 6530 5842
f 6530 10655 5842
f 5845 7674 5843
f 7951 7674 5845
f 7951 5845 8630
f 5845 8411 8630
f 5847 8102 5846
f 5847 5846 10145
f 5846 10128 8373
f 5846 8373 10145
f 5847 8630 8102
f 5847 10144 8630
f 11442 5848 7143
f 5848 7613 7146
f 11442 7613 5848
f 6573 5849 9891
f 11566 9891 5849
f 5850 10069 9887
f 5850 10969 10069
f 6306 5851 9870
f 11502 9532 5852
f 5854 10013 6292
f 5854 6292 10094
f 5854 10056 10013
f 5854 10094 12361
f 8273 5855 12574
f 5856 7140 11439
f 11952 7140 5856
f 11004 10384 5859
f 6783 5860 11082
f 5860 11452 11082
f 11458 11452 5860
f 8311 5862 8306
f 8013 5863 5869
f 5863 11430 11429
f 6307 5865 10317
f 10411 5868 10172
f 10267 10173 5868
f 10823 5868 10173
f 10267 5868 10411
f 8013 5869 11435
f 12132 5871 6710
f 12132 10383 5871
f 9741 5872 6370
f 11891 6370 5872
f 11891 5872 8116
f 5873 10488 6688
f 10753 10488 5873
f 10174 5874 10173
f 10823 10173 5874
f 10174 11345 5874
f 10823 5874 10842
f 10429 6683 5877
f 10613 10429 5877
f 5878 10182 7220
f 10952 10912 5878
f 12647 5879 8127
f 11683 5879 12646
f 12646 5879 12227
f 12647 12227 5879
f 7129 5880 11429
f 11852 5880 7129
f 11852 7553 5880
f 5883 11822 6000
f 5883 6126 11230
f 5883 11230 11822
f 9138 5885 9135
f 5886 11258 10184
f 5886 10185 11272
f 5886 11272 11258
f 10017 6011 5887
f 10586 5887 11006
f 9132 9890 5888
f 9132 5888 10960
f 12615 5888 9890
f 8620 7337 5889
f 5891 6126 6119
f 5891 8039 10996
f 10031 5893 10326
f 5896 5895 10194
f 5896 12183 5895
f 10194 5895 6277
f 5895 10242 6277
f 5896 10194 10297
f 5896 12815 12183
f 6001 5898 5899
f 9672 5899 5898
f 6001 6277 5898
f 9672 5898 11552
f 10067 5899 9672
f 10067 11798 5899
f 10311 5901 10079
f 10313 10079 5901
f 11572 10313 5901
f 5904 6000 6094
f 5904 6129 6000
f 5904 9738 6129
f 5923 5905 5932
f 6598 6620 5906
f 10481 5906 11972
f 6339 5909 6297
f 6297 5909 12009
f 5909 11574 10232
f 12009 5909 10232
f 5911 6530 6753
f 5911 7818 6563
f 5911 6563 10657
f 5911 6753 7818
f 6213 5913 6362
f 9661 7193 5913
f 7311 5917 5918
f 5917 10375 5918
f 5917 5928 10375
f 7311 7033 5917
f 5918 7397 7311
f 5921 11967 10567
f 5924 12470 10210
f 5928 10360 6268
f 6268 11066 5928
f 11066 10375 5928
f 8104 8970 5930
f 8685 9137 5932
f 12173 11419 5939
f 11419 12238 5939
f 5940 12172 10645
f 10671 12220 5940
f 10239 10237 5941
f 10239 5941 11419
f 5941 12238 11419
f 5941 12152 12238
f 6760 6622 5947
f 6760 5947 7660
f 9080 7660 5947
f 10564 5950 10563
f 5951 9451 12125
f 5951 10250 10249
f 10261 10250 5951
f 10261 5951 12125
f 5952 6453 10645
f 5952 12172 6749
f 10645 12172 5952
f 5953 10528 6539
f 5953 11469 10528
f 5954 9662 9663
f 10099 10484 5955
f 10993 10099 5955
f 10993 5955 11112
f 9022 10708 5956
f 9022 5956 11075
f 6496 5957 10940
f 10225 5958 9451
f 10257 9451 5958
f 10225 12050 5958
f 10257 5958 10425
f 12028 10425 5958
f 12050 12028 5958
f 5959 6997 8959
f 10257 10425 5961
f 5962 10283 12202
f 5963 6133 5965
f 5963 9100 6133
f 5963 12209 9100
f 5963 9106 12209
f 5964 6485 10935
f 5964 10935 6491
f 6108 5965 9128
f 6133 6156 5965
f 5965 6156 9128
f 10039 10599 5966
f 7581 5967 6082
f 7581 6471 5967
f 5967 6471 11934
f 5967 11934 10585
f 7267 5968 10182
f 7267 10298 5968
f 10182 5968 9192
f 5968 10273 9192
f 5968 12435 10273
f 10298 12435 5968
f 5973 9520 8654
f 5973 10271 9520
f 7503 5974 8381
f 7876 5974 8822
f 5975 11836 11835
f 10665 5977 6446
f 10665 6479 5977
f 6479 11936 5977
f 11936 10587 5977
f 7228 5978 7586
f 5980 6146 10447
f 5980 10485 10279
f 5981 8941 5983
f 5981 5983 11522
f 5981 9520 8941
f 5981 11522 10497
f 5982 9949 10357
f 5983 8941 10281
f 10489 11522 5983
f 8764 7327 5984
f 10215 5984 7327
f 8764 5984 9034
f 5985 10290 5992
f 10218 10286 5985
f 12887 10218 5985
f 5985 10286 10290
f 9192 10273 5986
f 9192 5986 10274
f 10218 5986 10273
f 12887 5986 10218
f 12881 10274 5986
f 12887 12881 5986
f 6475 10543 5987
f 10541 5987 10543
f 5989 8472 10456
f 5989 10538 8472
f 11047 5989 10456
f 6182 8648 5990
f 6182 5990 11142
f 8648 10722 5990
f 5990 10722 10530
f 10757 12864 5992
f 7532 5994 6217
f 5994 7884 6217
f 9127 5994 7532
f 5994 7671 7884
f 11779 7671 5994
f 9127 11779 5994
f 6775 5995 6008
f 6775 11077 5995
f 7104 5995 11416
f 5995 11077 11416
f 5996 6209 7965
f 9315 6209 5996
f 9315 5996 7480
f 10214 10301 5997
f 10214 5997 12849
f 6004 6003 5998
f 12819 5998 6003
f 6181 6004 5998
f 6181 5998 10296
f 12819 12815 5998
f 6761 5999 6792
f 6761 12197 5999
f 6000 11557 6094
f 6000 11822 11557
f 10194 6277 6001
f 10177 6428 6002
f 6002 6428 10527
f 9865 10177 6002
f 10526 9865 6002
f 6004 12792 6003
f 12819 6003 12817
f 6181 6700 6004
f 6700 10303 6004
f 10303 12792 6004
f 6005 11858 6019
f 6005 6019 12426
f 9913 11858 6005
f 9913 6005 11913
f 9914 11913 6005
f 9914 6005 12426
f 6006 11780 6046
f 6006 7884 7671
f 9980 6006 7671
f 9976 7884 6006
f 9980 11780 6006
f 6775 6008 11410
f 7115 11410 6008
f 9637 6009 7323
f 9637 7325 6009
f 6009 7325 12680
f 6018 6247 6010
f 6010 9103 6607
f 6022 12746 6013
f 11572 6013 12746
f 6015 10071 6407
f 6015 6407 12300
f 9794 10071 6015
f 9794 6015 10111
f 10111 6015 10508
f 6015 12300 10508
f 7104 11416 6016
f 6017 12730 10091
f 11241 12730 6017
f 6018 9093 9135
f 10122 6019 11902
f 10122 12426 6019
f 12468 6019 11858
f 12468 11902 6019
f 6394 6020 11838
f 6394 11901 6020
f 6021 8908 9454
f 6021 9454 10644
f 6022 11503 12704
f 6022 12704 12746
f 11890 9289 6024
f 11873 10961 6024
f 11890 6024 10961
f 6194 11330 6025
f 9936 6025 10368
f 11333 10368 6025
f 11333 6025 11330
f 9941 6026 11788
f 11788 6026 11803
f 11327 6027 6415
f 6027 11688 6415
f 6027 9807 11688
f 6028 6506 10365
f 11333 6506 6028
f 11333 6028 10368
f 6161 6029 11792
f 9944 6029 9953
f 9944 11792 6029
f 11283 6049 6030
f 12517 6030 6049
f 12517 8525 6030
f 11283 6030 9840
f 6032 9104 6040
f 6032 6693 6696
f 6032 9102 6693
f 6032 6696 9104
f 6033 6247 9107
f 6033 9107 6691
f 6033 6691 10275
f 6033 10275 9101
f 9936 9932 6034
f 9932 11799 6034
f 9936 6034 9935
f 6035 12058 8621
f 8066 6036 10976
f 10977 10976 6036
f 12729 10977 6036
f 11297 6037 9811
f 9933 9932 6037
f 9932 10368 6037
f 9933 6037 11297
f 6038 10766 10768
f 6038 10768 10773
f 6038 10773 12620
f 8856 6041 9930
f 9925 9930 6041
f 6043 10603 10631
f 11801 6043 10631
f 6046 11780 10856
f 12210 6048 6174
f 12267 6174 6048
f 12559 12267 6048
f 11290 12556 6049
f 12517 6049 12556
f 6050 11483 8954
f 6050 10477 11483
f 6050 11488 10477
f 6050 11403 11488
f 6051 10210 6101
f 6101 12217 6051
f 6312 8943 6052
f 6052 8943 11473
f 6052 11473 10477
f 6052 10477 11885
f 12461 6053 10355
f 10355 6053 12474
f 6053 12473 12474
f 6176 6054 6174
f 12210 6174 6054
f 6176 10365 6054
f 6506 6054 10365
f 6506 11803 6054
f 12210 6054 11803
f 10098 10578 6056
f 10578 11046 6056
f 9299 11627 6057
f 11893 6058 6130
f 11893 10374 6058
f 9795 6059 10790
f 11633 6059 9795
f 6061 10125 10126
f 6061 10128 10125
f 8964 6062 9809
f 6062 9808 9809
f 6072 6064 6074
f 6480 6064 6072
f 6074 6064 6535
f 6480 6728 6064
f 9096 6535 6064
f 6728 9096 6064
f 8272 6065 7799
f 7799 6065 12570
f 9397 12570 6065
f 6744 10572 6066
f 6066 10572 10578
f 6066 10578 10818
f 6197 6067 6110
f 6197 7440 6067
f 9801 6068 11335
f 6068 9805 11335
f 6069 10659 6102
f 6069 6273 10102
f 6069 10102 6361
f 6069 6361 10659
f 9791 10887 6070
f 6070 10887 10979
f 6071 10942 11816
f 10386 6073 6117
f 10386 10814 6073
f 11287 6073 10814
f 6754 6074 6535
f 6754 9095 6074
f 8060 6075 6867
f 6901 6075 8060
f 6076 6536 10469
f 10407 9781 6076
f 6078 6494 6290
f 12353 6494 6078
f 10192 6311 6079
f 12353 6079 6311
f 10192 6079 10196
f 6080 6320 10052
f 6080 10052 11587
f 6286 6320 6081
f 10789 6286 6081
f 7581 6082 10925
f 12655 6082 10467
f 10925 6082 12655
f 9632 11250 6083
f 9632 6083 12694
f 11250 10032 6083
f 6084 6778 6198
f 6086 7384 11135
f 6086 11871 7384
f 6086 11135 12709
f 6086 12709 12694
f 9650 6218 6087
f 9650 6087 10401
f 10401 6087 10023
f 11247 10023 6087
f 6337 10196 6088
f 6089 7450 8784
f 11991 6089 8784
f 6090 11389 7179
f 8319 7534 6091
f 7360 6093 8649
f 10593 8649 6093
f 6094 11557 9266
f 8070 8071 6095
f 8070 6095 12736
f 12607 6095 8071
f 10977 6095 10976
f 12607 10976 6095
f 10977 12736 6095
f 6096 8065 6098
f 8062 8065 6096
f 8062 6096 10793
f 6097 6425 9691
f 6097 11219 6425
f 6097 10428 11216
f 6097 11216 11219
f 10388 6098 7082
f 10388 11382 6098
f 6099 10398 6100
f 6099 6100 12231
f 10642 10398 6099
f 10642 6099 10726
f 6100 9951 6272
f 6100 6272 12231
f 9946 9951 6100
f 9946 6100 10398
f 6500 6101 10210
f 6101 6500 11107
f 6101 11107 10400
f 6101 10400 12217
f 10602 9928 6102
f 10602 6102 10659
f 6103 9019 9768
f 6103 9774 9019
f 6103 9768 9781
f 11244 6103 9781
f 10407 9855 6104
f 11244 10407 6104
f 6105 10404 12212
f 6652 6106 6371
f 6106 10574 6371
f 11787 6106 6652
f 6660 8867 6106
f 6660 6106 11787
f 9783 10096 6107
f 9848 6107 11819
f 10074 6107 10096
f 10074 11819 6107
f 6108 9104 6696
f 11630 9790 6109
f 11633 6109 9790
f 8631 6110 11863
f 6602 6111 9744
f 6602 11234 6111
f 12067 6111 9820
f 10412 10409 6112
f 6112 10409 12098
f 12161 10574 6112
f 11675 6112 12098
f 12161 6112 11675
f 8862 10958 6113
f 12099 6115 6114
f 12129 6114 6115
f 8827 6114 10958
f 8827 12099 6114
f 6138 6115 10437
f 6138 12129 6115
f 6115 10413 10437
f 12099 10413 6115
f 10293 6750 6116
f 10293 6116 7811
f 7811 6116 10647
f 8259 9765 6118
f 6120 10232 10231
f 6120 12009 10232
f 6144 6121 10679
f 6144 11877 6121
f 6297 6138 6124
f 6138 10437 6124
f 6297 6124 12400
f 6124 10437 11924
f 12400 6124 11924
f 6125 10149 10438
f 6125 12028 10149
f 6125 10440 10430
f 6125 10430 12047
f 6125 10438 10440
f 6125 12047 12028
f 6127 6858 6830
f 9791 9720 6129
f 9738 9791 6129
f 6602 11232 6130
f 11911 6132 7229
f 11939 7229 6132
f 6132 10410 7615
f 11939 6132 7615
f 9738 6134 10887
f 6135 6166 11061
f 6135 11061 8157
f 6245 6456 6136
f 6295 6136 9694
f 6136 6456 11837
f 6136 11837 9694
f 9224 6137 11826
f 9709 6137 9707
f 9709 11826 6137
f 6297 12009 6138
f 6139 11924 6142
f 10149 6139 10438
f 10149 11924 6139
f 10422 10438 6139
f 6140 6340 9285
f 6140 9285 11828
f 6140 11828 9539
f 6746 6159 6141
f 7070 6141 6159
f 7070 6183 6141
f 7076 6141 6183
f 10413 6142 10437
f 6142 11924 10437
f 6145 6143 10444
f 6145 11827 6143
f 6143 11827 10434
f 6143 10440 10444
f 10679 8690 6144
f 11877 6144 10406
f 6145 6385 6154
f 6145 6154 11827
f 6145 10443 6385
f 6145 10444 10443
f 10447 6146 11872
f 11850 11868 6146
f 11872 6146 11868
f 6147 11851 6150
f 6147 11868 11851
f 11833 6148 6149
f 6148 11872 6149
f 6148 10447 11872
f 11833 6149 11797
f 11872 11868 6149
f 6150 11851 10449
f 11341 6151 6283
f 8927 6151 11341
f 12076 6152 6958
f 8840 11951 6152
f 12076 8840 6152
f 6357 6153 11319
f 6153 6522 11319
f 6155 6154 6385
f 11833 6154 6155
f 11827 6154 11797
f 11833 11797 6154
f 6219 9128 6156
f 10403 9848 6157
f 10403 6157 10402
f 10402 6157 10469
f 10681 10435 6158
f 10435 10693 6158
f 6159 11360 7070
f 6160 6576 9094
f 6160 9126 6576
f 6160 9094 9131
f 6161 8327 9307
f 6162 12711 8492
f 6452 9418 6163
f 8671 9441 6163
f 9441 9434 6163
f 9692 6467 6164
f 11460 6165 6281
f 11460 10476 6165
f 6167 11273 10376
f 6167 10376 11624
f 6168 9106 6697
f 10472 10466 6169
f 6169 10466 10681
f 11837 6456 6170
f 6171 10372 11886
f 6171 11893 10372
f 11861 10374 6171
f 6171 10374 11893
f 12324 6176 6174
f 12267 12324 6174
f 8919 12267 6175
f 11289 12556 6175
f 11289 6175 12559
f 12559 6175 12267
f 6415 10367 6176
f 6415 6176 12324
f 6176 10367 10365
f 12517 6177 8525
f 12517 11289 6177
f 11289 12526 6177
f 6536 6178 11187
f 7067 6183 6179
f 11072 6179 6183
f 11072 8077 6179
f 7047 6180 8128
f 8128 6180 8799
f 6180 8129 8799
f 6181 10396 6700
f 6181 10296 10493
f 6181 10493 10396
f 10345 8648 6182
f 10345 6182 9348
f 7076 6183 7067
f 7580 6183 7070
f 7580 11072 6183
f 6755 6184 9120
f 6400 9772 6186
f 9498 6228 6187
f 6228 12663 6187
f 9498 6187 7128
f 8738 6188 8312
f 6189 9657 7072
f 6189 7072 11847
f 12332 6190 7560
f 10475 10490 6191
f 10489 6191 10490
f 6757 6192 6563
f 6192 7063 6563
f 9080 7063 6192
f 9080 6192 7660
f 10494 6434 6193
f 10500 6193 6434
f 10500 10127 6193
f 6193 10127 10744
f 6194 9307 11330
f 10132 6195 6417
f 10301 6195 10132
f 10301 10498 6195
f 6281 6399 6196
f 11460 6281 6196
f 6196 6399 10127
f 10500 6196 10127
f 10500 11481 6196
f 11460 6196 11481
f 6197 11927 7440
f 11491 6433 6199
f 11582 6199 6433
f 10124 6199 8508
f 11499 8508 6199
f 11491 6199 10124
f 11499 6199 11582
f 6200 11849 10446
f 11930 11849 6200
f 10124 8508 6201
f 11522 6201 8508
f 11474 10124 6201
f 10489 10490 6201
f 10489 6201 11522
f 10490 11474 6201
f 10361 6209 6202
f 10319 6202 10505
f 8638 6203 8559
f 9419 8559 6203
f 8638 10371 6203
f 9419 6203 11849
f 6204 9438 8536
f 6204 8536 10826
f 6204 11855 9438
f 11772 6204 10826
f 11772 11855 6204
f 6229 6206 11364
f 10319 6207 8283
f 6207 11245 8283
f 9957 6207 10505
f 10319 10505 6207
f 6208 7197 6211
f 11926 6208 6211
f 6208 7184 11236
f 6208 11857 7184
f 6208 11236 7197
f 11926 11857 6208
f 10361 7965 6209
f 10754 6210 10759
f 11060 11926 6211
f 6987 6213 6549
f 10120 10754 6214
f 10120 6214 11409
f 6229 6215 10653
f 6229 11364 6215
f 11364 7065 6215
f 11765 6217 7884
f 9917 6217 11765
f 9650 11058 6218
f 10451 6218 11058
f 9088 9128 6219
f 11241 10321 6220
f 11373 6220 10321
f 10519 6220 11368
f 6220 10519 12730
f 12730 11241 6220
f 11368 6220 11373
f 10318 10310 6221
f 6221 11183 10561
f 12115 7816 6225
f 9424 12612 6225
f 12612 12115 6225
f 11858 9478 6226
f 12468 11858 6226
f 6227 10456 8472
f 7056 12663 6228
f 9498 8359 6228
f 6229 10653 8386
f 6230 6781 6792
f 6646 6231 6375
f 6646 6780 6231
f 6780 6677 6231
f 8266 6232 12564
f 8266 12565 6232
f 12565 11039 6232
f 6234 11354 7055
f 6234 7055 11860
f 11341 6283 6235
f 11341 6235 9789
f 6236 6741 8342
f 6236 11354 6741
f 6236 8342 7054
f 6236 7054 11353
f 6236 11353 7055
f 6236 7055 11354
f 8537 8526 6237
f 8968 6237 12808
f 11031 6239 6240
f 11197 6240 6239
f 11197 6239 11867
f 11979 11867 6239
f 10925 12655 6240
f 12655 11031 6240
f 9634 6241 6242
f 6242 6241 9641
f 9634 6242 10800
f 10800 6242 11870
f 6244 7341 8122
f 6244 8122 9635
f 11871 6244 9635
f 6246 12354 7559
f 6246 8055 12354
f 7323 6250 11030
f 7581 11030 6250
f 6255 6251 6266
f 6266 6251 9125
f 9406 6253 6258
f 9629 6258 6253
f 9629 6253 11032
f 6253 12801 11032
f 6254 9623 6275
f 9634 6254 6275
f 10992 9623 6254
f 9634 10800 6254
f 10800 10465 6254
f 10992 6254 10465
f 6257 6256 10545
f 6257 11208 6256
f 6261 6257 10557
f 6261 11208 6257
f 6257 10545 10557
f 12688 6258 9629
f 12686 6258 12688
f 10557 6259 6503
f 6503 6259 10798
f 10545 10554 6259
f 10557 10545 6259
f 6261 11169 10522
f 6261 10522 11208
f 6261 10557 11202
f 6261 11202 11169
f 6509 10808 6262
f 6263 11144 10565
f 6263 11049 11036
f 10299 6265 10085
f 11036 11066 6268
f 11036 6268 11087
f 6269 9643 9628
f 11864 9643 6269
f 6269 12576 10470
f 9964 6270 9900
f 11661 6270 9964
f 10677 10172 6270
f 11661 10677 6270
f 6271 6612 9111
f 6271 9113 6781
f 6271 9111 9113
f 10654 6673 6272
f 12246 6272 6673
f 10654 6272 9951
f 12246 12231 6272
f 10102 6273 10103
f 10103 6273 11107
f 10400 11107 6273
f 6274 10110 6744
f 6274 6744 11118
f 6274 7666 11085
f 6274 11085 10110
f 9623 10865 6275
f 8034 6276 12480
f 8679 12480 6276
f 6279 6396 6404
f 10152 6396 6279
f 8631 6965 6279
f 6965 10152 6279
f 10268 6280 6284
f 10266 10222 6280
f 10266 6280 10268
f 10639 10719 6282
f 6282 10719 10726
f 6286 10584 6320
f 11020 10584 6286
f 10811 6286 10789
f 10811 11020 6286
f 10951 6290 6494
f 10589 6290 10951
f 10038 11625 6291
f 6294 9430 10972
f 6294 10972 11755
f 6295 9694 6425
f 10035 6296 10037
f 6339 6297 12400
f 11214 9800 6298
f 10040 6299 6674
f 6674 6299 10054
f 10950 6299 10040
f 10054 6299 10965
f 6566 10040 6300
f 9400 6300 9915
f 10040 9915 6300
f 9220 9078 6301
f 11530 6301 9078
f 11527 6301 11530
f 6580 10009 6302
f 10007 6302 10009
f 9344 6777 6303
f 11654 6303 6777
f 10004 6303 10006
f 11654 10006 6303
f 10003 6304 6305
f 10003 11658 6304
f 10010 6304 10012
f 6304 11658 10012
f 10003 6305 11674
f 6706 6308 6708
f 6309 11823 10186
f 6310 7583 6657
f 9677 6310 6657
f 9678 6723 6310
f 9677 9678 6310
f 12687 6311 10192
f 12353 6311 11620
f 12360 11620 6311
f 12360 6311 12254
f 12687 12254 6311
f 9522 8943 6312
f 9522 6312 11222
f 11222 6312 10474
f 9536 9531 6313
f 9536 6313 11885
f 8927 9145 6314
f 8927 6314 10840
f 9145 8954 6314
f 8954 11483 6314
f 10840 6314 11483
f 8965 11336 6315
f 11143 6315 11403
f 6315 11488 11403
f 6316 9201 11261
f 6316 11196 9219
f 6316 11115 11196
f 6646 6375 6317
f 6646 6317 8710
f 10628 8710 6317
f 10628 6317 9109
f 12360 6318 12342
f 10052 6320 10584
f 9521 9522 6321
f 9521 6321 11888
f 9522 11222 6321
f 10621 9970 6322
f 9970 10878 6322
f 10854 6322 10878
f 7757 6348 6328
f 7779 12055 6328
f 6330 10480 11887
f 11010 6330 11887
f 6331 6332 9518
f 6331 9705 6332
f 11873 9518 6332
f 6332 9705 10961
f 11873 6332 10961
f 9926 6333 6759
f 6334 10205 11595
f 6334 12316 10205
f 6334 11554 12316
f 6334 12596 11554
f 6617 6993 6335
f 6617 6335 10636
f 11785 6335 6993
f 9042 10738 6335
f 11785 9042 6335
f 10636 6335 10738
f 6336 10200 11590
f 6336 12314 10200
f 6336 11558 12314
f 6336 12687 11558
f 6336 11590 12254
f 6336 12254 12687
f 6337 10192 10196
f 6337 11556 10192
f 6337 12566 11556
f 11890 6338 9289
f 10483 6338 11890
f 6339 12400 10225
f 6342 9285 6340
f 6340 11621 6342
f 6342 11221 9285
f 11621 10805 6342
f 8852 6343 6795
f 8852 11639 6343
f 9845 9092 6344
f 6344 9092 10643
f 9845 6344 10634
f 6344 10643 10642
f 6344 10642 10719
f 6349 10648 6346
f 6349 6346 10682
f 6346 8949 8947
f 9702 6346 8947
f 6346 10648 8949
f 6347 9701 10420
f 7757 12563 6348
f 12078 6348 8262
f 6348 12563 8262
f 6544 10648 6349
f 10944 6544 6349
f 8992 6349 10682
f 8992 10944 6349
f 6350 8777 6672
f 6350 6672 10676
f 6350 6686 10650
f 6350 10676 6686
f 6350 10669 8777
f 6350 10650 10669
f 8936 11718 6351
f 10649 6351 10674
f 6351 10661 11449
f 6351 11718 10661
f 6351 11449 10674
f 9946 9938 6352
f 9946 6352 9951
f 11541 11531 6355
f 6356 9023 9938
f 6356 10924 9023
f 6356 9938 9946
f 6356 9946 10398
f 6356 10398 10643
f 6356 10643 10924
f 9598 6359 10660
f 11960 6360 7662
f 8166 11953 6360
f 6699 10659 6361
f 9648 9686 6362
f 10843 6363 6381
f 10598 6699 6366
f 10598 6366 12236
f 12022 7027 6367
f 12022 6367 8109
f 9518 10771 6368
f 10486 6368 10771
f 10486 10816 6368
f 6369 11022 8591
f 6369 11326 11022
f 6412 6370 9584
f 6412 9745 6370
f 9584 6370 11891
f 9741 6370 9745
f 12161 6371 10574
f 6688 10488 6372
f 11982 6688 6372
f 8061 11982 6372
f 10488 10804 6372
f 6373 6380 8918
f 6373 9517 6380
f 9999 9997 6379
f 9999 6379 10198
f 10198 6379 10197
f 10776 10843 6381
f 6382 9514 10609
f 7653 6384 8313
f 8313 6384 9424
f 10850 9424 6384
f 6385 10443 10683
f 10689 6386 10435
f 10435 6386 10693
f 6769 6387 6402
f 6431 9121 6387
f 6388 6389 10740
f 6388 12426 6389
f 6388 6406 9476
f 6388 10740 6406
f 6388 9476 9914
f 6388 9914 12426
f 6389 10122 11900
f 12426 10122 6389
f 6390 10683 10406
f 6390 10406 10689
f 6390 10435 10681
f 6390 10689 10435
f 10681 10466 6390
f 6390 10466 10683
f 6391 8198 11561
f 6391 10135 11615
f 6392 12689 7622
f 6392 8359 9498
f 6392 9498 12689
f 6393 6405 6394
f 6393 6394 11838
f 6393 8841 6405
f 6393 11838 6467
f 6405 6395 6394
f 6394 6395 11901
f 6395 11900 10507
f 11901 6395 10507
f 6397 9772 6400
f 6397 11902 9772
f 6397 11901 10507
f 6397 10507 11902
f 10127 6399 11524
f 10112 9493 6403
f 10112 6403 11904
f 8616 11927 6404
f 6405 8841 9794
f 6405 9794 10111
f 9787 9476 6406
f 9787 6406 11904
f 10107 6406 10740
f 10107 11904 6406
f 6407 9492 9493
f 6407 10733 9492
f 6407 9493 12300
f 10071 10509 6407
f 6407 10509 10733
f 6408 9479 10089
f 11215 9479 6408
f 10736 6408 10089
f 11323 6695 6409
f 9968 6410 6801
f 6411 6457 6670
f 6411 11316 6464
f 6670 10974 6411
f 11316 6411 10974
f 10790 6412 9584
f 9950 9189 6413
f 10251 6414 10723
f 11327 6415 8917
f 8917 6415 12324
f 11688 10367 6415
f 9923 6416 9480
f 10132 6417 12814
f 6418 6421 6419
f 6421 6418 10679
f 8690 10679 6418
f 6665 9306 6420
f 9916 6420 9306
f 9916 10060 6420
f 6421 8800 6429
f 9916 9306 6422
f 9913 6422 9478
f 9916 6422 9913
f 7018 6424 6441
f 7018 12295 6424
f 6424 8488 8495
f 12295 8488 6424
f 9694 9691 6425
f 10101 6426 9459
f 10526 6426 9865
f 10728 9865 6426
f 10101 10728 6426
f 9142 6427 9468
f 10204 9727 6428
f 10204 6428 10177
f 8800 10672 6429
f 6430 10229 8033
f 6430 9717 9714
f 9118 6431 6528
f 9714 6714 6432
f 9796 6432 9467
f 9715 9714 6432
f 9715 6432 9796
f 11491 11484 6433
f 11498 6433 11484
f 11506 6433 11498
f 11506 11582 6433
f 11474 6434 10124
f 11491 10124 6434
f 10494 11491 6434
f 10500 6434 11474
f 6436 6927 9435
f 6436 9435 10849
f 6436 10849 12644
f 12604 6436 12644
f 8442 6437 7306
f 7306 6437 9816
f 8442 8414 6437
f 6437 10303 9816
f 6438 10148 9937
f 6439 10120 11409
f 6439 11409 11415
f 6440 10638 6447
f 6440 11919 10531
f 7018 6441 8487
f 6443 10810 8452
f 6443 8550 10552
f 6443 9425 10810
f 9987 6444 9826
f 6445 8322 7959
f 10665 6446 6968
f 6447 10638 8393
f 6447 8393 10680
f 6447 10680 9425
f 6466 6451 6448
f 6466 6448 7341
f 8122 7341 6448
f 8122 6448 12836
f 6449 10799 8366
f 7010 6450 11309
f 6450 11317 11309
f 6452 10799 6451
f 6452 6451 11931
f 6466 11931 6451
f 6452 11931 9418
f 6453 10293 7811
f 6453 7811 10645
f 9134 10293 6453
f 10105 10106 6454
f 11083 6454 10106
f 11083 11492 6454
f 11085 6454 11492
f 11078 10103 6455
f 11616 6455 10103
f 10110 11492 6455
f 11078 6455 11492
f 6728 6458 9096
f 6459 6737 9927
f 6459 11352 6737
f 10512 6459 9927
f 6463 7014 8797
f 6465 6464 11309
f 11309 6464 7010
f 6464 11316 7010
f 6465 11309 7011
f 6466 7341 9416
f 6479 6477 6468
f 8094 6468 6477
f 8094 12255 6468
f 10540 6468 12255
f 8453 6469 10895
f 10899 6469 8453
f 10895 6469 11933
f 9410 6473 6471
f 11934 6471 6473
f 6531 6472 6508
f 9733 6472 8609
f 10587 6473 9410
f 10541 10543 6473
f 10541 6473 10587
f 10543 11934 6473
f 6474 7401 6476
f 10899 6474 6476
f 12686 7401 6474
f 8453 6474 10899
f 6475 6476 10585
f 10899 6476 6475
f 6475 10585 10543
f 10665 6477 6479
f 8094 6477 6891
f 8699 6891 6477
f 8699 6477 10665
f 9843 8259 6478
f 6480 6677 6726
f 6480 6726 6728
f 9325 6482 6510
f 6484 6493 6497
f 10580 6484 10989
f 6486 8060 7567
f 6486 7567 12247
f 6486 9049 8060
f 9324 6488 6650
f 11412 6650 6488
f 11331 6488 9324
f 11412 6488 9806
f 10940 6489 9056
f 11938 9056 6489
f 8062 10793 6490
f 6491 8388 7930
f 6491 7930 10558
f 6491 10935 8388
f 6493 10548 6497
f 12353 11620 6494
f 6496 10940 8185
f 12470 6500 10210
f 12470 10355 6500
f 9020 12845 6501
f 10539 6501 12845
f 7891 6802 6502
f 7891 6502 7870
f 9665 6503 9653
f 6503 10798 9653
f 10557 6503 11202
f 6504 10812 6509
f 6504 9665 7952
f 6504 7952 10812
f 11788 6506 11333
f 11788 11803 6506
f 11331 6507 6510
f 6507 11787 6510
f 10955 6660 6507
f 6660 11787 6507
f 10955 6507 9324
f 11331 9324 6507
f 12507 6508 9968
f 6509 10809 10808
f 6509 10812 10809
f 9325 6510 11787
f 10599 10858 6511
f 11042 9392 6512
f 11042 6512 9683
f 6513 7952 9665
f 6513 11092 7952
f 6513 9665 9653
f 6514 7942 6796
f 6514 7940 7942
f 6514 10809 7940
f 6514 9651 10809
f 6515 6516 9644
f 6516 6517 9644
f 6516 10815 6517
f 6516 9732 10815
f 6517 11127 9644
f 6517 10817 11127
f 6518 6520 6959
f 9082 6518 6959
f 9630 10817 6519
f 6519 10818 9630
f 6519 9735 10818
f 6523 10824 9196
f 9608 10822 6524
f 7004 6526 8855
f 7326 7255 6527
f 6527 7255 10458
f 7326 6527 9635
f 6527 10458 7384
f 11871 6527 7384
f 11871 9635 6527
f 6751 9118 6528
f 6529 6553 7621
f 6751 6529 7621
f 10291 6753 6530
f 8208 8679 6531
f 9464 10831 6532
f 10831 9586 6532
f 9661 6534 9551
f 9551 6534 11047
f 6754 6535 9093
f 6536 11841 10469
f 6536 11187 11841
f 8613 8230 6537
f 8230 8636 6537
f 8931 12714 6538
f 6538 9346 10524
f 12714 9346 6538
f 6539 10528 11757
f 6539 11757 12766
f 6540 11770 9347
f 6540 9347 11955
f 6540 11955 10524
f 6987 6549 6541
f 6987 6541 9681
f 6541 9682 9681
f 9464 9475 6542
f 9464 6542 10831
f 9466 6542 9475
f 9369 6543 9409
f 9369 11020 6543
f 9409 6543 10881
f 10811 10884 6543
f 10811 6543 11020
f 6543 10884 10881
f 6544 6562 6560
f 10944 6562 6544
f 7160 6552 6545
f 6552 9427 6545
f 7160 6545 6900
f 6900 6545 11163
f 7417 6545 9427
f 7417 11163 6545
f 6546 9427 6552
f 6546 6865 9427
f 10855 6865 6546
f 10862 10855 6546
f 6550 6548 10847
f 6550 10881 6548
f 10624 6548 10886
f 10624 11165 6548
f 10847 6548 11167
f 6548 10881 10886
f 6548 11165 11167
f 6556 6557 6550
f 6556 6550 10847
f 6550 6557 9409
f 6550 9409 10881
f 6551 12528 8229
f 8615 12528 6551
f 7160 9414 6552
f 7621 6553 8051
f 6554 10052 10584
f 6554 10953 10052
f 6554 10054 10953
f 6556 10855 6557
f 6556 10847 6865
f 6556 6865 10855
f 9376 6557 6559
f 10857 6559 6557
f 9409 6557 9376
f 10857 6557 10855
f 6709 9376 6559
f 6709 6559 11438
f 9364 6559 10857
f 9364 11438 6559
f 11295 6560 6562
f 9680 6561 10697
f 10944 11296 6562
f 10657 6563 7063
f 6564 6565 9363
f 6721 6564 6719
f 6719 6564 9363
f 10039 10948 6566
f 10950 10040 6566
f 10948 10950 6566
f 6874 9711 6570
f 6570 9711 7328
f 11761 6570 7328
f 11761 9331 6570
f 6572 6571 11294
f 11293 6994 6571
f 6994 11294 6571
f 11293 6571 10937
f 6572 6632 9068
f 9901 6573 9133
f 11192 9133 6573
f 11192 6573 9891
f 7198 6574 9708
f 6574 7246 9708
f 6745 9094 6576
f 6745 6576 9095
f 10936 10012 6577
f 11658 6577 10012
f 10936 6577 11462
f 11007 6577 11658
f 11766 6578 6579
f 9378 6578 9300
f 10877 11766 6579
f 6580 11464 10009
f 6589 6581 6786
f 6582 6771 9294
f 6582 9294 9885
f 6582 9885 11256
f 6632 6583 9068
f 11284 6583 6632
f 11284 10933 6583
f 10916 6584 6993
f 6584 11785 6993
f 9177 9162 6584
f 9177 6584 10916
f 6611 9162 6587
f 6611 6587 9327
f 6618 6587 9162
f 6618 10917 6587
f 11293 9327 6587
f 11293 6587 10917
f 6589 6786 10879
f 6591 9290 6976
f 6591 9268 10883
f 6592 10934 10006
f 6592 10006 11654
f 6592 11463 10934
f 8775 8179 6593
f 6594 9338 6662
f 7062 12213 6595
f 11270 6596 8372
f 9860 6596 11749
f 11257 6596 11270
f 11257 11749 6596
f 6608 6597 10909
f 6608 10917 6597
f 6618 10907 6597
f 6618 6597 10917
f 6597 10907 10909
f 12594 6599 8776
f 12594 9975 6599
f 12665 6599 9975
f 12665 10481 6599
f 9341 7134 6601
f 9859 6601 7134
f 9341 6601 10011
f 9859 10621 6601
f 10010 10011 6601
f 10010 6601 10621
f 6602 9744 11232
f 6603 6604 9222
f 6603 10902 6604
f 9858 7141 6603
f 6603 7141 10902
f 10901 6603 9222
f 10623 9858 6603
f 10623 6603 10901
f 9205 6604 6605
f 10902 6605 6604
f 9205 9208 6604
f 9208 9222 6604
f 9150 6614 6605
f 9205 6605 6614
f 9150 6605 9160
f 10908 9160 6605
f 10908 6605 10902
f 9205 9183 6606
f 11417 6606 9183
f 9205 6606 9208
f 10905 9208 6606
f 6745 6607 9094
f 6608 6991 10917
f 6609 10916 6619
f 9177 6609 10907
f 9177 10916 6609
f 9197 10907 6609
f 9858 6610 9195
f 9195 6610 11777
f 9111 6612 7720
f 6615 11288 6613
f 6613 11282 9329
f 9150 9115 6614
f 9205 6614 9183
f 11291 6615 6628
f 6615 11284 11288
f 11291 11284 6615
f 6616 6622 10284
f 10288 6622 6616
f 6729 7982 6616
f 6729 6616 10284
f 7254 6616 7982
f 7254 10288 6616
f 6619 6993 6617
f 6619 6617 9098
f 6617 9105 9098
f 6617 10636 9105
f 6618 9162 9177
f 6618 9177 10907
f 10916 6993 6619
f 9123 9110 6621
f 6621 9110 9143
f 6621 9143 10836
f 10830 6621 10836
f 6760 10284 6622
f 10668 6622 10288
f 10924 9015 6625
f 9023 6625 9040
f 10924 6625 9023
f 11973 11971 6626
f 11291 6628 6653
f 9070 6641 6630
f 10929 9070 6630
f 6631 9070 10929
f 11288 11284 6632
f 6991 6633 11294
f 11973 6636 10570
f 10003 10928 6637
f 10003 6637 10932
f 6637 10491 10932
f 6639 6638 9015
f 6639 9015 9092
f 6639 9092 9845
f 6640 6857 9671
f 6640 12780 6857
f 6640 9671 7584
f 6640 7584 12728
f 9677 6640 9678
f 9677 12780 6640
f 9678 6640 12728
f 9035 9040 6641
f 10926 9035 6641
f 10926 6641 9070
f 6649 11999 6644
f 8992 6645 10944
f 10944 6645 11296
f 6646 6773 6780
f 6646 8710 6773
f 9844 8947 6647
f 11412 9844 6650
f 6656 9325 6652
f 9325 11787 6652
f 9328 6658 6654
f 11334 6654 6658
f 6981 9328 6654
f 6981 6654 11980
f 11980 6654 11334
f 11334 8038 6655
f 9676 6657 7583
f 9677 6657 7585
f 9695 7585 6657
f 9676 9695 6657
f 11334 6658 8038
f 9328 9330 6658
f 8838 6659 6663
f 6663 6659 9830
f 6659 8866 10957
f 6659 10957 9830
f 6660 10959 8867
f 10955 10959 6660
f 9338 8002 6662
f 8818 6663 9830
f 8818 9831 6663
f 8830 8838 6663
f 8830 6663 10962
f 6663 9831 10962
f 8823 8855 6664
f 8823 6664 11789
f 6664 9821 11789
f 6665 7239 6692
f 6665 6692 10697
f 6665 10697 9306
f 9997 11684 6671
f 8777 10674 6672
f 10674 11449 6672
f 10676 6672 11449
f 10654 9954 6673
f 12236 12246 6673
f 10040 6674 9915
f 10216 10757 6678
f 10498 12826 6678
f 6679 10743 10431
f 6680 8650 10363
f 10429 6684 9188
f 11270 8372 6685
f 6686 10676 8847
f 10646 11444 6686
f 10650 6686 11444
f 11982 10408 6688
f 6691 6766 10275
f 9680 10697 6692
f 6697 6696 6693
f 6694 8746 7071
f 10492 10369 6695
f 8539 6698 8109
f 11322 8109 6698
f 10598 10602 6699
f 10602 10659 6699
f 6700 9816 10303
f 10399 9816 6700
f 10399 6700 10396
f 6701 9153 8041
f 12127 9153 6701
f 6702 6704 6703
f 7085 6702 6703
f 6702 7221 6704
f 10620 6703 6704
f 7085 6703 8736
f 10373 8736 6703
f 10373 6703 10620
f 12132 6704 7221
f 12132 10620 6704
f 6705 9101 8661
f 6705 8661 9102
f 6706 6708 6707
f 10373 6707 6708
f 10373 10619 6707
f 10373 6708 8736
f 6709 11438 9400
f 9163 6711 6710
f 6712 9151 7987
f 9717 6714 9714
f 10352 6714 9717
f 6715 9157 10352
f 6715 10352 12140
f 6717 6716 6718
f 6716 7127 6718
f 6716 8716 7127
f 9364 6721 6719
f 6719 9363 9365
f 6720 9552 10343
f 6720 10343 10629
f 9364 10857 6721
f 10862 6721 10857
f 6725 6724 6722
f 6724 12094 6722
f 6722 12094 12204
f 6733 6728 6726
f 6727 8092 12760
f 6760 7660 6731
f 6760 6731 10284
f 6733 9091 9097
f 9879 6734 6790
f 6734 10882 6790
f 6734 6812 10882
f 11266 6812 6734
f 11266 6734 7437
f 11726 7437 6734
f 9879 11726 6734
f 8334 6735 6737
f 6735 10764 6737
f 8334 8309 6735
f 8386 6735 8309
f 6736 9906 9331
f 6736 9331 11433
f 6736 11433 10867
f 8334 6737 11352
f 6737 10764 9927
f 6765 6747 6740
f 8251 12082 6740
f 8309 8342 6741
f 8386 8309 6741
f 10110 10572 6744
f 6745 9095 6754
f 8263 12550 6747
f 11977 6787 6748
f 11977 6748 10893
f 10825 9039 6749
f 6749 12172 9074
f 6751 7621 9114
f 6751 9114 9118
f 6756 8157 8181
f 6756 8199 8157
f 6757 9238 9146
f 6758 11755 10869
f 6761 6792 6785
f 6763 9673 6855
f 7237 6763 9597
f 7237 9673 6763
f 6765 7783 12562
f 6766 9108 8602
f 10275 6766 8602
f 8770 9108 6766
f 6804 7789 6767
f 6804 6767 9429
f 6780 6773 6768
f 6768 8703 9091
f 7580 6770 11072
f 6770 11070 8078
f 6770 8078 11072
f 6770 12752 11070
f 11882 6773 8710
f 7977 6774 11339
f 8047 8057 6775
f 8047 6775 11410
f 8057 11077 6775
f 11339 6777 6776
f 12785 6776 6777
f 7977 6776 10900
f 7977 11339 6776
f 10900 6776 9343
f 12785 9343 6776
f 9344 12785 6777
f 11654 6777 11339
f 6779 6876 7166
f 9079 6779 7166
f 10254 6779 9079
f 10254 9119 6779
f 6781 6785 6792
f 6781 9113 6785
f 6872 6782 12213
f 9080 6782 7063
f 8008 6783 6784
f 6783 11082 6784
f 7139 6783 8113
f 8113 6783 8008
f 8047 8008 6784
f 8047 6784 8057
f 6785 9113 9076
f 9885 9294 6786
f 10879 6786 9294
f 6883 6788 7489
f 6883 10245 6788
f 6788 9073 7489
f 10245 12220 6788
f 6789 10245 6887
f 6977 9283 6790
f 6977 6790 10882
f 9283 11774 6790
f 9879 6790 11774
f 6794 12223 6928
f 6794 7489 9073
f 8852 6795 8826
f 8826 6795 12174
f 6795 8895 12174
f 11095 6796 10503
f 7904 6798 7887
f 8211 9968 6801
f 8211 6801 12510
f 12510 6801 8636
f 6803 6807 11104
f 7927 7852 6803
f 7942 7927 6803
f 7942 6803 11104
f 10752 6804 9429
f 7927 6806 7850
f 7850 6806 11092
f 7940 6806 7927
f 7940 10812 6806
f 7952 6806 10812
f 7952 11092 6806
f 11104 6807 7812
f 7812 6807 11106
f 7188 9308 6808
f 7188 6808 11106
f 7829 6810 7787
f 7787 6810 10724
f 7812 10724 6810
f 11104 7812 6810
f 6811 6815 9771
f 6811 11109 6815
f 6811 9771 11800
f 6828 6960 6812
f 6828 6812 7448
f 6812 6960 10882
f 11266 7448 6812
f 7387 7805 6813
f 7805 9810 6813
f 9810 9302 6813
f 9734 6814 6827
f 6814 7399 9755
f 6815 11817 9771
f 11136 6816 7578
f 6816 7754 11116
f 11136 7754 6816
f 9585 6817 12542
f 9966 10534 6817
f 10534 12538 6817
f 12542 6817 12538
f 9735 6818 7745
f 11853 7745 6818
f 6819 7665 7666
f 11123 6819 11117
f 9729 6820 6826
f 7409 6820 9729
f 11125 6820 7409
f 11125 7732 6820
f 7677 6822 11116
f 6822 7732 7733
f 7685 6824 6826
f 9729 6826 6824
f 11123 6824 7685
f 11119 7726 6825
f 7679 7685 6826
f 7673 6827 9731
f 7453 6828 7448
f 9087 6830 6829
f 9087 6829 6876
f 9088 6830 6858
f 6831 7630 6842
f 6831 6842 11140
f 6831 11140 9726
f 6832 6844 7477
f 6832 9726 6844
f 11156 6832 7477
f 10269 6835 6904
f 10269 10673 6835
f 10849 9435 6836
f 8188 6837 7114
f 7114 6837 12614
f 6853 6838 11343
f 6853 11962 6838
f 6838 11962 6955
f 6838 11256 11343
f 6839 7477 7468
f 6839 7468 7597
f 11156 7477 6839
f 11137 6839 7597
f 11156 6839 11149
f 6840 6841 7574
f 6840 11138 6841
f 6840 7574 11139
f 6841 7509 11859
f 7574 6841 11859
f 6842 7362 11140
f 7078 6843 7861
f 7078 8261 6843
f 7534 6843 8261
f 8319 6843 7534
f 7861 6843 7849
f 8319 7849 6843
f 6844 7468 7477
f 6844 7509 7468
f 6844 7498 7509
f 6844 9726 7498
f 11150 7523 6845
f 11145 11150 6845
f 7533 6846 7564
f 7533 11148 6846
f 7547 6846 7541
f 11148 7541 6846
f 7547 7637 6846
f 7564 6846 7637
f 8030 6848 6950
f 6950 6848 10673
f 11156 11149 6850
f 6852 6851 7531
f 6852 11520 6851
f 6851 7213 11150
f 6851 11150 7531
f 6852 7531 7541
f 11148 6852 7541
f 6854 7227 7224
f 6854 11152 9298
f 10318 10360 6856
f 6856 12334 10318
f 6856 11642 12334
f 8979 9671 6857
f 8979 6857 10099
f 10099 6857 9675
f 12780 9675 6857
f 9027 6861 7330
f 10215 7330 6861
f 8946 6861 9027
f 9060 10215 6861
f 6954 7974 6862
f 6954 6862 9353
f 11962 6862 6955
f 9353 6862 11962
f 6863 7402 11165
f 10624 6863 11165
f 12862 6953 6864
f 6864 12842 9352
f 12862 6864 9352
f 6865 9433 9427
f 10847 9433 6865
f 7567 6867 6869
f 6867 9051 6869
f 8060 6867 7567
f 7417 9433 6868
f 7567 6869 7590
f 8262 6870 12562
f 11303 6871 11539
f 10254 6872 7062
f 6872 12213 7062
f 10254 8051 6872
f 6877 7131 8747
f 11251 9688 6879
f 10439 11846 6879
f 11251 6879 11846
f 9612 6885 6880
f 9612 6880 7529
f 8263 6881 8256
f 6887 10678 6882
f 12824 6887 6882
f 7361 6882 10248
f 7361 12394 6882
f 10248 6882 10678
f 12824 6882 12394
f 6883 6887 10245
f 6883 10678 6887
f 6884 8629 11347
f 11380 8629 6884
f 6884 11347 8791
f 11380 6884 11159
f 7198 6885 7183
f 6888 7971 12418
f 6888 8825 11713
f 6888 12418 8825
f 8258 6945 6890
f 6903 7593 6891
f 8094 6891 7593
f 8030 6950 6892
f 6950 9185 6892
f 9185 9453 6892
f 9453 9420 6892
f 9744 6893 11232
f 6895 10573 9172
f 7242 6896 9582
f 7686 6896 11198
f 9582 6896 11193
f 6897 6906 7646
f 6897 8215 6906
f 6897 7687 7623
f 6897 7623 9072
f 6897 9072 8215
f 6899 10851 11199
f 11170 7138 6900
f 11199 6900 7138
f 7160 6900 11199
f 11170 6900 11163
f 6903 9034 6901
f 9049 6903 6901
f 9049 6901 8060
f 7135 6902 6905
f 9049 7593 6903
f 7132 7135 6905
f 7132 6905 7164
f 6906 8215 6928
f 12223 6906 6928
f 6907 7126 9578
f 11644 7126 6907
f 7704 6908 7117
f 7704 7126 6908
f 7379 11680 6909
f 7379 6909 12147
f 6909 11207 8730
f 6909 8730 12147
f 6909 9579 11207
f 7024 6912 7019
f 7030 7019 6912
f 7118 7120 6913
f 10280 10164 6915
f 6916 9567 9566
f 6934 6933 6917
f 7744 9570 6917
f 9549 7087 6918
f 9549 6918 11211
f 6920 11246 6919
f 7226 6921 8469
f 9896 6921 9955
f 6995 6922 6937
f 6995 12225 6922
f 11223 6923 7068
f 7086 9550 6924
f 11223 7086 6924
f 9550 9398 6924
f 6925 8641 7156
f 7926 6978 6926
f 7926 6926 9393
f 7052 9435 6927
f 10248 6928 8215
f 6929 12337 11355
f 6930 6941 11229
f 9553 6931 7866
f 11365 7042 6932
f 7843 11365 6932
f 6934 12195 6933
f 11908 6933 7015
f 12195 7015 6933
f 6996 6934 9541
f 6996 12195 6934
f 9530 6936 6992
f 6992 6936 11914
f 11225 11914 6936
f 6938 11238 6982
f 6938 6982 11916
f 6939 9390 7926
f 6964 11229 6941
f 10050 6942 9336
f 10677 9336 6942
f 10222 6942 10050
f 10266 6942 10222
f 10266 10411 6942
f 10677 6942 10411
f 9044 6944 10161
f 8258 7517 6945
f 8260 6945 7517
f 11356 6949 6946
f 6949 12301 6946
f 6980 6946 9394
f 11356 6946 6980
f 11239 9394 6946
f 11239 6946 12301
f 6949 11242 9600
f 11356 11242 6949
f 6954 6956 7974
f 11255 7974 6956
f 8843 11639 6958
f 8852 6958 11639
f 12076 6958 8852
f 11257 11270 6960
f 6961 6962 10696
f 6961 10696 7702
f 6962 9053 10156
f 6962 10156 10696
f 10090 6963 10078
f 10090 10242 6963
f 7119 6965 8418
f 9041 6965 7119
f 9041 7877 6965
f 6965 7877 10152
f 8631 8418 6965
f 7953 8764 6966
f 7953 6966 12281
f 8764 9034 6966
f 6967 11240 12301
f 6968 8699 10665
f 8699 6968 12281
f 6968 10141 10701
f 6968 10701 12281
f 6970 8213 8007
f 6970 8007 12283
f 6970 12520 8213
f 6970 12283 8642
f 9062 7008 6974
f 7008 10131 6974
f 9390 6975 6978
f 6975 12299 6978
f 11235 11357 6975
f 6975 11357 12299
f 6976 9283 6977
f 9290 9283 6976
f 9390 6978 7926
f 8580 6979 7201
f 8638 7201 6979
f 6980 9394 12241
f 6980 12241 11918
f 6981 9337 10893
f 6981 11980 9337
f 6982 12241 11916
f 6982 11918 12241
f 6983 9398 7900
f 6983 9394 11239
f 7000 6984 9526
f 9526 6984 7900
f 10707 6985 8184
f 12287 8608 6985
f 12287 6985 10707
f 10706 8184 6986
f 9024 10117 6986
f 10706 6986 10117
f 6987 9681 9662
f 7029 6989 7036
f 7029 7569 6989
f 7569 12555 6989
f 6989 12555 12546
f 6990 12225 11361
f 10917 6991 6994
f 6991 11294 6994
f 6995 9530 6992
f 6995 6992 11361
f 11361 6992 11914
f 11293 10917 6994
f 6995 11361 12225
f 6996 7893 7000
f 6996 7000 9526
f 6996 9541 7893
f 6996 9526 12195
f 9025 6998 6997
f 9025 6999 6998
f 12289 6998 6999
f 8112 6999 9025
f 8112 10956 6999
f 10956 8254 6999
f 12289 6999 8254
f 7001 7503 8381
f 7001 9031 7503
f 7001 8381 10240
f 12292 7003 8345
f 7003 12888 8345
f 9062 7003 12292
f 8853 7004 8855
f 8853 8874 7004
f 7005 11301 7474
f 7005 7474 11304
f 7024 7019 7006
f 11363 7006 7019
f 9549 7024 7006
f 7892 7006 11363
f 7045 12421 7007
f 7046 7007 8475
f 9062 12292 7008
f 9065 10131 7008
f 7121 7023 7009
f 7009 7023 10684
f 7121 7009 9041
f 9041 7009 10150
f 7011 11309 11317
f 7012 11363 7015
f 12195 7012 7015
f 7892 7012 9550
f 7892 11363 7012
f 11233 9550 7012
f 11233 7012 12195
f 11796 8797 7014
f 11796 7014 11307
f 11363 11908 7015
f 7016 9460 8509
f 7016 8509 12803
f 7016 9350 9460
f 7016 12295 9350
f 7016 12806 12295
f 7016 12803 12806
f 7018 9350 12295
f 11908 7019 7030
f 11363 7019 11908
f 9827 7020 11791
f 12768 7020 12261
f 9322 7021 8097
f 7022 8531 9684
f 7022 12831 8531
f 7791 7023 7296
f 7791 9071 7023
f 9071 10684 7023
f 9725 8475 7026
f 12773 7026 8475
f 11638 9725 7026
f 10081 12475 7026
f 10081 7026 12773
f 12475 11638 7026
f 8570 10224 7027
f 8570 7027 12022
f 9317 7028 7496
f 7029 7319 8258
f 7031 11332 7034
f 10047 8902 7032
f 7032 8902 10700
f 10047 7032 10692
f 7032 10694 10692
f 7495 7034 11332
f 7035 9066 7078
f 7036 8247 12560
f 7037 7042 12150
f 7124 7037 12150
f 9032 7667 7038
f 9032 7038 7969
f 7125 11377 7039
f 12150 7042 11365
f 8778 7043 10018
f 10564 7043 8778
f 10564 10517 7043
f 10517 10717 7043
f 7044 10030 10717
f 10627 12190 7044
f 8120 12421 7045
f 8120 7045 12775
f 7046 8475 9725
f 12774 7046 9725
f 12774 12443 7046
f 7047 9642 7587
f 7047 7587 12748
f 7047 8128 9642
f 7054 8342 7048
f 7054 7048 11845
f 11350 7048 8342
f 8775 7049 8179
f 8775 12755 7049
f 7050 8076 8639
f 7074 7051 10309
f 12771 7051 7074
f 10270 7051 8473
f 12771 8473 7051
f 10270 10309 7051
f 7053 12658 8364
f 7055 11353 11860
f 12269 12663 7056
f 11225 7057 9389
f 11369 9389 7057
f 12627 7059 8341
f 7059 9912 9908
f 7059 9908 12305
f 12627 9912 7059
f 7060 7534 8261
f 7060 8261 10228
f 7060 10228 12232
f 10254 7062 9119
f 7069 9943 7066
f 7097 7086 7068
f 11223 7068 7086
f 7069 12307 9943
f 12772 7074 10309
f 12772 12773 7074
f 9942 8752 7075
f 7077 12309 9940
f 7078 10221 8261
f 9066 10221 7078
f 7081 11372 11721
f 10388 7082 9130
f 9130 7082 12382
f 7082 11070 12382
f 7083 11189 8737
f 12373 11189 7083
f 7084 7179 11389
f 7084 11389 11391
f 7085 8736 7352
f 12313 7085 7352
f 7892 9550 7086
f 7113 8723 7088
f 7113 7088 12344
f 9141 7088 8723
f 12344 7088 10731
f 8717 7089 7444
f 12834 7444 7089
f 12782 12165 7090
f 12782 7090 12317
f 7092 11391 11389
f 8633 7093 8706
f 8633 10732 7093
f 7093 12744 9149
f 10732 12744 7093
f 7094 7116 7935
f 12535 7116 7094
f 7095 8340 7096
f 7095 7096 8716
f 8340 9924 7096
f 9924 12326 7096
f 7099 7106 7103
f 7099 7103 7935
f 9368 7106 7099
f 11209 7102 7744
f 12702 7105 7103
f 12702 7103 7106
f 8726 7105 10734
f 12744 7105 8726
f 12702 10734 7105
f 12349 7106 9368
f 9921 7106 12349
f 9921 12702 7106
f 9924 8725 7107
f 8726 10734 7107
f 9924 7107 10734
f 7108 11340 8171
f 7108 8171 12458
f 7121 7119 7110
f 7907 7788 7110
f 11618 7112 12160
f 7113 12344 7116
f 7116 12535 7113
f 7114 8012 7154
f 8188 7114 7154
f 7117 11211 7120
f 7118 11207 9579
f 7121 9041 7119
f 8706 11414 7122
f 7259 7268 7123
f 7259 7123 7820
f 7704 9578 7126
f 9921 12349 7127
f 9498 7128 12689
f 12689 7128 10841
f 11852 7129 7595
f 7132 10868 7135
f 7132 7164 11198
f 7132 11204 10868
f 7132 11198 11204
f 7133 12350 8285
f 7133 10742 12350
f 7135 10868 9906
f 7136 12017 9897
f 8455 8637 7137
f 7139 11435 7550
f 7139 8113 11435
f 11952 11947 7140
f 9195 9193 7141
f 10908 7141 9193
f 9858 9195 7141
f 10908 10902 7141
f 7142 12001 9552
f 9897 12001 7142
f 11442 7143 11450
f 7144 12560 12077
f 7145 7599 7606
f 7145 9596 7599
f 7145 7606 9124
f 7145 9528 9596
f 11920 7146 7613
f 12355 10211 7147
f 7182 8711 7148
f 8700 7149 11000
f 8705 11000 7149
f 8705 7149 11420
f 9066 7171 7152
f 9066 7152 10221
f 7153 9896 10746
f 7153 10746 11889
f 7154 7223 7575
f 7154 8012 7223
f 8279 7155 11028
f 10747 11028 7155
f 7178 7156 7162
f 11155 9883 7157
f 9883 8692 7158
f 8696 9883 7158
f 9689 7159 10634
f 9689 10939 7159
f 9845 10634 7159
f 7160 10851 9414
f 7160 11199 10851
f 8210 12521 7162
f 7164 7686 11198
f 11308 7686 7164
f 9079 7166 9114
f 8243 7169 8676
f 10168 8676 7169
f 10168 7169 9881
f 7172 7174 10848
f 12637 7174 7172
f 7645 7172 12616
f 7645 12637 7172
f 9546 8676 7173
f 10168 7173 8676
f 8680 9561 7173
f 8680 7173 10168
f 9585 9546 7173
f 9585 7173 9561
f 12184 7174 7644
f 7644 7174 12637
f 9444 10848 7174
f 12184 9444 7174
f 7175 8317 7827
f 8749 8317 7175
f 9444 8749 7175
f 9444 7175 10848
f 7467 11508 7176
f 8222 8640 7178
f 7248 8674 7180
f 8683 7180 8674
f 8683 12880 7180
f 12371 7180 12880
f 7182 9880 9909
f 11188 11566 7183
f 9652 7184 11636
f 11636 7184 11857
f 12771 7185 8473
f 7205 7186 11495
f 7203 11501 7187
f 8124 7188 7200
f 8124 9308 7188
f 7251 8675 7191
f 9835 7251 7191
f 8680 7191 8675
f 8680 9747 7191
f 9288 7195 12600
f 12776 7195 9960
f 12776 12600 7195
f 9542 7196 8316
f 7196 8489 8482
f 11236 9648 7197
f 7199 7212 11497
f 7199 11497 12270
f 8638 8559 7201
f 7204 11504 7688
f 11964 7205 11495
f 12604 8305 7206
f 7206 8732 9314
f 7207 11500 8496
f 7207 8496 11989
f 12270 11500 7207
f 12270 7207 12024
f 9302 7212 8132
f 11150 7213 7515
f 8036 11513 7214
f 8137 11512 7214
f 8137 7214 11513
f 11512 11517 7214
f 7217 9061 8600
f 11520 7219 9286
f 10182 9192 7220
f 7220 9192 10274
f 10057 7220 10274
f 12132 7221 10383
f 8197 7223 8012
f 8197 12724 7223
f 11525 7224 7227
f 12374 7226 9853
f 7229 7270 9752
f 11939 7270 7229
f 11237 7229 9752
f 11911 7229 11237
f 8159 7231 11310
f 7715 12014 7232
f 8563 7233 7708
f 8563 11533 7233
f 8563 7235 11533
f 9560 7239 9415
f 7242 9582 11553
f 7246 7245 9708
f 12815 7247 12183
f 12819 7247 12815
f 12819 12817 7247
f 7248 12652 8674
f 12374 12378 7248
f 12378 12652 7248
f 8252 7249 10891
f 8325 10891 7249
f 9835 7250 9395
f 12551 9395 7250
f 9978 8675 7251
f 9263 7251 9835
f 9263 12553 7251
f 12553 9978 7251
f 9140 7254 7982
f 7326 7291 7255
f 7255 7291 12351
f 9977 10458 7255
f 9977 7255 12351
f 10016 7256 8367
f 12302 7256 10016
f 7257 7322 8668
f 7257 9833 7322
f 7257 8668 8890
f 8672 7257 8844
f 8672 9833 7257
f 7257 8890 8844
f 8770 7258 7628
f 7259 9059 7268
f 9267 11568 7263
f 9261 7265 8186
f 8635 7265 9261
f 11381 7305 7266
f 7267 12402 10298
f 7303 7344 7269
f 7269 7344 10138
f 7609 7270 7329
f 9136 7329 7270
f 7609 9752 7270
f 9136 7270 11939
f 11242 7275 7281
f 9602 7282 7275
f 9247 8214 7277
f 9247 7277 11576
f 8209 7278 8530
f 7281 11180 9600
f 11242 7281 9600
f 7282 11305 7529
f 7284 9235 7300
f 7285 11600 7298
f 7287 7286 7296
f 9061 7286 9055
f 7998 7287 7788
f 7288 7289 11586
f 7922 7290 10018
f 7290 8778 10018
f 11867 12351 7291
f 7292 9004 7293
f 11591 7292 7293
f 7292 8980 9004
f 7293 9004 9005
f 11593 7295 11591
f 11594 11596 7299
f 7785 7300 12091
f 9235 12091 7300
f 9009 8281 7304
f 8442 7306 11022
f 7306 8657 8591
f 7306 8591 11022
f 7306 9816 8657
f 7307 8282 9212
f 7307 9212 9045
f 7312 9004 7313
f 7312 7313 12146
f 7312 9005 9004
f 11269 9005 7312
f 11269 7312 12138
f 7312 12146 12138
f 7313 9004 8980
f 7314 8952 8301
f 7314 11632 8952
f 7317 8983 7823
f 12469 7317 7823
f 11175 7318 11895
f 8258 7319 7517
f 11385 7321 7320
f 7328 11249 7321
f 11385 7328 7321
f 8668 7322 8659
f 10760 8659 7322
f 9187 7322 9833
f 9187 10760 7322
f 7324 7370 7350
f 7324 11648 7370
f 7326 9635 12859
f 10215 7327 7330
f 10219 7330 7327
f 8764 10219 7327
f 7328 9711 11249
f 11761 7328 11385
f 7609 7329 7604
f 9136 7833 7329
f 9027 7330 10515
f 10219 10687 7330
f 7330 10687 10515
f 11659 7332 12169
f 12154 12169 7332
f 7879 7334 7822
f 7822 7334 12121
f 7335 8975 8962
f 12649 8234 7336
f 12649 7336 8457
f 7336 12866 8457
f 7336 8663 12866
f 11637 7339 11634
f 11660 7339 11637
f 11640 7342 7343
f 8642 12283 7344
f 12283 10138 7344
f 7345 7646 9823
f 7345 9823 8392
f 7345 8392 12392
f 7345 12392 8461
f 7347 7428 7473
f 7347 8645 8646
f 7368 8937 7348
f 11669 7368 7348
f 7445 7348 8937
f 11647 7348 7445
f 7350 7370 11668
f 7883 7351 7820
f 7357 11795 8570
f 8591 8657 7357
f 11719 7357 8657
f 11719 11795 7357
f 11200 7358 8362
f 7359 8218 8216
f 7359 12516 8218
f 7360 8649 12824
f 7360 12824 12394
f 7361 12359 8647
f 7361 10248 12359
f 7895 12148 7363
f 7895 7363 12169
f 11659 12169 7363
f 7364 9773 8601
f 8621 7366 7367
f 8621 12058 7366
f 8405 8937 7368
f 8405 7368 11667
f 7452 7416 7369
f 7914 7369 9036
f 8933 7371 11164
f 11672 7371 11093
f 8447 11698 7373
f 7374 9803 8617
f 7375 7400 9740
f 7375 11402 7400
f 11095 10503 7375
f 7375 10503 11402
f 8911 8910 7376
f 8910 8914 7376
f 8914 8923 7376
f 7377 8845 11676
f 7377 12380 8845
f 7379 12147 12159
f 7380 11707 11708
f 11708 11679 7381
f 12812 7382 7389
f 10946 7384 10458
f 10946 11135 7384
f 7385 9627 7485
f 7386 8878 8879
f 11400 7387 7798
f 11400 7805 7387
f 7835 12368 7388
f 12812 7389 11687
f 8194 7390 7422
f 7391 7399 11395
f 7391 11395 9775
f 7391 9775 11817
f 7391 11817 11313
f 7392 8872 8553
f 7393 8859 12370
f 7393 12370 8878
f 11165 7402 7394
f 11167 11165 7394
f 10969 7398 10069
f 11396 7400 7782
f 7782 7400 11800
f 11396 9740 7400
f 11402 11800 7400
f 12688 10467 7401
f 12686 12688 7401
f 7403 11702 8458
f 7405 8460 7404
f 7408 7404 8848
f 7405 11703 8460
f 7406 11704 7860
f 7406 7860 12186
f 7408 8845 10119
f 7408 11676 8845
f 7673 9731 7409
f 11125 7409 9731
f 7415 8478 8483
f 7415 8483 12207
f 7417 9427 9433
f 8365 7901 7420
f 7421 10126 10125
f 12406 9813 7422
f 9723 10903 7424
f 7424 10886 10884
f 12211 7439 7425
f 11723 7913 7425
f 7913 12211 7425
f 8618 12802 7431
f 11744 11734 7435
f 11744 7435 11741
f 11266 7437 7924
f 10833 7438 9769
f 8087 8717 7444
f 12317 7444 12834
f 8403 7445 8937
f 7447 11136 7578
f 7447 10911 11136
f 11266 7924 7448
f 7451 9860 11749
f 7452 9057 9058
f 7454 11756 11763
f 7457 7462 11528
f 7460 7466 7458
f 7459 12248 7461
f 7459 11758 11754
f 7459 11754 12248
f 7934 11760 7461
f 7934 7461 12248
f 7461 11760 11768
f 7463 11999 11286
f 11750 7464 8809
f 7464 11756 8809
f 11750 11752 7464
f 7464 11763 11756
f 7465 9899 9893
f 7511 7479 7469
f 7470 11768 11760
f 7472 10782 12416
f 8802 11304 7474
f 7475 7481 8597
f 7475 12745 7481
f 12234 12249 7476
f 7961 7478 11769
f 7479 7914 8028
f 9315 7480 10358
f 10358 7480 9980
f 7481 12417 8597
f 7481 10780 12417
f 11786 7482 11783
f 10785 7486 7487
f 12472 7487 7486
f 12472 7486 7692
f 10785 9760 7486
f 8066 7487 12472
f 10785 7487 10784
f 7602 7490 9622
f 8195 8303 7490
f 7985 8384 7491
f 8266 7492 12565
f 8266 12574 7492
f 7493 12282 7985
f 7493 11307 11306
f 7495 11332 7494
f 7494 11332 8796
f 7496 12153 8796
f 7498 11859 7509
f 7498 9726 11140
f 7499 7501 7500
f 7499 7500 8173
f 8597 7501 7499
f 12607 8173 7500
f 12427 12607 7500
f 12417 7501 8597
f 7505 9334 8015
f 7505 9333 9334
f 8829 7506 12319
f 7611 12348 7507
f 8135 7507 12348
f 7905 12429 7508
f 8593 8595 7508
f 8593 9748 7510
f 7512 7527 7520
f 7512 9053 9054
f 12734 7513 8592
f 7514 12312 11814
f 7524 7523 7515
f 11150 7515 7523
f 8260 7517 7768
f 7518 7522 7519
f 7518 8594 7522
f 7998 7530 7520
f 7521 12304 11811
f 11153 7523 7524
f 7544 11825 7526
f 8028 9055 7527
f 9612 7529 11305
f 7541 7531 7537
f 11145 7537 7531
f 11145 7531 11150
f 9127 7532 11366
f 7547 7541 7537
f 7547 7537 7542
f 7538 8565 8561
f 7538 12878 8588
f 11048 10086 7539
f 12830 7539 10086
f 8538 7540 9996
f 7547 7542 9728
f 11825 7544 10256
f 8576 7546 7545
f 12844 7545 7546
f 7545 8544 7551
f 10797 7545 7551
f 12844 8544 7545
f 10803 8576 7545
f 10803 7545 10797
f 8545 7546 7561
f 8545 12844 7546
f 7547 9728 7637
f 7551 8100 7549
f 10797 7551 7549
f 9569 7549 8100
f 12325 7549 9569
f 12325 10797 7549
f 7550 7552 11909
f 12843 8100 7551
f 8544 12843 7551
f 7552 7611 11909
f 7552 12348 7611
f 11856 12348 7552
f 11852 11854 7553
f 7553 11854 12756
f 11856 7553 12756
f 8138 7554 7555
f 7595 7554 8138
f 11894 7554 7595
f 7588 11906 7555
f 8891 9996 7556
f 8891 7556 10802
f 12398 7556 9996
f 10987 10802 7556
f 7594 7557 11090
f 7594 12832 7557
f 11090 7557 9405
f 7557 12832 12801
f 8589 8099 7558
f 7558 8099 9687
f 7558 8526 8537
f 7558 9687 8526
f 7558 8537 12835
f 8589 7558 12835
f 7563 7559 12354
f 12828 7561 7571
f 8545 7561 8541
f 12828 8541 7561
f 7564 7637 11392
f 9583 11192 7565
f 12828 7571 7568
f 12828 7568 8529
f 12444 7570 8528
f 12444 9099 7570
f 8125 9628 7572
f 7573 11880 7576
f 7574 11859 11141
f 7575 8180 12487
f 7581 10925 11030
f 9676 7583 8493
f 7584 9671 8481
f 7584 8492 12728
f 9277 7585 9695
f 9277 12293 7585
f 9677 7585 12780
f 7585 12293 12780
f 7587 9642 8064
f 7587 8064 12352
f 7587 12352 9631
f 7587 9631 12748
f 12708 7976 7592
f 8094 7593 12255
f 7594 11090 11393
f 7594 12438 12832
f 11852 7595 8138
f 7596 9229 10834
f 7596 10834 9564
f 7598 12847 8546
f 10911 7606 7599
f 9596 7754 7599
f 11136 7599 7754
f 11136 10911 7599
f 7602 9622 10865
f 12478 7602 10865
f 12478 12434 7602
f 12500 7602 12434
f 8327 7603 9307
f 9941 9307 7603
f 7609 7604 9751
f 12395 9625 7605
f 12431 7605 11422
f 12395 7605 12431
f 9124 7606 10921
f 7608 9497 8350
f 7608 8350 12660
f 7609 9751 12072
f 7609 12072 9752
f 7625 7610 8344
f 7612 12525 7975
f 8361 12707 7612
f 7612 8881 12525
f 12707 8881 7612
f 11442 11458 7613
f 11922 7613 11458
f 11922 11920 7613
f 7614 7619 12648
f 7614 12648 8367
f 9003 7615 11029
f 11939 7615 9003
f 10410 11029 7615
f 11922 7616 11920
f 9609 7651 7617
f 7651 10410 7617
f 7618 11134 11132
f 7618 11132 11228
f 7618 11539 11134
f 7619 12621 12648
f 9079 7621 8051
f 9079 9114 7621
f 7626 8341 12610
f 7626 12627 8341
f 7626 12630 12201
f 7626 12610 12630
f 8665 7628 8920
f 8665 9108 7628
f 8770 7628 9108
f 7650 11457 7629
f 11944 7629 12809
f 7630 11392 11132
f 8753 12294 7631
f 11122 7631 12294
f 11122 12385 7631
f 7632 7956 12684
f 7632 12684 8302
f 9342 9603 7634
f 9342 7634 11809
f 7634 12256 9357
f 7634 9603 12256
f 7663 7635 9610
f 11717 9610 7635
f 11717 7635 12381
f 7637 9728 11228
f 7637 11228 11392
f 7639 12618 7638
f 7639 12633 12618
f 7641 7748 8470
f 8169 8171 7642
f 8171 12741 7642
f 7644 12637 12617
f 8164 8089 7647
f 8164 7647 12741
f 7648 12273 12128
f 7649 7834 10695
f 12277 7834 7649
f 7649 10695 10778
f 7650 11950 11457
f 7651 11029 10410
f 7652 7658 12657
f 7652 12656 10850
f 7653 8313 12602
f 7653 12644 10849
f 7653 12602 12644
f 9850 11128 7654
f 7659 9413 7814
f 10822 7661 7665
f 11964 11495 7664
f 7678 10860 7668
f 7678 7668 12595
f 8284 12595 7668
f 11959 11960 7669
f 11959 7669 12463
f 11965 12463 7669
f 10358 9980 7671
f 10358 7671 11779
f 12313 9929 7676
f 7677 7680 7679
f 7677 11116 7680
f 7681 11988 9601
f 8286 7683 12587
f 8288 12386 7683
f 12386 12376 7683
f 7683 12376 12587
f 8789 11983 7684
f 12569 8789 7684
f 11862 8651 7687
f 7689 8090 8091
f 7699 9732 7690
f 11394 7699 7690
f 9732 9740 7690
f 11396 7690 9740
f 12472 7692 8095
f 7694 8054 8056
f 7694 8519 8054
f 7694 8783 8519
f 11992 8783 7694
f 8040 7695 11993
f 8183 9311 7696
f 8183 7696 11998
f 7696 11996 11998
f 8772 7697 7698
f 8772 7698 12399
f 10815 9732 7699
f 11126 10815 7699
f 11126 7699 11026
f 11394 11026 7699
f 7700 11995 12000
f 10156 7701 10696
f 10157 10696 7701
f 10157 7834 7702
f 10157 7702 10696
f 7831 7703 8284
f 7831 12679 7703
f 8284 7703 12591
f 12679 12582 7703
f 12005 7711 7707
f 8563 7708 8524
f 8524 7708 12015
f 7709 8568 12007
f 7709 12007 12018
f 7712 12013 8557
f 7712 8557 12879
f 8192 7713 12485
f 7715 12000 8032
f 7715 8032 12014
f 7718 11376 9572
f 11820 12181 7719
f 7737 12041 7723
f 7724 12477 9638
f 7724 12042 12477
f 7725 8294 9875
f 11120 7733 7726
f 12025 12034 7727
f 12034 12026 7727
f 8551 12029 7728
f 12181 12128 7729
f 12861 7730 7731
f 12034 7735 12026
f 12041 7737 12035
f 11829 7738 7991
f 7991 7738 12036
f 11829 12713 7738
f 11118 7745 7747
f 11853 7747 7745
f 7746 12856 8521
f 7746 12854 12853
f 7746 12853 12856
f 8149 7748 12769
f 8149 12770 7748
f 7748 12770 8470
f 7750 12853 12854
f 8663 7751 12866
f 12866 7751 10294
f 7752 8606 7753
f 7898 8249 7757
f 8249 12563 7757
f 8560 7758 7995
f 7995 7758 12712
f 7758 8513 8204
f 7758 8204 12712
f 9187 9833 7759
f 12389 9187 7759
f 7761 12057 7933
f 7761 7933 12699
f 7761 8512 12057
f 12404 8512 7761
f 7762 8573 8511
f 7764 8506 12070
f 7764 8575 11040
f 7766 12841 8507
f 8239 10454 7767
f 8503 12068 7767
f 8260 7768 8583
f 8504 8583 7768
f 11959 12463 7769
f 11959 7769 12465
f 7772 7912 12696
f 8619 7772 12696
f 8606 7773 8605
f 7775 12074 12075
f 7775 12077 12074
f 8310 12616 7778
f 8310 7778 12632
f 9483 10845 7778
f 12632 7778 10845
f 7782 9771 9775
f 7782 11800 9771
f 7782 9775 11395
f 11396 7782 11395
f 12822 7784 8482
f 7785 12091 7792
f 11400 7787 10724
f 7789 9428 8798
f 7793 12095 7795
f 8280 7794 7859
f 8280 7868 7794
f 12439 7797 12097
f 7798 9798 11109
f 7802 12100 8456
f 11400 10724 7805
f 7825 9452 7821
f 7822 12121 8443
f 10846 9452 7825
f 7826 11131 8164
f 7826 8164 11340
f 12601 7827 8317
f 9483 7827 12631
f 7829 11402 10503
f 7831 10874 12679
f 10157 10695 7834
f 12625 9407 7836
f 12625 7836 12193
f 7837 12136 12134
f 8093 7839 9761
f 8647 9761 7839
f 7842 9556 9557
f 7842 9557 12337
f 12135 9693 7844
f 12145 8724 7846
f 12131 8724 7847
f 12145 7847 8724
f 7863 7861 7849
f 8319 10381 7849
f 7927 7850 7852
f 7852 7850 11102
f 11105 7850 11092
f 11105 11102 7850
f 8371 7851 7854
f 12807 7854 7851
f 9907 8257 7853
f 8408 7853 8740
f 9907 7853 8408
f 7853 12804 8740
f 8371 7854 12185
f 9397 7856 12570
f 8278 10155 7865
f 12579 12577 7865
f 7889 7869 12167
f 7889 12186 7869
f 11100 7870 7887
f 11100 7891 7870
f 10890 7871 12552
f 12804 7872 9239
f 8314 8014 7873
f 8314 7873 12553
f 10000 9978 7873
f 7873 9978 12553
f 10152 7877 7874
f 12279 7874 7877
f 9029 7874 12279
f 7876 8822 12284
f 10150 7876 12279
f 12279 7876 12284
f 9041 10150 7877
f 10150 12279 7877
f 8252 8338 7878
f 8338 9388 7878
f 12179 12795 7881
f 9976 11765 7884
f 7885 8317 8749
f 8396 7885 12799
f 12184 7886 8401
f 7902 7888 7907
f 10179 7888 8162
f 11489 7891 11100
f 7893 9541 11220
f 7894 12797 12192
f 9461 9659 7897
f 9605 7897 9660
f 9659 9660 7897
f 7898 8505 8249
f 8769 8385 7899
f 8969 7899 8744
f 11233 7900 9398
f 9526 7900 11233
f 8233 7903 12545
f 12695 7903 8950
f 12695 12545 7903
f 7908 12206 7909
f 8245 9382 7910
f 9382 10894 7910
f 7911 8335 11329
f 7911 12639 8335
f 12194 12639 7911
f 10896 7912 12534
f 12224 7913 11723
f 8329 7955 7915
f 8329 7915 8172
f 7915 8656 8172
f 8651 8656 7915
f 9613 7916 7931
f 7917 10036 8232
f 10287 8242 7917
f 12697 7917 8242
f 12697 10036 7917
f 9312 11956 7918
f 9312 7918 12346
f 9323 7918 11954
f 11956 11954 7918
f 8337 7919 12725
f 7919 11329 12725
f 7919 12790 11329
f 7919 12786 12790
f 8244 8693 7921
f 8244 7921 10068
f 7921 8693 10892
f 7921 10892 8950
f 7921 8950 12543
f 7921 12543 10068
f 8242 12540 7923
f 12697 8242 7923
f 8244 10068 7923
f 12697 7923 10068
f 7942 7940 7927
f 7928 7948 7937
f 7929 7972 12269
f 12647 7972 7929
f 12227 7929 12226
f 12226 7929 12228
f 12647 7929 12227
f 7929 12269 12228
f 12240 9613 7931
f 12240 7931 9614
f 8237 9538 7932
f 8237 7932 10612
f 8238 10632 7932
f 8238 7932 12536
f 9538 12536 7932
f 7932 10632 10612
f 7933 12524 7943
f 7933 7943 12699
f 7997 7933 12057
f 7936 12242 12786
f 8600 9036 7937
f 7944 7939 12242
f 7940 10809 10812
f 10910 12699 7943
f 10984 7946 12252
f 7950 8161 8068
f 8166 7950 11985
f 7951 8630 10144
f 7951 10144 10143
f 7953 10219 8764
f 7953 12281 10701
f 8673 9033 7954
f 8673 7954 10141
f 7954 9033 10687
f 10141 7954 10701
f 8329 8639 7955
f 12632 10845 7956
f 10845 12684 7956
f 7961 11769 11776
f 7963 7966 12262
f 7963 12661 7966
f 7964 8330 12263
f 7964 12781 8330
f 7965 9971 9973
f 10361 9971 7965
f 11523 8773 7966
f 11523 7966 12661
f 7966 12781 12262
f 8228 7967 8167
f 8228 12514 7967
f 7969 7968 7980
f 7969 9063 7968
f 7968 7986 7980
f 7968 8961 7986
f 8115 8961 7968
f 8115 7968 9063
f 9032 7969 7980
f 8235 7970 12645
f 7975 8143 8141
f 12525 8143 7975
f 12274 7976 8150
f 7976 12530 8150
f 12708 12530 7976
f 12524 8224 7978
f 12523 12466 7978
f 9758 7979 8035
f 7999 7980 7986
f 7999 9030 7980
f 9032 7980 9030
f 7981 8213 12520
f 7981 12613 8213
f 9577 7981 12520
f 9577 12759 7981
f 7981 12706 12613
f 7981 12759 12706
f 9140 7982 12158
f 7983 8223 12336
f 12651 8223 7983
f 12372 7983 12336
f 12512 7983 12372
f 12651 7983 12512
f 7984 8221 8217
f 7984 8217 12515
f 7984 12668 8221
f 7984 8226 8223
f 7984 8223 12668
f 7984 12515 8226
f 7999 7986 8005
f 12503 7988 8207
f 12634 8207 7988
f 12634 7988 12054
f 11879 12182 7989
f 11879 7989 12506
f 7992 8389 7990
f 7992 7990 12280
f 7991 8206 9245
f 11829 7991 9245
f 12039 8389 7992
f 12039 7992 10604
f 12037 7993 12506
f 11431 7994 8207
f 11431 9245 7994
f 7997 12057 11358
f 12504 7997 11358
f 12504 12519 7997
f 7999 8781 9030
f 8000 10829 8203
f 12717 10829 8000
f 9339 8002 9338
f 8113 8008 8003
f 8013 8113 8003
f 8192 8004 10600
f 8192 12485 8004
f 10600 8004 12718
f 9031 8005 8646
f 8182 12498 8006
f 8182 8006 12718
f 10252 12718 8006
f 12498 12624 8006
f 12635 8007 8213
f 10140 10702 8007
f 12635 10140 8007
f 12283 8007 10702
f 9231 8187 8009
f 8201 12499 8009
f 9383 8009 9228
f 9228 8009 12499
f 9383 9231 8009
f 8013 11435 8113
f 10890 8014 8314
f 10890 12552 8014
f 9334 11338 8015
f 8016 11408 11432
f 8016 11432 11430
f 9970 8017 10878
f 12284 8822 8018
f 10138 10702 8018
f 12284 8018 10702
f 8024 8019 11096
f 12715 11096 8019
f 12715 8019 12318
f 8020 9029 12279
f 12643 9029 8020
f 8020 10702 10140
f 12643 8020 10140
f 8020 12284 10702
f 8020 12279 12284
f 8024 11096 11081
f 8025 12323 8029
f 12476 12722 8026
f 12332 8031 8027
f 8029 12727 10690
f 8029 12323 12727
f 8032 12000 11995
f 9890 9089 8034
f 12615 9890 8034
f 12615 8034 12480
f 9756 9757 8035
f 8037 8050 12339
f 8037 12347 8050
f 8037 8119 10870
f 8037 12339 8119
f 8136 8037 10870
f 8136 12347 8037
f 8039 9591 10996
f 11891 9591 8039
f 8040 11993 8042
f 9164 9163 8041
f 8042 11993 8044
f 8043 12732 12345
f 8048 8134 10994
f 8048 12343 8134
f 8134 12343 8050
f 8134 8050 12347
f 12338 12339 8050
f 12338 8050 12343
f 10254 9079 8051
f 8105 8053 10515
f 9027 10515 8053
f 8054 9084 8056
f 8784 8054 8519
f 8062 8058 8065
f 8077 8078 8058
f 12549 8158 8059
f 12729 12549 8059
f 9175 10423 8061
f 8061 10423 11982
f 8063 11876 10610
f 8063 10610 12364
f 8063 12363 11876
f 8063 12362 12306
f 8063 12306 12363
f 8063 12364 12362
f 12306 8064 9642
f 8170 11986 8068
f 8069 8071 8070
f 8069 8173 8071
f 12607 8071 8173
f 8073 8154 8168
f 8073 9892 8154
f 10594 8074 8161
f 8161 8074 12738
f 8929 8074 12467
f 8929 12738 8074
f 12459 8074 10594
f 12459 12467 8074
f 8075 12548 8090
f 8075 8929 10980
f 8075 12738 8929
f 8075 10980 12548
f 8093 8076 8081
f 11072 8078 8077
f 10668 10288 8079
f 8462 8080 12770
f 10178 12770 8080
f 9063 10664 8081
f 11965 8082 12463
f 8130 12375 8083
f 8084 8450 8939
f 8084 11733 8880
f 8084 8880 12448
f 8084 8939 11733
f 8085 8121 12393
f 8085 12787 8121
f 8086 8869 8932
f 8086 9737 8869
f 8086 8932 10388
f 8086 9130 9737
f 8086 10388 9130
f 8088 11382 8932
f 8164 11131 8089
f 10875 8089 11131
f 12548 8091 8090
f 11651 9001 8091
f 11651 8091 12548
f 8155 8092 8462
f 8155 12760 8092
f 8096 8095 9001
f 10982 8977 8096
f 11651 8096 9001
f 11651 10982 8096
f 8098 8181 11061
f 8589 12253 8099
f 12415 9687 8099
f 9569 8100 8117
f 8102 8411 8108
f 8102 8630 8411
f 8103 8168 8158
f 8103 8158 12549
f 10982 8103 8977
f 8103 12549 8977
f 8104 8114 8970
f 8104 12750 8114
f 11915 12750 8104
f 12833 8106 12750
f 12433 12424 8107
f 10146 8108 8411
f 11322 12022 8109
f 8111 8118 8125
f 11891 8116 9591
f 9569 8117 12398
f 10113 8119 12339
f 8120 12775 12419
f 9037 10978 8121
f 9037 8121 12787
f 8121 10978 12393
f 8122 12859 9635
f 8122 12836 12859
f 8128 12363 9642
f 8851 12752 8129
f 10459 8131 12594
f 8135 12348 12756
f 8137 11513 9298
f 11852 8138 11854
f 8138 12533 11854
f 8141 8143 8142
f 8167 8141 8142
f 12758 8142 8143
f 8264 8167 8142
f 8264 8142 12758
f 8163 8144 8146
f 11516 8145 9287
f 8149 8155 8462
f 8149 8471 8155
f 8149 8462 12770
f 8149 12769 8471
f 11958 8151 9599
f 11954 8151 11958
f 11813 8152 8175
f 11821 9276 8152
f 8152 9276 12871
f 11821 8152 11813
f 8155 8471 12760
f 8181 8157 11061
f 8160 12458 8169
f 8160 9782 9785
f 8785 8163 12522
f 11340 8164 12741
f 11953 8166 11985
f 8228 8167 8264
f 8169 12458 8171
f 11340 12741 8171
f 8200 8329 8172
f 8200 8172 9832
f 8172 8656 8659
f 9832 8172 8659
f 11813 8175 11818
f 8175 12578 11818
f 8178 9638 12477
f 8178 12489 9638
f 12482 12498 8182
f 10706 10705 8184
f 10707 8184 10705
f 8185 10940 9056
f 9261 8186 11300
f 12005 10758 8191
f 8201 8193 12491
f 10741 8193 12490
f 8198 10132 12814
f 8198 12814 11561
f 8201 12491 9233
f 8201 9233 12499
f 8208 8202 12480
f 8208 12537 8202
f 12615 12480 8202
f 12615 8202 12717
f 10829 12036 8203
f 11879 10930 8204
f 10930 12712 8204
f 11879 8204 12182
f 11431 8207 12634
f 8208 12480 8679
f 8246 8210 9227
f 12507 9968 8211
f 8211 11067 12509
f 8211 12510 11067
f 12507 8211 12509
f 8230 8212 8636
f 8212 12510 8636
f 11404 11388 8212
f 8212 11388 12701
f 8212 12701 12510
f 12635 8213 12613
f 9072 12359 8215
f 12359 10248 8215
f 8236 8235 8216
f 8235 12645 8216
f 12759 8217 8221
f 9965 12515 8217
f 12518 8227 8220
f 10832 12518 8220
f 12668 12706 8221
f 12759 8221 12706
f 9577 12520 8222
f 12336 8223 8226
f 12651 12668 8223
f 11285 9243 8225
f 12336 8226 11925
f 12523 11925 8226
f 12523 8226 12515
f 8231 12230 8227
f 8231 8227 12518
f 12372 8227 12230
f 8228 12764 12514
f 8613 12529 8230
f 11404 8231 12518
f 10967 8451 8232
f 8233 8666 8554
f 8233 8554 9280
f 8233 12545 8666
f 8234 9274 11378
f 12649 9274 8234
f 8234 11378 9280
f 8237 9766 9538
f 8237 12540 9766
f 8238 10898 10632
f 8239 9538 9750
f 8239 12536 9538
f 8240 8241 9241
f 9243 8240 9241
f 11285 8240 9243
f 9241 8241 12086
f 10287 10136 8242
f 8242 10136 12540
f 8243 8676 9546
f 8245 12695 9382
f 8632 8605 8247
f 8249 8505 8248
f 8249 8248 12546
f 12692 8248 8505
f 12692 8632 8248
f 8249 12546 12563
f 12287 8250 10115
f 12287 10707 8250
f 12288 8250 10707
f 8252 10891 8338
f 10706 8254 10108
f 10108 8254 10956
f 10706 10117 8254
f 12289 8254 10117
f 8255 12667 8368
f 8263 8256 12557
f 9907 9912 8257
f 8257 9912 12627
f 8257 12627 12619
f 9067 8261 10221
f 9067 10228 8261
f 8264 12758 12763
f 12251 8265 8719
f 8268 10155 12573
f 8346 8270 10708
f 8346 10709 8270
f 12590 8276 8274
f 8295 8274 12572
f 12590 8274 8295
f 8275 9227 8641
f 8275 8667 8666
f 8275 8666 9216
f 8275 9216 9227
f 8278 12573 10155
f 9948 9956 8283
f 9948 8283 11245
f 10362 8283 9956
f 10362 10319 8283
f 8284 12591 12595
f 9399 8285 12350
f 8286 8725 12561
f 8286 12587 8725
f 12675 8286 12561
f 8423 8303 8287
f 8423 8287 8425
f 8425 8287 9763
f 8288 10861 12586
f 8288 12564 12386
f 8352 8293 8351
f 9432 8293 10730
f 12482 8297 12498
f 11269 12138 8298
f 8978 8299 9640
f 8978 10093 8299
f 10993 8299 10093
f 10993 11112 8299
f 8301 8952 11613
f 8302 12684 9417
f 12602 8313 8307
f 12611 12602 8307
f 12605 12611 8307
f 8334 8342 8309
f 8738 8312 11966
f 10890 8314 12653
f 8314 12553 12653
f 8316 9388 8338
f 8316 8338 12691
f 9542 8316 12691
f 9007 8323 10980
f 8324 12257 12258
f 8324 12263 12257
f 8326 9385 9403
f 8326 9426 9385
f 12305 9908 8328
f 12628 8328 9908
f 8330 12257 12263
f 8333 12626 12619
f 8334 11350 8342
f 8334 11352 11350
f 8335 12725 11329
f 8335 12636 12725
f 8339 12226 8336
f 12226 11440 8336
f 12636 8336 11440
f 12636 12053 8336
f 11440 8337 12725
f 8338 10891 12691
f 8339 12227 12226
f 8339 12646 12227
f 8339 12623 12646
f 8340 12561 9924
f 12666 12561 8340
f 12610 8341 12385
f 10104 8343 10709
f 8346 8345 10709
f 12292 8345 8346
f 8345 10104 10709
f 8345 12888 10104
f 8348 12788 10801
f 8352 10749 9431
f 11567 9257 8354
f 12200 11720 8357
f 12200 8357 12205
f 10803 10797 8358
f 12325 8358 10797
f 11747 12454 8360
f 8361 12454 11699
f 8361 11699 12707
f 8361 12659 12454
f 11921 10532 8366
f 10016 8367 12648
f 8464 8369 12847
f 8369 9069 12847
f 8374 8380 8376
f 12682 8375 8376
f 12464 8375 12683
f 12683 8375 12682
f 8380 12678 8377
f 11380 12676 8377
f 11380 8377 12884
f 12678 12884 8377
f 8408 8378 12198
f 12190 8790 8379
f 12678 8379 8790
f 10240 8381 10684
f 8383 8382 10788
f 10788 8382 11012
f 11159 11012 8382
f 12676 11159 8382
f 12464 8384 12278
f 12291 8389 12218
f 9992 8806 8391
f 10670 8602 8392
f 8602 12392 8392
f 10762 8392 9823
f 10670 8392 10762
f 8394 8944 11560
f 8397 8451 12390
f 8828 8399 12650
f 8899 8400 12703
f 8401 8749 9444
f 11011 8749 8401
f 12184 8401 9444
f 8402 8899 12703
f 8402 12481 9265
f 8402 12703 12481
f 12804 8404 8740
f 12804 9239 8404
f 11622 8405 11667
f 11671 8406 8846
f 8934 8406 11671
f 8914 12365 8407
f 9907 8408 12198
f 12143 8409 10162
f 12331 11166 8410
f 12331 8410 11168
f 10146 8411 10137
f 8416 9888 10199
f 8416 12720 9888
f 8417 8444 8664
f 8417 8664 9824
f 8417 9824 10761
f 8417 10761 12391
f 8631 11863 8418
f 12328 10651 8422
f 8423 8425 8562
f 8471 8432 12760
f 8471 12767 8432
f 10055 9969 8432
f 9969 12760 8432
f 10055 8432 12731
f 12731 8432 12767
f 9934 8434 9894
f 9894 8434 10405
f 10055 12731 8434
f 8434 12731 10405
f 8445 8436 8873
f 11691 8436 8445
f 8438 12120 11021
f 8444 12171 9139
f 11103 11691 8445
f 8446 11607 8669
f 8447 11697 8864
f 8447 8864 11698
f 9639 9236 8448
f 9236 12710 8448
f 9633 12375 8448
f 9639 8448 12375
f 10967 9829 8451
f 12390 8451 9829
f 10536 10532 8452
f 10686 8452 10532
f 10536 8452 10810
f 8457 10761 9829
f 12649 8457 9829
f 12391 10761 8457
f 12391 8457 12866
f 8458 11700 11701
f 8482 8489 8459
f 12822 8482 8459
f 8665 8461 12392
f 8463 12428 8467
f 8658 12449 8463
f 8466 8577 10542
f 8466 11919 8577
f 8673 10531 8466
f 8466 10531 11919
f 10904 12085 8467
f 12825 8467 12428
f 8624 11033 8469
f 10178 8470 12770
f 8471 12769 12767
f 10590 8472 10538
f 12558 10270 8473
f 8480 11074 12383
f 8979 8481 9671
f 12200 8483 11720
f 12200 12207 8483
f 9792 9754 8484
f 12777 9792 8484
f 12295 12806 8488
f 8504 12069 8490
f 8491 11771 8801
f 12711 12728 8492
f 9676 8493 11831
f 11989 8496 8788
f 8500 12070 8506
f 8500 12061 8584
f 8501 12839 11038
f 8503 12838 12068
f 11499 10497 8508
f 10497 11522 8508
f 8509 9460 12808
f 11405 12057 8512
f 12850 12059 8513
f 8518 8516 8517
f 10581 9440 8516
f 9438 8517 10571
f 10618 9439 8518
f 11991 8784 8519
f 8828 8935 8527
f 8828 8527 12481
f 10806 9684 8531
f 12007 8532 8557
f 8557 8532 12879
f 8568 8532 12007
f 11052 12879 8532
f 8533 11050 12865
f 12026 8533 12027
f 8533 12865 12027
f 8536 9418 10826
f 9438 10571 8536
f 8538 9996 8891
f 8540 12031 12029
f 8545 8541 9351
f 8567 10560 8543
f 10560 9442 8543
f 8988 8545 9351
f 8988 12844 8545
f 9069 8546 12847
f 8795 12846 8548
f 8548 9501 9008
f 8548 12846 9501
f 8551 12865 11050
f 8553 8873 8876
f 8554 8666 8667
f 8554 12532 9280
f 9703 8566 12886
f 8567 9434 9441
f 8567 10686 9434
f 8567 9441 10560
f 8604 8599 8569
f 8604 8569 11628
f 11795 10224 8570
f 12440 8572 8590
f 8590 8572 12870
f 8590 12870 8574
f 12874 8590 8574
f 10806 8576 10803
f 8578 9437 9443
f 8578 9443 10551
f 9559 8586 9580
f 9559 11745 8586
f 10795 12441 8587
f 8589 10802 8973
f 8589 8973 12253
f 8589 12835 10802
f 8602 9108 12392
f 10670 10275 8602
f 8603 10778 10695
f 10047 10997 8611
f 8614 8628 8627
f 8617 9803 10774
f 10765 12802 8618
f 8619 12696 12071
f 9496 8622 11252
f 9496 12410 8622
f 12410 10082 8622
f 12825 11033 8624
f 11347 8629 8792
f 11848 8792 8629
f 11380 12884 8629
f 11848 8629 12884
f 10370 8634 10289
f 11499 10289 8634
f 11499 8634 10497
f 8750 8704 8635
f 8704 12003 8635
f 8750 8635 9261
f 8643 9832 10760
f 12389 8643 10760
f 9488 8644 8733
f 8644 12753 8817
f 9488 9043 8644
f 12753 8644 9043
f 10345 9456 8648
f 8648 9456 10722
f 10496 10363 8650
f 10496 8650 10369
f 8652 10551 9443
f 8652 9443 10552
f 10535 10551 8652
f 12097 12083 8655
f 8668 8659 8656
f 10399 8657 9816
f 11719 8657 10399
f 10760 9832 8659
f 8660 12105 12104
f 10670 8661 9101
f 10670 10762 8661
f 8664 8678 9594
f 8665 12392 9108
f 9216 8666 12545
f 8672 8844 8670
f 8673 10141 10531
f 12652 12551 8674
f 8680 8675 9561
f 8678 8685 10226
f 8680 10028 9747
f 8680 10168 10028
f 8681 11612 8982
f 11024 11612 8681
f 10502 8686 8689
f 8694 11001 8688
f 8688 11001 11016
f 11386 8689 8703
f 10974 8690 11316
f 11155 8692 9883
f 11155 11154 8692
f 9083 10892 8693
f 9083 8693 12698
f 8694 9658 11883
f 8694 11883 11001
f 11583 8696 12407
f 8697 8713 8709
f 11324 8697 11253
f 8700 11000 11490
f 11802 8701 10211
f 11324 8701 11790
f 11802 11790 8701
f 8705 11407 11000
f 8705 11420 11477
f 8707 11397 11124
f 11815 8709 8713
f 11585 8709 11815
f 10628 11585 8710
f 11882 8710 11585
f 8714 9939 9922
f 12812 11687 8715
f 12812 8715 12134
f 12409 8719 11124
f 8803 8807 8720
f 8803 8720 12791
f 9768 8720 8807
f 9019 8720 9768
f 12673 8720 9019
f 12673 12791 8720
f 8751 8721 8739
f 8739 8721 9446
f 12810 8724 12131
f 12561 8725 9924
f 9149 12744 8726
f 9544 9248 8727
f 8728 8729 12869
f 8735 12122 8732
f 9260 8733 11195
f 9260 12690 8733
f 12690 9488 8733
f 8734 8741 9537
f 8738 11966 12373
f 8739 9446 10571
f 8751 9440 10749
f 11436 8754 8762
f 8832 8763 9447
f 8763 8832 10506
f 8766 12191 12157
f 10181 12755 8775
f 10459 12594 8776
f 8777 10666 9958
f 8777 9958 10674
f 8777 10669 10666
f 8780 12258 12765
f 8854 9712 8782
f 8782 9254 9064
f 11002 8786 12764
f 9793 11848 8790
f 12190 9793 8790
f 11848 12884 8790
f 12678 8790 12884
f 12177 9213 8792
f 12177 8792 11848
f 10820 12846 8795
f 10542 8798 9428
f 10672 8800 10675
f 8801 11771 11783
f 8948 8806 12751
f 8808 10482 9449
f 11711 8813 8833
f 8815 9821 9822
f 8815 9987 9826
f 11791 8816 9828
f 12751 8817 12753
f 8823 8818 8853
f 8823 11411 8818
f 8818 9830 8853
f 8818 11411 9831
f 8821 9019 9774
f 8823 8853 8855
f 8823 11789 11411
f 12076 8852 8826
f 12076 8826 12264
f 8828 12650 8935
f 8828 12481 12703
f 8829 12319 12264
f 10416 10562 8830
f 8830 10962 10416
f 10479 10506 8832
f 11711 8833 10380
f 10535 8870 8836
f 10482 8836 9432
f 12076 12264 8840
f 8840 12264 12319
f 10736 9794 8841
f 8842 11708 11707
f 8844 8890 8920
f 10119 8845 12380
f 12377 11671 8846
f 10676 11449 8847
f 9616 8849 8865
f 8850 11700 11696
f 8851 12382 12752
f 8853 10957 8874
f 8853 9830 10957
f 8854 9544 9543
f 8856 9930 11297
f 8856 11297 11298
f 11801 8856 11298
f 8916 11672 8858
f 11672 11093 8858
f 8859 8863 8860
f 8862 8867 8866
f 9616 8865 8934
f 10959 8866 8867
f 10959 10957 8866
f 8869 12448 12367
f 11685 8876 8873
f 10955 8874 10959
f 10959 8874 10957
f 8875 8882 8940
f 10752 8875 8940
f 8875 9429 9450
f 10752 9429 8875
f 8879 8878 12370
f 9037 10990 8880
f 10990 12448 8880
f 9507 8881 10839
f 9507 12525 8881
f 8882 10825 11929
f 8891 10802 12835
f 12222 8896 11062
f 12222 12168 8896
f 8907 10888 8900
f 10964 8901 8905
f 10888 11041 8906
f 10913 10888 8907
f 8912 8909 12437
f 8910 12365 8914
f 9895 8912 12437
f 9895 12743 8912
f 12743 10510 8912
f 8913 12727 12323
f 8917 12324 8919
f 8917 8919 12333
f 9837 11327 8917
f 9837 8917 12333
f 8919 12324 12267
f 8922 8930 8926
f 8926 8930 10312
f 8926 10312 10414
f 8926 10414 10405
f 8927 11341 9145
f 8981 8928 10066
f 8981 11445 8928
f 10066 8928 12762
f 9007 10980 8929
f 9007 8929 12467
f 12714 10312 8930
f 8931 10270 12558
f 8931 12558 10312
f 8931 10312 12714
f 8932 11382 10388
f 9616 8934 11671
f 8936 10663 11718
f 10752 8940 9422
f 9520 10271 8941
f 10271 10279 8941
f 8941 10279 10281
f 8943 9947 11473
f 11555 11560 8944
f 11618 11555 8944
f 8946 10228 9067
f 9702 8947 9844
f 8948 12751 12753
f 12695 8950 10892
f 10457 10479 8951
f 11184 8952 11632
f 9145 9081 8954
f 11657 11656 8958
f 8963 11655 11634
f 8964 11807 11273
f 11346 11336 8965
f 9676 8967 9695
f 9676 11831 8967
f 8967 11831 11445
f 8968 9460 9436
f 11048 8968 9436
f 8968 12808 9460
f 8973 8971 12253
f 8976 8972 8974
f 9453 8972 9420
f 10987 8973 10802
f 8974 10455 10730
f 10993 8979 10099
f 9370 9386 8981
f 9370 8981 10066
f 9065 9022 8985
f 9022 11075 8985
f 10457 8986 9450
f 8987 9256 9269
f 12690 8989 9488
f 11610 8997 8990
f 8991 9167 9006
f 8992 10682 10685
f 8994 10943 10927
f 8996 8998 8997
f 11610 8996 8997
f 11592 8998 8996
f 9002 9008 9501
f 9002 9501 9167
f 9136 11939 9003
f 9003 11029 9611
f 9006 9167 9501
f 9006 9501 12846
f 9007 12467 9785
f 9012 9014 9013
f 10924 9092 9015
f 9269 9256 9016
f 9023 9040 10646
f 11243 10117 9024
f 10704 11243 9024
f 10646 9040 9035
f 10646 9035 11444
f 10926 10652 9035
f 10652 11444 9035
f 9037 12787 10990
f 9689 10737 9042
f 9689 9042 11785
f 12143 10424 9043
f 11605 9045 9212
f 12108 9045 11605
f 11346 9535 9046
f 9047 11025 9209
f 9047 9242 10827
f 9047 10827 11025
f 10937 9048 9052
f 9182 9185 9050
f 10937 9052 9327
f 10156 9053 9704
f 10240 10684 9071
f 9075 9155 9534
f 9075 9779 9155
f 9075 9534 9777
f 11530 9078 11025
f 9145 9789 9081
f 9083 9382 10892
f 9382 9083 10894
f 9890 10970 9089
f 10924 10643 9092
f 9098 9105 9112
f 9098 9112 9160
f 10671 9100 12209
f 10670 9101 10275
f 10636 10922 9105
f 12716 10628 9109
f 9150 9112 9115
f 9150 9160 9112
f 9114 9120 9118
f 9132 10960 9116
f 9132 9116 12721
f 12502 9116 10960
f 12502 12023 9116
f 9554 9117 10394
f 9655 11782 9123
f 9124 9180 9655
f 9124 10921 9180
f 9127 11824 11779
f 9387 11090 9129
f 11090 9405 9129
f 9132 10970 9890
f 9132 12141 10970
f 9132 12721 12141
f 9583 9133 11192
f 11764 9133 9583
f 9134 10471 9226
f 9142 9468 9718
f 11341 9789 9145
f 9534 9155 9309
f 9309 9155 9776
f 9626 9158 9465
f 10159 9161 9500
f 9180 11782 9655
f 9180 10921 9850
f 9180 11417 11782
f 11417 9183 11782
f 12389 10760 9187
f 9950 9962 9189
f 12587 12376 9191
f 9203 9215 9226
f 10903 9222 9208
f 10903 9208 10905
f 9221 11505 9225
f 9723 10901 9222
f 9723 9222 10903
f 9223 11034 11176
f 10415 9224 11826
f 10721 12671 9229
f 10834 9229 12275
f 12275 9229 12671
f 9232 9455 9624
f 10453 10252 9233
f 10453 9233 12491
f 9235 12090 12091
f 9253 9240 11568
f 10151 9244 10062
f 10062 9244 10158
f 11431 11829 9245
f 11577 9246 12156
f 12156 9246 12858
f 9249 11338 9334
f 9252 10530 9457
f 10460 9939 9255
f 9258 12690 9260
f 9263 9835 9395
f 9263 9395 9841
f 12653 9263 9841
f 12653 12553 9263
f 11562 11577 9270
f 10967 9274 12649
f 12700 11378 9274
f 11865 9571 9276
f 11865 9276 11821
f 9326 9279 10316
f 9279 10335 9461
f 9290 11774 9283
f 10640 9284 9620
f 9290 9293 11774
f 12544 9297 9299
f 12544 12681 9297
f 9303 9319 9898
f 9303 9898 9899
f 9941 11330 9307
f 9780 9309 9776
f 9312 12346 9313
f 12527 11956 9312
f 10359 9315 10358
f 11433 9321 10867
f 9323 11954 11958
f 9323 11958 11968
f 11293 10937 9327
f 9328 11281 9330
f 11280 9329 11282
f 11761 11433 9331
f 11777 9332 9333
f 11661 9336 10677
f 11980 9339 9337
f 9347 11770 9371
f 11955 9347 10521
f 12239 9349 9615
f 11717 9349 12239
f 9350 9436 9460
f 11254 9352 12842
f 9354 11646 9911
f 9615 9357 12256
f 12395 9367 9619
f 12204 12094 9368
f 12349 9368 12094
f 9369 9409 9376
f 11573 9386 9370
f 9370 10066 11757
f 11573 9370 10528
f 10528 9370 11757
f 9371 11770 9372
f 9374 11455 11108
f 11534 9374 11108
f 9374 12431 11422
f 11534 12431 9374
f 12446 12438 9375
f 11390 9392 9377
f 9379 9793 10627
f 9379 11848 9793
f 9379 12177 11848
f 9382 12695 10892
f 11048 9436 9384
f 9384 9589 10086
f 11048 9384 10086
f 9385 9426 9407
f 12625 9385 9407
f 9387 11185 11090
f 11225 9389 11914
f 11233 9398 9550
f 9404 11943 10097
f 9404 10983 11943
f 9407 9426 9693
f 9515 9412 10713
f 10583 9412 9646
f 10553 9415 9513
f 11930 9419 11849
f 10478 9421 9448
f 9421 10710 9495
f 10478 9511 9421
f 9511 10710 9421
f 10167 9423 10203
f 9423 10510 10203
f 12742 10510 9423
f 10850 12656 9424
f 9424 12656 12612
f 9425 10680 10810
f 10972 9430 10076
f 10847 11167 9433
f 10686 11921 9434
f 9551 10456 9439
f 10535 9447 10551
f 10452 9448 9861
f 10520 9448 10452
f 10478 9448 10520
f 12125 9451 10257
f 9509 9454 10426
f 9509 10644 9454
f 9455 9593 9624
f 9554 9456 9604
f 9554 10722 9456
f 10394 9457 10530
f 10371 9458 10991
f 9464 10838 9475
f 9465 9718 9730
f 9851 9467 9469
f 9764 9796 9467
f 9764 9467 9851
f 9473 9851 9469
f 10204 9473 9469
f 9764 10114 9470
f 9764 9470 10191
f 9470 10114 10072
f 9854 9472 9474
f 10101 9472 9849
f 9473 9849 9851
f 10728 9849 9473
f 10204 10177 9473
f 10728 9473 10177
f 9475 10838 9510
f 9787 10711 9476
f 9548 9477 12779
f 9913 9478 11858
f 9920 9834 9479
f 9834 10089 9479
f 9480 12855 9923
f 10735 12379 9481
f 9482 9484 10147
f 9483 12631 10845
f 9484 9502 9499
f 9484 9499 10147
f 9484 9647 9502
f 9485 9945 9931
f 9645 9505 9486
f 9486 9505 10255
f 9645 9486 9945
f 10227 9506 9487
f 9487 9952 10729
f 10227 9487 10223
f 9487 10729 10223
f 9963 9490 10461
f 10733 10049 9492
f 9492 10049 11907
f 10112 12300 9493
f 9494 10445 9506
f 9494 10520 10445
f 9496 11252 11008
f 9499 9502 10223
f 9499 10223 9721
f 10159 9500 9699
f 10220 9699 9500
f 10220 9500 9910
f 9647 10397 9502
f 10227 10223 9502
f 10397 10227 9502
f 9503 9699 10277
f 10377 9504 9508
f 10478 9508 9511
f 9509 10426 10421
f 9509 10609 10644
f 9510 10838 10837
f 9515 10710 9511
f 9513 10060 10715
f 9516 9595 9528
f 10821 9595 9516
f 11873 10771 9518
f 9521 11888 10480
f 9525 11196 11115
f 9526 11233 12195
f 9528 9595 9596
f 11314 9531 9536
f 11160 11151 9532
f 9533 11812 9571
f 9533 9571 11865
f 11173 9674 9537
f 9538 9766 9750
f 9947 9539 10840
f 9540 11623 10835
f 9540 10835 11747
f 9542 9857 9853
f 9542 12691 9857
f 9545 11485 10588
f 9585 12542 9546
f 12447 9548 12779
f 9551 11047 10456
f 10343 9552 12001
f 9554 9604 9593
f 9554 10394 10722
f 10636 10738 9555
f 10636 9555 10922
f 9587 11181 9557
f 12337 9557 11181
f 9559 9580 11821
f 9559 11821 11813
f 9560 9839 9597
f 12450 10828 9564
f 10582 9574 9586
f 10395 10658 9574
f 10395 9574 11023
f 10582 11023 9574
f 9577 12885 12759
f 9580 11865 11821
f 11194 11553 9582
f 10831 10582 9586
f 9588 10830 10836
f 9588 10836 10837
f 9593 9604 9624
f 9736 9594 9679
f 9598 10106 10105
f 9600 11180 11229
f 9602 11355 11181
f 12128 12273 9603
f 12256 9603 12273
f 9756 9609 9757
f 11717 12239 9610
f 12239 12214 9610
f 9611 11029 12214
f 11178 9612 11305
f 12395 9619 9625
f 9620 9631 12740
f 10640 9620 10059
f 10059 9620 12740
f 10727 11359 9621
f 12478 10865 9623
f 10992 12462 9623
f 12478 9623 12462
f 9626 9649 9710
f 10871 9627 10470
f 9629 10462 10873
f 9629 11870 10462
f 12688 9629 10873
f 9629 11032 11870
f 10098 10565 9630
f 10098 9630 10578
f 9630 10565 10817
f 9630 10818 10578
f 12352 12740 9631
f 12694 12709 9632
f 9636 12859 12836
f 9977 11035 9641
f 12306 9642 12363
f 11864 11206 9643
f 9646 9670 10259
f 11236 9686 9648
f 9685 10808 9651
f 9651 10808 10809
f 9783 9656 9654
f 9668 9656 11846
f 11325 11866 9658
f 9662 9681 9663
f 9786 10034 9666
f 9668 11846 10439
f 10067 9672 10077
f 10099 9675 10484
f 12293 9675 12780
f 12415 12823 9687
f 10403 10402 9688
f 10403 9688 11251
f 9689 10634 10737
f 10386 9697 10814
f 10386 12737 9697
f 11121 9698 9802
f 9703 9700 12443
f 9703 12886 9700
f 11412 9838 9702
f 11412 9702 9844
f 12774 9703 12443
f 10961 9705 10813
f 9800 11110 9706
f 10191 9715 9796
f 10352 9717 12140
f 9721 10223 10729
f 10204 10233 9727
f 11394 9734 11026
f 9738 10887 9791
f 9747 10751 9863
f 10028 10751 9747
f 9825 9812 9749
f 10785 10783 9760
f 9764 10191 9796
f 9764 9851 10114
f 9766 12540 10136
f 9775 9771 11817
f 9772 11902 12468
f 9856 9778 9900
f 9778 9964 9900
f 9780 10142 10123
f 11244 9781 10407
f 9782 12453 9892
f 9786 10265 10121
f 10627 9793 12190
f 10736 10071 9794
f 9799 11374 10942
f 9799 11018 10995
f 9799 10995 11810
f 9799 11810 11374
f 11810 10995 9801
f 11810 9801 11335
f 10378 11384 9804
f 10378 9804 11461
f 11344 9805 11271
f 9805 11805 11271
f 11344 11335 9805
f 11624 11805 9805
f 10667 9838 9806
f 11412 9806 9838
f 10667 9806 10666
f 11298 11688 9807
f 11801 11298 9807
f 11688 9811 10367
f 11298 11297 9811
f 11298 9811 11688
f 12390 10761 9824
f 9827 11791 9828
f 12390 9829 10761
f 10967 12649 9829
f 11411 10963 9831
f 11912 9834 9920
f 9834 10509 10089
f 9837 12333 11279
f 9843 10777 11218
f 9848 11819 9855
f 10101 9849 10728
f 9850 10921 10914
f 9850 10914 11128
f 9854 9852 10072
f 12378 9853 9857
f 12374 9853 12378
f 9963 10452 9861
f 10728 10177 9865
f 11589 9867 9868
f 11589 9868 12867
f 9902 12486 9878
f 12486 12425 9878
f 9880 9896 9955
f 9880 12371 9909
f 9880 9955 12371
f 10168 9881 10028
f 11188 9891 11566
f 9898 9893 9899
f 9894 10405 10414
f 10742 12001 9897
f 10742 9897 12017
f 12414 9904 10739
f 9905 10869 11755
f 10229 9931 9910
f 9916 9913 11913
f 9916 11913 10060
f 11912 10523 9918
f 9919 10340 10941
f 9923 10523 9920
f 11912 9920 10523
f 9921 12326 12702
f 10460 9922 9939
f 9923 12855 10523
f 9924 10734 12326
f 10350 9928 10625
f 10602 11443 9928
f 9928 11443 10625
f 9933 11297 9930
f 9933 11799 9932
f 9936 10368 9932
f 9934 12733 12732
f 9941 11788 11330
f 9947 10840 11473
f 9948 11245 11635
f 9950 9952 9962
f 9950 10729 9952
f 9952 10328 9962
f 10654 10656 9954
f 10362 9956 9959
f 9958 10649 10674
f 10949 10649 9958
f 10362 9959 12868
f 9962 10328 10743
f 9963 10461 10452
f 11661 9964 10276
f 9965 10915 12466
f 9965 12466 12515
f 10000 9966 9978
f 10000 12539 9966
f 12539 10534 9966
f 10361 11781 9971
f 11206 10458 9977
f 9977 12351 11035
f 9981 9995 9998
f 9994 10007 10008
f 9994 10201 10007
f 9994 10205 10201
f 11595 10205 9994
f 11595 9994 10923
f 10003 11674 10928
f 10003 10932 11658
f 10004 10006 10005
f 10004 10005 10601
f 10005 10006 10934
f 10007 10009 10008
f 11464 10008 10009
f 11464 11462 10008
f 10010 10012 10011
f 10936 10011 10012
f 11247 10032 10023
f 11250 10023 10032
f 10074 10096 10034
f 10035 10037 11467
f 12697 10897 10036
f 10038 10589 11472
f 10038 11472 11470
f 10038 11470 11625
f 10042 10053 10051
f 11089 10042 10051
f 12715 10053 10042
f 10716 10042 11089
f 10716 11096 10042
f 12715 10042 11096
f 10058 10057 10044
f 10057 10285 10044
f 10047 10692 10997
f 10733 12379 10049
f 10735 11907 10049
f 10735 10049 12379
f 10052 10953 11587
f 10054 10965 10953
f 10057 10274 10285
f 10640 10059 12296
f 10059 12740 10725
f 10241 10063 12754
f 10353 10064 10309
f 10064 12772 10309
f 12766 10364 10064
f 10064 10364 12772
f 10066 12762 10364
f 12766 10066 10364
f 12766 11757 10066
f 12761 10067 10077
f 10067 11650 11798
f 12761 11650 10067
f 12543 10897 10068
f 12697 10068 10897
f 10089 10509 10071
f 10736 10089 10071
f 11479 10972 10076
f 11663 10308 10080
f 11663 10080 12109
f 12762 10081 10364
f 10081 12772 10364
f 12762 12475 10081
f 10081 12773 12772
f 10278 10087 10083
f 10305 10083 10087
f 10299 10085 10092
f 12730 12757 10091
f 11078 10102 10103
f 11616 10103 11107
f 10107 10508 10112
f 10107 10112 11904
f 10107 10740 10508
f 10108 10703 10133
f 10108 10133 10705
f 10108 10956 10703
f 10706 10108 10705
f 10110 11085 11492
f 10111 10508 10740
f 10112 10508 12300
f 10113 12339 12422
f 12289 10117 11243
f 10122 10507 11900
f 10122 11902 10507
f 10127 11524 10744
f 10493 10129 10130
f 10129 11540 10130
f 10493 10296 10129
f 10129 10296 12840
f 12288 10705 10133
f 10494 10134 11484
f 11615 10135 10356
f 12283 10702 10138
f 12050 11924 10149
f 12050 10149 12028
f 11037 10162 11041
f 10163 10559 11130
f 10163 11905 10559
f 10968 10163 10985
f 10968 11905 10163
f 10985 10163 11130
f 10170 10258 10354
f 10226 10171 10183
f 10677 10411 10172
f 10185 10176 11272
f 10186 10247 10251
f 11823 10247 10186
f 10186 10251 10723
f 12687 10192 11556
f 12504 10193 12519
f 10200 10198 10197
f 11590 10200 10197
f 11590 10197 12285
f 12314 10198 10200
f 12314 12596 10198
f 10205 10202 10201
f 10202 10387 10201
f 10205 12316 10202
f 12316 12566 10202
f 12743 10203 10510
f 10344 10333 10207
f 10334 12620 10207
f 10344 10207 10772
f 10207 12620 10772
f 10213 12704 11241
f 12746 12704 10213
f 10214 12826 10301
f 10214 12829 12826
f 10214 12837 12829
f 10214 12849 12837
f 10216 12864 10757
f 10218 10273 11015
f 10218 11015 10286
f 11795 10356 10224
f 12400 12050 10225
f 10239 12098 10237
f 11675 10239 11419
f 11675 12098 10239
f 10714 10251 10247
f 10714 10247 10256
f 11825 10256 10247
f 11823 11825 10247
f 10453 10945 10252
f 10945 12718 10252
f 10255 10259 10277
f 10262 10427 11898
f 10264 10298 12402
f 10266 10268 10267
f 10266 10267 10411
f 10270 10353 10309
f 10272 10442 10533
f 12435 11015 10273
f 12881 10285 10274
f 10485 10281 10279
f 11666 10281 10485
f 12202 10283 12197
f 12881 10292 10285
f 10370 10290 10286
f 10370 10289 10290
f 12335 10290 10289
f 11499 11582 10289
f 12335 10289 11582
f 12391 12866 10294
f 10297 12852 12840
f 12782 10300 12165
f 10301 12826 10498
f 10304 12334 11642
f 10310 10318 12334
f 12558 10414 10312
f 12704 10321 11241
f 11373 10321 11503
f 12704 11503 10321
f 10421 10743 10328
f 11218 10777 10346
f 10351 12494 12212
f 10351 12484 12494
f 10355 12470 12461
f 11719 11615 10356
f 11719 10356 11795
f 10359 10358 11779
f 10359 11779 11824
f 10492 10496 10369
f 10373 10620 10619
f 11861 11881 10374
f 11066 10575 10375
f 10376 11273 11807
f 11624 10376 11805
f 11652 11805 10376
f 11652 10376 11807
f 10378 11461 11264
f 10378 11617 11384
f 10379 10979 11374
f 10379 11335 11344
f 10379 11810 11335
f 10379 11374 11810
f 10385 10979 10887
f 10986 10942 10385
f 10385 10942 11374
f 10385 11374 10979
f 12401 10392 12412
f 12413 12415 10392
f 10722 10394 10530
f 10643 10398 10642
f 10402 10469 11841
f 10683 10443 10406
f 11877 10406 10443
f 10409 10412 12063
f 12099 10562 10413
f 10431 10421 10426
f 10431 10743 10421
f 12047 10425 12028
f 11827 10433 10434
f 11827 11797 10433
f 10444 11877 10443
f 10461 10445 10452
f 10520 10452 10445
f 10451 11058 11926
f 11772 10451 11060
f 10451 11926 11060
f 12066 10454 10525
f 10946 10458 11206
f 10873 10462 11031
f 10464 11905 10968
f 10800 11032 10465
f 10992 10465 12832
f 11032 12801 10465
f 12801 12832 10465
f 12655 10467 10873
f 12688 10873 10467
f 10871 10470 12576
f 11527 11530 10474
f 11460 10475 10476
f 10475 11481 10490
f 11460 11481 10475
f 10477 11473 11483
f 10477 11488 11885
f 10819 11887 10480
f 10483 10813 10805
f 10483 10961 10813
f 10483 11890 10961
f 10487 10486 10776
f 10487 10816 10486
f 10486 10771 10843
f 10486 10843 10776
f 10490 11481 11474
f 10491 10923 11007
f 10491 11595 10923
f 10491 11007 10932
f 10494 11484 11491
f 10500 11474 11481
f 10819 10501 11887
f 10512 10754 10759
f 10513 11415 11413
f 10564 10563 10517
f 12757 12730 10519
f 10522 11203 11208
f 11368 11203 10522
f 10525 10534 12539
f 12066 10525 12539
f 10686 10532 11921
f 10541 10587 11936
f 10585 11934 10543
f 10550 11053 10546
f 10550 11945 11053
f 12039 10604 10559
f 12039 10559 11905
f 11186 10561 11183
f 11144 10817 10565
f 11973 10570 11971
f 10572 11046 10578
f 10575 11066 11049
f 11485 11004 10588
f 10589 10951 11472
f 10597 11472 10951
f 10598 11443 10602
f 10945 10600 12718
f 10788 11012 10604
f 10741 10758 10611
f 10622 10662 10616
f 10811 10789 10617
f 10811 10617 10884
f 10622 11718 10663
f 10898 12698 10632
f 10640 12296 10694
f 10642 10726 10719
f 10652 10650 11444
f 10671 12209 12220
f 10692 10694 12296
f 12288 10707 10705
f 10711 10713 10715
f 10716 11081 11096
f 10721 12674 12671
f 12782 12317 10731
f 12317 12834 10731
f 12344 10731 12834
f 12326 10734 12702
f 12350 10742 12017
f 11716 11889 10746
f 10773 10772 12620
f 10782 10780 12416
f 10785 10784 10783
f 10800 11870 11032
f 12788 11720 10801
f 11144 11127 10817
f 11530 11025 10827
f 12450 11608 10828
f 12501 10829 12717
f 11747 10835 11699
f 12707 11699 10835
f 10840 11483 11473
f 10844 10880 11684
f 12631 12684 10845
f 10862 10857 10855
f 12655 10873 11031
f 10875 11131 12739
f 10881 10884 10886
f 10913 11041 10888
f 12700 10897 12543
f 10913 12315 11041
f 11097 12315 10913
f 10919 12613 12706
f 10919 12668 12651
f 10919 12706 12668
f 10930 12054 12712
f 11431 10931 11829
f 11431 12634 10931
f 11619 12713 10931
f 11829 10931 12713
f 11007 11658 10932
f 11291 10933 11284
f 10934 11463 11464
f 10936 11462 11463
f 10986 11816 10942
f 10946 11206 11864
f 10948 11470 10950
f 10948 11625 11470
f 12724 10970 12141
f 10990 12367 12448
f 10995 11018 11110
f 11001 11014 11016
f 11009 12120 12457
f 11979 11035 12351
f 11049 11066 11036
f 11041 12315 11037
f 11054 11056 11055
f 11058 11857 11926
f 11772 11060 11855
f 11069 11068 11062
f 12510 12701 11067
f 12511 11067 12701
f 12752 12382 11070
f 11083 11078 11492
f 11098 11087 11086
f 11090 11185 11393
f 11487 11102 11105
f 11177 11214 11121
f 11146 11127 11144
f 11132 11392 11228
f 11529 11133 11161
f 11529 11538 11133
f 11380 11159 12676
f 11162 11183 11169
f 11162 11169 11202
f 11162 11186 11183
f 11191 11195 11176
f 11355 12337 11181
f 11205 11204 11198
f 11368 11373 11203
f 11532 11227 11461
f 11911 11237 11276
f 11258 11272 11345
f 11420 11267 12789
f 12504 11358 11275
f 12517 12556 11289
f 11289 12559 12526
f 11346 11314 11336
f 11325 11386 11379
f 11325 11379 11866
f 11788 11333 11330
f 11405 11358 12057
f 11375 12151 12547
f 12700 12543 11378
f 11882 11866 11379
f 11459 11384 11406
f 11617 11406 11384
f 11414 11397 11407
f 11415 11409 11413
f 12173 11675 11419
f 11420 12789 11477
f 12636 11440 12725
f 11442 11450 11452
f 11442 11452 11458
f 11464 11463 11462
f 12460 11477 12789
f 11583 11490 11546
f 12270 11497 11500
f 11506 12335 11582
f 11543 11622 11667
f 11558 11556 11554
f 11556 12316 11554
f 11558 11554 12314
f 11554 12596 12314
f 12687 11556 11558
f 11556 12566 12316
f 11882 11585 11815
f 12360 12342 11620
f 11655 11637 11634
f 12827 11798 11650
f 12761 12388 11650
f 11652 11807 11881
f 11652 11881 11861
f 12173 12161 11675
f 11686 12157 12191
f 11747 11699 12454
f 11745 11751 11715
f 11722 12356 11957
f 12199 11734 11744
f 11786 11783 11771
f 12827 12829 11798
f 12837 11798 12829
f 11882 11815 11866
f 11850 11851 11868
f 11856 12756 12348
f 11979 12351 11867
f 12194 12224 11874
f 11897 11896 12527
f 11897 12597 11896
f 12833 12750 11915
f 12400 11924 12050
f 11952 11950 11947
f 12148 12159 12147
f 12222 12208 12168
f 12175 12196 12176
f 12797 12798 12192
f 12625 12193 12622
f 12229 12231 12246
f 12512 12372 12230
f 12512 12230 12528
f 12386 12251 12376
f 12387 12537 12271
f 12507 12509 12271
f 12464 12278 12432
f 12423 12339 12338
f 12338 12343 12345
f 12423 12338 12345
f 12423 12422 12339
f 12423 12345 12732
f 12501 12387 12508
f 12405 12860 12863
f 12413 12823 12415
f 12423 12733 12422
f 12422 12733 12735
f 12423 12732 12733
f 12462 12446 12434
f 12478 12462 12434
f 12523 12515 12466
f 12479 12494 12484
f 12885 12521 12516
f 12610 12541 12630
f 12666 12675 12561
f 12579 12571 12577
f 12666 12685 12675
