v 0.268154 -0.143318 0.341714
v 0.268154 -0.143318 0.341714
v 0.075609 -0.537903 -0.274262
v -0.177722 -0.563267 -0.0744137
v -0.283883 -0.514414 -0.0526782
v -0.526386 0.0860348 0.112943
v -0.238669 -0.511339 0.0296487
v -0.139579 -0.539814 0.0478243
v -0.0824248 -0.564346 0.00715554
v -0.0429721 -0.548969 0.0643682
v -0.0528729 -0.523967 0.126131
v -0.129883 -0.557817 9.5041e-06
v -0.110978 -0.521658 0.112038
v -0.329502 -0.49615 -0.171878
v -0.20022 -0.502171 -0.280126
v -0.187699 -0.525317 -0.258572
v 0.0420016 -0.550986 0.0580758
v 0.0721 -0.569656 -0.0092274
v 0.0919451 -0.521507 0.118795
v 0.122443 -0.563995 -0.0187356
v 0.167181 -0.534225 0.0397498
v 0.133219 -0.517384 0.108152
v -0.331669 0.0492471 0.337713
v -0.103768 -0.586689 -0.130999
v -0.405579 -0.279698 0.211431
v 0.458897 0.362151 -0.207128
v -0.119864 -0.462969 0.238292
v -0.176515 -0.454091 0.220054
v 0.588885 -0.147354 -0.0915283
v 0.171053 -0.568286 -0.101223
v 0.216468 -0.555396 -0.129463
v 0.136102 -0.571883 -0.195131
v 0.170086 -0.555206 -0.215617
v -0.476505 -0.236788 0.11963
v -0.166234 -0.10456 -0.411599
v -0.528456 -0.224324 0.00172863
v -0.446333 -0.350956 -0.246684
v -0.20078 -0.286644 0.334655
v 0.131683 -0.528872 -0.2731
v -0.128251 -0.152389 0.356511
v -0.536011 0.120838 0.0717393
v -0.0169028 -0.29643 0.342927
v -0.106171 -0.327396 0.336059
v -0.264834 -0.243431 -0.402673
v -0.344434 0.392669 0.143173
v -0.0324463 -0.263022 -0.409364
v -0.240715 -0.14663 -0.40867
v -0.158808 -0.328187 -0.402499
v -0.0387845 -0.185936 -0.411675
v -0.0832813 -0.321414 -0.405712
v 0.401339 -0.440824 -0.124203
v 0.284784 0.519777 -0.17671
v 0.313712 -0.46321 0.0415348
v 0.374336 -0.453314 -0.0595138
v 0.327025 -0.492496 -0.0780156
v 0.293782 -0.508366 -0.0562583
v 0.352267 -0.448564 0.00866873
v -0.54074 -0.0996312 0.0710082
v -0.2596 -0.154491 0.342106
v -0.566011 -0.169384 -0.0703249
v -0.580616 -0.113253 -0.0777146
v 0.208618 -0.439121 0.220015
v 0.188086 -0.414662 0.278567
v 0.207663 -0.393791 0.292192
v 0.263999 -0.42441 0.191197
v -0.540925 -0.201909 -0.228378
v -0.41968 -0.204671 0.26259
v -0.340392 -0.0149364 -0.404903
v -0.216574 0.121166 0.350109
v -0.447849 0.330701 0.0562947
v -0.097823 0.169954 0.356782
v -0.22653 0.0389595 0.352258
v -0.0801603 0.110846 0.366837
v -0.20761 0.0143986 0.35514
v -0.162674 0.172664 0.351355
v 0.0840297 -0.379223 -0.399011
v 0.0154278 -0.373774 -0.401292
v 0.149406 0.052248 -0.41236
v 0.33361 -0.0612576 -0.40474
v 0.363727 0.0120446 -0.402356
v 0.216486 0.100887 -0.410381
v 0.299688 0.0703899 -0.407283
v -0.467961 0.174825 -0.320813
v 0.269663 -0.0926997 -0.40841
v 0.331268 -0.384404 -0.312779
v -0.266437 0.162648 -0.407269
v -0.12149 0.25989 -0.408357
v -0.0985967 0.17665 -0.411401
v -0.173572 0.30944 -0.403545
v -0.138202 0.553107 0.007988
v -0.541394 0.0656733 -0.274427
v 0.191355 0.213964 0.344107
v -0.145954 0.370143 -0.39714
v 0.0159684 -0.126508 0.368971
v 0.106157 -0.174546 0.355167
v 0.124915 -0.146779 0.356917
v -0.00802205 0.198942 0.356658
v 0.274997 0.195524 0.336607
v 0.256241 -0.231637 -0.404188
v 0.186618 -0.26395 -0.405902
v -0.574573 0.112431 -0.0460329
v 0.143358 -0.113352 0.358759
v -0.353371 -0.0173643 0.334061
v -0.386179 -0.0742525 0.32565
v 0.0852955 -0.23764 0.348503
v 0.0494208 -0.282183 -0.408325
v 0.174879 -0.175077 0.349243
v 0.429908 -0.41256 -0.111522
v 0.299898 -0.263341 0.324566
v 0.216299 -0.263438 0.336531
v 0.288022 -0.230702 0.331551
v -0.521434 0.0231949 0.13968
v -0.513794 0.1972 0.0709202
v -0.513609 0.259121 -0.00135907
v -0.822627 -0.0596366 -0.0117301
v -0.527425 -0.0140614 0.126062
v 0.522842 -0.253238 -0.216791
v 0.515476 -0.233026 -0.245835
v 0.0323828 0.25869 -0.40932
v 0.139767 -0.280925 -0.406541
v -0.109901 0.336458 -0.403388
v -0.205521 0.276771 0.335944
v -0.863373 0.00707314 0.198853
v -0.481997 0.142151 0.187484
v -0.434037 0.161711 0.269034
v 0.0819523 0.166612 -0.411715
v 0.0563823 -0.000279821 -0.413525
v 0.134325 -0.261726 -0.407772
v 0.374469 0.0763263 -0.399754
v 0.32716 -0.147073 0.333056
v 0.297099 -0.0703694 0.341574
v 0.181694 -0.221712 -0.408277
v 0.129764 -0.24245 -0.408774
v -0.0263318 0.107668 0.479758
v -0.426878 0.362425 0.0472852
v -0.464505 0.360806 -0.049452
v -0.423668 0.416008 -0.0791094
v -0.0198069 -0.505625 0.173368
v -0.398019 0.428986 -0.0387114
v -0.371532 0.436182 0.00566734
v -0.471415 0.334133 -0.00777977
v 0.0533896 -0.369199 -0.401212
v -0.281524 0.0780933 0.344209
v -0.227184 0.189629 0.343466
v -0.128106 0.230593 0.347609
v -0.102018 0.487566 0.193546
v -0.0563581 -0.0836626 0.468503
v 0.0924008 0.281139 -0.40762
v 0.00308612 0.318327 -0.406265
v -0.526833 0.283073 -0.14446
v 0.446294 -0.0798026 0.280351
v -0.2545 0.0675088 -0.409624
v -0.315734 0.00466847 -0.406919
v -0.31924 0.339309 0.265487
v -0.251556 0.390567 0.266238
v -0.265464 0.36829 0.284702
v -0.804458 0.0629101 -0.0101831
v -0.322116 -0.0588571 -0.405947
v -0.457773 0.310745 -0.266934
v 0.137114 -0.436008 -0.357034
v 0.543607 -0.0362973 0.0750411
v 0.556262 -0.0770061 0.0299603
v 0.531142 -0.114067 0.0827842
v 0.428399 -0.385617 -0.0117153
v 0.429408 -0.405793 -0.0735069
v 0.469632 -0.330386 -0.00573667
v 0.286212 0.119977 0.340639
v 0.330145 0.0203069 0.337566
v 0.435863 -0.297205 0.124698
v 0.364878 0.465254 -0.0771342
v 0.00466292 0.052277 0.522619
v 0.109344 -0.29611 -0.406514
v 0.065432 0.23 0.350915
v 0.120245 0.206943 0.350987
v 0.152164 0.18443 0.350797
v 0.424164 -0.093426 -0.382763
v -0.215951 0.548395 -0.0626
v -0.349761 0.40115 -0.290651
v 0.453704 -0.00687135 -0.359353
v -0.174483 0.431976 0.26238
v -0.464341 0.192259 -0.318316
v -0.020156 0.401078 0.322747
v 0.478874 0.0415295 0.228164
v 0.462175 -0.00519442 0.265178
v -0.127385 0.417754 -0.380226
v 0.325304 -0.401511 0.152798
v 0.380542 -0.37568 0.108083
v -0.260551 0.47227 0.100327
v -0.198443 0.494018 0.116318
v -0.280007 0.489574 0.0329428
v -0.191717 0.522539 0.0507615
v -0.193778 0.538953 0.00184432
v -0.266609 0.512182 -0.01132
v 0.658164 -0.0515882 -0.175762
v 0.567218 -0.0985323 -0.223778
v -0.217571 0.539562 -0.216986
v -0.198773 0.562991 -0.131086
v -0.311039 0.508556 -0.162793
v -0.257856 0.538837 -0.127483
v -0.301702 0.515513 -0.123798
v 0.520518 0.00674067 -0.297909
v -0.0951731 0.535695 0.0819506
v 0.781755 -0.0452965 -0.0188795
v 0.46717 0.152319 0.206405
v 0.46013 0.183965 0.197746
v 0.845747 -0.0542153 0.224281
v 0.055216 0.477023 0.230681
v -0.66945 -0.0576666 0.225326
v -0.185494 -0.0100162 0.358639
v 0.322657 0.19727 0.329585
v 0.252403 0.227326 0.336162
v 0.280418 0.243114 -0.401115
v 0.417169 0.330533 0.113906
v 0.488655 0.306957 -0.0170217
v 0.0909501 0.527203 -0.284798
v 0.172771 0.337891 0.329352
v 0.238715 -0.463353 0.141624
v 0.25942 -0.483103 0.0726629
v 0.328155 -0.426073 0.100654
v 0.407483 -0.412697 -0.0246993
v 0.446321 0.309364 -0.276442
v 0.638526 0.0796245 -0.175739
v 0.0517204 0.258897 -0.409212
v -0.0389753 0.583761 -0.0523619
v -0.0429636 0.590012 -0.0904284
v 0.538819 0.238489 -0.188637
v -0.305029 -0.17366 -0.403771
v -0.0608653 0.584539 -0.195528
v 0.5227 -0.265576 -0.0584178
v -0.240356 -0.0735647 -0.41003
v 0.255504 0.455148 0.139042
v 0.366616 0.411771 0.0657553
v 0.301131 0.478874 0.0221643
v 0.351447 0.447484 0.0127833
v 0.529265 -0.265837 -0.0952557
v 0.0213597 -0.323249 -0.406215
v 0.0759726 -0.189783 -0.411323
v 0.116604 0.504412 0.147544
v -0.212262 -0.184029 0.344885
v 0.381195 0.303536 0.216909
v -0.101391 -0.3629 -0.400834
v 0.194255 0.551081 -0.207259
v 0.123331 0.562656 -0.226659
v 0.438902 0.402895 -0.112349
v 0.440192 0.399772 -0.163875
v 0.404109 0.435586 -0.0964785
v -0.0341267 -0.184603 0.358603
v -0.037952 -0.238602 0.350795
v 0.0465334 -0.273476 0.34522
v -0.396099 0.3592 0.113611
v -0.461457 0.312694 0.0545018
v -0.516129 0.297468 -0.0988531
v -0.44927 0.391851 -0.0960638
v -0.394291 0.448161 -0.103954
v -0.310092 0.420664 0.142519
v -0.33317 0.435009 0.0789017
v -0.332263 0.480741 -0.0375725
v -0.304648 0.509695 -0.0864659
v -0.29176 0.456894 0.0940239
v -0.298329 0.498249 -0.0230531
v 0.184719 0.491165 0.131562
v 0.351768 -0.166134 0.326162
v -0.061268 0.0652374 -0.413264
v 0.176346 0.523411 -0.264072
v -0.0119312 0.529196 -0.290942
v 0.509253 0.279789 -0.0339358
v 0.415304 0.417153 -0.0622851
v 0.439941 0.3698 -0.00628329
v 0.392427 0.419142 -0.00359756
v 0.361932 0.385474 0.123439
v 0.169019 -0.0108063 0.360866
v 0.229781 -0.491647 -0.277348
v 0.172613 -0.513818 -0.277246
v 0.536238 -0.176717 0.0236804
v 0.492013 -0.250809 0.060656
v 0.538672 -0.213342 -0.0287805
v -0.163351 -0.284956 0.33816
v -0.00651754 0.397608 -0.397207
v 0.239829 0.264511 0.333229
v 0.114423 0.55969 0.00247866
v 0.549851 0.223268 -0.104805
v -0.510051 -0.301619 -0.0746354
v 0.333238 0.479489 -0.0418104
v 0.0750782 0.507931 0.156692
v 0.657904 -0.000430255 -0.184034
v 0.465405 0.266766 0.10246
v 0.241134 -0.529969 -0.0353858
v 0.204075 -0.554187 -0.0761673
v 0.509585 0.292388 -0.196678
v 0.226607 0.335087 -0.396094
v 0.114669 -0.436997 0.287498
v 0.107991 -0.465376 0.235741
v -0.0646155 -0.478253 0.22733
v -0.413349 -0.252097 0.229276
v -0.308195 -0.331776 0.28656
v 0.776661 -0.0648872 -0.0139704
v -0.0316637 0.59358 -0.12037
v 0.197368 -0.232867 -0.407132
v -0.000939317 0.585839 -0.0577015
v -0.0133271 0.56017 0.038039
v -0.103729 0.548535 0.0438158
v 0.309035 0.351795 0.256916
v 0.554325 0.138253 -0.233931
v -0.420458 -0.394891 -0.230923
v 0.493667 0.0658034 -0.318652
v 0.0591668 -0.589083 -0.0954195
v -0.000869145 0.499237 -0.319055
v -0.0103418 -0.583851 -0.047666
v 0.0936467 -0.57856 -0.0575187
v 0.0347752 -0.502539 0.177625
v 0.0353712 -0.52763 0.119278
v 0.134948 -0.490062 0.170076
v 0.108472 0.321765 0.336277
v 0.618647 0.10505 -0.168576
v -0.0580659 0.391166 0.324664
v 0.614047 -0.0824469 0.0067274
v -0.155734 0.304388 0.336448
v -0.102051 0.395597 0.320534
v -0.0625598 -0.512899 -0.303144
v -0.179736 0.556511 -0.207858
v -0.205656 0.557975 -0.0959074
v 0.505966 -0.288463 -0.212815
v -0.361544 -0.33324 0.213439
v 0.686696 -0.0506214 -0.156967
v -0.426551 -0.334022 0.0951245
v -0.664393 -0.032129 0.247278
v 0.668119 -0.0438433 0.0532943
v -0.149292 0.504991 0.128314
v -0.108895 0.509091 0.141179
v -0.149189 0.54544 0.0232644
v -0.267575 -0.495266 -0.253117
v -0.213736 0.54547 -0.0461258
v -0.0311775 -0.567018 0.0132448
v -0.00941517 -0.528658 0.119764
v -0.0735949 -0.499443 0.178416
v -0.164441 -0.486552 0.161319
v -0.156775 -0.513161 0.104643
v -0.249568 0.462627 -0.296732
v -0.324252 -0.441267 0.0787941
v 0.575305 -0.157808 -0.0993268
v -0.198597 -0.502152 0.0963458
v -0.832586 -0.0612798 0.0583753
v -0.239357 -0.52439 -0.0092207
v -0.177861 -0.547215 -0.00776369
v -0.150373 -0.574492 -0.0988856
v -0.522824 -0.00248313 0.255509
v -0.0755192 0.447307 -0.361868
v -0.187485 0.451822 -0.328889
v 0.478684 0.0605789 0.224341
v -0.492098 0.266098 0.0478695
v -0.558639 0.184298 -0.0557603
v -0.0050609 0.324855 0.338438
v -0.335963 0.237526 0.319877
v 0.437846 0.144658 0.267692
v -0.232704 0.256452 0.335637
v -0.209084 0.437534 0.2253
v -0.190055 -0.527861 0.0385254
v -0.368478 -0.434325 0.0175906
v -0.111941 -0.496012 0.172048
v -0.00896579 -0.500041 0.186297
v 0.000575655 -0.551412 0.0615002
v -0.0643356 -0.580924 -0.0472095
v -0.468247 -0.310209 0.0403148
v -0.399307 -0.328266 0.156739
v -0.0732215 -0.579849 -0.207251
v 0.172544 -0.48308 0.160046
v 0.0744546 0.0144708 0.443367
v 0.153615 -0.567587 -0.0649314
v 0.0811513 -0.498934 0.174589
v 0.0347662 -0.585834 -0.0629629
v -0.454878 -0.36443 -0.218932
v -0.0460762 0.593175 -0.147191
v 0.254673 -0.537347 -0.107599
v 0.378051 0.446521 -0.0457844
v -0.144772 -0.33127 0.333027
v -0.501813 0.282107 -0.232662
v -0.274273 -0.338173 -0.382436
v 0.00326639 -0.243477 0.350255
v -0.270916 0.438639 0.159072
v -0.022615 -0.380312 -0.400291
v 0.0662219 -0.113768 -0.412802
v -0.304475 -0.0938442 -0.406604
v 0.0832617 -0.274419 -0.40832
v -0.165495 -0.00890951 -0.412325
v 0.383683 -0.408944 0.038615
v 0.34379 -0.487012 -0.139648
v 0.403983 -0.433859 -0.0856575
v 0.299476 -0.437546 0.119928
v 0.223092 0.548811 -0.176441
v -0.356388 -0.100093 0.331341
v -0.521499 -0.16554 -0.273423
v -0.321967 0.101877 -0.405347
v -0.183496 0.240968 0.342412
v -0.302556 0.0222892 0.342469
v -0.266494 0.155014 0.341826
v 0.256009 -0.17342 -0.406955
v -0.287093 -0.0211844 -0.408432
v 0.00973234 0.100374 -0.413125
v 0.310453 -0.481344 -0.234459
v -0.298105 0.0112394 -0.407933
v -0.0486377 0.294992 -0.407533
v 0.160131 -0.21111 0.346918
v 0.225957 0.202313 0.341715
v 0.0701349 0.306567 0.340026
v 0.505951 -0.30232 -0.0732279
v 0.302728 -0.194869 0.333014
v 0.00864171 0.376057 0.329457
v -0.498123 0.294909 -0.0123289
v -0.535484 0.263723 -0.116792
v 0.446577 0.0845026 0.278099
v 0.50581 0.0586932 0.162854
v -0.259728 0.530382 -0.0671391
v -0.164131 0.5583 -0.0332256
v -0.129453 0.533587 0.0695908
v 0.54006 -0.237058 -0.187145
v 0.445806 -0.264021 -0.301759
v -0.249652 0.371206 0.293898
v -0.446913 0.210107 0.206929
v 0.234108 0.354168 -0.389771
v 0.109715 0.276805 -0.407482
v 0.372114 0.162369 -0.394983
v 0.0852306 0.459736 -0.347142
v 0.454794 0.376716 -0.0723207
v 0.163171 0.481427 0.17065
v -0.31505 0.467706 0.0335205
v -0.35221 0.478896 -0.0892132
v -0.362345 0.382518 0.132452
v 0.415431 0.425841 -0.163387
v 0.312134 0.423256 -0.295432
v 0.14811 0.527796 0.0717877
v 0.315429 0.441903 0.0874627
v 0.537177 0.255189 -0.148385
v 0.736584 0.102705 0.0588585
v 0.763714 -0.0538645 -0.0582047
v -0.0201238 0.535376 0.102749
v 0.540396 0.0816535 -0.26995
v -0.250787 0.538524 -0.176785
v 0.657342 -0.0864042 -0.160883
v -0.223067 0.513931 0.0417185
v -0.137911 0.437046 0.274863
v 0.0764197 0.149477 0.361436
v -0.476934 0.246679 -0.286089
v 0.0492979 0.344164 -0.403988
v -0.418653 0.396319 -0.00455762
v 0.359363 -0.0931995 0.330481
v -0.766919 -0.0403754 -0.0157937
v -0.528659 0.224725 0.000297411
v 0.261149 -0.286697 0.328225
v 0.567294 -0.173475 -0.10586
v -0.433191 -0.00268829 0.306275
v -0.544057 0.0161604 -0.275851
v -0.207145 0.239361 -0.406809
v 0.318014 -0.445787 -0.271638
v 0.285734 -0.00545966 -0.408388
v -0.136897 0.0900186 0.361963
v 0.429487 -0.347386 0.0616562
v 0.525547 -0.207968 0.0221344
v 0.329249 -0.472567 -0.0107228
v 0.0280216 0.281806 -0.408252
v -0.113977 -0.0852153 0.366088
v -0.223216 -0.313298 0.32819
v -0.443579 -0.327277 -0.269165
v -0.508527 -0.225103 0.0570028
v -0.529934 -0.273398 -0.167807
v 0.169692 -0.567578 -0.176526
v -0.121416 -0.448851 0.264006
v -0.353404 -0.297045 0.27273
v 0.113754 -0.545105 0.0475249
v -0.128992 -0.540552 -0.260832
v -0.269591 -0.385133 0.25588
v -0.30523 -0.503957 -0.198997
v -0.086173 -0.545691 0.0608037
v -0.315543 -0.481324 -0.00475423
v 0.223857 -0.150007 0.346436
v 0.213131 -0.165996 0.346328
v 0.239371 -0.186288 0.341861
v 0.288938 -0.177926 0.336499
v 0.298657 -0.158106 0.336652
v 0.266037 -0.20366 0.337304
v 0.20475 -0.183204 0.345693
v 0.197819 -0.201166 0.344692
v 0.223103 -0.226487 0.339865
v 0.454927 0.0189014 -0.357745
v 0.479231 0.0369086 -0.333081
v 0.483047 0.0187744 -0.330883
v 0.479793 -0.0299401 -0.333276
v -0.20678 -0.558581 -0.11712
v -0.214436 -0.548795 -0.0643883
v -0.241888 -0.541967 -0.0891564
v -0.181563 -0.558674 -0.197497
v -0.163729 -0.571421 -0.164369
v -0.166285 -0.572063 -0.145911
v -0.18129 -0.566969 -0.115979
v -0.223144 -0.552753 -0.149684
v -0.254275 -0.521334 -0.0221299
v -0.269939 -0.502832 0.0102189
v -0.286682 -0.502877 -0.0172246
v -0.314617 -0.493961 -0.0431625
v -0.320934 -0.501485 -0.0977446
v -0.309243 -0.506196 -0.0821433
v -0.334562 -0.487403 -0.0679237
v -0.294519 -0.447104 0.109464
v -0.335177 -0.449419 0.0427901
v -0.310182 -0.468927 0.037227
v -0.288786 -0.465617 0.0767689
v -0.367812 -0.462726 -0.0668613
v -0.341465 -0.485882 -0.0835202
v -0.343491 -0.471704 -0.0332912
v -0.342934 -0.458911 0.00527053
v -0.372178 -0.446107 -0.0221278
v -0.227019 -0.487331 0.102642
v -0.260577 -0.466273 0.111888
v -0.290913 -0.477572 0.0452943
v -0.251663 -0.494134 0.0577649
v -0.28451 -0.491861 0.0183643
v -0.239715 -0.517872 0.00996854
v -0.41846 -0.0340527 0.314274
v -0.219427 -0.509021 0.0581551
v 0.514149 -0.0407053 -0.303004
v 0.492503 -0.0198532 -0.323037
v 0.494591 0.0253149 -0.320813
v 0.487434 -0.0677127 -0.324084
v -0.172219 -0.530648 0.0474716
v -0.158965 -0.544345 0.0195603
v -0.141863 -0.545795 0.0290413
v -0.122027 -0.540459 0.0573495
v -0.135757 -0.526243 0.0861661
v -0.0858839 -0.569973 -0.014286
v -0.0647215 -0.563967 0.0149996
v -0.40268 -0.0447272 0.32085
v -0.091453 -0.552502 0.0394204
v -0.112971 -0.558157 0.0106404
v -0.0645353 -0.547436 0.0634954
v -0.043884 -0.558216 0.0379609
v -0.0206046 -0.549417 0.0660201
v -0.0227614 -0.541398 0.0868657
v -0.0892611 -0.52471 0.113928
v -0.0608166 -0.535317 0.09587
v -0.0311787 -0.526302 0.123901
v -0.0468343 -0.51299 0.153137
v -0.0696394 -0.512817 0.148559
v -0.109273 -0.552596 0.0300995
v -0.160915 -0.549892 0.000235831
v -0.129316 -0.563607 -0.0206729
v -0.0909482 -0.537439 0.0808771
v -0.0915641 -0.51179 0.143925
v -0.113685 -0.509076 0.140801
v -0.134149 -0.518693 0.106242
v 0.504153 -0.274755 -0.00709646
v 0.497123 -0.298941 -0.0297091
v 0.520545 -0.254255 -0.0281942
v 0.486483 -0.333698 -0.0752933
v 0.462871 -0.35883 -0.0502702
v 0.464558 -0.36262 -0.0683266
v 0.5243 -0.279155 -0.10854
v 0.505587 -0.312468 -0.108895
v -0.307579 -0.511455 -0.157525
v -0.278992 -0.523319 -0.180514
v -0.345019 -0.478291 -0.198582
v -0.359424 -0.476846 -0.155777
v -0.331039 -0.481443 -0.214023
v -0.37184 -0.45418 -0.206773
v -0.344113 -0.460646 -0.233441
v -0.268645 -0.516332 -0.217318
v -0.317288 -0.457861 -0.261187
v -0.299712 -0.489628 -0.234613
v 0.440019 -0.363444 -0.23727
v 0.457835 -0.365605 -0.202644
v 0.464135 -0.336055 -0.233943
v 0.439046 -0.332716 -0.26634
v 0.504009 -0.30969 -0.180839
v 0.498431 -0.325762 -0.148597
v -0.390634 -0.411404 0.024645
v -0.393917 -0.392479 0.0570647
v -0.42035 -0.377131 0.0318755
v -0.42596 -0.38614 -0.000527507
v -0.449516 -0.382052 -0.0605988
v -0.425614 -0.400001 -0.0333397
v -0.450047 -0.369331 -0.0269336
v -0.404144 -0.362107 0.0930113
v -0.407518 -0.376909 0.0597912
v -0.380765 -0.389197 0.088247
v -0.38105 -0.369609 0.122585
v -0.479664 -0.331894 -0.0316359
v -0.472718 -0.351024 -0.0559879
v -0.454391 -0.350106 0.00295188
v -0.421106 -0.358919 0.0643382
v -0.404151 -0.342389 0.125627
v -0.446402 -0.344083 0.0345733
v -0.472586 -0.323378 0.00617618
v -0.334466 -0.382304 0.176588
v -0.309167 -0.387324 0.203701
v -0.293477 -0.381053 0.234905
v -0.294129 -0.362388 0.262646
v -0.324771 -0.360402 0.226837
v -0.233977 -0.417524 0.238216
v -0.240393 -0.39031 0.276722
v -0.244215 -0.399935 0.258574
v -0.276707 -0.392461 0.236106
v -0.304444 -0.407533 0.173978
v -0.275733 -0.404536 0.216072
v 0.0756828 0.0352511 0.518797
v 0.0673213 0.0181233 0.520859
v 0.0390363 0.00497112 0.523249
v 0.0658326 -0.0198933 0.520624
v 0.107547 -0.0149954 0.490443
v -0.122876 -0.552753 -0.245205
v -0.094248 -0.565746 -0.232014
v -0.166236 -0.497396 -0.296143
v -0.0683172 -0.549267 -0.263095
v -0.0907646 -0.549536 -0.258566
v -0.0842434 -0.528508 -0.284929
v -0.133724 -0.514185 -0.289011
v -0.116251 -0.521356 -0.285994
v -0.101698 -0.500658 -0.308381
v -0.0485052 -0.542106 -0.274335
v -0.156941 -0.547704 -0.239296
v -0.134385 -0.565091 -0.21676
v 0.530842 -0.252643 -0.0674022
v -0.167647 -0.525238 -0.266577
v -0.193993 -0.544373 -0.224004
v -0.204316 -0.527201 -0.247486
v -0.458839 -0.0354254 0.276148
v -0.443003 0.0295291 0.296888
v 0.0209755 -0.551603 0.0595635
v 0.0203441 -0.561965 0.0294106
v 0.0593883 -0.560611 0.0252135
v 0.0804717 -0.548504 0.0534969
v 0.0676243 -0.537163 0.0878985
v 0.0973691 -0.558441 0.0159747
v 0.0334125 -0.57023 0.000849345
v -0.0368667 -0.519379 0.139752
v 0.0760923 -0.573685 -0.0265422
v 0.100838 -0.506988 0.148775
v 0.0565478 -0.527582 0.115179
v 0.106597 -0.533723 0.0818224
v 0.112492 -0.519886 0.113503
v 0.137969 -0.550022 0.0157937
v 0.302637 -0.193436 -0.402645
v 0.143956 -0.56612 -0.0468203
v 0.152098 -0.556427 -0.0171898
v 0.146271 -0.527374 0.074711
v 0.148333 -0.538095 0.0439648
v 0.179559 -0.541571 0.00553853
v 0.204626 -0.525321 0.0275543
v 0.181014 -0.519289 0.0675721
v 0.127207 -0.530182 0.0796745
v 0.179166 -0.508877 0.0953233
v 0.161125 -0.500417 0.129649
v 0.14188 -0.503426 0.135577
v -0.316339 0.0362486 0.34028
v -0.307348 0.0664515 0.340975
v -0.318285 0.083974 0.338811
v -0.353358 0.0793043 0.333236
v -0.366668 0.0323917 0.331469
v -0.332706 0.10058 0.335846
v -0.468665 -0.177691 -0.319266
v -0.287875 0.126313 0.341036
v -0.317113 0.135571 0.336261
v -0.383417 0.0595745 0.327126
v 0.357228 -0.42515 0.053676
v -0.411976 0.0840941 0.315277
v -0.427174 0.051526 0.30879
v 0.0191672 -0.590785 -0.0890944
v -0.019801 -0.589352 -0.0771401
v -0.0355108 -0.592269 -0.103365
v -0.0390687 -0.593393 -0.120635
v -0.00361477 -0.593825 -0.112847
v -0.0703665 -0.591402 -0.141095
v 0.0342513 -0.593395 -0.1255
v 0.00344211 -0.590804 -0.180865
v -0.00676436 -0.594313 -0.148385
v -0.0390135 -0.593322 -0.15612
v -0.0390354 -0.588057 -0.0739305
v -0.0561308 -0.586991 -0.0750429
v -0.0777518 -0.588397 -0.101698
v -0.0970382 -0.585284 -0.172407
v -0.0627532 -0.588791 -0.179394
v -0.407847 -0.435859 -0.159568
v -0.437138 -0.408503 -0.131201
v -0.412616 -0.432758 -0.128309
v -0.448357 -0.388324 -0.187232
v -0.434157 -0.408888 -0.167978
v -0.459836 -0.382015 -0.120994
v -0.4599 -0.381788 -0.154867
v -0.285197 -0.401263 -0.32701
v -0.289024 -0.445036 -0.292052
v -0.31909 -0.426414 -0.290186
v -0.299361 -0.42928 -0.299612
v -0.321519 -0.399867 -0.309223
v -0.337245 -0.41477 -0.288045
v -0.358473 -0.385473 -0.296228
v -0.33899 -0.366694 -0.321048
v -0.306826 -0.36898 -0.337275
v -0.262084 -0.435797 -0.313021
v -0.216292 0.422238 -0.341997
v -0.255713 0.4306 -0.319656
v -0.251552 0.402553 -0.34193
v -0.289375 0.382846 -0.337722
v -0.240814 0.472797 -0.291777
v -0.220702 0.438244 -0.328039
v 0.349056 -0.443836 0.0263634
v -0.38325 -0.303257 0.219824
v -0.407737 -0.289916 0.194498
v -0.381221 -0.276539 0.255884
v -0.333686 -0.285744 0.30196
v -0.374869 -0.270187 0.271983
v -0.36536 -0.247596 0.30033
v -0.395555 -0.234843 0.274602
v -0.394469 -0.264393 0.248036
v -0.33792 -0.308501 0.278909
v -0.32765 -0.339218 0.254197
v -0.293342 -0.310719 -0.387929
v -0.237261 0.496618 -0.268507
v -0.27646 0.475812 -0.269275
v -0.129985 -0.480022 0.197285
v -0.0855605 -0.47381 0.230612
v -0.083764 -0.463375 0.251902
v -0.113927 -0.457222 0.252252
v -0.145311 -0.466097 0.217842
v 0.0403881 -0.525373 -0.292683
v -0.174092 -0.417339 0.285656
v -0.137776 -0.428369 0.288056
v -0.167115 -0.437743 0.257179
v -0.207022 -0.412897 0.269958
v -0.203316 -0.43488 0.234787
v -0.132877 -0.406458 0.310744
v -0.117222 -0.432769 0.290141
v -0.0881548 -0.443881 0.282743
v -0.0456746 -0.444932 0.288175
v -0.153637 -0.449256 0.245388
v -0.210483 -0.4422 0.214242
v -0.2075 -0.460338 0.180601
v -0.168931 -0.471091 0.191116
v -0.343596 0.453792 -0.242796
v 0.0558707 -0.534449 -0.280983
v -0.309201 0.463916 -0.259997
v 0.0101178 -0.484714 0.219409
v 0.0680987 -0.471068 0.238523
v 0.0497311 -0.454147 0.277118
v -0.00936472 -0.446973 0.290023
v -4.54007e-05 -0.467561 0.256412
v 0.0851705 -0.452893 0.271015
v 0.0474788 -0.487998 0.206971
v 0.0816964 -0.440967 0.292086
v -0.381067 0.378728 -0.285119
v -0.412863 0.359004 -0.273877
v -0.393164 0.384827 -0.2702
v -0.426826 0.374226 -0.245785
v 0.133924 -0.579065 -0.11373
v 0.167099 -0.570844 -0.154406
v 0.186586 -0.565706 -0.131703
v -0.069915 -0.416816 0.312403
v 0.202031 -0.559555 -0.157564
v 0.219054 -0.55391 -0.148753
v 0.147682 -0.576127 -0.149683
v 0.110815 -0.584075 -0.11953
v 0.155615 -0.539049 -0.251554
v 0.180363 -0.544509 -0.23135
v 0.206911 -0.55208 -0.187835
v 0.198304 -0.541094 -0.226154
v 0.232462 -0.533503 -0.212189
v 0.247439 -0.538535 -0.172154
v -0.449115 -0.076813 0.282588
v -0.214095 -0.419833 -0.34507
v -0.245737 -0.411886 -0.338118
v -0.176728 -0.421692 -0.359348
v -0.259923 -0.385847 -0.351319
v -0.199935 -0.393763 -0.376546
v -0.560221 -0.00869093 0.255109
v -0.533754 -0.0342166 0.251412
v -0.513604 -0.304858 -0.154746
v -0.528202 -0.270928 -0.0861308
v -0.545589 -0.241241 -0.110891
v -0.515644 -0.288815 -0.194444
v -0.531131 -0.274209 -0.129447
v -0.500246 -0.327307 -0.1267
v -0.514617 -0.302162 -0.10977
v -0.545096 -0.24477 -0.153789
v -0.544675 -0.240553 -0.174335
v -0.557983 -0.208405 -0.171886
v -0.535688 -0.25244 -0.189625
v -0.607687 -0.0339587 0.248901
v -0.636046 -0.0237216 0.251006
v -0.486523 -0.275707 0.0477266
v -0.467221 -0.289016 0.074777
v -0.501572 -0.241843 0.0550159
v -0.507857 -0.251973 0.0247452
v -0.233494 0.463766 -0.302948
v -0.440423 0.400313 -0.172853
v 0.0865396 -0.534941 0.0873861
v -0.485344 -0.249235 0.084969
v -0.463051 -0.270528 0.109401
v -0.455774 -0.253832 0.14469
v -0.492632 -0.215768 0.104772
v -0.471377 -0.214807 0.15276
v -0.480778 -0.197839 0.147969
v -0.524974 -0.207372 0.0323454
v -0.530449 -0.24507 -0.0364891
v -0.513607 -0.263746 -0.00940282
v -0.495597 -0.172977 0.13488
v -0.507692 -0.186223 0.0967192
v -0.616641 -0.051079 0.238954
v -0.546855 -0.0497793 0.242507
v -0.393065 -0.404353 -0.252244
v -0.42911 -0.379793 -0.23762
v 0.585963 -0.150835 -0.107821
v -0.390952 -0.374591 -0.280301
v -0.43282 -0.354369 -0.258525
v -0.417777 -0.293166 -0.311954
v -0.414001 -0.327732 -0.294798
v -0.462092 -0.2537 -0.295656
v -0.4478 -0.293643 -0.287052
v -0.48221 -0.274481 -0.263723
v -0.468226 -0.309357 -0.255387
v -0.475439 -0.332201 -0.224632
v -0.494686 -0.298006 -0.228345
v -0.879392 0.0229848 0.171617
v -0.884754 0.0358216 0.138665
v -0.24292 -0.333917 0.32002
v -0.256356 -0.261042 0.332085
v -0.266432 -0.299369 0.324354
v -0.220291 -0.28357 0.333185
v -0.210613 -0.359581 0.316991
v -0.184518 -0.382577 0.312819
v -0.18338 -0.251485 0.340539
v -0.22093 -0.252333 0.336961
v -0.162847 -0.355328 0.326782
v -0.177191 -0.320802 0.3318
v -0.867957 0.0541146 0.0761416
v -0.887768 0.0195832 0.0805898
v 0.0605186 -0.547522 -0.26431
v 0.116587 -0.540881 -0.262147
v 0.104753 -0.517891 -0.291418
v 0.141253 -0.500579 -0.300103
v 0.0246037 -0.517212 -0.301954
v 0.0674873 -0.506712 -0.308447
v 0.258919 -0.0401134 0.347612
v 0.178446 -0.485044 -0.303577
v 0.144274 -0.472036 -0.323983
v 0.10665 -0.489579 -0.317622
v -0.527479 0.0553687 0.11952
v -0.54244 0.0484536 0.0848492
v -0.348659 -0.332004 -0.33651
v -0.375673 -0.309218 -0.331988
v -0.338469 -0.301795 -0.365906
v -0.361697 -0.28691 -0.355181
v -0.381753 -0.261948 -0.35431
v -0.390344 -0.245338 -0.356531
v -0.399741 -0.28118 -0.330352
v -0.421554 -0.242567 -0.332477
v -0.402158 -0.209028 -0.364835
v -0.581326 0.108784 -0.0761418
v -0.587136 0.0991997 -0.109193
v -0.585041 0.0674946 -0.0649886
v -0.564229 0.127881 -0.0176982
v -0.566434 0.149981 -0.0465252
v -0.107892 -0.189062 0.353911
v -0.0907377 -0.15591 0.359527
v -0.105028 -0.120598 0.36279
v -0.0754482 -0.0567939 0.378748
v -0.0832175 -0.0726025 0.373048
v 0.242813 0.45485 0.153966
v -0.090331 -0.104966 0.366756
v -0.141189 -0.0687493 0.363597
v -0.125699 -0.0320166 0.368803
v -0.150961 -0.051919 0.363177
v -0.132149 -0.0860147 0.363379
v 0.102885 -0.277594 -0.407786
v -0.198631 -0.0989901 0.353448
v -0.172415 -0.128015 0.354358
v -0.140099 -0.107061 0.36017
v -0.166217 -0.157575 0.352202
v -0.146475 -0.18785 0.350852
v -0.516746 0.0915941 0.133808
v -0.0258934 -0.212453 -0.410981
v -0.513561 0.113535 0.131884
v -0.525111 0.112944 0.104087
v -0.312577 -0.3285 -0.364791
v -0.32232 -0.283248 -0.388296
v -0.522962 0.128821 0.100386
v -0.197676 -0.555971 -0.187785
v -0.547797 0.130236 0.0330164
v 0.0552285 -0.568421 -0.233859
v 0.0189231 -0.569979 -0.235982
v -0.55734 0.0148059 0.0501279
v -0.551047 0.0165872 0.0672346
v -0.536272 0.0190987 0.104634
v 0.00583787 -0.276332 0.345594
v -0.0374195 -0.27199 0.346198
v -0.06383 -0.299667 0.341776
v -0.02806 -0.30984 0.340935
v -0.00829248 -0.313604 0.340368
v -0.22984 0.541696 -0.0575193
v 0.00976978 -0.341817 0.335786
v -0.0197459 -0.350248 0.334447
v 0.245178 0.445225 0.171223
v 0.0533245 -0.321362 0.338174
v 0.0333637 -0.310118 0.340352
v -0.079892 -0.348907 0.33379
v -0.0749692 -0.31574 0.339147
v -0.0528444 -0.342485 0.335589
v -0.072953 -0.382533 0.32696
v -0.0548483 -0.381591 0.327833
v -0.0578887 -0.320811 0.338868
v -0.0571721 -0.266533 0.346537
v -0.08144 -0.295188 0.34182
v -0.0758838 -0.483032 -0.327201
v -0.05819 -0.46205 -0.348366
v -0.0952167 -0.458567 -0.345964
v 0.0259512 -0.466039 -0.346887
v -0.0282019 -0.470003 -0.343225
v 0.0131783 -0.454951 -0.359297
v -0.211813 -0.435029 -0.333417
v -0.588481 0.0577404 -0.0811789
v -0.584291 0.0377385 -0.0491514
v -0.0931742 -0.404941 -0.391936
v -0.0760435 -0.408753 -0.391984
v -0.299351 -0.237832 -0.399788
v -0.280741 -0.205829 -0.403967
v -0.243867 -0.202914 -0.406505
v -0.216697 -0.236644 -0.406124
v -0.232949 -0.262438 -0.40357
v -0.209029 -0.0776147 -0.410923
v -0.156751 -0.0638025 -0.412137
v 0.468045 0.320888 -0.243306
v -0.112618 -0.151218 -0.411606
v -0.589743 -0.0150442 -0.0764514
v -0.178681 -0.155555 -0.410335
v 0.0338589 -0.225804 -0.410621
v 0.0430461 -0.263947 -0.409224
v -0.00187063 -0.293729 -0.408032
v -0.0647813 -0.289463 -0.407828
v -0.100586 -0.261272 -0.408529
v -0.0355603 -0.243929 -0.40998
v -0.226166 -0.304687 -0.400131
v -0.260756 -0.288277 -0.398637
v -0.195887 -0.275999 -0.404709
v -0.187887 -0.309793 -0.402482
v -0.189502 -0.210196 -0.408371
v -0.27019 -0.165605 -0.406625
v -0.27058 -0.120353 -0.407904
v -0.230557 -0.111029 -0.409731
v -0.14032 -0.360047 -0.399469
v -0.17855 -0.355935 -0.397519
v -0.154386 -0.293697 -0.40541
v -0.122028 -0.327735 -0.40404
v -0.0987868 -0.224641 -0.409875
v -0.0619884 -0.114419 -0.412717
v 0.0128779 -0.151085 -0.412373
v 0.0184457 -0.189269 -0.411604
v -0.113577 -0.293647 -0.406706
v -0.0319359 -0.313652 -0.406772
v -0.0497449 -0.342825 -0.404443
v 0.342513 -0.472834 -0.211049
v 0.37225 -0.455157 -0.198643
v 0.398259 -0.441644 -0.159673
v 0.400688 -0.424915 -0.207867
v 0.38036 -0.455992 -0.0968671
v 0.372684 -0.465334 -0.131875
v 0.266412 -0.490257 0.0454547
v 0.243932 -0.508239 0.0280268
v 0.262698 -0.511482 -0.00836022
v 0.291846 -0.499806 -0.0217732
v 0.305246 -0.480084 0.012214
v 0.138925 -0.315369 -0.404061
v 0.302093 -0.449574 0.0904308
v 0.290902 -0.46953 0.0614896
v -0.214849 0.257501 0.337466
v 0.331678 -0.452469 0.0367663
v 0.383911 -0.436304 -0.0294948
v 0.369836 -0.445383 -0.0213911
v 0.358189 -0.457656 -0.0304218
v 0.34322 -0.476001 -0.0546998
v 0.352756 -0.478152 -0.101967
v 0.326381 -0.484396 -0.042295
v 0.309096 -0.502276 -0.0703843
v 0.305459 -0.490441 -0.0177177
v 0.277011 -0.514972 -0.0456322
v 0.270722 -0.524621 -0.0736461
v 0.2989 -0.511579 -0.088045
v 0.340397 -0.4609 -0.000351959
v 0.37919 -0.427932 0.00397832
v 0.377969 -0.420429 0.0244058
v 0.342046 -0.433508 0.0622877
v -0.12201 0.560313 -0.00404196
v -0.551571 -0.101616 0.0408424
v -0.535585 -0.139358 0.062462
v -0.525755 -0.11998 0.0986229
v -0.826864 0.0614898 0.161358
v -0.3389 -0.215064 0.323976
v -0.322584 -0.222704 0.326528
v -0.337214 -0.170084 0.33004
v -0.390709 -0.171429 0.311868
v -0.37492 -0.184216 0.316711
v -0.367387 -0.155969 0.324702
v -0.262609 -0.0821151 0.346124
v -0.300608 -0.0869467 0.340793
v -0.326343 -0.129837 0.334845
v -0.285003 -0.122149 0.341135
v -0.454873 0.180296 -0.329469
v -0.298905 -0.159438 0.336736
v -0.30836 -0.195917 0.332213
v -0.270928 -0.191045 0.337731
v -0.344339 -0.134668 0.331594
v -0.834764 0.0602936 0.123284
v -0.55819 -0.171459 -0.0369416
v -0.572801 -0.151024 -0.0809529
v -0.571472 -0.133706 -0.0516993
v -0.570596 -0.120525 -0.0354337
v -0.568157 -0.17774 -0.105858
v -0.582731 -0.121726 -0.108564
v -0.579011 -0.140616 -0.114468
v 0.259172 -0.52249 -0.0395055
v -0.393721 -0.136378 -0.392664
v -0.388079 -0.165164 -0.39065
v -0.411871 -0.146276 -0.382508
v -0.376887 -0.193772 -0.389922
v -0.361037 -0.222705 -0.390759
v -0.433071 -0.116621 -0.370824
v -0.453292 -0.00385089 -0.362377
v 0.189133 -0.446579 0.222045
v 0.188059 -0.461758 0.192776
v 0.222669 -0.448253 0.189123
v 0.247127 -0.428412 0.202435
v 0.0765164 -0.54823 -0.260764
v 0.208512 -0.423111 0.24919
v 0.170534 -0.437877 0.252792
v 0.326011 -0.381383 0.18679
v 0.316279 -0.369962 0.219432
v 0.294868 -0.370575 0.24629
v 0.280475 -0.384762 0.240911
v 0.292712 -0.397026 0.205401
v 0.291535 -0.34923 0.278753
v 0.266002 -0.374701 0.271308
v 0.240993 -0.36869 0.298388
v 0.234583 -0.399655 0.264518
v 0.261798 -0.409709 0.220274
v 0.250981 -0.444251 0.167312
v -0.199382 -0.149377 0.349416
v 0.29615 -0.412541 0.173205
v -0.502734 -0.0134151 -0.316893
v -0.49145 -0.0257148 -0.326095
v -0.476724 0.00217731 -0.339058
v -0.501024 0.00693712 -0.318385
v -0.49753 0.0499305 -0.319054
v -0.565823 -0.097363 -0.232035
v -0.552267 -0.137181 -0.242101
v -0.54414 -0.170488 -0.240886
v -0.0611905 -0.0325133 0.396428
v -0.887908 -0.0216599 0.0849247
v -0.428596 -0.186974 0.261083
v -0.441031 -0.196182 0.230558
v -0.135301 -0.217832 -0.409455
v -0.442832 -0.149758 0.260875
v -0.420505 -0.160229 0.289921
v -0.449566 -0.11243 0.268617
v -0.432336 -0.124682 0.290861
v -0.57379 -0.0369405 -0.00468711
v -0.577145 -0.0516093 -0.0208223
v -0.183074 -0.456136 -0.326465
v -0.560396 -0.0393593 0.0372727
v -0.566437 -0.00643595 0.0234137
v -0.549624 -0.0179937 0.0705993
v -0.566753 -0.0650002 0.0111415
v -0.55478 -0.0809506 0.0411108
v -0.58249 -0.0179662 -0.0362319
v -0.577452 0.00186732 -0.0138779
v -0.57745 0.020643 -0.0155262
v -0.585137 0.0178982 -0.0491956
v 0.0420682 -0.431143 -0.381168
v -0.635798 -0.05565 -0.178805
v 0.406489 -0.380276 0.0498934
v 0.428572 -0.368751 0.023747
v 0.405255 -0.362009 0.0856311
v 0.451099 -0.338735 0.0274023
v 0.451942 -0.355879 -0.00922378
v 0.407447 -0.324227 0.14179
v 0.535837 0.25815 -0.128347
v 0.425079 -0.327027 0.1037
v 0.452951 -0.317799 0.0590538
v 0.472387 -0.306596 0.0299739
v 0.438149 -0.319696 0.0882449
v 0.461214 -0.2928 0.0775482
v 0.459481 -0.283975 0.0932463
v 0.383463 -0.352715 0.141679
v 0.0962139 -0.392314 0.321736
v 0.0789192 -0.385116 0.325019
v -0.133925 0.567546 -0.040614
v 0.0560753 -0.414253 0.316091
v 0.0883174 -0.426253 0.305823
v -0.84564 0.0524666 0.00924369
v 0.107746 -0.459046 -0.342744
v 0.0903549 -0.453997 -0.350958
v -0.334562 -0.0691879 -0.404726
v -0.37879 -0.0348112 -0.400219
v -0.3625 0.0241171 -0.40254
v -0.394178 -0.0011324 -0.39816
v -0.368215 -0.0707424 -0.400845
v -0.400587 0.0840295 -0.394679
v -0.400862 0.106063 -0.393062
v 0.00784408 0.469011 0.253166
v -0.400139 0.0385148 -0.396324
v -0.370371 0.0628568 -0.401011
v -0.35324 0.0939611 -0.402371
v -0.353367 0.0743623 -0.402858
v -0.349848 0.0418351 -0.403752
v -0.442872 -0.197604 -0.332946
v -0.47008 -0.211923 -0.306772
v -0.075232 0.355305 0.332316
v -0.465726 -0.142595 -0.330849
v -0.489983 -0.155004 -0.30819
v -0.461527 -0.162643 -0.329147
v -0.507359 -0.178768 -0.284103
v 0.620877 -0.13702 -0.113976
v -0.491328 -0.185883 -0.29742
v -0.62253 -0.0489862 -0.147516
v -0.219332 0.159461 0.346935
v -0.235569 0.148613 0.345986
v -0.2438 0.107001 0.347643
v -0.214423 0.0809915 0.352447
v -0.17895 0.106368 0.355379
v -0.186278 0.143087 0.351734
v -0.144687 0.00165108 0.365695
v -0.134707 0.0212542 0.367433
v -0.135199 0.0437269 0.366105
v -0.170941 0.0267332 0.360318
v -0.0852897 0.0918105 0.369593
v -0.0725272 0.183022 0.356815
v -0.0796599 0.203705 0.353648
v -0.121395 0.200048 0.351557
v -0.127054 0.165738 0.354954
v -0.120405 0.127291 0.35974
v -0.0849637 0.142856 0.361359
v -0.205947 0.0479475 0.354696
v -0.182735 0.0717834 0.356757
v -0.252648 0.0681201 0.348211
v -0.266384 0.0307579 0.34724
v -0.0985343 0.103632 0.365603
v -0.0553302 0.0836941 0.37743
v -0.0455592 0.115827 0.36982
v -0.0469584 0.151236 0.362998
v -0.168256 0.0445314 0.36007
v -0.238632 0.00217387 0.351015
v -0.104897 0.0649764 0.370597
v -0.151486 0.132157 0.356198
v -0.141223 0.20325 0.349836
v -0.160715 0.206996 0.347962
v -0.201473 0.172359 0.347662
v 0.103212 -0.375568 -0.398827
v -0.00298199 -0.376368 -0.401003
v -0.00683085 -0.414959 -0.392276
v 0.0364147 -0.404125 -0.395135
v -0.593029 -0.0347779 -0.109394
v -0.606899 -0.0207967 -0.133493
v -0.600128 -0.00659023 -0.125826
v 0.09748 0.0425179 -0.413074
v 0.0823641 0.0764216 -0.412939
v 0.111493 0.106395 -0.412318
v 0.180274 0.0752711 -0.411499
v -0.301986 -0.00927085 -0.407709
v 0.172129 -0.0115425 -0.411998
v 0.378277 -0.0756613 -0.398897
v 0.338742 -0.0971712 -0.403322
v 0.302289 -0.0756523 -0.406783
v 0.308165 -0.0345031 -0.406822
v 0.346026 -0.0257125 -0.403963
v 0.376312 0.0300478 -0.400516
v 0.394603 -0.00902587 -0.397634
v 0.322259 0.00568495 -0.406065
v -0.310585 0.0220942 -0.407196
v 0.260354 0.0701441 -0.40914
v 0.244945 0.036623 -0.409932
v 0.141897 0.134385 -0.411471
v 0.0975403 0.350673 -0.402258
v 0.227036 0.134457 -0.409359
v 0.292581 0.0363117 -0.407897
v 0.264854 0.130347 -0.407835
v 0.303785 0.103786 -0.406308
v 0.333374 0.0710915 -0.404799
v 0.161711 -0.103444 -0.411697
v 0.133884 -0.0863872 -0.412301
v 0.121262 -0.0353131 -0.412784
v -0.342792 0.260395 -0.387003
v 0.238185 -0.0729159 -0.409881
v 0.269931 -0.0465858 -0.408838
v 0.300684 -0.11603 -0.405995
v 0.261905 -0.135139 -0.407773
v 0.234592 -0.111079 -0.409465
v 0.262201 -0.49235 -0.258134
v 0.263253 -0.465318 -0.286273
v 0.293667 -0.469952 -0.262847
v 0.280918 -0.451514 -0.289281
v 0.246971 -0.478872 -0.281733
v 0.407204 -0.397464 -0.239888
v 0.351845 -0.434154 -0.256164
v 0.37033 -0.407635 -0.267333
v 0.394576 -0.378297 -0.272116
v 0.363408 -0.383637 -0.292173
v 0.336253 -0.414233 -0.287128
v 0.325892 -0.455989 -0.254547
v 0.296447 -0.433838 -0.29581
v 0.30657 -0.415865 -0.304249
v 0.406832 -0.100356 -0.391172
v 0.414996 -0.0618479 -0.390272
v 0.406449 -0.0263712 -0.39471
v 0.237702 -0.42459 -0.330247
v 0.258772 -0.394228 -0.343187
v 0.223663 -0.40154 -0.355099
v 0.200994 -0.432066 -0.338728
v 0.269767 -0.379758 -0.348538
v -0.276955 0.125692 -0.407688
v -0.294307 0.131504 -0.406483
v -0.301815 0.173066 -0.404345
v -0.274783 0.203381 -0.404941
v -0.23952 0.194234 -0.407306
v -0.233812 0.152517 -0.408827
v -0.263405 0.275131 -0.400623
v -0.248884 0.235841 -0.404819
v -0.286347 0.242267 -0.401336
v -0.292764 0.260702 -0.398787
v -0.114239 0.297621 -0.406414
v -0.0835496 0.278142 -0.408005
v -0.0891294 0.242574 -0.40947
v -0.133243 0.230733 -0.409182
v -0.161812 0.245144 -0.407947
v -0.150388 0.281716 -0.406417
v -0.158085 0.161538 -0.410773
v -0.164101 0.194113 -0.409711
v -0.181785 -0.432397 -0.346457
v -0.0488159 0.137792 -0.412448
v -0.0931591 0.112229 -0.412504
v -0.165662 0.353361 -0.398559
v -0.143603 0.321322 -0.403624
v -0.187947 0.272931 -0.405571
v -0.206138 0.305562 -0.402001
v -0.191755 0.174425 -0.409568
v -0.128018 0.092761 -0.412317
v -0.176888 0.061203 -0.411798
v -0.216627 0.102827 -0.410398
v -0.227206 0.270708 -0.403727
v -0.272638 0.294372 -0.397123
v -0.244196 0.30858 -0.398352
v -0.211546 0.333738 -0.397823
v 0.340969 -0.224367 -0.394146
v 0.370224 -0.20211 -0.389663
v -0.49464 -0.0799388 0.195456
v -0.514929 -0.0551997 0.201567
v -0.507909 -0.0623648 0.164318
v -0.523281 -0.0490176 0.130654
v 0.288985 -0.199678 -0.403503
v -0.447109 0.0939923 0.280128
v 0.337016 -0.19095 -0.398772
v 0.322023 -0.229349 -0.397367
v 0.367235 -0.159394 -0.396131
v 0.334895 -0.136575 -0.402241
v 0.371737 -0.118763 -0.397996
v -0.387258 -0.0350208 0.325888
v -0.479076 -0.111751 0.20817
v -0.501525 -0.0945971 0.167327
v -0.585129 -0.0592153 0.229666
v -0.503569 -0.110372 0.155922
v -0.390012 -0.018107 0.325399
v 0.0647883 0.269777 0.345436
v 0.0308135 0.296861 0.342361
v 0.0168327 0.260007 0.347861
v 0.0337357 0.248919 0.349171
v 0.128429 0.246751 0.3455
v 0.169833 -0.0874037 -0.411735
v 0.101761 0.279876 0.342621
v 0.097715 0.261168 0.345343
v -0.527427 -0.0131787 -0.293707
v -0.551037 -0.0342763 -0.265526
v -0.536769 0.0875279 -0.276196
v -0.520078 0.0682058 -0.296794
v 0.367238 -0.0603409 -0.401074
v -0.559483 0.0312194 -0.25433
v -0.570874 0.0237797 -0.240356
v -0.54245 0.0485652 -0.275311
v -0.522952 0.0267045 -0.297816
v 0.187345 0.196707 0.346201
v 0.212736 0.240934 0.339056
v 0.173645 0.252075 0.341475
v 0.158132 0.221972 0.34625
v -0.0219739 -0.135239 0.367413
v -0.00997414 -0.148852 0.36497
v 0.000323068 -0.514819 0.152388
v 0.0977435 -0.111035 0.364612
v 0.0387417 -0.121057 0.368801
v 0.0622178 -0.123175 0.366376
v 0.0878875 -0.14281 0.360904
v 0.0423121 -0.151516 0.362876
v 0.0263017 -0.195652 0.356605
v 0.0520832 -0.219816 0.352292
v 0.0300898 -0.13942 0.365694
v 0.0646858 -0.177444 0.357522
v 0.0919838 -0.208487 0.351855
v 0.129156 -0.202766 0.350118
v 0.147545 -0.165297 0.352689
v -0.069601 0.243904 0.348883
v -0.0408735 0.221106 0.352929
v -0.0268394 0.254754 0.348556
v -0.0299046 0.282006 0.34466
v -0.000685882 0.231923 0.351909
v -0.0425221 0.186064 0.357858
v -0.00870963 0.163397 0.362224
v 0.211827 -0.388748 -0.377244
v 0.214278 0.134369 0.348607
v 0.248227 0.148484 0.343567
v 0.215305 0.169421 0.345757
v 0.182896 0.159806 0.350042
v 0.257344 0.187321 0.339488
v 0.283317 0.155845 0.338756
v 0.306712 0.182877 0.333436
v 0.23905 -0.334007 -0.393294
v 0.204436 -0.344773 -0.396131
v 0.270872 -0.320086 -0.390956
v 0.251849 -0.29365 -0.399053
v 0.293558 -0.289273 -0.392982
v -0.159372 0.548398 0.00564603
v 0.11811 0.0380139 -0.412847
v 0.258648 -0.248367 -0.402825
v 0.228326 -0.261688 -0.403806
v 0.210821 -0.303017 -0.401373
v 0.189254 -0.334575 -0.399244
v 0.158785 -0.313717 -0.40332
v 0.159174 -0.282143 -0.405801
v -0.491837 -0.25902 -0.262389
v 0.288875 -0.247964 -0.399936
v 0.238762 -0.375147 -0.373754
v -0.595241 -0.0588667 -0.134558
v 0.169128 -0.381622 -0.39201
v 0.197198 -0.362469 -0.393627
v 0.168732 -0.345911 -0.399308
v -0.582851 -0.117384 -0.172436
v -0.582015 -0.059077 -0.219004
v -0.602545 -0.0645037 -0.183245
v -0.576534 -0.136359 -0.183268
v -0.582135 -0.0908401 -0.199785
v -0.570794 -0.125676 -0.209946
v -0.00307695 -0.000266288 0.524292
v -0.00127581 0.0176151 0.524084
v 0.0255177 -0.0275384 0.523321
v -0.183089 -0.0996144 -0.411312
v 0.0295969 0.0220791 0.523373
v -0.456694 -0.0967794 -0.348878
v -0.455155 -0.115122 -0.346447
v -0.457172 -0.0588781 -0.354384
v -0.477716 -0.0656611 -0.334454
v 0.0424668 0.0976054 0.499333
v 0.0736617 -0.526834 -0.287109
v 0.045188 0.058133 0.519606
v 0.348791 -0.480345 -0.175095
v 0.3825 -0.455424 -0.162402
v 0.317886 -0.495109 -0.19805
v -0.40197 -0.35856 -0.283513
v -0.568065 0.0567307 0.00936078
v -0.574109 0.0583018 -0.0127712
v -0.53514 0.0824949 0.0926068
v -0.550601 0.0702221 0.0566763
v -0.580695 0.0765292 -0.0481674
v -0.56852 0.0925093 -0.0094462
v -0.549929 0.101905 0.0440925
v -0.555546 0.0513241 0.0491366
v -0.559057 0.0813916 0.0275439
v -0.553238 0.113704 0.0276701
v 0.0237201 -0.0904357 0.3788
v 0.177747 -0.121375 0.353885
v 0.162567 -0.0784899 0.359373
v -0.477741 -0.0512793 0.249835
v -0.570926 -0.0274588 0.252051
v -0.507188 -0.0493473 0.24375
v -0.465035 -0.0835791 0.250148
v -0.010759 -0.0966608 0.377633
v -0.0413366 -0.108695 0.372147
v -0.45761 -0.0153171 0.279601
v -0.340279 0.0147678 0.336495
v -0.380975 0.0178982 0.328265
v -0.355302 -0.0569518 0.333045
v -0.403802 -0.0253314 0.320626
v -0.416621 -0.0750638 0.314112
v -0.440521 -0.0437183 0.298415
v -0.415156 0.0233982 0.316955
v 0.0354065 -0.23616 0.350611
v 0.0573321 -0.257554 0.347028
v 0.117982 -0.25891 0.344129
v 0.123192 -0.221625 0.348345
v 0.154698 -0.248475 0.343135
v 0.0877255 -0.268202 0.344415
v 0.109979 -0.296551 0.339637
v 0.145633 -0.286523 0.339031
v 0.167093 -0.193274 0.34818
v 0.19564 -0.130435 0.351084
v 0.442025 -0.394426 -0.0843545
v 0.441992 -0.398125 -0.103173
v 0.464724 -0.367406 -0.0872329
v 0.427706 -0.408394 -0.182056
v 0.431717 -0.410633 -0.149705
v 0.411686 -0.428984 -0.159136
v 0.441785 -0.400439 -0.122783
v 0.429928 -0.409518 -0.0922532
v 0.417471 -0.423544 -0.0996527
v 0.449041 -0.388837 -0.167955
v 0.427592 -0.39378 -0.215278
v 0.465192 -0.37069 -0.109365
v 0.484873 -0.34361 -0.105957
v 0.47197 -0.360209 -0.167855
v 0.483098 -0.333869 -0.199243
v 0.127947 -0.319458 0.335406
v 0.181258 -0.306497 0.333871
v 0.21566 -0.299694 0.331804
v 0.181198 -0.278277 0.337609
v 0.269152 -0.339144 0.305795
v 0.253991 -0.308444 0.324968
v 0.220184 -0.316978 0.328473
v 0.287374 -0.293628 0.320707
v 0.313826 -0.284186 0.313993
v 0.345985 -0.247904 0.311706
v 0.186559 -0.23615 0.342143
v 0.231728 -0.274404 0.333633
v 0.249698 -0.242807 0.335316
v 0.157682 -0.337014 0.330624
v 0.190649 -0.340182 0.327105
v 0.265301 -0.254011 0.332068
v 0.325587 -0.228012 0.32415
v 0.29636 -0.213402 0.332124
v -0.0747927 0.0455618 0.518137
v 0.041403 -0.460828 0.265771
v -0.515002 -0.00522763 0.156076
v -0.513238 -0.0227641 0.162723
v -0.561718 -0.000502229 0.189914
v -0.495684 -0.0941862 -0.31611
v -0.504411 -0.0538497 -0.313431
v -0.509569 -0.0863775 -0.305327
v -0.623448 0.00689718 -0.133234
v -0.603818 0.0386874 -0.1363
v -0.574752 0.00277772 -0.237877
v -0.681792 -0.0542609 -0.114793
v -0.656347 -0.0582788 -0.144659
v -0.49748 0.0958668 -0.313437
v -0.556393 0.0869518 -0.250299
v -0.544274 0.123514 -0.257756
v -0.571928 -0.0503618 -0.234932
v -0.563657 -0.00762434 -0.25056
v -0.576947 -0.0186798 -0.234831
v -0.570113 0.0597468 -0.234696
v -0.37206 0.111387 0.327688
v -0.347364 0.141537 0.330664
v -0.379883 0.182967 0.315585
v -0.382493 0.147753 0.320915
v -0.32346 0.207513 0.327957
v -0.352076 0.176655 0.326229
v -0.359389 0.20775 0.318491
v -0.325519 0.169822 0.332208
v -0.297231 0.160292 0.337353
v -0.282806 0.193414 0.336322
v -0.507651 0.195177 0.0879696
v -0.509126 0.22916 0.049766
v -0.526311 0.20186 0.0330299
v -0.547528 0.221747 -0.066944
v -0.546364 0.216403 -0.0512869
v -0.531927 0.240838 -0.0347526
v -0.514895 0.276184 -0.0354264
v -0.519843 0.232409 0.0168237
v -0.547807 0.161789 0.00852365
v -0.535538 0.166152 0.0405224
v -0.326628 -0.495498 -0.0820527
v -0.545406 0.201321 -0.0259224
v -0.496551 -0.269504 -0.248976
v -0.494494 0.229777 0.0852009
v -0.725956 0.0227938 -0.0559263
v -0.706055 -0.00377047 -0.0732252
v 0.553756 0.00385384 0.0501843
v 0.556721 -0.031014 0.0410341
v 0.580588 0.00371677 0.0211655
v -0.2505 -0.48656 0.0774324
v -0.775641 -0.0591663 -0.0722358
v 0.6169 -0.0661888 0.015862
v 0.595686 -0.101224 -0.0102572
v 0.599939 -0.0295183 0.0192136
v -0.688099 -0.0289924 -0.0929424
v -0.653531 -0.0310411 -0.120768
v -0.660543 -0.0161628 -0.111467
v -0.234063 -0.498771 0.067356
v -0.106602 -0.533747 0.0835639
v -0.549871 -0.052996 0.208106
v -0.517278 -0.0626606 0.218452
v -0.61458 -0.0578165 0.21137
v -0.680922 -0.00761246 0.186071
v -0.651012 -0.00314694 0.187712
v -0.712583 0.0129459 0.18398
v -0.620891 0.0274637 0.191282
v -0.482381 -0.010978 0.25853
v -0.505689 0.0293413 0.251776
v -0.44019 -0.0333455 -0.376897
v -0.450243 0.0337734 -0.365216
v -0.788676 -0.0608881 -0.0342875
v 0.532425 -0.263354 -0.109793
v -0.320747 -0.503109 -0.161557
v -0.698206 -0.0094544 -0.163731
v -0.695268 0.0338893 -0.159714
v -0.725249 0.00954005 -0.145986
v -0.737622 0.00160488 -0.137113
v -0.669322 0.0151722 -0.180992
v 0.671759 -0.129144 -0.0290565
v 0.663645 -0.135161 -0.0600596
v -0.535882 0.0408779 0.197071
v -0.512294 0.0237688 0.175325
v 0.65293 -0.129565 -0.109924
v -0.672297 0.0311757 0.191929
v -0.651957 0.0330777 0.192876
v 0.592306 -0.12938 -0.157334
v 0.578354 -0.152942 -0.138196
v 0.572842 -0.16044 -0.156124
v 0.568754 -0.151752 -0.189156
v -0.659836 -0.0549035 0.207183
v -0.59429 -0.0162725 0.190381
v -0.72534 0.03135 0.244035
v -0.697784 0.00620075 0.250509
v -0.684696 0.0445507 0.241372
v -0.532942 0.255543 -0.0681974
v -0.655015 0.00255269 0.25301
v 0.0736693 -0.0195445 0.387113
v -0.534985 -0.0134011 0.108128
v -0.529607 -0.027757 0.19111
v -0.504123 0.0593762 0.232406
v -0.545302 0.0557511 0.234766
v -0.472266 0.0538927 0.256401
v 0.486893 -0.306841 -0.228906
v 0.495643 -0.270908 -0.247054
v 0.467128 -0.301029 -0.260603
v 0.441317 -0.296342 -0.288532
v 0.474077 -0.260468 -0.278138
v 0.501979 -0.237466 -0.260986
v 0.480268 -0.222027 -0.291082
v 0.516169 -0.203944 -0.260675
v 0.335354 -0.317628 0.268899
v 0.348515 -0.316845 0.251644
v 0.363924 -0.29162 0.260209
v 0.376483 -0.258534 0.277761
v 0.411182 -0.258983 0.21931
v 0.390233 -0.271803 0.241461
v 0.38454 -0.287749 0.231689
v 0.364539 -0.320571 0.221546
v -0.329474 0.143934 -0.403014
v -0.335811 0.189223 -0.399483
v -0.311463 0.214903 -0.400724
v -0.330191 0.221718 -0.397377
v -0.352552 0.1652 -0.398671
v -0.366944 0.193199 -0.393
v -0.304335 0.304252 -0.387867
v -0.0292868 -0.0679046 0.387294
v -0.046227 -0.0476653 0.397594
v 0.0698899 0.249469 -0.409401
v 0.0901422 0.210374 -0.410438
v -0.229952 -0.550327 -0.13395
v -0.00492201 0.240071 -0.410074
v -0.0177886 0.270821 -0.408819
v 0.0135501 0.286625 -0.408071
v -0.0446957 0.25739 -0.409301
v -0.209493 -0.556341 -0.0999209
v -0.0164964 0.159591 -0.412175
v -0.126651 0.346875 -0.40168
v -0.107529 0.373494 -0.39882
v -0.238624 -0.546049 -0.117287
v -0.0779536 0.316536 -0.405763
v -0.0386372 0.334502 -0.404856
v -0.0625636 0.381432 -0.399084
v -0.0225337 0.365201 -0.401982
v -0.285479 0.311386 0.313771
v -0.246194 0.31114 0.324586
v -0.241995 0.35981 0.308139
v -0.263544 0.339162 0.309916
v -0.231319 0.345941 0.318679
v -0.188641 0.290242 0.335762
v -0.204874 0.318179 0.329885
v -0.197333 0.353816 0.323432
v 0.421915 -0.388234 -0.231968
v -0.168256 0.338115 0.330037
v -0.266533 0.277526 0.327536
v -0.247791 0.265746 0.3325
v -0.0709803 0.407866 -0.392471
v -0.101905 0.39032 -0.395671
v -0.186069 0.397023 -0.379692
v -0.147773 0.387512 -0.39245
v -0.142338 0.415087 -0.378711
v -0.67917 0.0435585 -0.108736
v -0.703326 0.0329327 -0.0818783
v -0.648456 0.0444011 -0.130212
v -0.714703 0.0611709 -0.11087
v -0.188195 0.409606 -0.367026
v -0.215017 0.365642 -0.389039
v -0.798583 -0.0159146 -0.0827687
v -0.773265 -0.00674036 -0.107289
v -0.810582 -0.0203774 -0.0689332
v -0.831995 -0.00987412 -0.0457668
v -0.805287 -0.0474258 -0.0572259
v -0.820305 -0.0414962 -0.0452714
v -0.843138 -0.0311498 -0.0225132
v -0.864213 -0.0103038 0.00454292
v -0.751173 -0.046014 0.23202
v -0.744219 -0.0587657 0.215558
v -0.849931 0.0086233 0.209997
v -0.458539 0.0786164 -0.349929
v -0.436309 0.0935805 -0.372765
v -0.470905 0.0663795 -0.340223
v -0.452843 0.116148 -0.347677
v -0.467589 0.107973 -0.336462
v -0.433396 0.156429 -0.356059
v -0.406155 0.114591 0.315052
v -0.461166 0.0989137 0.252935
v -0.471088 0.122654 0.221748
v -0.499754 0.12066 0.160369
v -0.48873 0.103978 0.192059
v -0.441531 0.18662 0.237457
v -0.459602 0.192542 0.197058
v -0.452865 0.15372 0.239646
v -0.465575 0.159646 0.210108
v -0.471087 0.182055 0.181813
v -0.491472 0.159169 0.154881
v -0.424166 0.135391 0.295224
v -0.40385 0.160091 0.30664
v -0.410762 0.172223 0.296013
v -0.447155 0.125174 0.267051
v 0.187027 -0.407703 -0.369085
v -0.368371 0.231606 -0.383812
v -0.32526 0.254858 -0.393889
v -0.346252 0.278467 -0.376239
v 0.325377 -0.326581 -0.353354
v 0.424366 -0.25112 -0.323847
v 0.393808 -0.274489 -0.33558
v 0.428621 -0.208554 -0.337292
v 0.400133 -0.20212 -0.36765
v 0.400531 -0.235542 -0.349674
v 0.414645 -0.200735 -0.35248
v 0.362476 -0.293033 -0.349009
v 0.34954 -0.327223 -0.336663
v 0.323524 -0.353868 -0.336359
v 0.302149 -0.356926 -0.347113
v 0.295772 -0.387981 -0.329463
v 0.268817 -0.351713 -0.373838
v 0.37259 -0.437764 -0.230009
v 0.342352 -0.455931 -0.239332
v 0.411269 -0.368506 -0.26518
v -0.581476 0.131214 -0.162414
v -0.570354 0.176474 -0.121949
v -0.571777 0.167282 -0.160952
v -0.558259 0.205426 -0.17158
v 0.494514 -0.316901 -0.197342
v -0.580697 0.138538 -0.124419
v -0.566425 0.115386 -0.224294
v -0.58229 0.104915 -0.185065
v -0.571631 0.141927 -0.195433
v -0.560304 0.176931 -0.200864
v 0.359773 -0.35305 -0.315037
v 0.384578 -0.316578 -0.319887
v 0.394527 -0.350452 -0.2925
v -0.591811 0.060528 -0.116152
v -0.605729 0.0519787 -0.147874
v -0.589849 0.0840367 -0.148473
v -0.662247 0.0601318 -0.153114
v -0.693723 0.0592423 -0.135231
v 0.289141 -0.503324 -0.218787
v 0.273084 -0.50596 -0.230005
v -0.589008 0.0482113 -0.215886
v -0.619657 0.0400296 -0.200777
v 0.228668 -0.465299 -0.302277
v 0.242885 -0.449993 -0.30889
v 0.272802 -0.422311 -0.316714
v 0.201544 -0.459982 -0.316781
v -0.0964631 -0.00588746 0.515362
v -0.0668979 0.0136601 0.521362
v -0.745813 0.0577814 0.222465
v -0.711211 0.056134 0.207638
v -0.698513 0.0529992 0.232445
v -0.0104897 -0.0402623 0.523081
v -0.0177929 -0.0781593 0.518301
v 0.0185264 -0.0902711 0.514612
v -0.428741 0.124492 -0.373143
v -0.266631 -0.367457 0.282969
v 0.0421547 0.127766 -0.412636
v 0.11523 0.190792 -0.410675
v 0.0509412 -0.0760419 -0.413181
v -0.00011395 -0.0378734 -0.413538
v -0.0132156 0.0121357 -0.413585
v 0.0523581 0.0461891 -0.413354
v -0.0191564 0.0731625 -0.413296
v -0.0636785 -0.0124894 -0.413415
v -0.129498 0.0194077 -0.41279
v 0.492813 -0.27226 0.0298526
v 0.514033 -0.242676 0.0118448
v 0.522853 -0.185342 0.053427
v 0.509605 -0.225471 0.0462646
v 0.528803 -0.211995 0.00721331
v -0.211768 -0.55705 -0.136323
v 0.294552 -0.154933 -0.405191
v 0.0569149 -0.0771048 0.377568
v 0.0854669 -0.0543859 0.375387
v 0.113825 -0.0297304 0.370775
v -0.25491 -0.390658 0.262857
v 0.121467 -0.0679447 0.366443
v 0.131726 -0.0386531 0.366671
v 0.150892 -0.0442162 0.363104
v 0.193002 -0.0496332 0.356512
v 0.192665 -0.0317458 0.356962
v 0.189875 -0.0114868 0.357639
v 0.0102105 -0.451143 0.284986
v -0.769521 -0.0138366 0.00464993
v 0.188586 0.244128 -0.406776
v 0.228785 0.233051 -0.405476
v 0.208733 0.202991 -0.407865
v 0.166757 0.217567 -0.408726
v 0.147382 0.255523 -0.407572
v 0.202 0.165814 -0.409368
v 0.235729 0.183754 -0.407481
v 0.281487 0.141153 -0.406623
v 0.47771 -0.192393 0.151581
v 0.494522 -0.161737 0.139176
v 0.439356 -0.205207 0.221483
v 0.454082 -0.20763 0.188356
v 0.462842 -0.19418 0.181723
v 0.478768 -0.157552 0.1761
v 0.460421 -0.259316 0.121169
v 0.459061 -0.225503 0.160687
v 0.448773 -0.239892 0.167331
v 0.28658 0.176678 -0.404838
v 0.260214 0.212658 -0.404788
v 0.31668 -0.159416 0.333825
v 0.3481 -0.123742 0.330756
v 0.309597 -0.139298 0.336335
v 0.380698 -0.139533 0.321074
v 0.401164 -0.0340513 0.322438
v 0.245064 -0.114348 0.346406
v 0.283092 -0.107517 0.341867
v 0.379916 -0.0964899 0.32538
v 0.258153 -0.0752339 0.346699
v 0.321122 -0.0982123 0.336786
v -0.18155 -0.567131 -0.137842
v 0.338058 -0.0567146 0.335653
v 0.147924 -0.244962 -0.408215
v -0.414381 0.0426716 0.31684
v 0.187075 -0.185358 -0.409295
v 0.220095 -0.195447 -0.407774
v 0.219109 -0.15633 -0.409044
v 0.00814093 -0.592971 -0.16255
v 0.127465 -0.123019 -0.411932
v -0.0675461 -0.0115004 0.393897
v -0.0597322 0.0235632 0.396383
v -0.405891 0.369611 0.0774465
v -0.411072 0.374355 0.0584077
v -0.423389 0.375177 0.0300562
v -0.248895 -0.540559 -0.103184
v -0.485062 0.333094 -0.0523131
v -0.463818 0.354624 -0.0308174
v -0.429408 0.392247 -0.022956
v -0.452239 0.381192 -0.0669486
v -0.414569 0.427381 -0.0913825
v -0.436712 0.404299 -0.0879421
v -0.417347 0.405272 -0.0241748
v -0.403902 0.428971 -0.0561808
v -0.391642 0.406002 0.0336633
v -0.391254 0.379722 0.087052
v -0.375483 0.390167 0.0963999
v -0.363063 0.415358 0.0691596
v -0.363106 0.464013 -0.0586477
v -0.393614 0.441988 -0.0704495
v 0.300968 -0.28012 0.320463
v -0.383575 0.44027 -0.034196
v -0.396666 0.418536 -0.00657423
v -0.359503 0.432038 0.0393895
v -0.344529 0.451642 0.0209316
v -0.356793 0.458156 -0.0227938
v -0.442337 0.368466 -0.00139265
v -0.484039 0.327496 -0.0339595
v -0.486818 0.308943 -0.0037024
v -0.465955 0.32593 0.0222139
v 0.0547641 0.0784014 0.463365
v -0.262348 0.412614 -0.329554
v -0.749202 -0.0266184 0.179167
v -0.807626 -0.0569803 0.169927
v -0.0445758 -0.0565073 0.436655
v 0.109748 -0.406508 -0.390322
v 0.0708514 -0.416522 -0.38817
v 0.14099 -0.368185 -0.397846
v -0.768891 0.0449147 -0.098701
v -0.786986 0.0584119 -0.0630224
v -0.783884 0.0396863 -0.089127
v 0.726442 0.0263944 -0.124939
v 0.00367406 -0.358395 -0.403179
v 0.0317124 -0.338246 -0.404909
v -0.0244804 -0.453058 0.280491
v 0.116139 -0.337768 -0.402889
v 0.062081 -0.320745 -0.405835
v 0.0958502 -0.310097 -0.405893
v -0.464288 0.256151 0.123409
v -0.461124 0.246183 0.141308
v -0.381214 0.319197 0.199035
v -0.403245 0.307466 0.1773
v -0.19009 -0.444277 0.228022
v -0.424252 0.265087 0.192952
v -0.44143 0.257111 0.168834
v -0.451855 0.229089 0.178542
v -0.434488 0.230384 0.211548
v -0.427835 0.284929 0.161576
v -0.443992 0.282663 0.132607
v -0.0526701 -0.0912193 0.511233
v -0.653422 0.0559036 0.217352
v -0.0636141 0.0124796 0.427767
v -0.274908 0.114061 0.343439
v -0.278663 0.046163 0.345391
v -0.200011 0.208693 0.344359
v -0.232198 0.220231 0.339839
v 0.0335041 -0.468596 0.251283
v -0.0191753 -0.463573 0.263484
v -0.77355 0.0537807 -0.0187536
v -0.789169 0.0478449 0.0156714
v -0.019467 0.0903781 0.378601
v -0.795647 0.0404072 0.161862
v -0.744175 0.0471819 0.188086
v -0.108425 0.233935 0.348338
v -0.0968055 0.268747 0.344437
v -0.139159 0.264492 0.342787
v -0.162657 0.240386 0.344119
v 0.109684 -0.583747 -0.152674
v -0.857096 -0.0508326 0.180263
v -0.827406 -0.0531846 0.200979
v -0.324114 -0.0585415 0.338392
v -0.317456 -0.0178529 0.340124
v -0.277829 -0.00830271 0.345838
v -0.252509 -0.038978 0.348804
v 0.120976 -0.582432 -0.133194
v -0.359861 -0.0124358 -0.402917
v -0.780318 -0.0171329 0.23769
v -0.637603 -0.0517906 0.237745
v -0.689847 -0.0563248 0.225706
v -0.363162 0.243961 0.304699
v -0.346369 0.31082 0.266875
v -0.391929 0.228116 0.28658
v -0.351171 0.281086 0.291789
v -0.38362 0.258305 0.27291
v -0.098583 0.0277123 0.37616
v 0.534515 -0.262263 -0.13804
v 0.538488 -0.247974 -0.171077
v 0.538308 -0.249219 -0.103499
v -0.150208 0.143817 -0.411284
v 0.547845 -0.219166 -0.0800462
v 0.550875 -0.224243 -0.133053
v 0.557383 -0.205659 -0.114437
v -0.00885606 0.0637073 0.424631
v 0.110113 0.000919135 0.487012
v 0.0900313 0.00796385 0.458179
v -0.0453787 0.0500902 0.430557
v -0.0574953 0.0867568 0.473366
v -0.0420187 0.067444 0.445117
v -0.0699887 0.0501529 0.450982
v -0.0850454 -0.00235281 0.450025
v -0.111025 -0.00971321 0.477404
v -0.103411 0.0239357 0.471238
v 0.101848 -0.583032 -0.172293
v -0.0207706 -0.0958275 0.464532
v 0.117969 -0.577949 -0.183979
v 0.369931 -0.245221 -0.373738
v -0.199411 -0.429327 -0.342552
v -0.478012 -0.126677 -0.324585
v -0.520161 -0.117954 -0.289077
v -0.538112 -0.0804641 -0.276778
v -0.542802 -0.0632674 -0.273617
v 0.114258 0.244797 -0.40888
v 0.060096 0.305243 -0.406665
v 0.0749361 0.319992 -0.405459
v 0.13502 0.296611 -0.405563
v 0.0720901 0.386214 -0.398246
v 0.05028 0.378872 -0.399931
v 0.0274139 0.380501 -0.399965
v 0.161655 0.321376 -0.402557
v 0.174722 0.282874 -0.405039
v 0.110225 0.330409 -0.403729
v 0.0778041 0.353348 -0.402531
v -0.170569 -0.412348 -0.372856
v 0.138732 0.356255 -0.399635
v -0.00272574 0.356627 -0.402993
v 0.0353062 0.336966 -0.404715
v -0.537323 -0.257375 -0.171969
v -0.441069 -0.146268 -0.352182
v -0.231797 0.357179 -0.388391
v -0.263521 0.336222 -0.388075
v -0.51787 0.159271 -0.279085
v -0.558906 -0.210491 -0.153776
v -0.525688 0.282554 -0.163369
v -0.512084 0.292398 -0.198992
v -0.528135 0.272368 -0.181109
v -0.51362 0.305823 -0.135529
v -0.49741 0.330212 -0.113266
v -0.503516 0.316896 -0.171647
v -0.149492 0.0943054 -0.411989
v -0.802706 -0.0285692 0.142897
v -0.804761 -0.0125527 0.115643
v -0.415239 0.139464 -0.381017
v -0.379799 0.146494 -0.395153
v -0.434616 0.0563983 -0.379227
v 0.434067 -0.113611 0.287387
v 0.450335 -0.141992 0.245901
v 0.465811 -0.108361 0.232385
v 0.45644 -0.107561 0.251769
v -0.35391 0.111163 -0.401721
v 0.111801 0.0357946 0.37139
v 0.1322 0.0607317 0.365352
v 0.167255 0.0504741 0.3601
v -0.38753 -0.0733606 -0.397676
v -0.411749 -0.0469325 -0.393065
v -0.427112 -0.0216543 -0.38605
v -0.423581 -0.0811145 -0.386148
v 0.0661556 -0.00342698 0.397084
v 0.0576305 0.0344055 0.395829
v -0.206358 0.0270071 -0.411319
v -0.249903 -0.00480742 -0.410045
v -0.284068 0.0450555 -0.408469
v -0.287954 0.0888089 -0.407788
v -0.31823 0.0599618 -0.406317
v -0.271443 -0.0328518 -0.409114
v -0.30658 -0.0495612 -0.407119
v 0.0330966 -0.0551669 0.426351
v 0.035879 -0.0678556 0.443865
v 0.0148906 -0.092991 0.461476
v -0.0961535 -0.0534994 0.475768
v 0.126878 0.100149 0.362147
v 0.164976 0.0873675 0.358256
v 0.185655 0.0936359 0.355027
v 0.140044 0.114448 0.358957
v -0.505526 -0.16396 0.118896
v 0.201732 0.064889 0.354453
v 0.240918 0.0732235 0.348781
v 0.314616 0.148256 0.334937
v -0.292947 0.365735 0.259583
v -0.319891 0.351324 0.246746
v -0.335256 0.389077 0.163272
v -0.351739 0.361882 0.183109
v -0.336926 0.367059 0.1975
v -0.31077 0.379123 0.215052
v -0.30754 0.390475 0.20038
v -0.353541 0.343242 0.209198
v -0.335719 0.340091 0.24113
v -0.24772 0.410915 0.236189
v -0.281872 0.388763 0.235923
v -0.273933 0.412631 0.204025
v 0.457741 0.15302 0.2252
v -0.302238 0.409472 0.174157
v 0.405149 0.110605 0.31334
v -0.491437 -0.0588999 0.237884
v 0.368276 0.148545 0.324615
v 0.351991 0.136246 0.329604
v -0.478151 0.180862 -0.310526
v -0.500424 0.181654 -0.29001
v -0.486692 0.21688 -0.289937
v -0.508862 0.244736 -0.250866
v -0.516584 0.203593 -0.263598
v -0.455928 0.230054 -0.311499
v -0.444795 0.268592 -0.303415
v -0.410025 0.29146 -0.318111
v -0.43054 0.305303 -0.295385
v -0.496706 0.258588 -0.257965
v -0.422139 0.323691 -0.290776
v -0.451213 0.283634 -0.290261
v -0.482392 0.274264 -0.264895
v -0.480864 0.310786 -0.238546
v -0.46889 0.325064 -0.241771
v -0.44173 0.343552 -0.257675
v -0.502083 0.215865 -0.274565
v -0.505039 0.161875 -0.291767
v -0.530107 0.158661 -0.264754
v 0.381435 -0.211172 0.304333
v 0.377013 -0.179461 0.315821
v 0.396062 -0.207605 0.292196
v 0.407568 -0.158672 0.301831
v 0.14757 -0.456669 -0.335474
v 0.154519 -0.426928 -0.360786
v 0.0610531 0.0228881 0.429339
v 0.142142 -0.404951 -0.386144
v 0.0484295 0.0524796 0.390635
v -0.225955 -0.330404 0.323849
v 0.537795 -0.00692852 0.092333
v 0.228556 -0.290114 0.3319
v 0.540458 -0.124797 0.0516635
v 0.550196 -0.0928844 0.0395047
v 0.479796 -0.0382405 0.225941
v 0.475398 -0.0119046 0.238391
v 0.493773 -0.0386931 0.195372
v 0.484631 -0.0671905 0.208757
v 0.526449 -0.0261672 0.119665
v 0.520169 0.00216798 0.135976
v 0.505725 0.0060216 0.170499
v 0.512409 -0.0237595 0.153709
v 0.511227 -0.157465 -0.28426
v 0.485353 -0.14225 -0.312846
v 0.533778 -0.135144 -0.264472
v 0.513446 -0.114268 -0.29352
v 0.498693 -0.108986 -0.308588
v 0.517576 -0.0791778 -0.295732
v -0.783574 0.0166886 0.0317383
v 0.0942104 -0.334947 0.334584
v 0.0765531 -0.347311 0.333175
v 0.125857 -0.351132 0.330199
v 0.10946 -0.362947 0.328821
v 0.0474652 -0.367813 0.33037
v 0.141141 -0.381322 0.32148
v 0.175506 -0.367309 0.321327
v 0.207545 -0.364821 0.315332
v -0.149986 -0.254737 -0.407833
v -0.830465 -0.0574682 0.137926
v -0.846809 -0.0632071 0.0913218
v -0.828306 -0.0096412 0.222932
v -0.802968 0.0169225 0.231303
v 0.566983 -0.168852 -0.0876291
v -0.315694 0.314086 -0.375948
v -0.340092 0.316163 -0.35285
v -0.25923 0.37154 -0.364106
v -0.32151 0.356445 -0.337698
v -0.115909 -0.21307 -0.409959
v 0.592108 -0.127206 -0.038971
v 0.548334 -0.16658 -0.00653531
v 0.55168 -0.180931 -0.0356256
v 0.560148 -0.139528 -0.0192377
v 0.563085 -0.158866 -0.0531247
v 0.55241 -0.123259 0.0153694
v 0.566012 -0.122358 -0.0156784
v 0.56633 -0.0901462 0.00483935
v 0.499813 -0.126199 0.150061
v -0.159516 -0.240317 -0.408156
v 0.516214 -0.0928594 0.128353
v 0.508114 -0.0940034 0.146766
v 0.547284 -0.0685192 0.057381
v 0.533061 -0.078404 0.0920773
v 0.500092 -0.0927456 0.165668
v 0.504242 -0.0599186 0.166906
v 0.505529 -0.0259478 0.169792
v 0.518405 -0.0582897 0.133594
v 0.523293 -0.119169 0.0997032
v 0.510945 -0.15701 0.105591
v 0.529586 -0.147282 0.0665189
v 0.404571 -0.399959 0.0134005
v 0.417626 -0.399442 -0.0170507
v -0.179441 -0.340183 0.328
v 0.4395 -0.379055 -0.0269453
v 0.441002 -0.390805 -0.065715
v 0.422299 -0.401705 -0.0360843
v 0.416888 -0.420338 -0.0804623
v 0.475908 -0.330268 -0.0249477
v 0.484657 -0.302315 0.00367373
v 0.249524 0.112729 0.345738
v 0.317694 0.108951 0.336779
v 0.372213 0.0326392 0.330246
v 0.378119 0.0747791 0.327159
v 0.34263 0.0551599 0.334985
v 0.323036 0.0535703 0.338035
v 0.404406 0.0550708 0.320447
v 0.41435 0.0695911 0.314463
v 0.368168 0.103972 0.327878
v 0.340232 0.0872653 0.334287
v 0.252291 0.0420384 0.348204
v 0.293861 0.0348244 0.342651
v 0.276679 0.0774219 0.343789
v 0.342062 -0.344875 0.221591
v 0.377216 -0.324705 0.194964
v 0.383473 -0.328975 0.178051
v 0.359426 -0.361182 0.168982
v 0.440507 -0.26995 0.149799
v 0.417825 -0.2951 0.16259
v 0.0541678 0.0427618 0.435568
v 0.0283107 0.0532151 0.418652
v 0.0226898 0.0728521 0.444456
v 0.472767 -0.285135 0.0615869
v 0.478635 -0.252167 0.0901745
v 0.0914711 -0.056358 0.478716
v 0.0998094 -0.0426037 0.481057
v 0.0835818 -0.0224116 0.454348
v 0.0236738 -0.108358 0.489334
v 0.345054 0.486495 -0.143286
v 0.323697 0.500364 -0.121791
v 0.316691 0.5022 -0.172629
v 0.298738 0.515826 -0.14555
v 0.337982 0.480896 -0.0598244
v 0.348635 0.477415 -0.0769998
v -0.159501 0.111099 -0.411627
v 0.318804 0.498996 -0.0844127
v 0.355613 0.468416 -0.0606966
v 0.230303 -0.0370688 -0.410404
v 0.38911 0.449243 -0.0991647
v 0.00748564 0.108244 0.476901
v 0.0233952 0.100029 0.470262
v -0.389214 0.271009 -0.34246
v 0.276646 0.00872628 -0.408886
v -0.062882 -0.0353623 0.520928
v -0.0478973 -0.0520862 0.521031
v -0.0591283 -0.00239227 0.522324
v 0.262402 0.0129321 -0.409423
v 0.23011 -0.00755071 -0.410487
v -0.22273 0.389679 -0.368988
v -0.814329 -0.0421589 0.113768
v -0.80204 -0.0118012 0.0827851
v -0.373293 0.306034 -0.335196
v -0.352822 0.339334 -0.329414
v -0.353543 0.366515 -0.312534
v -0.85196 -0.024709 0.205746
v -0.879088 -0.0179591 0.175703
v 0.0731864 -0.434168 -0.375609
v 0.102653 -0.433898 -0.370801
v -0.399097 0.225413 -0.358968
v 0.588693 -0.141956 -0.0707139
v 0.627584 -0.135991 -0.0584226
v 0.624433 -0.138721 -0.0936059
v 0.605071 -0.138001 -0.125938
v 0.621145 -0.130717 -0.132589
v 0.574702 -0.160584 -0.119979
v -0.0326253 -0.436333 -0.38041
v 0.578402 -0.0615039 0.0117289
v 0.916171 -0.0319718 0.292582
v 0.883619 -0.0323376 0.298722
v -0.107835 0.0317966 0.502908
v -0.0918418 0.0643983 0.502855
v -0.0785651 0.0731838 0.504571
v -0.0477344 0.0918712 0.505491
v -0.0279905 0.0619336 0.520645
v -0.0359971 0.0419443 0.522471
v -0.0224489 0.111412 0.497693
v -0.0150328 0.100371 0.511584
v 0.0449883 0.0872725 0.376783
v 0.0140387 0.105169 0.374309
v 0.0484565 0.122081 0.368467
v 0.021997 0.136232 0.366927
v -0.0145717 0.128826 0.368672
v 0.0324795 0.151171 0.36371
v -0.215219 0.223607 -0.407237
v 0.0783236 0.10865 0.367857
v 0.029288 0.209943 0.354697
v 0.0760259 0.192526 0.355522
v 0.0858492 0.223576 0.350917
v 0.0930041 0.190206 0.354905
v 0.136852 0.194464 0.351099
v 0.147622 0.153208 0.354292
v 0.109162 0.127627 0.3611
v 0.176843 0.124218 0.3537
v 0.052058 0.180855 0.358192
v 0.116337 0.164415 0.356211
v -0.588931 -0.0477821 -0.0778447
v -0.583211 -0.0809146 -0.0617605
v -0.591217 -0.00063068 -0.0868358
v 0.411033 -0.130658 -0.384237
v -0.538201 -0.0442628 0.0958812
v -0.542628 -0.0144533 0.0892057
v -0.54731 -0.0588866 0.0685896
v -0.5318 -0.0797205 0.101638
v -0.198595 0.224115 -0.407792
v -0.875587 0.0309074 0.0452306
v -0.56731 0.0227534 0.019595
v -0.211541 -0.340355 0.32298
v -0.869595 -0.0494261 0.0662224
v -0.148299 -0.443058 -0.347523
v -0.843255 0.0620274 0.170568
v -0.882181 -0.0375554 0.140502
v -0.881729 0.00253731 0.173937
v -0.892703 -0.0047642 0.111157
v -0.890073 0.0175948 0.137112
v 0.913397 0.0304589 0.270626
v -0.289816 0.414296 -0.315715
v -0.194485 -0.328862 0.328075
v -0.321071 0.39406 -0.313249
v -0.326132 0.431072 -0.281159
v -0.374763 0.411246 -0.261957
v -0.505391 0.074199 0.165062
v 0.0477375 -0.058699 0.519571
v 0.0587202 -0.0890651 0.503978
v 0.103197 -0.0195876 0.507397
v 0.0854899 -0.0562029 0.508528
v -0.874007 -0.0525284 0.107741
v 0.439758 -0.117789 -0.35779
v -0.570756 0.156058 -0.0746792
v 0.470068 -0.106668 -0.33287
v 0.442124 -0.065384 -0.36811
v 0.463102 -0.0508027 -0.34641
v 0.434901 -0.0260791 -0.380905
v -0.863161 -0.0584461 0.124664
v -0.166382 0.465635 0.203739
v -0.179087 0.447451 0.230903
v -0.142442 0.455566 0.239349
v -0.10443 0.472729 0.224511
v -0.125881 0.472235 0.215262
v -0.106223 0.45329 0.261609
v -0.111126 0.428641 0.295654
v -0.0705768 0.463895 0.254366
v -0.191742 0.419215 0.271237
v -0.163426 0.414747 0.293209
v -0.481532 -0.148074 0.182561
v -0.470243 -0.1405 0.211062
v -0.46425 -0.171647 0.203247
v -0.463136 -0.122887 0.235461
v -0.816599 0.0459068 0.105251
v -0.802999 0.0270008 0.076538
v -0.439461 -0.0921151 0.292257
v -0.866752 0.0333789 0.184563
v -0.403392 -0.133336 0.313849
v 0.373752 -0.259588 -0.362419
v -0.397072 -0.102789 0.320419
v 0.644587 -0.0775151 0.0227412
v 0.630448 -0.0978473 0.0022074
v 0.663387 -0.098201 0.0176241
v 0.664506 -0.0580607 0.0443449
v 0.194096 0.55688 -0.189985
v 0.188858 0.564124 -0.15932
v 0.205646 0.558944 -0.121735
v 0.151292 0.56949 -0.0706732
v 0.165322 0.569965 -0.0979264
v 0.194747 0.557856 -0.0789133
v 0.170735 0.5583 -0.0439366
v 0.077643 0.0456812 0.457589
v 0.0816754 0.0695804 0.482744
v 0.104695 0.0293286 0.480812
v -0.0966177 0.360919 0.330472
v -0.0953149 0.328768 0.336
v -0.0654145 0.373735 0.328986
v 0.000821852 0.342533 0.335607
v -0.0373102 0.310992 0.3403
v -0.0444043 0.426448 0.308499
v -0.0247367 0.379201 0.328511
v -0.0406423 0.343072 0.335248
v -0.0756306 0.302152 0.340658
v -0.512597 0.00806106 0.167931
v -0.0783126 0.418704 0.311805
v -0.458353 0.376192 -0.185176
v -0.436302 0.40861 -0.154457
v -0.433412 0.395033 -0.20788
v -0.389729 0.447368 -0.186213
v -0.390799 0.439993 -0.203074
v -0.413644 0.429564 -0.169829
v -0.420838 0.410502 -0.20461
v -0.165392 0.0798538 -0.411868
v -0.554394 -0.198079 -0.20121
v -0.83982 0.0621822 0.0579203
v 0.321795 0.0893488 0.337006
v 0.445324 0.0168642 0.291627
v 0.442417 0.0552244 0.291136
v 0.491637 0.0321825 0.201083
v 0.46428 0.069117 0.251478
v 0.420108 0.0320261 0.313229
v 0.413156 -0.00049295 0.317719
v 0.441844 -0.0194279 0.295956
v 0.456741 -0.0434289 0.271005
v 0.463643 0.0317246 0.260159
v 0.480131 0.00322664 0.228581
v -0.545114 -0.107363 -0.261836
v -0.34163 0.16279 0.329961
v 0.102664 0.0160839 0.509865
v -0.494139 -0.219703 -0.280876
v -0.520222 -0.199599 -0.259999
v -0.337337 -0.286253 -0.37902
v -0.0930224 0.427694 -0.3796
v -0.170367 0.429966 -0.353147
v -0.137308 0.442807 -0.352153
v -0.133586 0.476517 -0.323324
v -0.119425 0.448626 -0.351044
v -0.0843575 0.467043 -0.340021
v -0.0644513 0.474387 -0.336619
v 0.537871 -0.0500746 -0.277072
v 0.541692 -0.0935338 -0.2645
v 0.696127 -0.113233 0.0158385
v 0.715199 -0.10117 0.0492658
v 0.731642 -0.113073 0.0137193
v -0.168609 -0.0825806 -0.411776
v -0.858987 0.0608513 0.0913101
v -0.878531 0.0470685 0.111727
v 0.351372 -0.347194 0.203625
v 0.321474 -0.343149 0.253322
v 0.302746 -0.427016 0.136415
v 0.31802 -0.418917 0.130469
v 0.336775 -0.388578 0.158574
v 0.356083 -0.38485 0.133789
v 0.356514 -0.404172 0.0975874
v 0.381418 -0.394043 0.0725022
v 0.728861 -0.116848 -0.0201644
v 0.718135 -0.120523 -0.0375977
v -0.186312 -0.138696 -0.410536
v 0.75636 -0.0986258 -0.00221522
v -0.147428 -0.0789106 -0.41215
v 0.543535 0.0224749 0.0761901
v 0.56273 0.0383648 0.0292756
v 0.546916 0.0391931 0.0647535
v 0.524525 0.12713 0.0899405
v 0.515845 0.110717 0.119563
v 0.532015 0.083369 0.0907746
v 0.549493 0.067178 0.0519122
v 0.546352 0.135933 0.0253308
v 0.537537 0.11045 0.0651413
v 0.555141 0.105011 0.0210419
v 0.581187 0.109059 -0.0150011
v 0.569793 0.0753203 0.0120472
v 0.57552 0.0423199 0.0171077
v 0.518617 0.0730782 0.127535
v 0.531744 0.0481067 0.101805
v -0.257286 0.459589 0.132031
v -0.237576 0.468824 0.134335
v -0.228928 0.486696 0.103519
v -0.242921 0.494129 0.0702346
v -0.261622 0.485679 0.0678242
v -0.206977 0.505893 0.0793084
v -0.218691 0.477543 0.134813
v -0.185418 0.487137 0.143028
v -0.185938 0.502161 0.107508
v -0.298416 0.478139 0.0342395
v -0.27995 0.476359 0.0657257
v -0.241981 0.506 0.0408733
v -0.274172 0.504068 0.000980795
v -0.171718 0.510507 0.0987513
v -0.162867 0.523241 0.0734225
v -0.173176 0.530894 0.0447197
v -0.177208 0.546729 -0.00567577
v -0.179075 0.551729 -0.0249269
v -0.211646 0.541239 -0.0275127
v -0.237085 0.518049 0.0131336
v -0.239971 0.528257 -0.0224689
v -0.268401 0.516781 -0.0300623
v -0.281089 0.506303 -0.0172833
v 0.128189 -0.412604 0.307967
v 0.168343 -0.399893 0.305209
v 0.151558 -0.427164 0.283119
v -0.122702 0.05328 -0.412723
v 0.655905 -0.00623475 0.0492342
v 0.636389 0.0190286 0.0358282
v 0.66194 0.00818553 0.0541121
v 0.246524 0.534659 -0.192254
v 0.284411 0.515288 -0.195082
v 0.23835 0.544784 -0.161142
v 0.637282 -0.122192 -0.137886
v 0.66908 -0.109313 -0.131328
v 0.690466 -0.0796632 -0.141025
v 0.623877 -0.105547 -0.163771
v 0.64073 -0.0618842 -0.18197
v 0.362141 0.446944 -0.229333
v 0.365355 0.454664 -0.211734
v 0.342831 0.479641 -0.193812
v 0.335417 0.465504 -0.232815
v 0.589354 -0.103653 -0.189208
v -0.527374 0.214326 0.0165415
v 0.576626 -0.133772 -0.184634
v 0.583184 -0.0677556 -0.210995
v 0.560885 -0.0721022 -0.241243
v -0.0820998 -0.0618195 0.512497
v -0.137714 0.493812 -0.307706
v -0.169108 0.488387 -0.304076
v -0.141276 0.509224 -0.292451
v -0.0920804 0.522462 -0.289598
v -0.128508 0.532122 -0.270846
v -0.1671 0.517528 -0.275969
v -0.153833 0.545553 -0.243384
v -0.0376528 -0.109209 0.492658
v -0.0182986 -0.11012 0.496999
v -0.243198 0.514177 -0.242304
v -0.267486 0.516957 -0.216484
v -0.249568 0.534311 -0.194908
v -0.213465 0.552764 -0.181727
v -0.283094 0.518849 -0.189139
v -0.167251 0.569444 -0.174975
v -0.197829 0.560064 -0.17401
v -0.183368 0.56785 -0.143645
v -0.227165 0.551928 -0.150401
v -0.229396 0.551594 -0.129592
v -0.315269 0.495414 -0.202527
v -0.339909 0.488257 -0.171567
v -0.270898 0.529823 -0.0979152
v -0.233938 0.548597 -0.110183
v -0.136612 -0.0626457 -0.412445
v -0.274477 0.530621 -0.134499
v -0.279119 0.527503 -0.153064
v -0.337143 0.493408 -0.130631
v -0.318482 0.503009 -0.098706
v -0.534231 0.209388 0.0017206
v -0.342917 -0.10787 -0.402754
v -0.326286 -0.13961 -0.40328
v -0.384851 -0.10293 -0.397164
v -0.362361 -0.14437 -0.398528
v -0.341436 -0.178002 -0.399379
v -0.134571 -0.0946627 -0.412187
v -0.402335 -0.107667 -0.392504
v 0.429893 0.0359541 -0.38343
v 0.423396 0.00921672 -0.388319
v 0.407706 0.0666269 -0.391812
v -0.107148 -0.0468895 -0.412943
v 0.0415427 0.372785 0.329609
v 0.0948532 0.399416 0.320268
v -0.129838 -0.114445 -0.41203
v 0.0734006 0.343954 0.334095
v 0.105597 0.364007 0.328991
v 0.694482 -0.0525018 0.0800074
v -0.148278 -0.109038 -0.411842
v 0.72096 -0.0809256 0.089487
v 0.714406 -0.0488219 0.116485
v 0.0281278 0.0929525 -0.413139
v 0.707697 0.0165084 0.11525
v 0.716646 -0.0146848 0.13768
v 0.827936 0.0442487 0.285949
v 0.828687 0.0268184 0.300022
v 0.0757766 0.0909991 -0.412843
v 0.51891 0.0471095 -0.297236
v 0.551599 0.104586 -0.249551
v 0.509024 0.129526 -0.294134
v 0.538238 0.161305 -0.249446
v 0.534865 0.139852 -0.262054
v 0.542454 0.0335531 -0.273194
v 0.516717 0.088556 -0.294605
v 0.48776 0.104746 -0.318478
v 0.531473 0.120166 -0.272025
v 0.517165 0.159325 -0.276769
v 0.563293 0.0204416 -0.246259
v 0.562342 0.0579162 -0.243343
v 0.572622 0.0488066 -0.22919
v -0.101166 -0.0533975 0.491394
v -0.101639 0.522823 0.11146
v -0.0683041 0.525486 0.117511
v -0.0614763 0.533456 0.0997729
v -0.0762269 0.518122 0.132756
v -0.0587725 0.50703 0.163407
v -0.0226539 0.547545 0.0716258
v 0.030328 0.144617 -0.412388
v 0.018356 0.536577 0.0999423
v -0.0596813 0.541728 0.07928
v -0.0501792 0.556807 0.0410537
v -0.0871731 0.547839 0.0534717
v -0.0322234 0.52231 0.132903
v -0.014716 0.508395 0.167175
v 0.0112943 0.520741 0.138386
v -0.114134 0.0143084 0.497194
v 0.756427 -0.0847688 -0.0415225
v 0.769843 -0.0552596 -0.042728
v 0.747617 -0.0577952 -0.0859844
v 0.743571 -0.0755978 -0.079363
v 0.00958535 0.115768 -0.412952
v 0.757613 -0.0281633 -0.0813124
v 0.740461 -0.0321657 -0.106882
v 0.769379 -0.0386499 -0.053946
v 0.759227 -0.0122533 -0.0803447
v 0.775886 -0.000333359 -0.0464472
v 0.789577 -0.015384 -0.00992422
v 0.792236 -0.0407446 0.0116412
v 0.448641 0.116237 0.263324
v 0.462732 0.124754 0.231949
v 0.434918 0.16183 0.262628
v 0.459136 0.168014 0.211989
v 0.476106 0.118811 0.20696
v 0.484158 0.141347 0.176442
v 0.42846 0.134968 0.285963
v 0.451376 0.183977 0.215269
v 0.479567 0.175555 0.163077
v 0.459853 0.20021 0.184568
v 0.409607 0.202621 0.275089
v 0.432037 0.191583 0.246114
v 0.43342 0.204381 0.232773
v 0.450702 0.215859 0.188907
v 0.433868 0.218159 0.219518
v 0.42356 0.170322 0.275952
v -0.0072458 0.109729 -0.413
v -0.574919 -0.101249 -0.0378153
v -0.0154424 -0.409498 0.31928
v -0.56421 -0.112558 -0.0046963
v -0.0416606 0.117777 -0.412758
v -0.588694 -0.0817458 -0.101566
v 0.18037 0.358178 -0.396625
v 0.198998 0.364116 -0.393119
v 0.258389 0.3201 -0.394172
v -0.588814 -0.0970654 -0.139265
v 0.794272 -0.0755859 0.0991684
v 0.808162 -0.0682084 0.188377
v 0.816484 -0.0630071 0.160661
v 0.826005 -0.0507796 0.155076
v 0.848391 -0.0392166 0.196721
v -0.407226 0.194961 -0.368132
v 0.767422 -0.093206 0.0841623
v -0.581174 -0.13502 -0.135597
v -0.573137 -0.166007 -0.142725
v 0.508146 0.19563 0.0801767
v 0.531974 0.169104 0.041693
v 0.522411 0.200526 0.0386621
v 0.529462 0.198619 0.0207255
v 0.0295888 0.0506321 -0.413417
v 0.512755 0.235409 0.0243107
v 0.501198 0.230028 0.0616297
v 0.538064 0.202738 -0.0108924
v 0.545142 0.18435 -0.0135675
v 0.54476 0.205949 -0.0400471
v 0.530188 0.220971 -0.00875565
v 0.884414 0.0443736 0.260286
v 0.894253 0.0147175 0.30255
v -0.243342 -0.439791 -0.317824
v 0.601741 0.0662553 -0.199259
v 0.599018 -0.0185085 -0.211076
v 0.587856 0.0176707 -0.216176
v 0.624437 0.0107558 -0.200037
v -0.0358484 0.452916 0.27983
v -0.00705686 0.435432 0.30251
v 0.00317733 0.459038 0.271696
v 0.0338025 0.43995 0.296635
v 0.0236004 0.484874 0.219281
v 0.0139402 0.477808 0.235217
v 0.0398892 0.462501 0.262434
v 0.0712817 0.448903 0.279857
v 0.0885382 0.465288 0.244757
v 0.0650718 0.484694 0.211872
v 0.00914312 0.0698179 0.391493
v 0.698441 0.0183622 -0.154012
v 0.717713 0.0603582 -0.12501
v 0.656543 0.0153672 -0.184249
v 0.670587 0.0496843 -0.169025
v 0.68764 0.0671926 -0.14959
v 0.681885 -0.010545 -0.167386
v -0.37288 -0.215588 0.309238
v -0.403554 -0.196786 0.290194
v 0.557789 0.170292 -0.0463606
v 0.607178 0.130457 -0.0441757
v 0.576989 0.148478 -0.0703018
v 0.612038 0.142087 -0.0839038
v 0.572297 0.135694 -0.0398559
v 0.566941 0.165267 -0.0785144
v -0.288001 -0.047515 0.34384
v -0.33823 -0.092216 0.334927
v -0.233076 -0.109259 0.348455
v -0.20115 -0.0665695 0.354941
v 0.122483 0.226741 -0.40942
v -0.215769 -0.0316629 0.353899
v -0.18064 -0.0674191 0.35778
v -0.161355 -0.0356154 0.362175
v 0.374351 0.190642 0.315261
v 0.337568 0.209426 0.324809
v 0.344553 0.172624 0.327745
v 0.302106 0.227035 0.329252
v 0.308927 0.299474 0.307992
v 0.268637 0.277192 0.327338
v 0.310667 0.267704 0.320118
v 0.278628 0.255034 0.329254
v 0.331286 0.27037 0.310734
v 0.251102 0.275021 0.330355
v 0.458927 0.116504 -0.340111
v 0.447027 0.124146 -0.349144
v 0.451362 0.0769765 -0.354982
v 0.431666 0.10676 -0.370662
v 0.448159 0.153115 -0.340579
v 0.41246 0.139961 -0.379736
v 0.432264 0.155399 -0.354569
v 0.0272607 0.589339 -0.0840115
v 0.0194814 0.58436 -0.05248
v 0.0904075 0.568616 -0.014096
v 0.0920635 0.57822 -0.0569799
v 0.13237 0.187339 -0.41051
v 0.313356 0.13959 -0.404444
v 0.326401 0.189639 -0.400492
v 0.339951 0.15334 -0.401146
v 0.378063 0.142306 -0.395135
v 0.316797 0.25136 -0.395525
v 0.299136 0.213113 -0.401643
v 0.249466 0.255478 -0.402688
v 0.331544 0.21147 -0.397965
v 0.345061 0.229313 -0.392942
v 0.341363 0.183604 -0.399054
v 0.0637821 -0.0512558 0.449337
v 0.057147 -0.0261208 0.419843
v 0.0787531 -0.0045683 0.446442
v 0.0665222 0.436549 -0.374462
v 0.140707 0.422349 -0.371078
v 0.105651 0.440313 -0.363087
v 0.136752 0.454168 -0.340924
v 0.170126 0.439068 -0.343624
v 0.447202 0.271669 0.135301
v 0.460141 0.294619 0.0768087
v 0.442013 0.299943 0.108855
v 0.423462 0.303456 0.140946
v 0.435507 0.327332 0.0816584
v 0.503637 0.294866 -0.0444924
v 0.465623 0.338755 -0.0108441
v 0.473426 0.312491 0.0165215
v 0.448841 0.344493 0.022348
v -0.115054 -0.103192 -0.41236
v 0.454487 0.320996 0.0499773
v 0.427888 0.353889 0.0538523
v 0.409491 0.357751 0.0848135
v 0.477772 0.288816 0.0435134
v 0.497284 0.276649 0.00930045
v -0.544124 -0.18511 -0.00135503
v -0.555381 -0.149723 -0.0038881
v -0.542194 -0.156631 0.0315114
v 0.585901 0.128229 -0.172492
v 0.589565 0.1403 -0.142891
v -0.340443 -0.0515907 -0.404484
v 0.613657 0.119638 -0.156002
v -0.0114665 0.486883 -0.329638
v 0.0389111 0.494666 -0.321608
v 0.0670233 0.507808 -0.307444
v 0.092748 0.482717 -0.32545
v 0.021819 0.522071 -0.297521
v -0.0327168 0.513117 -0.305935
v 0.127889 0.485925 -0.316007
v 0.0999195 0.51227 -0.29815
v 0.108166 0.522414 -0.286298
v 0.0109104 0.548246 -0.26861
v 0.0498076 0.53559 -0.281234
v -0.517141 -0.0906212 0.132863
v -0.126473 -0.134515 -0.411757
v 0.159802 0.437476 0.26064
v 0.172941 0.465402 0.197353
v 0.158952 0.455604 0.22729
v 0.190989 0.415674 0.275622
v 0.190848 0.435201 0.24211
v 0.226055 0.412485 0.252231
v 0.23072 0.429404 0.217241
v 0.204221 0.443227 0.215674
v 0.17795 0.395404 0.305157
v 0.153099 0.41871 0.292067
v -0.515029 -0.152105 0.104985
v -0.505068 -0.125134 0.144717
v -0.498096 -0.142808 0.149819
v 0.773409 0.0342644 -0.0456502
v 0.769729 0.062765 -0.0364615
v 0.785735 0.0509984 -0.00178484
v 0.784134 0.0728875 0.0302417
v 0.752157 0.0851109 -0.0529352
v 0.756347 0.058928 -0.0687388
v 0.769089 0.0843423 -0.00395438
v 0.274303 0.497989 -0.241887
v 0.257446 0.507411 -0.240556
v 0.255246 0.517968 -0.224264
v 0.757924 -0.0621805 0.1801
v 0.774367 -0.0679152 0.189477
v 0.793173 -0.06426 0.217885
v 0.808809 -0.0659216 0.207168
v 0.166818 0.566962 -0.184728
v 0.10759 0.571046 -0.21575
v 0.109055 0.582456 -0.174674
v 0.0762594 0.582781 -0.195912
v 0.0777354 0.589333 -0.156219
v 0.228907 0.356278 0.313898
v 0.221757 0.32062 0.327084
v 0.193926 0.313662 0.331534
v 0.142635 0.315541 0.335289
v -0.181982 -0.00221505 -0.411994
v 0.174358 0.369272 0.320886
v 0.163464 0.289381 0.337554
v 0.462658 0.182305 -0.320562
v 0.212706 -0.466176 0.161932
v 0.216818 -0.485516 0.115407
v 0.249773 -0.47395 0.105418
v 0.266217 -0.453576 0.130164
v 0.284551 -0.458847 0.0947187
v 0.225306 -0.494695 0.0849339
v -0.212608 0.00329177 -0.411201
v 0.351039 -0.421504 0.072497
v 0.315116 -0.427606 0.117453
v 0.746693 -0.00811454 0.218346
v 0.753804 -0.0145176 0.232709
v 0.755864 0.02663 0.226136
v 0.770044 -0.0422369 0.236308
v 0.770205 -0.0174432 0.259636
v 0.403257 -0.425964 -0.051884
v 0.393034 -0.405685 0.0261392
v 0.685334 0.0687435 0.0597513
v 0.716225 0.0840741 0.0797512
v 0.281165 -0.524812 -0.116814
v 0.321939 -0.500318 -0.108635
v 0.312159 -0.508035 -0.147285
v -0.190319 -0.0543287 -0.411554
v 0.684459 0.111488 0.0135295
v 0.657202 0.10783 0.00446553
v 0.661666 0.128363 -0.03045
v 0.638158 0.086911 0.0139985
v 0.672613 0.101566 0.0201448
v 0.75289 0.0936046 0.0931751
v 0.495186 0.224108 -0.274844
v 0.478861 0.251859 -0.27802
v 0.465194 0.24841 -0.292622
v 0.485915 0.214127 -0.288944
v 0.450638 0.289611 -0.284354
v 0.456017 0.337137 -0.244109
v 0.420831 0.312935 -0.296141
v 0.474744 0.286679 -0.261877
v 0.494981 0.290083 -0.231518
v 0.504575 0.251593 -0.247975
v -0.00752423 0.579098 -0.0268345
v 0.316648 0.286911 -0.388152
v 0.294593 0.318193 -0.384248
v -0.543215 0.0768407 0.0740219
v 0.273917 0.383459 0.251976
v -0.15182 -0.014916 -0.412521
v 0.263757 0.368236 0.283679
v 0.285623 0.329367 0.303539
v -0.41541 0.251031 -0.332737
v -0.0829241 0.589478 -0.129208
v -0.0830749 0.577095 -0.042023
v -0.537051 0.21485 -0.0143738
v -0.11118 0.577583 -0.0650868
v -0.0747733 0.585838 -0.0823905
v -0.107397 0.584323 -0.10539
v -0.126989 0.579918 -0.0986746
v -0.388993 0.345596 -0.302149
v -0.39353 0.328198 -0.309662
v 0.719768 0.0458011 0.12655
v 0.731208 0.0744407 0.113902
v 0.724872 0.0239214 0.1547
v 0.749072 0.0529481 0.184537
v 0.740547 0.0629491 0.150575
v 0.697699 0.127728 -0.0469335
v 0.676009 0.13124 -0.0741558
v 0.696107 0.107973 -0.10823
v 0.713022 0.114425 -0.0758902
v -0.486539 0.327995 -0.206795
v -0.455698 0.360091 -0.221402
v -0.135047 0.0383433 -0.412629
v 0.553122 0.202347 -0.189401
v 0.510407 0.306767 -0.133748
v 0.519841 0.255722 -0.218509
v 0.52446 0.272697 -0.179316
v 0.548932 0.227286 -0.154644
v 0.527571 0.274524 -0.125282
v -0.171319 0.0443917 -0.412011
v 0.517163 0.288245 -0.0911681
v -0.321352 -0.210621 -0.399557
v -0.305634 -0.136905 -0.405229
v -0.290506 -0.27308 -0.39692
v -0.318853 -0.263329 -0.393834
v -0.346785 -0.234974 -0.392439
v 0.000477859 0.571506 -0.233966
v -0.0437385 0.572305 -0.229311
v -0.0748637 0.563053 -0.240364
v -0.0982652 0.573926 -0.211857
v 0.0390274 0.579189 -0.215942
v 0.00682504 0.587635 -0.193884
v -0.0236803 0.58511 -0.201935
v -0.0499978 0.589255 -0.179829
v -0.0313716 0.589724 -0.183693
v 0.0317484 -0.157692 -0.412196
v -0.132161 -0.153187 -0.411308
v -0.272525 -0.0757182 -0.408656
v -0.200163 -0.0351656 -0.411444
v 0.258495 0.444761 0.157202
v 0.284198 0.435911 0.143561
v 0.283864 0.450791 0.112628
v 0.268248 0.479161 0.0695742
v 0.247214 0.474907 0.105454
v 0.291553 0.46156 0.0785802
v 0.284849 0.476363 0.0534084
v 0.315543 0.422975 0.126227
v 0.293882 0.410638 0.180072
v 0.310852 0.401143 0.174404
v 0.39715 0.385827 0.0583838
v 0.389357 0.4058 0.0338103
v 0.361902 0.428705 0.0375073
v 0.350144 0.42257 0.0722423
v 0.34947 0.409464 0.0996724
v 0.309902 0.484727 -0.00987816
v 0.282322 0.491469 0.0183403
v 0.315278 0.457737 0.0518113
v 0.320488 0.468466 0.0162105
v 0.331013 0.445932 0.0532816
v 0.378772 0.426614 0.00844431
v 0.368015 0.445224 -0.0167204
v 0.339787 0.46483 -0.0108886
v 0.331071 0.42009 0.108576
v 0.335765 0.392016 0.153686
v 0.0528037 -0.302346 -0.407201
v -0.00766345 -0.343146 -0.404692
v 0.0734742 -0.155503 -0.412021
v 0.0730783 -0.238386 -0.409914
v 0.0798645 -0.122379 -0.412563
v 0.127062 0.518358 0.108498
v 0.166415 0.509328 0.103768
v 0.157492 0.489266 0.156971
v 0.111007 0.542909 0.0545533
v 0.142159 0.544246 0.0306574
v 0.190088 0.5128 0.0750098
v 0.230361 0.495548 0.0764115
v 0.216791 0.51321 0.0470117
v 0.178261 0.528979 0.0438709
v 0.204955 0.529265 0.015883
v 0.189671 0.544899 -0.0159224
v 0.115946 0.526976 0.0933949
v 0.0877851 0.521458 0.119924
v 0.152535 0.55408 -0.00865025
v 0.810623 -0.015521 0.0618023
v 0.821903 -0.00322588 0.0988074
v 0.833544 -0.0326515 0.150855
v 0.812837 0.0233835 0.0728596
v 0.821866 0.0326366 0.112718
v 0.833554 0.00706197 0.136428
v 0.348104 0.273912 0.296232
v 0.378337 0.262854 0.269446
v 0.394911 0.26556 0.240632
v 0.365131 0.334163 0.200595
v 0.352766 0.325426 0.232587
v 0.371675 0.289654 0.249993
v 0.398905 0.275385 0.22218
v 0.388635 0.308232 0.197829
v 0.358687 0.29596 0.262168
v 0.335103 0.325391 0.258473
v 0.329472 0.307847 0.285183
v -0.0352431 -0.391672 -0.398189
v -0.0650886 -0.374668 -0.4003
v -0.126842 -0.395979 -0.392007
v 0.302901 0.342168 -0.357519
v 0.244837 0.375553 -0.369874
v 0.234311 0.399579 -0.351124
v 0.846614 -0.0356179 0.296691
v 0.0808916 -0.10487 -0.412762
v 0.80717 0.0649008 0.124681
v 0.80516 0.0577209 0.0867939
v 0.377223 0.262389 -0.355803
v 0.422576 0.214272 -0.340801
v 0.417513 0.25788 -0.326277
v 0.362333 0.292453 -0.34921
v 0.40887 0.208349 -0.355393
v -0.821633 0.0626735 0.0233679
v 0.784014 0.0582762 0.223415
v 0.782049 0.0407241 0.254285
v -0.816282 0.0523727 -0.0370665
v 0.222253 0.440286 -0.324877
v 0.2383 0.457786 -0.304753
v 0.278803 0.431537 -0.307157
v 0.33863 0.359114 -0.324774
v 0.325462 0.390724 -0.311754
v 0.362587 0.375953 -0.298539
v 0.26693 0.460527 -0.288917
v 0.21035 0.454768 -0.31798
v 0.288025 0.453613 -0.283349
v 0.232585 0.485216 -0.282251
v 0.363326 0.423215 -0.257317
v 0.370939 0.406661 -0.266982
v 0.344104 0.411393 -0.283787
v 0.326476 0.444751 -0.265819
v 0.30837 0.395651 -0.318136
v 0.276932 0.40659 -0.32647
v 0.799615 0.0731733 0.151216
v 0.787661 0.0721727 0.177832
v -0.0756928 -0.437788 -0.374342
v -0.0579425 -0.410186 -0.392661
v 0.843613 0.0451406 0.197689
v -0.167019 -0.387649 -0.390614
v -0.208311 -0.356055 -0.393367
v -0.241026 -0.336728 -0.392893
v 0.807911 -0.0241824 0.293444
v 0.834342 -0.0454845 0.286848
v 0.859357 0.00123025 0.303779
v 0.101115 -0.0809942 -0.412733
v 0.81251 0.0171161 0.299153
v 0.882429 -0.0178277 0.232576
v 0.913954 -0.0197054 0.265917
v 0.896431 0.00818266 0.245781
v -0.228068 0.429699 0.222276
v -0.2492 0.434883 0.190653
v 0.209108 0.519417 -0.253916
v 0.154981 0.544928 -0.243427
v 0.220214 0.53349 -0.223911
v 0.139329 0.570469 -0.198965
v 0.173432 0.554579 -0.215608
v 0.187964 0.538316 -0.237156
v 0.10112 0.554742 -0.24755
v 0.0172115 0.568087 0.0134138
v 0.0287409 0.576229 -0.0175963
v 0.0589284 0.577302 -0.033118
v 0.05652 0.566999 0.00796937
v 0.0739873 -0.476937 -0.333035
v -0.0172222 -0.370747 0.33059
v 0.03306 -0.454917 -0.358227
v 0.85574 0.0543637 0.270375
v 0.862837 0.0395683 0.297674
v 0.892145 0.0465726 0.279643
v -0.128159 -0.445666 -0.351197
v -0.118857 -0.432323 -0.3696
v -0.152711 -0.415325 -0.37733
v 0.271812 0.508916 -0.226059
v 0.313276 0.492176 -0.212222
v 0.865707 0.0090494 0.205274
v 0.861028 0.0472213 0.23563
v -0.540304 0.220559 -0.0340904
v 0.0359748 0.592754 -0.116207
v 0.0661901 0.585826 -0.0804487
v 0.0683196 0.590081 -0.11641
v 0.165016 0.572484 -0.131161
v 0.144703 0.577872 -0.133181
v 0.12772 0.579266 -0.0997882
v 0.141449 0.577534 -0.162322
v 0.10497 0.58587 -0.13038
v 0.0442705 0.593323 -0.144773
v 0.0941682 0.584161 -0.0922683
v 0.0722685 0.581961 -0.0620343
v -0.666879 0.000345499 0.186628
v -0.0683569 -0.0906734 0.502064
v -0.112322 -0.0224506 0.487345
v 0.437367 0.399118 -0.0824629
v 0.439571 0.403196 -0.127989
v 0.426756 0.416904 -0.135749
v 0.0338292 -0.0842036 -0.413172
v 0.462617 0.375692 -0.126757
v 0.462809 0.37255 -0.166497
v -0.14144 0.557452 -0.00903482
v 0.387143 0.443256 -0.0620351
v 0.409564 0.426912 -0.0789212
v 0.412702 0.430527 -0.127147
v 0.400672 0.440985 -0.115729
v 0.360903 0.472399 -0.16926
v 0.380651 0.459199 -0.139628
v 0.401679 0.439403 -0.157734
v 0.386964 0.44691 -0.18517
v 0.419934 0.41752 -0.179879
v 0.401328 0.424068 -0.209527
v 0.388165 0.433605 -0.214117
v 0.364564 0.470597 -0.109774
v -0.0255139 -0.151855 0.364207
v -0.0538192 -0.159381 0.361732
v -0.0297261 -0.203835 0.35585
v -0.0117491 -0.205445 0.355773
v -0.0159811 -0.240518 0.350737
v -0.0804793 -0.222779 0.351421
v 0.0725121 -0.301569 0.340477
v 0.0357983 -0.256476 0.347812
v 0.242009 0.544431 -0.121374
v 0.26153 0.53576 -0.133748
v 0.271075 0.530743 -0.150049
v 0.289951 0.518907 -0.105133
v 0.230159 0.542532 -0.0701369
v 0.246816 0.528092 -0.0390218
v 0.254935 0.536302 -0.0985647
v 0.267311 0.52522 -0.0688768
v 0.929252 0.00512818 0.282308
v 0.296546 0.508744 -0.0669753
v 0.000673536 -0.376153 0.329463
v 0.796853 0.0649423 0.207295
v 0.805232 0.0686373 0.170006
v 0.0496938 -0.107763 -0.412938
v 0.749649 -0.0408597 0.201957
v 0.811004 0.059405 0.24504
v 0.780826 -0.0272176 0.267954
v 0.803514 -0.0521279 0.258438
v 0.815342 -0.0595801 0.245098
v 0.0459159 -0.0912733 0.471453
v -0.387003 0.334278 0.167654
v -0.417075 0.317149 0.138116
v -0.412537 0.345239 0.105374
v -0.379624 0.356264 0.146902
v -0.379872 0.371089 0.122478
v -0.478848 0.310318 0.0160172
v -0.475144 0.29707 0.0462206
v -0.458948 0.304579 0.0722018
v -0.437667 0.333396 0.0737595
v -0.440447 0.308791 0.104751
v -0.465985 0.276266 0.095158
v -0.495334 0.325917 -0.0778421
v -0.511659 0.294797 -0.0643642
v -0.494448 0.314828 -0.0420724
v -0.440512 0.40376 -0.109346
v -0.455752 0.387746 -0.135146
v -0.470908 0.362929 -0.0863866
v -0.476536 0.360799 -0.123737
v 0.26632 0.482326 -0.26711
v 0.303447 0.473721 -0.251263
v 0.0249553 -0.13624 -0.412592
v -0.368641 0.467868 -0.0965487
v -0.368408 0.470388 -0.11646
v -0.390545 0.453229 -0.144661
v -0.417672 0.428622 -0.129605
v -0.376856 0.464118 -0.150782
v 0.421157 0.395494 -0.223888
v 0.40635 0.3828 -0.257061
v 0.389141 0.414925 -0.240317
v -0.659912 0.0159095 0.188103
v -0.365206 0.365644 0.15572
v -0.369803 0.347493 0.176754
v -0.291137 0.427901 0.154425
v -0.29849 0.440833 0.118592
v -0.329233 0.421335 0.112972
v -0.338177 0.403197 0.133913
v -0.359042 0.399879 0.106468
v -0.317906 0.441619 0.0888928
v -0.331806 0.448457 0.0512813
v -0.35529 0.477349 -0.173172
v -0.354069 0.481405 -0.123248
v -0.334387 0.468798 -0.00511618
v -0.315601 0.489374 -0.0293934
v -0.309553 0.500225 -0.0554656
v -0.336405 0.483112 -0.0571883
v -0.321699 0.498315 -0.0818077
v 0.0972346 -0.259447 -0.408752
v -0.273382 0.525869 -0.0799122
v -0.299995 0.464899 0.0637978
v -0.278585 0.448524 0.129158
v -0.277411 0.516461 -0.0462222
v -0.301782 0.486444 0.00587616
v 0.795441 -0.0044726 0.00638618
v 0.803069 0.0191263 0.0359272
v 0.748704 0.0291736 0.208885
v 0.787503 0.0203886 -0.0143054
v 0.800229 0.0491778 0.0474628
v 0.732459 0.115152 -0.0171575
v 0.749299 0.0974825 -0.0379321
v 0.73269 0.110918 -0.0447014
v 0.742472 0.109884 -0.0026603
v 0.731787 0.0746625 -0.0982645
v 0.710843 0.0978403 -0.10442
v 0.729308 0.101829 -0.0730006
v 0.773425 0.0900326 0.0616883
v -0.147516 -0.181651 -0.410305
v -0.679027 0.0128636 0.187089
v 0.0791321 0.0714854 0.37444
v 0.0966005 0.0450442 0.374757
v 0.0957589 0.0808688 0.369474
v 0.756082 0.100632 0.0292896
v -0.233916 -0.375681 -0.375495
v -0.35051 -0.271199 -0.378448
v -0.292188 -0.291252 -0.393899
v -0.0340506 0.0582244 0.396508
v -0.0648311 0.0386153 0.386875
v 0.766416 0.0542328 0.213019
v 0.776021 0.0152894 0.268273
v 0.10283 0.485451 0.196896
v 0.0946404 0.48068 0.210698
v 0.135685 0.483443 0.184428
v 0.139814 0.473751 0.20269
v 0.126239 0.465438 0.227746
v 0.124036 0.457778 0.244154
v 0.229154 0.447396 0.183827
v 0.908608 -0.00025827 0.302587
v 0.195313 0.467979 0.17331
v 0.197464 0.473734 0.158965
v 0.222628 0.474259 0.133854
v 0.207786 0.493945 0.103892
v 0.691286 -0.102316 0.0283746
v 0.258562 0.40652 0.23018
v 0.215391 0.389193 0.294551
v 0.238943 0.393107 0.27185
v 0.226936 0.372774 0.303735
v 0.24586 0.371674 0.293473
v 0.260564 0.424931 0.194233
v 0.283226 0.399074 0.214577
v 0.136315 0.391569 0.317172
v -0.697967 0.0121775 -0.162988
v 0.138131 0.352311 0.329229
v 0.339828 -0.184671 0.326852
v 0.43192 -0.142199 0.27896
v 0.410604 -0.120842 0.308668
v 0.417162 -0.0821817 0.310191
v -0.0678216 -0.190844 0.356312
v -0.0705706 -0.126745 0.365631
v -0.166373 -0.218477 0.345727
v -0.143772 -0.25119 0.343814
v -0.123959 -0.221429 0.348805
v -0.100471 -0.255503 0.346141
v -0.126013 -0.280428 0.341419
v -0.138986 -0.314825 0.33591
v 0.392575 0.00508153 0.325604
v 0.365876 -0.0221497 0.331493
v 0.432091 -0.0501588 0.303138
v -0.09344 -0.0219693 0.378287
v -0.0512271 -0.0913546 0.375004
v -0.0917628 0.0108181 0.379441
v -0.120207 -0.0142277 0.370827
v 0.261804 0.00204265 0.347498
v -0.11877 -0.167236 -0.41116
v 0.330261 -0.0136294 0.337688
v 0.27479 -0.0374033 0.345501
v 0.194958 0.456332 -0.32194
v 0.164305 0.473402 -0.317368
v -0.26257 -0.406623 0.227624
v 0.152785 0.506737 -0.290492
v 0.216003 0.479464 -0.294929
v 0.229317 0.498646 -0.269488
v 0.196883 0.500893 -0.281577
v 0.137923 0.530147 -0.26955
v 0.0387506 0.5611 -0.249273
v 0.0862814 0.539656 -0.271333
v 0.0720616 0.568427 -0.232041
v -0.251804 -0.188248 0.340229
v -0.240186 -0.151726 0.344579
v -0.207993 -0.135032 0.349623
v -0.21913 -0.201366 0.342528
v -0.190031 -0.182734 0.347279
v -0.135869 -0.168925 -0.410851
v -0.0254344 0.554455 -0.25997
v -0.0533106 0.545268 -0.269493
v 0.329756 0.308168 -0.365214
v 0.35158 0.325902 -0.336874
v 0.328133 0.348861 -0.337136
v 0.302646 0.369467 -0.338091
v 0.393325 0.345703 -0.29704
v -0.206147 0.503495 -0.27595
v 0.3855 0.314821 -0.320694
v 0.412243 0.287759 -0.315987
v -0.166621 -0.187519 -0.409729
v 0.493798 -0.19235 0.116656
v -0.144468 0.416643 0.298666
v 0.472048 -0.0733263 0.233536
v 0.456244 -0.0755822 0.264524
v 0.399924 -0.238618 0.261811
v 0.421678 -0.217166 0.245011
v 0.432493 -0.237278 0.20291
v 0.452307 -0.172073 0.221913
v 0.443011 -0.187442 0.229556
v 0.464148 0.316864 0.0332879
v 0.441433 -0.161162 0.251736
v 0.468972 -0.140483 0.208132
v 0.484072 -0.105575 0.195268
v 0.617919 0.140097 -0.105362
v 0.646026 0.136937 -0.0918895
v 0.672845 0.108601 -0.130304
v 0.640435 0.119541 -0.139609
v 0.665134 0.121643 -0.117518
v 0.630701 0.131473 -0.123882
v 0.568624 0.136839 -0.204144
v 0.567654 0.165907 -0.17865
v 0.552298 0.174592 -0.217442
v 0.555327 0.212824 -0.12168
v 0.57187 0.165823 -0.136261
v 0.561494 0.195518 -0.155194
v -0.790913 -0.00255602 0.0507269
v -0.779716 -0.0220845 0.0185649
v -0.429503 -0.276303 -0.311708
v -0.439002 -0.2381 -0.321265
v -0.429972 -0.212453 -0.337925
v -0.424258 -0.179747 -0.357023
v -0.800977 -0.0403498 0.0483557
v 0.415158 0.240556 0.232039
v 0.407649 0.278343 0.203028
v 0.168748 -0.297663 -0.40419
v 0.428895 0.274981 0.16762
v 0.390787 0.359367 0.117382
v 0.396721 0.335219 0.144988
v 0.749199 0.0166649 -0.0950021
v 0.176187 0.426728 0.268059
v 0.847101 0.0170847 0.17227
v 0.828627 0.0454883 0.156199
v 0.483115 0.348399 -0.120244
v 0.500256 0.320941 -0.108556
v 0.497082 0.31658 -0.0719741
v 0.480345 0.349571 -0.100595
v 0.47664 0.34606 -0.067011
v 0.516319 0.253264 -0.011557
v 0.518957 0.266162 -0.0437006
v 0.516445 0.283759 -0.0733199
v 0.533169 0.25462 -0.0847617
v 0.786982 0.0810374 0.0960092
v 0.462935 0.36992 -0.0860851
v 0.486338 0.344418 -0.141328
v 0.39255 0.433425 -0.044386
v 0.412934 0.409213 -0.0300472
v 0.427771 0.39494 -0.0336331
v 0.443308 0.388904 -0.067871
v 0.455334 0.364187 -0.0385438
v 0.412592 0.397007 0.00172803
v 0.425053 0.372508 0.0249415
v -0.805047 0.0220377 0.133308
v -0.80664 0.0183306 0.113967
v 0.403827 0.397129 0.0215283
v 0.381722 0.437997 -0.0289542
v 0.368321 0.363721 0.149532
v 0.381224 0.384855 0.0905501
v 0.00425398 -0.0644089 0.401654
v 0.0296945 -0.550723 -0.264056
v 0.0160294 -0.542922 -0.275011
v 0.043806 0.106003 -0.412917
v 0.102544 -0.000846149 0.375354
v 0.20984 0.0117379 0.354701
v 0.19071 0.0228895 0.35733
v 0.144562 0.0189139 0.365034
v -0.0218938 -0.51973 -0.299836
v -0.00197105 -0.495733 -0.321843
v -0.0393903 -0.492244 -0.323243
v 0.0557584 -0.484699 -0.328826
v 0.184021 -0.0813651 0.356213
v 0.226284 -0.0657231 0.351315
v 0.214742 -0.10398 0.350782
v 0.228767 -0.0252521 0.352015
v 0.250243 -0.267833 0.332333
v 0.236192 -0.515511 -0.243707
v 0.218572 -0.519201 -0.249484
v 0.215601 -0.489008 -0.286412
v 0.191345 -0.507043 -0.277588
v 0.202439 -0.523537 -0.252461
v 0.177191 -0.453585 -0.329822
v 0.230708 0.0362674 0.351329
v 0.181498 0.409118 -0.369087
v 0.158773 0.428172 0.276573
v 0.215591 0.412052 -0.348987
v 0.245009 0.410443 -0.337693
v 0.267276 0.379187 -0.350833
v 0.00196137 0.458142 -0.356805
v 0.423842 0.222575 0.233756
v 0.0450055 0.467462 -0.346098
v -0.482301 0.349958 -0.167342
v 0.512278 -0.171881 0.0913988
v 0.506317 -0.206489 0.0751086
v 0.539452 -0.158827 0.030014
v 0.644423 0.100509 0.00607072
v -0.284827 -0.231208 0.332015
v -0.292141 -0.271421 0.32505
v -0.206627 -0.217405 0.342153
v -0.245913 -0.222248 0.33763
v 0.515687 -0.27956 -0.0595196
v 0.534543 -0.23946 -0.0561369
v 0.412787 0.229942 0.246724
v 0.549367 -0.207533 -0.064732
v -0.152481 -0.374646 0.322698
v -0.132274 -0.347091 0.331202
v -0.111402 -0.381188 0.324856
v 0.199446 0.398159 -0.372382
v 0.0269629 0.443326 -0.373334
v 0.350093 0.266593 -0.378762
v 0.370242 0.205395 -0.389669
v -0.386591 -0.318896 -0.319744
v -0.376045 -0.351262 -0.307775
v -0.505277 -0.229046 -0.263684
v -0.474495 -0.244387 -0.288818
v 0.430002 0.185778 -0.345429
v 0.395942 0.178045 -0.381424
v 0.384838 0.194057 -0.38484
v -0.516208 -0.264117 -0.223227
v -0.524687 -0.226717 -0.239225
v -0.530284 -0.235503 -0.22306
v 0.479892 0.144642 -0.317132
v 0.0138263 0.36718 -0.401782
v -0.58385 0.0569953 0.231746
v -0.776665 0.04544 0.228948
v -0.166526 -0.143258 -0.410935
v -0.811652 0.0527183 0.211798
v -0.838243 0.0448015 0.204471
v 0.0983214 0.411457 -0.388095
v 0.127229 0.389006 -0.393168
v -0.0436635 0.390772 -0.397959
v -0.0217885 0.434634 -0.381018
v 0.0156149 0.430111 -0.384896
v 0.0454728 0.413468 -0.390656
v 0.194658 0.345442 -0.397566
v 0.19966 0.313423 -0.401162
v 0.188213 0.297462 -0.403321
v 0.495163 -0.256288 -0.257756
v 0.316274 0.325797 0.28092
v 0.368316 0.240626 0.299068
v 0.33823 0.240334 0.317554
v 0.388228 0.243554 0.273254
v -0.510119 -0.144604 0.121369
v -0.524843 -0.169136 0.0684215
v 0.250093 0.309568 0.324474
v 0.256114 0.343884 0.309548
v 0.201802 0.276794 0.335819
v 0.220728 0.270948 0.334609
v -0.33766 0.486603 -0.0761409
v -0.448298 -0.238577 0.176759
v -0.425785 -0.255354 0.202636
v -0.454486 -0.210153 0.192139
v -0.442258 -0.219676 0.207601
v -0.418871 -0.234715 0.236896
v -0.466069 -0.195467 0.181128
v -0.483382 -0.163838 0.16826
v -0.524991 0.0536663 0.205555
v -0.557195 -0.208753 -0.0983225
v -0.546018 -0.226178 -0.0687945
v -0.559023 -0.189886 -0.0676271
v -0.544714 -0.208658 -0.0333016
v -0.537743 -0.23853 -0.0540124
v 0.128097 0.567122 -0.0358488
v 0.0923959 0.562462 0.00664832
v 0.638576 0.136453 -0.0563293
v 0.623477 0.112697 -0.013798
v 0.602709 0.0835695 0.00338838
v 0.241959 0.512586 0.0178941
v 0.224751 0.530753 -0.0138927
v 0.280029 0.509503 -0.0328822
v 0.20033 0.546728 -0.0364602
v 0.584703 0.149335 -0.108709
v 0.565098 0.180663 -0.108294
v 0.559137 0.187016 -0.0800599
v -0.535641 -0.255738 -0.0845243
v -0.492381 -0.332713 -0.0881113
v -0.492202 -0.319024 -0.0457276
v -0.5144 -0.281419 -0.0452832
v -0.49583 -0.300437 -0.0181972
v -0.491445 -0.288753 0.0148915
v 0.759271 0.0227948 -0.0778102
v 0.739699 0.0459046 -0.102852
v 0.723977 0.00887217 -0.129904
v 0.688072 0.101092 -0.125096
v 0.483257 -0.268484 -0.263669
v -0.496883 -0.320376 -0.193731
v -0.472555 -0.355967 -0.193352
v -0.492205 -0.3382 -0.158209
v 0.637351 0.0468005 -0.189218
v 0.62001 0.0895194 -0.179173
v 0.656064 0.0854598 -0.162604
v -0.560275 -0.207404 -0.134665
v -0.564107 -0.192748 -0.165019
v -0.566099 -0.168965 -0.19178
v -0.548905 -0.216804 -0.197408
v -0.628638 0.0608715 -0.169286
v -0.666271 0.0498094 -0.169256
v -0.7246 0.044438 -0.135521
v -0.738005 0.0487229 -0.121397
v 0.260465 0.510755 -0.00383464
v 0.25446 0.495968 0.0462443
v -0.737589 0.0619758 -0.089165
v 0.362565 0.458759 -0.0450717
v 0.306306 0.495823 -0.038705
v 0.110225 0.444871 0.274087
v 0.115177 0.423294 0.300816
v 0.0545048 0.518981 0.136461
v 0.0714816 0.500957 0.173913
v 0.0687898 0.493688 0.191209
v 0.03329 0.49772 0.189747
v 0.315426 0.383308 0.198998
v 0.348134 0.364701 0.181031
v 0.338364 0.354666 0.211754
v 0.320073 0.353326 0.240164
v -0.0281558 -0.0803209 0.450865
v 0.00413126 -0.0851326 0.451929
v 0.590037 0.0999389 -0.192413
v 0.621475 0.0431583 -0.197209
v 0.629559 -0.0124032 -0.197717
v -0.082454 -0.0604952 0.466843
v -0.597775 0.0713887 -0.185441
v -0.109895 -0.468032 -0.334342
v -0.146062 -0.454449 -0.337938
v -0.212057 -0.109686 -0.410351
v -0.564131 0.195514 -0.119855
v -0.562541 0.201391 -0.135955
v -0.549551 0.234407 -0.141072
v -0.523878 0.256625 -0.215816
v -0.546642 0.211498 -0.207392
v -0.543288 0.238749 -0.181812
v -0.293026 -0.360947 -0.351229
v -0.33035 -0.343366 -0.340497
v -0.263305 -0.370415 -0.36282
v -0.578467 0.0872462 -0.209198
v -0.530863 0.222449 -0.232094
v -0.554021 0.151205 -0.231587
v -0.540829 0.185811 -0.23716
v 0.467415 0.240264 0.129135
v 0.487379 0.228775 0.096545
v 0.482483 0.261306 0.0696868
v 0.484422 0.218945 0.113608
v 0.531339 0.238553 -0.0402422
v 0.0445083 0.589688 -0.179748
v 0.556464 0.143933 -0.0114681
v 0.543564 0.225382 -0.0690173
v -0.00587277 0.594442 -0.150973
v 0.0119447 0.593637 -0.160352
v 0.0171671 0.593893 -0.121776
v -0.0798565 -0.0335348 0.45192
v 0.327244 -0.296984 -0.373443
v 0.326842 -0.261127 -0.389859
v 0.753638 -0.0758462 0.144194
v 0.787491 -0.0766151 0.155738
v 0.7838 -0.082379 0.117407
v -0.0893091 0.0592676 0.475872
v 0.854048 -0.0531568 0.260228
v 0.883835 -0.0493412 0.279201
v 0.226816 -0.525414 0.000375305
v 0.215928 -0.533638 -0.0114923
v 0.0227099 -0.258926 -0.40957
v 0.252539 -0.533326 -0.0724097
v 0.225598 -0.549395 -0.100327
v 0.194512 -0.549771 -0.0410093
v -0.0165135 -0.248999 -0.409928
v 0.280815 -0.525238 -0.150671
v 0.251255 -0.539932 -0.128907
v 0.803439 -0.0496901 0.0641582
v 0.816163 -0.037237 0.0983185
v 0.826382 -0.0300103 0.124814
v 0.849643 -0.0127961 0.178298
v 0.0885191 -0.586997 -0.158273
v 0.0999236 -0.574459 -0.208492
v 0.0673917 -0.583412 -0.196297
v 0.0445139 -0.591039 -0.167059
v 0.0310195 -0.583625 -0.205438
v 0.0931225 -0.562372 -0.235891
v 0.131138 -0.558672 -0.229489
v 0.86076 -0.0309133 0.208168
v 0.887252 -0.0335012 0.249575
v 0.386303 0.298248 -0.328589
v 0.248877 -0.528602 -0.205966
v 0.28236 -0.5181 -0.188963
v 0.299687 -0.325466 -0.37461
v 0.484847 -0.182965 -0.301435
v 0.457056 -0.210362 -0.315084
v 0.465767 -0.234009 -0.298687
v 0.443019 -0.173666 -0.33815
v 0.457249 -0.17646 -0.326134
v 0.455232 -0.142157 -0.337211
v -0.0301336 -0.281233 -0.408615
v 0.501965 0.317241 -0.168594
v 0.482835 0.34241 -0.181238
v 0.449077 0.377049 -0.200831
v -0.011863 0.0877255 0.454881
v 0.398646 -0.167159 -0.382219
v 0.425995 -0.157631 -0.359208
v -0.0765174 0.0357459 0.449713
v 0.281294 0.2821 -0.396863
v 0.212757 0.272563 -0.403875
v 0.243182 0.290484 -0.400244
v 0.2382 0.319318 -0.397228
v 0.0148791 -0.411464 0.31863
v 0.0389885 -0.437255 0.301369
v 0.165525 0.389268 -0.388774
v 0.0784251 0.405006 -0.392762
v 0.21607 0.385586 -0.376505
v 0.0881274 -0.483247 0.20583
v 0.126981 -0.476402 0.203509
v 0.149602 -0.458054 0.227833
v 0.129452 -0.448337 0.259478
v 0.146741 -0.473064 0.199159
v 0.167229 -0.4694 0.192946
v -0.297917 0.321116 -0.383022
v -0.289469 0.352316 -0.362004
v -0.359328 0.279399 -0.363025
v -0.110558 -0.286563 0.341531
v -0.393974 0.211398 -0.373106
v -0.397118 0.173986 -0.385427
v -0.231203 -0.382197 0.293716
v -0.195298 -0.392885 0.30169
v 0.496837 0.153678 0.140003
v 0.512819 0.131082 0.116366
v 0.495148 0.18287 0.122242
v 0.505397 0.172643 0.106442
v 0.52074 0.161598 0.0771546
v 0.530285 0.148582 0.0617734
v 0.473068 0.208833 0.148802
v 0.450072 0.242997 0.162678
v -0.026021 -0.42058 0.313035
v -0.0902251 -0.414628 0.311935
v 0.389273 0.209681 0.296926
v 0.428146 0.250778 0.197288
v 0.403645 0.248471 0.244304
v -0.0944561 -0.481799 0.210431
v -0.0571377 -0.486624 0.210649
v -0.0291456 -0.477601 0.234306
v -0.0525685 -0.464597 0.2574
v -0.037269 -0.489898 0.206463
v 0.373986 0.175343 0.318755
v 0.401208 0.156061 0.307532
v 0.764001 0.0676 0.178671
v -0.479413 0.0849584 0.227091
v -0.499189 0.071172 0.19704
v -0.219083 0.330764 0.325461
v 0.768427 0.083635 0.130529
v -0.237249 0.327811 0.322613
v -0.471545 0.207568 0.158656
v -0.481428 0.196384 0.147313
v -0.416061 0.199357 0.272138
v -0.409141 0.234392 0.255217
v -0.418382 0.23443 0.238312
v -0.404442 0.263374 0.232098
v 0.560105 -0.195992 -0.163062
v -0.0660636 -0.2688 -0.408746
v -0.389115 0.197626 0.305136
v 0.718379 -0.0570321 -0.125691
v 0.718936 -0.0333116 -0.132532
v 0.706803 -0.031573 -0.144826
v -0.446589 -0.302992 0.100746
v -0.440191 -0.286519 0.136444
v -0.431737 -0.273341 0.170135
v -0.412659 -0.308625 0.160298
v 0.805022 -0.020276 0.0425645
v 0.795631 -0.0584018 0.0460636
v -0.308842 -0.260463 0.323013
v -0.302383 -0.299852 0.313015
v -0.279024 -0.330369 0.309111
v -0.282475 -0.3411 0.299483
v 0.78515 -0.0807943 0.0602911
v 0.780274 -0.0762993 0.0220777
v -0.348108 -0.248435 0.311679
v -0.485734 0.136691 -0.315756
v -0.518485 0.12212 -0.28848
v -0.432204 0.21874 -0.333519
v -0.440239 0.184667 -0.339535
v -0.456298 0.146082 -0.337583
v -0.427863 0.18742 -0.349135
v -0.00576358 0.588968 -0.0758015
v -0.0159237 0.570945 0.0038616
v 0.0676197 0.537191 0.0884685
v 0.0444714 0.548441 0.0659587
v 0.0118161 0.551566 0.0622863
v 0.0300462 0.562354 0.0298176
v 0.0725879 0.555726 0.0370636
v 0.0804241 0.54069 0.0747853
v 0.0314672 0.506165 0.170502
v -0.363792 0.315418 0.233705
v -0.374444 0.286344 0.255747
v -0.0523028 0.568262 0.00506895
v -0.0198157 0.575816 -0.0147165
v -0.122998 0.565582 -0.0237983
v -0.133176 0.549356 0.0233583
v -0.11962 0.548923 0.0334929
v -0.0872265 0.560266 0.0169364
v -0.136782 0.543124 0.0388977
v -0.121123 0.54117 0.0542477
v -0.204464 -0.449944 -0.324536
v -0.0446706 0.495776 0.192406
v -0.0612507 0.480884 0.221795
v 0.00272128 0.495189 0.197833
v -0.0182966 0.485446 0.21873
v -0.0358613 0.471445 0.246659
v -0.347223 -0.434302 -0.262791
v -0.365226 -0.406676 -0.27424
v -0.7915 -0.0504019 0.220087
v -0.774848 -0.0557324 0.193636
v -0.718854 -0.0551414 0.197441
v 0.302038 0.375017 0.231169
v 0.571274 0.0858176 -0.222645
v 0.562018 0.122183 -0.226389
v -0.817093 -0.0224399 0.225219
v 0.476681 0.204252 -0.301581
v 0.494881 0.17281 -0.295594
v -0.0956351 -0.291998 -0.407182
v 0.522469 0.20616 -0.250337
v 0.532293 0.184503 -0.247548
v 0.536781 0.213984 -0.221302
v 0.514665 0.228891 -0.24839
v -0.395572 -0.415722 -0.236323
v -0.411221 -0.42513 -0.191292
v -0.436675 -0.395487 -0.201098
v -0.481283 -0.353737 -0.158799
v 0.465116 0.0752714 -0.341419
v -0.480591 -0.355251 -0.124408
v -0.776533 0.0268084 -0.10151
v -0.804886 0.0181793 -0.0762466
v -0.831303 0.037602 -0.035667
v -0.81796 0.0231798 -0.0607
v -0.846895 0.00494508 -0.0253093
v -0.866668 0.0208668 0.0141332
v -0.856573 0.0265413 -0.00264979
v -0.85398 -0.0453645 0.0101036
v -0.870894 -0.0360407 0.0360821
v -0.884039 -0.0040697 0.0553053
v 0.133854 -0.576876 -0.0928973
v 0.0827712 -0.582866 -0.0725465
v 0.0789745 -0.5876 -0.103609
v 0.070284 -0.590509 -0.134482
v 0.0744768 -0.58624 -0.0874563
v 0.0471022 -0.58757 -0.0775121
v -0.833647 -0.0268184 -0.0383251
v -0.0828189 -0.256378 -0.409003
v 0.730802 -0.0298601 0.167706
v -0.0416387 -0.583519 -0.205152
v -0.0167735 -0.590102 -0.184935
v -0.011442 -0.579234 -0.218167
v 0.687774 0.000798339 0.0821764
v 0.67386 -0.028784 0.063027
v 0.681634 0.0346226 0.0700479
v 0.704579 0.031826 0.103234
v 0.269041 0.352548 -0.375803
v 0.719051 0.00384215 0.145236
v 0.392755 0.236708 -0.357527
v 0.380247 0.231436 -0.372169
v -0.747343 0.0268664 -0.0325643
v -0.742822 0.0513482 -0.0548375
v -0.73565 0.0563607 -0.0718673
v -0.751532 0.0608097 -0.0638681
v -0.759197 0.0586454 -0.0504289
v -0.811302 0.0612331 0.192908
v -0.622625 0.0552356 -0.152512
v -0.77803 0.0611622 0.198018
v 0.0760722 0.429682 0.302877
v 0.745999 0.103935 0.0443577
v -0.00290841 -0.567879 0.0123295
v 0.00434472 -0.577463 -0.0216655
v 0.0249381 -0.579026 -0.0301585
v 0.00502574 -0.585199 -0.0544722
v -0.0168368 -0.57624 -0.0173344
v -0.043833 -0.581627 -0.0430057
v 0.0729756 -0.58127 -0.057329
v 0.115212 -0.575333 -0.0606415
v 0.0552834 0.408114 0.319164
v 0.0127288 -0.500603 0.184292
v 0.0179135 -0.516478 0.147721
v 0.0373329 -0.515316 0.148052
v 0.0583304 -0.500303 0.177916
v 0.0618764 -0.514449 0.144879
v 0.0134261 -0.527815 0.121199
v 0.0278143 -0.540028 0.0891475
v 0.152858 -0.48749 0.164435
v 0.116633 -0.491287 0.177046
v 0.107751 0.298743 0.339697
v 0.163175 -0.561959 -0.050965
v 0.209417 -0.530093 0.00791421
v -0.0820777 -0.236449 -0.409715
v -0.310655 0.284801 0.314128
v -0.300245 0.252903 0.325624
v -0.320383 0.312044 0.293861
v 0.212218 -0.510695 0.0589937
v 0.192549 -0.486789 0.135385
v -0.292762 0.341466 0.290631
v -0.238966 0.386628 0.283003
v -0.214125 0.409049 0.270421
v -0.204121 0.392408 0.298683
v -0.134404 0.372028 0.325643
v -0.17386 0.382418 0.316147
v -0.139621 0.40383 0.310995
v -0.161112 0.270183 0.340618
v -0.116776 0.298614 0.339498
v -0.133071 0.334391 0.333261
v 0.462504 0.0381754 -0.347669
v 0.443422 0.0619011 -0.365613
v -0.805408 0.0460976 0.0512091
v 0.395438 0.103008 -0.393427
v 0.34953 0.111547 -0.401814
v -0.0587444 -0.0194608 0.410382
v 0.0720197 -0.089302 0.371518
v -0.104317 -0.579083 -0.1941
v -0.139799 -0.570852 -0.197142
v -0.0498719 -0.566801 -0.23951
v -0.0153492 -0.0687162 0.434412
v -0.224878 -0.471475 -0.299637
v -0.192228 -0.477156 -0.306319
v -0.235091 -0.495797 -0.271427
v -0.258525 -0.468588 -0.286938
v -0.288581 -0.472549 -0.265341
v -0.0152275 -0.544756 -0.273416
v -0.0117325 -0.557368 -0.256695
v -0.115764 0.555959 -0.241217
v -0.138825 0.565631 -0.212425
v -0.184762 0.545596 -0.228299
v -0.150732 0.576777 -0.124391
v -0.118 0.584211 -0.138899
v -0.151391 0.575385 -0.163973
v -0.11794 0.580143 -0.178507
v -0.099241 0.587116 -0.14649
v -0.0840038 0.58605 -0.17622
v -0.136572 -0.485005 -0.314795
v -0.239944 0.543678 -0.0914496
v -0.21082 0.553207 -0.0775508
v -0.178893 0.567314 -0.103453
v -0.14413 0.574452 -0.0862807
v -0.193865 0.55914 -0.0780837
v -0.146741 0.568064 -0.0559694
v 0.0642953 -0.20506 -0.411061
v 0.382633 -0.240734 0.285442
v 0.341803 -0.285061 0.293798
v 0.415032 -0.238635 0.235252
v 0.400655 -0.296838 0.191858
v 0.425076 -0.266754 0.183929
v 0.425965 0.230463 -0.331712
v 0.434589 0.258547 -0.313237
v 0.0890796 -0.223824 -0.410217
v -0.0709806 0.505108 -0.309617
v -0.102312 0.487225 -0.320645
v -0.0908361 0.542294 -0.26722
v -0.0700183 0.520021 -0.295539
v 0.477456 0.332747 -0.215451
v 0.424986 0.346281 -0.27033
v 0.43574 0.366624 -0.239674
v -0.204248 0.492843 -0.287988
v -0.193055 0.52636 -0.254651
v 0.416356 -0.3233 -0.292908
v 0.416754 -0.290078 -0.311321
v 0.518571 -0.292986 -0.14564
v 0.52338 -0.274685 -0.183531
v 0.538628 -0.211674 -0.219049
v 0.554988 -0.201159 -0.182298
v -0.0763597 -0.019703 0.443628
v 0.53344 -0.175704 -0.249294
v 0.507296 -0.196194 -0.274673
v -0.386767 -0.322332 0.186992
v -0.334351 -0.363045 0.208955
v -0.343859 -0.332053 0.241649
v -0.362077 -0.353258 0.181678
v -0.256894 -0.360842 0.298061
v 0.553084 -0.16047 -0.223216
v 0.551585 -0.126375 -0.24065
v 0.561779 -0.183826 -0.178183
v 0.554523 -0.174921 -0.210838
v -0.275981 -0.424653 0.178347
v -0.232808 -0.426891 0.222178
v -0.244687 -0.441357 0.181704
v 0.610947 -0.0466497 -0.201041
v 0.606853 -0.0792032 -0.190714
v 0.57139 -0.0142919 -0.233858
v 0.574496 -0.0330843 -0.228518
v 0.556093 -0.041335 -0.253821
v 0.545023 -0.0110348 -0.271066
v 0.524884 -0.0249224 -0.2933
v 0.693685 0.125132 -0.0175851
v 0.0962498 -0.191504 -0.411038
v -0.441375 0.0800338 0.291498
v 0.703333 0.0499851 0.0921669
v -0.636987 0.0291731 0.250492
v 0.471287 -0.364167 -0.130513
v -0.398737 0.0308708 0.32328
v 0.722781 -0.083682 -0.103257
v 0.699683 -0.105886 -0.107675
v 0.627691 -0.0340753 -0.195956
v 0.124117 -0.174578 -0.410998
v -0.389532 -0.451058 -0.100377
v 0.0529321 -0.157911 -0.412105
v -0.418044 -0.424285 -0.095075
v -0.42384 -0.410928 -0.0613258
v -0.400494 -0.429235 -0.0452189
v -0.399284 -0.417025 -0.00774848
v -0.468934 -0.365683 -0.090029
v -0.443927 -0.396761 -0.0934929
v -0.353252 -0.415488 0.0856142
v -0.355261 -0.396916 0.117815
v -0.330513 -0.403128 0.145345
v -0.299599 -0.427544 0.14261
v -0.358886 -0.375449 0.15033
v -0.385295 -0.3451 0.15594
v -0.765253 0.015813 0.241324
v -0.752646 0.00596053 0.244242
v -0.718952 0.000234786 0.248772
v -0.423942 -0.315306 0.128828
v -0.447176 -0.324123 0.0668259
v -0.6788 -0.0256577 0.248795
v -0.597025 0.00753512 0.254421
v -0.576369 0.044044 0.24502
v -0.538896 0.0234301 0.252945
v 0.724828 0.117441 -0.00151744
v 0.712149 0.109356 0.0302164
v 0.69187 0.0849851 0.0532891
v 0.460911 -0.378005 -0.130512
v 0.676446 -0.0611755 0.0533919
v 0.670884 0.0222891 0.0611102
v 0.612152 0.0574177 0.0179716
v 0.659872 0.0667808 0.0381342
v -0.389631 0.295241 0.21813
v -0.714642 -0.0270973 0.184595
v -0.696239 -0.0368405 0.189299
v -0.384764 -0.457381 -0.138378
v -0.383684 -0.454191 -0.17737
v -0.384862 -0.439877 -0.213374
v -0.357928 -0.447972 -0.236551
v -0.169391 0.489465 0.150261
v -0.812445 -0.0345077 -0.0609059
v -0.128316 0.507964 0.133938
v -0.13967 0.520312 0.0971372
v -0.121014 0.521677 0.104639
v -0.103083 0.502427 0.15896
v -0.141068 0.535704 0.0564001
v -0.160967 0.554131 -0.0146321
v -0.228417 -0.535546 -0.215388
v -0.231113 -0.544883 -0.184442
v -0.249537 -0.536474 -0.186919
v -0.238399 -0.514591 -0.245736
v -0.181027 0.556219 -0.0447313
v -0.246083 0.533586 -0.0528912
v -0.051747 -0.573449 -0.0132124
v -0.0145985 -0.564308 0.0232511
v -0.137457 -0.57121 -0.0610552
v -0.104343 -0.575778 -0.0492722
v -0.0939605 -0.580655 -0.0650583
v -0.115122 -0.581709 -0.0944964
v 0.477693 0.0991727 0.212921
v 0.490259 0.106398 0.181569
v 0.502231 0.117119 0.148893
v 0.505388 0.0797778 0.157419
v 0.036285 -0.190778 -0.411511
v -0.0221611 -0.512801 0.156482
v -0.0529531 -0.500218 0.181402
v -0.0929437 -0.498066 0.175247
v -0.185377 -0.480918 0.156915
v -0.179164 -0.495261 0.129716
v -0.157566 -0.500885 0.133438
v -0.144717 -0.490582 0.165784
v -0.1357 -0.50543 0.137307
v -0.177929 -0.508026 0.100533
v -0.187439 0.0759345 -0.411455
v 0.60572 0.0220531 0.0231667
v -0.510867 0.0558486 0.159346
v -0.571622 0.0594545 0.21675
v -0.07416 -0.0494651 0.454226
v -0.611148 0.0584489 0.215087
v -0.457103 0.119475 0.251663
v 0.755799 -0.0998654 0.042998
v 0.681374 -0.126853 -0.0858021
v 0.711199 -0.114454 -0.0749422
v -0.257191 -0.538143 -0.119349
v -0.303208 -0.514334 -0.118036
v -0.276173 -0.525705 -0.0885101
v -0.362415 -0.474194 -0.111078
v -0.334869 -0.49502 -0.133288
v -0.325558 -0.423746 0.112985
v -0.361853 -0.422886 0.0553019
v -0.229421 -0.466224 0.146787
v -0.266595 -0.447411 0.144675
v -0.720096 -0.0286726 -0.145269
v -0.759393 -0.00834057 -0.118851
v -0.752459 0.0224985 -0.122864
v -0.59886 0.00909368 -0.219075
v -0.637453 0.0367451 -0.193285
v -0.614253 0.00514168 -0.21069
v -0.200809 -0.513454 0.0660996
v -0.20019 -0.48898 0.125641
v -0.824205 -0.0614098 0.0246487
v -0.793872 -0.0533674 0.00667986
v -0.220718 -0.539719 -0.0355959
v -0.207865 -0.536818 -0.0075698
v -0.208591 -0.530436 0.0113357
v -0.191761 -0.533523 0.0206542
v -0.202814 -0.544467 -0.0279251
v -0.168712 -0.558001 -0.0379095
v -0.743057 -0.0406 -0.0438643
v -0.475562 0.0232827 -0.339566
v -0.425975 0.0864664 -0.383759
v -0.428548 0.0164738 -0.385248
v 0.702746 -0.0874294 0.0595559
v -0.25084 -0.532236 -0.0581792
v -0.138593 -0.578969 -0.116768
v 0.710902 -0.123353 -0.0188954
v 0.7647 -0.0870355 0.115741
v -0.130261 -0.580174 -0.160138
v -0.253814 -0.539548 -0.153172
v -0.474369 0.0318136 0.260244
v -0.556651 0.0125962 0.25462
v -0.498264 -0.0248025 0.253943
v 0.452954 0.21826 -0.315679
v -0.0336821 0.461563 -0.351071
v -0.0505918 0.487275 -0.327246
v -0.196908 0.465757 -0.314919
v -0.167369 0.45887 -0.329267
v 0.0476568 -0.0498112 0.393681
v -0.601725 0.00130973 0.188858
v -0.628395 -0.0283121 0.192559
v -0.238142 -0.053032 -0.410311
v -0.780947 -0.0351115 0.169022
v -0.748495 -0.00661019 0.175657
v -0.761937 0.0416937 0.17944
v -0.541483 0.00302391 0.190008
v -0.579153 0.0319929 0.195139
v -0.781445 -0.000469555 0.16022
v -0.0488292 0.407201 -0.394087
v -0.638533 -0.00781574 -0.197713
v -0.0970094 -0.109359 -0.412472
v -0.742215 -0.0419658 -0.122171
v -0.772341 -0.0391244 -0.0978708
v -0.0530969 -0.0864235 -0.413143
v 0.0729831 0.0697102 0.510494
v -0.715767 -0.0462307 -0.0770266
v -0.7185 -0.0318936 -0.0657309
v -0.733929 -0.0106899 -0.0448767
v 0.492209 0.0701739 0.191251
v 0.464572 0.0881868 0.244848
v 0.494331 -0.0164621 0.196678
v 0.498891 0.0211298 0.18574
v 0.515584 0.0345408 0.144256
v 0.526625 0.0100589 0.119767
v 0.434081 0.0953976 0.292467
v 0.438188 0.075195 0.292679
v -0.693152 -0.0561853 -0.145214
v -0.716155 -0.0614759 -0.113486
v -0.743547 -0.0614294 -0.0881075
v -0.767663 0.0220636 -0.000444378
v -0.679646 0.00764715 -0.0969781
v -0.296116 0.492041 -0.233564
v -0.348818 0.471683 -0.205962
v -0.364166 0.459028 -0.208793
v -0.374816 0.435232 -0.234377
v -0.492312 0.207968 0.112364
v -0.482645 0.244701 0.0961812
v -0.516111 0.164049 0.0932947
v -0.501703 0.175366 0.119102
v -0.509624 0.134542 0.129463
v -0.545404 0.237432 -0.0951068
v -0.561606 0.194647 -0.090471
v -0.52875 0.26753 -0.0776293
v -0.474191 0.277198 0.0757639
v -0.494616 0.281912 0.0192708
v -0.578687 0.127102 -0.0820445
v -0.571894 0.160943 -0.0897228
v -0.565803 0.172633 -0.0731629
v -0.55333 0.162977 -0.0105754
v -0.0741171 0.444259 0.286647
v -0.0766592 0.431875 0.301182
v 0.0180261 0.410506 0.319048
v -0.00909204 0.287965 0.343953
v 0.0371059 0.332242 0.336863
v 0.461238 0.328925 0.0197542
v -0.350985 0.235108 0.314885
v -0.273907 0.175821 0.339164
v -0.248503 0.229968 0.336861
v -0.285482 0.227832 0.331964
v -0.266311 0.23861 0.33346
v -0.20425 0.241373 0.340451
v -0.610757 -0.0323503 -0.207259
v 0.629825 -0.0359877 0.0302597
v 0.652878 -0.0649156 0.0331557
v 0.652235 -0.125358 -0.02362
v 0.667023 -0.111633 0.00411726
v -0.69481 -0.0531497 -0.101831
v -0.862576 0.0594331 0.141962
v -0.594373 0.0242681 -0.112028
v -0.62578 -0.0149028 -0.132859
v -0.653669 0.0147566 -0.116666
v -0.821498 0.0539439 0.0885899
v -0.517283 0.0409177 0.147396
v -0.566471 -0.0332222 0.194947
v -0.23153 0.457751 0.163622
v -0.189929 0.47257 0.17099
v -0.210198 0.452472 0.194977
v -0.204609 0.429948 0.243145
v -0.0845264 0.491042 0.192363
v -0.141502 0.484958 0.178491
v 0.30042 -0.312899 0.306211
v 0.318432 -0.323632 0.281906
v 0.363426 -0.217533 0.312854
v 0.333 -0.205864 0.325785
v 0.755695 0.0990213 0.0606851
v 0.246396 -0.149786 0.343907
v 0.250319 -0.169915 0.341936
v 0.232308 -0.16688 0.344197
v 0.262493 -0.158263 0.341388
v 0.26908 -0.173123 0.339433
v 0.280012 -0.158153 0.33917
v 0.0199459 0.161054 -0.412113
v 0.247734 -0.204994 0.339331
v 0.257093 -0.187896 0.339712
v 0.222369 -0.183536 0.343898
v -0.0265131 0.10351 -0.413002
v 0.213425 -0.197306 0.343599
v 0.210579 -0.213921 0.342301
v 0.228625 -0.205121 0.341369
v 0.240245 -0.223378 0.338383
v 0.469492 0.0206676 -0.342506
v -0.0327173 -0.129942 -0.412635
v 0.478122 0.00720368 -0.335436
v 0.479668 -0.00901411 -0.334121
v 0.466049 0.00272951 -0.34622
v -0.194427 -0.555952 -0.0644653
v -0.210849 -0.553275 -0.0813924
v -0.194504 -0.559772 -0.0854593
v -0.194743 -0.562015 -0.105928
v -0.179955 -0.565583 -0.0942469
v -0.228371 -0.545895 -0.0786242
v -0.468124 0.14194 0.216741
v -0.177685 -0.564635 -0.17894
v -0.180735 -0.566467 -0.158422
v -0.167444 -0.571737 -0.125996
v -0.195899 -0.561859 -0.148852
v -0.195434 -0.562566 -0.127433
v -0.21059 -0.556359 -0.158979
v -0.151795 -0.576346 -0.132963
v -0.154893 -0.574895 -0.115911
v -0.166516 -0.570752 -0.105351
v -0.221009 -0.553187 -0.1167
v -0.22808 -0.54878 -0.0979826
v -0.246909 -0.543201 -0.134883
v -0.263595 -0.535681 -0.136699
v -0.23758 -0.546847 -0.151618
v -0.269241 -0.518205 -0.0374111
v -0.270521 -0.512466 -0.0198363
v -0.273452 -0.506383 -0.00556003
v -0.285462 -0.508873 -0.034858
v -0.300958 -0.498611 -0.0303358
v -0.299851 -0.50456 -0.0491527
v -0.315449 -0.498755 -0.063654
v -0.327188 -0.488655 -0.0531177
v -0.0347675 -0.0929491 -0.413118
v 0.00870647 -0.0733481 -0.413305
v -0.292703 -0.456162 0.0924556
v -0.308756 -0.445445 0.0929647
v -0.308398 -0.454512 0.0735319
v -0.328465 -0.446243 0.061075
v -0.317339 -0.457718 0.0525947
v -0.32558 -0.459158 0.0359462
v -0.299881 -0.466546 0.0586761
v -0.351929 -0.476098 -0.072422
v -0.341311 -0.478907 -0.0525255
v -0.355174 -0.468089 -0.0498048
v -0.340277 -0.453553 0.0240317
v -0.352426 -0.441843 0.0301394
v -0.356262 -0.446779 0.0107848
v -0.371485 -0.439252 -0.00124356
v -0.35781 -0.452587 -0.00813505
v -0.356821 -0.460105 -0.0280405
v -0.343931 -0.464936 -0.0136673
v -0.242216 -0.483556 0.0944319
v -0.257309 -0.475596 0.0950576
v -0.275158 -0.465997 0.094235
v -0.270274 -0.475569 0.0786952
v -0.281558 -0.476016 0.0624151
v -0.265017 -0.484195 0.064992
v -0.0116652 0.0436748 -0.413475
v 0.140384 0.168741 -0.410801
v -0.253302 -0.500775 0.0390979
v -0.270489 -0.488137 0.0479436
v -0.268654 -0.496758 0.0286978
v -0.254073 -0.507725 0.0194657
v -0.224045 -0.521111 0.0203104
v -0.0150141 -0.0332915 -0.413536
v -0.222463 -0.514917 0.0393741
v -0.236844 -0.5049 0.048851
v 0.507063 -0.00795379 -0.310535
v 0.513733 -0.0228805 -0.304267
v 0.502814 -0.0318848 -0.313742
v 0.492635 0.00378058 -0.32313
v 0.507418 0.0145881 -0.309994
v 0.44298 -0.398799 -0.146
v -0.0391023 -0.0752493 -0.413302
v 0.490331 -0.0435424 -0.323723
v -0.154863 -0.532418 0.0570676
v -0.156939 -0.538541 0.0383282
v -0.124099 -0.546538 0.0389992
v -0.121076 -0.533671 0.0759802
v -0.13785 -0.533273 0.0666989
v -0.152841 -0.525631 0.0760865
v -0.0675275 -0.569155 -0.00326416
v -0.0608261 -0.558409 0.0332075
v -0.0786585 -0.558509 0.0270291
v -0.0956534 -0.558554 0.0193695
v -0.451254 0.138167 0.252514
v -0.0998948 -0.563873 -0.000478977
v -0.0535525 -0.54254 0.0791525
v -0.0733529 -0.552616 0.0462072
v -0.0532787 -0.553427 0.0497591
v -0.0322573 -0.554751 0.0498814
v -0.0289578 -0.560826 0.0325755
v -0.0746329 -0.0625404 -0.413203
v -0.0357409 -0.544374 0.0777145
v -0.0411511 -0.537921 0.0932152
v -0.068086 -0.527906 0.112817
v -0.135252 -0.0134047 -0.412722
v -0.0469028 -0.530797 0.110249
v -0.139665 0.0581542 -0.412445
v -0.0567322 -0.518068 0.139451
v 0.112789 -0.158814 -0.411491
v -0.0763038 -0.519713 0.13033
v -0.0938387 -0.0574241 -0.413023
v -0.12719 -0.552307 0.0199
v -0.144329 -0.55158 0.00950958
v -0.146404 -0.556921 -0.0105531
v -0.116161 -0.562456 -0.00632829
v -0.118247 -0.526972 0.0948184
v -0.0990676 -0.529427 0.0980403
v -0.0799829 -0.532596 0.0973759
v 0.0828795 -0.0860944 -0.412887
v -0.101017 -0.516986 0.127912
v 0.104723 -0.175601 -0.411258
v -0.123375 -0.513778 0.12465
v -0.0835686 -0.0956685 -0.412787
v 0.506215 -0.281439 -0.026612
v 0.512424 -0.264965 -0.0176898
v 0.499024 -0.288834 -0.0159129
v 0.488747 -0.325075 -0.0591797
v 0.493196 -0.31202 -0.0441934
v 0.481828 -0.329336 -0.0431329
v 0.475903 -0.344051 -0.0592633
v -0.568632 0.0741299 -0.000102422
v 0.51502 -0.296315 -0.108699
v 0.519401 -0.284161 -0.0925516
v 0.508226 -0.303582 -0.0901937
v -0.279917 -0.525954 -0.161382
v -0.29332 -0.52019 -0.149535
v -0.294264 -0.517207 -0.170117
v -0.310204 -0.506749 -0.177805
v -0.292569 -0.513904 -0.189775
v -0.320907 -0.503979 -0.144956
v -0.334425 -0.494853 -0.152946
v -0.348142 -0.485778 -0.142733
v -0.345898 -0.486006 -0.164266
v -0.339673 -0.486875 -0.183401
v -0.35667 -0.475219 -0.179489
v -0.370863 -0.466547 -0.167739
v -0.371076 -0.46192 -0.187829
v -0.35871 -0.467044 -0.200971
v -0.344976 -0.470139 -0.216453
v -0.358554 -0.458238 -0.219559
v -0.371614 -0.444657 -0.224754
v -0.275714 -0.520161 -0.198814
v -0.288296 -0.509844 -0.208572
v -0.301808 -0.498097 -0.217513
v -0.285367 -0.503075 -0.225904
v -0.315554 -0.485143 -0.225957
v -0.329668 -0.472516 -0.230989
v -0.313346 -0.473863 -0.244648
v 0.449522 -0.365598 -0.21978
v 0.443095 -0.382346 -0.204221
v 0.436388 -0.37823 -0.223759
v 0.452995 -0.334214 -0.250261
v 0.452207 -0.350093 -0.235576
v 0.440165 -0.349 -0.251848
v 0.501856 -0.317961 -0.164897
v 0.490731 -0.334038 -0.166475
v 0.49257 -0.326829 -0.182397
v -0.392921 -0.401421 0.0410564
v -0.406996 -0.385688 0.0438628
v -0.406704 -0.394882 0.0256519
v -0.42322 -0.381773 0.0157594
v -0.413697 -0.395049 0.00953056
v -0.412772 -0.402116 -0.00455797
v -0.425597 -0.393456 -0.0166921
v -0.438618 -0.376974 -0.0127245
v -0.438049 -0.384564 -0.0293179
v -0.450136 -0.375737 -0.0437873
v -0.438192 -0.390582 -0.0459738
v -0.392896 -0.375736 0.0904071
v -0.406067 -0.369662 0.0760983
v -0.39393 -0.384041 0.0733062
v -0.380711 -0.398033 0.0714567
v -0.380537 -0.379923 0.105402
v -0.392287 -0.366424 0.107727
v -0.460353 -0.356037 -0.0262527
v -0.471209 -0.346172 -0.0373627
v -0.46154 -0.3607 -0.0416603
v -0.451499 -0.360763 -0.0115225
v -0.465799 -0.344151 -0.0162133
v -0.403847 -0.35261 0.109413
v -0.415291 -0.338506 0.110277
v -0.415334 -0.34827 0.0944013
v -0.425634 -0.344958 0.0790468
v -0.414889 -0.357108 0.080542
v -0.434183 -0.351485 0.0491509
v -0.435553 -0.34099 0.0644176
v -0.446665 -0.334642 0.0504988
v -0.457581 -0.317711 0.053482
v -0.45796 -0.327386 0.0365188
v -0.46966 -0.31812 0.023428
v -0.458765 -0.33653 0.0179723
v -0.465412 -0.336686 0.000224195
v -0.44481 -0.354263 0.0193419
v -0.321158 -0.385795 0.189796
v -0.319408 -0.395504 0.175154
v -0.305302 -0.398252 0.189559
v -0.301975 -0.366471 0.247514
v -0.309181 -0.370563 0.231783
v -0.285727 -0.376907 0.250697
v 0.0124529 -0.222592 -0.410737
v -0.276918 -0.371964 0.266971
v -0.234374 -0.409184 0.25246
v -0.248211 -0.408252 0.240332
v -0.287287 -0.393113 0.222204
v -0.291315 -0.399769 0.205133
v -0.290025 -0.410694 0.186988
v -0.291585 -0.417743 0.171928
v -0.275428 -0.414602 0.198027
v -0.259249 -0.38031 0.272989
v -0.191452 -0.32664 -0.400515
v -0.200469 -0.177386 -0.409123
v 0.077203 -0.00178339 0.51975
v 0.0957768 -0.00240763 0.51496
v 0.0859002 0.0162234 0.517733
v 0.0933958 0.0341369 0.51284
v -0.441028 0.143095 0.268055
v 0.0584951 0.00178748 0.521885
v -0.0291278 -0.0457921 -0.413472
v 0.0487212 -0.0100314 0.522521
v 0.0983088 -0.0515425 0.495505
v 0.0957715 -0.0381107 0.509086
v -0.116144 -0.563711 -0.227854
v -0.136222 -0.556295 -0.233888
v -0.182834 -0.501395 -0.287254
v -0.167679 -0.511454 -0.281802
v -0.185504 -0.514024 -0.273041
v -0.0679894 0.00442256 -0.413399
v -0.0840144 -0.539479 -0.27262
v -0.100103 -0.540512 -0.268221
v -0.0681225 -0.535475 -0.279744
v -0.150702 -0.491889 -0.305386
v -0.134367 -0.500334 -0.301833
v -0.150733 -0.506569 -0.2918
v -0.0968066 -0.516368 -0.294797
v -0.0997155 -0.529783 -0.280607
v -0.0878395 -0.0767102 -0.412947
v -0.116837 -0.507863 -0.29892
v -0.0825327 -0.507274 -0.305614
v -0.0747308 -0.521463 -0.293443
v -0.0820697 -0.558554 -0.247562
v -0.10325 -0.55718 -0.244257
v -0.0484957 -0.555578 -0.256951
v -0.0636322 -0.559592 -0.249495
v -0.0728193 -0.566593 -0.236246
v -0.194359 -0.157594 -0.409857
v -0.150769 -0.558317 -0.22269
v -0.166319 -0.553017 -0.224644
v -0.157507 -0.537426 -0.254825
v -0.172819 -0.535974 -0.250332
v -0.176838 -0.545148 -0.23336
v -0.189843 -0.535698 -0.242254
v -0.20386 -0.536394 -0.232746
v -0.468161 -0.0231234 0.26554
v -0.466515 -0.00274412 0.268484
v -0.454037 0.0244535 0.283206
v -0.463852 0.0182771 0.269947
v -0.455654 0.00438859 0.282042
v 0.0342858 -0.545807 0.0732877
v -0.105493 0.0494027 -0.412982
v 0.0300215 -0.556507 0.0443186
v -0.436259 0.130047 0.282078
v 0.0397694 -0.561143 0.0286858
v 0.0506589 -0.555831 0.0422348
v 0.0700563 -0.554963 0.0387646
v 0.0621419 -0.549874 0.0562755
v 0.074247 -0.542708 0.0716114
v 0.0549195 -0.544571 0.0723639
v 0.0478225 -0.539296 0.0874818
v 0.0861639 -0.564206 0.00293664
v 0.0785293 -0.559808 0.0206428
v 0.0667657 -0.565316 0.00785246
v 0.0475123 -0.565785 0.0122542
v 0.0528038 -0.570343 -0.00454906
v 0.0574824 -0.574539 -0.0215953
v -0.225138 -0.200183 -0.407496
v -0.224188 -0.144516 -0.409276
v -0.0116119 -0.199345 -0.411369
v 0.0907316 -0.568421 -0.0146883
v -0.0200015 -0.0171207 -0.413551
v 0.0854491 -0.515181 0.135858
v 0.0592189 -0.533179 0.100364
v 0.0769595 -0.528939 0.10591
v -0.0413132 0.031317 -0.413487
v 0.098828 -0.527488 0.101358
v 0.106785 -0.513871 0.130297
v 0.126954 -0.557877 -0.000702628
v 0.116234 -0.555519 0.0141324
v 0.106831 -0.562627 -0.00354038
v 0.107155 -0.568437 -0.0249397
v -0.043282 -0.224079 -0.410538
v 0.123304 -0.569263 -0.0405365
v -0.096168 -0.20678 -0.410456
v 0.138232 -0.563161 -0.0289969
v 0.136498 -0.559385 -0.0131054
v 0.146309 -0.553152 -0.00084164
v 0.157097 -0.531041 0.0569969
v 0.137974 -0.534407 0.0616837
v 0.139222 -0.544454 0.0321568
v 0.154995 -0.541895 0.0271545
v 0.159954 -0.545608 0.0111737
v 0.174073 -0.537719 0.0228317
v -0.0975035 -0.167801 -0.411444
v 0.187475 -0.528379 0.0369138
v -0.0944398 -0.18846 -0.41098
v 0.175937 -0.526321 0.0537692
v 0.164871 -0.523704 0.0701433
v 0.118829 -0.525321 0.0968024
v -0.0577997 0.108185 -0.412788
v 0.138755 -0.522631 0.0918321
v 0.155313 -0.520836 0.0850768
v 0.156084 -0.514394 0.10031
v 0.18033 -0.496472 0.123739
v 0.147765 -0.509171 0.118681
v 0.0727459 0.0141246 -0.413383
v 0.127229 -0.511854 0.124636
v -0.334571 0.0315674 0.337421
v -0.315393 0.0527797 0.340146
v -0.00475857 0.0594459 -0.413383
v -0.32599 0.0664917 0.33822
v -0.337058 0.0810543 0.335993
v -0.34762 0.0629064 0.334745
v -0.366884 0.0512588 0.331285
v -0.350218 0.0430335 0.3346
v -0.351034 0.027404 0.33453
v -0.297895 0.0852476 0.341694
v -0.311677 0.101903 0.339008
v -0.293274 0.106792 0.341378
v -0.305443 0.120568 0.338918
v -0.323215 0.11763 0.336436
v -0.3829 0.0786761 0.326531
v -0.396841 0.0857683 0.321688
v -0.399236 0.069983 0.321579
v -0.41686 0.0642064 0.314042
v -0.399557 0.0508958 0.322408
v 0.00684247 -0.592651 -0.101716
v -0.000299993 -0.590355 -0.0832193
v -0.0145929 -0.592235 -0.0972104
v -0.0311509 -0.5907 -0.0882359
v 0.0157433 -0.00939897 -0.413606
v -0.0201902 -0.593846 -0.11584
v -0.100178 -0.587026 -0.150708
v -0.0838081 -0.589159 -0.15588
v -0.0867989 -0.589432 -0.135694
v -0.0728967 -0.590628 -0.12104
v -0.0903095 -0.588104 -0.116139
v 0.0137114 -0.593977 -0.122247
v -0.00464789 -0.594463 -0.129211
v 0.0104295 -0.594108 -0.14312
v -0.0104201 -0.592902 -0.167426
v 0.0342886 -0.044537 -0.413438
v -0.0240628 -0.594037 -0.152738
v -0.0294313 -0.592264 -0.170451
v -0.0571282 -0.591087 -0.107372
v 0.1035 -0.0634545 -0.412825
v -0.0482016 -0.589788 -0.0895956
v -0.0667117 -0.587798 -0.0872243
v -0.0486083 -0.591583 -0.168005
v -0.0538321 -0.592661 -0.148529
v -0.0667932 -0.59073 -0.161145
v -0.07909 -0.588144 -0.172344
v -0.439822 0.0481345 0.298125
v -0.452093 0.0439628 0.284228
v -0.428992 0.0350104 0.308498
v -0.411058 -0.434128 -0.145201
v -0.425028 -0.420957 -0.14081
v -0.422186 -0.422051 -0.159935
v -0.400742 -0.442737 -0.114439
v -0.403973 -0.437868 -0.0969715
v -0.414727 -0.429592 -0.111633
v -0.428318 -0.416257 -0.111669
v -0.424324 -0.421454 -0.125128
v -0.431318 -0.410722 -0.0946386
v -0.440776 -0.403024 -0.111444
v -0.452623 -0.389166 -0.108416
v -0.450035 -0.394018 -0.126611
v -0.446852 -0.395374 -0.166288
v -0.458848 -0.380048 -0.173682
v -0.436476 -0.402432 -0.18308
v -0.436709 -0.408362 -0.152128
v -0.448939 -0.395337 -0.145353
v -0.460572 -0.38178 -0.136815
v -0.306387 -0.439283 -0.287144
v -0.0800573 -0.159278 -0.41182
v -0.325955 -0.410833 -0.29858
v -0.309816 -0.41481 -0.304972
v -0.352603 -0.403014 -0.286816
v -0.340085 -0.396273 -0.300473
v -0.34956 -0.376157 -0.308637
v -0.33197 -0.383758 -0.314204
v -0.302747 -0.386484 -0.328174
v -0.303504 -0.402028 -0.317491
v -0.315882 -0.389579 -0.319378
v -0.320479 -0.375376 -0.325982
v -0.238264 0.395699 -0.354633
v -0.234072 0.410966 -0.343566
v -0.220589 0.405008 -0.355481
v -0.27145 0.394793 -0.338074
v -0.277392 0.407979 -0.325965
v -0.245732 0.419483 -0.331902
v -0.227354 0.451369 -0.315498
v -0.215094 0.465835 -0.308444
v -0.20855 0.452401 -0.321616
v -0.238302 0.43626 -0.322681
v -0.248065 0.448833 -0.308896
v -0.385254 -0.312662 0.203429
v -0.374288 -0.327875 0.200392
v -0.372426 -0.318306 0.217271
v -0.358901 -0.324383 0.230132
v -0.369713 -0.307837 0.235755
v -0.395834 -0.296656 0.206881
v -0.39359 -0.287078 0.223175
v -0.382086 -0.29453 0.23307
v -0.388709 -0.280484 0.239343
v -0.32806 -0.303326 0.293938
v -0.310867 -0.313947 0.299728
v -0.318325 -0.293978 0.307334
v -0.347304 -0.278291 0.2964
v -0.339979 -0.267995 0.307753
v -0.355781 -0.264085 0.29841
v -0.0787375 -0.17946 -0.411423
v -0.359595 -0.278986 0.283212
v -0.370452 -0.260083 0.286711
v -0.380161 -0.242791 0.288484
v -0.384584 -0.253073 0.274463
v -0.396706 -0.249327 0.259838
v -0.386681 -0.262571 0.262255
v 0.450247 -0.0473257 -0.36047
v -0.347023 -0.312338 0.263215
v -0.354219 -0.317263 0.246787
v -0.340852 -0.325295 0.255079
v 0.462179 -0.0916841 -0.342386
v -0.332016 -0.323983 0.268318
v -0.317534 -0.335965 0.271393
v -0.322647 -0.319939 0.283826
v -0.268089 0.491453 -0.256595
v -0.250441 0.500184 -0.256831
v -0.255942 0.486377 -0.270254
v -0.127947 -0.467389 0.225305
v -0.108463 -0.472705 0.223934
v -0.100745 -0.464748 0.243369
v -0.140499 -0.45928 0.234374
v -0.12842 -0.473754 0.211587
v -0.165024 -0.410746 0.297446
v -0.157368 -0.423164 0.286274
v -0.144909 -0.415896 0.299675
v -0.171518 -0.426706 0.273177
v -0.189036 -0.415998 0.278368
v -0.18743 -0.426288 0.262841
v -0.202793 -0.425507 0.252258
v -0.18656 -0.435976 0.246314
v -0.103012 -0.424802 0.302153
v -0.111538 -0.410683 0.311811
v -0.124334 -0.420433 0.30128
v -0.837669 -0.0604048 0.154104
v -0.0381958 -0.431825 0.302993
v -0.0483606 -0.415893 0.314561
v -0.058816 -0.430911 0.30166
v -0.0812598 -0.430428 0.299474
v -0.0680533 -0.442905 0.287402
v -0.0777425 -0.453468 0.270903
v -0.0585305 -0.454261 0.273863
v -0.0685163 -0.461319 0.260048
v -0.0390231 -0.458416 0.270281
v -0.159216 -0.456492 0.228077
v -0.172267 -0.446124 0.2383
v 0.121408 0.170841 -0.411091
v -0.194397 -0.451891 0.209716
v -0.211581 -0.45105 0.19569
v -0.19683 -0.458376 0.194533
v -0.188046 -0.46683 0.184546
v -0.180838 -0.461388 0.201989
v -0.163281 -0.464243 0.209735
v -0.331296 0.468477 -0.234963
v -0.317682 0.469419 -0.246948
v -0.326555 0.457252 -0.253994
v 0.0252468 -0.477406 0.233767
v 0.0278009 -0.486376 0.213875
v 0.0411944 -0.480976 0.223654
v 0.0590329 -0.479264 0.223299
v 0.047134 -0.473904 0.237683
v 0.0555356 -0.465945 0.252612
v 0.0478407 0.149588 -0.41223
v 0.0158443 -0.470473 0.249492
v -0.00409239 -0.458122 0.274101
v 0.0176766 -0.4619 0.266422
v 0.0303848 -0.453622 0.280133
v 0.0449745 -0.446682 0.289714
v 0.0242327 -0.443074 0.295304
v 0.0688832 -0.485232 0.207542
v 0.0788902 -0.476819 0.222721
v 0.0981269 -0.474183 0.221402
v 0.0880968 -0.468164 0.238002
v 0.0971293 -0.459613 0.252532
v 0.0769427 -0.462551 0.25385
v 0.0683772 -0.428526 0.306401
v 0.0589921 -0.439305 0.297648
v 0.101496 -0.433795 0.296178
v 0.0773071 0.107584 -0.412631
v 0.100704 -0.444401 0.281116
v 0.107666 -0.451412 0.264574
v 0.120636 -0.442873 0.274601
v 0.141326 -0.438439 0.270888
v 0.132294 -0.432594 0.285488
v -0.397319 0.368986 -0.279607
v -0.410463 0.375682 -0.261981
v -0.388951 0.400779 -0.259121
v -0.377983 0.394748 -0.274309
v -0.415118 0.387911 -0.244866
v -0.402091 0.390279 -0.256736
v -0.202398 0.0890314 -0.410983
v 0.156814 -0.573615 -0.117921
v 0.140694 -0.578165 -0.131749
v 0.156462 -0.574257 -0.136581
v -0.0948946 -0.147424 -0.41187
v 0.170977 -0.570267 -0.133786
v 0.18547 -0.565853 -0.14764
v 0.178077 -0.567638 -0.117327
v -0.153563 0.127941 -0.411474
v 0.226493 -0.550761 -0.117997
v 0.197834 -0.561681 -0.121578
v 0.202137 -0.56059 -0.139714
v -0.0742563 0.159028 -0.411928
v -0.0648898 -0.149722 -0.412143
v 0.234613 -0.547654 -0.13606
v 0.12899 -0.580258 -0.148331
v 0.100866 -0.585952 -0.137829
v 0.120923 -0.580089 -0.166197
v 0.136561 -0.575332 -0.177757
v -0.0488479 -0.140134 -0.412425
v 0.117613 -0.573794 -0.201174
v 0.116839 -0.567237 -0.218239
v 0.135009 -0.56611 -0.212241
v 0.153192 -0.564362 -0.205347
v 0.149918 -0.557376 -0.223037
v 0.143649 -0.549381 -0.240342
v 0.162463 -0.547517 -0.234973
v 0.187667 -0.55512 -0.201333
v 0.187793 -0.54943 -0.216435
v 0.203483 -0.546931 -0.207883
v 0.215766 -0.537641 -0.218853
v 0.221138 -0.542895 -0.199304
v 0.233396 -0.546897 -0.159219
v 0.21613 -0.552778 -0.168023
v 0.227808 -0.545673 -0.179514
v -0.467564 -0.0437982 0.262221
v -0.466237 -0.0638871 0.257189
v -0.457272 -0.0579577 0.274186
v -0.196406 -0.418595 -0.353584
v -0.190984 -0.442076 -0.335169
v -0.167453 -0.446948 -0.338483
v -0.179487 -0.470955 -0.315389
v -0.229681 -0.393337 -0.362943
v -0.228877 -0.409294 -0.348408
v -0.243702 -0.3976 -0.351338
v -0.257231 -0.399546 -0.341769
v -0.246341 -0.381728 -0.363917
v -0.27666 -0.374843 -0.349987
v -0.277971 -0.361265 -0.361025
v -0.250975 -0.364686 -0.375598
v -0.190644 -0.408223 -0.367382
v -0.211565 -0.404343 -0.361298
v -0.217355 -0.386194 -0.374951
v 0.763758 0.0942994 0.0778682
v -0.552543 -0.0300229 0.252221
v -0.502802 -0.322027 -0.158116
v -0.496931 -0.332453 -0.141866
v -0.50691 -0.317108 -0.139309
v -0.53 -0.273284 -0.109423
v -0.536619 -0.25829 -0.101567
v -0.538624 -0.258168 -0.120903
v -0.506368 -0.30444 -0.19464
v -0.505645 -0.31324 -0.175795
v -0.514566 -0.298206 -0.17651
v -0.522553 -0.288611 -0.160796
v -0.522147 -0.284643 -0.178244
v -0.0491904 -0.158709 -0.412132
v -0.526496 -0.271341 -0.188969
v -0.523082 -0.288384 -0.119827
v -0.523039 -0.289669 -0.14057
v -0.515351 -0.302889 -0.130986
v -0.507038 -0.315918 -0.118985
v -0.497005 -0.330065 -0.109417
v -0.504403 -0.31704 -0.0989644
v -0.546436 -0.242604 -0.132388
v -0.553081 -0.22576 -0.124393
v -0.553029 -0.226961 -0.143145
v -0.0331503 -0.149265 -0.412349
v -0.5522 -0.226562 -0.162013
v 0.18169 0.0433877 -0.411679
v -0.550894 -0.223166 -0.180195
v -0.542904 -0.23488 -0.192442
v -0.476663 -0.282951 0.0613486
v -0.477725 -0.268977 0.0777793
v -0.484894 -0.267956 0.062427
v -0.490411 -0.252987 0.0685447
v -0.494257 -0.258603 0.0519625
v -0.503299 -0.249717 0.0403641
v -0.497228 -0.264986 0.0352589
v -0.500407 -0.270235 0.0188797
v -0.488887 -0.282853 0.0310246
v -0.522857 -0.197741 0.0481668
v -0.528458 -0.179151 0.0505167
v -0.530516 -0.191823 0.0328741
v -0.00519328 -0.128275 -0.412708
v -0.514299 -0.206832 0.0615507
v -0.51965 -0.187829 0.0657185
v -0.480319 -0.244607 0.102164
v -0.4739 -0.26155 0.096399
v -0.469949 -0.254027 0.114557
v -0.459347 -0.262241 0.127497
v -0.466501 -0.244874 0.132337
v -0.483945 -0.21926 0.121254
v -0.485053 -0.229726 0.107953
v -0.00157701 -0.165391 -0.412125
v -0.473995 -0.226389 0.135947
v 0.359928 -0.264231 -0.370981
v -0.482174 -0.208047 0.135789
v -0.530461 -0.207036 0.0166373
v -0.53715 -0.203976 -0.000417013
v -0.544379 -0.197697 -0.0171746
v -0.537132 -0.21651 -0.0165119
v -0.51145 -0.256958 0.00753092
v -0.517976 -0.238729 0.0142411
v -0.521345 -0.244705 -0.00426804
v -0.529961 -0.234846 -0.0181226
v -0.522594 -0.253498 -0.0223707
v -0.509561 -0.198531 0.0811257
v -0.500769 -0.19978 0.100994
v -0.492025 -0.201882 0.119183
v -0.500449 -0.183575 0.115655
v -0.60545 -0.0598322 0.226633
v -0.596955 -0.0485641 0.241167
v -0.596644 -0.0750404 -0.168775
v -0.236682 0.0980222 -0.409794
v -0.532422 -0.058277 0.230023
v -0.512594 -0.058235 0.233024
v -0.525504 -0.0489661 0.243724
v -0.403201 -0.390471 -0.256088
v -0.406678 -0.40056 -0.241658
v -0.415237 -0.384743 -0.248874
v -0.422818 -0.369339 -0.255565
v -0.254607 0.0879184 -0.409324
v -0.254107 0.0462876 -0.409828
v -0.406585 -0.374263 -0.267235
v -0.41741 -0.357054 -0.271345
v -0.429769 -0.341948 -0.271568
v -0.414046 -0.343088 -0.284546
v -0.430641 -0.311205 -0.291533
v -0.431526 -0.294263 -0.300713
v -0.416478 -0.310866 -0.303123
v -0.46593 -0.284032 -0.275348
v -0.47102 -0.26544 -0.28116
v -0.457078 -0.273803 -0.2899
v -0.437606 -0.364737 -0.243444
v -0.442954 -0.373168 -0.226309
v -0.45196 -0.356901 -0.232962
v -0.458481 -0.325412 -0.254314
v -0.460548 -0.338989 -0.239639
v -0.472697 -0.320847 -0.240167
v -0.485545 -0.315242 -0.226287
v -0.481956 -0.303593 -0.242387
v -0.248564 -0.349434 0.310635
v -0.239342 -0.365908 0.303356
v -0.229155 -0.351203 0.315823
v -0.260532 -0.280553 0.328795
v -0.249039 -0.297509 0.327728
v -0.231068 -0.297745 0.330014
v 0.00120165 -0.18474 -0.411727
v -0.241079 -0.277706 0.331705
v -0.192412 -0.366365 0.318556
v -0.0808677 -0.300459 -0.407015
v -0.180937 -0.356434 0.324093
v -0.191626 -0.269356 0.337708
v -0.202072 -0.251561 0.338849
v -0.209982 -0.268771 0.336087
v -0.226741 -0.267864 0.334548
v 0.415053 -0.416541 -0.195662
v -0.212084 -0.301358 0.331412
v -0.20936 -0.320371 0.328065
v -0.192259 -0.306677 0.332473
v -0.273134 -0.316344 0.317847
v -0.260543 -0.332769 0.315475
v -0.255133 -0.316323 0.322806
v -0.0176026 -0.158487 -0.412233
v -0.094638 -0.128238 -0.412195
v -0.149077 -0.346227 0.330129
v -0.162679 -0.334626 0.330962
v -0.886274 0.0305948 0.0995653
v -0.875549 0.0495341 0.0935143
v -0.880812 0.0383333 0.0792274
v 0.109637 -0.530246 -0.276937
v 0.121033 -0.520365 -0.285335
v 0.122054 -0.508582 -0.297006
v 0.138178 -0.514369 -0.287276
v 0.0461694 -0.512497 -0.305098
v 0.0614159 -0.520018 -0.295892
v 0.0347123 -0.538146 -0.27926
v 0.0516911 -0.499156 -0.317016
v 0.0362475 -0.490386 -0.32555
v 0.353264 -0.282002 -0.364661
v 0.160312 -0.492973 -0.301987
v 0.176519 -0.49984 -0.290513
v 0.157751 -0.506958 -0.289383
v 0.142962 -0.48654 -0.312263
v 0.123742 -0.494837 -0.309509
v 0.125454 -0.480212 -0.32162
v 0.0875225 -0.498986 -0.312682
v 0.0715613 -0.492304 -0.320767
v 0.0902563 -0.483732 -0.325192
v 0.0911893 -0.468298 -0.3375
v 0.108356 -0.474244 -0.329814
v -0.519339 0.057421 0.138052
v -0.513902 0.0737887 0.145842
v -0.367482 -0.297647 -0.34392
v -0.352607 -0.301406 -0.353335
v -0.342337 -0.316426 -0.351453
v -0.358791 -0.314989 -0.34003
v -0.383462 -0.235813 -0.37086
v -0.374832 -0.251998 -0.368373
v -0.395765 -0.255818 -0.345689
v -0.408587 -0.260551 -0.333859
v -0.4058 -0.242804 -0.344292
v -0.417114 -0.227512 -0.342366
v -0.400431 -0.227443 -0.357126
v -0.585208 0.0956425 -0.0876336
v -0.588081 0.0840903 -0.0979577
v -0.586814 0.0769032 -0.0820778
v -0.0613078 -0.210504 -0.410791
v -0.572578 0.141652 -0.0659547
v -0.576526 0.121449 -0.0633606
v -0.571181 0.131103 -0.0478605
v -0.569234 0.120381 -0.0305365
v -0.565497 0.138486 -0.031316
v -0.099235 -0.13858 0.361056
v -0.118125 -0.136004 0.359465
v -0.109838 -0.154219 0.358043
v -0.118589 -0.170941 0.355226
v -0.099932 -0.172236 0.356612
v -0.0992471 -0.0387242 0.374481
v -0.0932731 -0.0555144 0.37374
v -0.0849974 -0.0397463 0.379266
v -0.086937 -0.123455 0.3644
v -0.0729181 -0.110525 0.368109
v -0.0558572 -0.119241 0.368511
v -0.0588384 -0.103273 0.371296
v -0.0734009 -0.0907431 0.371553
v -0.132498 -0.0510439 0.366337
v -0.122605 -0.0681802 0.366602
v -0.112709 -0.0494165 0.370223
v 0.00635647 -0.204082 -0.411251
v -0.159632 -0.10145 0.358191
v -0.73215 -0.037192 0.239858
v -0.150148 -0.0862187 0.360806
v -0.179147 -0.0982281 0.355971
v -0.186192 -0.114392 0.353857
v -0.169629 -0.112586 0.356008
v -0.154905 -0.120666 0.357053
v -0.138158 -0.13241 0.357741
v -0.158287 -0.139589 0.354844
v -0.14652 -0.153379 0.354623
v -0.1558 -0.171561 0.351778
v -0.136835 -0.170455 0.353653
v -0.508061 0.0897967 0.154165
v 0.64074 0.0382581 0.0354282
v 0.41432 -0.422633 -0.177974
v -0.521814 0.103168 0.116975
v -0.268456 -0.354664 -0.373648
v -0.255861 -0.346805 -0.385206
v -0.324032 -0.300991 -0.378695
v -0.117535 -0.264744 -0.408085
v 0.745303 0.098048 0.0755955
v -0.293644 -0.329506 -0.377071
v -0.309558 -0.314753 -0.377946
v -0.276981 -0.320582 -0.389405
v -0.528155 0.134199 0.0839312
v 0.168297 -0.143531 -0.410893
v -0.532163 0.141728 0.0684884
v -0.53481 0.152024 0.0538453
v -0.540517 0.13078 0.0532022
v 0.0651302 -0.576798 -0.215231
v -0.118501 -0.248804 -0.408703
v 0.0363907 -0.569255 -0.235296
v 0.0443794 -0.57716 -0.21889
v 0.0245173 -0.576883 -0.222141
v 0.0103051 -0.582269 -0.210862
v 0.004926 -0.574459 -0.228291
v -0.553656 0.0343086 0.0579649
v 0.216351 -0.118563 -0.409955
v -0.560781 0.0325969 0.038112
v -0.0159936 -0.277394 0.345574
v -0.032553 -0.290574 0.343678
v -0.0516569 -0.285227 0.34411
v 0.336311 -0.457005 0.0176153
v 0.368524 -0.275405 -0.356148
v -0.577399 0.147428 -0.161536
v -0.118258 -0.230706 -0.409345
v -0.000544487 -0.293623 0.343219
v 0.0139291 -0.361261 0.332293
v 0.333619 -0.443991 0.0530037
v -0.00334383 -0.356524 0.33325
v 0.00579235 -0.324756 0.338584
v -0.328121 0.46562 0.015731
v -0.0311232 -0.363061 0.332131
v -0.0347993 -0.382225 0.327963
v -0.401038 -0.408135 0.00936193
v -0.00672018 -0.335812 0.336882
v 0.0268219 -0.345822 0.33487
v 0.0394262 -0.33161 0.336938
v 0.0215759 -0.326432 0.33811
v 0.0121003 -0.309311 0.340818
v -0.10284 -0.365125 0.329486
v 0.246117 0.436525 0.187686
v -0.0955547 -0.347678 0.333256
v -0.0863894 -0.331405 0.336379
v -0.0462907 -0.363211 0.332027
v -0.0654823 -0.360871 0.332078
v -0.0843592 -0.36535 0.330502
v -0.0917867 -0.382825 0.325798
v -0.435023 -0.0748667 -0.377376
v 0.482389 -0.224796 0.111146
v 0.248911 0.177248 -0.40711
v 0.348829 0.0545481 -0.403539
v -0.0710458 -0.27935 0.344349
v -0.0779666 -0.258114 0.346921
v -0.0922062 -0.275761 0.343948
v -0.046041 -0.474889 -0.337512
v -0.0576685 -0.48773 -0.325422
v -0.0653717 -0.472339 -0.337655
v 0.427743 0.415012 -0.153154
v -0.0298727 -0.482928 -0.331691
v -0.0103972 -0.468136 -0.345661
v 0.00739167 -0.46721 -0.346613
v 0.464297 0.28075 -0.27662
v -0.0394844 -0.447618 -0.36724
v -0.0432577 -0.459319 -0.352964
v -0.0619068 -0.449745 -0.362299
v -0.591173 0.0494379 -0.09856
v -0.592001 0.0310626 -0.0977658
v -0.589671 0.0383537 -0.0810128
v 0.467974 0.264335 -0.282316
v -0.586654 0.0474595 -0.0648739
v -0.589717 0.0677415 -0.09814
v -0.594623 0.0408807 -0.118002
v -0.180495 -0.398583 -0.380614
v -0.156321 -0.424517 -0.366028
v -0.140002 -0.408034 -0.384866
v -0.159944 -0.402663 -0.384326
v -0.146209 -0.391363 -0.392089
v -0.104842 -0.420065 -0.382804
v -0.122114 -0.414829 -0.383193
v -0.109657 -0.400782 -0.391845
v -0.0862603 -0.423498 -0.383718
v 0.440666 0.401772 -0.145929
v -0.88726 -0.00974362 0.160065
v -0.882032 -0.0294515 0.160339
v -0.282902 -0.240359 -0.401268
v -0.290029 -0.222994 -0.401993
v -0.270582 -0.223482 -0.40365
v -0.261805 -0.204875 -0.405364
v -0.250498 -0.225737 -0.404882
v -0.230565 -0.219694 -0.406327
v -0.234208 -0.240144 -0.404991
v -0.220995 -0.253082 -0.404952
v -0.248791 -0.251062 -0.40333
v -0.176883 -0.121118 -0.411138
v -0.1896 -0.0758854 -0.411413
v -0.154142 -0.0934318 -0.411912
v -0.126728 -0.0766321 -0.412461
v -0.142441 -0.124617 -0.411735
v -0.111763 -0.120987 -0.41214
v -0.149789 -0.159009 -0.410883
v 0.275692 -0.351253 0.290108
v -0.165073 -0.166946 -0.410357
v -0.185843 -0.192095 -0.409079
v 0.177382 -0.0257718 0.359305
v -0.19654 -0.118649 -0.410646
v 0.00306081 -0.254163 -0.40979
v 0.00681904 -0.274276 -0.408983
v 0.0292554 -0.276555 -0.408758
v -0.0123251 -0.28236 -0.408645
v -0.023116 -0.296748 -0.407825
v -0.0486942 -0.277361 -0.408605
v -0.0840398 -0.278231 -0.408054
v -0.0501426 -0.257647 -0.40937
v -0.0663478 -0.248458 -0.409499
v 0.25953 -0.357649 0.29669
v -0.00162146 -0.235992 -0.410338
v -0.244013 -0.296771 -0.399356
v -0.246424 -0.274795 -0.401529
v -0.229155 -0.284256 -0.401985
v -0.215319 -0.271413 -0.403979
v -0.210527 -0.291019 -0.402637
v -0.191164 -0.294223 -0.403584
v -0.206541 -0.312147 -0.400934
v -0.212767 -0.161048 -0.409236
v -0.181776 -0.173258 -0.409763
v -0.219587 -0.18077 -0.408437
v -0.205695 -0.196589 -0.408337
v -0.238548 -0.182395 -0.407671
v -0.256373 -0.183998 -0.4067
v -0.252086 -0.160339 -0.407811
v -0.269955 -0.142948 -0.407382
v -0.25462 -0.134834 -0.40835
v -0.252453 -0.11083 -0.408925
v -0.2375 -0.128727 -0.409151
v -0.217384 -0.12569 -0.409874
v -0.150148 -0.343187 -0.401257
v -0.160902 -0.357598 -0.398594
v -0.172715 -0.339434 -0.400337
v -0.126751 -0.182885 -0.410623
v -0.173721 -0.318893 -0.402502
v -0.172784 -0.299999 -0.404148
v -0.156282 -0.312048 -0.404011
v -0.137595 -0.310187 -0.404876
v -0.141618 -0.327564 -0.403311
v -0.129529 -0.344426 -0.402028
v -0.0433117 -0.203751 -0.411167
v -0.0640373 -0.229058 -0.41017
v -0.0778617 -0.198989 -0.410929
v -0.112528 -0.195889 -0.410504
v -0.0642917 -0.169338 -0.41181
v -0.0797126 -0.138823 -0.412171
v -0.0338439 -0.1681 -0.412046
v -0.0179798 -0.138689 -0.412538
v -0.0181128 -0.17981 -0.411837
v 0.015068 -0.170391 -0.412008
v -0.0877616 0.0479563 -0.413204
v -0.00683652 -0.217938 -0.410852
v -0.102198 -0.32706 -0.40479
v -0.117878 -0.310459 -0.405527
v -0.0983352 -0.308444 -0.406216
v -0.0586898 0.584824 -0.0660647
v -0.0655292 -0.310741 -0.406682
v -0.0458744 -0.298685 -0.407563
v -0.0506573 -0.320967 -0.406167
v -0.036631 -0.329759 -0.405649
v -0.0682459 -0.332232 -0.405142
v -0.0689566 -0.35274 -0.403141
v -0.0878372 -0.343975 -0.403618
v -0.109323 -0.344799 -0.402823
v 0.358061 -0.462557 -0.208048
v 0.362252 -0.466987 -0.188163
v 0.347182 -0.476093 -0.195188
v 0.401682 -0.431224 -0.190088
v 0.391293 -0.44418 -0.178849
v 0.386598 -0.441759 -0.199423
v 0.373448 -0.447005 -0.213541
v 0.38688 -0.431714 -0.219119
v 0.391185 -0.448613 -0.109206
v 0.377075 -0.460672 -0.113019
v 0.386953 -0.453498 -0.127623
v 0.381266 -0.458206 -0.144133
v 0.393552 -0.447507 -0.143318
v -0.125356 0.0726145 -0.412554
v 0.407636 -0.434795 -0.140847
v 0.358553 -0.476193 -0.136607
v 0.354817 -0.478267 -0.155753
v 0.369374 -0.467512 -0.151211
v 0.272669 -0.494215 0.0262923
v 0.258642 -0.503109 0.022436
v 0.269266 -0.502739 0.00794115
v 0.279805 -0.502242 -0.0077765
v 0.273542 -0.511334 -0.0263014
v -0.577657 0.136683 -0.177797
v -0.102918 -0.000951109 -0.413082
v 0.285947 -0.492926 0.00931128
v 0.302825 -0.474849 0.0301588
v 0.290748 -0.485184 0.0226508
v 0.285048 -0.483047 0.0368676
v -0.603766 0.0431107 -0.207985
v 0.292406 -0.461864 0.0768348
v 0.30491 -0.461453 0.0595721
v 0.297093 -0.471869 0.0466834
v -0.0881573 0.0131324 -0.413237
v -0.0795186 0.0316931 -0.413313
v -0.0217448 0.0287295 -0.413539
v 0.319615 -0.466145 0.0241608
v 0.320457 -0.45254 0.0553934
v 0.31097 -0.451092 0.0737084
v 0.379037 -0.434471 -0.0123735
v 0.372969 -0.449152 -0.0408565
v 0.359303 -0.462342 -0.0487597
v 0.344365 -0.470507 -0.0380164
v 0.358998 -0.46686 -0.0657014
v 0.328479 -0.494262 -0.0940877
v 0.3377 -0.489602 -0.106792
v 0.341434 -0.484453 -0.0884076
v 0.342643 -0.480272 -0.070978
v 0.326356 -0.489276 -0.0609025
v 0.315007 -0.502215 -0.0903024
v 0.309726 -0.497425 -0.0508144
v 0.307515 -0.493995 -0.033453
v -0.0691241 0.0485659 -0.413343
v 0.292251 -0.504702 -0.0390275
v -0.150996 -0.202603 -0.409626
v 0.279307 -0.517492 -0.0607828
v 0.289584 -0.514288 -0.072754
v 0.346368 -0.438368 0.0438372
v -0.444223 -0.10543 -0.360819
v 0.355496 -0.45311 -0.0105477
v 0.366984 -0.440737 -0.0019718
v 0.36476 -0.435249 0.0164758
v -0.610077 0.056727 -0.193968
v 0.361525 -0.430142 0.034664
v -0.16972 -0.206233 -0.409064
v -0.544776 -0.109823 0.0553801
v -0.54809 -0.0897843 0.0558421
v 0.919747 0.0291008 0.283662
v -0.541541 -0.127312 0.0542947
v -0.547443 -0.122278 0.0408428
v -0.541672 -0.141488 0.0444378
v -0.537696 -0.119671 0.0689174
v -0.530569 -0.130502 0.0808465
v -0.533166 -0.110009 0.0855266
v -0.811883 0.0484088 0.153686
v -0.812904 0.0404079 0.137978
v -0.828106 0.057194 0.141294
v -0.311236 -0.211804 0.330072
v -0.325672 -0.202407 0.328499
v -0.323677 -0.183084 0.331049
v -0.343214 -0.192639 0.326203
v -0.35722 -0.175143 0.325002
v -0.362938 -0.196468 0.319636
v -0.374024 -0.169234 0.320598
v -0.308464 -0.104069 0.338907
v -0.306152 -0.123156 0.338185
v -0.29281 -0.104297 0.341074
v -0.27501 -0.102202 0.343541
v -0.282578 -0.0840232 0.34339
v -0.712251 0.0585838 0.221978
v -0.266436 -0.119993 0.343639
v -0.273331 -0.138749 0.341575
v -0.29298 -0.140866 0.338878
v -0.279364 -0.156734 0.339517
v -0.304176 -0.17787 0.334505
v -0.3183 -0.163912 0.333613
v -0.289567 -0.193367 0.335156
v -0.284714 -0.174911 0.337383
v -0.323658 -0.110093 0.336367
v -0.341227 -0.114666 0.333352
v -0.358663 -0.119804 0.329764
v -0.374344 -0.124986 0.325761
v -0.362382 -0.138398 0.327595
v -0.0462598 0.0979609 -0.412974
v -0.55873 -0.181148 -0.0519676
v -0.563893 -0.165209 -0.0530775
v -0.564793 -0.153459 -0.0433083
v -0.569606 -0.150951 -0.0622819
v -0.57031 -0.165422 -0.0914839
v -0.190021 -0.226563 -0.407743
v -0.564473 -0.182359 -0.0862159
v -0.577481 -0.116256 -0.0630055
v -0.574824 -0.114933 -0.0485476
v -0.579063 -0.0986584 -0.0542666
v -0.581589 -0.117786 -0.0912885
v -0.584755 -0.0986661 -0.0885502
v -0.58604 -0.102544 -0.105755
v -0.575074 -0.15077 -0.098014
v -0.573613 -0.160249 -0.110828
v -0.583256 -0.124568 -0.124398
v -0.0885133 0.0954014 -0.412749
v -0.388837 -0.219594 -0.373596
v -0.390445 -0.202249 -0.378873
v -0.375944 -0.212013 -0.386347
v -0.378155 -0.17786 -0.392457
v -0.394129 -0.182999 -0.383715
v 0.11388 -0.0143423 -0.412917
v -0.405203 -0.16533 -0.382321
v -0.397065 -0.152161 -0.389526
v -0.197515 -0.239773 -0.406829
v -0.444978 -0.0867249 -0.36364
v -0.446344 -0.066877 -0.365776
v -0.431739 -0.0959684 -0.376615
v -0.453673 -0.0251137 -0.362008
v -0.448847 -0.0460701 -0.366247
v -0.458844 -0.0413133 -0.354788
v 0.197693 -0.450794 0.206866
v 0.206983 -0.454561 0.191215
v 0.216509 -0.443686 0.204134
v 0.233678 -0.439039 0.196252
v 0.229107 -0.43115 0.215886
v 0.23504 -0.418631 0.232732
v 0.217921 -0.427247 0.233582
v 0.225692 -0.41451 0.248632
v -0.185259 -0.259873 -0.406266
v 0.199474 -0.435072 0.235347
v 0.179986 -0.426749 0.265659
v 0.189945 -0.431059 0.250549
v 0.198664 -0.419191 0.264059
v 0.216365 -0.410191 0.263962
v 0.205327 -0.406556 0.278008
v 0.19419 -0.403125 0.289667
v 0.310437 -0.364746 0.23553
v 0.298961 -0.377933 0.229524
v 0.287988 -0.390637 0.222253
v 0.304811 -0.38348 0.212771
v 0.308831 -0.389732 0.196673
v 0.321839 -0.374863 0.203688
v 0.279382 -0.362286 0.274351
v 0.280384 -0.373594 0.258257
v 0.293574 -0.36039 0.262754
v 0.307649 -0.356817 0.251306
v 0.306939 -0.346641 0.266411
v 0.253003 -0.373393 0.284597
v 0.26661 -0.36383 0.284146
v 0.250929 -0.349162 0.308913
v 0.23723 -0.385273 0.282345
v 0.223672 -0.382918 0.294374
v 0.223549 -0.368867 0.30713
v 0.207488 -0.380459 0.304924
v 0.191274 -0.375515 0.313999
v 0.18924 -0.392417 0.302874
v 0.278991 -0.411082 0.197806
v 0.276541 -0.403747 0.213655
v 0.262389 -0.41677 0.20699
v 0.246971 -0.419748 0.2185
v -0.682366 0.0564194 0.2285
v 0.24959 -0.43622 0.184775
v 0.265661 -0.431938 0.174792
v 0.267952 -0.438712 0.158502
v -0.501575 0.0667276 0.215861
v 0.282166 -0.42603 0.165909
v 0.280487 -0.418768 0.18198
v 0.294952 -0.404506 0.18936
v -0.489537 -0.00521904 -0.328159
v -0.478358 -0.0185341 -0.3374
v -0.1271 -0.277477 -0.407263
v -0.488073 0.0157023 -0.329203
v -0.499188 0.0280274 -0.319231
v -0.48659 0.0373799 -0.329388
v -0.485145 0.0592676 -0.328676
v -0.47406 0.0445309 -0.339628
v -0.568433 -0.112464 -0.221505
v -0.559356 -0.117523 -0.236905
v -0.561974 -0.132582 -0.226406
v -0.555115 -0.153796 -0.229886
v -0.565258 -0.144336 -0.213129
v -0.543899 -0.154342 -0.248513
v -0.539315 -0.139077 -0.260259
v -0.532973 -0.155427 -0.263185
v -0.524551 -0.147889 -0.275909
v -0.533182 -0.169246 -0.25732
v -0.542203 -0.187626 -0.234852
v -0.532211 -0.185958 -0.250686
v -0.530486 -0.20542 -0.242973
v -0.517284 -0.218158 -0.254505
v -0.535559 -0.217543 -0.227314
v -0.880813 -0.03646 0.0748802
v -0.873755 -0.0501886 0.0858229
v -0.883718 -0.0378157 0.0959607
v -0.409945 -0.206573 0.275868
v -0.41724 -0.191247 0.275635
v -0.438732 -0.182 0.246557
v -0.446058 -0.162169 0.246669
v -0.44834 -0.175639 0.232644
v -0.441977 -0.123259 0.277263
v -0.447668 -0.131043 0.26273
v -0.43771 -0.138416 0.276543
v -0.432072 -0.155822 0.275721
v -0.426473 -0.142398 0.290973
v -0.573822 -0.071437 -0.015804
v -0.569413 -0.0744806 -0.00127749
v -0.572159 -0.0570633 -0.00447164
v -0.569056 -0.048357 0.00864806
v -0.579776 -0.0339517 -0.0265677
v -0.581808 -0.0490444 -0.0391183
v -0.166731 0.0629257 0.359326
v -0.584344 -0.0322674 -0.0471612
v -0.556206 -0.0241171 0.051705
v -0.554019 -0.00266534 0.0596378
v -0.56011 -0.00502244 0.0422933
v -0.563246 0.0112679 0.0330965
v -0.563501 -0.0218697 0.0310369
v -0.560899 -0.0728954 0.0264427
v -0.55758 -0.059798 0.0403012
v -0.563634 -0.0528979 0.0244362
v -0.588008 -0.0311836 -0.0671463
v -0.586513 -0.01514 -0.0567518
v -0.584593 -0.000922673 -0.0455387
v -0.588219 0.00447053 -0.065955
v -0.572484 -0.00508858 0.0038719
v -0.568492 0.00685274 0.0170029
v -0.572867 0.0126665 0.00206801
v -0.572366 0.0301873 0.00159544
v -0.583057 -0.0762619 -0.207556
v -0.573423 -0.07865 -0.225213
v -0.575152 -0.0933895 -0.215378
v 0.0852593 0.0287998 -0.413241
v 0.0213391 -0.446356 -0.369006
v 0.276458 0.027906 -0.408783
v 0.0350134 0.0308259 -0.413507
v -0.61849 -0.0578679 -0.181093
v -0.6101 -0.0607399 -0.162795
v -0.628543 -0.0578791 -0.162825
v -0.624212 -0.0461608 -0.194118
v -0.607783 -0.0517809 -0.197572
v 0.417632 -0.374423 0.0373702
v 0.428843 -0.359104 0.0418108
v 0.417909 -0.364392 0.0558102
v 0.417155 -0.354684 0.0747439
v 0.406298 -0.370883 0.06776
v 0.393803 -0.378201 0.0786853
v 0.394303 -0.38699 0.0614728
v 0.450598 -0.348003 0.0108699
v 0.439734 -0.353915 0.0263948
v 0.439811 -0.362719 0.00869461
v 0.45994 -0.342208 -0.0022742
v 0.461375 -0.333096 0.0117884
v 0.405302 -0.33525 0.129436
v 0.410745 -0.339337 0.112749
v 0.416731 -0.324948 0.123212
v 0.462941 -0.312258 0.0443997
v 0.452146 -0.328618 0.0429938
v 0.229815 0.0281553 -0.410445
v 0.462359 -0.322904 0.0278137
v 0.473035 -0.295317 0.0461131
v 0.46273 -0.301744 0.0610888
v 0.443941 -0.322422 0.0719139
v 0.451408 -0.308873 0.0761722
v 0.449049 -0.300864 0.0928131
v 0.44807 -0.290591 0.108718
v 0.437418 -0.308262 0.106532
v 0.427782 -0.313538 0.118346
v 0.395895 -0.349483 0.124554
v 0.381711 -0.364738 0.124885
v 0.39088 -0.362665 0.111917
v 0.392688 -0.369725 0.0961232
v 0.402479 -0.354444 0.104073
v 0.114273 -0.401129 0.316764
v 0.135717 -0.39765 0.315416
v 0.125551 -0.387291 0.321367
v 0.0660098 -0.398943 0.321454
v 0.0595239 -0.380102 0.327235
v 0.0469161 -0.398417 0.322878
v 0.0946221 -0.409924 0.314665
v 0.0823286 -0.40028 0.319692
v 0.0758532 -0.414152 0.314351
v -0.849087 0.0586326 0.0421705
v -0.864812 0.046885 0.0433475
v -0.849519 0.062142 0.0745225
v -0.00549787 -0.00419299 -0.413594
v 0.105863 -0.44514 -0.357662
v 0.120272 -0.432211 -0.367396
v 0.12225 -0.447599 -0.350176
v 0.0890613 -0.440903 -0.365986
v 0.523799 -0.230743 -0.0024958
v -0.348295 -0.0320471 -0.404008
v -0.350263 -0.069377 -0.403102
v -0.361303 -0.0489898 -0.402264
v -0.381223 -0.0548712 -0.399319
v -0.364819 -0.0284855 -0.402208
v -0.37782 -0.0141754 -0.400669
v -0.35314 0.00474469 -0.403679
v -0.207702 0.0499435 -0.411153
v 0.0206328 -0.0564072 -0.413392
v -0.400743 -0.0593777 -0.395381
v -0.395982 -0.0410993 -0.397045
v -0.411571 -0.0299394 -0.393275
v -0.394714 -0.0211608 -0.397787
v -0.38564 0.0930635 -0.39741
v -0.38642 0.0715241 -0.398207
v -0.382789 0.131709 -0.395701
v -0.36924 0.102426 -0.399821
v -0.414822 0.0277719 -0.391973
v -0.396062 0.0184877 -0.397685
v -0.411943 0.00848235 -0.393523
v -0.411259 -0.0106805 -0.39354
v -0.427219 -0.0026217 -0.385841
v -0.370015 0.08265 -0.400441
v -0.0627524 0.581125 -0.0492384
v -0.35549 0.057045 -0.402944
v 0.10285 -0.0607813 0.37051
v 0.0497896 -0.0190474 -0.413529
v -0.368134 0.0434321 -0.401651
v -0.591771 -0.0861523 -0.154713
v -0.589126 -0.0941596 -0.171227
v -0.587008 -0.106171 -0.156081
v -0.591868 -0.0779488 -0.13728
v -0.597592 -0.0676391 -0.151044
v -0.459125 -0.199835 -0.319743
v -0.485035 -0.204979 -0.296164
v -0.476107 -0.192319 -0.30865
v -0.483299 -0.172349 -0.308922
v -0.453377 -0.181298 -0.330055
v -0.490712 -0.136737 -0.312054
v -0.477199 -0.15364 -0.31904
v -0.501589 -0.146036 -0.300211
v -0.511093 -0.157359 -0.287696
v -0.497503 -0.166333 -0.298174
v 0.211 -0.00112652 -0.411028
v -0.615741 -0.0346271 -0.13885
v 0.0857444 -0.0561186 -0.413048
v -0.219242 0.139847 0.348496
v -0.236406 0.127182 0.347381
v 0.100887 -0.02774 -0.413048
v -0.228603 0.110341 0.349321
v -0.230638 0.0929942 0.34994
v -0.214373 0.102231 0.351445
v -0.196999 0.0957743 0.353843
v -0.198191 0.11373 0.352679
v -0.182316 0.124475 0.353659
v -0.20119 0.132023 0.351055
v -0.203291 0.151008 0.34932
v -0.151742 0.0339827 0.363437
v 0.229327 0.00857129 -0.410498
v -0.156278 0.0152179 0.363269
v -0.0718747 0.0824592 0.374178
v -0.085253 0.0715821 0.373757
v 0.0940554 0.155685 -0.411837
v -0.0907585 0.184886 0.355397
v -0.101299 0.201007 0.352723
v -0.111613 0.18158 0.354354
v -0.132721 0.184902 0.352454
v -0.110284 0.15982 0.356994
v -0.123071 0.145217 0.357508
v 0.130713 0.152785 -0.411323
v -0.104978 0.13833 0.360042
v -0.0954893 0.154972 0.358839
v -0.0811102 0.164289 0.358767
v -0.185839 0.0544736 0.35709
v -0.202129 0.0654733 0.354601
v -0.195916 0.0806336 0.354722
v -0.221126 0.0599816 0.352429
v -0.234313 0.0734134 0.350318
v -0.239929 0.0542147 0.350229
v -0.259342 0.0495154 0.347842
v -0.247364 0.0354701 0.349635
v -0.253933 0.0159763 0.348979
v -0.238306 0.0221629 0.350959
v -0.223478 0.0182138 0.352946
v -0.0919057 0.123586 0.363397
v 0.10047 0.194711 -0.410763
v -0.0677405 0.0977645 0.371255
v -0.0498444 0.100462 0.37316
v -0.0615881 0.115427 0.368258
v -0.0511552 0.13254 0.365979
v -0.0727463 0.129393 0.364547
v -0.066365 0.147518 0.362279
v -0.190733 0.0202999 0.357422
v -0.188008 0.0375682 0.357377
v 0.259504 -0.0251584 -0.40942
v -0.207451 0.0303544 0.354913
v -0.217538 0.000503771 0.353865
v -0.227068 -0.0159771 0.352519
v -0.20646 -0.0145246 0.355433
v -0.194358 -0.0305709 0.357051
v -0.197246 0.00262959 0.356735
v -0.176752 0.00858216 0.359828
v -0.120504 0.0551165 0.368302
v -0.118311 0.034304 0.370511
v -0.103732 0.0457772 0.373067
v -0.173561 0.156771 0.351825
v -0.168477 0.137154 0.354054
v -0.156359 0.152891 0.353805
v -0.139668 0.149283 0.35561
v -0.144735 0.169366 0.353174
v 0.268019 -0.00738675 -0.409207
v -0.151966 0.188409 0.350627
v -0.170921 0.191091 0.348783
v -0.19012 0.191618 0.346978
v -0.181114 0.174733 0.349448
v -0.189247 0.159852 0.35
v 0.115129 -0.389552 -0.395459
v 0.0960487 -0.393572 -0.395627
v 0.0910315 -0.410823 -0.38967
v 0.0772182 -0.397762 -0.395289
v 0.0576355 -0.401196 -0.395118
v 0.0653696 -0.383211 -0.398792
v -0.221556 0.190899 -0.408117
v 0.0343967 -0.372165 -0.401221
v 0.0458685 -0.387263 -0.398667
v 0.0259554 -0.389741 -0.398764
v 0.0134143 -0.406583 -0.394711
v 0.00919559 -0.3892 -0.399034
v -0.00516331 -0.395598 -0.397657
v -0.595702 -0.0212093 -0.119154
v -0.202384 0.190128 -0.408779
v 0.129957 0.0520863 -0.41265
v 0.11713 -0.0490696 0.368745
v 0.122858 0.0701163 -0.412583
v 0.0946989 0.0939389 -0.412638
v 0.139835 0.083549 -0.412189
v 0.149986 0.101874 -0.411782
v 0.169035 0.0566235 -0.411916
v 0.20063 0.0506769 -0.411159
v 0.177437 0.0254757 -0.411837
v -0.762371 -0.0243119 -0.0110562
v 0.158234 0.019866 -0.41225
v 0.141344 0.0116192 -0.412522
v 0.349676 -0.0631198 -0.403208
v 0.35778 -0.0835748 -0.401631
v 0.337326 -0.0781405 -0.404024
v 0.320082 -0.0877846 -0.405257
v 0.319206 -0.0683471 -0.405712
v 0.303436 -0.0549645 -0.406944
v 0.321139 -0.0485661 -0.405832
v 0.327121 -0.0289664 -0.405536
v 0.339291 -0.0449987 -0.404449
v 0.356881 -0.0429229 -0.402694
v 0.384447 0.00946099 -0.399448
v 0.37506 -0.0116258 -0.400733
v -0.172355 0.17635 -0.410041
v 0.354797 -0.0076682 -0.40325
v 0.33474 -0.00978206 -0.405051
v 0.342352 0.00823759 -0.404517
v 0.328847 0.02645 -0.405556
v 0.347777 0.0234145 -0.403993
v 0.358947 0.0354389 -0.402664
v 0.232873 0.0965889 -0.409901
v 0.253144 0.0522772 -0.409556
v 0.222643 0.0803671 -0.410371
v 0.219289 0.0597109 -0.410597
v 0.200494 0.103846 -0.410773
v 0.169473 0.106397 -0.411366
v 0.175047 0.122719 -0.411039
v 0.151258 0.152224 -0.410955
v 0.190766 0.132422 -0.410511
v 0.188004 0.150002 -0.41019
v 0.0644853 0.158275 -0.411995
v 0.24833 0.103431 -0.409186
v 0.314281 0.0600693 -0.406443
v 0.31123 0.0411299 -0.40674
v 0.294566 0.055567 -0.407659
v 0.274256 0.0513332 -0.408689
v 0.281247 0.0746882 -0.408158
v 0.264536 0.0899993 -0.408726
v 0.282987 0.0976573 -0.407701
v -0.182931 0.191448 -0.409304
v 0.299543 0.086096 -0.40703
v 0.320712 0.0898093 -0.405458
v 0.314289 0.0758018 -0.406301
v 0.330088 0.0488147 -0.405331
v 0.177655 -0.0710846 -0.411732
v 0.145825 -0.0990038 -0.412005
v 0.157566 -0.0650801 -0.412152
v 0.119386 -0.0738999 -0.412585
v 0.155751 -0.0424797 -0.412292
v 0.141827 -0.00942571 -0.412515
v 0.184903 -0.0211592 -0.411716
v -0.182638 0.222509 -0.408295
v 0.210659 -0.0360359 -0.411027
v 0.413571 0.429711 -0.145346
v 0.203199 -0.0536812 -0.411167
v 0.206692 -0.0868119 -0.410721
v 0.254776 -0.0813937 -0.409182
v 0.254309 -0.0607055 -0.409381
v 0.270485 -0.0704943 -0.408642
v 0.286331 -0.0617705 -0.40791
v 0.285825 -0.0834361 -0.407715
v 0.302187 -0.0960584 -0.406422
v 0.28461 -0.104847 -0.407367
v 0.281608 -0.125526 -0.406981
v 0.266846 -0.114421 -0.408071
v 0.248299 -0.123335 -0.408676
v 0.252779 -0.102583 -0.408939
v 0.237849 -0.0918113 -0.409663
v 0.438224 -0.0860857 -0.36894
v 0.461332 -0.208808 0.171924
v 0.432876 -0.105344 -0.370304
v 0.262394 -0.479728 -0.272379
v 0.278163 -0.467694 -0.275428
v 0.278245 -0.48089 -0.260971
v 0.246854 -0.464614 -0.294956
v -0.173477 0.209304 -0.408979
v 0.262456 -0.451018 -0.299209
v 0.378345 -0.413725 -0.253662
v 0.384223 -0.422425 -0.236709
v 0.368648 -0.428686 -0.246191
v 0.0292042 0.177011 -0.411765
v 0.361906 -0.420195 -0.262127
v 0.373638 -0.370415 -0.294269
v 0.386738 -0.366218 -0.287547
v 0.379058 -0.382547 -0.281341
v 0.384585 -0.396551 -0.264931
v 0.367674 -0.396838 -0.278805
v 0.355142 -0.410612 -0.27667
v 0.350809 -0.398288 -0.289993
v 0.344964 -0.369059 -0.314477
v 0.361245 -0.368306 -0.304304
v 0.347754 -0.383753 -0.302823
v 0.334798 -0.398538 -0.300452
v 0.322501 -0.410672 -0.29884
v 0.318246 -0.399728 -0.309575
v -0.318774 0.477395 0.000668974
v 0.342244 -0.446589 -0.251132
v 0.36812 -0.0769568 0.329297
v 0.109257 0.123412 -0.41213
v 0.326747 -0.46793 -0.238408
v 0.310198 -0.469658 -0.250776
v 0.277215 -0.436575 -0.303737
v 0.221531 -0.396689 0.279431
v 0.289492 -0.420363 -0.310033
v -0.581591 0.0105804 -0.0315107
v 0.410905 -0.0811048 -0.390971
v 0.421486 -0.0414999 -0.388343
v 0.401999 -0.046992 -0.395132
v 0.42167 -0.0220912 -0.389582
v 0.413117 -0.0072969 -0.392889
v 0.430949 -0.00769835 -0.384227
v 0.248254 -0.409588 -0.336668
v 0.229431 -0.412719 -0.342408
v 0.451302 -0.389959 -0.1326
v 0.252389 -0.380017 -0.359456
v 0.25307 -0.363012 -0.374437
v 0.268252 -0.36581 -0.361826
v 0.255622 -0.326915 -0.39218
v 0.269577 -0.335795 -0.383781
v 0.253104 -0.34574 -0.38462
v -0.262989 0.141953 -0.407993
v -0.280495 0.146879 -0.406949
v -0.298105 0.152459 -0.40549
v -0.284122 0.167591 -0.405995
v -0.288125 0.188109 -0.404755
v -0.270222 0.18307 -0.40626
v -0.256906 0.198849 -0.406274
v -0.252351 0.178239 -0.407367
v -0.232727 0.172309 -0.408297
v -0.248881 0.157705 -0.408154
v -0.243646 0.13562 -0.408874
v -0.273839 0.257705 -0.401318
v -0.25563 0.25525 -0.403084
v -0.267298 0.238626 -0.403349
v -0.261688 0.219188 -0.404945
v -0.280153 0.22321 -0.403312
v -0.293044 0.208548 -0.403126
v -0.299244 0.228485 -0.401024
v -0.281248 0.276356 -0.398444
v -0.118087 0.278661 -0.40751
v -0.0992259 0.2879 -0.407289
v -0.102743 0.26961 -0.408202
v -0.0870276 0.260452 -0.408777
v -0.105166 0.251254 -0.408952
v -0.104582 0.232019 -0.409649
v -0.121368 0.240957 -0.409078
v -0.14863 0.229843 -0.408856
v -0.140341 0.248741 -0.408362
v -0.155624 0.262823 -0.407304
v -0.136707 0.269623 -0.407539
v -0.132459 0.28903 -0.406515
v -0.126206 0.169689 -0.411172
v -0.15644 0.180132 -0.41032
v -0.129519 0.190107 -0.410564
v -0.155019 0.211758 -0.409344
v -0.115512 0.202425 -0.410433
v -0.100923 0.213024 -0.410299
v -0.08274 0.176672 -0.411515
v -0.0644109 0.174069 -0.411677
v -0.085701 0.1442 -0.412102
v -0.0611892 0.123615 -0.412579
v -0.104532 0.146665 -0.411882
v -0.116193 0.131215 -0.41195
v -0.175692 0.329345 -0.401258
v -0.156326 0.336247 -0.40149
v -0.160299 0.316486 -0.403404
v -0.146439 0.301674 -0.40517
v -0.163176 0.295809 -0.405037
v -0.168748 0.276307 -0.406103
v -0.180013 0.291632 -0.404671
v -0.197968 0.289058 -0.403979
v -0.188024 0.309131 -0.402817
v -0.196247 0.324627 -0.400479
v 0.349496 -0.106951 0.331597
v -0.218043 0.156227 -0.409253
v -0.18602 0.142409 -0.410553
v 0.333234 -0.112278 0.334116
v -0.172759 0.126982 -0.411169
v -0.135109 0.13249 -0.411671
v -0.166485 0.0972087 -0.41169
v -0.143782 0.0769358 -0.412253
v -0.182927 0.0930923 -0.411417
v -0.206293 0.0703137 -0.411037
v 0.0030605 -0.442237 -0.373735
v 0.281269 -0.279553 0.325667
v -0.225304 0.304881 -0.4006
v -0.217109 0.287685 -0.402939
v -0.236304 0.289284 -0.401406
v -0.245724 0.272611 -0.40235
v -0.254638 0.292869 -0.399404
v -0.0120897 -0.432123 -0.383652
v -0.229867 0.322295 -0.397786
v -0.213532 0.318503 -0.399895
v 0.357434 -0.215489 -0.39105
v 0.374291 -0.223266 -0.380662
v 0.35575 -0.235087 -0.386268
v 0.349277 -0.253338 -0.382919
v 0.336263 -0.242399 -0.391697
v 0.385753 -0.204605 -0.380445
v 0.390417 -0.21706 -0.370606
v -0.515334 -0.039462 0.188834
v -0.510759 -0.0415204 0.168551
v -0.506772 -0.0545574 0.182881
v -0.50325 -0.069092 0.207652
v -0.502613 -0.0653939 0.193343
v 0.473025 -0.316652 0.0108553
v -0.514961 -0.0555556 0.148623
v -0.520192 -0.0705787 0.132156
v -0.512986 -0.0749213 0.147643
v 0.318515 -0.19425 -0.400933
v 0.310287 -0.180146 -0.402653
v 0.327175 -0.174955 -0.401139
v 0.332074 -0.155925 -0.401655
v 0.348286 -0.170637 -0.398594
v 0.327701 -0.210428 -0.398543
v 0.306769 -0.213284 -0.400907
v 0.351275 -0.147969 -0.399666
v 0.353761 -0.127676 -0.400405
v 0.369972 -0.13939 -0.39704
v 0.39033 -0.13136 -0.392629
v 0.385677 -0.152277 -0.391726
v 0.380448 -0.189147 -0.388371
v 0.393837 -0.186366 -0.380172
v -0.486861 -0.113388 0.19065
v -0.48633 -0.0959593 0.200832
v -0.461277 0.134199 0.235259
v -0.500823 -0.0751544 0.178177
v -0.495029 -0.112324 0.173697
v -0.471496 -0.107959 0.226073
v -0.479489 -0.093447 0.217814
v 0.0462848 0.281071 0.344336
v 0.0247405 0.279484 0.344975
v 0.0345452 0.266566 0.346656
v -0.0541418 0.188921 -0.41141
v 0.0488578 0.259707 0.34731
v 0.115562 0.263369 0.344133
v 0.134852 0.263841 0.342906
v 0.121701 0.280262 0.34153
v 0.128174 0.292708 0.339453
v 0.111142 0.244306 0.346876
v -0.0237003 0.212047 -0.411022
v -0.562534 -0.0249132 -0.251027
v -0.56303 0.0112869 -0.251255
v -0.531786 0.0561551 -0.286416
v -0.530465 0.0736397 -0.285601
v 0.258089 0.53639 -0.114025
v -0.522273 0.087538 -0.291772
v -0.528532 -0.0460084 -0.290846
v -0.538316 -0.0267527 -0.281243
v -0.525898 -0.0301793 -0.294473
v -0.578311 0.0386319 -0.22955
v -0.565269 0.0448909 -0.244452
v -0.548312 0.0339436 -0.269266
v -0.553043 0.0522713 -0.260891
v -0.560266 0.0660603 -0.24841
v -0.565677 0.0811137 -0.236509
v -0.54971 0.0749078 -0.262343
v -0.521116 0.0473851 -0.297924
v -0.508646 0.0602243 -0.30826
v -0.510067 0.0385878 -0.308922
v 0.208504 0.213643 0.342449
v 0.199804 0.228698 0.341734
v 0.206596 0.258655 0.33761
v 0.192555 0.246037 0.340479
v 0.187341 0.26442 0.338761
v 0.1781 0.230901 0.343535
v 0.159427 0.24077 0.343985
v -0.858593 0.056683 0.0590458
v 0.172807 0.21056 0.346185
v -0.00388074 -0.166824 0.361809
v 0.0127126 -0.169074 0.36115
v 0.00990672 -0.147195 0.365022
v -0.459945 0.155856 0.224139
v -0.00352679 -0.130241 0.368613
v 0.0824224 -0.12516 0.364111
v 0.0774027 -0.108314 0.367422
v 0.0693586 -0.140629 0.362793
v 0.102113 -0.127694 0.36169
v 0.0454975 -0.168158 0.359988
v 0.383341 -0.26631 -0.349103
v 0.0292955 -0.176973 0.359329
v 0.0147376 -0.186189 0.358364
v 0.0401278 -0.205693 0.354694
v 0.0454574 -0.187036 0.357121
v 0.0594607 -0.198527 0.354862
v -0.0723089 0.235234 -0.409915
v -0.343627 0.0226981 -0.40457
v 0.0386325 -0.102149 0.373255
v 0.0204521 -0.10888 0.373062
v 0.00696008 -0.0940261 0.378627
v 0.00143056 -0.11245 0.372823
v 0.0859269 -0.176649 0.356326
v 0.0786262 -0.193576 0.354538
v 0.0985488 -0.191583 0.353578
v 0.110882 -0.206844 0.350891
v 0.118163 -0.188093 0.352617
v 0.136972 -0.183793 0.351632
v 0.127357 -0.166894 0.354334
v 0.106592 -0.144633 0.358933
v 0.095073 -0.160173 0.357887
v 0.112311 -0.15929 0.356568
v 0.142942 -0.14772 0.355028
v 0.161686 -0.149775 0.352923
v 0.157461 -0.130188 0.355382
v 0.162571 -0.110048 0.356708
v 0.135627 -0.13035 0.35777
v 0.118625 -0.132092 0.359346
v -0.0488593 0.273733 0.345477
v -0.0656515 0.263595 0.346387
v -0.0490265 0.252813 0.348356
v -0.0557495 0.232391 0.350919
v -0.0358744 0.23822 0.350691
v -0.0349719 0.266576 0.346782
v -0.384903 0.113555 -0.39647
v -0.00466584 0.215583 0.354226
v -0.0209686 0.226522 0.352556
v -0.0243645 0.210052 0.354853
v -0.0429525 0.203885 0.355287
v -0.0256325 0.192531 0.357386
v -0.0257549 0.174163 0.360159
v -0.0090445 0.181253 0.35936
v 0.171638 -0.40771 -0.375452
v 0.161393 -0.398893 -0.385621
v 0.179388 -0.395572 -0.382836
v 0.187987 -0.379606 -0.389683
v 0.177601 -0.364257 -0.395591
v 0.206588 -0.376709 -0.386967
v 0.216453 -0.35869 -0.390941
v 0.198442 0.146553 0.349467
v 0.195867 0.128701 0.351159
v 0.215967 0.153204 0.346987
v 0.231341 0.14215 0.34603
v 0.23294 0.163978 0.344202
v 0.252985 0.167993 0.341562
v 0.239673 0.183541 0.341863
v 0.200014 0.164785 0.347796
v 0.180419 0.141648 0.351839
v 0.270758 0.172608 0.339077
v 0.28782 0.176907 0.336567
v 0.30027 0.160885 0.336113
v 0.292143 0.194474 0.334475
v 0.222556 -0.339494 -0.394616
v 0.208564 -0.325458 -0.398734
v 0.22593 -0.318653 -0.398209
v 0.231554 -0.298352 -0.400313
v 0.243536 -0.313172 -0.397349
v 0.262427 -0.307579 -0.395897
v 0.273477 -0.289529 -0.397082
v 0.281219 -0.305365 -0.392383
v 0.239392 -0.223901 -0.405614
v 0.34009 -0.0934242 0.333958
v 0.254955 -0.212104 -0.405334
v 0.272212 -0.205116 -0.404521
v 0.269807 -0.221811 -0.403801
v 0.287281 -0.22344 -0.402127
v 0.273307 -0.238949 -0.402309
v 0.270977 -0.258475 -0.400813
v 0.250098 -0.262862 -0.402212
v 0.242333 -0.245336 -0.404161
v 0.226032 -0.237701 -0.405513
v 0.17289 -0.325972 -0.401476
v 0.176967 -0.310647 -0.402705
v 0.524092 -0.240876 -0.0189475
v 0.208183 -0.266235 -0.404689
v 0.22018 -0.282676 -0.402676
v 0.200512 -0.283253 -0.40387
v 0.18979 -0.298649 -0.403117
v -0.113391 0.216409 0.350165
v 0.169055 -0.268776 -0.406326
v 0.548858 0.0840755 0.0475798
v 0.318906 -0.245899 -0.395671
v 0.305571 -0.256822 -0.396534
v 0.30455 -0.236393 -0.399209
v 0.562299 0.0905365 0.014426
v 0.530896 0.264985 -0.163631
v -0.606147 -0.0512663 -0.144738
v 0.18712 -0.350255 -0.397158
v -0.0605275 0.00245853 0.401771
v 0.110004 0.05614 -0.412852
v 0.0760813 0.0459045 -0.413226
v -0.590212 -0.0797826 -0.187765
v -0.593483 -0.0620039 -0.200843
v -0.583648 -0.101177 -0.186903
v -0.576769 -0.10716 -0.204109
v 0.0110567 -0.0139634 0.524091
v -0.00988343 -0.0193653 0.523998
v 0.00688114 -0.0324044 0.523554
v 0.0060041 -0.0535135 0.522134
v 0.0207375 -0.0426916 0.522756
v 0.0485467 0.0208298 0.522412
v 0.056692 0.0375676 0.52106
v 0.0378127 0.0390475 0.522265
v 0.102695 0.0741914 -0.412767
v -0.443298 -0.124855 -0.356585
v -0.433568 -0.133536 -0.365426
v -0.468393 -0.0508796 -0.344208
v -0.467575 -0.0306758 -0.346847
v -0.466463 -0.0690237 -0.343845
v -0.456748 -0.0784264 -0.351865
v -0.470934 -0.086878 -0.337486
v -0.481158 -0.0419507 -0.333771
v 0.331695 -0.483135 -0.204839
v 0.333238 -0.488477 -0.187307
v 0.330367 -0.494023 -0.170811
v 0.316102 -0.500998 -0.181437
v 0.312999 -0.50594 -0.165026
v -0.493751 -0.0954674 0.184205
v 0.339458 -0.489383 -0.156927
v 0.325048 -0.499509 -0.156244
v -0.566953 0.0399952 0.0178052
v -0.562017 0.0522945 0.0299229
v -0.539563 0.0646509 0.0876454
v -0.535513 0.0520589 0.101125
v -0.531136 0.0694704 0.107
v 0.775006 0.0179718 -0.0464685
v -0.578982 0.104951 -0.0598925
v -0.582716 0.0889061 -0.066408
v -0.577742 0.0945198 -0.0463464
v -0.575224 0.0848341 -0.0298005
v -0.572056 0.102366 -0.0283868
v -0.522516 0.0727221 0.126603
v -0.53014 0.0988182 0.0983832
v -0.530868 0.114923 0.0884698
v -0.538208 0.098506 0.0777564
v -0.542921 0.109541 0.0595049
v -0.546235 0.0899183 0.0603707
v -0.547907 0.0545351 0.0689307
v -0.560757 0.108043 0.00757304
v -0.563246 0.0878848 0.0110344
v -0.556954 0.096696 0.026224
v -0.0786484 0.581699 -0.061088
v -0.432773 0.372347 0.0141887
v -0.54688 0.117335 0.0439928
v 0.116775 0.0879596 -0.412464
v -0.560053 0.126697 -0.00250523
v -0.565967 0.112114 -0.0126104
v -0.577985 0.0668759 -0.0315825
v -0.573045 0.0757434 -0.0166058
v -0.582807 0.0574173 -0.0486524
v -0.579861 0.0482393 -0.0322051
v 0.0572847 -0.10698 0.369925
v 0.0536298 -0.0928708 0.373526
v 0.181106 -0.102124 0.355076
v 0.167963 -0.0935472 0.357474
v 0.0603835 0.0980968 -0.41288
v 0.151201 -0.0952214 0.359553
v -0.00545478 0.501576 0.183246
v 0.120651 -0.115218 0.361288
v -0.513481 -0.0367916 0.250618
v -0.519164 -0.0202997 0.2544
v -0.562851 -0.0432108 0.246795
v -0.0206806 -0.0804377 0.382895
v -0.0302904 -0.0959297 0.376598
v -0.0402711 -0.0787697 0.380439
v 0.130547 0.101779 -0.412116
v -0.0199133 -0.115168 0.371991
v -0.446321 -0.00897446 0.294053
v -0.448664 -0.0280899 0.290591
v -0.434493 -0.0242851 0.304641
v -0.348231 -0.00076965 0.335085
v -0.360436 0.0147391 0.332739
v -0.367722 -0.00169453 0.331199
v -0.385545 -0.00261398 0.32693
v -0.372606 -0.022169 0.329827
v -0.162133 0.570939 -0.0936166
v -0.383218 0.040049 0.32765
v -0.167297 0.572693 -0.134395
v -0.400057 0.0116627 0.32288
v -0.370456 -0.0658583 0.329729
v -0.370857 -0.0448876 0.329965
v -0.386383 -0.054644 0.326036
v -0.417227 -0.0544253 0.31464
v -0.402166 -0.064502 0.320872
v -0.431406 -0.0631529 0.30493
v -0.439328 -0.0761676 0.295885
v -0.428443 -0.0857305 0.305004
v -0.450894 -0.0451146 0.286118
v -0.445463 -0.0606714 0.290596
v -0.431133 0.0163694 0.307596
v 0.163147 0.0881481 -0.41171
v 0.0692206 -0.228887 0.350387
v 0.0524895 -0.24078 0.349451
v 0.186682 0.0594861 -0.411465
v 0.0683518 -0.244199 0.348408
v 0.215288 0.0396634 -0.410828
v 0.100168 -0.249613 0.346222
v 0.119456 -0.240326 0.346324
v 0.103258 -0.226668 0.348938
v 0.674529 -0.0504214 -0.165781
v 0.0853005 -0.2223 0.350471
v 0.0726465 -0.211146 0.352537
v 0.132297 -0.271973 0.341711
v 0.134979 -0.25323 0.343838
v 0.115244 -0.277784 0.3419
v 0.103945 -0.26671 0.343881
v 0.193817 0.0131196 -0.411463
v 0.0977864 -0.282931 0.342042
v 0.174633 0.00760403 -0.411923
v 0.12218 -0.306145 0.337683
v 0.127957 -0.290634 0.339526
v 0.149244 -0.267692 0.34118
v 0.163876 -0.164964 0.351186
v 0.155736 -0.180363 0.350428
v 0.186384 -0.187552 0.347035
v 0.643758 0.0575869 0.0320525
v 0.193839 -0.168736 0.348036
v 0.201254 -0.0197041 -0.411295
v 0.140277 0.0330688 -0.412546
v 0.23576 -0.133272 0.346295
v 0.453485 -0.378934 -0.0765107
v 0.453787 -0.38284 -0.0955315
v -0.601295 -0.0470421 0.202
v 0.452891 -0.386804 -0.114843
v 0.15718 0.000174815 -0.412275
v 0.424418 -0.415922 -0.163149
v 0.436965 -0.402524 -0.166342
v 0.430791 -0.412543 -0.131582
v 0.420792 -0.42209 -0.143128
v 0.0893088 0.0596809 -0.413029
v 0.416664 -0.426416 -0.121553
v 0.414527 -0.409474 -0.211722
v -0.223737 0.137688 -0.409527
v 0.429169 -0.400604 -0.199158
v 0.440797 -0.393332 -0.185103
v 0.495109 -0.328629 -0.107477
v 0.496898 -0.322235 -0.0913916
v 0.485717 -0.339179 -0.0918123
v 0.475315 -0.350912 -0.078985
v 0.475185 -0.355498 -0.0973019
v 0.477729 -0.354778 -0.115521
v 0.460726 -0.374616 -0.168868
v 0.4533 -0.378223 -0.186478
v 0.465881 -0.36275 -0.185767
v 0.470753 -0.349941 -0.201073
v 0.479718 -0.345534 -0.182272
v 0.492942 -0.334391 -0.135842
v 0.482488 -0.348837 -0.133256
v 0.481476 -0.347809 -0.16443
v 0.501627 -0.321093 -0.127677
v 0.160032 -0.301855 0.336022
v 0.139287 -0.304283 0.336989
v 0.148242 -0.319394 0.334224
v 0.136427 -0.334553 0.332532
v 0.167743 -0.319753 0.332883
v 0.195747 -0.291889 0.334687
v 0.176181 -0.292633 0.336142
v 0.162807 -0.282302 0.338422
v 0.238586 -0.322651 0.324377
v 0.238739 -0.340881 0.318055
v 0.254465 -0.330147 0.317606
v 0.269451 -0.319936 0.316529
v 0.272098 -0.300568 0.322894
v 0.234494 -0.305033 0.328925
v 0.22279 -0.334616 0.323852
v 0.30061 -0.296872 0.31458
v 0.284903 -0.309564 0.315302
v 0.315386 -0.298161 0.306018
v 0.318945 -0.267262 0.317377
v 0.330076 -0.249697 0.31806
v 0.33881 -0.235402 0.31869
v 0.3137 -0.247345 0.323988
v 0.218555 -0.245167 0.338386
v 0.205362 -0.232545 0.340915
v 0.198857 -0.252041 0.339399
v 0.168872 -0.237755 0.34337
v 0.185041 -0.263614 0.339144
v 0.167518 -0.265157 0.340224
v 0.199119 -0.271944 0.33701
v 0.214404 -0.281819 0.334375
v 0.047317 0.0654988 -0.413254
v 0.233705 -0.255718 0.335668
v 0.233431 -0.238967 0.337537
v 0.205349 -0.328598 0.327949
v 0.20106 -0.310863 0.331537
v 0.187022 -0.322828 0.33088
v 0.175273 -0.333577 0.329933
v 0.175032 -0.349267 0.326598
v -0.197811 0.107078 -0.410911
v 0.26887 -0.235301 0.333816
v 0.279925 -0.245343 0.331045
v 0.281789 -0.26028 0.328674
v 0.296158 -0.246085 0.328142
v 0.306647 -0.229165 0.328379
v 0.0625824 0.0791592 -0.413054
v 0.276957 -0.217288 0.334617
v 0.257749 -0.221632 0.336594
v -0.0659548 0.0635021 0.51565
v -0.430622 0.383073 -0.00376452
v -0.0852404 0.0556778 0.512669
v -0.0461658 0.0605516 0.519507
v -0.178743 0.110212 -0.411317
v -0.528624 0.0207167 0.1227
v -0.532009 0.00316367 0.115668
v -0.523349 0.00278148 0.135726
v -0.516984 0.0101071 0.150755
v -0.54888 -0.0172485 0.190977
v -0.572646 -0.0171181 0.190719
v -0.482061 -0.102675 -0.325865
v -0.468509 -0.108667 -0.335867
v -0.486373 -0.081233 -0.325508
v -0.516775 -0.0643754 -0.301271
v -0.500971 -0.0736346 -0.314401
v -0.516351 -0.0425232 -0.303346
v -0.512247 0.0174644 -0.308228
v -0.515625 -0.0224987 -0.30505
v -0.514423 -0.00283921 -0.306584
v -0.525598 0.0063223 -0.295992
v -0.632894 0.0276104 -0.132706
v -0.615066 0.0238594 -0.136139
v -0.618978 0.0402986 -0.14187
v -0.551648 -0.053195 -0.263034
v -0.561562 -0.0614455 -0.247735
v -0.56162 -0.0427033 -0.250348
v -0.441263 0.377725 -0.0199665
v -0.509121 0.0818016 -0.305205
v 0.0603045 0.117779 -0.412649
v -0.50504 0.117755 -0.302607
v -0.539428 0.107392 -0.268651
v -0.546874 0.0927818 -0.262679
v -0.551133 0.106075 -0.253227
v -0.582373 -0.0383609 -0.225344
v -0.595522 -0.044755 -0.211693
v -0.593445 -0.0253748 -0.219869
v -0.620383 -0.0130792 -0.2063
v -0.604284 -0.01136 -0.215385
v -0.571243 -0.0342858 -0.238566
v -0.140803 0.111226 -0.411893
v -0.360053 0.125795 0.329373
v -0.353494 0.107295 0.331896
v -0.341669 0.120405 0.333257
v -0.366019 0.144801 0.326251
v -0.356106 0.158399 0.327326
v -0.192246 0.125041 -0.410766
v -0.369852 0.166675 0.322562
v -0.304696 0.216646 0.330263
v -0.302205 0.234687 0.328245
v -0.321458 0.225321 0.325873
v -0.337075 0.180495 0.328961
v -0.342705 0.196907 0.32543
v -0.342207 0.218821 0.321598
v -0.329606 0.149522 0.333254
v -0.332105 0.132379 0.334092
v -0.313125 0.155635 0.335413
v -0.300569 0.140305 0.338378
v 0.00146729 0.162003 -0.412141
v -0.309539 0.176346 0.334132
v -0.304227 0.196818 0.332736
v -0.323652 0.189493 0.330348
v -0.504417 0.213731 0.0779797
v -0.510814 0.214632 0.0611965
v -0.517159 0.213726 0.0457289
v -0.520019 0.19925 0.0529501
v -0.532411 0.249346 -0.0522978
v -0.540805 0.239698 -0.0718139
v 0.270803 0.528842 -0.102368
v 0.197157 -0.250983 -0.406177
v -0.539957 0.231964 -0.0513681
v -0.514697 0.267554 -0.0186899
v -0.523768 0.258674 -0.0356984
v -0.522994 0.250275 -0.0183146
v -0.530705 0.232618 -0.0174292
v -0.521557 0.241851 -0.000773595
v -0.512262 0.249315 0.016509
v -0.545082 0.179671 4.70223e-05
v -0.541265 0.17668 0.0148259
v -0.541935 0.162936 0.0250015
v -0.534909 0.18195 0.0282933
v -0.528292 0.184265 0.0448278
v -0.535863 0.194878 0.0127104
v -0.54138 0.197475 -0.00737361
v -0.549199 0.183418 -0.0177722
v -0.553278 0.204196 -0.0622286
v -0.54985 0.202324 -0.0441007
v -0.553412 0.185826 -0.0359193
v -0.49048 0.246762 0.0755854
v -0.498776 0.247619 0.0543743
v -0.510093 0.239818 0.0345799
v -0.139025 0.154903 -0.411264
v -0.716089 0.00853812 -0.0640662
v -0.703696 0.0145183 -0.0768386
v -0.71483 0.0275681 -0.068653
v 0.554913 -0.0140663 0.0465492
v 0.561798 -0.0160712 0.0322042
v 0.563523 0.00192244 0.0317997
v -0.109944 0.164559 -0.411527
v 0.600052 0.0045958 0.0223475
v -0.780422 -0.0613939 -0.0540294
v -0.762453 -0.0619112 -0.0607285
v -0.769006 -0.0584821 -0.0423619
v -0.805956 -0.0614747 -0.0219217
v -0.791042 -0.0587347 -0.0131429
v -0.806962 -0.0616338 -0.00300208
v 0.580889 -0.0777352 0.00510886
v 0.580428 -0.093608 -0.00409924
v 0.597346 -0.0856012 0.000748108
v 0.597847 -0.0667921 0.00977851
v 0.565986 -0.0754465 0.0137643
v 0.616066 -0.0319272 0.0246748
v 0.606793 -0.0487795 0.0174489
v 0.62324 -0.0499082 0.0237545
v -0.66669 -0.0434133 -0.117334
v -0.670783 -0.0290476 -0.106736
v -0.682726 -0.0422674 -0.103305
v -0.679093 -0.0122614 -0.0971397
v -0.692388 0.00169342 -0.0857748
v -0.695999 -0.0156673 -0.0833032
v 0.0204185 0.128658 -0.412717
v -0.667822 -0.00252789 -0.105298
v -0.709071 -0.0192243 -0.0716786
v -0.704321 -0.0314821 -0.0793818
v -0.664263 -0.0580772 -0.159573
v -0.67483 -0.0599637 -0.14444
v -0.680882 -0.0545625 -0.156663
v -0.653851 -0.052429 -0.174841
v -0.641501 -0.0422463 -0.18828
v -0.674512 -0.0291536 -0.175495
v -0.659298 -0.0367625 -0.181423
v -0.674223 -0.0446491 -0.168839
v -0.704625 -0.0285785 -0.156155
v -0.693178 -0.0436577 -0.157481
v -0.709782 -0.0458575 -0.144035
v -0.718426 -0.0548434 -0.129067
v -0.735932 -0.027227 -0.13392
v -0.593021 -0.0592959 0.213453
v -0.5703 -0.0591189 0.215846
v -0.00525391 0.14716 -0.412421
v -0.66401 -0.0179402 0.188082
v -0.166658 0.143728 -0.410982
v -0.679329 -0.0286534 0.188886
v -0.697179 -0.0169972 0.185336
v -0.69652 0.00417815 0.185039
v -0.713965 -0.00703126 0.18245
v -0.731772 -0.0181735 0.180683
v -0.489841 0.0219573 0.255855
v -0.491124 0.004526 0.256797
v -0.476674 0.0105573 0.260749
v -0.523122 0.0167693 0.254022
v -0.540902 0.00353741 0.255414
v -0.506308 0.0104127 0.255032
v -0.503374 -0.00769546 0.255847
v -0.46419 -0.10362 0.242821
v -0.472402 -0.0888343 0.234255
v -0.533532 -0.057686 0.213583
v -0.550727 -0.0596723 0.224455
v -0.565974 -0.0567443 0.234806
v -0.437321 -0.0541683 -0.378351
v -0.750106 -0.0543331 -0.0512066
v -0.759112 -0.0476858 -0.033936
v -0.753736 -0.0335255 -0.0274221
v -0.775606 -0.0534255 -0.0236822
v -0.744558 -0.0598956 -0.0691407
v -0.731748 -0.0471872 -0.0615559
v 0.608151 -0.109883 -0.0158767
v 0.59481 -0.115007 -0.023583
v 0.612434 -0.121973 -0.0293642
v 0.632217 -0.123366 -0.0258034
v 0.624781 -0.129914 -0.0403281
v 0.640389 -0.131794 -0.0414924
v -0.684268 0.00426226 -0.17261
v -0.668751 -0.00237844 -0.182273
v -0.681234 -0.0137733 -0.174246
v -0.679772 0.0387185 -0.167912
v -0.668037 0.0330222 -0.177577
v -0.683365 0.0226628 -0.170577
v -0.708986 0.0537948 -0.136988
v -0.710949 0.0392595 -0.148381
v -0.724973 0.0276649 -0.143118
v -0.738801 0.016653 -0.13517
v -0.738524 0.0334327 -0.130528
v 0.674918 -0.132648 -0.0480643
v 0.686432 -0.129885 -0.0359913
v -0.0193731 0.140693 -0.412507
v -0.504898 0.0595214 0.181324
v -0.514878 0.0451069 0.192505
v -0.509392 0.0587701 0.201612
v -0.51205 0.0379976 0.163647
v -0.50978 0.0411435 0.177665
v -0.557479 0.0356496 0.196208
v -0.0334433 0.134079 -0.412574
v -0.57593 0.0491524 0.204
v 0.605896 -0.129077 -0.144489
v -0.0924547 0.161317 -0.411767
v 0.575132 -0.148749 -0.171808
v 0.581657 -0.144028 -0.154891
v -0.678375 -0.0477593 0.196489
v -0.0328628 0.0856924 -0.413171
v -0.712564 -0.0432473 0.189675
v -0.661477 -0.0383554 0.193704
v -0.617168 -0.000419853 0.254535
v -0.618185 0.0177264 0.253304
v -0.636881 0.0109652 0.253582
v -0.636082 -0.00708975 0.253544
v -0.70431 0.0371119 0.243515
v -0.690184 0.0253192 0.248312
v -0.686854 -0.00913562 0.251069
v -0.675293 0.0109955 0.251593
v -0.438649 0.321668 0.0897858
v -0.0467153 -0.397573 0.323166
v -0.0557934 0.156031 -0.412086
v -0.655628 0.02219 0.251434
v -0.529556 -0.0309244 0.11914
v -0.523444 -0.0303053 0.133969
v -0.517119 -0.0368246 0.148503
v -0.519836 -0.0179847 0.143862
v -0.522206 0.0362275 0.248664
v -0.504973 0.046314 0.244194
v -0.523629 0.0532962 0.236523
v -0.539318 0.0422025 0.246427
v -0.426224 0.337773 0.0902982
v -0.557879 0.04422 0.245344
v -0.552236 0.0299799 0.251446
v -0.46222 0.0392031 0.270002
v 0.373116 -0.0369407 -0.400639
v -0.459073 0.0585847 0.271011
v -0.531107 -0.044585 0.200016
v -0.547916 -0.036934 0.196694
v -0.506464 -0.0796613 0.161302
v -0.509495 -0.0933382 0.149842
v 0.475695 -0.321525 -0.231823
v 0.465488 -0.319255 -0.248168
v 0.477513 -0.304337 -0.245312
v 0.480156 -0.286277 -0.255798
v 0.48998 -0.290143 -0.239966
v 0.454404 -0.316725 -0.26282
v 0.442694 -0.313321 -0.276564
v 0.455236 -0.298294 -0.274728
v 0.467746 -0.281064 -0.272775
v 0.45167 -0.281301 -0.287968
v 0.434426 -0.280142 -0.302936
v 0.460225 -0.265235 -0.288787
v 0.514493 -0.271232 -0.215343
v 0.502775 -0.27907 -0.229579
v 0.51082 -0.261794 -0.23166
v 0.506759 -0.251325 -0.246098
v 0.519694 -0.243525 -0.231603
v 0.487574 -0.249432 -0.270332
v 0.477997 -0.241004 -0.284513
v 0.491352 -0.229401 -0.276961
v 0.494043 -0.209254 -0.283274
v 0.503948 -0.216395 -0.269663
v 0.512135 -0.221484 -0.257284
v -0.112714 0.183596 -0.411038
v 0.522418 -0.214137 -0.246562
v 0.531843 -0.207254 -0.235229
v 0.52742 -0.224339 -0.231998
v 0.350467 -0.303654 0.265446
v 0.359316 -0.304465 0.251401
v 0.361758 -0.31225 0.237365
v 0.371289 -0.296769 0.24221
v 0.368107 -0.275725 0.271932
v 0.377326 -0.281885 0.250872
v 0.382679 -0.266635 0.25997
v 0.397276 -0.275999 0.224125
v -0.0014788 0.0742472 -0.413299
v 0.376038 -0.304056 0.225017
v 0.377837 -0.313853 0.208869
v 0.390195 -0.295575 0.211982
v -0.319154 0.17958 -0.402298
v -0.315776 0.15858 -0.403698
v -0.334916 0.16621 -0.401145
v -0.323098 0.201027 -0.400394
v -0.305812 0.193892 -0.40285
v -0.351434 0.202345 -0.395496
v -0.338281 0.208392 -0.397397
v -0.351048 0.181543 -0.39765
v 0.361958 -0.0241239 -0.402275
v -0.284703 0.309902 -0.392101
v -0.26415 0.314285 -0.394743
v -0.291604 0.292152 -0.394416
v 0.188016 -0.0895325 -0.411244
v -0.297829 0.276502 -0.395987
v 0.0481005 0.243677 -0.409826
v 0.0827498 0.231352 -0.409883
v 0.0120022 0.0823596 -0.413253
v 0.0740155 0.217267 -0.41043
v 0.0443216 0.225302 -0.410423
v 0.0273034 0.214915 -0.410802
v 0.0133198 0.248379 -0.409765
v -0.00292988 0.258655 -0.409351
v 0.0142021 0.268069 -0.408957
v -0.000751015 0.278452 -0.40848
v 0.143946 0.220605 -0.40921
v 0.187114 -0.0576414 -0.41161
v -0.0557631 0.227851 -0.410323
v -0.0743189 0.250885 -0.409311
v -0.0398281 0.239007 -0.410046
v 0.18974 -0.0387272 -0.4116
v -0.00661946 0.221485 -0.410728
v 0.220731 -0.0200379 -0.410757
v -0.0086953 0.20189 -0.411283
v 0.0107295 0.178213 -0.411796
v -0.0245915 0.192446 -0.411486
v -0.0387446 0.185444 -0.411568
v 0.17131 -0.0316171 -0.412036
v -0.0708982 0.219809 -0.410425
v -0.126531 0.327756 -0.403701
v -0.140304 0.337605 -0.402168
v -0.109976 0.355795 -0.401181
v -0.0941805 0.361716 -0.400969
v -0.0929934 0.345227 -0.402918
v -0.0758817 0.335872 -0.404197
v -0.0935861 0.326137 -0.404723
v -0.0959954 0.306863 -0.406135
v -0.111201 0.316871 -0.405082
v -0.128919 0.308472 -0.405227
v -0.060524 0.363974 -0.401535
v -0.058153 0.345357 -0.403597
v -0.0770082 0.354845 -0.40223
v -0.0419815 0.373097 -0.400758
v -0.0402532 0.354787 -0.402937
v -0.266238 0.310476 0.320034
v -0.255852 0.326391 0.318231
v -0.273859 0.326109 0.312121
v 0.17231 -0.0515647 -0.411987
v -0.248632 0.343151 0.314168
v -0.189199 0.308684 0.333047
v -0.206424 0.298384 0.33281
v -0.224668 0.310211 0.32857
v -0.223661 0.289441 0.332124
v -0.185861 0.366349 0.321078
v -0.204765 0.36635 0.317309
v 0.24532 0.0841774 -0.409586
v -0.223931 0.363202 0.313339
v -0.213574 0.349493 0.321634
v -0.183442 0.347661 0.326646
v -0.200895 0.337318 0.326794
v -0.186185 0.327877 0.330252
v 0.207856 0.143643 -0.409777
v -0.25684 0.295259 0.325853
v -0.265954 0.257218 0.331044
v -0.238614 0.297662 0.328741
v -0.0808229 0.393065 -0.39609
v -0.08395 0.374707 -0.39948
v -0.190212 0.344831 -0.39796
v -0.198485 0.358823 -0.394222
v -0.182449 0.381614 -0.389349
v -0.71867 0.0598214 -0.0977713
v -0.717476 0.0447356 -0.0753958
v -0.707138 0.0488607 -0.089741
v -0.787465 -0.02859 -0.0896678
v -0.784397 -0.0460477 -0.0825945
v -0.799577 -0.0358303 -0.0740894
v 0.142317 0.20179 -0.409934
v -0.82651 0.00740374 -0.0534912
v -0.815848 0.0081269 -0.0660358
v -0.819971 -0.00715373 -0.0610054
v -0.807815 -0.00236553 -0.0748093
v -0.822427 -0.0238469 -0.0537719
v -0.837637 0.00562758 -0.0387236
v -0.844251 -0.0120195 -0.0277921
v -0.862479 0.00825963 0.00114738
v -0.760453 -0.0560948 0.219264
v -0.757768 -0.0582158 0.203028
v 0.239545 0.0663598 -0.409943
v -0.427219 0.326178 0.105953
v -0.851683 0.0400731 0.19628
v -0.857981 0.0228579 0.199453
v -0.840119 0.0270129 0.211825
v -0.447687 0.0505302 -0.3671
v -0.447121 0.0682561 -0.364919
v -0.446101 0.0873566 -0.361709
v -0.436079 0.0758843 -0.375723
v -0.470588 0.0884698 -0.337135
v -0.456161 0.0976336 -0.348442
v -0.463205 0.127443 -0.336188
v -0.45058 0.132348 -0.345737
v -0.440026 0.127783 -0.358042
v 0.160011 0.168083 -0.410423
v -0.461143 0.0480069 -0.352322
v -0.463248 0.0292096 -0.351023
v -0.429738 0.116729 0.295683
v -0.441698 0.112078 0.281775
v -0.435209 0.0981803 0.294904
v -0.465882 0.111695 0.237846
v -0.474275 0.103253 0.224385
v -0.479835 0.113476 0.207509
v -0.476875 0.132161 0.204493
v -0.485663 0.122778 0.190642
v -0.49089 0.131906 0.17416
v -0.494434 0.112656 0.176013
v -0.450544 0.19064 0.216882
v -0.459101 0.175205 0.211891
v -0.45187 0.172524 0.228387
v -0.445786 0.169086 0.242734
v -0.444068 0.15638 0.25459
v -0.437123 0.174576 0.254934
v -0.473102 0.151743 0.199989
v -0.467474 0.171937 0.197153
v -0.477057 0.162302 0.184179
v -0.481509 0.170724 0.168324
v -0.486623 0.151388 0.171191
v -0.415735 0.12349 0.306981
v -0.310121 0.476714 0.0183974
v -0.396525 0.149055 0.314328
v -0.41016 0.141901 0.306631
v -0.430171 0.148444 0.282324
v -0.418037 0.153996 0.295283
v -0.423163 0.167061 0.282933
v -0.414557 0.184924 0.284612
v -0.426192 0.180135 0.270003
v -0.452205 0.106974 0.266599
v -0.456097 0.0899169 0.266265
v 0.205981 -0.403728 -0.363766
v 0.210701 -0.416408 -0.347783
v 0.19063 -0.421027 -0.352998
v 0.45578 -0.383935 -0.149776
v -0.337858 0.241188 -0.393262
v -0.350231 0.224854 -0.39274
v -0.355615 0.245628 -0.385807
v -0.357843 0.263046 -0.376127
v -0.372245 0.248071 -0.37175
v 0.344507 -0.299761 -0.358988
v 0.339917 -0.317671 -0.349153
v 0.327829 -0.312623 -0.362587
v 0.397993 -0.254245 -0.342683
v 0.413317 -0.241573 -0.336041
v 0.409182 -0.262108 -0.330121
v 0.415181 -0.222136 -0.342718
v 0.169391 0.183836 -0.409805
v 0.387209 -0.23176 -0.365416
v 0.401909 -0.218242 -0.357177
v 0.37833 -0.285236 -0.341385
v 0.388987 -0.294946 -0.328332
v 0.373269 -0.303871 -0.334402
v 0.366718 -0.321737 -0.328897
v 0.356747 -0.309972 -0.342358
v 0.315238 -0.340956 -0.350183
v 0.33193 -0.33526 -0.342747
v 0.188903 0.11402 -0.410879
v 0.340506 -0.342735 -0.333113
v 0.28434 -0.380256 -0.340341
v 0.283992 -0.367291 -0.349919
v 0.296044 -0.372255 -0.339655
v 0.276382 -0.39322 -0.33534
v 0.285148 -0.339649 -0.373648
v 0.284886 -0.322859 -0.38427
v 0.358652 -0.452279 -0.225847
v 0.343292 -0.465006 -0.224584
v 0.356781 -0.442936 -0.241028
v 0.42729 -0.364191 -0.252295
v 0.428789 -0.374839 -0.239199
v 0.401355 -0.388443 -0.256624
v 0.3931 -0.40608 -0.246517
v -0.584951 0.11722 -0.153967
v -0.58768 0.102675 -0.143412
v 0.157309 0.120226 -0.411414
v -0.582442 0.118085 -0.172927
v -0.58686 0.0979012 -0.164461
v -0.572285 0.170083 -0.139894
v -0.576993 0.152862 -0.142905
v -0.57569 0.158185 -0.124179
v -0.56735 0.185494 -0.149776
v -0.561196 0.203429 -0.153518
v -0.565056 0.18718 -0.167647
v -0.581586 0.135288 -0.146012
v -0.58505 0.120644 -0.134577
v -0.581974 0.0936724 -0.195103
v -0.575623 0.1081 -0.205907
v -0.577205 0.123294 -0.191872
v -0.569708 0.128392 -0.210061
v -0.586925 0.0777033 -0.196279
v -0.58767 0.0868762 -0.180985
v -0.566142 0.159794 -0.197916
v -0.572472 0.15506 -0.17935
v -0.566744 0.172807 -0.181928
v -0.557885 0.163996 -0.216653
v -0.563706 0.146551 -0.213374
v 0.37699 -0.353202 -0.303254
v 0.373022 -0.335918 -0.316624
v 0.388738 -0.335057 -0.306337
v 0.400612 -0.320547 -0.30649
v 0.404937 -0.336523 -0.293633
v -0.595439 0.0545342 -0.134464
v 0.476668 -0.356232 -0.149389
v 0.310279 -0.371052 -0.332951
v 0.327464 -0.370047 -0.324233
v 0.314141 -0.386042 -0.321309
v 0.301229 -0.403097 -0.316481
v -0.641433 0.0602089 -0.153903
v -0.649258 0.0579858 -0.169144
v -0.695799 0.0512037 -0.148613
v -0.679872 0.0593924 -0.1425
v -0.680721 0.051059 -0.158037
v 0.303378 -0.499975 -0.208625
v 0.301424 -0.507049 -0.192021
v 0.290208 -0.509588 -0.203185
v 0.291328 -0.493219 -0.234422
v 0.302545 -0.493192 -0.223492
v 0.262811 -0.502032 -0.244865
v 0.187213 0.180396 -0.409416
v 0.470619 -0.343933 -0.0390626
v 0.221243 -0.454189 -0.314218
v 0.219145 -0.427888 -0.33495
v 0.24551 -0.435367 -0.319169
v 0.48037 -0.300699 0.018564
v 0.192429 -0.449214 -0.328268
v -0.110503 0.000842595 0.505988
v -0.103424 0.0153401 0.511416
v -0.0859948 0.0141282 0.51853
v -0.0917179 0.0342968 0.51485
v -0.0502085 0.0122238 0.522776
v -0.0335878 0.0185332 0.523447
v -0.0523162 0.0278671 0.522097
v -0.057382 0.0450272 0.520548
v -0.0720044 0.0301533 0.519964
v -0.764063 0.0554619 0.223714
v -0.756922 0.0443926 0.234365
v -0.406828 0.408229 -0.00494017
v -0.737456 0.0450381 0.23721
v -0.728585 0.0566425 0.227808
v -0.021946 -0.00107116 0.52401
v -0.0310789 -0.0176201 0.523632
v -0.0406279 -0.00118902 0.523423
v -0.0241279 -0.0315869 0.523397
v -0.534319 0.0595339 0.220626
v -0.516554 0.0599321 0.219323
v -0.420613 0.159814 -0.369128
v 0.335134 0.492116 -0.110904
v 0.0975292 0.137219 -0.412073
v 0.0943644 0.1157 -0.412379
v 0.0617984 0.137556 -0.412369
v 0.174303 0.568783 -0.11314
v 0.0488102 0.172561 -0.411775
v 0.0374029 0.193393 -0.411348
v 0.0680808 0.178875 -0.411528
v -0.40454 0.417453 -0.0233006
v 0.101344 0.174092 -0.411314
v -0.193767 0.0601744 -0.411428
v 0.110745 0.15459 -0.41162
v 0.125611 0.12005 -0.411957
v 0.0825307 -0.0209413 -0.413255
v 0.103419 -0.045999 -0.412937
v 0.0496247 -0.0373689 -0.413432
v 0.0225771 -0.0746391 -0.413266
v 0.0325838 -0.0244303 -0.413556
v 0.202174 0.0691735 -0.411
v 0.0244708 0.0112152 -0.413597
v 0.00843373 0.0453067 -0.413468
v 0.0569451 0.0172739 -0.413484
v -0.199717 -0.0117534 -0.411543
v 0.123891 0.0196489 -0.412775
v 0.109788 0.00583916 -0.412972
v -0.0786921 0.0785826 -0.413018
v -0.0670336 0.0943842 -0.412904
v -0.0501634 0.0491941 -0.413399
v -0.0313622 0.0463801 -0.413445
v -0.0531335 0.0165384 -0.41347
v 0.230437 0.114395 -0.409689
v -0.303678 0.469634 0.0471216
v -0.0832667 -0.00636482 -0.41327
v -0.0984349 0.0312101 -0.413132
v -0.195438 0.00918543 -0.411654
v -0.094554 0.0653573 -0.41301
v -0.108488 0.100893 -0.412474
v 0.503509 -0.254658 0.0256504
v 0.49966 -0.271267 0.0123239
v 0.508818 -0.25906 0.0038249
v 0.517179 -0.248965 -0.00777643
v 0.51124 -0.235309 0.0298745
v 0.501896 -0.243849 0.0443995
v 0.51426 -0.196428 0.0651945
v 0.507974 -0.215454 0.0616861
v 0.517112 -0.205136 0.0487142
v 0.518506 -0.215594 0.0333592
v 0.526671 -0.193593 0.0345011
v 0.499044 -0.222101 0.0766805
v -0.40642 0.400458 0.0143646
v 0.489395 -0.240287 0.0793215
v 0.500119 -0.233741 0.0612157
v 0.530922 -0.228073 -0.0228679
v 0.528897 -0.241023 -0.0364411
v 0.536942 -0.226472 -0.0427128
v 0.537119 -0.197397 -0.00170742
v 0.161917 0.0381243 -0.412156
v 0.540187 -0.201251 -0.0172245
v 0.196847 0.0315856 -0.411352
v 0.532839 -0.194066 0.0158749
v 0.33723 -0.116864 -0.402781
v 0.355765 -0.106866 -0.401039
v 0.201102 0.0869844 -0.410917
v 0.311877 -0.163794 -0.40334
v 0.31491 -0.145231 -0.403861
v 0.297786 -0.135605 -0.405596
v 0.317727 -0.126212 -0.404294
v 0.319746 -0.10692 -0.404772
v 0.396759 -0.0679372 -0.395545
v 0.38449 -0.0532907 -0.398532
v -0.175259 -0.0615011 -0.41182
v 0.0886667 -0.0745015 0.371258
v 0.0721509 -0.0677451 0.376227
v 0.131192 -0.0200413 0.367467
v 0.149928 -0.0132911 0.364095
v 0.136831 -0.00151871 0.366723
v -0.180657 -0.0412207 -0.411856
v 0.136676 -0.0570476 0.364757
v 0.15693 0.0704923 -0.412053
v 0.172726 -0.0442529 0.359577
v -0.148405 -0.0301166 -0.412497
v 0.144748 -0.0290871 0.364705
v 0.1612 -0.0282942 0.361868
v -0.162514 -0.0459917 -0.412175
v -0.408917 0.39038 0.0305403
v 0.354971 0.0738202 -0.402569
v 0.341725 0.0912639 -0.403481
v 0.361742 0.0926597 -0.401042
v 0.379738 0.0928336 -0.398024
v 0.389098 0.0620846 -0.397599
v 0.402326 0.0469157 -0.395058
v -0.115656 -0.06097 -0.41274
v 0.139729 0.0657717 -0.412415
v -0.758535 -0.00578729 -0.0116656
v -0.760399 0.0109612 -0.00893565
v 0.233711 0.0479313 -0.410243
v -0.768047 0.00430036 0.00402688
v 0.183755 0.0950334 -0.411228
v -0.752543 -0.0190837 -0.0232042
v -0.746099 -0.00716483 -0.0295286
v 0.208655 0.238019 -0.406219
v 0.218869 0.218207 -0.40675
v 0.198413 0.223896 -0.407371
v 0.188283 0.210606 -0.408312
v 0.177358 0.230686 -0.407831
v 0.155938 0.236454 -0.40823
v 0.168051 0.249918 -0.407216
v 0.160844 0.268975 -0.406425
v 0.180886 0.263853 -0.405978
v 0.236594 0.166231 -0.40807
v 0.22252 0.155319 -0.408959
v 0.218568 0.179706 -0.40834
v -0.143726 -0.0471042 -0.412461
v 0.167824 0.138245 -0.410908
v -0.124355 -0.0467202 -0.412732
v 0.246885 0.123337 -0.408827
v 0.484208 -0.20907 0.122597
v 0.468781 -0.209135 0.155719
v 0.474047 -0.226047 0.127899
v 0.466386 -0.226387 0.144081
v 0.471703 -0.241649 0.116724
v 0.486037 -0.17686 0.146316
v 0.486989 -0.160092 0.156713
v 0.478114 -0.175526 0.164332
v 0.45757 -0.190349 0.196044
v 0.470069 -0.19196 0.168216
v 0.468575 -0.176606 0.183738
v 0.468826 -0.158977 0.196295
v 0.460203 -0.173423 0.203991
v 0.456004 -0.2424 0.14946
v 0.451486 -0.224035 0.178149
v -0.419791 0.386955 0.0137642
v 0.443668 -0.222535 0.195806
v 0.440803 -0.23812 0.185428
v 0.273054 0.19461 -0.404896
v 0.266192 0.178077 -0.406102
v 0.250447 0.19519 -0.406235
v -0.0972752 -0.0186021 -0.413119
v 0.0225176 -0.435034 -0.379281
v 0.169818 0.154404 -0.410531
v 0.334707 -0.163008 0.33029
v -0.122866 0.002175 -0.412879
v 0.345978 -0.144774 0.32961
v 0.329394 -0.131152 0.333714
v 0.380913 -0.119228 0.32329
v 0.364733 -0.111853 0.328154
v 0.364527 -0.131602 0.326581
v 0.396076 -0.129427 0.315963
v 0.396439 -0.109262 0.318484
v 0.389036 -0.0517019 0.325067
v 0.385765 -0.074897 0.324774
v 0.417501 -0.0610973 0.313021
v 0.263833 -0.110786 0.344238
v 0.255788 -0.129679 0.344145
v 0.275965 -0.125829 0.341786
v 0.288376 -0.140898 0.339209
v 0.295664 -0.122755 0.339296
v 0.314606 -0.118224 0.336791
v 0.302239 -0.103588 0.339378
v 0.277274 -0.0734671 0.34422
v 0.27056 -0.0918635 0.344333
v 0.289965 -0.0888337 0.341835
v 0.309667 -0.0841428 0.339171
v 0.329304 -0.078307 0.336352
v 0.31711 -0.064941 0.338767
v 0.370663 -0.0430042 0.329969
v 0.353036 -0.038605 0.33355
v 0.358471 -0.0585699 0.331975
v 0.18148 -0.241774 -0.407343
v 0.166399 -0.251913 -0.407335
v 0.163473 -0.232135 -0.408383
v 0.143694 -0.223637 -0.409189
v 0.149386 -0.202467 -0.409751
v 0.209752 0.121646 -0.410226
v 0.18455 -0.202512 -0.408855
v 0.202554 -0.189167 -0.408659
v 0.20266 -0.21128 -0.40789
v -0.157702 0.0611072 -0.412146
v -0.185605 0.0276939 -0.411812
v 0.199553 -0.125756 -0.410375
v 0.231306 -0.127922 -0.409259
v 0.200712 -0.146542 -0.409939
v 0.199213 -0.168425 -0.409402
v 0.183185 -0.154962 -0.410277
v 0.169374 -0.193941 -0.409531
v 0.163671 -0.16325 -0.410534
v 0.13171 -0.156413 -0.41127
v 0.155132 -0.13439 -0.411314
v 0.147497 -0.117625 -0.41172
v 0.167453 -0.123345 -0.411279
v 0.200751 -0.105618 -0.410641
v -0.0778213 0.023947 0.383837
v -0.0722675 0.00728986 0.388693
v -0.0423934 0.0978991 0.475416
v -0.054954 0.0948133 0.49034
v -0.039161 0.104729 0.492833
v -0.0701417 0.083722 0.489398
v -0.0633574 0.0832853 0.5052
v -0.434393 0.346299 0.0597361
v -0.426801 0.346327 0.0754944
v -0.42021 0.359227 0.0672256
v -0.431562 0.269852 0.173207
v -0.0215097 -0.230582 -0.410456
v -0.414368 0.378722 0.0428352
v -0.0275543 -0.196465 -0.41144
v -0.43735 0.359199 0.0297587
v -0.00312159 -0.14588 -0.412456
v -0.443146 0.344902 0.0428228
v -0.463266 0.36785 -0.0672756
v -0.475721 0.350607 -0.0648973
v -0.47473 0.344875 -0.0436226
v -0.452731 0.370012 -0.0346558
v -0.440483 0.385647 -0.0382203
v -0.441193 0.391077 -0.0566678
v -0.452696 0.376208 -0.0519346
v -0.0642643 -0.130492 -0.412457
v -0.428123 0.415457 -0.0998789
v -0.432058 0.404177 -0.0665551
v -0.427492 0.401904 -0.0440727
v -0.418608 0.415928 -0.0595689
v -0.0494867 -0.174991 -0.411851
v -0.409124 0.428583 -0.0733291
v -0.387787 0.398724 0.0571008
v -0.401515 0.389663 0.0479086
v -0.396673 0.384727 0.0675742
v -0.147987 0.0234594 -0.412512
v -0.109346 -0.180557 -0.410962
v -0.381898 0.394058 0.0776222
v -0.364318 0.405485 0.086791
v -0.375137 0.404885 0.0686558
v -0.376806 0.411243 0.0519735
v -0.388889 0.441564 -0.052899
v -0.378321 0.453919 -0.0663191
v -0.0596241 -0.1898 -0.411404
v -0.0798109 -0.217582 -0.410354
v -0.412491 0.416174 -0.0414636
v -0.204924 -0.140719 -0.409952
v 0.538243 0.24862 -0.168954
v -0.727555 0.0600934 0.212567
v -0.37402 0.452296 -0.0475543
v -0.377689 0.438262 -0.0139786
v -0.39116 0.428539 -0.0196947
v -0.385324 0.426105 0.000642533
v -0.394583 0.413233 0.0112897
v -0.380596 0.422537 0.0196487
v -0.373776 0.421207 0.0361937
v -0.362693 0.436147 0.0236704
v -0.3462 0.443927 0.0364936
v -0.356174 0.448019 0.0071565
v -0.342285 0.458897 0.0064702
v -0.363836 0.448104 -0.00966123
v -0.369431 0.44993 -0.0283956
v -0.452977 0.35316 0.00350734
v -0.443709 0.359085 0.0148566
v -0.463003 0.347373 -0.0115016
v -0.452724 0.362445 -0.0161765
v -0.473443 0.338953 -0.0246531
v -0.481218 0.323293 -0.0151455
v -0.474867 0.323032 0.00403688
v -0.463305 0.337889 0.00711485
v -0.452104 0.343666 0.0240778
v -0.755337 -0.0467387 0.186918
v -0.775957 -0.0465313 0.179505
v -0.793166 -0.0555386 0.184019
v -0.792282 -0.0466107 0.168527
v -0.818883 -0.0568024 0.153402
v -0.814021 -0.0451077 0.135535
v -0.804359 -0.0456686 0.153778
v -0.732237 -0.0401692 0.186645
v -0.738958 -0.0566138 0.198337
v -0.792879 -0.0310182 0.157655
v -0.0677875 -0.0358828 0.441583
v -0.0590249 -0.0538949 0.445207
v 0.544772 0.23206 -0.172436
v -0.0294706 -0.058183 0.427015
v -0.0425721 -0.0478747 0.423105
v -0.0344018 -0.0510343 0.411272
v -0.0327739 -0.0675015 0.440673
v -0.231782 -0.163326 -0.408572
v -0.0470144 -0.0723176 0.452173
v -0.065462 -0.0672208 0.459249
v -0.0551205 -0.0380742 0.427988
v -0.0647458 -0.0201962 0.428525
v 0.124611 -0.416253 -0.382147
v 0.106516 -0.42171 -0.380887
v 0.125716 -0.401959 -0.390802
v 0.0887506 -0.42656 -0.379631
v 0.158919 -0.365445 -0.397057
v -0.163574 0.00953445 -0.412326
v 0.0179061 -0.240699 -0.410209
v 0.133615 -0.387182 -0.394442
v 0.122664 -0.371551 -0.398406
v -0.552707 0.00203796 -0.26491
v -0.0516642 -0.240317 -0.409941
v -0.774191 0.0554333 -0.0818663
v 0.110999 -0.242856 -0.409146
v -0.792948 0.0475558 -0.0739945
v -0.806961 0.0366163 -0.0671107
v -0.804441 0.0507829 -0.0567192
v -0.796404 0.0335462 -0.080325
v 0.0229826 -0.356132 -0.403262
v 0.12092 -0.141246 -0.41172
v 0.0417619 -0.354263 -0.4032
v 0.0578393 -0.352539 -0.403087
v 0.0726436 -0.361663 -0.401688
v 0.0925097 -0.360854 -0.401248
v 0.117581 -0.316488 -0.404755
v 0.133714 -0.333176 -0.40266
v 0.100035 -0.328292 -0.404321
v 0.101203 -0.345067 -0.402695
v 0.0858383 -0.343046 -0.403352
v 0.0686702 -0.339434 -0.40412
v 0.0814016 -0.323817 -0.405189
v 0.12847 -0.298246 -0.405784
v 0.147897 -0.29836 -0.405036
v -0.451019 0.254138 0.153062
v -0.441027 0.272089 0.151837
v -0.453326 0.26515 0.135449
v 0.0860473 -0.139638 -0.412193
v -0.415621 0.296552 0.169451
v -0.420206 0.281107 0.180981
v -0.408157 0.292329 0.188737
v -0.791166 0.0500916 0.173429
v -0.394408 0.304145 0.197429
v -0.413084 0.276503 0.200051
v -0.416572 0.261317 0.212022
v -0.406625 0.273017 0.216415
v -0.441531 0.24302 0.184355
v -0.433597 0.256338 0.185115
v -0.448964 0.243822 0.168735
v -0.443775 0.227888 0.195961
v -0.430361 0.246971 0.201883
v -0.434003 0.28812 0.145421
v -0.422911 0.300326 0.15049
v -0.43195 0.299841 0.133621
v -0.036327 -0.103268 0.506067
v 0.0212307 -0.104262 0.504487
v 0.0409201 -0.100861 0.498688
v 0.0392365 -0.0914013 0.51193
v -0.760357 0.056711 0.192224
v -0.761476 0.0617278 0.209173
v -0.070692 -0.00446372 0.434298
v -0.429433 0.313052 0.120403
v -0.0744951 0.00923167 0.439825
v -0.265674 0.0823641 0.346083
v -0.26147 0.10146 0.345767
v -0.279682 0.094961 0.343775
v 0.111806 -0.127395 -0.412081
v 0.266043 0.110574 -0.408261
v 0.112994 -0.110879 -0.412297
v -0.28966 0.0637902 0.343519
v 0.115881 -0.092391 -0.41247
v -0.271367 0.0641442 0.345938
v -0.0132972 -0.267081 -0.409324
v -0.247873 0.0873446 0.348077
v -0.208848 0.191265 0.345214
v -0.200195 -0.0960835 -0.410931
v -0.218978 0.207208 0.342615
v -0.212331 0.224624 0.341482
v -0.235256 0.203843 0.341191
v -0.251723 0.209421 0.338687
v -0.245094 0.189484 0.341438
v -0.263287 0.191223 0.339092
v -0.235994 0.170123 0.344209
v -0.777183 0.0523989 0.182461
v -0.218523 0.176337 0.345601
v 0.543103 0.241447 -0.155544
v -0.751554 0.0460204 -0.039824
v -0.766675 0.0561887 -0.0348499
v -0.75995 0.0421304 -0.0246289
v -0.768773 0.0388597 -0.00861628
v -0.758368 0.0255178 -0.0160953
v -0.0370888 0.0860061 0.379256
v -0.0329079 0.10399 0.373794
v -0.0732108 0.0541076 0.380249
v -0.0907151 0.0552631 0.375299
v -0.130774 0.214863 0.349263
v 0.0696147 -0.0694508 -0.413112
v -0.103576 0.251516 0.346376
v -0.123472 0.248727 0.34568
v -0.11714 0.266305 0.343784
v -0.142793 0.243907 0.345087
v -0.155553 0.255109 0.342877
v -0.148587 0.223648 0.347038
v -0.31655 0.459673 0.0504984
v -0.0600542 0.214004 0.353222
v -0.0601741 0.195984 0.355697
v -0.0566699 0.179898 0.358134
v -0.0615578 0.165257 0.359973
v -0.0433469 0.168224 0.36046
v -0.0333636 0.579102 -0.216403
v -0.836344 -0.0594963 0.184712
v -0.844583 -0.0506681 0.193719
v 0.0541658 0.326411 -0.405341
v 0.0672394 0.338851 -0.404142
v -0.338851 -0.0476412 0.33628
v -0.320454 -0.0388511 0.339405
v -0.33669 -0.0286321 0.336988
v -0.336295 -0.0133152 0.337161
v -0.107949 -0.136619 -0.411921
v -0.354898 -0.0361882 0.333524
v -0.296464 -0.0129455 0.343235
v -0.301768 -0.0323647 0.34222
v -0.283275 -0.0278745 0.344866
v -0.270193 -0.0436474 0.346354
v -0.264987 -0.0234135 0.347396
v -0.246494 -0.0187483 0.349881
v -0.259123 -0.00367861 0.348322
v -0.712912 -0.0313439 0.244559
v 0.0157306 -0.0935159 -0.413134
v -0.772521 -0.0474741 0.227516
v -0.766485 -0.0316893 0.237246
v -0.786458 -0.0350198 0.231751
v 0.0466033 -0.0922762 -0.413082
v -0.804788 -0.03815 0.224434
v -0.759924 -0.0131384 0.242337
v -0.72659 -0.0189956 0.246589
v -0.146818 -0.139876 -0.411397
v 0.0193028 -0.115636 -0.412889
v -0.679024 -0.0447681 0.240509
v -0.74662 -0.0263393 0.242229
v -0.730992 -0.0520255 0.227171
v -0.72487 -0.0603651 0.21162
v -0.717664 -0.0444124 0.235688
v -0.000338251 0.116215 0.371729
v -0.0166919 0.109697 0.373066
v -0.00250797 0.0968566 0.376851
v -0.33528 0.297243 0.29338
v -0.33482 0.310929 0.281431
v -0.349457 0.296659 0.279476
v -0.378206 0.232524 0.298152
v -0.373855 0.252441 0.290257
v -0.38768 0.24271 0.281253
v -0.368794 0.269206 0.282606
v -0.364198 0.283991 0.273888
v -0.379254 0.272511 0.264559
v 0.0583229 -0.14383 -0.412355
v -0.112749 0.0156121 0.372963
v 0.536821 -0.255802 -0.154151
v 0.543515 -0.240597 -0.156854
v 0.543384 -0.242339 -0.138438
v 0.545048 -0.236501 -0.117105
v 0.538115 -0.25311 -0.121568
v 0.545024 -0.231769 -0.0958673
v 0.551557 -0.220285 -0.113881
v 0.549629 -0.226553 -0.152031
v 0.095731 0.315298 -0.405345
v 0.556389 -0.209601 -0.148332
v -0.116736 -0.0880371 -0.412497
v 0.554136 -0.209327 -0.0974508
v 0.561718 -0.191666 -0.109442
v 0.560906 -0.187886 -0.0926685
v 0.557243 -0.207935 -0.130035
v 0.56191 -0.194635 -0.124777
v 0.0098481 0.0606021 0.420706
v 0.0177572 0.0600705 0.405079
v -0.00163953 0.0624577 0.407818
v -0.0130096 0.0652728 0.395403
v -0.0209008 0.0593802 0.411592
v -0.0061188 0.0787512 0.384083
v -0.0250693 0.0730816 0.386113
v 0.0959561 0.0233738 0.465956
v 0.0830588 0.0272534 0.454957
v 0.0925108 0.0387137 0.468344
v -0.0571792 0.0733056 0.458713
v -0.0273773 0.0777228 0.448546
v 0.00869374 -0.130761 -0.412689
v -0.0424493 0.0834745 0.459785
v -0.0553469 0.0308384 0.426729
v -0.0683077 0.024919 0.43844
v -0.060505 0.0422752 0.439788
v -0.0567675 0.0584161 0.446649
v 0.0787402 -0.070369 0.476926
v -0.158895 -0.123865 -0.411484
v 0.0864792 -0.0678591 0.493755
v -0.100308 -0.00621766 0.4649
v -0.089777 -0.0210836 0.457178
v -0.103203 -0.0237692 0.470926
v -0.115375 -0.00411478 0.491977
v 0.342901 0.0380313 -0.404301
v -0.110209 0.0086103 0.47795
v 0.0633366 -0.0820086 0.474345
v 0.0496698 -0.0769121 0.459133
v 0.0654531 -0.0669356 0.461874
v 0.0785771 -0.0540347 0.463017
v -0.047312 -0.0992901 0.480773
v -0.0387072 -0.0905198 0.465223
v -0.0292115 -0.105498 0.479648
v -0.0108091 -0.0835437 0.450293
v -0.00298513 -0.0968966 0.464288
v 0.00899698 -0.106153 0.477476
v -0.010233 -0.107965 0.480166
v 0.0532716 -0.126863 -0.412677
v -0.505207 -0.123542 -0.302336
v -0.492345 -0.115477 -0.315213
v -0.503504 -0.104803 -0.30776
v 0.151764 -0.0842827 -0.41208
v 0.0330912 -0.221095 0.352765
v -0.514821 -0.137507 -0.289622
v -0.527911 -0.0983677 -0.285241
v -0.53305 -0.112538 -0.275944
v -0.539003 -0.096969 -0.272518
v -0.0132008 0.578939 -0.218375
v -0.531629 -0.0638802 -0.28638
v -0.195835 -0.348468 0.323505
v 0.125302 0.262387 -0.407826
v 0.103483 0.262187 -0.408348
v 0.0931103 0.24692 -0.40918
v 0.0829591 0.265331 -0.408562
v 0.0636182 0.269898 -0.408578
v 0.0731513 0.285446 -0.407672
v 0.0829298 0.30115 -0.406587
v 0.102874 0.295203 -0.406552
v 0.121917 0.285352 -0.406663
v 0.140889 0.275479 -0.406691
v 0.137758 -0.0684539 -0.412398
v 0.0580154 0.399328 -0.395427
v 0.037201 0.396798 -0.396865
v 0.148903 0.307942 -0.404259
v 0.168495 0.30188 -0.403935
v 0.154777 0.28829 -0.405455
v 0.115478 0.307331 -0.405402
v 0.144158 0.324748 -0.403011
v 0.0857227 0.370195 -0.400301
v 0.122487 0.370034 -0.398382
v 0.116996 0.351166 -0.401422
v 0.130948 0.336592 -0.402379
v -0.0242788 0.384636 -0.399315
v -0.00573151 0.376006 -0.400686
v 0.00896608 0.383983 -0.399602
v 0.0159941 0.398074 -0.39717
v 0.000489841 0.337767 -0.404783
v 0.017165 0.34767 -0.403847
v 0.0196364 0.327092 -0.405586
v 0.0385745 0.316239 -0.406203
v 0.021429 0.304409 -0.407058
v 0.0413585 0.296055 -0.407397
v 0.139189 -0.0499449 -0.412491
v 0.00206429 0.298665 -0.407439
v -0.0139377 0.309979 -0.40677
v -0.0293283 0.318883 -0.406136
v -0.0162014 0.328514 -0.405504
v -0.0200902 0.346561 -0.403942
v -0.44661 -0.164972 -0.340623
v -0.438053 -0.180738 -0.342677
v -0.230077 0.373717 -0.378838
v -0.214534 0.379205 -0.381732
v -0.242611 0.380818 -0.365718
v -0.246398 0.364734 -0.377632
v -0.276638 0.345222 -0.376552
v -0.26167 0.354742 -0.377061
v -0.279787 0.327668 -0.387061
v -0.201925 0.388003 -0.380354
v -0.204825 0.400643 -0.368156
v 0.0623029 0.052327 0.448556
v 0.0873658 0.0554046 0.472856
v 0.0879518 0.334266 -0.404068
v -0.535061 0.263466 -0.165712
v -0.535835 0.254995 -0.183558
v -0.541425 0.2488 -0.168427
v -0.521433 0.278888 -0.193888
v -0.51843 0.289711 -0.182081
v -0.514277 0.300767 -0.168694
v -0.507258 0.306001 -0.186567
v -0.53359 0.269477 -0.147978
v -0.537576 0.26106 -0.133709
v -0.530638 0.275234 -0.129674
v -0.525706 0.282288 -0.110527
v -0.522499 0.290633 -0.13018
v -0.509612 0.311097 -0.154219
v -0.519255 0.295812 -0.149905
v 0.0681715 0.369902 -0.400883
v -0.506349 0.317447 -0.123928
v -0.496276 0.333207 -0.134105
v -0.505326 0.319285 -0.140515
v -0.499829 0.326455 -0.154539
v -0.489905 0.341638 -0.151646
v -0.493513 0.332573 -0.17083
v 0.005796 0.0687948 0.435219
v -0.0118659 0.0736313 0.440219
v 0.00452295 0.0810972 0.448817
v -0.803555 0.00445238 0.125328
v 0.0573451 0.357973 -0.402464
v 0.137381 -0.577326 -0.162008
v -0.801819 -0.0106598 0.1351
v -0.793399 -0.0122586 0.151029
v -0.396917 0.14419 -0.390422
v 0.0878739 -0.0711476 -0.412932
v -0.400821 0.126194 -0.391132
v -0.418216 0.0469266 -0.389616
v -0.433814 0.0363452 -0.380732
v -0.422129 0.0661137 -0.386995
v -0.403681 0.060949 -0.394611
v 0.440441 -0.0972534 0.283863
v 0.445647 -0.111854 0.270347
v 0.451068 -0.0943045 0.267687
v 0.458084 -0.125036 0.239786
v 0.448745 -0.12655 0.257413
v 0.458924 -0.0888587 0.254673
v 0.140425 -0.0303785 -0.412531
v 0.47326 -0.0914234 0.224299
v 0.465312 -0.0910381 0.240937
v 0.156201 -0.0212267 -0.4123
v 0.438429 -0.128212 0.275017
v -0.366296 0.121201 -0.399395
v -0.00728637 0.584689 -0.203966
v -0.363742 0.138664 -0.398671
v -0.36602 0.155869 -0.396973
v -0.34734 0.149387 -0.400475
v 0.128665 -0.0184271 -0.412711
v -0.345276 0.128335 -0.401963
v 0.0354639 0.359541 -0.402529
v -0.195879 -0.560183 -0.169323
v 0.14022 0.0399774 0.365127
v 0.125597 0.0438016 0.367847
v 0.126658 0.0264793 0.368434
v -0.407777 -0.0767676 -0.392938
v -0.42146 -0.062283 -0.388392
v -0.42625 -0.0413328 -0.387109
v -0.300816 -0.384895 0.219034
v 0.0626288 0.0159958 0.398541
v 0.0563259 0.0261887 0.41145
v 0.0614511 0.00802444 0.414576
v -0.238021 0.0758451 -0.410082
v -0.222717 0.0624162 -0.410667
v -0.239188 0.0335498 -0.410379
v -0.197377 -0.464196 -0.315586
v -0.254175 0.0273687 -0.409891
v -0.264685 0.0109395 -0.409474
v -0.269918 0.0573337 -0.409081
v -0.286168 0.0673653 -0.408157
v -0.27111 0.0792169 -0.408773
v 0.301657 0.492786 -0.0192025
v -0.272762 -0.419963 -0.319876
v 0.73981 -0.00358507 0.201825
v -0.325959 0.0223643 -0.406123
v -0.33197 0.0422466 -0.405461
v -0.314598 0.0398785 -0.406784
v -0.300692 0.0542221 -0.40748
v -0.2979 0.0327731 -0.407828
v -0.28229 0.0219073 -0.408676
v -0.283507 -0.000289307 -0.408651
v -0.289283 -0.0416384 -0.408177
v -0.305916 -0.0290978 -0.40735
v -0.326363 -0.0356566 -0.405891
v -0.321119 -0.014646 -0.406466
v 0.733966 0.00333038 0.185646
v 0.0182767 -0.0650767 0.432012
v 0.00237655 -0.0636576 0.422037
v 0.0191474 -0.058926 0.414287
v 0.0258004 -0.0608299 0.396789
v 0.0354912 -0.0490713 0.409175
v 0.0463157 -0.0413874 0.422145
v 0.0596725 -0.0366683 0.436051
v 0.0482529 -0.0521982 0.437618
v 0.00257044 -0.0730402 0.439032
v -0.234142 0.419569 0.234685
v 0.0183376 -0.0777824 0.447237
v 0.0324802 -0.0850685 0.458225
v 0.0906023 -0.528337 -0.282829
v -0.607677 0.00845743 -0.131089
v 0.0526216 -0.0632974 0.449872
v -0.104881 -0.0392288 0.480864
v -0.712059 -0.0573604 -0.0946561
v -0.091039 -0.0407218 0.464424
v -0.314986 0.36623 0.230165
v -0.090122 -0.0677283 0.482058
v -0.0739297 -0.0769584 0.474156
v -0.0807146 -0.0818549 0.490969
v 0.529363 0.0762452 -0.283439
v 0.172219 0.106492 0.355752
v 0.156064 0.103914 0.358024
v 0.112243 -0.559666 -0.234768
v 0.144613 0.0930715 0.36051
v 0.205288 0.0988597 0.352156
v 0.197921 0.0830269 0.354054
v 0.214304 0.0837651 0.351851
v 0.22245 0.0678767 0.351493
v 0.230383 0.084756 0.349693
v 0.24609 0.0922744 0.347258
v 0.227524 0.102287 0.34913
v 0.265816 0.152237 0.341187
v 0.259658 0.132081 0.343293
v 0.277438 0.135378 0.340864
v 0.296833 0.137525 0.338167
v -0.306764 0.340587 0.278485
v -0.293318 0.354148 0.275844
v -0.306456 0.352951 0.262088
v -0.30469 0.36511 0.24565
v -0.0747937 -0.45861 -0.349606
v -0.335953 0.377839 0.181332
v -0.350649 -0.286563 -0.366476
v -0.322958 0.379234 0.197971
v -0.321155 0.389882 0.18247
v -0.3254 0.36745 0.213724
v -0.339295 0.355346 0.212501
v -0.348565 0.355113 0.198747
v -0.344306 0.342004 0.225447
v -0.248988 0.401442 0.251274
v -0.264423 0.400837 0.235625
v -0.265594 0.390763 0.251418
v -0.279698 0.378723 0.255051
v -0.266356 0.379765 0.268088
v -0.290767 0.401735 0.202779
v -0.294588 0.390419 0.217417
v -0.278139 0.401141 0.219363
v 0.466442 -0.370302 -0.149676
v -0.286801 0.413744 0.186327
v -0.304573 0.400893 0.186207
v -0.279781 0.367239 0.272451
v -0.326027 -0.315562 -0.36528
v -0.278701 0.355189 0.28833
v 0.420966 0.103597 0.303763
v 0.409998 0.0885537 0.314354
v 0.425052 0.0836764 0.304757
v -0.768169 0.0618739 -0.0651726
v -0.777544 0.0615286 -0.0485701
v -0.819856 0.0590111 -0.0144314
v -0.846926 0.0427806 -0.00585775
v -0.0321329 0.414046 0.316853
v -0.829767 0.060635 0.0065504
v -0.784362 0.0615978 -0.0315868
v 0.382216 0.160175 0.318033
v 0.179934 -0.28244 -0.404962
v 0.372731 0.132398 0.324767
v -0.488469 0.187356 -0.299442
v -0.494585 0.200439 -0.288882
v -0.477837 0.201709 -0.303824
v -0.471287 0.22092 -0.302385
v -0.460563 0.210906 -0.314943
v -0.528998 0.193139 -0.252074
v -0.534917 0.203936 -0.236949
v -0.52385 0.213407 -0.248859
v -0.520221 0.232972 -0.242158
v -0.512153 0.224577 -0.258473
v -0.554907 0.209697 -0.0827872
v -0.449726 0.249342 -0.308382
v -0.431905 0.256968 -0.318438
v -0.442518 0.239827 -0.317886
v -0.426889 0.277419 -0.312906
v -0.436649 0.287388 -0.30047
v -0.423801 0.29364 -0.307158
v -0.505384 0.263659 -0.242456
v -0.29972 0.378129 0.231152
v -0.493535 0.277572 -0.248675
v -0.443072 0.298506 -0.288907
v -0.455434 0.29744 -0.278227
v -0.488749 0.225573 0.103066
v -0.441256 0.314755 -0.280135
v -0.470144 0.293711 -0.265633
v -0.482145 0.29297 -0.251872
v -0.470808 0.308847 -0.253583
v -0.460404 0.321897 -0.255394
v -0.455484 0.336259 -0.248353
v -0.447975 0.32723 -0.264694
v -0.508604 0.193703 -0.277026
v -0.291758 0.375853 0.245051
v -0.0483237 0.042834 0.397963
v -0.511628 0.175401 -0.280665
v -0.521909 0.17993 -0.267087
v 0.392804 -0.169769 0.309831
v 0.389319 -0.191634 0.30535
v 0.403986 -0.177611 0.298288
v 0.421272 -0.149375 0.290473
v 0.413109 -0.184816 0.28396
v 0.408756 -0.202319 0.2791
v 0.42334 -0.175496 0.274499
v 0.389325 -0.223593 0.290159
v 0.393262 -0.234371 0.27656
v 0.402738 -0.220581 0.273967
v 0.415592 -0.210248 0.262062
v 0.151919 -0.440858 -0.347619
v 0.136575 -0.449059 -0.344553
v 0.0733329 0.0796757 0.495583
v -0.654386 -0.00965469 -0.189913
v 0.0688541 0.0337784 0.44422
v -0.629654 -0.0285919 -0.198712
v 0.0670094 0.0017683 0.431567
v 0.139163 -0.422247 -0.371928
v -0.513448 -0.00799348 0.174808
v -0.478868 0.231071 -0.29148
v -0.746945 0.0301296 0.179417
v -0.107071 -0.0358021 0.499157
v 0.549877 -0.0327287 0.0582548
v 0.548002 -0.013604 0.0653354
v 0.543185 -0.000202698 0.0785529
v 0.540845 -0.0203311 0.0839973
v -0.465677 0.239305 -0.299653
v 0.536932 -0.039215 0.0919275
v 0.543676 -0.0899517 0.0596934
v 0.545148 -0.108446 0.0472341
v 0.54991 -0.0788152 0.0463032
v 0.557002 -0.0913739 0.0204674
v 0.686936 -0.0781076 0.0513317
v -0.0528568 -0.102021 0.497459
v 0.468344 -0.0182122 0.252406
v 0.465796 -0.0379176 0.254999
v 0.490663 -0.0569978 0.198636
v 0.485867 -0.0469725 0.211294
v 0.478619 -0.0584715 0.224086
v 0.471235 -0.0521657 0.241156
v 0.478339 -0.0761565 0.219381
v 0.519749 -0.0199913 0.136355
v 0.51355 -0.00455074 0.151978
v -0.241459 -0.476087 0.112357
v 0.507951 -0.0105857 0.16511
v 0.499271 -0.149856 -0.298492
v 0.500437 -0.129648 -0.302719
v 0.512268 -0.13722 -0.289241
v 0.528142 -0.105112 -0.279277
v 0.536785 -0.114886 -0.266173
v 0.524553 -0.125504 -0.278718
v 0.519725 -0.0960418 -0.290707
v 0.529928 -0.0854663 -0.281137
v 0.484713 -0.105596 -0.321077
v 0.477942 -0.0876278 -0.329476
v 0.493146 -0.0887984 -0.316608
v 0.507641 -0.0936179 -0.303075
v 0.503292 -0.0739384 -0.309816
v -0.775781 0.0178726 0.0154128
v -0.777312 -0.00178292 0.0209719
v -0.799604 0.0312078 0.0597583
v -0.796915 0.0121712 0.064363
v -0.791163 0.0158529 0.0483318
v -0.784797 0.00248876 0.0373104
v -0.793138 0.0323361 0.0423689
v -0.461509 0.256841 -0.295198
v -0.330364 0.456605 0.034702
v 0.107535 -0.346921 0.331972
v 0.0930194 -0.354975 0.331129
v 0.110878 -0.381798 0.324187
v 0.0940956 -0.373803 0.327191
v -0.459682 0.270629 -0.289846
v 0.191596 -0.358281 0.321884
v 0.22302 -0.352652 0.31704
v 0.207201 -0.346936 0.322852
v -0.850112 -0.0593126 0.139325
v -0.843487 -0.0608366 0.123107
v -0.855671 -0.0621142 0.108047
v -0.836559 -0.0604152 0.106138
v -0.839156 -0.0622883 0.0745436
v -0.821201 -0.0558053 0.0724497
v -0.828725 -0.0582715 0.0891759
v -0.863219 -0.059464 0.0941309
v 0.566255 -0.105478 -0.00512484
v 0.57964 -0.109045 -0.0153201
v -0.783502 0.0155263 0.237121
v -0.770185 0.0302048 0.23719
v -0.790656 0.0321794 0.231249
v 0.565561 -0.163671 -0.0693227
v 0.189929 -0.00481435 -0.411569
v 0.572058 -0.148542 -0.0613947
v 0.575313 -0.153109 -0.0804892
v -0.466505 0.280609 -0.277787
v -0.331984 0.306602 -0.368129
v -0.324248 0.323546 -0.360235
v -0.348014 0.296762 -0.360978
v -0.364672 0.293518 -0.348633
v -0.356453 0.310464 -0.344315
v -0.305538 0.371507 -0.33693
v -0.289363 0.367688 -0.349253
v -0.304241 0.356058 -0.348901
v -0.302083 0.34329 -0.360806
v -0.31562 0.340896 -0.352658
v 0.551279 -0.108389 0.0282803
v 0.557585 -0.105899 0.0102043
v 0.580296 -0.120597 -0.0268349
v 0.551768 -0.170036 -0.0230136
v 0.555462 -0.155293 -0.0213938
v 0.580033 -0.137058 -0.0507914
v -0.682985 0.0449402 0.200663
v 0.555201 -0.133298 -0.000620715
v 0.260171 -0.437016 -0.311491
v 0.558415 -0.118319 0.000183573
v 0.505975 -0.131353 0.133365
v 0.514868 -0.123688 0.117327
v 0.509816 -0.111516 0.135131
v -0.724276 0.0492061 0.197005
v -0.673084 0.0557245 0.215502
v 0.545322 -0.0532696 0.0670625
v 0.538963 -0.057108 0.0830897
v 0.506236 -0.0771603 0.157199
v 0.4986 -0.0762003 0.175125
v -0.646006 -0.0597259 -0.161376
v 0.49105 -0.073959 0.192751
v 0.508883 -0.0424341 0.159587
v 0.501615 -0.0424318 0.176771
v 0.499289 -0.0264578 0.184493
v 0.496927 -0.0584099 0.184206
v 0.511426 -0.059535 0.149986
v 0.515845 -0.0405204 0.143237
v 0.525585 -0.0572287 0.116619
v 0.527727 -0.0719295 0.107631
v 0.53253 -0.0576981 0.0993943
v 0.529921 -0.0402908 0.109332
v 0.522706 -0.0400786 0.126802
v 0.366184 -0.468039 -0.169945
v 0.50959 -0.142364 0.118463
v 0.517603 -0.137703 0.102719
v 0.51804 -0.152203 0.0923255
v 0.525353 -0.136129 0.084784
v 0.536014 -0.0944469 0.0787283
v 0.528302 -0.100261 0.0960803
v 0.533635 -0.127843 0.0687178
v 0.535964 -0.139242 0.0549606
v -0.694192 0.0263114 0.19049
v -0.381149 -0.419386 -0.247835
v 0.428277 -0.377726 0.00609187
v 0.41688 -0.384231 0.0192238
v 0.416396 -0.393088 0.00129477
v -0.405618 0.158586 -0.383153
v 0.429397 -0.391093 -0.0280195
v 0.44852 -0.36664 -0.0235639
v 0.439565 -0.371261 -0.00885
v 0.427291 -0.402794 -0.0549096
v 0.415761 -0.416802 -0.0622629
v 0.486452 -0.31567 -0.0282031
v 0.490372 -0.302302 -0.0137156
v 0.270672 0.115204 0.34291
v 0.265105 0.0960016 0.344576
v 0.285217 0.0986292 0.341777
v 0.304163 0.0932533 0.339383
v 0.300573 0.11459 0.338945
v 0.375549 0.0539289 0.328847
v 0.356978 0.0425325 0.332907
v 0.360783 0.0628863 0.331591
v 0.337178 0.0371745 0.33626
v 0.316086 0.0365377 0.339435
v 0.562145 -0.011093 -0.247483
v 0.395415 0.0686559 0.322466
v 0.387028 0.106551 0.321971
v 0.378331 0.091481 0.325983
v 0.393718 0.0901438 0.32113
v 0.390932 0.124635 0.318888
v 0.375948 0.117964 0.324833
v 0.336079 0.120936 0.333363
v 0.332535 0.102883 0.334869
v 0.349014 0.103779 0.332078
v 0.358142 0.119852 0.32937
v 0.332335 0.140827 0.332736
v 0.315859 0.128654 0.335999
v 0.303563 0.0546071 0.340813
v 0.294044 0.0754438 0.341478
v 0.285281 0.0565968 0.343305
v 0.267453 0.058695 0.345672
v 0.273314 0.0390303 0.345408
v 0.34897 -0.328887 0.23442
v -0.248388 -0.418117 0.222275
v 0.354563 -0.334758 0.217396
v 0.365705 -0.33027 0.205852
v 0.367716 -0.338919 0.189931
v 0.355829 -0.354224 0.185788
v 0.371047 -0.346321 0.173226
v 0.372178 -0.356168 0.155742
v 0.383887 -0.341052 0.159256
v 0.395203 -0.33804 0.143627
v 0.396139 -0.326167 0.159677
v 0.439218 -0.281504 0.1381
v 0.430242 -0.28266 0.154667
v 0.426059 -0.297038 0.144216
v 0.410244 -0.310619 0.155859
v 0.421053 -0.311114 0.134743
v 0.0464469 0.0401371 0.419831
v 0.0395067 0.0510451 0.429713
v 0.0244286 0.0611678 0.431823
v 0.0428457 0.0606663 0.441955
v 0.471358 -0.276166 0.0768797
v 0.469808 -0.267111 0.0918122
v 0.326863 0.430115 0.0949028
v -0.473443 0.264052 -0.280472
v 0.0891091 -0.0398467 0.465591
v 0.0743457 -0.0365935 0.450162
v 0.101489 -0.00536448 0.472944
v -0.366396 0.213361 -0.389812
v 0.0983369 -0.0247462 0.473454
v 0.0907953 -0.0101271 0.459815
v 0.495941 -0.305201 -0.212236
v 0.0558799 -0.0934286 0.487646
v 0.0728411 -0.0827279 0.491162
v 0.0397024 -0.101304 0.483823
v 0.352808 0.480102 -0.157733
v 0.346086 0.482416 -0.174747
v 0.333308 0.493221 -0.160933
v 0.315366 0.505414 -0.153439
v 0.300908 0.51284 -0.164981
v 0.31136 0.508421 -0.133921
v 0.307674 0.504185 -0.0763347
v 0.308005 0.499693 -0.0573194
v 0.322035 0.493344 -0.0673848
v 0.332662 0.489137 -0.0802777
v 0.341225 0.485845 -0.0947623
v -0.209129 0.522852 -0.250797
v -0.235254 0.508078 -0.255501
v 0.357249 0.474046 -0.0930849
v 0.380794 0.452661 -0.0788321
v 0.373064 0.461836 -0.0940297
v -0.0108067 0.102681 0.469456
v -0.0273692 0.0937934 0.463646
v -0.587237 0.107009 -0.126186
v -0.00859057 0.113531 0.486372
v 0.0529316 0.0895534 0.474787
v 0.0387369 0.0897683 0.465431
v 0.0412368 0.0991904 0.480762
v -0.00453246 0.112243 0.503803
v 0.0102547 0.113396 0.494339
v -0.0973216 -0.0289334 0.512946
v -0.0963325 -0.0488397 0.50787
v -0.0657932 -0.0564491 0.518503
v -0.487545 0.252819 -0.271996
v -0.0818443 -0.042283 0.516919
v -0.067341 -0.0762819 0.513539
v -0.0506257 -0.0718114 0.518058
v -0.0351349 -0.0859581 0.515651
v -0.0330788 -0.0661345 0.520222
v -0.0774285 -0.00332606 0.520379
v -0.0814507 -0.0224908 0.519066
v -0.0669926 -0.0171549 0.521483
v -0.790266 0.0219321 -0.0903153
v -0.0505359 -0.0186158 0.522752
v -0.0146422 -0.0592672 0.521524
v -0.0290328 -0.047417 0.522316
v -0.0415552 -0.0342013 0.522669
v -0.273251 0.377836 -0.350394
v -0.256202 0.387006 -0.352245
v -0.793589 -0.02134 0.0500992
v -0.797031 -0.00758205 0.0661402
v -0.800577 -0.0262927 0.0663912
v -0.814258 -0.0446989 0.0904687
v -0.805758 -0.0289186 0.0845126
v -0.822435 -0.0525591 0.103926
v -0.347458 0.327888 -0.33953
v -0.36516 0.325475 -0.329667
v -0.377636 0.336396 -0.315469
v -0.362344 0.346274 -0.319475
v -0.338791 0.346428 -0.333572
v -0.33101 0.335117 -0.345742
v -0.336024 0.364422 -0.324201
v -0.348577 0.353491 -0.323638
v -0.372541 0.355561 -0.307236
v -0.86735 -0.0228305 0.191478
v -0.871546 -0.0361706 0.177424
v -0.857533 -0.0388405 0.193198
v -0.859499 -0.00798537 0.203186
v -0.843564 -0.00853267 0.214887
v -0.872438 -0.0046157 0.188959
v 0.0733047 -0.448198 -0.360722
v 0.0547993 -0.454814 -0.356226
v 0.0572944 -0.441045 -0.371448
v -0.389559 0.242038 -0.357998
v -0.397559 0.253873 -0.344559
v -0.381384 0.258778 -0.355485
v -0.406651 0.210435 -0.360027
v 0.924934 0.0182164 0.29133
v 0.284949 -0.325656 0.30651
v -0.500165 0.238044 -0.265685
v 0.610192 -0.131749 -0.0481165
v 0.59533 -0.134675 -0.0554819
v 0.608094 -0.138037 -0.0658767
v 0.647897 -0.136048 -0.0599854
v 0.657901 -0.132922 -0.043154
v 0.638352 -0.137365 -0.0767601
v 0.660733 -0.134353 -0.0780756
v 0.621018 -0.139022 -0.0760532
v 0.647038 -0.134825 -0.0934173
v -0.0570219 0.0172839 0.41273
v 0.591272 -0.139335 -0.139754
v 0.637394 -0.130727 -0.121494
v 0.636423 -0.135068 -0.106175
v 0.00748124 -0.425632 -0.38641
v 0.582392 -0.0288814 0.017634
v 0.589861 -0.0467145 0.0140374
v 0.573102 -0.0452933 0.0182689
v 0.56697 -0.0296007 0.0254432
v 0.560336 -0.0462822 0.0322946
v 0.564081 -0.0609162 0.0227612
v 0.908605 -0.0201134 0.299826
v 0.891959 -0.0110376 0.301681
v 0.901747 -0.032781 0.295897
v -0.0848901 0.0718813 0.489388
v -0.0967755 0.0599525 0.492508
v -0.832868 0.00702159 0.220371
v -0.821166 0.021143 0.223459
v -0.0528303 0.0761819 0.514039
v -0.037968 0.0783093 0.515054
v -0.0214238 0.0813775 0.517012
v -0.0316213 0.0975942 0.507882
v -0.0180711 0.0298726 0.52361
v -0.0154471 0.0480617 0.522808
v -0.484372 0.343872 -0.0846561
v 0.000482182 0.0994572 0.514076
v -0.009395 0.0656387 0.521223
v -0.000253734 0.0355285 0.523542
v 0.0131167 0.0236265 0.52381
v 0.0187723 0.0384458 0.523131
v 0.010216 0.0690407 0.520889
v 0.0248729 0.055121 0.521789
v 0.0287897 0.0732476 0.518595
v 0.0290545 0.0959562 0.375953
v 0.0461557 0.1057 0.372093
v 0.0307246 0.117391 0.370579
v 0.0806116 -0.0357145 0.380493
v 0.0141805 0.122141 0.370201
v 0.010161 0.153154 0.363965
v -0.0110172 0.146333 0.365172
v 0.00344528 0.134589 0.367588
v 0.0366562 0.179925 0.358945
v 0.0251693 0.167885 0.361187
v 0.00781152 0.173066 0.360643
v 0.0619038 0.0794392 0.376162
v 0.0785607 0.0894467 0.37111
v 0.0621184 0.0975777 0.372129
v 0.0944537 0.0993373 0.366953
v 0.0934748 0.119167 0.364153
v 0.123016 0.00764223 0.369766
v 0.111959 0.0899596 0.365498
v 0.109563 0.108659 0.363478
v 0.0779622 0.240453 0.349019
v 0.0803083 0.257264 0.346614
v 0.0640707 0.249623 0.348271
v -0.0492037 0.0361463 0.412449
v 0.0492028 0.21676 0.353253
v 0.041274 0.196742 0.356311
v 0.0694727 0.211718 0.353227
v 0.0850796 0.205605 0.353338
v 0.0937806 0.242062 0.348093
v 0.139408 0.214188 0.348664
v 0.142533 0.232669 0.346238
v 0.124684 0.227782 0.348126
v 0.106672 0.225395 0.349575
v 0.100651 0.207928 0.352165
v 0.329918 0.141589 -0.40286
v 0.108351 0.192967 0.353557
v -0.0858157 0.316697 0.338174
v 0.143779 0.135031 0.356451
v 0.126302 0.132378 0.358639
v 0.12263 0.116726 0.360824
v 0.158349 0.120296 0.356209
v 0.161886 0.138027 0.354178
v 0.022537 0.188832 0.35796
v 0.353883 -0.288559 0.277626
v 0.0329991 0.228987 0.351958
v 0.0176587 0.23969 0.350716
v 0.0150466 0.221598 0.353263
v 0.0106027 0.20424 0.355804
v 0.00522361 0.189035 0.35815
v 0.120605 0.184402 0.353608
v 0.135972 0.171786 0.3536
v 0.129949 0.150983 0.356309
v 0.153005 0.16791 0.352369
v 0.165499 0.15537 0.352255
v 0.167796 0.173373 0.350376
v 0.18476 0.17855 0.348174
v 0.16951 0.191924 0.348395
v 0.0251029 -0.593837 -0.138639
v -0.589107 -0.0647095 -0.0886351
v -0.590976 -0.0637333 -0.105199
v -0.591456 -0.0706315 -0.1199
v -0.585754 -0.0478225 -0.0583703
v -0.711279 0.0187763 0.24778
v -0.586418 -0.0642551 -0.0695874
v -0.582945 -0.0648324 -0.0506975
v 0.3826 -0.17152 -0.390153
v 0.403607 -0.148361 -0.384314
v 0.427757 -0.0746519 -0.381737
v 0.418871 -0.11244 -0.383381
v -0.531502 -0.0474794 0.111513
v -0.536984 -0.0299754 0.101457
v -0.543899 -0.0318701 0.0836546
v -0.549592 -0.0377521 0.0674448
v -0.54274 -0.0507562 0.0826786
v -0.855489 0.0498064 0.0264624
v -0.857892 0.0382351 0.0114148
v -0.867402 0.0343115 0.0281488
v -0.844536 0.0327131 -0.0196986
v -0.489911 0.233295 -0.279448
v -0.852351 0.0151988 -0.0152344
v -0.839781 -0.0599564 0.031074
v -0.827111 -0.0608502 0.042018
v -0.846526 -0.0587601 0.0447554
v -0.852468 -0.0584143 0.0610617
v -0.864324 -0.049701 0.0478863
v -0.592642 0.0127039 -0.0994304
v -0.590393 0.0184755 -0.0816252
v 0.0359403 0.0516024 0.404299
v -0.834266 -0.0247587 0.21645
v -0.581229 0.0292026 -0.0328931
v 0.573026 -0.131765 -0.0328962
v -0.587757 0.0269266 -0.065209
v -0.856039 -0.0563793 0.153494
v -0.360252 0.298076 0.262959
v -0.869485 -0.0472193 0.16109
v -0.887893 0.0107461 0.157586
v -0.891224 -0.000436682 0.145646
v -0.889048 -0.00205164 0.0771353
v -0.891376 0.00910247 0.096388
v -0.886191 0.010652 0.0650033
v -0.889606 -0.0211102 0.125198
v -0.888876 -0.0179074 0.143908
v 0.00390942 -0.111765 0.494013
v -0.886518 0.032618 0.121471
v 0.0234347 -0.591141 -0.175099
v 0.921633 0.0154512 0.272291
v -0.27278 0.42305 -0.317563
v -0.285158 0.430666 -0.305858
v -0.267492 0.439843 -0.307307
v -0.306043 0.40493 -0.313931
v -0.290448 0.398178 -0.326489
v -0.306033 0.387836 -0.32554
v -0.321047 0.376248 -0.325072
v -0.278981 0.460534 -0.283074
v -0.25881 0.471572 -0.283885
v -0.264308 0.455484 -0.295718
v -0.293425 0.472866 -0.261242
v -0.297034 0.448221 -0.283844
v -0.296182 0.436473 -0.295126
v -0.31531 0.448247 -0.271901
v -0.362023 0.418707 -0.265996
v -0.367723 0.42704 -0.252075
v -0.351677 0.430496 -0.262689
v -0.336631 0.442432 -0.262036
v -0.33926 0.428307 -0.274691
v -0.335982 0.41515 -0.288643
v -0.350005 0.416679 -0.277464
v -0.363525 0.404859 -0.277259
v -0.335306 0.398535 -0.301916
v -0.336197 0.381284 -0.313271
v -0.351072 0.384957 -0.30177
v -0.367847 0.373058 -0.298865
v -0.36515 0.389114 -0.288971
v -0.825702 -0.0538789 0.120705
v 0.0274007 -0.0579548 0.521196
v 0.0142926 -0.0727481 0.519642
v 0.0344169 -0.0753443 0.518383
v 0.0583388 -0.0406643 0.520199
v 0.0455983 -0.0253067 0.522233
v 0.0384009 -0.0422872 0.521867
v 0.0732796 -0.073732 0.506522
v 0.0674192 -0.0579174 0.516092
v 0.0548265 -0.0756763 0.514778
v 0.0870633 -0.0208352 0.516825
v 0.0778114 -0.0392771 0.516954
v 0.446677 -0.0981518 -0.355932
v 0.452542 -0.0795034 -0.354032
v -0.878 -0.00247356 0.0359311
v 0.477046 -0.051333 -0.334192
v 0.467121 -0.0173629 -0.344853
v 0.469047 -0.036118 -0.342044
v 0.457734 -0.0301933 -0.353263
v 0.438293 -0.0448612 -0.375424
v 0.442984 -0.0111457 -0.373235
v -0.487519 0.34521 -0.118505
v -0.877052 -0.0491761 0.127016
v -0.163268 0.451169 0.234845
v -0.154838 0.460956 0.221138
v -0.173818 0.456103 0.21769
v -0.137947 0.464855 0.223703
v -0.122662 0.464298 0.23309
v -0.123247 0.455368 0.250195
v -0.10548 0.462848 0.2441
v -0.107128 0.442383 0.278837
v -0.0922996 0.43745 0.290696
v -0.0900572 0.449183 0.274323
v -0.0719457 0.454696 0.270782
v -0.0888524 0.459313 0.2573
v -0.176094 0.440463 0.246106
v -0.192301 0.438908 0.236816
v -0.191536 0.429745 0.254029
v -0.284956 -0.358419 0.277594
v -0.151484 0.426489 0.283825
v -0.156111 0.435296 0.268113
v -0.17085 0.423527 0.277892
v -0.488089 -0.130033 0.179286
v -0.489776 -0.145973 0.166096
v -0.472738 -0.15198 0.198781
v -0.478927 -0.13156 0.197924
v -0.456879 -0.169246 0.220241
v -0.463816 -0.155022 0.215484
v 0.314759 0.433086 0.107
v -0.452923 -0.184903 0.216415
v -0.457384 -0.0984867 0.259126
v -0.456266 -0.118557 0.251966
v -0.453563 -0.140282 0.245391
v -0.809488 0.0316222 0.104467
v -0.8117 0.0347049 0.120696
v 0.794898 -0.0221317 0.00890185
v 0.749617 -0.00135279 -0.0959671
v -0.811483 0.0466361 0.0708166
v 0.519761 -0.106138 0.114513
v -0.440297 -0.108943 0.285703
v -0.86015 0.0568788 0.160815
v -0.857186 0.0500711 0.178871
v -0.844679 0.063675 0.151855
v -0.826447 0.0553624 0.200111
v -0.825283 0.0403348 0.214763
v -0.0995592 0.049201 0.504954
v -0.795869 0.0594874 0.205007
v -0.794243 0.0595308 0.186678
v -0.409682 -0.114872 0.313389
v 0.513621 -0.0768709 0.139947
v -0.419315 -0.127962 0.303766
v -0.413397 -0.146457 0.303343
v -0.401234 -0.0841316 0.320375
v -0.414346 -0.0956607 0.313445
v 0.299988 0.4375 0.118726
v -0.386207 -0.0912517 0.324824
v 0.630312 -0.0807194 0.0142595
v -0.488978 0.341082 -0.102228
v 0.646001 -0.0910766 0.0150161
v 0.649853 -0.105086 0.0040163
v 0.659773 -0.0831172 0.0273607
v -0.785222 -0.0136779 0.0351205
v 0.00523332 0.0953192 0.462031
v 0.521042 -0.0749437 0.122915
v 0.203377 0.55711 -0.173146
v 0.183893 0.563016 -0.178357
v 0.204025 0.559308 -0.154523
v 0.195535 0.562863 -0.140807
v 0.213485 0.556414 -0.140659
v 0.155469 0.574805 -0.150158
v 0.612048 -0.0977793 -0.00421676
v 0.176544 0.568986 -0.145231
v 0.162071 0.56398 -0.0578552
v 0.181596 0.558824 -0.06109
v 0.171872 0.565073 -0.0778618
v 0.183749 0.564072 -0.0956231
v 0.155742 0.570986 -0.0860069
v 0.199248 0.552217 -0.0582023
v 0.212599 0.550129 -0.0725408
v 0.30005 0.445374 0.102205
v 0.100035 0.046034 0.485146
v 0.0935635 0.0598532 0.48882
v 0.0547475 0.0666444 0.453138
v 0.070523 0.0644875 0.463776
v -0.801149 0.0070204 0.0811366
v -0.80512 0.0204776 0.0942429
v -0.804287 0.00140756 0.101899
v -0.0951104 0.344031 0.333559
v -0.0788383 0.335041 0.335601
v -0.0826536 0.371683 0.328934
v 0.43299 -0.137945 -0.35894
v 0.489851 -0.122497 -0.313721
v -0.0240683 0.299004 0.342251
v -0.00444819 0.305388 0.341395
v -0.019345 0.314094 0.34005
v -0.0282866 0.327528 0.337903
v -0.0200952 0.343002 0.33549
v -0.0386501 0.394946 0.323949
v -0.889775 -0.0225065 0.105118
v -0.0139703 0.359072 0.332718
v 0.00560892 0.358854 0.332766
v -0.00728662 0.372446 0.330266
v -0.0564917 0.306174 0.340627
v -0.0670221 0.321103 0.338117
v -0.0601685 0.340368 0.335273
v -0.0650139 0.285246 0.343403
v -0.0443433 0.292851 0.342841
v -0.0694643 0.406007 0.31934
v -0.0504309 0.40913 0.318622
v -0.0624576 0.422342 0.310994
v -0.0886711 0.407439 0.316405
v -0.0803939 0.389105 0.324497
v -0.45204 0.387705 -0.171413
v -0.431497 0.404925 -0.190125
v -0.444963 0.388621 -0.192934
v -0.429577 0.386363 -0.227712
v -0.440979 0.369342 -0.232763
v -0.443763 0.379035 -0.214632
v -0.404275 0.425687 -0.206704
v -0.403758 0.434305 -0.187966
v -0.417803 0.420227 -0.188745
v -0.399663 0.442119 -0.173331
v -0.425083 0.420336 -0.157382
v -0.422155 0.205948 0.257397
v -0.414021 0.40024 -0.231595
v -0.409718 0.412991 -0.219769
v -0.393382 0.424089 -0.226625
v -0.561561 -0.162248 -0.210773
v -0.558656 -0.179932 -0.205353
v -0.569501 -0.151186 -0.196238
v -0.572837 -0.155236 -0.178519
v -0.572469 -0.135753 -0.198874
v -0.549246 -0.0894562 -0.260252
v -0.555793 -0.102077 -0.247268
v -0.561444 -0.0811973 -0.243739
v 0.432791 0.0442806 0.302809
v 0.434028 0.025475 0.303182
v 0.445376 0.0359021 0.289952
v 0.485446 0.0467294 0.212573
v 0.471573 0.055037 0.24066
v 0.463664 0.0503108 0.256964
v 0.471735 0.0361529 0.243777
v 0.472018 0.0179704 0.245051
v 0.479883 0.0229058 0.228277
v -0.436637 0.217995 0.219308
v 0.448079 0.0653162 0.281162
v 0.0217148 0.0866449 0.456659
v -0.431223 0.203433 0.242809
v -0.884572 -0.037805 0.117519
v 0.42136 0.0158383 0.313209
v 0.431732 0.00721284 0.305673
v 0.42934 -0.0106376 0.307848
v 0.443512 -0.00156242 0.294263
v 0.454548 0.00673808 0.278616
v 0.452889 -0.0119022 0.281051
v 0.450461 -0.0303856 0.283209
v 0.459993 -0.0245178 0.267853
v 0.463496 0.0134191 0.262283
v 0.470747 0.000517493 0.248307
v 0.622912 -0.111399 -0.0132002
v -0.52825 -0.130315 -0.276803
v -0.539403 -0.122876 -0.265266
v 0.11012 0.0157179 0.493665
v 0.108898 -0.00119437 0.503037
v 0.0133288 0.104873 0.509171
v 0.0968726 0.0501859 0.502126
v 0.0262972 0.108043 0.486756
v 0.0835521 0.0525405 0.513224
v 0.0261157 0.106863 0.501525
v -0.511104 -0.193945 -0.273865
v -0.499338 -0.19877 -0.28463
v -0.0749291 0.436611 -0.374988
v -0.0567085 0.432301 -0.381574
v -0.0574091 0.419363 -0.389366
v 0.690071 -0.125668 -0.0180039
v -0.0754536 0.422431 -0.385811
v -0.110452 0.421337 -0.380933
v -0.0938748 0.409226 -0.389813
v -0.11535 0.404001 -0.389882
v -0.125525 0.385071 -0.395353
v -0.13454 0.401867 -0.388294
v 0.524565 -0.0882947 0.109954
v -0.174293 0.418146 -0.364325
v 0.605614 -0.117318 -0.161358
v -0.203444 0.413594 -0.355045
v -0.185682 0.435987 -0.34165
v -0.203041 0.438395 -0.334019
v -0.0905458 0.441245 -0.366324
v -0.107627 0.436427 -0.367829
v -0.10264 0.447523 -0.355986
v -0.153782 0.43649 -0.353098
v -0.168966 0.444248 -0.340548
v -0.151715 0.451211 -0.339784
v -0.150593 0.466955 -0.327112
v -0.135495 0.45835 -0.337919
v -0.119149 0.465309 -0.335549
v -0.0874146 0.453518 -0.352246
v -0.103007 0.459054 -0.343872
v -0.0696576 0.458758 -0.350189
v 0.539681 -0.0717576 -0.271649
v 0.52832 -0.0656184 -0.286187
v 0.702787 -0.121046 -0.00103963
v 0.679824 -0.106074 0.0172703
v 0.684379 -0.117904 0.0012658
v 0.713665 -0.116003 0.0153975
v 0.721492 -0.118848 -0.00250125
v 0.749924 -0.0966181 0.0809267
v 0.738472 -0.0885209 0.0956882
v 0.732975 -0.0941697 0.0773452
v 0.717345 -0.0918634 0.0694568
v 0.728872 -0.0998072 0.0609634
v 0.735637 -0.1047 0.0459508
v 0.744604 -0.100625 0.0619722
v -0.469484 0.0905593 0.240476
v -0.866548 0.0575142 0.105505
v -0.86444 0.0583041 0.122257
v -0.848725 0.0625232 0.110155
v 0.326649 -0.355818 0.227145
v 0.333482 -0.359725 0.211206
v 0.0295981 0.0926938 0.511514
v 0.333512 -0.342061 0.238253
v 0.320301 -0.352518 0.241089
v 0.310762 -0.406891 0.163719
v 0.29829 -0.420029 0.15618
v 0.313655 -0.414097 0.14616
v 0.154463 0.203334 0.348597
v 0.328598 -0.408103 0.135388
v 0.342846 -0.401682 0.124794
v 0.340228 -0.394923 0.141662
v 0.348981 -0.382901 0.149114
v 0.335366 -0.381393 0.173127
v 0.323476 -0.393289 0.170186
v 0.310005 -0.398004 0.180633
v 0.36893 -0.379976 0.120827
v 0.356144 -0.395275 0.114894
v 0.368711 -0.390095 0.103063
v 0.369139 -0.399269 0.0849269
v 0.381161 -0.384881 0.0902739
v 0.360675 0.0847062 0.330662
v 0.300341 0.452026 0.0875514
v 0.733466 -0.111297 -0.0378769
v 0.739329 -0.11112 -0.00373406
v 0.745109 -0.105939 -0.0203963
v 0.735589 -0.102919 -0.0554757
v 0.722228 -0.113666 -0.056737
v 0.725473 -0.103271 -0.0741852
v 0.287664 -0.338279 0.293942
v 0.30474 -0.336538 0.281036
v 0.301781 -0.325982 0.294818
v 0.548195 0.00676736 0.0651914
v 0.550865 0.0215657 0.0567531
v 0.558736 0.0205752 0.0385571
v 0.554053 0.0372449 0.0464135
v 0.52845 0.105452 0.0909071
v 0.52073 0.11779 0.104263
v 0.523781 0.0974288 0.106022
v 0.541129 0.0781177 0.0691489
v 0.542332 0.0967108 0.0586774
v 0.535726 0.09711 0.0758876
v 0.531605 0.117379 0.0770845
v 0.541995 0.115496 0.0505675
v -0.184087 0.478014 -0.308658
v 0.553862 0.121618 0.0135181
v 0.566855 0.123731 -0.0144597
v 0.558386 0.126566 -0.00183715
v 0.564258 0.108721 0.000791307
v 0.596946 0.0669749 0.0101414
v 0.579384 0.0609262 0.0110071
v 0.593177 0.0493509 0.0147842
v 0.591909 0.0956575 -0.00651663
v 0.574514 0.0924625 -0.000673871
v 0.584635 0.0790788 0.00339416
v 0.572743 0.0220129 0.0236197
v 0.347267 0.0716183 0.333715
v 0.589249 0.0166507 0.02041
v 0.590175 0.0317818 0.0185491
v 0.539816 0.0440824 0.0823162
v 0.549949 0.0515555 0.0542071
v -0.408498 0.175855 -0.375688
v 0.530473 0.0667527 0.100154
v 0.525024 0.0787411 0.109925
v 0.525021 0.0600862 0.1156
v 0.236241 -0.356839 0.310489
v 0.173877 -0.384185 0.313841
v -0.250199 0.46989 0.117923
v -0.232282 0.478377 0.118979
v -0.243651 0.480097 0.10237
v -0.235261 0.490631 0.087198
v -0.252679 0.483176 0.0847205
v 0.115879 -0.484455 0.192086
v 0.330444 0.0709263 0.336394
v -0.218763 0.495804 0.0924621
v -0.214733 0.488142 0.114775
v -0.201526 0.485969 0.132151
v -0.184897 0.494996 0.125539
v 0.40326 -0.117478 -0.390538
v -0.202801 0.499316 0.0994427
v -0.294591 0.485421 0.0212041
v -0.288412 0.478039 0.0497749
v -0.27051 0.487666 0.0513836
v -0.260652 0.498291 0.0373555
v -0.251815 0.496282 0.0541387
v -0.267362 0.501392 0.0193203
v -0.284348 0.494281 0.0129773
v 0.685124 -0.10738 -0.120169
v -0.193115 0.514953 0.069321
v -0.18992 0.508413 0.0885816
v -0.175921 0.516481 0.0802653
v -0.157799 0.518437 0.0894904
v -0.176817 0.523137 0.0623605
v -0.159036 0.529964 0.0586786
v 0.052156 0.446119 0.287425
v -0.208418 0.53151 0.0082475
v -0.21818 0.522681 0.0226787
v -0.198159 0.531292 0.0202004
v -0.185983 0.531213 0.0323522
v -0.194213 0.544546 -0.0171202
v -0.209346 0.536432 -0.00853767
v -0.223261 0.527397 0.00250082
v 0.729769 -0.0765085 0.1096
v -0.255703 0.512536 0.0041371
v -0.253634 0.520186 -0.0163905
v -0.239562 0.523193 -0.00553103
v -0.55422 0.14451 0.00292218
v 0.0278862 -0.157844 0.362528
v 0.55144 0.138975 0.00717463
v 0.786545 -0.0795243 0.135875
v 0.160124 -0.414306 0.294937
v 0.148623 -0.406669 0.30664
v 0.140867 -0.420333 0.296822
v 0.170089 -0.421226 0.280799
v 0.178543 -0.407864 0.292858
v 0.628832 -0.0195512 0.0321592
v 0.658392 -0.0252397 0.0494574
v 0.643981 -0.0121577 0.0407394
v 0.667854 -0.0102017 0.0592812
v 0.647192 0.00679444 0.0430129
v 0.307848 0.454188 0.0716744
v 0.323679 0.445019 0.0675831
v 0.654395 0.0265222 0.0463994
v 0.238631 0.541573 -0.179474
v 0.256636 0.537311 -0.154325
v 0.253689 0.535826 -0.174237
v 0.645638 -0.101177 -0.156655
v 0.651969 -0.111344 -0.14226
v 0.63589 -0.112428 -0.151069
v 0.681634 -0.095821 -0.136305
v 0.664443 -0.098504 -0.147079
v 0.674436 -0.0836806 -0.151332
v 0.666464 -0.0690208 -0.164403
v 0.250584 0.304009 -0.397948
v 0.650278 -0.0729773 -0.172017
v 0.634923 -0.0781594 -0.177369
v 0.618891 -0.0902141 -0.178116
v 0.624039 -0.0717984 -0.185984
v 0.568096 0.151843 -0.193599
v 0.37476 0.443138 -0.218399
v 0.605702 -0.141542 -0.0842751
v 0.370597 0.458233 -0.193154
v 0.380698 0.445861 -0.202713
v 0.354491 0.467212 -0.203482
v 0.350325 0.460646 -0.222655
v 0.339227 0.473875 -0.213673
v 0.324207 0.479303 -0.223313
v 0.328046 0.486445 -0.203118
v 0.589088 -0.0852455 -0.198971
v 0.598569 -0.0660133 -0.201002
v 0.600892 -0.0931732 -0.185867
v 0.561576 -0.156515 -0.205945
v 0.559766 -0.145072 -0.217383
v 0.58273 -0.134235 -0.169134
v 0.589173 -0.119066 -0.175994
v 0.603159 -0.143187 -0.105395
v 0.568187 -0.135236 -0.203872
v -0.108514 0.514105 -0.294915
v 0.569047 -0.115658 -0.213907
v 0.56062 -0.129173 -0.223142
v 0.559065 -0.111412 -0.232948
v 0.548333 -0.109474 -0.251006
v 0.555909 -0.0923267 -0.24376
v 0.550271 -0.0753235 -0.256525
v 0.565943 -0.0834936 -0.230233
v 0.575489 -0.084266 -0.215118
v 0.57132 -0.0681191 -0.225631
v 0.565914 -0.0506908 -0.237586
v 0.578235 -0.0509952 -0.221019
v -0.0802544 -0.0778796 0.505193
v 0.447317 -0.131009 -0.346753
v -0.154434 0.498279 -0.299317
v -0.186579 0.491976 -0.295193
v -0.187462 0.506973 -0.279886
v -0.170507 0.50291 -0.29002
v -0.110181 0.538395 -0.267763
v -0.0968037 0.532504 -0.277834
v -0.111559 0.526463 -0.281453
v -0.180592 0.522561 -0.26489
v -0.180354 0.534842 -0.248459
v -0.162323 0.532579 -0.259078
v -0.142449 0.538324 -0.258488
v -0.146933 0.52379 -0.275379
v -0.234359 0.527931 -0.226045
v -0.253372 0.518034 -0.228169
v -0.250177 0.527572 -0.211999
v 0.589057 -0.14699 -0.122375
v -0.23339 0.537456 -0.206243
v -0.215841 0.546792 -0.199907
v -0.282821 0.50527 -0.223526
v -0.309723 0.491423 -0.220388
v -0.283544 0.512773 -0.206131
v -0.299173 0.507874 -0.19505
v 0.0138657 0.0871047 0.517255
v -0.0543791 0.56439 -0.24175
v -0.165511 0.565378 -0.194469
v -0.182314 0.562656 -0.185913
v -0.197909 0.55518 -0.194249
v -0.183075 0.566236 -0.164729
v -0.198336 0.562526 -0.152249
v -0.212435 0.556624 -0.161107
v -0.213645 0.557732 -0.139415
v -0.00382547 0.0836673 0.518467
v -0.297919 0.513672 -0.176827
v -0.313066 0.503262 -0.182113
v -0.328291 0.492341 -0.186264
v -0.32542 0.498685 -0.167247
v -0.253217 0.539601 -0.106837
v -0.243579 0.545354 -0.12264
v -0.244285 0.545043 -0.142377
v -0.26237 0.536471 -0.146799
v 0.330149 0.354286 0.224511
v -0.270852 0.531767 -0.11604
v -0.291411 0.521606 -0.139978
v -0.29559 0.518099 -0.158283
v -0.307893 0.512119 -0.143755
v -0.323414 0.502248 -0.14742
v -0.319721 0.504959 -0.1291
v -0.314774 0.507119 -0.11398
v -0.285237 0.524778 -0.124585
v -0.338239 -0.126263 -0.402598
v -0.344533 -0.142351 -0.401065
v -0.354716 -0.125372 -0.400593
v -0.373841 -0.129305 -0.397627
v -0.367016 -0.108492 -0.399663
v -0.375588 -0.0891335 -0.399184
v -0.356727 -0.0890723 -0.40178
v -0.369983 -0.163155 -0.395911
v -0.380697 -0.147936 -0.394906
v -0.352027 -0.161487 -0.398992
v -0.347191 -0.194846 -0.397341
v -0.360509 -0.20363 -0.39386
v -0.360742 -0.182012 -0.396094
v -0.407337 -0.125602 -0.388629
v -0.422791 -0.130617 -0.377556
v -0.419666 -0.111938 -0.383359
v -0.414691 -0.0943012 -0.388927
v -0.460037 -0.372853 -0.191747
v 0.738692 0.0289893 -0.108427
v 0.415023 0.0289022 -0.391587
v 0.419779 0.0501317 -0.387625
v 0.431925 0.0218869 -0.383191
v 0.42629 0.0690589 -0.380111
v 0.436039 0.0483447 -0.375728
v 0.393591 0.0815786 -0.395458
v 0.427568 0.0895875 -0.376543
v -0.411243 -0.180212 -0.371602
v -0.419706 -0.163934 -0.369937
v -0.432669 -0.164092 -0.354698
v -0.427275 -0.147985 -0.367687
v 0.0612109 0.376789 0.328476
v 0.0577675 0.357253 0.332246
v 0.0753225 0.363686 0.330625
v 0.0807188 0.384405 0.326103
v 0.0908298 0.369489 0.328927
v 0.101856 0.382558 0.325076
v 0.064205 0.393137 0.324506
v 0.0748549 0.403856 0.320115
v 0.0722703 0.324824 0.337189
v 0.089236 0.312663 0.338479
v 0.0899245 0.332092 0.335458
v 0.106113 0.343626 0.33284
v 0.0901631 0.351982 0.332137
v 0.687194 -0.0625178 0.0644855
v 0.69732 -0.0716852 0.0698817
v 0.681191 -0.0468626 0.0658872
v 0.270824 0.509691 -0.0172553
v 0.697557 -0.0351463 0.0924872
v 0.716428 -0.0648733 0.104153
v 0.705635 -0.0507867 0.0985169
v 0.706913 -0.0668619 0.0870462
v 0.708428 -0.0803585 0.0758308
v 0.724359 -0.0621959 0.122687
v 0.730338 -0.0587866 0.139681
v 0.722076 -0.0466405 0.135453
v 0.6916 -0.017651 0.0867608
v 0.701066 -0.0182844 0.102392
v 0.696362 -0.00376965 0.0953074
v 0.709391 -0.01636 0.119503
v 0.712099 0.00154564 0.127244
v 0.704086 -0.000544634 0.109473
v 0.714978 -0.0319562 0.128212
v 0.232619 0.521953 0.00301098
v 0.621735 0.135482 -0.0539397
v 0.807577 0.0401105 0.280971
v 0.803555 0.0263497 0.289816
v 0.816079 0.0328259 0.292396
v 0.103222 0.175783 0.356027
v 0.0971476 0.15738 0.35872
v 0.84136 -0.00453661 0.304734
v 0.843949 0.0152615 0.304174
v 0.507336 0.0352845 -0.309053
v 0.494415 0.0454456 -0.319773
v 0.506531 0.0565619 -0.308074
v 0.562169 0.104335 -0.232614
v 0.570933 0.105461 -0.21577
v 0.56021 0.0906984 -0.240004
v 0.562096 0.0753717 -0.240455
v 0.603644 0.100678 -0.181576
v 0.545676 0.141464 -0.246483
v 0.553049 0.122423 -0.241828
v 0.542767 0.122059 -0.257136
v 0.340536 0.434766 0.0622218
v 0.520083 0.0265807 -0.297563
v 0.531131 0.0400574 -0.285343
v 0.532514 0.0188219 -0.285188
v 0.502529 0.0976849 -0.306666
v 0.505128 0.0776996 -0.307089
v 0.490899 0.0855774 -0.318707
v 0.528214 0.153522 -0.265816
v 0.520893 0.1388 -0.278961
v 0.520795 0.119385 -0.284311
v 0.36536 0.24702 -0.377042
v 0.552793 0.0258541 -0.260653
v 0.567151 0.00322053 -0.240562
v 0.543704 0.011178 -0.272689
v 0.570695 0.0330207 -0.234402
v 0.562012 0.0393675 -0.246522
v 0.551848 0.0473706 -0.260068
v 0.514353 -0.288439 -0.0763606
v -0.0848321 0.529712 0.101313
v 0.524385 -0.269294 -0.0766433
v -0.0767141 0.537698 0.0841376
v -0.0555406 0.520056 0.133803
v -0.0483644 0.527315 0.118098
v -0.0671429 0.512527 0.148498
v -0.0449986 0.514375 0.14938
v -0.00358167 0.549348 0.0682345
v 0.00176796 0.556286 0.0496073
v -0.0170573 0.554067 0.0548389
v -0.00997266 0.54232 0.0860854
v 0.0108943 0.544139 0.0814488
v -0.000913049 0.536139 0.101808
v -0.0141794 0.528901 0.119063
v 0.00711511 0.528764 0.119559
v 0.0239664 0.525419 0.126296
v 0.0261077 0.530779 0.113299
v -0.0420377 0.545397 0.0740453
v -0.0367069 0.552081 0.0573432
v -0.055431 0.549424 0.060128
v -0.0701289 0.552593 0.0467997
v -0.0724502 0.545405 0.0655712
v -0.00943193 0.521833 0.136132
v -0.0233463 0.515167 0.15081
v -0.00192883 0.514783 0.152731
v -0.109462 -0.0166182 0.504235
v 0.761469 -0.0689595 -0.050101
v 0.751 -0.0795306 -0.0610746
v 0.755038 -0.0633517 -0.0688211
v 0.759157 -0.0436643 -0.0727559
v -0.226403 -0.219075 0.340016
v 0.735678 -0.0708643 -0.0956891
v 0.231555 0.386675 -0.366142
v 0.750004 -0.0205628 -0.0949187
v 0.749517 -0.0394836 -0.0914144
v 0.740447 -0.0116028 -0.109306
v 0.111764 0.145964 0.358657
v 0.765888 -0.0246263 -0.0659838
v 0.768081 -0.00694023 -0.0633151
v 0.775401 -0.0202631 -0.0459239
v 0.776622 -0.0393905 -0.0362731
v 0.783152 -0.0264356 -0.0250138
v 0.788557 -0.0334552 -0.00621603
v 0.0293847 0.466511 -0.348347
v 0.775303 -0.0561841 -0.028248
v 0.784823 -0.052908 -0.00176437
v 0.456048 0.121982 0.246739
v 0.456228 0.138686 0.237136
v 0.447543 0.13499 0.255937
v 0.426602 0.152925 0.280954
v 0.439281 0.126396 0.274219
v 0.212601 -0.478474 -0.297247
v 0.466676 0.135177 0.217943
v 0.817947 0.0102315 0.0854446
v 0.476671 0.135742 0.196311
v 0.475261 0.153795 0.188068
v 0.042027 -0.0668045 0.386245
v 0.414376 0.162982 0.292298
v 0.402213 0.176444 0.299767
v 0.416088 0.144096 0.297139
v 0.179637 -0.157027 0.350444
v 0.46763 0.168557 0.194139
v 0.47471 0.16854 0.179006
v 0.469434 0.185086 0.177514
v 0.636394 0.0957237 -0.166521
v 0.421102 0.198445 0.259951
v 0.422601 0.210734 0.246966
v 0.442152 0.18627 0.231368
v 0.44304 0.200908 0.21757
v 0.451651 0.199781 0.201557
v 0.442448 0.216861 0.204398
v 0.419545 0.186582 0.271418
v -0.43031 0.415585 -0.120548
v 0.39869 0.211791 0.284419
v 0.401 0.195436 0.291733
v -0.565612 -0.124953 -0.0193806
v -0.569983 -0.105859 -0.0213985
v 0.365389 0.263547 -0.366986
v -0.574506 -0.0865751 -0.0260662
v 0.0938572 0.138872 0.361309
v -0.568551 -0.0916289 -0.00681841
v -0.564362 -0.0842381 0.0112456
v -0.582347 -0.0977996 -0.0713076
v -0.58623 -0.0810652 -0.0806231
v 0.0779609 0.128739 0.364529
v 0.378323 0.24833 -0.3642
v 0.400663 0.264179 -0.335585
v 0.21381 0.350412 -0.394717
v 0.207954 0.331543 -0.398438
v 0.245975 0.336256 -0.39284
v 0.369698 0.276388 -0.353439
v 0.253351 0.348987 -0.386247
v 0.219735 -0.0498164 -0.410687
v 0.216536 0.368874 -0.388092
v -0.47928 -0.223884 -0.293767
v 0.232123 0.372833 -0.379717
v -0.586338 -0.108146 -0.123191
v -0.589198 -0.089496 -0.121173
v 0.776354 -0.0874592 0.101176
v 0.782734 -0.0850756 0.0873528
v 0.799612 -0.0725432 0.119075
v 0.81212 -0.0597851 0.124548
v 0.80158 -0.0719492 0.138592
v 0.0627395 0.116439 0.368329
v 0.803329 -0.070904 0.157986
v 0.808811 -0.0686319 0.172549
v 0.823533 -0.0586216 0.175445
v 0.824262 -0.0608802 0.1961
v 0.801793 -0.0629873 0.0829091
v 0.809581 -0.0463677 0.0839351
v 0.808457 -0.0580053 0.103375
v 0.818758 -0.0431068 0.115447
v 0.814886 -0.061167 0.143978
v -0.442395 0.403118 -0.132404
v 0.824041 -0.0444045 0.135067
v 0.83146 -0.0260092 0.137213
v 0.836124 -0.0484716 0.186494
v 0.834964 -0.0411481 0.168335
v 0.844224 -0.0311901 0.180556
v 0.8553 -0.0214616 0.193331
v 0.333059 0.432786 0.0791714
v 0.85239 -0.0454281 0.211063
v 0.839242 -0.053291 0.204597
v 0.060944 0.134485 0.365134
v 0.777151 -0.0885037 0.0703986
v 0.791229 -0.0769648 0.0778002
v -0.578165 -0.146698 -0.148521
v 0.378259 0.287498 -0.339626
v 0.410682 0.273462 -0.323928
v -0.577869 -0.120175 -0.19176
v -0.578531 -0.139899 -0.166246
v -0.57638 -0.153619 -0.129658
v -0.570889 -0.172526 -0.124564
v 0.523536 0.184612 0.0511377
v 0.530415 0.184472 0.032442
v 0.514586 0.20086 0.0588801
v 0.539499 0.167514 0.0211968
v 0.777487 0.0286748 0.261565
v -0.160225 -0.0686214 0.360718
v 0.507034 0.232435 0.0437546
v 0.509025 0.217841 0.0554007
v 0.515007 0.217006 0.0405287
v 0.521733 0.215708 0.0234139
v 0.529662 0.210463 0.00642014
v 0.521797 0.228239 0.00755747
v 0.537313 0.192653 0.00345595
v 0.545669 0.195121 -0.028648
v 0.105483 0.533895 -0.273948
v 0.538243 0.212884 -0.0252386
v 0.538357 0.222277 -0.0401307
v 0.530588 0.231119 -0.0251725
v 0.874621 0.0516989 0.274373
v 0.895716 0.0359188 0.29594
v 0.912229 0.0228989 0.29802
v 0.907944 0.0382342 0.282829
v 0.613336 0.0298882 -0.202671
v 0.604515 0.0145845 -0.207717
v 0.790212 0.0254145 0.278369
v 0.594224 -0.000436325 -0.213338
v 0.587701 -0.0343243 -0.216542
v 0.0488375 0.0410238 0.404424
v 0.291745 0.0149959 0.343252
v -0.0371692 0.422944 -0.388536
v -0.0208501 0.444901 0.291498
v -0.00158136 0.448328 0.288307
v -0.0160156 0.456432 0.276036
v 0.0264867 0.470124 0.249677
v 0.0343977 0.477669 0.233298
v 0.34114 0.00301523 0.335971
v 0.0758221 0.458342 0.26227
v 0.0573561 0.463338 0.257814
v 0.0553396 0.455797 0.271806
v 0.0465117 0.470241 0.246502
v 0.0667705 0.468384 0.245456
v 0.0746178 0.474931 0.22977
v 0.00571928 0.424171 0.311657
v 0.0249814 0.426062 0.309662
v 0.0124522 0.438606 0.299638
v 0.0629698 0.0620206 0.380812
v 0.0451934 0.0699869 0.382416
v 0.0118982 0.0863704 0.380597
v 0.0277122 0.077964 0.38252
v 0.699577 0.0364716 -0.15008
v 0.713654 0.0431899 -0.135453
v 0.710709 0.00463007 -0.14374
v 0.703778 0.0634968 -0.137598
v 0.308968 0.0191434 0.34073
v 0.649986 0.0320324 -0.18583
v 0.65499 0.0487122 -0.17935
v 0.668848 0.0288979 -0.174911
v 0.685391 0.0511345 -0.15772
v 0.671457 0.0678291 -0.161697
v 0.674885 0.083034 -0.150949
v 0.692335 0.0827738 -0.13674
v 0.670904 0.00611803 -0.175804
v 0.684332 0.0129658 -0.166007
v 0.0414567 0.13561 0.366193
v -0.399215 -0.216399 0.283454
v -0.386029 -0.225663 0.292883
v -0.389094 -0.2084 0.299232
v -0.378097 -0.19974 0.311085
v -0.390335 -0.190908 0.305393
v -0.354876 -0.212596 0.319602
v 0.0462884 0.44167 -0.372911
v -0.391209 -0.120561 0.320914
v -0.383291 -0.140011 0.321541
v -0.397997 -0.15181 0.313093
v -0.383183 -0.157431 0.319293
v 0.564191 0.151005 -0.0433095
v 0.574816 0.142739 -0.0537132
v 0.565521 0.159706 -0.0599905
v 0.558566 0.179747 -0.0636172
v 0.590912 0.138097 -0.0589037
v 0.586476 0.13041 -0.0424989
v 0.593546 0.143249 -0.0771551
v 0.60825 0.138283 -0.0643903
v 0.571609 0.162514 -0.0983364
v 0.249716 -0.0411294 -0.409681
v -0.311336 -0.071556 0.339872
v -0.293196 -0.0671987 0.342562
v -0.306084 -0.0518603 0.341214
v -0.327208 -0.0766516 0.337333
v -0.318715 -0.0908375 0.338027
v -0.246081 -0.0943088 0.347675
v -0.249179 -0.115848 0.346041
v -0.228953 -0.0876725 0.350233
v -0.210536 -0.0835157 0.35284
v -0.222631 -0.0663289 0.352043
v -0.243032 -0.0738191 0.349057
v -0.259928 -0.102274 0.345476
v -0.208209 -0.0490201 0.354581
v -0.18953 -0.0506564 0.357251
v 0.501679 -0.053992 -0.313299
v -0.178297 -0.0379104 0.359399
v -0.170188 -0.0522581 0.360136
v -0.173273 -0.0219099 0.360559
v -0.153633 -0.0172497 0.363932
v -0.164662 -0.00336339 0.362087
v 0.357495 0.204837 0.31911
v 0.363961 0.223879 0.310319
v 0.348251 0.224036 0.318152
v 0.354196 0.241354 0.309377
v 0.333094 0.224946 0.323044
v 0.326659 0.17877 0.330599
v 0.341431 0.191656 0.326219
v 0.319713 0.216088 0.327704
v 0.304843 0.204915 0.331646
v 0.301104 0.285471 0.31762
v 0.289413 0.272403 0.324418
v 0.318979 0.283825 0.310706
v 0.2703 0.219027 0.334863
v 0.287676 0.212136 0.333293
v 0.282521 0.232629 0.331673
v 0.293118 0.24383 0.328618
v 0.265076 0.240047 0.333099
v 0.326089 0.253931 0.318543
v 0.513181 0.108897 -0.294495
v -0.89115 0.0144004 0.115393
v -0.854274 -0.0206518 -0.00989825
v -0.121838 -0.315418 0.336945
v 0.44605 0.108916 -0.354487
v 0.456745 0.0579652 -0.351367
v -0.0923342 -0.311752 0.339067
v 0.438517 0.0780085 -0.368352
v 0.442938 0.0925118 -0.361583
v -0.428801 0.417627 -0.1402
v 0.515676 -0.270701 -0.0403955
v 0.440228 0.138877 -0.351898
v 0.435054 0.123233 -0.36239
v 0.426297 0.139716 -0.366564
v 0.421402 0.122673 -0.377205
v 0.0531836 0.584313 -0.064319
v 0.0481798 0.392391 0.324888
v 0.0467394 0.5877 -0.0813481
v 0.0246732 0.580346 -0.0343081
v 0.0414372 0.581784 -0.0465964
v 0.0334565 0.586123 -0.0660624
v 0.0914987 0.573507 -0.0345829
v 0.0754664 0.577674 -0.0431476
v 0.074961 0.573008 -0.0227431
v 0.108793 0.572877 -0.0443817
v 0.124224 0.571725 -0.0519965
v 0.1122 0.576087 -0.0626127
v 0.330498 0.171313 -0.401215
v 0.319091 0.157261 -0.403159
v 0.297549 0.156072 -0.404978
v 0.308416 0.177282 -0.403063
v 0.293063 0.194212 -0.403417
v 0.311698 0.199406 -0.401377
v 0.359462 0.147287 -0.398782
v -0.554044 -0.0472035 0.0533983
v 0.353084 0.169849 -0.398273
v 0.388771 0.159125 -0.389139
v 0.296175 0.248081 -0.398961
v 0.281632 0.260408 -0.39935
v 0.299086 0.266965 -0.39643
v 0.288803 0.229138 -0.401445
v 0.28025 0.211187 -0.403445
v 0.270166 0.228753 -0.403085
v 0.249956 0.233216 -0.404197
v 0.265891 0.248038 -0.401942
v 0.325755 0.231622 -0.396806
v 0.335478 0.244251 -0.392894
v 0.341783 0.198399 -0.397754
v -0.00172234 -0.406351 0.320755
v 0.370524 0.183822 -0.393246
v 0.0802767 0.0534497 0.378127
v 0.0685484 -0.0187061 0.436612
v 0.118847 0.417662 -0.380418
v 0.102874 0.42691 -0.376502
v 0.122428 0.431959 -0.367362
v 0.0869273 0.437434 -0.370239
v 0.0830928 0.422833 -0.383011
v 0.175431 0.423313 -0.35616
v 0.196481 0.413421 -0.356647
v 0.162207 0.41706 -0.368676
v 0.0742122 0.450349 -0.35936
v 0.0560587 0.453392 -0.359773
v 0.0652127 0.46635 -0.344199
v 0.0997718 0.467767 -0.337099
v 0.10445 0.453859 -0.349434
v 0.0909199 0.448098 -0.358172
v 0.139005 0.43857 -0.355768
v 0.122221 0.446253 -0.352793
v 0.153182 0.446886 -0.342698
v 0.156414 0.431267 -0.35657
v 0.444811 0.28599 0.121891
v 0.45618 0.269747 0.11891
v 0.453999 0.283562 0.105825
v 0.463008 0.280631 0.0897492
v 0.45119 0.297406 0.0928122
v 0.420026 0.317282 0.128125
v 0.432657 0.302059 0.124899
v 0.429653 0.315659 0.111694
v 0.438938 0.31364 0.0954722
v 0.426407 0.329193 0.0976101
v 0.493377 0.308058 -0.0354345
v 0.483956 0.319609 -0.0276925
v 0.473851 0.335521 -0.0296363
v 0.4774 0.322682 -0.01318
v 0.469753 0.325549 0.003265
v 0.48172 0.308842 4.81328e-05
v 0.466351 0.349886 -0.039091
v 0.460355 0.351926 -0.0245753
v 0.447466 0.367601 -0.0225496
v 0.452997 0.354439 -0.00837515
v 0.445086 0.356717 0.00787414
v 0.457661 0.341447 0.00575495
v 0.431703 0.340943 0.0677618
v 0.444841 0.32458 0.0659999
v 0.441558 0.337277 0.0524796
v 0.451725 0.332919 0.0363995
v 0.438697 0.34877 0.0387252
v 0.43617 0.359521 0.0242426
v 0.425533 0.364694 0.0390877
v 0.418214 0.356958 0.0687588
v 0.422595 0.343008 0.0831866
v 0.468947 0.291837 0.060499
v 0.471646 0.27784 0.0736049
v 0.479984 0.275656 0.0566985
v 0.491382 0.259774 0.0496583
v 0.486778 0.274875 0.0408212
v 0.495575 0.266867 0.0288851
v 0.487084 0.28377 0.0267055
v 0.485407 0.295332 0.0127347
v 0.476085 0.300435 0.0296566
v -0.551191 -0.17879 -0.0189424
v -0.550192 -0.167134 -0.00295418
v -0.558164 -0.158367 -0.0224148
v -0.561169 -0.141566 -0.0169552
v 0.788474 0.0765649 0.0627896
v -0.549336 -0.136334 0.0260022
v -0.554077 -0.139175 0.00952976
v -0.548894 -0.154184 0.0133843
v -0.561444 -0.103104 0.0106964
v -0.558095 -0.0931427 0.026267
v -0.557385 -0.122433 0.0113516
v -0.55439 -0.113509 0.0261452
v 0.576706 0.131443 -0.188364
v 0.588603 0.114074 -0.183873
v 0.577481 0.113847 -0.19967
v 0.601416 0.115414 -0.170083
v 0.596449 0.128459 -0.157002
v 0.0539165 0.149979 0.362826
v 0.577497 0.153225 -0.147856
v 0.581286 0.151288 -0.128819
v 0.605762 0.131559 -0.141228
v 0.623393 0.125595 -0.140773
v -0.59294 -0.0518711 -0.117449
v 0.574159 0.155081 -0.164739
v 0.582625 0.141056 -0.160214
v 0.575384 0.145627 -0.177
v 0.56992 0.168002 -0.156679
v -0.544054 -0.07964 0.0704939
v -0.536279 -0.0901661 0.086471
v -0.539707 -0.070533 0.0849298
v -0.551244 -0.0689552 0.0551018
v 0.00995076 0.510766 -0.308765
v 0.0296549 0.50872 -0.309849
v 0.0191764 0.496392 -0.321111
v 0.070127 0.481661 -0.329654
v 0.0506151 0.480734 -0.332636
v 0.058098 0.494498 -0.320146
v -0.349342 0.483683 -0.15872
v 0.0776918 0.495036 -0.317356
v -0.0113876 0.514788 -0.305096
v -0.0274873 0.526197 -0.293403
v 0.00331786 0.525029 -0.295147
v 0.116976 0.499254 -0.306738
v 0.110371 0.48857 -0.317406
v 0.0971808 0.497594 -0.312055
v 0.0839427 0.506625 -0.306248
v -0.0290886 -0.57993 -0.216096
v 0.0782861 0.518756 -0.295561
v 0.059118 0.521505 -0.295221
v 0.0711674 0.532199 -0.282599
v 0.0323322 0.531934 -0.286758
v 0.0159055 0.5353 -0.283829
v 0.0301194 0.543155 -0.274025
v -0.524316 -0.0864218 0.117243
v -0.528477 -0.099503 0.101831
v -0.520253 -0.108597 0.117552
v 0.145984 0.437399 0.269182
v 0.14013 0.447312 0.254985
v 0.12954 0.441297 0.271334
v 0.158799 0.446707 0.244477
v 0.17599 0.436174 0.251714
v 0.174659 0.445967 0.234511
v 0.189154 0.445427 0.224206
v 0.174433 0.455471 0.216255
v 0.209864 0.41248 0.266234
v 0.209322 0.424418 0.246152
v 0.192899 0.424931 0.258867
v 0.228064 0.420852 0.235588
v 0.215597 0.431802 0.227086
v 0.218485 0.439019 0.210834
v 0.20182 0.43578 0.231914
v 0.185502 0.406183 0.291568
v 0.172558 0.41756 0.284239
v 0.165489 0.407397 0.299103
v 0.133872 0.420449 0.29771
v 0.140698 0.430142 0.282987
v 0.122223 0.433253 0.286703
v 0.125747 0.408558 0.31008
v 0.145176 0.407278 0.305841
v -0.528247 -0.150494 0.0736843
v -0.523231 -0.140801 0.0925664
v -0.520066 -0.160426 0.0870737
v -0.518367 -0.131348 0.110057
v -0.512661 -0.125335 0.127035
v 0.211269 0.55355 -0.0895539
v -0.505642 -0.138631 0.13549
v 0.040521 0.590549 -0.0984531
v -0.496501 -0.127867 0.16227
v 0.0426007 0.576984 -0.0249961
v 0.766669 0.0489472 -0.0535002
v 0.760849 0.0683688 -0.0523107
v 0.775843 0.0455778 -0.0340113
v 0.777994 0.0572725 -0.0190363
v -0.0601133 -0.0522965 0.386784
v 0.786054 0.0624894 0.0138402
v 0.792622 0.0444725 0.0151546
v 0.044065 0.165033 0.360912
v 0.748469 0.103966 -0.019271
v 0.760814 0.0901179 -0.0209336
v 0.770474 0.0742104 -0.0205265
v 0.761667 0.080035 -0.0370345
v 0.778435 0.0683902 -0.00329242
v 0.776378 0.0786429 0.0132342
v 0.752153 0.0742053 -0.0650322
v 0.744349 0.0708486 -0.0814204
v 0.78073 0.0854436 0.0786117
v 0.612992 0.0723554 0.0124067
v 0.0637614 0.165084 0.359911
v 0.240824 0.515577 -0.239999
v 0.64174 0.112434 -0.00732711
v 0.233861 0.534595 -0.208443
v 0.214929 0.542729 -0.208227
v 0.228022 0.542488 -0.193135
v 0.755048 -0.0681635 0.162404
v 0.770456 -0.077814 0.151357
v 0.772247 -0.0725203 0.170178
v 0.103685 0.545471 -0.25986
v 0.631001 -0.00047544 0.0339767
v 0.776171 -0.0621806 0.208792
v 0.760908 -0.056391 0.198232
v 0.791284 -0.0692474 0.198628
v 0.791496 -0.0729804 0.176971
v 0.797117 -0.0588193 0.237147
v -0.245104 0.421195 0.220605
v 0.811149 -0.0628494 0.226113
v 0.171226 0.569174 -0.1643
v 0.091815 0.577742 -0.205174
v 0.0932115 0.583127 -0.185119
v 0.108151 0.577867 -0.196075
v 0.123536 0.577124 -0.187542
v 0.123762 0.57093 -0.207873
v 0.0779445 0.586912 -0.176233
v 0.0941825 0.586244 -0.164151
v 0.203016 0.347181 0.323638
v 0.207263 0.327427 0.327718
v 0.221557 0.340502 0.322145
v 0.231619 0.303368 0.328629
v 0.23491 0.282687 0.331365
v 0.236012 0.324039 0.32382
v 0.211675 0.307962 0.330493
v 0.158308 0.325988 0.332601
v 0.176269 0.319312 0.332233
v 0.190264 0.33292 0.328594
v -0.208865 -0.334901 -0.397954
v 0.185059 0.351583 0.324955
v 0.196228 0.365489 0.318388
v 0.618713 0.0105259 0.028335
v 0.214363 0.361131 0.31593
v 0.179247 0.300773 0.334723
v 0.18275 0.282664 0.336855
v 0.1977 0.294963 0.333822
v 0.446353 0.184014 -0.332622
v -0.540743 -0.0472414 -0.277357
v 0.465117 0.199616 -0.312908
v 0.23381 -0.456951 0.160119
v 0.219122 -0.456551 0.175685
v 0.221753 -0.469328 0.146375
v -0.549402 -0.121511 -0.251679
v 0.227327 -0.474521 0.12927
v 0.233259 -0.479544 0.111508
v 0.243395 -0.469159 0.123583
v 0.259385 -0.463428 0.117232
v 0.252183 -0.460048 0.133391
v 0.254193 -0.451567 0.148754
v -0.28089 -0.431965 -0.307161
v 0.235584 -0.447136 0.178204
v 0.276897 -0.474901 0.068617
v 0.928801 -0.00958973 0.283529
v 0.272979 -0.470628 0.0838586
v 0.26688 -0.467064 0.0998446
v 0.255101 -0.47868 0.0883768
v 0.238407 -0.48471 0.0939011
v 0.242035 -0.490237 0.0766953
v 0.228467 -0.500495 0.0670746
v 0.398946 -0.0894125 0.319333
v 0.26515 -0.485349 0.0596199
v 0.280136 -0.4795 0.0529442
v 0.335141 -0.430224 0.0810548
v 0.34487 -0.417756 0.0906219
v 0.357966 -0.410871 0.0820557
v 0.342925 -0.410543 0.107822
v 0.329666 -0.415893 0.118618
v 0.18821 0.381402 0.311703
v 0.310113 -0.438158 0.103229
v 0.318951 -0.439509 0.0869054
v 0.326724 -0.441844 0.0692989
v 0.763026 -0.0246796 0.243778
v 0.760711 -0.00511632 0.248449
v 0.755006 0.0079685 0.23469
v 0.758569 -0.0322892 0.229778
v 0.750826 -0.0280785 0.217492
v 0.762781 -0.0470242 0.217443
v 0.404159 0.246283 -0.342287
v 0.775728 -0.0346632 0.253318
v 0.397852 -0.425774 -0.0353755
v 0.412491 -0.414541 -0.0440298
v 0.217633 -0.0677386 -0.410607
v 0.404564 -0.407941 -0.00515625
v 0.391865 -0.414707 0.00806133
v 0.392224 -0.423003 -0.0133308
v 0.0587747 0.197523 0.355577
v 0.367357 -0.466361 -0.0975618
v 0.362675 -0.472238 -0.11693
v 0.374196 -0.457808 -0.0794734
v 0.356804 -0.472085 -0.0830274
v -0.595476 0.0665067 -0.149669
v 0.691302 0.0456839 0.0780583
v 0.681671 0.0513949 0.0644427
v 0.694985 0.0606493 0.0755629
v 0.693928 0.0322459 0.0864392
v 0.708696 0.0692269 0.0867653
v 0.700254 0.0768888 0.0699154
v 0.708459 0.0908705 0.0625913
v 0.29579 -0.517096 -0.121231
v 0.313575 -0.506974 -0.126939
v 0.145796 0.53606 0.0513572
v 0.21477 0.53046 0.000428732
v 0.289634 -0.519056 -0.103715
v 0.297164 -0.516867 -0.139513
v 0.296781 -0.516125 -0.157872
v 0.160643 0.536365 0.0388826
v -0.594908 0.0764292 -0.166647
v 0.657329 0.119951 -0.0127689
v 0.671823 0.114889 0.00128018
v 0.674896 0.124238 -0.0166356
v 0.687963 0.119419 -0.00110635
v 0.629748 0.100228 7.73567e-05
v 0.611509 0.0988406 -0.00477008
v 0.620962 0.0852792 0.00789895
v 0.654821 0.0928747 0.0180912
v 0.648686 0.0760347 0.0265464
v 0.665842 0.0845999 0.0314174
v 0.718856 0.115 0.0148216
v 0.734905 0.10877 0.0277037
v 0.734745 0.112457 0.0113187
v 0.734181 0.0905609 0.0877117
v 0.723913 0.0787775 0.0967378
v 0.741636 0.0861848 0.105082
v 0.760465 0.0891257 0.111107
v 0.779076 0.084954 0.113434
v 0.770995 0.0900614 0.0957149
v 0.471652 0.225783 -0.297193
v 0.480974 0.234061 -0.284758
v 0.490221 0.239942 -0.272395
v 0.464806 0.216714 -0.30692
v 0.457141 0.234811 -0.305643
v 0.441407 0.237856 -0.316829
v 0.44905 0.255003 -0.303327
v 0.45569 0.269514 -0.290722
v 0.440263 0.276947 -0.299932
v 0.424756 0.274526 -0.313291
v 0.425758 0.29218 -0.303724
v 0.412839 0.302496 -0.3081
v 0.436864 0.299344 -0.290871
v 0.47054 0.304612 -0.253809
v 0.46022 0.29971 -0.268919
v 0.454816 0.32052 -0.259837
v 0.196118 -0.0717259 -0.41122
v 0.433547 0.316334 -0.283654
v 0.422879 0.330322 -0.283594
v 0.438307 0.3277 -0.271708
v 0.489537 0.27077 -0.254966
v 0.478146 0.2688 -0.269478
v 0.485222 0.288922 -0.24721
v 0.49924 0.272447 -0.240495
v 0.491434 0.253549 -0.263482
v 0.409466 0.176479 -0.370163
v 0.418167 0.157315 -0.368705
v 0.891459 0.029051 0.24958
v 0.900163 0.03717 0.265705
v 0.906399 0.0206119 0.258403
v 0.331972 0.278399 -0.384267
v 0.323636 0.29646 -0.37912
v 0.340406 0.288019 -0.3724
v 0.306192 0.301323 -0.386573
v 0.311517 0.313838 -0.375603
v 0.270167 0.375548 0.267965
v 0.289114 0.367753 0.258412
v 0.28922 0.378691 0.241571
v 0.302305 0.338984 0.281345
v 0.309046 0.341468 0.270953
v 0.296234 0.352457 0.271452
v 0.037445 -0.245925 -0.409973
v 0.256868 0.388404 0.262035
v 0.242206 0.400923 0.256484
v 0.251757 0.380768 0.27802
v 0.233261 0.384913 0.287646
v -0.508013 -0.209962 -0.270122
v 0.258953 0.357813 0.297663
v 0.287876 0.34493 0.288219
v 0.280733 0.361787 0.275961
v -0.521 -0.182358 -0.267088
v -0.403707 0.265688 -0.334589
v -0.414918 0.270738 -0.324488
v -0.398546 0.281645 -0.330721
v -0.0650098 0.591136 -0.118862
v -0.0784696 0.588424 -0.105911
v -0.0615112 0.589458 -0.0981054
v -0.0561228 0.587659 -0.0812967
v -0.0470729 0.591917 -0.109507
v -0.0613656 0.574872 -0.021893
v -0.0688188 0.577199 -0.0346018
v -0.083976 0.571973 -0.0218724
v -0.0493461 0.579506 -0.0362552
v -0.0399758 0.576367 -0.0205832
v -0.027922 0.580149 -0.0334343
v 0.00498274 0.582126 -0.0398528
v -0.0155092 0.583278 -0.0456933
v -0.128368 0.572846 -0.058704
v -0.150942 0.563702 -0.0409942
v -0.115332 0.572355 -0.0446374
v -0.101781 0.571857 -0.032601
v -0.0973517 0.577376 -0.0527793
v -0.109451 0.581402 -0.0852796
v -0.0938215 0.581887 -0.0731235
v -0.0926708 0.585156 -0.0935493
v -0.12638 0.576936 -0.0776095
v -0.0401723 0.587338 -0.0718639
v -0.0210658 0.586703 -0.063673
v -0.0244451 0.589709 -0.0823695
v -0.00981807 0.591714 -0.0948811
v -0.0281125 0.59215 -0.101579
v -0.407688 0.321637 -0.303413
v -0.405508 0.33602 -0.296068
v 0.0265264 0.588688 -0.188699
v -0.399901 0.310906 -0.315066
v -0.415769 0.308026 -0.305246
v 0.0525054 -0.218837 -0.410756
v 0.713387 0.046981 0.110344
v 0.713465 0.0322494 0.121539
v 0.72398 0.0597204 0.120774
v 0.72856 0.0538629 0.138902
v 0.736831 0.0693133 0.132026
v 0.0847156 -0.206407 -0.410831
v 0.716094 0.0191753 0.134609
v 0.721899 0.0366068 0.139965
v 0.732045 0.0457042 0.155432
v 0.121929 -0.225125 -0.409592
v 0.736097 0.0371559 0.172442
v 0.735974 0.0217885 0.183425
v 0.744645 0.0574714 0.168057
v 0.755384 0.071062 0.159789
v 0.765533 0.0791732 0.148546
v -0.435608 0.359493 -0.250042
v -0.422969 0.364028 -0.259885
v -0.427585 0.350145 -0.266958
v -0.417428 0.342343 -0.282194
v -0.433086 0.333597 -0.274452
v 0.682649 0.129212 -0.0359712
v 0.703293 0.125753 -0.0324718
v 0.686908 0.129961 -0.0577352
v 0.669 0.132426 -0.0503478
v 0.659929 0.13467 -0.0836519
v 0.643716 0.138251 -0.0751144
v 0.657352 0.13544 -0.0629112
v 0.713407 0.122136 -0.0168204
v 0.722833 0.119011 -0.0316262
v 0.714565 0.121378 -0.0467194
v 0.655701 0.131162 -0.103648
v 0.671877 0.1273 -0.0970639
v 0.680907 0.11588 -0.111976
v 0.687476 0.121393 -0.0930182
v 0.695151 0.12415 -0.0760778
v 0.703733 0.112857 -0.0915433
v 0.70509 0.123395 -0.0613885
v 0.723361 0.11307 -0.0604794
v 0.129396 -0.207376 -0.410033
v -0.491355 0.295918 -0.236568
v -0.49826 0.298431 -0.222438
v -0.489594 0.312499 -0.222167
v -0.477667 0.327344 -0.225719
v -0.465416 0.356819 -0.208063
v -0.471666 0.343209 -0.216178
v -0.477073 0.345718 -0.200132
v -0.467564 0.361472 -0.193585
v -0.455255 0.371543 -0.203562
v 0.551594 0.215224 -0.172977
v 0.555837 0.210444 -0.155142
v 0.558576 0.198304 -0.171647
v 0.522441 0.281978 -0.16104
v 0.515894 0.289416 -0.178581
v 0.507292 0.311408 -0.150818
v 0.52379 0.263552 -0.198648
v 0.514106 0.275796 -0.208521
v 0.517988 0.278913 -0.19256
v 0.531784 0.255803 -0.184312
v 0.53072 0.245681 -0.203801
v 0.545907 0.220521 -0.190262
v 0.545685 0.207648 -0.206044
v 0.538191 0.226939 -0.206049
v 0.53325 0.26029 -0.10636
v 0.541188 0.241114 -0.0965986
v 0.542313 0.243055 -0.115173
v 0.548983 0.229149 -0.122167
v 0.544337 0.240448 -0.136282
v 0.516655 0.293054 -0.106701
v 0.519175 0.2907 -0.122793
v 0.510053 0.305938 -0.115936
v 0.524328 0.278522 -0.106669
v -0.292853 -0.189694 -0.403934
v -0.301059 -0.207594 -0.402037
v -0.312518 -0.192342 -0.40192
v -0.331388 -0.194683 -0.39952
v -0.323335 -0.175742 -0.401769
v -0.333784 -0.158811 -0.401508
v -0.315498 -0.156282 -0.403626
v -0.299606 -0.156548 -0.404996
v -0.286054 -0.149377 -0.406196
v -0.287161 -0.170316 -0.405328
v -0.273891 -0.186855 -0.405481
v -0.305805 -0.278001 -0.393875
v -0.654181 0.00638091 -0.190369
v -0.298922 -0.256574 -0.397795
v -0.278757 -0.259395 -0.399845
v -0.262269 -0.265685 -0.400959
v -0.27648 -0.280062 -0.397812
v -0.332801 -0.248888 -0.393414
v -0.349316 -0.253936 -0.387011
v -0.361719 -0.258064 -0.377608
v -0.365375 -0.241172 -0.383215
v -0.37587 -0.227216 -0.382747
v -0.0131252 0.563125 -0.247813
v -0.0334176 0.564364 -0.244435
v -0.0222098 0.572008 -0.232266
v -0.0538709 0.578914 -0.213433
v -0.0650159 0.571646 -0.22682
v -0.0758145 0.57797 -0.209742
v -0.0909359 0.580583 -0.195635
v -0.0755972 0.584033 -0.191357
v 0.020335 0.575817 -0.225137
v 0.00523247 0.580442 -0.214868
v 0.0231395 0.58325 -0.207033
v -0.121996 0.436792 0.281978
v 0.803972 0.0323934 0.0462477
v -0.0425006 0.5851 -0.198977
v 0.179017 0.479524 0.162202
v -0.0676326 0.588254 -0.175529
v -0.0707982 -0.0811284 -0.413083
v -0.106306 -0.0748102 -0.412743
v -0.076939 -0.0435009 -0.413256
v 0.0672116 0.180725 0.357539
v -0.0432914 -0.0570224 -0.413409
v -0.0310724 -0.0297239 -0.413506
v -0.0253831 -0.0641313 -0.413389
v 0.00487833 -0.0533969 -0.413444
v 0.241334 -0.397246 -0.349433
v -0.0168833 -0.11902 -0.412815
v 0.223813 -0.0836974 -0.41024
v -0.0786867 -0.116632 -0.412537
v -0.166921 0.391815 -0.387644
v -0.256162 -0.086849 -0.409221
v -0.256291 -0.0646263 -0.409542
v -0.272629 -0.053777 -0.408908
v -0.254866 -0.0437494 -0.409764
v -0.268743 -0.0120462 -0.409299
v -0.236177 -0.0333568 -0.410454
v -0.236979 -0.0167107 -0.410462
v -0.219388 -0.0427715 -0.410917
v 0.093986 -0.158431 -0.411739
v 0.0293266 -0.175969 -0.41185
v -0.219153 -0.0950018 -0.410387
v 0.274774 0.434824 0.157729
v 0.270547 0.445185 0.141895
v 0.28443 0.442799 0.128887
v 0.268681 0.454551 0.124299
v 0.25767 0.476347 0.0896357
v 0.266812 0.464228 0.105368
v 0.274756 0.468458 0.0857917
v 0.285487 0.457376 0.0961952
v 0.283328 0.470522 0.0694794
v 0.297823 0.465632 0.0601482
v -0.198467 0.37324 -0.389493
v 0.270533 0.486386 0.0488986
v 0.25712 0.488955 0.0605316
v 0.292191 0.425923 0.153088
v 0.0441385 -0.206661 -0.411113
v 0.308906 0.41772 0.146153
v 0.374316 0.398401 0.0780067
v 0.38962 0.385137 0.0743714
v 0.382055 0.399265 0.0618679
v 0.38906 0.399094 0.0484473
v 0.374827 0.413252 0.0469683
v 0.357434 0.424653 0.0548798
v 0.345713 0.437953 0.0459982
v 0.341465 0.421188 0.0896398
v 0.358401 0.410398 0.0828739
v 0.365967 0.397547 0.0943021
v 0.295189 0.489672 0.00194241
v 0.285379 0.48335 0.0353053
v 0.300404 0.471685 0.0418057
v 0.316405 0.464888 0.0326845
v 0.331491 0.451514 0.0393679
v 0.311792 0.478516 0.00453971
v 0.334225 0.456116 0.0233813
v 0.348615 0.442709 0.0298313
v 0.364408 0.434229 0.0197872
v 0.376682 0.420447 0.0274
v 0.366626 0.439683 0.00145252
v 0.353592 0.452649 -0.00551344
v 0.338125 0.459725 0.00654776
v 0.326739 0.469633 0.00131153
v 0.342848 0.4078 0.113935
v 0.065381 -0.173498 -0.411731
v 0.332007 0.410478 0.125907
v 0.3242 0.408283 0.141655
v 0.337345 0.39948 0.138121
v 0.35002 0.387526 0.139382
v 0.346953 0.398077 0.125531
v 0.357127 0.397117 0.110348
v 0.00980039 -0.308488 -0.407194
v 0.0184052 -0.291453 -0.40808
v 0.0305613 -0.306389 -0.407199
v 0.0419674 -0.320774 -0.406168
v 0.0507697 -0.336969 -0.404723
v 0.0120827 -0.340696 -0.404863
v -0.504345 -0.0336947 -0.314831
v -0.0190476 -0.327833 -0.405883
v 0.00103415 -0.325685 -0.406096
v -0.0110383 -0.31085 -0.40704
v 0.0557131 -0.189683 -0.411455
v 0.0455768 -0.173888 -0.411823
v 0.0852054 -0.17435 -0.411535
v 0.41079 -0.228171 0.253859
v 0.116458 -0.191986 -0.410705
v 0.136348 -0.189142 -0.410411
v 0.106931 -0.210132 -0.410366
v 0.301454 0.414048 0.163589
v 0.0698217 -0.221012 -0.410561
v 0.0533482 -0.234057 -0.410269
v -0.735666 0.0194373 -0.0445065
v 0.0248656 -0.207444 -0.411147
v 0.135381 0.504995 0.135603
v 0.136297 0.511435 0.119841
v 0.119994 0.512281 0.127234
v 0.153144 0.4977 0.140836
v 0.171911 0.489685 0.145192
v 0.167654 0.497259 0.131305
v 0.175965 0.500264 0.117696
v 0.154193 0.505548 0.121842
v 0.127319 0.542963 0.0446144
v 0.123053 0.549089 0.0295875
v 0.107966 0.54975 0.0368371
v 0.177861 0.511632 0.0887906
v 0.187038 0.502359 0.103198
v 0.198624 0.503636 0.0895392
v 0.219227 0.494709 0.0904355
v 0.210583 0.5044 0.075944
v 0.222888 0.504911 0.0616612
v 0.20321 0.513187 0.0613067
v 0.19729 0.521172 0.0463611
v 0.183129 0.521227 0.0599699
v 0.176078 0.536115 0.026072
v 0.192687 0.528739 0.0305222
v 0.189699 0.535157 0.0152993
v 0.197457 0.537376 -0.000189591
v 0.178162 0.542437 0.00483747
v 0.113689 0.535501 0.0730101
v 0.0952003 0.542287 0.064167
v 0.0981703 0.534473 0.0832478
v 0.0838735 0.53379 0.0911377
v 0.0956133 0.52737 0.102134
v 0.107797 0.520004 0.114643
v 0.146492 0.550006 0.0100881
v 0.160633 0.543 0.0197138
v 0.161878 0.548058 0.00292074
v 0.134054 0.557119 -0.00313956
v 0.128143 0.552755 0.0151755
v 0.823537 -0.0208892 0.110897
v 0.298463 0.430343 0.135662
v 0.82766 0.0014033 0.117602
v 0.837182 -0.0101766 0.147663
v 0.839673 0.012475 0.154422
v 0.844627 -0.00171854 0.164841
v 0.823134 0.0150795 0.105404
v 0.828201 0.0204464 0.125437
v 0.364319 0.269365 0.2824
v 0.368673 0.279607 0.266224
v 0.355139 0.285419 0.278671
v 0.381897 0.272689 0.253713
v 0.38514 0.281845 0.237761
v -0.238764 -0.0936581 -0.409769
v 0.367336 0.313582 0.226154
v 0.373825 0.318566 0.208678
v 0.359654 0.329043 0.216766
v 0.375284 0.298073 0.233793
v -0.204623 -0.0574606 -0.411207
v 0.387254 0.289996 0.224236
v 0.39457 0.29145 0.209728
v 0.3471 0.31165 0.25946
v 0.360127 0.308157 0.244614
v 0.344011 0.324587 0.246786
v 0.333044 0.317522 0.271054
v 0.344956 0.30149 0.274383
v -0.0217215 -0.402523 -0.395994
v -0.0258309 -0.421275 -0.389998
v -0.0392998 -0.408134 -0.394162
v -0.0670054 -0.394517 -0.396519
v -0.22242 -0.0631423 -0.4107
v -0.0516121 -0.392251 -0.397535
v 0.580159 0.150362 -0.0882183
v -0.0838679 -0.366575 -0.400969
v -0.0810914 -0.388223 -0.397279
v -0.0972515 -0.383584 -0.397456
v -0.11417 -0.380334 -0.397198
v -0.132814 -0.37746 -0.39681
v -0.120293 -0.361599 -0.400207
v 0.287051 0.347414 -0.366425
v 0.298671 0.330847 -0.371828
v 0.28271 0.335272 -0.380583
v 0.277119 0.363433 -0.359086
v 0.260427 0.369559 -0.365415
v -0.0842015 0.0474168 0.461394
v 0.293318 0.35825 -0.351365
v 0.838876 -0.0213664 0.302088
v 0.823892 -0.0131733 0.302414
v 0.827436 -0.0313667 0.296938
v 0.817151 0.0492467 0.119472
v 0.814152 0.0447829 0.0991914
v 0.807409 0.0604218 0.106261
v 0.794469 0.072064 0.079935
v 0.308205 -0.275042 -0.392313
v 0.79853 0.0696927 0.0957994
v 0.408673 0.227456 -0.347435
v 0.389884 0.254112 -0.349861
v 0.416504 0.241116 -0.334528
v 0.395064 0.218954 -0.364378
v -0.179188 0.159251 -0.410326
v -0.804334 0.0576121 0.0207778
v -0.796037 0.0588548 0.00313049
v -0.812724 0.0625961 0.00490823
v -0.839581 0.0602646 0.0249589
v 0.767149 0.0436994 0.228704
v 0.757011 0.0407657 0.216873
v -0.796776 0.0597957 -0.0448237
v -0.80276 0.0615513 -0.0266944
v -0.833134 0.0477486 -0.0216528
v 0.22648 0.451959 -0.314299
v 0.241845 0.440914 -0.316602
v 0.255623 0.451038 -0.30262
v 0.261421 0.435941 -0.311885
v 0.269193 0.42039 -0.320082
v 0.252291 0.423719 -0.325042
v 0.331877 0.374989 -0.318654
v 0.342869 0.384489 -0.305475
v 0.349626 0.368411 -0.312287
v 0.352008 0.39403 -0.292293
v 0.360858 0.402047 -0.279371
v 0.367184 0.38734 -0.286746
v 0.37831 0.389876 -0.275969
v 0.380497 0.374839 -0.286288
v 0.250372 0.463973 -0.294196
v 0.273252 0.446283 -0.297974
v 0.199499 0.470565 -0.308733
v 0.220182 0.465314 -0.305686
v 0.23501 0.472029 -0.29378
v 0.0828705 0.171497 0.357972
v 0.24735 0.490292 -0.269341
v 0.253784 0.475263 -0.281678
v 0.276597 0.468854 -0.275238
v 0.35293 0.419401 -0.269997
v 0.336212 0.428573 -0.274265
v 0.345082 0.43777 -0.258028
v 0.308558 0.449905 -0.273718
v 0.296748 0.463888 -0.267393
v 0.314985 0.459766 -0.258533
v 0.31404 0.380248 -0.325238
v 0.295909 0.385014 -0.331641
v 0.28487 0.374243 -0.344573
v 0.291271 0.400489 -0.323778
v 0.276107 0.391684 -0.336867
v 0.790082 0.0757353 0.162923
v 0.781326 0.07966 0.147412
v 0.773213 0.0761261 0.163762
v -0.0459753 -0.425034 -0.387319
v -0.0540469 -0.438304 -0.376813
v 0.551707 0.177372 -0.0306985
v -0.0664304 -0.425563 -0.385007
v 0.868697 0.0342361 0.224071
v 0.859178 0.0298604 0.20476
v 0.853536 0.0453532 0.216107
v 0.835795 0.0561179 0.213984
v 0.847692 0.0540002 0.229321
v 0.836752 0.0590321 0.234544
v 0.847754 0.0560003 0.250012
v -0.205272 -0.376248 -0.385902
v -0.191751 -0.36537 -0.393627
v -0.187216 -0.383225 -0.38779
v -0.224253 -0.345962 -0.393344
v -0.225036 -0.325039 -0.397719
v 0.552439 0.221301 -0.137456
v -0.192829 -0.346089 -0.397782
v 0.854956 -0.0481227 0.284135
v 0.869934 -0.0503552 0.272662
v 0.87504 -0.0466968 0.290614
v 0.865097 -0.0344679 0.297647
v 0.893185 -0.0445014 0.289269
v 0.793882 -0.00914445 0.289365
v 0.808806 -0.00268851 0.299567
v 0.797212 0.0103083 0.291564
v 0.875091 -0.0033527 0.218911
v 0.873451 0.0169083 0.219061
v 0.884643 0.00294555 0.231604
v 0.911921 0.001374 0.259053
v 0.227097 0.404113 0.26534
v 0.924671 -0.00646523 0.270664
v -0.238694 0.432631 0.206112
v -0.785286 0.0330019 0.0249777
v -0.256694 0.422919 0.204898
v -0.261731 0.411425 0.220112
v 0.194514 0.514904 -0.266834
v 0.19099 0.527436 -0.252132
v 0.206008 0.530761 -0.238729
v 0.17238 0.535877 -0.249049
v 0.156169 0.531648 -0.261401
v 0.138598 0.542809 -0.252953
v 0.121956 0.539202 -0.263041
v 0.120044 0.552075 -0.245707
v 0.238156 0.525846 -0.224047
v 0.22373 0.523234 -0.239554
v 0.202021 0.541043 -0.223239
v 0.157987 0.563354 -0.20526
v 0.151954 0.570221 -0.188829
v 0.155633 0.555023 -0.225714
v 0.140003 0.563147 -0.217704
v -0.777249 0.0352255 0.00813483
v 0.185758 0.54696 -0.223338
v 0.163788 0.528807 0.0570697
v 0.178353 0.559893 -0.197489
v 0.209761 0.550455 -0.191729
v -0.218607 -0.0198073 -0.411002
v 0.138905 0.55392 -0.235883
v 0.105796 0.562486 -0.233403
v -0.320096 0.414278 -0.299111
v -0.475408 -0.292903 -0.259007
v 0.0120065 0.577672 -0.0211231
v 0.00148819 0.573616 -0.00511567
v 0.0230725 0.572578 -0.00299278
v 0.0585608 0.572366 -0.0125238
v 0.0417298 0.572033 -0.00519565
v 0.0375371 0.567145 0.0130884
v 0.0740288 0.567677 -0.00179593
v 0.0577909 -0.469671 -0.341118
v 0.0740158 -0.461755 -0.346066
v 0.042994 -0.464043 -0.347508
v -0.253288 -0.0239951 -0.409894
v 0.0402332 -0.476143 -0.336997
v 0.200274 -0.149418 0.349037
v 0.0388495 -0.444348 -0.369873
v 0.847699 0.0485909 0.286136
v -0.302597 0.422123 -0.303183
v 0.836513 0.0551578 0.269307
v -0.59897 -0.0385633 -0.13077
v 0.86404 0.0502064 0.285831
v 0.879448 0.0452664 0.292326
v 0.879259 0.0281595 0.301461
v -0.106413 -0.44501 -0.358401
v -0.113363 -0.454481 -0.345749
v -0.140505 -0.434418 -0.360183
v -0.137184 -0.423306 -0.374267
v -0.0968439 -0.435343 -0.372472
v -0.0855331 -0.44712 -0.361317
v 0.288806 0.497831 -0.229654
v 0.299674 0.497803 -0.218188
v 0.300158 0.504125 -0.201948
v 0.285667 0.508027 -0.212939
v 0.300703 0.509261 -0.183555
v 0.315475 0.498086 -0.19222
v 0.330538 0.491266 -0.18253
v 0.876624 0.0386441 0.242097
v 0.882656 0.0222851 0.234141
v 0.909192 -0.0366881 0.27992
v 0.169629 0.520578 0.0736048
v 0.895022 -0.042221 0.270137
v 0.866957 0.0501908 0.255166
v 0.0520914 0.591249 -0.111638
v -0.877429 0.0483736 0.130942
v -0.225947 -0.0804032 -0.410403
v 0.0796309 0.587048 -0.0998594
v 0.155218 0.574489 -0.116173
v 0.13567 0.579302 -0.117327
v 0.146495 0.575225 -0.100736
v 0.119858 0.578061 -0.0810921
v 0.13138 0.573332 -0.0670379
v 0.138831 0.574748 -0.0842833
v 0.109582 0.582184 -0.0963138
v 0.101466 0.580543 -0.0771667
v 0.133326 0.58025 -0.148998
v 0.12417 0.582354 -0.1334
v -0.847116 0.0631227 0.132371
v 0.125384 0.580485 -0.166812
v 0.111594 0.584274 -0.151522
v 0.0739824 0.59033 -0.136294
v 0.0865769 0.588364 -0.123163
v 0.0921465 0.587865 -0.143694
v 0.0604076 0.591689 -0.149271
v 0.0531773 0.592323 -0.129619
v 0.0841158 0.583253 -0.0777246
v 0.258928 0.0771721 0.346196
v -0.158308 0.443781 0.251891
v -0.066749 -0.0994002 -0.412886
v 0.656048 0.0476397 0.0427292
v -0.0918484 -0.0672174 0.499444
v -0.140267 0.446167 0.258193
v 0.66861 0.0398939 0.0551143
v 0.920775 -0.0163192 0.295636
v 0.445267 0.393914 -0.100577
v 0.450489 0.390184 -0.118789
v 0.726439 0.0955049 0.0707097
v 0.42569 0.416874 -0.115712
v 0.431523 0.408474 -0.0977124
v 0.452374 0.388556 -0.137563
v 0.463741 0.374181 -0.146433
v 0.452636 0.386783 -0.157041
v 0.426556 0.406654 -0.192166
v 0.42796 0.412287 -0.167882
v 0.43481 0.40154 -0.179967
v 0.449514 0.384909 -0.178942
v 0.438185 0.392189 -0.195662
v 0.395533 0.440058 -0.0793829
v 0.417799 0.42225 -0.0963449
v 0.412158 0.429853 -0.110597
v 0.375686 0.459415 -0.173131
v 0.370603 0.466404 -0.155953
v 0.386997 0.452632 -0.155161
v 0.391463 0.446676 -0.169629
v 0.396183 0.43446 -0.197017
v 0.403613 0.433647 -0.178266
v 0.412223 0.419227 -0.196873
v 0.38733 0.453086 -0.121478
v 0.398017 0.444045 -0.137451
v 0.363121 0.473333 -0.141825
v 0.355689 0.478643 -0.126838
v 0.372163 0.465885 -0.125357
v 0.378041 0.459889 -0.109797
v -0.0208894 -0.167489 0.36163
v 0.725025 0.106098 0.04392
v -0.0375867 -0.164994 0.361596
v -0.0391577 -0.145491 0.364815
v 0.219359 -0.0999068 -0.41015
v -0.0511457 -0.17939 0.358782
v -0.0168947 -0.186469 0.358615
v -0.000291983 -0.186367 0.35861
v 0.157712 0.518335 0.0885929
v -0.0430192 -0.256151 0.348305
v -0.0256927 -0.256935 0.348395
v -0.122858 0.445958 0.267191
v -0.0431116 -0.218181 0.353536
v -0.0480149 -0.199127 0.356038
v -0.0625316 -0.211611 0.353767
v -0.0789406 -0.204897 0.353852
v -0.0589329 -0.229994 0.35143
v -0.0735646 -0.240192 0.349498
v -0.05825 -0.248221 0.349003
v 0.0386464 -0.290388 0.34309
v 0.0528548 -0.303959 0.340778
v 0.0586624 -0.287593 0.342919
v 0.0790435 -0.285543 0.342464
v 0.0673348 -0.271435 0.34481
v 0.078124 -0.254879 0.346572
v -0.682053 -0.0589344 0.210092
v 0.10472 -0.0334731 0.494046
v -0.453291 0.0762745 0.275448
v 0.0138218 -0.260106 0.347775
v 0.026304 -0.27523 0.345452
v 0.0191869 -0.292271 0.343175
v 0.24291 0.544334 -0.140204
v 0.218974 0.553162 -0.158739
v 0.228736 0.550227 -0.145317
v -0.447649 0.0622284 0.286962
v 0.281585 0.525508 -0.138281
v 0.276609 0.527426 -0.120123
v 0.29451 0.518032 -0.126021
v 0.237892 0.535933 -0.0545205
v 0.256745 0.526936 -0.0532637
v 0.249086 0.534029 -0.0693448
v 0.261034 0.531331 -0.0851663
v 0.243099 0.539723 -0.0855997
v 0.222062 0.551643 -0.107833
v 0.240601 0.543398 -0.103289
v 0.226225 0.551401 -0.128597
v 0.201873 0.558528 -0.100436
v -0.0493602 -0.103926 -0.412934
v 0.306499 0.508251 -0.095469
v 0.323438 0.498524 -0.100636
v 0.307841 0.509638 -0.114315
v 0.273961 0.51775 -0.0513251
v 0.283336 0.516454 -0.0680563
v 0.293458 0.513923 -0.0843082
v 0.278194 0.522757 -0.0864539
v -0.353075 0.395364 0.124694
v 0.077128 -0.366606 0.329496
v 0.0610432 -0.358842 0.331623
v 0.0581619 -0.339742 0.335096
v 0.0442818 -0.351042 0.33357
v -0.444764 0.0103374 0.295832
v 0.0316789 -0.364886 0.33133
v -0.0315475 -0.403548 0.321314
v -0.0623492 -0.400286 0.321475
v -0.0137725 -0.391802 0.325603
v 0.0076284 -0.394097 0.325057
v -0.00229775 -0.422383 0.312584
v 0.835345 0.0454257 0.178271
v 0.820937 0.0570822 0.174506
v 0.826855 0.0558317 0.193289
v 0.815495 0.0612701 0.155912
v 0.806648 0.0653071 0.189587
v 0.78542 -0.0490338 0.246347
v 0.779832 -0.0558605 0.22755
v 0.789702 -0.0398696 0.26477
v 0.822629 0.0616915 0.22921
v 0.81647 0.0628718 0.208693
v 0.804879 0.0628194 0.225081
v 0.796623 0.0517376 0.253605
v 0.794593 0.041975 0.26737
v 0.814949 0.0528311 0.266323
v 0.8284 0.0593353 0.250527
v 0.803778 -0.0399272 0.277965
v 0.791988 -0.0265685 0.280486
v 0.821517 -0.0562436 0.261003
v 0.819209 -0.0495676 0.274685
v 0.8175 -0.0394603 0.287677
v 0.0603861 -0.020658 0.401791
v -0.0325114 -0.110954 -0.412894
v 0.826489 -0.060915 0.215228
v 0.82967 -0.0599757 0.234227
v 0.845493 -0.0564664 0.242613
v 0.834343 -0.0578501 0.252955
v 0.83731 -0.0535948 0.271179
v 0.0277602 -0.0997291 0.472825
v -0.410367 0.311748 0.158398
v -0.398863 0.320258 0.167273
v -0.401986 0.326968 0.151903
v -0.401259 0.363905 0.0961961
v -0.416194 0.330264 0.121107
v -0.40435 0.344869 0.121269
v -0.404116 0.335706 0.135178
v -0.390215 0.354091 0.132021
v -0.385883 0.375086 0.105036
v 0.000729007 -0.110254 -0.412955
v -0.470144 0.312365 0.0347761
v -0.469154 0.293903 0.0646507
v -0.449571 0.318325 0.0720228
v -0.0481578 -0.121727 -0.412699
v -0.456994 0.328414 0.0394143
v -0.456497 0.275708 0.115906
v -0.44304 0.295125 0.11819
v -0.453318 0.291696 0.10179
v -0.450607 0.305881 0.0880201
v -0.462293 0.29115 0.0835254
v -0.0206912 -0.0822862 -0.413253
v -0.514217 0.295785 -0.0807625
v -0.504537 0.309052 -0.0706703
v -0.505982 0.311968 -0.0885203
v -0.496573 0.328448 -0.0950868
v -0.506951 0.314313 -0.105903
v -0.515901 0.301023 -0.116677
v -0.504064 0.303324 -0.0525426
v -0.495038 0.320798 -0.0601835
v -0.0494953 -0.0381021 0.410926
v -0.486611 0.336064 -0.0680708
v -0.452441 0.391001 -0.116051
v -0.464237 0.376872 -0.120188
v -0.470814 0.366934 -0.10623
v -0.479712 0.35416 -0.10274
v -0.461377 0.378286 -0.101117
v -0.457711 0.378755 -0.0825841
v -0.467944 0.372459 -0.138711
v -0.471079 0.367002 -0.157511
v -0.479316 0.356963 -0.145513
v -0.486009 0.34813 -0.134942
v -0.841495 0.0549382 0.189111
v 0.275635 0.487855 -0.254525
v 0.290356 0.486578 -0.245208
v 0.285582 0.476875 -0.260728
v -0.459569 0.381951 -0.153311
v -0.462454 0.376161 -0.168605
v 0.613499 -0.0636527 -0.194557
v -0.447916 0.395659 -0.152799
v -0.382981 0.454637 -0.0867476
v -0.381329 0.459592 -0.108907
v -0.379844 0.462213 -0.130199
v -0.392609 0.451443 -0.124017
v -0.404027 0.441538 -0.137471
v -0.405599 0.439523 -0.118303
v -0.417948 0.427055 -0.110536
v -0.406379 0.437006 -0.101956
v -0.399642 0.44039 -0.087174
v -0.401805 0.442513 -0.156932
v -0.415476 0.430432 -0.148764
v -0.0169783 -0.100427 -0.413058
v -0.386666 0.454171 -0.166839
v 0.41442 0.389488 -0.240965
v 0.398171 0.399028 -0.248754
v 0.405574 0.40494 -0.232934
v 0.395868 0.420099 -0.224659
v 0.41085 0.411048 -0.216
v -0.353984 0.379692 0.15052
v 0.425001 0.401726 -0.206703
v 0.389171 0.393598 -0.263141
v 0.380954 0.410057 -0.254326
v 0.396738 0.375187 -0.272718
v 0.347144 0.450966 -0.240696
v 0.331674 0.455041 -0.25015
v 0.360738 0.436557 -0.244841
v -0.0456515 0.376279 0.328722
v -0.593761 -0.00481457 -0.107425
v -0.362152 0.360403 0.169089
v -0.376397 0.350712 0.160936
v -0.390765 0.342566 0.14875
v -0.361793 0.345472 0.192699
v 0.235968 -0.0547713 -0.410102
v -0.307487 0.413722 0.159189
v -0.293057 0.418715 0.169398
v -0.295393 0.434483 0.135757
v -0.31248 0.427885 0.125037
v -0.326156 0.414578 0.130828
v -0.342259 0.408203 0.118026
v -0.00768329 -0.0696314 -0.413351
v -0.325798 0.404899 0.149269
v -0.317182 0.400951 0.168697
v -0.348202 0.420755 0.0839793
v -0.346301 0.413895 0.10062
v -0.331951 0.427872 0.0957023
v -0.31567 0.434414 0.107221
v -0.319206 0.449759 0.0689025
v -0.335255 0.44015 0.0642687
v -0.347385 0.4363 0.0518367
v -0.348483 0.428358 0.0675325
v -0.362546 0.423593 0.0524204
v -0.351004 0.4836 -0.142037
v -0.362393 0.474683 -0.155229
v -0.365986 0.472905 -0.136192
v -0.282584 -0.486937 0.0340947
v -0.337405 0.492449 -0.152351
v -0.343422 0.469346 -0.0260708
v -0.349268 0.459007 -0.0083344
v -0.00300252 -0.0888927 -0.413196
v -0.325954 0.479055 -0.0182874
v 0.146646 0.514718 0.105127
v -0.320784 0.49098 -0.0472363
v -0.0118376 -0.0511028 -0.413469
v -0.347859 0.472701 -0.0481749
v -0.359011 0.46168 -0.0393724
v -0.302335 0.513396 -0.10383
v -0.322983 0.493917 -0.0648824
v -0.307032 0.505118 -0.0697815
v -0.290199 0.515784 -0.0741209
v -0.292886 0.509963 -0.0548534
v -0.287725 0.520032 -0.0916294
v -0.286339 0.522926 -0.109255
v -0.287496 0.465592 0.0802989
v -0.303734 0.45449 0.0822069
v -0.300641 -0.486327 0.00778081
v -0.302735 0.446765 0.100457
v -0.0427518 -0.0179769 -0.413491
v -0.286061 0.452972 0.110099
v -0.268345 0.461184 0.115282
v -0.277226 0.464175 0.0973746
v -0.270096 0.474867 0.0823835
v -0.286429 -0.497176 0.000463433
v -0.287027 0.508274 -0.0352532
v -0.304036 0.499755 -0.0405598
v -0.0603443 -0.0497727 -0.413369
v -0.309167 0.487833 -0.0116433
v -0.0454679 -0.038053 -0.413452
v -0.291542 0.496424 -0.00531453
v 0.800188 0.00650437 0.0223836
v 0.793988 0.0133739 0.00346246
v 0.797104 0.0251711 0.0179583
v 0.808288 0.0187638 0.0542528
v 0.812529 0.00485075 0.0656767
v 0.806476 0.000155042 0.0438151
v 0.783749 0.0392224 -0.0165968
v 0.790758 0.0322271 0.00052699
v 0.780359 0.0276568 -0.0311549
v 0.798891 0.0379389 0.0318796
v 0.793305 0.0563883 0.030861
v 0.806775 0.0376436 0.0612859
v 0.800733 0.0579824 0.0659887
v 0.810055 0.0416928 0.0793647
v 0.817349 0.0279709 0.0922896
v 0.738469 0.109914 -0.0306505
v 0.792406 0.0666525 0.0473554
v 0.757336 0.0984117 -0.00354346
v 0.723 0.0886662 -0.0987198
v 0.719188 0.10176 -0.0885533
v 0.732515 0.0880196 -0.0850546
v 0.742572 0.0872988 -0.0691825
v -0.078999 -0.0244554 -0.413282
v 0.764402 0.0933491 0.0131793
v 0.771663 0.0879752 0.0296811
v 0.764756 0.0954086 0.0452566
v 0.780179 0.0823056 0.0461548
v 0.08168 0.0317482 0.381047
v 0.0677792 0.0271259 0.388614
v -0.301593 -0.492278 -0.0113679
v 0.0963903 0.0633291 0.372166
v -0.315581 -0.487573 -0.0240801
v -0.329159 -0.482756 -0.0372903
v 0.749553 0.105112 0.0132306
v -0.259037 -0.328497 -0.391514
v -0.238154 -0.356422 -0.385719
v -0.221654 -0.366745 -0.385579
v -0.111157 -0.0319059 -0.412955
v -0.0615448 -0.0305953 -0.413398
v -0.308463 -0.297853 -0.388119
v 0.78349 0.0673183 0.192777
v -0.0934812 -0.0369701 -0.41312
v -0.0334898 0.360132 0.332323
v 0.779122 0.0627933 0.206544
v 0.764468 0.0609973 0.196124
v 0.795326 0.0577921 0.238318
v 0.780771 0.0478978 0.241019
v 0.124867 0.494301 0.166465
v 0.105396 0.499114 0.165282
v 0.113532 0.490254 0.181346
v 0.121561 0.480874 0.197796
v -0.329937 -0.476324 -0.0185001
v 0.144891 0.487835 0.169046
v 0.137443 0.496955 0.152908
v 0.142742 0.464591 0.219866
v -0.329128 -0.470379 0.000674268
v 0.128175 0.472324 0.212488
v 0.142288 0.456208 0.236905
v 0.193468 0.46111 0.189487
v 0.21108 0.449423 0.197309
v 0.211832 0.457654 0.179805
v 0.228574 0.45556 0.167647
v -0.053268 0.358502 0.332317
v 0.212146 0.465231 0.163509
v -0.326917 -0.464714 0.0199007
v 0.177422 0.471957 0.180177
v 0.190842 0.454007 0.206084
v 0.191166 0.482066 0.146354
v 0.209602 0.473844 0.147444
v 0.203953 0.483215 0.132211
v 0.216167 0.484055 0.118464
v 0.196278 0.49283 0.117484
v -0.313666 -0.475442 0.0151709
v 0.275426 0.393509 0.233664
v 0.26992 0.405433 0.219441
v 0.259054 0.396853 0.246242
v 0.455179 0.025636 0.276254
v 0.243089 0.409442 0.24116
v 0.244136 0.418463 0.223999
v 0.203762 0.403306 0.284582
v 0.197304 0.392932 0.299625
v -0.100518 -0.0912069 -0.412664
v -0.297725 -0.480874 0.0269521
v 0.113063 0.0543212 0.369693
v 0.258573 0.41634 0.212563
v 0.272905 0.412254 0.203465
v 0.288301 0.405412 0.196754
v 0.276697 0.419052 0.186127
v 0.283254 0.423301 0.169741
v 0.263379 0.433017 0.175074
v 0.226723 0.464596 0.150544
v 0.157784 0.477516 0.183074
v 0.23982 0.464776 0.136235
v 0.252609 0.464938 0.121307
v 0.235136 0.474627 0.119815
v 0.182654 0.0563308 0.357547
v 0.183042 0.0751545 0.356539
v 0.166141 0.0669235 0.359472
v 0.148209 0.0743058 0.361654
v 0.151645 0.0551227 0.362373
v 0.242527 0.358709 0.306572
v 0.207278 0.37799 0.30808
v 0.294156 -0.481441 -0.248501
v 0.154447 0.380123 0.319864
v 0.170565 0.384794 0.314602
v 0.157705 0.395189 0.31135
v 0.154323 0.362937 0.32547
v 0.155271 0.344692 0.329594
v 0.168678 0.353834 0.326357
v 0.35961 -0.183898 0.32141
v 0.366588 -0.168279 0.321654
v 0.380138 -0.159503 0.318308
v 0.364879 -0.151122 0.324516
v 0.370963 -0.198032 0.314484
v -0.0572556 -0.0684471 -0.413305
v 0.424809 -0.130065 0.293035
v 0.410019 -0.139746 0.304862
v 0.422195 -0.113275 0.300775
v 0.426964 -0.098499 0.299119
v 0.412017 -0.102072 0.310952
v -0.071504 -0.156519 0.360999
v -0.0809525 -0.173196 0.357902
v -0.0651398 -0.172229 0.359105
v -0.0580015 -0.139141 0.364739
v -0.0797387 -0.140294 0.362681
v -0.13582 -0.204647 0.349866
v -0.156835 -0.203477 0.348213
v -0.145207 -0.219893 0.347349
v -0.154738 -0.235052 0.344832
v -0.133407 -0.236228 0.346347
v -0.115612 -0.205765 0.351309
v -0.126913 -0.188244 0.352498
v -0.0966238 -0.294299 0.341275
v -0.113091 -0.268853 0.343702
v -0.122074 -0.252426 0.345181
v -0.133753 -0.266803 0.342641
v -0.129267 -0.297945 0.338868
v -0.335595 -0.268261 -0.387951
v -0.109397 -0.305787 0.339006
v 0.519174 0.290622 -0.143218
v 0.404317 0.0374957 0.320956
v 0.388883 0.0246246 0.326402
v 0.406333 0.0182751 0.320648
v 0.397272 -0.0141794 0.324211
v 0.41462 -0.0211298 0.31709
v 0.378718 -0.00769849 0.32906
v 0.383764 -0.0283167 0.327527
v 0.417097 -0.040925 0.314869
v 0.428645 -0.0688075 0.303947
v 0.440597 -0.0355724 0.296191
v 0.445985 -0.0481037 0.287065
v -0.0716215 -0.04118 0.386015
v -0.0770406 -0.0244375 0.386606
v -0.0447938 -0.0622451 0.386759
v -0.061592 -0.0724836 0.378044
v 0.440437 -0.0654501 0.291639
v 0.451945 -0.061623 0.275695
v -0.10525 -0.00441575 0.375145
v -0.109594 -0.0263674 0.372864
v -0.0841892 -0.00625016 0.383147
v 0.389503 0.045311 0.325687
v 0.373624 0.0123832 0.330192
v 0.299562 0.000781215 0.342254
v 0.276797 0.0189346 0.345283
v 0.279927 -0.000695647 0.345009
v 0.310364 -0.0140687 0.340719
v 0.529038 0.271395 -0.144135
v 0.320522 0.00340676 0.33917
v -0.10484 -0.540247 0.0673735
v 0.320935 -0.0454779 0.33874
v 0.336161 -0.0336993 0.336523
v 0.320998 -0.0278474 0.33904
v 0.305324 -0.0325912 0.341326
v 0.288345 -0.0194858 0.34382
v 0.290588 -0.0387247 0.343337
v 0.284395 -0.0551353 0.343832
v 0.302919 -0.0518647 0.341306
v 0.1835 0.447986 -0.331994
v 0.16688 0.45623 -0.330515
v 0.512744 0.299667 -0.163625
v 0.181236 0.464883 -0.319341
v 0.146542 0.48083 -0.31587
v 0.15041 0.463908 -0.328846
v 0.133354 0.470506 -0.327583
v 0.119267 0.461274 -0.338862
v 0.114429 0.476195 -0.326965
v -0.157489 0.420605 -0.368591
v 0.137276 0.515232 -0.286234
v 0.122425 0.525829 -0.27892
v 0.149587 0.520571 -0.276893
v 0.13844 0.498217 -0.302557
v 0.121319 0.511848 -0.293823
v 0.180718 0.494744 -0.29356
v 0.167672 0.503083 -0.289683
v 0.197766 0.486633 -0.295326
v 0.214106 0.49309 -0.282607
v -0.0729524 -0.54043 0.0795099
v -0.190605 -0.0824432 0.355532
v -0.169847 -0.0837608 0.358259
v 0.742982 0.0349859 0.191066
v 0.180373 0.509181 -0.278952
v 0.163875 0.516373 -0.27679
v 0.0658385 0.545883 -0.267017
v 0.0443274 0.549497 -0.264976
v 0.0547655 0.55595 -0.255165
v 0.085329 0.550903 -0.256844
v 0.0699633 0.558099 -0.249454
v 0.0874884 0.561312 -0.240696
v 0.235986 -0.355964 -0.385971
v -0.140233 0.428532 -0.366976
v -0.245663 -0.170026 0.342485
v -0.265308 -0.172518 0.339989
v -0.220217 -0.147582 0.347189
v -0.226179 -0.16775 0.344848
v -0.206525 -0.166487 0.347097
v -0.186597 -0.163145 0.34954
v -0.173785 -0.172949 0.349884
v -0.178857 -0.145508 0.352041
v -0.191661 -0.132199 0.351766
v -0.0214214 0.540816 -0.277529
v -0.105773 -0.546709 0.0491029
v -0.00739261 0.551746 -0.264235
v -0.00201508 0.53897 -0.280154
v -0.0367951 0.546704 -0.269443
v -0.0444926 0.555673 -0.25649
v 0.0373849 0.571115 -0.232837
v 0.0557188 0.574463 -0.22366
v 0.0545751 0.565442 -0.240482
v 0.0203191 0.566513 -0.242095
v 0.328142 0.323452 -0.354792
v 0.335725 0.332478 -0.343265
v 0.341453 0.31554 -0.350624
v 0.356628 0.308941 -0.343394
v 0.347195 0.298392 -0.358045
v 0.31044 0.353719 -0.343999
v 0.320698 0.364738 -0.331372
v 0.365081 0.360835 -0.307288
v 0.379202 0.360617 -0.297509
v 0.375524 0.345516 -0.309871
v 0.390782 0.330954 -0.30802
v 0.376903 0.329897 -0.318225
v 0.356395 0.352445 -0.31814
v 0.399427 0.300891 -0.318375
v 0.729713 0.0145603 0.171132
v 0.39608 0.2832 -0.32926
v 0.38519 0.271187 -0.343386
v 0.372494 0.303783 -0.335178
v 0.494272 -0.177254 0.128043
v 0.485511 -0.193033 0.134212
v 0.492336 -0.208051 0.105733
v 0.502059 -0.147808 0.13203
v 0.5026 -0.160805 0.121875
v 0.502981 -0.175419 0.110086
v 0.492878 -0.10684 0.175623
v 0.491737 -0.0910674 0.185017
v 0.484888 -0.120892 0.185756
v 0.4926 -0.123495 0.167551
v 0.501114 -0.108993 0.156181
v 0.48352 -0.137856 0.178879
v 0.477693 -0.133532 0.194023
v 0.475392 -0.146682 0.190746
v 0.273356 0.355898 0.289337
v 0.464696 -0.0724989 0.248961
v 0.427864 -0.221381 0.228917
v 0.423695 -0.238578 0.218793
v 0.435541 -0.221969 0.212842
v 0.27251 0.343797 0.300664
v 0.445382 -0.171501 0.237065
v 0.43698 -0.182807 0.245521
v 0.430735 -0.177488 0.260907
v 0.426694 -0.197561 0.253232
v 0.450196 -0.188943 0.212908
v 0.430538 -0.158951 0.272376
v 0.476112 -0.121462 0.204085
v 0.474856 -0.106724 0.214204
v 0.467031 -0.123871 0.221826
v 0.459515 -0.140581 0.227954
v 0.440793 -0.143234 0.263318
v 0.613181 0.135928 -0.124795
v 0.656917 0.113892 -0.136217
v 0.629679 0.0688836 0.0205109
v -0.349617 0.373745 0.167248
v 0.631122 0.111743 -0.155013
v -0.317625 -0.492956 -0.2082
v -0.37492 -0.27946 -0.349213
v -0.36507 -0.270578 -0.364498
v 0.553105 0.188685 -0.203814
v 0.560211 0.184504 -0.185785
v 0.560444 0.170626 -0.199153
v 0.561998 0.193675 -0.123981
v 0.565479 0.183726 -0.143354
v 0.559251 0.203172 -0.138993
v -0.415364 -0.276074 -0.322063
v -0.42613 -0.258271 -0.322433
v -0.440144 -0.25893 -0.311619
v -0.45223 -0.243685 -0.308646
v -0.465596 -0.232407 -0.302303
v -0.455314 -0.222706 -0.314647
v -0.4438 -0.215897 -0.325969
v -0.41432 -0.195283 -0.360003
v -0.415121 -0.211576 -0.350904
v -0.427669 -0.196036 -0.346065
v -0.331646 -0.487718 -0.198863
v -0.797227 -0.0468472 0.0266437
v -0.78558 -0.0388677 0.0141708
v -0.78998 -0.0311567 0.0326548
v 0.407528 0.257555 0.227745
v 0.306249 -0.509752 -0.106497
v 0.413625 0.263084 0.210439
v 0.427281 0.288594 0.153422
v 0.415605 0.302228 0.157657
v 0.419848 0.288579 0.167752
v 0.409561 0.297262 0.175478
v 0.41683 0.280024 0.184102
v 0.419237 0.266905 0.195604
v 0.429094 0.262788 0.181836
v 0.438366 0.273072 0.151413
v 0.435816 0.28774 0.137726
v 0.394333 0.346986 0.130981
v 0.407513 0.332016 0.129992
v 0.404402 0.345108 0.115464
v 0.41367 0.344064 0.0993126
v 0.400479 0.358306 0.101202
v 0.378407 0.325376 0.19136
v 0.390794 0.319187 0.179051
v 0.3798 0.335991 0.173487
v 0.394969 0.326646 0.161027
v 0.385998 0.339611 0.157452
v 0.383286 0.349842 0.146113
v 0.372974 0.351398 0.161512
v 0.36905 0.339314 0.186634
v 0.71679 0.0635769 0.103282
v 0.847524 0.0324343 0.18453
v 0.839325 0.0312389 0.164747
v 0.818803 0.0545582 0.138828
v 0.807537 0.0672125 0.140243
v 0.502596 0.319137 -0.124578
v 0.499274 0.325057 -0.138785
v 0.493328 0.333594 -0.123198
v -0.123971 0.433026 -0.367052
v 0.476292 0.340231 -0.0495757
v 0.485414 0.324213 -0.0436417
v 0.486874 0.329176 -0.0621473
v 0.498247 0.320126 -0.0898898
v 0.486839 0.335729 -0.082528
v 0.490433 0.33541 -0.103717
v 0.503633 0.278563 -0.0125694
v 0.508227 0.263306 -0.00203511
v 0.513363 0.265812 -0.0224682
v -0.322235 -0.496609 -0.189906
v 0.705979 -0.107659 0.0315102
v 0.724155 -0.110146 0.0316432
v 0.499231 0.292925 -0.0243855
v 0.493195 0.292559 -0.00475227
v 0.524559 0.265409 -0.0663806
v 0.45066 0.200166 -0.32391
v 0.525486 0.2713 -0.0877977
v 0.795468 0.0746671 0.111733
v 0.459636 0.377404 -0.10525
v 0.47046 0.36274 -0.0985597
v 0.472153 0.362722 -0.115027
v 0.474185 0.361128 -0.134461
v 0.401291 0.430391 -0.0615885
v 0.406709 0.420327 -0.0446654
v 0.42137 0.406561 -0.0472507
v -0.433463 -0.360553 0.0342343
v 0.43603 0.391774 -0.0504551
v 0.429484 0.403162 -0.0645259
v 0.423489 0.413205 -0.0799133
v 0.442044 0.379901 -0.0367825
v 0.434017 0.382659 -0.0201107
v 0.419953 0.396792 -0.0165667
v 0.42627 0.384202 -0.00295898
v 0.418613 0.384482 0.0150612
v 0.432058 0.371475 0.01022
v 0.390345 0.413049 0.0158355
v 0.401069 0.407479 0.00487349
v -0.420667 -0.368732 0.047363
v 0.405924 0.409472 -0.012067
v 0.396552 0.423283 -0.0251514
v 0.381198 0.431959 -0.0108672
v 0.0406657 0.521611 -0.296791
v 0.0294299 0.480466 -0.334467
v 0.36502 0.37463 0.136892
v 0.379935 0.361356 0.13342
v 0.37652 0.372787 0.120279
v 0.386595 0.37186 0.103768
v 0.37222 0.384753 0.106909
v -0.804668 -0.0160021 0.0978873
v 0.0401932 -0.0842543 0.378626
v 0.0573642 -0.0614765 0.383216
v 0.048566 0.508256 -0.308913
v 0.0132897 -0.0757226 0.387683
v 0.0678413 -0.0497814 0.383078
v -0.807277 -0.0278233 0.125124
v -0.808014 -0.0287989 0.104571
v 0.0949282 -0.0203415 0.376926
v 0.098789 -0.0409752 0.373578
v 0.0742414 0.0118835 0.386902
v 0.0828787 -0.0044076 0.38298
v 0.0909822 0.0127034 0.378967
v 0.024532 -0.561729 -0.248856
v 0.00464855 -0.565063 -0.244829
v 0.0100638 -0.554854 -0.259892
v 0.0453411 -0.5461 -0.268383
v 0.13771 0.522964 0.0907948
v -0.229305 0.118559 -0.409707
v 0.0197521 -0.529969 -0.289408
v 0.0847699 -0.554883 -0.249556
v 0.0945776 -0.541814 -0.265813
v 0.104453 -0.551517 -0.25015
v 0.0739426 -0.566306 -0.233813
v -0.43929 -0.368059 0.00503668
v -0.56559 -0.139541 -0.0322725
v 0.177825 0.00601201 0.359483
v 0.167535 0.0211009 0.360958
v 0.157431 0.00432853 0.362869
v 0.177569 0.0380008 0.358945
v 0.158001 0.0365353 0.362088
v 0.0103544 -0.507705 -0.311302
v 0.00138926 -0.521671 -0.298253
v -0.00999103 -0.508754 -0.310347
v 0.0167711 -0.493905 -0.323301
v 0.0309127 -0.504199 -0.313886
v -0.0143221 -0.482273 -0.332946
v -0.0206749 -0.49554 -0.321491
v 0.194069 -0.0649897 0.35578
v 0.176689 -0.0634181 0.358277
v 0.156756 -0.061311 0.361324
v 0.140882 -0.0773768 0.362592
v 0.233739 -0.0986793 0.348721
v 0.239805 -0.0787927 0.348958
v 0.220777 -0.0852013 0.351133
v 0.206486 -0.0743367 0.353599
v 0.200484 -0.0928592 0.353292
v 0.226389 -0.11783 0.348441
v 0.252004 -0.0947013 0.346605
v 0.245663 -0.0329101 0.349546
v 0.264728 -0.0196399 0.347065
v 0.245593 -0.0123449 0.349753
v 0.24419 0.00747213 0.349907
v 0.225657 -0.00397772 0.35255
v 0.206803 -0.00374957 0.35522
v 0.210101 -0.0193257 0.354701
v 0.495891 0.311851 -0.0540115
v 0.245749 -0.492662 -0.267865
v 0.247469 -0.50397 -0.252847
v 0.227701 -0.505694 -0.262311
v 0.206191 -0.512919 -0.264273
v 0.210746 -0.500447 -0.276678
v 0.230812 -0.478196 -0.289992
v -0.432653 -0.368246 0.0212707
v -0.260305 -0.397329 0.246522
v 0.186408 -0.521804 -0.262113
v 0.174001 -0.535802 -0.248547
v 0.165897 -0.526969 -0.263916
v 0.148651 -0.531442 -0.26469
v 0.153029 -0.520431 -0.276445
v 0.18106 -0.46749 -0.317478
v 0.162762 -0.463509 -0.326125
v 0.195763 -0.475887 -0.305693
v 0.161774 -0.478478 -0.314185
v 0.23536 0.0543301 0.350184
v 0.215785 0.0491536 0.353065
v 0.196811 0.0434464 0.35594
v 0.211536 0.0304179 0.354174
v 0.227579 0.0174191 0.352124
v 0.129585 0.529899 0.0785375
v 0.25165 0.0607827 0.347758
v 0.127063 -0.463259 -0.334953
v 0.355995 0.192558 -0.39586
v 0.0595076 0.588922 -0.0977727
v 0.187906 0.430907 -0.344013
v 0.556444 0.0544718 0.0382898
v 0.203228 0.424226 -0.343846
v 0.229663 0.414359 -0.34127
v 0.255584 0.394632 -0.34434
v 0.249017 0.384111 -0.357282
v -0.0871911 0.224395 -0.410103
v 0.0195509 0.456452 -0.359454
v 0.0140124 0.470229 -0.344674
v 0.0377066 0.455262 -0.360278
v 0.00798862 0.484708 -0.331392
v 0.258845 0.25959 0.331401
v 0.355342 0.280875 -0.364264
v 0.319417 0.337862 -0.349843
v 0.31462 0.325682 -0.36276
v 0.26229 0.407345 -0.332395
v 0.217726 0.426349 -0.336945
v 0.235106 0.42621 -0.330365
v 0.215214 0.399255 -0.362123
v -0.496407 0.32178 -0.188889
v -0.486682 0.33754 -0.186883
v -0.499784 0.308202 -0.205868
v 0.509286 -0.191007 0.0824364
v 0.502094 -0.190646 0.0994762
v 0.499988 -0.207113 0.0893326
v 0.531265 -0.173084 0.0415472
v 0.534145 -0.155026 0.048317
v 0.541089 -0.141322 0.0386311
v 0.469883 -0.255728 0.105146
v 0.459019 -0.273059 0.10795
v 0.480756 -0.2396 0.0993873
v 0.129981 0.535909 0.0625023
v 0.48119 -0.25893 0.0761498
v 0.482887 -0.267954 0.06071
v 0.48345 -0.277847 0.0459368
v 0.493433 -0.260701 0.0443636
v -0.31703 -0.24212 0.324779
v -0.300387 -0.243376 0.328087
v -0.304556 -0.227669 0.329396
v -0.294909 -0.211734 0.332681
v -0.273969 -0.265434 0.329188
v -0.26996 -0.245985 0.332268
v -0.288226 -0.252714 0.328819
v -0.278171 -0.28402 0.325337
v -0.233401 -0.237203 0.337379
v -0.213955 -0.234769 0.339591
v 0.69877 0.0521425 -0.14677
v -0.238951 -0.20374 0.340221
v -0.232147 -0.185651 0.34263
v 0.712783 0.0232124 -0.140105
v -0.252055 -0.241281 0.334909
v -0.239127 -0.256133 0.334632
v 0.508582 -0.293613 -0.0622591
v 0.583765 -0.0163868 -0.220647
v 0.536211 0.183696 0.0162655
v 0.535229 -0.250412 -0.0856631
v 0.525614 -0.254543 -0.0480607
v -0.5826 -0.126635 -0.153874
v 0.52976 -0.271131 -0.123489
v -0.141484 -0.545257 -0.249871
v 0.554677 -0.200495 -0.0799399
v 0.554886 -0.192137 -0.0653848
v 0.544205 -0.210839 -0.0471284
v 0.550831 -0.194172 -0.0500936
v 0.545435 -0.197362 -0.0322886
v 0.55815 0.0740436 0.0308016
v -0.171583 -0.302509 0.335109
v -0.15861 -0.316662 0.334177
v -0.151594 -0.299811 0.337093
v -0.143622 -0.282996 0.339907
v -0.154106 -0.267537 0.341078
v -0.16421 -0.251246 0.342196
v -0.173344 -0.268757 0.339374
v -0.18228 -0.286964 0.336287
v 0.5578 -0.176191 -0.0553911
v 0.557357 -0.164029 -0.0382298
v 0.544224 -0.162197 0.0119965
v 0.551564 -0.149787 -0.00237638
v 0.547306 -0.142582 0.0181073
v -0.1416 -0.361659 0.327526
v -0.172828 -0.370987 0.320721
v -0.121807 -0.363968 0.328519
v -0.131723 -0.378508 0.32391
v -0.142567 -0.391032 0.317643
v -0.121512 -0.39499 0.318901
v 0.169277 0.404404 -0.378526
v 0.152469 0.406623 -0.380791
v -0.383927 0.230418 -0.371801
v -0.379343 0.218962 -0.381852
v 0.317122 0.271429 -0.392008
v 0.301115 0.285259 -0.393035
v 0.288473 0.301832 -0.391995
v 0.352997 0.212023 -0.393804
v 0.365221 0.227027 -0.385308
v 0.383253 0.213406 -0.378772
v -0.368801 -0.326409 -0.326966
v -0.396315 -0.343588 -0.298168
v -0.399685 -0.325416 -0.30699
v -0.381953 -0.335424 -0.313399
v -0.385566 -0.361481 -0.294243
v -0.443025 -0.277306 -0.30036
v -0.450957 -0.26172 -0.301525
v -0.142318 0.175106 -0.410747
v 0.862637 -0.0414455 0.222993
v 0.554494 0.0905427 0.030556
v 0.132121 -0.097383 0.36189
v 0.404268 0.158621 -0.380424
v 0.396195 0.140199 -0.388909
v -0.483291 -0.254438 -0.274872
v -0.501983 -0.249743 -0.255348
v -0.494204 -0.240963 -0.270228
v 0.565836 0.0571278 0.0214666
v -0.485446 -0.236045 -0.282318
v 0.414485 0.190335 -0.358277
v 0.398849 0.197997 -0.371055
v 0.421438 0.199948 -0.34712
v 0.435207 0.200379 -0.335665
v 0.439524 0.169553 -0.342991
v 0.423733 0.172475 -0.357028
v 0.830885 -0.012478 0.128862
v 0.412227 0.181948 0.285164
v -0.508565 -0.259204 -0.239798
v -0.489691 -0.286702 -0.24534
v -0.504072 -0.27942 -0.230011
v -0.519704 -0.246405 -0.232804
v -0.525156 -0.25116 -0.218397
v -0.110712 -0.546777 -0.257606
v 0.456344 0.167258 -0.329985
v 0.472652 0.164164 -0.317928
v 0.464532 0.149576 -0.328266
v 0.455295 0.135541 -0.339008
v 0.833196 0.0265726 0.145245
v 0.858399 -0.00218495 0.192235
v 0.851715 0.00392529 0.179127
v 0.856005 0.0165914 0.189925
v -0.249969 0.508348 0.024064
v -0.60279 0.0577917 0.230791
v -0.612761 0.0467517 0.242426
v -0.115555 -0.534475 -0.271886
v -0.808923 0.0358412 0.224084
v -0.795146 0.048583 0.221228
v 0.0941717 0.390482 -0.396105
v -0.132706 -0.527278 -0.275635
v 0.113405 0.401247 -0.390542
v 0.111499 0.384496 -0.396343
v -0.0281274 0.403953 -0.395474
v -0.0152411 0.418 -0.391295
v -0.00331561 0.431766 -0.383887
v 0.00470063 0.415235 -0.392676
v 0.0252696 0.413716 -0.392388
v -0.150604 -0.519809 -0.278368
v -0.779156 0.0573538 0.215114
v -0.147135 -0.532734 -0.264803
v 0.174258 0.33786 -0.400133
v -0.233926 0.513968 0.0288582
v 0.191387 0.328909 -0.400074
v 0.180716 0.316498 -0.402046
v 0.75941 0.00521243 -0.0796807
v 0.269378 0.329075 0.312125
v 0.28065 0.311529 0.315451
v 0.731394 -0.00483592 -0.121552
v 0.266496 0.298597 0.323481
v 0.283321 0.290577 0.321449
v 0.294509 0.300656 0.314732
v 0.30109 0.32814 0.293343
v 0.297865 0.31461 0.305979
v 0.313534 0.31264 0.295577
v 0.324697 0.296774 0.298593
v 0.379926 0.238625 0.288356
v 0.373337 0.253133 0.284791
v 0.359148 0.257106 0.297336
v 0.333734 0.283237 0.301692
v 0.340431 0.291497 0.289174
v -0.537312 -0.188934 0.0158995
v -0.536273 -0.174051 0.0335384
v -0.543267 -0.171294 0.0154112
v -0.510907 -0.170956 0.101294
v 0.722527 -0.0308358 0.14749
v -0.51582 -0.17873 0.0831833
v 0.264239 0.315204 0.319735
v 0.252597 0.327675 0.318672
v 0.23952 0.342499 0.316823
v 0.119977 -0.537585 0.0646336
v -0.146386 0.194428 -0.4101
v 0.216432 0.289476 0.332587
v -0.204746 0.522343 0.0383875
v 0.730579 -0.0467352 0.153523
v 0.226441 0.252693 0.336253
v 0.233079 0.234592 0.337593
v 0.246373 0.246381 0.334694
v -0.437052 -0.247337 0.189727
v -0.434103 -0.237507 0.205735
v -0.445298 -0.229305 0.192253
v -0.454609 -0.223136 0.179713
v -0.463767 -0.211263 0.172139
v -0.459432 -0.228078 0.164783
v -0.46349 -0.235458 0.148698
v -0.452171 -0.246066 0.160805
v -0.429807 -0.21509 0.235248
v -0.438561 -0.211956 0.221669
v -0.431014 -0.227431 0.22157
v -0.419547 -0.218936 0.250672
v -0.430047 -0.20088 0.247552
v -0.474171 -0.196749 0.163049
v -0.475727 -0.180596 0.172615
v -0.468149 -0.181154 0.188189
v -0.474722 -0.166037 0.185293
v 0.411337 0.0861226 -0.388047
v -0.484865 -0.180414 0.153039
v -0.489696 -0.190271 0.134526
v -0.552349 -0.216672 -0.0847407
v -0.552335 -0.208455 -0.0665239
v -0.558347 -0.199686 -0.0834616
v -0.562469 -0.194518 -0.101758
v 0.130467 -0.541624 0.0468074
v -0.545222 -0.21833 -0.0503405
v -0.537746 -0.226964 -0.0341806
v 0.121873 0.563364 -0.0157605
v 0.107553 0.568708 -0.0257924
v 0.104852 0.564842 -0.00900584
v 0.123757 -0.548747 0.0303281
v 0.10835 0.55546 0.0196155
v 0.629181 0.130657 -0.0401681
v 0.639824 0.123907 -0.0247551
v 0.649678 0.132353 -0.0430473
v 0.616476 0.121934 -0.0274183
v 0.595349 0.119844 -0.0290258
v 0.602898 0.110006 -0.0165693
v 0.211014 0.521162 0.0320388
v 0.230131 0.512871 0.0323147
v 0.222794 0.521512 0.0172191
v 0.106024 -0.552089 0.0310718
v 0.236039 0.529499 -0.0263384
v 0.242989 0.521138 -0.00954522
v 0.254095 0.519601 -0.0218126
v 0.264148 0.51875 -0.0359093
v -0.298392 0.501363 -0.213411
v 0.180669 0.551819 -0.0304122
v 0.187221 0.553705 -0.0463947
v 0.161118 0.55657 -0.0263981
v 0.171138 0.549857 -0.012568
v 0.601763 0.142451 -0.111635
v 0.597764 0.144647 -0.0956962
v 0.0882835 -0.553872 0.0344575
v 0.573153 0.163383 -0.117099
v 0.567406 0.177277 -0.125704
v 0.547498 0.222751 -0.0850453
v 0.554521 0.205688 -0.0894715
v 0.560002 0.19098 -0.0947852
v 0.557832 0.202173 -0.106914
v -0.22574 0.532494 -0.0168577
v -0.541359 -0.246183 -0.0929764
v -0.54029 -0.242522 -0.0752302
v -0.546704 -0.232659 -0.0897365
v -0.55249 -0.223027 -0.104941
v -0.512417 -0.302002 -0.0904167
v -0.50213 -0.316049 -0.0800955
v -0.492312 -0.326611 -0.0665351
v -0.502173 -0.310035 -0.062414
v -0.504296 -0.299982 -0.046834
v -0.512736 -0.291867 -0.0616497
v -0.522973 -0.272677 -0.0620843
v -0.518714 -0.287299 -0.0789908
v -0.521648 -0.287212 -0.0990446
v -0.504892 -0.282448 -0.0137983
v -0.514511 -0.272058 -0.0271307
v -0.505687 -0.290092 -0.0308869
v -0.493823 -0.294446 -0.00130924
v -0.503044 -0.275906 0.00276138
v 0.749714 0.0340202 -0.0911578
v 0.749057 0.0515496 -0.0858423
v 0.758855 0.0408935 -0.0733348
v 0.728242 0.043598 -0.119128
v 0.729585 0.0603401 -0.110446
v -0.179711 0.539852 0.0133983
v 0.702759 0.0913245 -0.120205
v 0.718096 0.0785599 -0.11327
v 0.707616 0.0755252 -0.127503
v -0.4648 -0.349087 -0.22219
v -0.46337 -0.361063 -0.207149
v -0.475792 -0.343423 -0.208529
v -0.485689 -0.338445 -0.191132
v -0.486799 -0.326597 -0.209715
v -0.496648 -0.30983 -0.211361
v -0.487363 -0.342633 -0.172665
v -0.495959 -0.328825 -0.175698
v -0.525566 -0.261336 -0.205857
v -0.533747 -0.244271 -0.206153
v -0.515758 -0.277458 -0.209893
v 0.638706 0.0634499 -0.183245
v 0.655774 0.0666919 -0.172739
v 0.6482 0.104227 -0.152753
v 0.664594 0.0985769 -0.147016
v -0.564295 -0.195617 -0.148944
v -0.567454 -0.185667 -0.137465
v -0.569164 -0.178822 -0.154979
v -0.555665 -0.206894 -0.187002
v -0.561758 -0.189318 -0.185243
v 0.0973536 -0.547245 0.0497566
v 0.091688 -0.541159 0.0690232
v -0.721399 0.0568095 -0.122765
v 0.262686 0.503255 0.0151373
v 0.276979 0.500368 0.00123974
v 0.249011 0.513554 0.00510662
v 0.249882 0.50386 0.0314968
v 0.268627 0.494028 0.0319283
v -0.754444 0.0617295 -0.0784696
v -0.210952 0.512568 0.0583614
v -0.75528 0.0579894 -0.0947379
v 0.336969 0.472498 -0.0274195
v 0.354087 0.45931 -0.0259122
v 0.347073 0.470091 -0.0435946
v 0.321831 0.488863 -0.0487405
v 0.319489 0.484537 -0.0283648
v 0.324218 0.476071 -0.0119735
v 0.0848447 0.439025 0.290634
v 0.0907422 0.448001 0.275889
v 0.0676153 0.440322 0.292724
v 0.105655 -0.540886 0.0635844
v 0.10363 0.43646 0.288862
v 0.0961369 0.426421 0.30234
v 0.108026 0.466256 0.235043
v 0.110816 0.475222 0.215193
v 0.0929243 0.473659 0.226146
v 0.0779372 0.515543 0.137859
v 0.0665977 0.523981 0.121223
v 0.0609334 0.512901 0.149352
v 0.543707 0.0578285 0.0687705
v 0.0882392 0.502074 0.165659
v 0.0948207 0.507426 0.15055
v 0.100895 0.51364 0.133281
v 0.0498828 0.492245 0.19909
v 0.54772 0.119204 0.0325847
v 0.0514046 0.499999 0.181281
v 0.0547044 0.506995 0.164408
v 0.033839 0.490575 0.205602
v 0.0438623 0.484578 0.216937
v 0.326054 0.368255 0.20865
v 0.341377 0.360932 0.197461
v 0.331452 0.376505 0.187206
v 0.341838 0.377952 0.168895
v 0.326709 0.390023 0.171141
v 0.31832 0.404001 0.158333
v 0.318485 0.389323 0.18446
v 0.336672 0.339739 0.236305
v 0.344946 0.341144 0.221944
v 0.327438 0.338988 0.250413
v -0.608579 0.063244 -0.161165
v -0.611093 0.0654039 -0.177322
v -0.064466 -0.0914759 0.485235
v -0.0223212 -0.594409 -0.133843
v -0.0392976 -0.593784 -0.13914
v 0.595695 0.0340614 -0.209466
v 0.581049 0.0353628 -0.220287
v 0.586634 0.0542734 -0.211762
v 0.599878 0.0844574 -0.193037
v 0.584844 0.0742923 -0.207893
v 0.581825 0.0923432 -0.204359
v 0.619812 0.0740955 -0.187526
v 0.620623 0.0583012 -0.193656
v 0.605377 0.0485579 -0.202573
v 0.648767 -0.0137508 -0.188245
v 0.548448 0.101561 0.0401958
v 0.642577 0.00288331 -0.192178
v 0.613906 -0.0244101 -0.203538
v 0.536606 0.0633519 0.0855099
v 0.611398 -0.00448944 -0.205673
v -0.589038 0.0907481 -0.129335
v -0.591194 0.0723487 -0.132583
v -0.589825 0.0792043 -0.11405
v -0.0811983 -0.469048 -0.33839
v -0.0931617 -0.475787 -0.330764
v -0.127211 -0.460706 -0.337074
v -0.123388 -0.476704 -0.324545
v -0.141477 -0.469211 -0.326843
v -0.151461 -0.477822 -0.317325
v -0.162145 -0.46439 -0.325595
v -0.199319 0.426361 -0.344588
v -0.557455 0.213796 -0.119212
v -0.556099 0.218633 -0.137218
v -0.0559628 -0.592537 -0.128483
v -0.567767 0.185631 -0.134107
v -0.291442 -0.416765 -0.313278
v -0.549779 0.232375 -0.118297
v -0.541133 0.249934 -0.107004
v -0.543284 0.248132 -0.12721
v -0.541995 0.251185 -0.149072
v -0.537996 0.227259 -0.213716
v -0.545111 0.226047 -0.195188
v -0.535189 0.243992 -0.202212
v -0.52794 0.263104 -0.198115
v -0.553853 0.194124 -0.203929
v -0.560398 0.190627 -0.185765
v -0.553334 0.208529 -0.189726
v -0.317154 -0.339146 -0.352452
v -0.301775 -0.342892 -0.360337
v -0.312023 -0.352368 -0.345478
v -0.330049 -0.329121 -0.351497
v -0.578677 0.0568356 -0.223259
v -0.583355 0.0672241 -0.211264
v -0.57426 0.0751363 -0.223313
v -0.539511 0.212961 -0.222606
v -0.527944 0.239727 -0.223559
v -0.516897 0.251101 -0.233897
v -0.537089 0.140667 -0.261857
v -0.549419 0.137958 -0.245235
v -0.542425 0.155464 -0.249008
v -0.547438 0.168479 -0.234991
v -0.535435 0.173663 -0.251694
v -0.556106 0.120332 -0.241033
v -0.5605 0.133579 -0.227739
v 0.466808 0.253469 0.11549
v 0.476704 0.236684 0.112456
v 0.47633 0.249308 0.0990131
v 0.484739 0.246137 0.0831265
v 0.474256 0.263522 0.0863546
v 0.493025 0.209859 0.102908
v 0.498567 0.210849 0.0886855
v 0.504709 0.213015 0.0714341
v 0.494821 0.22884 0.0787715
v 0.522706 0.238587 -0.00984096
v 0.523016 0.250197 -0.029501
v 0.528081 0.251205 -0.0509888
v 0.514409 0.246043 0.00500627
v 0.0580004 0.581433 -0.206241
v 0.041974 0.58527 -0.198231
v 0.0605002 0.586576 -0.187822
v 0.550656 0.165708 -0.0138418
v 0.54338 0.174855 0.00230952
v 0.548123 0.156947 0.0031959
v 0.557023 0.158073 -0.0290797
v 0.564649 0.138544 -0.0277748
v 0.54558 0.212545 -0.054418
v 0.551542 0.191497 -0.0484646
v 0.552069 0.203103 -0.0696766
v -0.0193437 0.592697 -0.168478
v -0.0387491 0.592288 -0.165301
v -0.0265477 0.5941 -0.150988
v 0.0140727 0.591246 -0.177534
v -0.00130609 0.592077 -0.172875
v -0.0127897 0.589389 -0.187393
v 0.0285717 0.593855 -0.15165
v 0.0130057 0.594564 -0.141081
v 0.0317481 0.59392 -0.133863
v 0.0218494 0.592014 -0.102654
v -0.361497 -0.302386 0.255421
v 0.310954 -0.292712 -0.384797
v 0.313173 -0.310342 -0.374915
v 0.297901 -0.307348 -0.385117
v 0.34262 -0.271031 -0.3785
v 0.339135 -0.286238 -0.372379
v 0.325697 -0.280224 -0.383066
v -0.110023 0.0282642 0.48562
v 0.860178 -0.049465 0.239713
v 0.874587 -0.0364088 0.235454
v 0.872141 -0.0461895 0.252587
v 0.253043 -0.520626 -0.0223892
v 0.244755 -0.519165 -0.00522111
v 0.234276 -0.527917 -0.0178264
v -0.224217 0.501343 0.0732863
v 0.222984 -0.536283 -0.0303152
v 0.212208 -0.54409 -0.0441923
v 0.246666 -0.531994 -0.0537087
v 0.263694 -0.524649 -0.0572536
v 0.454124 0.0467932 0.274806
v 0.485276 0.0301834 0.215764
v 0.207363 -0.555552 -0.0929612
v 0.211284 -0.556117 -0.110477
v 0.222781 -0.547969 -0.0816883
v 0.235401 -0.540245 -0.0686941
v 0.218049 -0.546273 -0.0631725
v 0.229605 -0.538405 -0.0492463
v -0.374986 -0.291991 0.247638
v 0.200257 -0.551901 -0.0586097
v -0.135075 0.211721 -0.40978
v 0.185277 -0.559612 -0.071717
v 0.187292 -0.561705 -0.088298
v 0.191582 -0.562303 -0.104471
v 0.281247 -0.525414 -0.132646
v 0.266726 -0.532415 -0.122182
v 0.265051 -0.533453 -0.141537
v 0.249261 -0.54045 -0.150111
v 0.264497 -0.53242 -0.160501
v 0.814093 -0.0269697 0.0810711
v 0.816499 -0.00772894 0.0803076
v 0.818929 -0.0193784 0.0938983
v 0.841206 -0.0218281 0.164187
v 0.0671303 -0.589228 -0.166098
v 0.0581359 -0.587509 -0.183148
v 0.0805706 -0.585087 -0.181105
v 0.0823068 -0.579795 -0.201496
v 0.0993524 -0.580011 -0.190789
v 0.0377847 -0.588297 -0.187444
v 0.0507597 -0.583658 -0.201165
v 0.865687 -0.0116004 0.206452
v -0.367554 -0.286732 0.265078
v 0.871973 -0.023862 0.22039
v 0.191623 -0.533271 -0.243904
v 0.209337 -0.530658 -0.237475
v 0.455899 0.0661049 0.267611
v 0.260368 -0.518677 -0.217916
v 0.276416 -0.514154 -0.209593
v 0.264795 -0.523929 -0.198247
v 0.265619 -0.528781 -0.178996
v 0.253056 -0.532015 -0.188852
v 0.238331 -0.537561 -0.192379
v 0.470491 -0.197428 -0.308795
v 0.456845 -0.194829 -0.320577
v 0.471682 -0.178679 -0.313959
v 0.471624 -0.160177 -0.319487
v 0.485732 -0.163476 -0.306743
v 0.450154 -0.228163 -0.313705
v 0.443279 -0.211741 -0.325104
v -0.0813456 0.207747 -0.410676
v 0.439421 -0.24628 -0.314674
v 0.430332 -0.229606 -0.32809
v 0.42941 -0.18855 -0.344036
v 0.419798 -0.177993 -0.35701
v 0.431647 -0.170452 -0.348833
v 0.441554 -0.152917 -0.345978
v -0.343816 -0.292608 0.288155
v -0.422775 0.400885 -0.217957
v 0.468706 -0.142441 -0.326308
v 0.456502 -0.158179 -0.332073
v 0.462338 -0.125851 -0.335197
v 0.477239 -0.124242 -0.323578
v 0.499236 0.307561 -0.201829
v 0.488025 0.321451 -0.208487
v 0.493811 0.323713 -0.187685
v 0.492057 0.332057 -0.17106
v 0.505969 0.305843 -0.182694
v 0.481032 0.337397 -0.199403
v 0.468874 0.346702 -0.212067
v 0.471023 0.353773 -0.193355
v 0.460888 0.368813 -0.18684
v 0.472799 0.358111 -0.173925
v -0.0373401 0.0514788 0.413491
v -0.0277542 0.0625026 0.430837
v 0.412632 -0.16318 -0.371231
v 0.419081 -0.14404 -0.372496
v 0.407239 -0.183251 -0.368126
v -0.0727009 0.0747409 0.473343
v -0.0721809 0.0620397 0.460439
v 0.454669 -0.111112 -0.345033
v -0.0828269 0.0177074 0.449861
v -0.0966283 0.0114632 0.461852
v -0.0914535 0.0296841 0.460775
v 0.270247 0.302538 -0.395448
v 0.277286 0.319617 -0.39006
v 0.265292 0.336216 -0.387555
v 0.249668 0.362605 -0.379087
v 0.246622 0.274853 -0.401359
v 0.231419 0.264418 -0.403322
v 0.22787 0.283478 -0.402066
v 0.20962 0.294636 -0.402278
v 0.230418 0.301654 -0.400119
v 0.260674 0.287134 -0.398826
v 0.265039 0.268316 -0.400226
v 0.218568 0.315775 -0.399483
v 0.766882 0.0299241 0.243468
v 0.0352366 -0.41365 0.317397
v 0.0224534 -0.428275 0.308911
v 0.0464795 -0.427364 0.309004
v 0.120964 -0.42644 0.298025
v 0.107916 -0.419337 0.307632
v 0.168851 0.370608 -0.395069
v 0.160893 0.355204 -0.398678
v 0.152896 0.372909 -0.395625
v 0.137551 0.375533 -0.396132
v 0.145178 0.391177 -0.390426
v 0.200637 0.382307 -0.385013
v 0.183719 0.377089 -0.391056
v 0.184131 0.394443 -0.381864
v 0.107197 -0.480104 0.205114
v 0.118091 -0.470941 0.21935
v 0.138776 -0.467264 0.215755
v 0.128767 -0.462083 0.232018
v 0.139494 -0.453236 0.243887
v 0.118081 -0.456963 0.248274
v -0.427999 0.41414 -0.172745
v 0.158917 -0.46323 0.211372
v 0.178354 -0.457764 0.208414
v 0.169596 -0.453017 0.224331
v 0.180089 -0.442284 0.237398
v 0.160186 -0.448325 0.240188
v -0.322558 0.296926 -0.382356
v -0.310592 0.285947 -0.391328
v -0.329157 0.276577 -0.387292
v -0.308469 0.329868 -0.368327
v -0.232046 0.504578 0.0566248
v -0.292273 0.336812 -0.374413
v -0.274631 0.362002 -0.363076
v -0.368538 0.264882 -0.364046
v -0.336593 0.291376 -0.375843
v -0.396127 0.190916 -0.380736
v -0.38148 0.202507 -0.385664
v -0.383189 0.183108 -0.389658
v -0.222304 -0.37118 0.30703
v -0.21376 -0.387914 0.297538
v -0.2043 -0.377219 0.309707
v -0.132775 -0.453531 0.249725
v -0.184704 -0.406508 0.293228
v -0.202894 -0.40283 0.287428
v -0.163602 -0.386873 0.315641
v -0.15388 -0.40183 0.308911
v 0.504915 0.143273 0.127917
v 0.509299 0.152357 0.111666
v 0.501262 0.163214 0.123164
v 0.49395 0.169683 0.135371
v 0.486455 0.180882 0.143625
v 0.488413 0.164297 0.151679
v 0.482165 0.158186 0.169852
v 0.490947 0.146714 0.157883
v 0.517212 0.181909 0.0698648
v 0.511062 0.178166 0.0884001
v 0.533438 0.154853 0.0488127
v 0.5259 0.16767 0.0592258
v 0.479824 0.212153 0.130721
v 0.475641 0.226702 0.125453
v 0.469232 0.225373 0.140872
v 0.459083 0.240964 0.146237
v 0.461132 0.224017 0.159483
v 0.450224 0.230033 0.175937
v 0.458093 0.214919 0.174802
v -0.143823 -0.443844 0.2611
v 0.466715 0.204162 0.16677
v 0.400292 0.224036 0.272511
v 0.389636 0.226126 0.285684
v 0.378046 0.224716 0.299411
v 0.425132 0.232855 0.221578
v 0.432135 0.233675 0.207755
v 0.42028 0.247345 0.215805
v 0.411443 0.217742 0.260234
v 0.178613 -0.139534 0.3522
v -0.0484405 0.325297 0.337924
v -0.016435 -0.434193 0.302793
v -0.0274944 -0.442476 0.293478
v -0.0764053 -0.483799 0.212263
v -0.0443161 -0.481763 0.223477
v -0.0489288 -0.473601 0.240183
v -0.0334806 -0.468689 0.252281
v 0.226056 0.547405 -0.0882881
v -0.0681303 -0.469602 0.244234
v -0.026945 -0.484957 0.218507
v -0.0180812 -0.491918 0.203799
v -0.0100312 -0.483141 0.223279
v 0.00426376 -0.476288 0.237991
v -0.0143141 -0.473083 0.244833
v 0.362811 0.165749 0.324092
v 0.638556 -0.0899739 -0.168607
v -0.151787 -0.433925 0.273212
v 0.358875 0.184309 0.322387
v 0.388745 0.174778 0.311383
v 0.578099 -0.101278 -0.205721
v -0.475907 0.0715354 0.242847
v -0.463833 0.0761554 0.257403
v -0.492353 0.0866153 0.19393
v -0.498513 0.0922353 0.174534
v -0.499127 0.0763441 0.181221
v -0.490277 0.0794547 0.212416
v -0.483232 0.0954811 0.209574
v -0.130539 -0.439093 0.275931
v -0.118822 0.221441 -0.409784
v 0.752095 0.075885 0.140956
v 0.748412 0.0815077 0.122723
v -0.467035 0.226475 0.149809
v -0.472012 0.235767 0.129504
v -0.0988267 -0.435845 0.291475
v -0.461859 0.217861 0.169219
v -0.457529 0.236053 0.159685
v -0.465881 0.200206 0.177411
v -0.108835 -0.4433 0.278376
v -0.0987296 -0.454096 0.263735
v -0.476228 0.189344 0.164798
v -0.411914 0.217852 0.264869
v -0.420359 0.219366 0.248962
v -0.429334 0.218035 0.233139
v -0.42953 0.191468 0.255833
v -0.419555 0.246202 0.223556
v -0.42749 0.230592 0.224814
v 0.563311 -0.190414 -0.142295
v -0.462705 -0.139924 0.226888
v 0.569896 -0.169921 -0.140089
v -0.455115 -0.156874 0.232068
v 0.0636408 -0.457862 0.26724
v -0.403238 0.187497 0.297086
v -0.403002 0.200497 0.289593
v -0.375673 0.213813 0.308556
v -0.390305 0.215295 0.295823
v -0.397143 0.24722 0.263045
v -0.393838 0.261212 0.253571
v -0.407072 0.248934 0.243959
v -0.400294 0.231644 0.272191
v 0.286094 0.416199 -0.315216
v 0.729922 -0.0441065 -0.117406
v 0.727393 -0.0645159 -0.11127
v -0.131887 0.427528 0.290667
v 0.708261 -0.04971 -0.138662
v 0.731016 -0.0231661 -0.120788
v 0.739 -0.0519194 -0.102294
v 0.696058 -0.0206574 -0.155576
v 0.696847 -0.000870139 -0.156287
v 0.737444 0.00971686 -0.112595
v 0.441817 0.00792018 -0.374224
v 0.783064 -0.00876578 -0.0288339
v 0.782436 0.00917148 -0.0300837
v 0.789221 0.00210181 -0.0123992
v -0.444177 -0.294004 0.118348
v -0.45198 -0.278407 0.122814
v -0.455291 -0.286749 0.10488
v -0.46606 -0.278812 0.0917023
v -0.45711 -0.296174 0.0876055
v -0.409813 -0.299518 0.177995
v -0.419543 -0.282337 0.182357
v -0.422508 -0.290455 0.166287
v -0.435619 -0.280187 0.153861
v -0.427282 -0.295854 0.149747
v -0.432442 -0.301258 0.132026
v -0.421451 -0.308185 0.144104
v -0.39905 -0.316395 0.174061
v -0.397633 -0.306435 0.190268
v -0.406275 -0.250233 0.243307
v -0.423008 -0.244984 0.219048
v -0.414667 -0.262538 0.215335
v -0.402872 -0.268128 0.22984
v 0.446644 -0.0273012 -0.367155
v 0.794764 -0.048683 0.0290869
v 0.79903 -0.0298374 0.0267356
v 0.801419 -0.0397466 0.0441023
v 0.806436 -0.0315284 0.056048
v 0.809236 -0.0343161 0.0693779
v -0.329125 -0.255749 0.317865
v -0.323376 -0.274445 0.313688
v -0.292605 -0.344026 0.288274
v -0.295836 -0.329284 0.299433
v -0.292195 -0.315571 0.310267
v -0.275041 -0.353995 0.292206
v -0.266609 -0.345703 0.305219
v 0.784719 -0.076417 0.0430652
v 0.789091 -0.0646188 0.0311063
v 0.0658325 -0.44936 0.282824
v 0.795011 -0.0678997 0.0626937
v 0.778174 -0.0719006 0.00347872
v 0.769385 -0.0876596 0.0105859
v 0.768357 -0.0827157 -0.0090344
v 0.758024 -0.0917072 -0.0226101
v 0.767497 -0.0733742 -0.0292135
v -0.361024 -0.231545 0.311291
v -0.373889 -0.233108 0.301145
v 0.455378 -0.0635918 -0.353027
v -0.441153 0.108053 -0.362777
v -0.428247 0.106234 -0.378956
v -0.431168 0.171554 -0.35263
v -0.429615 0.142198 -0.365901
v -0.482129 0.10111 -0.325687
v -0.491348 0.116647 -0.315107
v -0.477475 0.121494 -0.325842
v -0.497955 0.131931 -0.306138
v -0.509813 0.14025 -0.292845
v -0.495262 0.149511 -0.304311
v -0.49126 0.169427 -0.302431
v -0.47925 0.158909 -0.315769
v -0.430718 0.20192 -0.34096
v -0.447348 0.201544 -0.328349
v -0.445304 0.222381 -0.32252
v -0.445974 0.16408 -0.341424
v -0.310734 0.433633 -0.288868
v 0.199958 -0.558169 -0.173301
v -0.442045 0.145184 -0.350603
v -0.013651 0.593719 -0.114489
v -0.000570507 0.594532 -0.128711
v -0.0179785 0.594551 -0.133954
v -0.0342557 0.594038 -0.136449
v -0.0492647 0.592946 -0.128598
v 0.578448 -0.117975 -0.195565
v -0.417707 0.199174 -0.354008
v -0.281404 0.446093 -0.294973
v -0.415963 0.218216 -0.346559
v -0.420146 0.232774 -0.336875
v 0.013626 0.587809 -0.0703668
v 0.00839867 0.590748 -0.0889511
v 7.07108e-06 0.568607 0.0127523
v -0.0138887 0.565689 0.0214021
v -0.0333402 0.567254 0.0134488
v -0.0324561 0.562019 0.0299893
v -0.051865 0.563017 0.0220254
v -0.0303384 0.557357 0.0440324
v 0.031233 0.542735 0.0830135
v 0.0378181 0.535145 0.100926
v 0.0496557 0.540492 0.0852339
v 0.0268337 0.550215 0.0643565
v 0.0393155 0.55592 0.0468667
v 0.0576531 0.55312 0.049788
v 0.0525285 0.560853 0.0290444
v -0.295285 0.461465 -0.272027
v 0.0914639 0.549728 0.0455675
v 0.0761183 0.548415 0.0559285
v 0.0621662 0.545307 0.0693272
v 0.0326419 0.519847 0.138452
v 0.0200467 0.513818 0.154015
v 0.0418731 0.513246 0.15262
v 0.0434654 0.526684 0.120272
v -0.341994 0.325228 0.253502
v -0.350153 0.327531 0.237835
v -0.355658 0.312604 0.250629
v -0.332403 0.324704 0.267932
v -0.329692 0.336693 0.254975
v -0.0347011 0.572185 -0.00368298
v -0.0517927 0.572537 -0.00946081
v -0.120089 0.555112 0.0143766
v -0.104319 0.560977 0.00522367
v -0.0876466 0.565901 -0.0019144
v -0.104411 0.566392 -0.0136145
v -0.0868645 0.554285 0.0353743
v -0.103541 0.555085 0.0246289
v -0.89184 -0.00823406 0.0946583
v -0.101938 0.541847 0.0628633
v -0.0868183 0.541717 0.0699608
v -0.231758 -0.426344 -0.332616
v -0.252902 -0.424295 -0.325468
v -0.224673 -0.443967 -0.321876
v -0.216588 -0.459511 -0.312797
v -0.234943 -0.455636 -0.308905
v -0.289641 -0.380703 -0.338591
v -0.0524712 0.488861 0.206276
v -0.0393519 0.483867 0.219611
v -0.0317932 0.491731 0.20349
v -0.0129816 0.49374 0.200859
v -0.0276168 0.500622 0.183882
v -0.0362598 0.50818 0.165271
v -0.0504308 0.501339 0.178452
v -0.021297 0.471421 0.248014
v -0.00668296 0.476828 0.237524
v -0.0272176 0.478062 0.233783
v -0.0317509 0.463559 0.262298
v -0.0101818 0.466326 0.25846
v -0.334313 -0.43084 -0.276047
v -0.350243 -0.419132 -0.274885
v -0.364593 -0.422641 -0.259805
v 0.186759 -0.560573 -0.184065
v -0.366035 -0.393014 -0.284997
v -0.378704 -0.391289 -0.276557
v -0.375253 -0.378089 -0.289725
v -0.379226 -0.406328 -0.263026
v -0.392371 -0.389844 -0.266537
v -0.357255 -0.358575 -0.315201
v -0.363186 -0.342247 -0.321363
v -0.344683 -0.349883 -0.32786
v -0.826286 -0.0622007 0.170547
v -0.813405 -0.0599219 0.189787
v -0.793873 -0.0576035 0.202176
v -0.809328 -0.0528174 0.210344
v -0.775672 -0.0563716 0.211371
v 0.170366 -0.562672 -0.195642
v -0.703486 -0.0601991 0.210654
v -0.892275 -0.00201113 0.129533
v 0.315461 0.365951 0.227396
v 0.309001 0.378455 0.216077
v 0.303859 0.365646 0.243396
v -0.658176 -0.0499349 0.238403
v 0.573332 0.0662591 -0.224578
v 0.550734 0.1574 -0.231041
v 0.560178 0.156525 -0.211482
v 0.560734 0.140495 -0.220249
v 0.568308 0.123415 -0.212813
v -0.840196 -0.0398966 0.205465
v -0.7997 -0.019329 0.232083
v 0.479103 0.181357 -0.307251
v -0.848226 -0.0584519 0.168099
v 0.506627 0.16896 -0.285092
v 0.504479 0.151728 -0.292673
v 0.484564 0.124474 -0.317604
v 0.472927 0.110032 -0.32975
v 0.470092 0.130067 -0.328228
v 0.494645 0.138218 -0.305823
v 0.498956 0.117729 -0.306303
v 0.526548 0.170696 -0.261346
v 0.514984 0.178693 -0.272306
v 0.522534 0.188439 -0.259114
v 0.512331 0.198054 -0.267444
v 0.0489545 0.238687 0.350246
v 0.153848 -0.56968 -0.187223
v 0.526431 0.220903 -0.235305
v 0.518178 0.241417 -0.234364
v 0.528792 0.234174 -0.220588
v -0.409737 -0.41017 -0.224972
v -0.397595 -0.425152 -0.2195
v -0.411266 -0.418233 -0.208196
v -0.424369 -0.41018 -0.196262
v -0.423559 -0.4032 -0.213465
v -0.434207 -0.388261 -0.219178
v -0.423728 -0.41661 -0.17899
v 0.152934 -0.57313 -0.168369
v -0.410326 -0.430942 -0.17422
v -0.469987 -0.368025 -0.163797
v -0.127684 0.518983 -0.285856
v -0.478098 -0.354336 -0.176882
v -0.468038 -0.366897 -0.179954
v -0.156193 0.511266 -0.28629
v 0.483331 0.0551046 -0.328366
v 0.470396 0.0557862 -0.338916
v 0.47959 0.0720574 -0.329722
v 0.0669232 0.0801184 0.47767
v -0.456538 -0.381548 -0.0914767
v -0.464527 -0.374335 -0.106597
v -0.475875 -0.359513 -0.106404
v -0.469753 -0.369622 -0.123689
v -0.480473 -0.349894 -0.088839
v -0.486498 -0.344722 -0.106148
v -0.49113 -0.340446 -0.124629
v 0.489844 0.193499 -0.293306
v 0.508662 0.216802 -0.262935
v 0.406817 -0.302497 0.173331
v 0.501984 0.235845 -0.261049
v 0.57925 0.00155559 -0.224688
v -0.795411 0.00351962 -0.0875283
v -0.78635 -0.00992353 -0.0953472
v 0.397198 -0.313429 0.175847
v -0.829779 0.023407 -0.0459412
v -0.841223 0.0207261 -0.030983
v -0.0951198 0.193615 -0.410957
v -0.818808 0.0389852 -0.051129
v 0.311765 0.0724691 0.339074
v -0.871122 0.00191267 0.0180085
v 0.480002 -0.316866 -0.00988125
v -0.874713 0.0163256 0.0308894
v -0.832173 -0.0409209 -0.0315542
v -0.821326 -0.0533537 -0.0288156
v -0.835842 -0.0474472 -0.0176504
v -0.838856 -0.0535902 -0.00123348
v -0.849603 -0.0383125 -0.0063633
v -0.823575 -0.0618574 0.00634305
v -0.84056 -0.057449 0.0160264
v -0.876222 -0.0358722 0.0549704
v -0.856812 -0.0508209 0.0289407
v -0.871558 -0.018881 0.0233848
v -0.861404 -0.028372 0.00673169
v -0.865034 -0.0365139 0.0206292
v 0.185041 -0.564529 -0.166055
v -0.878774 -0.0199173 0.0443112
v -0.883875 -0.0202274 0.0646844
v -0.882346 0.0268061 0.0632964
v -0.881132 0.012934 0.0485802
v 0.538491 -0.109347 0.0657447
v 0.117945 -0.58126 -0.102026
v 0.105724 -0.582074 -0.09105
v 0.0988292 -0.584928 -0.105819
v 0.0901856 -0.584279 -0.0893074
v 0.0875537 -0.587805 -0.122502
v 0.0463254 -0.591918 -0.111247
v 0.0524227 -0.592318 -0.130152
v 0.0657916 -0.590415 -0.116009
v -0.0730675 0.191774 -0.41121
v 0.151143 -0.38479 -0.393342
v -0.537216 -0.261529 -0.156216
v 0.0646241 -0.585414 -0.0746654
v 0.0384096 -0.590572 -0.0936495
v 0.0265542 -0.592568 -0.107221
v 0.0402031 -0.592878 -0.145352
v 0.0258547 -0.59288 -0.156289
v 0.565033 -0.146608 -0.0400003
v 0.738562 -0.0729521 0.130524
v 0.745879 -0.0845625 0.113463
v 0.753568 -0.0822532 0.128174
v 0.742022 -0.0512207 0.170311
v -0.538942 -0.259007 -0.139778
v -0.530817 -0.274889 -0.148633
v 0.748718 -0.0500256 0.187467
v 0.739898 -0.0358664 0.185818
v -0.0595195 -0.585165 -0.195834
v -0.056606 -0.580313 -0.210851
v -0.0399038 -0.588907 -0.186767
v -0.265863 0.533044 -0.165686
v 0.680566 -0.0140997 0.0724405
v 0.68658 -0.0329164 0.0769814
v 0.684646 0.0183016 0.0770742
v 0.696989 0.0142145 0.095684
v -0.868478 -0.0522695 0.141721
v 0.72327 -0.0132776 0.155381
v 0.728763 -0.00740427 0.171182
v 0.724349 0.00456815 0.159738
v -0.737842 0.0351816 -0.0473316
v -0.826561 0.0624763 0.180675
v -0.808628 0.0569303 0.171968
v 0.144217 -0.348286 0.329567
v -0.664227 0.0565356 -0.134055
v -0.664107 0.0446059 -0.120482
v -0.650097 0.0566709 -0.141253
v 0.0861562 0.415442 0.312674
v 0.106263 0.411739 0.312014
v 0.0650874 0.419857 0.31179
v 0.120179 0.378053 0.32405
v 0.121628 0.358373 0.328956
v 0.137194 0.371548 0.324265
v 0.114986 0.395818 0.318992
v -0.506297 -0.216075 0.0722684
v -0.37204 0.368735 0.139526
v 0.302825 0.411501 -0.309961
v 0.000180188 -0.572754 -0.00418263
v -0.809865 0.0388606 0.0891632
v 0.0189812 -0.574111 -0.0103438
v 0.0382713 -0.574695 -0.0163179
v 0.0142964 -0.568272 0.0102792
v 0.0306801 -0.565751 0.0162294
v -0.00703232 -0.587369 -0.0651653
v 0.0064869 -0.581711 -0.0388846
v -0.00867672 -0.580198 -0.0320062
v -0.0249031 -0.581142 -0.0370034
v -0.0375824 -0.577459 -0.0246591
v -0.0283729 -0.585501 -0.0574571
v 0.0832854 -0.576727 -0.0426774
v -0.500068 -0.21579 0.0873216
v -0.490656 -0.231716 0.0926731
v -0.281872 0.523584 -0.171513
v -0.497856 -0.233399 0.0739491
v 0.10131 -0.580334 -0.0742762
v -0.51191 -0.234814 0.0362524
v 0.103387 -0.573615 -0.0427714
v -0.522255 -0.2221 0.0230792
v 0.0926088 -0.572273 -0.0302902
v 0.0366091 0.410291 0.318611
v 0.0443345 0.424219 0.309863
v 0.0456233 -0.49629 0.189571
v 0.0300069 -0.494891 0.194983
v 0.468597 -0.0709838 -0.339636
v 0.0208555 -0.509578 0.163306
v 0.461789 -0.0569047 0.259128
v 0.0460676 -0.508593 0.16199
v 0.0596666 -0.492602 0.194319
v 0.0707219 -0.521646 0.125687
v 0.0488244 -0.521359 0.131916
v 0.473916 -0.0297436 0.2397
v 0.0265846 -0.521677 0.134628
v 0.0218376 -0.53378 0.105716
v 0.540664 -0.07431 0.0736862
v 0.041763 -0.533678 0.10316
v 0.137744 -0.497032 0.152647
v 0.156466 -0.494148 0.147097
v 0.150426 -0.480191 0.181905
v 0.420274 -0.191844 0.268632
v 0.132441 -0.482752 0.187336
v 0.402307 -0.193461 0.292965
v 0.100718 -0.49866 0.167934
v 0.118995 -0.498733 0.159173
v 0.122241 -0.505651 0.141541
v 0.125141 0.307939 0.337457
v 0.126732 0.323186 0.33511
v 0.140345 0.333481 0.332641
v 0.122684 0.338672 0.332821
v 0.144367 0.298044 0.337706
v 0.145177 0.27936 0.340187
v 0.161034 0.307488 0.335202
v 0.170422 -0.552593 -0.0219524
v 0.156602 -0.559716 -0.0342056
v 0.186745 -0.548959 -0.0270987
v 0.175744 -0.555213 -0.0382889
v 0.203212 -0.542197 -0.0239469
v -0.517611 -0.21617 0.0429428
v -0.266419 0.529249 -0.183707
v -0.26661 0.524 -0.200425
v 0.197996 -0.537894 -0.00290882
v 0.192154 -0.533755 0.0163619
v 0.184805 -0.54532 -0.0120229
v 0.165772 -0.549067 -0.00515026
v -0.323456 0.271598 0.314351
v -0.331429 0.284494 0.304443
v -0.342359 0.269061 0.30611
v -0.359016 0.262471 0.298041
v -0.348377 0.251391 0.310571
v -0.303151 0.269868 0.321068
v -0.283813 0.264739 0.326638
v -0.289146 0.281913 0.32149
v -0.277104 0.295251 0.321215
v -0.297461 0.297589 0.314354
v -0.317329 0.29846 0.304911
v -0.303617 0.312426 0.304773
v 0.193393 -0.511572 0.0757217
v 0.193283 -0.519224 0.0560748
v 0.208623 -0.496187 0.0990021
v 0.211266 -0.503423 0.0786884
v -0.445665 -0.339951 -0.257019
v 0.224151 -0.488625 0.10061
v 0.19936 -0.49153 0.118561
v 0.210441 -0.480716 0.132419
v 0.188469 -0.500841 0.10669
v 0.168344 -0.505392 0.112641
v 0.196554 -0.504459 0.0907774
v 0.172096 -0.516215 0.0831105
v -0.30636 0.326891 0.292759
v -0.290676 0.326926 0.303372
v 0.319176 0.406884 -0.303845
v -0.221632 0.388601 0.293075
v -0.213835 0.378453 0.307091
v -0.232567 0.375112 0.300829
v 0.417452 -0.166955 0.287559
v -0.224721 0.397684 0.279152
v -0.234701 0.400508 0.266501
v 0.335368 0.401242 -0.297879
v -0.254571 0.379667 0.279569
v -0.232362 0.544248 -0.185955
v -0.198109 0.405765 0.28599
v -0.212294 0.399667 0.285226
v -0.187034 0.396263 0.302308
v -0.181151 0.410771 0.289155
v -0.137251 0.388454 0.319821
v -0.155995 0.392805 0.314588
v -0.153742 0.376418 0.322192
v -0.16655 0.360309 0.325179
v -0.148318 0.361779 0.326853
v -0.12528 0.415786 0.304784
v -0.83585 0.0538807 -0.00648457
v -0.155465 0.406062 0.305266
v -0.168439 0.286895 0.337923
v -0.329488 0.354317 0.228584
v -0.147813 0.284272 0.33973
v -0.127845 0.282184 0.341162
v -0.135922 0.299664 0.338361
v -0.124609 0.315879 0.336626
v -0.140749 0.316192 0.335705
v -0.153198 0.326399 0.333291
v -0.174611 0.301351 0.335452
v -0.105523 0.314852 0.337662
v -0.112082 0.331504 0.334846
v -0.107479 0.283138 0.342035
v -0.0865004 0.28526 0.342626
v -0.0962372 0.299673 0.340237
v -0.121081 0.400578 0.316049
v -0.117903 0.383953 0.323587
v -0.11569 0.366431 0.328326
v -0.0988218 0.378303 0.326557
v 0.449737 0.0417102 -0.361518
v 0.442533 0.0287541 -0.372731
v 0.404987 0.121981 -0.387982
v 0.41559 0.104991 -0.383993
v -0.780971 0.0505312 -0.00175843
v -0.789579 0.0606088 -0.0143974
v 0.365535 0.126985 -0.398897
v 0.385832 0.123319 -0.394794
v 0.372927 0.108551 -0.398497
v 0.346431 0.13332 -0.401341
v -0.428835 -0.327536 -0.282653
v -0.112191 -0.584065 -0.161594
v -0.116584 -0.58089 -0.176985
v -0.11958 -0.571701 -0.207537
v -0.122702 -0.57643 -0.191503
v -0.0445416 -0.576296 -0.222188
v -0.0634745 -0.573948 -0.223749
v -0.0834938 -0.573046 -0.220198
v -0.029281 -0.057318 0.397418
v -0.0148482 -0.0598356 0.41245
v -0.0138177 -0.0656887 0.393805
v -0.196361 -0.489227 -0.294203
v -0.213181 -0.487468 -0.289536
v -0.20757 -0.474804 -0.303186
v -0.180143 -0.486746 -0.301685
v -0.225456 -0.508962 -0.260785
v -0.220857 -0.520717 -0.247444
v -0.24093 -0.504547 -0.258028
v -0.217685 -0.499529 -0.275433
v -0.205493 -0.514445 -0.263902
v -0.272276 -0.456832 -0.29039
v -0.254477 -0.452763 -0.302754
v -0.274742 -0.470658 -0.27598
v -0.24687 -0.4821 -0.280012
v -0.263143 -0.482543 -0.270683
v -0.288737 -0.460542 -0.277812
v -0.27129 -0.444612 -0.301626
v -0.000281772 -0.547753 -0.269785
v -0.0314964 -0.551296 -0.264317
v -0.030252 -0.540523 -0.277807
v -0.0504689 -0.503095 -0.313129
v -0.0305836 -0.506825 -0.311258
v -0.0427269 -0.517159 -0.301013
v -0.0361096 -0.53008 -0.288659
v -0.0552818 -0.527183 -0.289954
v -0.127311 0.561237 -0.227312
v -0.119007 0.570123 -0.211822
v -0.106991 0.565762 -0.226481
v -0.0860309 0.569404 -0.226016
v -0.0952767 0.56026 -0.24019
v -0.158633 0.561052 -0.211824
v -0.147034 0.556268 -0.227709
v -0.16605 0.551928 -0.226613
v -0.169116 0.54278 -0.241459
v -0.203057 0.540989 -0.225689
v -0.199535 0.548454 -0.211885
v -0.167764 0.571875 -0.154705
v -0.151585 0.57675 -0.144201
v -0.135132 0.580695 -0.132693
v -0.134997 0.580254 -0.152046
v -0.118656 0.582977 -0.158462
v -0.134551 0.578009 -0.172235
v 0.40323 -0.434334 -0.173578
v -0.10082 0.582828 -0.179857
v -0.106111 0.584507 -0.164683
v -0.0930904 0.58675 -0.162933
v -0.106087 -0.484696 -0.321164
v -0.119471 -0.492974 -0.311625
v -0.444217 -0.312146 -0.278868
v -0.102824 0.586572 -0.125449
v -0.092568 0.587217 -0.112241
v -0.222611 0.551522 -0.0952313
v -0.190711 0.562729 -0.0943732
v -0.196052 0.562796 -0.111418
v -0.459866 -0.300506 -0.270899
v -0.214839 0.556641 -0.116304
v 0.0279539 -0.0744842 0.385699
v -0.177368 0.565182 -0.0836041
v -0.179625 0.560996 -0.0643311
v -0.160039 0.568058 -0.0724093
v -0.14128 0.572354 -0.07056
v 0.369995 -0.248367 0.293754
v 0.375547 -0.229359 0.300397
v 0.361215 -0.238594 0.306587
v 0.355991 -0.257685 0.300288
v 0.354344 -0.273857 0.29034
v 0.365211 -0.263892 0.287071
v 0.395062 -0.255689 0.251713
v 0.402682 -0.2583 0.235576
v 0.405362 -0.244073 0.246853
v 0.388492 -0.249815 0.268794
v 0.412462 -0.280489 0.191048
v 0.411357 -0.291609 0.179209
v 0.421843 -0.280913 0.173028
v 0.416576 -0.265423 0.201674
v 0.40398 -0.279552 0.207746
v 0.445206 -0.255662 0.157036
v 0.437444 -0.253252 0.17537
v 0.43377 -0.268074 0.165582
v 0.45093 -0.261632 0.138138
v -0.334032 0.00324882 -0.40551
v 0.427904 0.24549 -0.323904
v 0.328165 0.418211 -0.289174
v 0.403062 0.316225 -0.307672
v 0.407145 0.330638 -0.296101
v -0.455199 -0.314728 -0.266137
v -0.0691119 0.490364 -0.322716
v -0.0567887 0.499005 -0.31672
v -0.0528798 0.510948 -0.306352
v -0.0400426 0.500125 -0.317155
v -0.0205464 0.500655 -0.317604
v -0.0462608 0.171341 -0.41182
v -0.105243 0.500983 -0.307979
v -0.0887519 0.510179 -0.302265
v -0.0867333 0.496264 -0.315308
v -0.120422 0.49062 -0.314352
v -0.123854 0.504988 -0.30061
v -0.079583 0.532453 -0.281078
v -0.0718091 0.543919 -0.268634
v -0.0604591 0.533432 -0.282787
v -0.0410765 0.535902 -0.282006
v -0.23836 -0.315334 0.325944
v 0.479303 0.320354 -0.226738
v 0.467573 0.335409 -0.229204
v 0.491527 0.306233 -0.220561
v 0.481627 0.30548 -0.238068
v 0.431668 0.357219 -0.254256
v 0.415553 0.365588 -0.263667
v 0.422574 0.373766 -0.248503
v 0.430047 0.380091 -0.231441
v 0.445352 0.353447 -0.241222
v 0.442509 0.34018 -0.257529
v -0.135454 0.550554 -0.242812
v -0.123662 0.544501 -0.25595
v -0.221453 0.49413 -0.27918
v -0.244631 0.115813 -0.409214
v -0.219315 0.5085 -0.263446
v -0.226475 0.519586 -0.245172
v -0.199077 0.515097 -0.2658
v -0.260326 0.50533 -0.243096
v -0.268579 0.509067 -0.23052
v 0.414423 -0.307465 -0.303734
v 0.427563 -0.296493 -0.299789
v 0.429167 -0.310316 -0.290384
v 0.404656 -0.282822 -0.323565
v 0.400806 -0.302573 -0.316227
v 0.466467 -0.250101 -0.290788
v 0.0842355 -0.514706 -0.298205
v 0.467565 -0.216071 -0.304428
v 0.482789 -0.202709 -0.296408
v 0.528075 -0.274236 -0.152072
v 0.526433 -0.278795 -0.137424
v 0.521325 -0.284635 -0.165858
v 0.512074 -0.301843 -0.163849
v 0.514269 -0.29254 -0.181136
v 0.530136 -0.266213 -0.169072
v 0.515433 -0.281864 -0.198188
v 0.505501 -0.299504 -0.196569
v 0.104366 -0.504165 -0.304948
v 0.496686 -0.294027 -0.225313
v 0.547933 -0.20635 -0.200763
v 0.547721 -0.21865 -0.185729
v 0.540302 -0.225124 -0.202502
v 0.53238 -0.244733 -0.202215
v 0.53108 -0.233761 -0.217252
v 0.553274 -0.213379 -0.167181
v 0.546129 -0.230454 -0.170404
v -0.383354 -0.29011 -0.336999
v 0.533248 -0.155187 -0.258282
v 0.522367 -0.166087 -0.268369
v 0.522979 -0.14636 -0.274531
v 0.527838 -0.195244 -0.248332
v 0.520279 -0.184761 -0.263738
v -0.374929 -0.337915 0.184294
v -0.362399 -0.343017 0.197255
v -0.349263 -0.357941 0.194653
v -0.34946 -0.348024 0.210019
v -0.338059 -0.351567 0.221702
v -0.347937 -0.339114 0.22571
v -0.348659 -0.368075 0.178999
v -0.335767 -0.37225 0.19176
v -0.323551 -0.376649 0.202099
v -0.316855 -0.374049 0.21573
v -0.390989 -0.271186 -0.341551
v -0.259665 0.121429 -0.408559
v -0.271401 0.102613 -0.408392
v 0.543427 -0.160174 -0.240999
v 0.542962 -0.141898 -0.249079
v 0.542952 -0.125048 -0.254794
v 0.552268 -0.144344 -0.232629
v 0.555318 -0.18865 -0.197014
v 0.562183 -0.170695 -0.192743
v 0.319637 0.434593 -0.280649
v 0.568109 -0.166153 -0.174646
v -0.12299 -0.117197 0.361128
v -0.226982 -0.404239 0.267271
v -0.220597 -0.397288 0.282861
v -0.261461 -0.417436 0.209103
v -0.260248 -0.427672 0.19114
v -0.260687 -0.435537 0.175372
v -0.244485 -0.430237 0.203681
v -0.123938 -0.10009 0.362979
v -0.268434 0.0345747 -0.409285
v -0.218183 -0.433369 0.224178
v -0.227821 -0.435338 0.211074
v -0.228571 -0.4422 0.196773
v -0.225842 -0.451938 0.179978
v 0.592761 -0.050644 -0.209707
v -0.224845 0.550695 -0.169333
v 0.601216 -0.0348814 -0.208392
v 0.54781 -0.0557506 -0.263497
v 0.546404 -0.0337436 -0.267992
v 0.556374 -0.0594834 -0.250806
v 0.554637 -0.0199623 -0.257866
v 0.536351 -0.0276316 -0.280817
v -0.103285 -0.0697779 0.369698
v -0.0948362 -0.0870998 0.368743
v 0.520329 -0.00975973 -0.298225
v 0.53285 -0.00448586 -0.285289
v -0.565093 0.056454 0.232837
v -0.369769 0.385767 0.114334
v -0.632559 0.0463871 0.242957
v -0.64395 0.0558883 0.232581
v -0.652073 0.0419171 0.245338
v -0.665688 0.0523535 0.23453
v -0.670754 0.0338064 0.247383
v 0.738721 -0.0910221 -0.0697051
v 0.730301 -0.0886836 -0.0869868
v 0.240247 -0.279708 -0.401421
v 0.714649 -0.101973 -0.0932426
v 0.698673 -0.11626 -0.0903999
v 0.71066 -0.093141 -0.110112
v 0.698915 -0.0910599 -0.124436
v 0.714468 -0.0773793 -0.118634
v 0.696874 -0.040833 -0.151267
v 0.69568 -0.0609416 -0.145839
v 0.705246 -0.0705115 -0.132571
v 0.681584 -0.0668029 -0.154771
v 0.642598 -0.043328 -0.186735
v -0.230379 -0.00100415 -0.410682
v 0.640862 -0.0268981 -0.190877
v 0.655394 -0.0307039 -0.182216
v -0.3935 -0.444741 -0.0827638
v -0.407738 -0.43121 -0.0795497
v -0.397977 -0.436868 -0.0646489
v -0.421036 -0.417967 -0.0780726
v -0.414057 -0.414937 -0.0417788
v -0.42741 -0.403382 -0.0484565
v -0.410957 -0.423811 -0.0612659
v -0.400078 -0.423155 -0.0259427
v -0.412504 -0.409201 -0.0214221
v -0.44721 -0.389289 -0.0769337
v -0.459797 -0.373621 -0.0752166
v -0.461525 -0.366613 -0.0587198
v -0.471813 -0.357655 -0.0734017
v -0.36645 -0.411604 0.070536
v -0.379369 -0.407246 0.0555065
v -0.352688 -0.422812 0.0717103
v -0.354074 -0.406556 0.101624
v -0.367923 -0.39323 0.103339
v -0.367546 -0.402419 0.0867147
v -0.342827 -0.400274 0.131643
v -0.340766 -0.410451 0.115554
v -0.327978 -0.413597 0.129267
v -0.312528 -0.426192 0.127271
v -0.315401 -0.41584 0.143393
v -0.302771 -0.417213 0.158245
v -0.317877 -0.405426 0.159434
v -0.382658 -0.357996 0.139629
v -0.370125 -0.372395 0.136849
v -0.372256 -0.360598 0.153224
v -0.360834 -0.364142 0.166145
v -0.374191 -0.348791 0.168875
v -0.394623 -0.343753 0.141465
v -0.39284 -0.355861 0.124715
v -0.739593 -0.00663406 0.246143
v -0.0671242 0.141387 -0.412282
v -0.732481 0.0128578 0.246588
v -0.717758 0.0482377 0.236842
v -0.476046 -0.327865 -0.012114
v -0.484615 -0.311971 -0.00628877
v -0.487577 -0.316905 -0.02485
v -0.497162 -0.305858 -0.0336151
v -0.620854 0.033851 0.248945
v -0.425926 -0.324176 0.111627
v -0.435522 -0.309315 0.114361
v -0.436973 -0.318859 0.0972598
v -0.447434 -0.313156 0.0836412
v -0.436981 -0.329505 0.0805164
v -0.646275 -0.0369395 0.246314
v -0.651822 -0.0175519 0.251397
v -0.238622 0.545766 -0.16447
v -0.66918 -0.0107566 0.25154
v -0.575525 0.00806682 0.254676
v -0.568223 0.0270671 0.251805
v -0.586032 0.0262364 0.251642
v -0.59415 0.0449917 0.244096
v -0.604039 0.0290465 0.250627
v 0.286738 -0.270617 -0.39767
v 0.700199 0.114187 0.0149983
v 0.706145 0.120259 -0.00101924
v 0.692233 0.105143 0.028013
v 0.683109 0.0926493 0.0376098
v 0.70356 0.099477 0.0447542
v -0.108435 -0.102509 0.364705
v 0.719247 0.100337 0.0561688
v -0.0797012 0.126737 -0.412415
v -0.0692513 -0.336986 0.336086
v 0.675697 0.00464839 0.0674544
v -0.382866 0.289729 0.237291
v -0.369201 0.300704 0.24547
v -0.376941 0.304288 0.227584
v -0.371974 0.318143 0.21617
v -0.383314 0.308088 0.211363
v -0.401533 0.286917 0.207838
v -0.347682 -0.485618 -0.118725
v -0.360556 -0.476622 -0.133199
v -0.373321 -0.466492 -0.125266
v -0.371816 -0.467754 -0.146504
v -0.375542 -0.463195 -0.104787
v -0.386715 -0.455153 -0.11896
v -0.398582 -0.445528 -0.132325
v -0.38448 -0.448047 -0.195617
v -0.397444 -0.440026 -0.185258
v -0.398036 -0.433251 -0.202451
v -0.344471 -0.448671 -0.249078
v -0.357174 -0.437546 -0.250596
v -0.369955 -0.433908 -0.242115
v -0.332025 -0.446432 -0.262289
v -0.329858 -0.460918 -0.247072
v -0.168504 0.49645 0.135003
v -0.153434 0.495698 0.147266
v -0.225198 0.0191641 -0.410831
v -0.138253 0.500972 0.144572
v -0.134848 0.513984 0.115722
v -0.153392 0.512261 0.108083
v -0.16847 0.504032 0.117166
v -0.0459494 -0.30501 0.341426
v -0.115474 0.515541 0.122683
v -0.243714 0.0138028 -0.41026
v -0.122435 0.501336 0.152371
v -0.0886694 0.510462 0.146306
v -0.0960568 0.516566 0.129143
v -0.0851074 0.522895 0.118252
v -0.154863 0.537681 0.0410019
v -0.167353 0.53933 0.026134
v -0.181306 -0.552532 -0.215253
v -0.165899 -0.559497 -0.209884
v -0.198046 -0.550514 -0.205495
v -0.212967 -0.552833 -0.178481
v -0.217106 -0.546205 -0.198267
v -0.238427 -0.537079 -0.201009
v -0.210814 -0.541592 -0.21696
v -0.257653 -0.527945 -0.202419
v -0.24749 -0.526963 -0.216494
v -0.252389 0.540415 -0.159348
v -0.040951 -0.325374 0.338475
v -0.265127 -0.52865 -0.188598
v -0.283391 -0.49387 -0.242683
v -0.295384 -0.480497 -0.250838
v -0.279111 -0.483231 -0.25961
v -0.251789 -0.494576 -0.263973
v -0.254388 -0.50614 -0.247422
v -0.25312 -0.516644 -0.231553
v -0.269445 -0.506135 -0.235573
v -0.196402 0.549199 -0.0364098
v -0.198584 0.553574 -0.0578994
v -0.227557 0.546451 -0.0763545
v -0.230886 0.536198 -0.0371634
v -0.702659 0.0441405 0.199436
v -0.238381 0.0547182 -0.410286
v -0.714728 0.0311592 0.189699
v -0.662853 0.0464694 0.202263
v -0.69375 0.056233 0.213936
v -0.642318 0.0480972 0.202441
v -0.632334 0.0576961 0.215802
v -0.61985 0.0471446 0.200285
v -0.0490703 -0.568602 0.00450326
v -0.0334662 -0.572611 -0.00593469
v -0.0165184 -0.570464 0.00328647
v -0.220873 0.0832589 -0.410521
v 0.707023 -0.0340269 0.109705
v -0.0234756 -0.329567 0.337924
v -0.0463714 -0.563168 0.0224854
v -0.253881 0.104828 -0.40907
v -0.116111 -0.570206 -0.0351804
v -0.135612 -0.567347 -0.0409478
v -0.122308 -0.57239 -0.0500083
v -0.115015 -0.57661 -0.0638809
v -0.095803 -0.573432 -0.0330383
v -0.107351 -0.567521 -0.018588
v -0.0962072 -0.585284 -0.0972869
v -0.0850763 -0.584855 -0.0825585
v -0.104918 -0.581297 -0.0797718
v -0.107901 -0.584938 -0.112119
v 0.46998 0.114075 0.222388
v 0.463924 0.10774 0.237932
v 0.471388 0.0937267 0.228661
v 0.484025 0.102727 0.197348
v 0.48261 0.118544 0.192807
v 0.511624 0.0859544 0.140173
v 0.510205 0.104537 0.13599
v 0.504248 0.0985467 0.152747
v 0.49622 0.111522 0.165507
v 0.498169 0.0929047 0.169286
v 0.491764 0.0882233 0.18587
v 0.498961 0.074373 0.174381
v 0.512215 0.0674677 0.145002
v 0.517819 0.091708 0.122899
v 0.534906 0.128317 0.0624466
v 0.527225 0.138998 0.0760443
v 0.520721 0.146369 0.0879672
v 0.513952 0.159825 0.0954396
v 0.51707 0.139326 0.101273
v -0.00911448 -0.536969 0.0990393
v -0.223001 0.040593 -0.410813
v 0.0043263 -0.533356 0.108072
v 0.0622614 -0.00978679 0.416921
v 0.00472901 -0.521745 0.13617
v -0.036143 -0.345547 0.335265
v -0.015861 -0.520737 0.138434
v -0.0267842 -0.5336 0.106273
v -0.186754 0.422062 -0.353795
v -0.0606405 -0.506729 0.165052
v -0.0311759 -0.498837 0.187503
v -0.0488161 -0.493966 0.195927
v -0.0244696 -0.456781 -0.356898
v -0.0662602 -0.492611 0.195529
v -0.084545 -0.490874 0.194173
v 0.10428 0.369118 -0.399711
v -0.0823709 -0.50588 0.160987
v -0.157617 -0.480755 0.178742
v -0.177038 -0.476567 0.17322
v 0.151559 0.338878 -0.401272
v -0.171377 -0.491202 0.145375
v 0.12976 0.317487 -0.404172
v -0.149787 -0.49636 0.149326
v -0.128601 -0.492359 0.171592
v -0.139088 -0.484272 0.182945
v -0.14832 -0.474321 0.198491
v 0.104428 0.0122202 0.475102
v -0.145282 -0.509744 0.121024
v 0.560289 -0.181512 -0.0754546
v -0.166986 -0.504726 0.117422
v -0.1687 -0.517018 0.0857398
v -0.710801 -0.0547683 0.224709
v -0.149549 -0.520009 0.0926433
v 0.609224 0.0398353 0.0214689
v -0.134353 -0.293083 -0.40615
v -0.699921 -0.0446257 0.237797
v -0.35129 0.475254 -0.0681757
v -0.105883 -0.27798 -0.407682
v 0.757973 -0.0988811 0.0203561
v 0.742755 -0.106722 0.0282221
v 0.746549 -0.106164 0.0111728
v -0.134518 -0.259552 -0.407967
v 0.746745 -0.0990764 -0.037747
v 0.695422 -0.124222 -0.0724378
v 0.707463 -0.122421 -0.0558445
v 0.691478 -0.129127 -0.0531991
v 0.654107 -0.121254 -0.126451
v 0.66989 -0.11968 -0.11482
v 0.666966 -0.128649 -0.0976793
v -0.279026 -0.528081 -0.141356
v -0.274929 -0.529907 -0.121968
v -0.290694 -0.521948 -0.128464
v -0.305732 -0.513468 -0.137557
v -0.292567 -0.516401 -0.0857128
v -0.304175 -0.511838 -0.0996512
v -0.287161 -0.522184 -0.106353
v -0.280968 -0.519963 -0.0705787
v -0.297291 -0.510313 -0.0674006
v -0.330687 -0.497077 -0.114732
v -0.337582 -0.490839 -0.0991313
v -0.100061 -0.242801 -0.409238
v -0.3519 -0.480296 -0.0958862
v -0.63959 0.0525003 -0.181749
v -0.652983 0.0438367 -0.181709
v -0.653875 0.0254828 -0.188327
v -0.323902 -0.433307 0.0961683
v -0.33911 -0.420057 0.0994113
v -0.338695 -0.428483 0.0830452
v -0.341957 -0.433825 0.066291
v -0.347461 -0.437447 0.0489532
v -0.263376 -0.457008 0.128424
v -0.246103 -0.465785 0.129728
v -0.249225 -0.456305 0.146269
v -0.237233 -0.454212 0.163715
v -0.254377 -0.445728 0.162318
v -0.280337 -0.447735 0.126915
v -0.277964 -0.456943 0.110374
v -0.727016 -0.0103552 -0.143902
v -0.712127 0.00130355 -0.155018
v -0.711202 0.0207516 -0.153816
v -0.712712 -0.0151858 -0.153664
v -0.74425 -0.0112456 -0.130795
v -0.751434 -0.0260407 -0.12216
v -0.765508 -0.0239747 -0.110532
v -0.777374 -0.0217349 -0.100688
v -0.7664 0.0115509 -0.113094
v -0.781846 0.00828575 -0.100169
v -0.762587 0.032185 -0.111021
v -0.378389 -0.446846 -0.0391186
v -0.387933 -0.436076 -0.0311972
v -0.388191 -0.441897 -0.0503294
v -0.138681 -0.238545 -0.408698
v -0.383629 -0.450243 -0.0682998
v -0.376694 -0.452654 -0.0541896
v -0.367262 -0.456835 -0.0431575
v -0.625259 0.0213224 -0.20367
v -0.609487 0.024649 -0.211047
v -0.627758 0.00367713 -0.203851
v -0.639811 0.0147453 -0.197175
v -0.213309 -0.503574 0.0781434
v -0.743474 0.0590853 0.202667
v -0.190691 -0.510324 0.0834232
v -0.132293 -0.199634 -0.410071
v -0.187942 -0.499072 0.113437
v -0.208053 -0.492998 0.109067
v -0.220591 -0.482673 0.120015
v -0.215647 -0.496259 0.0938265
v -0.230937 -0.492969 0.084965
v -0.808206 -0.0586662 0.0166121
v -0.810569 -0.0548038 0.0361718
v -0.814923 -0.0541525 0.0547632
v -0.808108 -0.0426505 0.0690904
v -0.253095 -0.52691 -0.040387
v -0.237873 -0.530417 -0.0275573
v -0.236462 -0.535597 -0.0451773
v -0.222327 -0.534128 -0.017553
v -0.224219 -0.527523 0.00127767
v -0.256656 -0.513858 -0.00209669
v -0.175923 -0.542044 0.0109637
v -0.19276 -0.539195 0.00250335
v -0.193022 -0.544113 -0.0138812
v -0.182355 -0.550872 -0.0259374
v -0.163985 -0.55453 -0.0191852
v -0.780331 -0.0470952 -0.004396
v -0.773567 -0.0314493 0.00189293
v -0.730623 -0.0288674 -0.0519917
v -0.742356 -0.0240207 -0.0372783
v 0.770859 0.000176985 0.264824
v 0.780781 -0.0127103 0.275467
v 0.783541 0.00517785 0.279756
v 0.765582 0.0133772 0.253428
v -0.452637 0.0155958 -0.362892
v -0.464493 0.00897848 -0.350342
v -0.441425 0.021739 -0.374699
v -0.441052 0.00518445 -0.374884
v -0.766352 -0.0313048 0.175331
v 0.696485 -0.0948131 0.042347
v -0.187842 -0.553571 -0.0438991
v -0.205871 -0.548368 -0.0478821
v -0.221397 -0.543186 -0.0508215
v -0.232916 -0.540891 -0.0621147
v -0.123384 -0.581755 -0.108792
v -0.133374 -0.578057 -0.0953509
v -0.125636 -0.577011 -0.0783005
v -0.145164 -0.572931 -0.0799132
v -0.158926 -0.567125 -0.0669914
v -0.163308 -0.569215 -0.0854064
v -0.366478 0.465949 -0.0776508
v 0.701577 -0.12656 -0.0361334
v 0.302662 0.439011 -0.28785
v -0.444826 0.392429 -0.0762035
v -0.258536 -0.534458 -0.0891884
v -0.268056 -0.53187 -0.104747
v -0.154029 -0.221492 -0.408951
v 0.756752 -0.0916371 0.0990245
v 0.551452 0.0676911 -0.257876
v 0.769265 -0.0825697 0.132847
v -0.155231 -0.571084 -0.180489
v -0.135262 -0.576304 -0.179229
v -0.147094 -0.575459 -0.16735
v -0.14914 -0.576539 -0.151768
v -0.226417 -0.549844 -0.16656
v -0.243592 -0.542377 -0.169845
v -0.539154 -0.0155158 0.254948
v -0.415257 0.353964 0.0860621
v 0.438432 0.217324 -0.32713
v -0.0583304 0.447004 -0.365601
v -0.0422342 0.451383 -0.361685
v -0.173126 -0.224382 -0.408361
v -0.0519931 0.46139 -0.349897
v -0.0426065 0.474394 -0.338688
v -0.030918 0.487393 -0.328509
v -0.022866 0.474065 -0.3403
v -0.00414746 0.472652 -0.342305
v -0.0155879 0.459977 -0.353937
v 0.551073 0.0866511 -0.254841
v -0.208909 -0.217793 -0.407382
v -0.180755 0.465648 -0.320119
v -0.0841861 0.48148 -0.328184
v -0.101458 0.47313 -0.332287
v -0.178249 -0.242365 -0.407468
v -0.116148 0.478556 -0.325357
v -0.633475 -0.00812094 0.188713
v -0.620283 0.00662448 0.188608
v -0.61481 -0.0132511 0.18961
v -0.646641 -0.0243307 0.19041
v 0.28804 0.440465 -0.295207
v -0.642953 -0.0432791 0.197729
v -0.608318 -0.0308696 0.194386
v -0.58722 -0.0324991 0.194972
v -0.622505 -0.0452099 0.200323
v -0.636597 -0.0560004 0.209679
v -0.765007 -0.0125685 0.17077
v -0.204722 -0.256443 -0.405575
v -0.76613 0.00618369 0.168991
v -0.765039 0.0239867 0.171626
v -0.748249 0.0121108 0.175548
v -0.730117 0.0203266 0.181593
v -0.730616 0.0018592 0.179372
v -0.783714 0.0203904 0.160528
v -0.779058 0.0375416 0.170305
v -0.519868 0.0284514 0.188593
v -0.520945 0.00860879 0.18479
v -0.538223 0.0216899 0.192194
v -0.558035 0.0178245 0.19189
v -0.607467 0.0179485 0.190034
v -0.602354 0.0338368 0.194084
v -0.590698 0.0171297 0.190755
v -0.638967 0.0156552 0.188947
v 0.139042 -0.137439 -0.411521
v -0.634686 0.0356722 0.193399
v -0.779948 -0.0193043 0.163852
v -0.0268642 0.448485 -0.365961
v -0.0400693 0.439752 -0.375739
v -0.00951413 0.446017 -0.369655
v 0.00823418 0.444437 -0.372328
v 0.0350575 0.428656 -0.383662
v -0.165938 -0.259552 -0.407076
v -0.647214 -0.0248028 -0.191007
v -0.664572 -0.0196697 -0.183126
v -0.688889 -0.0282232 -0.1667
v -0.730425 -0.0549232 -0.117839
v -0.729211 -0.0612767 -0.0992555
v -0.744073 -0.0545247 -0.106385
v -0.758204 -0.0538478 -0.0958801
v -0.756643 -0.0408454 -0.110631
v 0.0595796 0.0838994 0.505292
v 0.0444219 0.0798848 0.512745
v 0.057812 0.0696916 0.514912
v -0.699634 -0.0439243 -0.0903247
v 0.150474 -0.151402 -0.411061
v -0.173337 -0.279532 -0.405556
v 0.485433 0.0657405 0.207898
v 0.485103 0.0842597 0.202471
v 0.478495 0.0796461 0.218778
v 0.471706 0.0741503 0.235097
v -0.149581 -0.274259 -0.406807
v 0.489028 0.0141459 0.208716
v 0.48831 -0.00591774 0.210592
v 0.496304 0.00222549 0.192595
v 0.50145 -0.0104517 0.180443
v 0.52865 0.0288468 0.112932
v 0.523721 0.0411178 0.123152
v 0.521395 0.0218654 0.131701
v 0.514074 0.0141105 0.150213
v 0.143693 -0.170384 -0.410755
v 0.532395 0.0166433 0.105057
v 0.535961 0.0298285 0.0946259
v 0.430535 0.115594 0.290341
v 0.41795 0.124002 0.300737
v 0.44149 0.106559 0.278623
v 0.177004 -0.174515 -0.4099
v 0.295757 0.427291 -0.301804
v -0.357743 0.477379 -0.106214
v -0.759006 -0.0616645 -0.0789518
v -0.770853 -0.0537814 -0.0866997
v -0.806429 -0.0555819 -0.0396837
v -0.829542 0.0596722 0.0731176
v -0.839425 0.0617608 0.0903794
v -0.829928 0.0579043 0.106607
v -0.727954 0.0407289 -0.0615082
v -0.211043 0.121867 -0.410268
v -0.691439 0.0206275 -0.0891965
v -0.679067 0.0264187 -0.101221
v -0.691786 0.0389384 -0.0954341
v -0.728263 0.00507954 -0.0512602
v -0.720156 -0.0121953 -0.0598921
v 0.181732 -0.110004 -0.411142
v -0.666434 0.0126166 -0.107651
v -0.313981 0.480925 -0.234112
v -0.323933 0.482897 -0.218886
v -0.337867 0.473903 -0.217937
v -0.333236 0.483485 -0.203318
v -0.348382 0.462627 -0.224275
v -0.360379 0.450009 -0.230004
v -0.355737 0.441017 -0.24719
v -0.375855 0.445592 -0.217066
v -0.387873 0.434543 -0.218247
v -0.379099 0.451 -0.200946
v -0.486503 0.203071 0.130037
v -0.476681 0.215329 0.140183
v -0.482604 0.220827 0.121769
v -0.480042 0.235262 0.112604
v 0.217441 -0.137518 -0.409556
v -0.498481 0.211278 0.0947533
v 0.18412 -0.133911 -0.410704
v -0.501171 0.193163 0.105372
v -0.523628 0.15455 0.0814658
v -0.51713 0.176834 0.0804853
v -0.526801 0.162673 0.0671629
v -0.522564 0.182159 0.0622281
v -0.529726 0.169469 0.0539417
v -0.500839 0.147291 0.141804
v -0.496518 0.166441 0.138065
v -0.505672 0.154624 0.125465
v -0.510988 0.160525 0.108451
v -0.514348 0.14168 0.113458
v -0.519522 0.147409 0.0968532
v -0.517907 0.122217 0.116726
v -0.505001 0.127177 0.14471
v -0.49591 0.139982 0.157863
v -0.552755 0.221584 -0.100715
v -0.559506 0.204664 -0.102953
v 0.222601 -0.215737 -0.40683
v -0.548503 0.2265 -0.0836009
v -0.0980333 0.12969 -0.412205
v 0.343884 -0.464998 -0.0194975
v -0.519881 0.281625 -0.0694099
v -0.524053 0.267693 -0.0550235
v -0.5135 0.286002 -0.0507766
v -0.480754 0.279873 0.0570382
v -0.486887 0.282472 0.0384953
v -0.482824 0.297048 0.0272144
v -0.496407 0.270387 0.0311893
v -0.504387 0.26589 0.0158253
v -0.502606 0.256105 0.0339651
v -0.576851 0.149477 -0.106412
v -0.580337 0.132115 -0.102205
v -0.575768 0.14396 -0.0871229
v 0.164567 -0.213085 -0.409073
v -0.572008 0.167502 -0.106589
v -0.565997 0.162493 -0.0594988
v -0.560404 0.168796 -0.0426611
v -0.560382 0.156114 -0.0287668
v -0.555538 0.171622 -0.0270987
v -0.055245 0.44902 0.283329
v -0.0584216 0.437027 0.298164
v -0.039805 0.440954 0.294768
v -0.0260725 0.430912 0.305456
v 0.0120425 0.393564 0.325166
v 0.0304366 0.39359 0.324798
v -0.00121596 0.407375 0.32069
v -0.00655239 0.388989 0.326577
v 0.0110496 0.293024 0.343159
v 0.0144828 0.310732 0.340508
v 0.0341252 0.314504 0.339678
v 0.0172129 0.328079 0.337826
v 0.0211967 0.34515 0.334994
v 0.0505446 0.301045 0.341356
v 0.05349 0.319147 0.33856
v 0.0557493 0.337743 0.33558
v -0.419975 0.102722 0.308078
v -0.402663 0.100021 0.318294
v -0.390183 0.114549 0.322044
v -0.397341 0.131516 0.316764
v 0.854912 -0.0186519 0.301997
v -0.38493 0.0973075 0.325005
v -0.378006 0.129452 0.324534
v 0.540762 0.102224 -0.26512
v -0.362732 0.189045 0.321412
v -0.373406 0.19892 0.314899
v -0.318062 0.243428 0.323634
v -0.315483 0.258993 0.320865
v -0.331719 0.255754 0.316558
v 0.156327 -0.182847 -0.410158
v -0.270746 0.205424 0.336736
v 0.332925 -0.475552 -0.0274038
v 0.319335 -0.48344 -0.0232791
v -0.26811 0.220777 0.335354
v -0.286934 0.210306 0.333892
v -0.248028 0.247953 0.334803
v -0.227247 0.239922 0.338215
v 0.104888 -0.228118 -0.4098
v 0.211972 -0.228356 -0.406701
v -0.227445 0.271577 0.334243
v 0.348841 -0.0756316 0.333197
v 0.105082 0.0329774 0.499357
v 0.0868276 0.0664817 0.500971
v 0.05792 0.0913646 0.489537
v -0.583956 0.0157761 -0.22861
v 0.405434 -0.0515261 0.319863
v -0.588693 -0.00517894 -0.225831
v 0.639837 -0.0489261 0.0318066
v 0.634248 -0.06517 0.023465
v 0.654666 -0.0450911 0.0417748
v 0.296681 -0.491442 -0.00474096
v 0.65553 -0.116393 -0.0073501
v 0.640132 -0.113871 -0.0102128
v 0.678549 -0.0905821 0.0323321
v 0.670285 -0.0735382 0.0402601
v 0.374441 -0.0611202 0.328386
v -0.686907 -0.0600824 -0.129576
v -0.699398 -0.0603071 -0.113219
v -0.704847 -0.0593879 -0.130238
v -0.668276 -0.0557505 -0.129505
v -0.728839 -0.0576424 -0.0802414
v 0.402308 -0.0693066 0.319509
v -0.639415 -0.0526222 -0.145743
v -0.635563 -0.035001 -0.134031
v -0.652077 -0.0462624 -0.131535
v -0.872011 0.0415143 0.167633
v -0.875115 0.0471737 0.14978
v -0.635209 0.048425 -0.1406
v 0.313422 -0.481222 -0.00525796
v -0.600824 0.0244977 -0.127071
v 0.239615 0.214986 -0.405864
v -0.596658 0.00946212 -0.117722
v -0.61286 -0.00600836 -0.133698
v -0.665136 0.0293484 -0.112536
v -0.649548 0.0277876 -0.122468
v -0.821086 0.0572023 0.0561577
v 0.446827 -0.206068 0.205003
v -0.524556 0.0396462 0.129671
v -0.514838 0.0240635 0.15749
v -0.532094 0.0369729 0.112223
v -0.573613 0.0135685 0.190756
v -0.526595 -0.0106145 0.18664
v 0.463281 -0.243378 0.132892
v -0.515018 -0.0243293 0.180225
v -0.240376 0.446654 0.17697
v -0.229967 0.444235 0.192308
v -0.220187 0.455555 0.179211
v -0.199448 0.463003 0.183069
v -0.211042 0.466001 0.166352
v -0.202134 0.47673 0.151719
v -0.22382 0.46796 0.150166
v 0.476283 -0.209471 0.139327
v 0.324186 -0.469536 0.00720581
v -0.191404 0.448435 0.219392
v -0.204009 0.4483 0.209198
v -0.220276 0.441184 0.208043
v -0.122432 0.14952 -0.411605
v 0.528046 0.0994949 -0.280744
v -0.133651 0.478759 0.197026
v -0.113284 0.480294 0.20448
v -0.118563 0.487122 0.186515
v -0.0979338 0.495467 0.177009
v -0.120196 0.494106 0.169788
v -0.349198 -0.15457 0.329172
v -0.13851 0.493803 0.160619
v -0.155482 0.475027 0.191506
v -0.145821 0.470103 0.208179
v -0.067805 0.472555 0.23781
v -0.0516423 0.467713 0.251381
v -0.0476601 0.476077 0.235025
v -0.0822789 0.47715 0.223723
v -0.0872963 0.468424 0.240102
v 0.244665 0.144777 -0.408369
v 0.264608 0.146964 -0.407373
v 0.32872 -0.311166 0.284224
v 0.329334 -0.298258 0.29501
v 0.31597 -0.312533 0.295172
v -0.33115 -0.149804 0.332743
v 0.340759 -0.300864 0.28099
v 0.327605 -0.282558 0.30644
v 0.339401 -0.266967 0.306571
v -0.312387 -0.144463 0.335924
v 0.34414 -0.218939 0.320369
v 0.256104 0.161691 -0.407311
v 0.352146 -0.201407 0.320953
v 0.198312 0.189119 -0.40877
v -0.268015 -0.532843 -0.152985
v 0.87258 -0.0146594 0.301766
v -0.262747 -0.533191 -0.171057
v -0.134741 -0.580414 -0.138963
v -0.117251 -0.58406 -0.14493
v -0.121101 -0.583226 -0.125798
v -0.150165 -0.56472 -0.208069
v -0.16246 -0.565554 -0.194576
v -0.267618 -0.523495 -0.0552495
v -0.264354 -0.528868 -0.0728263
v -0.246519 -0.537558 -0.0750485
v -0.173859 -0.560674 -0.0560802
v -0.154379 -0.564544 -0.0489357
v -0.1498 -0.561212 -0.0300434
v 0.740835 0.0157316 0.198273
v 0.753159 0.0471518 0.201683
v -0.578081 -0.136051 -0.0939938
v 0.747205 0.0108376 0.215805
v -0.207532 -0.524477 0.0298329
v -0.174309 -0.536408 0.0292893
v -0.169842 -0.524451 0.0660405
v -0.183684 -0.51746 0.0719733
v -0.187379 -0.522244 0.0562893
v -0.205333 -0.518697 0.0481187
v -0.230856 -0.473466 0.129834
v -0.213833 -0.478174 0.136778
v -0.192926 -0.484863 0.141485
v -0.207027 -0.473887 0.152606
v -0.197857 -0.470521 0.168218
v -0.218528 -0.462859 0.164895
v -0.364539 -0.42943 0.0363312
v -0.378147 -0.41595 0.0397553
v -0.377818 -0.423142 0.0248809
v -0.38522 -0.423912 0.00748031
v -0.38604 -0.431095 -0.0126761
v -0.364699 -0.469612 -0.0893123
v -0.378559 -0.457858 -0.0856026
v -0.310151 -0.436125 0.110509
v -0.296684 -0.437578 0.126356
v -0.283323 -0.437924 0.143217
v -0.270932 -0.436859 0.160726
v -0.287012 -0.42746 0.159231
v -0.319054 -0.505164 -0.126773
v -0.315719 -0.50635 -0.111229
v -0.0612593 -0.00237841 0.418135
v 0.675766 0.0765597 0.0450859
v 0.670718 0.0584819 0.050455
v 0.228403 0.199241 -0.407165
v -0.126697 -0.499926 0.155316
v 0.386179 0.0442829 -0.39873
v -0.103364 -0.504059 0.157289
v 0.369676 0.0542425 -0.401067
v -0.102089 -0.489379 0.190916
v -0.112738 -0.480882 0.204457
v -0.120284 -0.487453 0.186664
v -0.0383143 -0.506644 0.169177
v -0.576022 -0.13233 -0.0740366
v -0.0022896 -0.507569 0.169195
v 0.0156351 -0.492209 0.20255
v 0.00032547 -0.492497 0.202874
v -0.403074 -0.194248 -0.372269
v 0.116214 -0.0108861 0.371146
v -0.0116216 -0.557183 0.0447725
v 0.00214921 -0.562691 0.0284956
v 0.00952783 -0.556969 0.0453077
v 0.389163 -0.0303354 -0.398311
v 0.0138885 -0.545979 0.0752608
v 0.00850969 -0.539454 0.0923395
v -0.00518917 -0.544623 0.0794553
v 0.533192 -0.214261 -0.0103352
v -0.0844338 -0.578963 -0.0490667
v -0.0721109 -0.583859 -0.0663579
v 0.270836 -0.398507 0.229364
v -0.0509327 -0.584716 -0.0599715
v 0.520193 -0.224881 0.0172732
v -0.0568421 -0.577579 -0.0304064
v -0.0681805 -0.573453 -0.0188479
v -0.0763776 -0.576107 -0.0324581
v -0.319246 -0.442507 -0.275683
v -0.304256 -0.452252 -0.276294
v -0.302252 -0.466644 -0.262372
v -0.217892 -0.531438 -0.23184
v -0.234988 -0.524973 -0.231063
v -0.38386 -0.430267 -0.230879
v -0.117088 0.0340071 -0.4129
v -0.110971 0.0656601 -0.412804
v -0.383626 -0.457328 -0.158138
v -0.39687 -0.446637 -0.150113
v -0.396484 -0.444913 -0.167801
v -0.388952 0.275038 0.245478
v -0.396015 0.279968 0.226823
v -0.358617 0.329706 0.221271
v -0.367651 0.33151 0.203812
v -0.376863 0.332964 0.186618
v -0.390539 0.319814 0.182395
v -0.457531 -0.306876 0.0705815
v -0.467449 -0.300374 0.0575838
v -0.47775 -0.2929 0.0441993
v -0.479571 -0.300589 0.0274251
v -0.481897 -0.306628 0.0109959
v -0.404719 -0.332694 0.140127
v -0.387096 -0.332871 0.171325
v 0.517917 0.067981 -0.296126
v -0.412405 -0.320269 0.144217
v -0.414527 -0.328982 0.12682
v -0.482689 -0.341949 -0.0709127
v -0.482408 -0.335951 -0.0516796
v -0.368658 -0.38332 0.120096
v -0.356895 -0.386518 0.134137
v -0.344983 -0.389637 0.147686
v -0.332664 -0.392615 0.1612
v -0.347029 -0.378798 0.163457
v -0.434176 -0.404157 -0.0779081
v -0.436988 -0.396956 -0.062029
v 0.791371 0.0776642 0.130966
v 0.2526 -0.408552 0.232322
v -0.248549 -0.37534 0.288906
v -0.219642 -0.415934 0.254367
v -0.217899 -0.425804 0.238504
v -0.310584 -0.351416 0.259173
v -0.302179 -0.347552 0.274212
v -0.333089 -0.3465 0.236342
v -0.317797 -0.355832 0.243386
v 0.507522 0.273969 -0.225061
v 0.503086 0.291446 -0.214499
v 0.510598 0.258686 -0.233646
v 0.39504 0.360227 -0.285705
v 0.408874 0.358602 -0.27552
v 0.409296 0.345312 -0.284717
v 0.457055 0.351358 -0.226533
v 0.445403 0.368405 -0.22265
v 0.436028 0.385603 -0.213585
v -0.0128392 -0.569012 -0.238249
v -0.0292517 -0.572452 -0.231418
v -0.0307235 -0.562523 -0.248233
v -0.0696193 -0.498304 -0.315188
v -0.0883659 -0.4922 -0.317786
v -0.165023 -0.481232 -0.310806
v 0.00111391 -0.536177 -0.28332
v -0.0165287 -0.531973 -0.287717
v -0.230072 -0.484143 -0.285721
v -0.241936 -0.468708 -0.294936
v -0.0816259 -0.584292 -0.189391
v -0.0899406 -0.578271 -0.204811
v -0.102092 -0.572153 -0.214607
v -0.830757 0.0623545 0.0410617
v -0.813002 0.0569462 0.0386171
v -0.797607 0.0465422 0.0332666
v 0.174503 -0.491043 0.140881
v 0.187063 -0.482531 0.149803
v 0.203545 -0.476445 0.14845
v 0.19296 -0.474136 0.163027
v 0.200067 -0.464423 0.177208
v 0.180882 -0.471922 0.177574
v 0.165001 -0.478393 0.175794
v -0.109952 0.0161715 -0.413019
v -0.070278 0.0192392 -0.413384
v 0.233013 -0.506083 0.0474966
v 0.248375 -0.494528 0.0584054
v 0.217357 -0.516016 0.0394568
v 0.203275 -0.519837 0.0443331
v 0.528248 0.0581419 -0.28679
v 0.24264 -0.406021 0.246941
v 0.220526 -0.521655 0.0198459
v 0.250587 -0.395169 0.256851
v 0.236534 -0.516806 0.0133784
v 0.253048 -0.510503 0.0090453
v 0.23014 -0.513693 0.0307796
v 0.253118 -0.499663 0.0391026
v 0.169992 -0.563179 -0.0657868
v 0.182 -0.557085 -0.0546565
v 0.539972 0.0580203 -0.273794
v 0.250624 -0.386209 0.269863
v 0.134849 -0.571276 -0.0606917
v 0.265405 -0.385398 0.256679
v 0.129858 -0.575008 -0.07483
v 0.117988 -0.578571 -0.0822606
v 0.145506 -0.572234 -0.0798189
v 0.151488 -0.573369 -0.0986678
v 0.166227 -0.567136 -0.0824979
v 0.0977637 -0.490162 0.187615
v 0.076166 -0.491992 0.191035
v -0.108525 0.116735 -0.412261
v 0.0679823 -0.506564 0.161455
v 0.080258 -0.509976 0.149735
v 0.0864595 -0.504416 0.160509
v -0.0478189 -1.09502e-05 -0.413494
v 0.0402268 -0.581811 -0.0453824
v 0.0443131 -0.578077 -0.0309754
v 0.021417 -0.583807 -0.0498893
v -0.0269275 -0.00208897 -0.413551
v 0.0145562 -0.587762 -0.0692078
v 0.030729 -0.588825 -0.0785738
v -0.0308791 0.529396 0.116246
v 0.053565 -0.583665 -0.0593003
v 0.0610884 -0.578855 -0.0406694
v -0.800413 0.0295532 0.148929
v -0.795976 0.00804926 0.145626
v -0.00314849 -0.586562 -0.198577
v 0.0173179 -0.587879 -0.193153
v -0.0229946 -0.585503 -0.20158
v 0.0736899 -0.589745 -0.150737
v 0.0847732 -0.588433 -0.140753
v 0.0576573 -0.591468 -0.149805
v -0.472821 -0.366112 -0.143427
v 0.260961 -0.396368 0.244068
v -0.4858 -0.348621 -0.141734
v -0.448862 -0.378762 -0.207151
v -0.552783 -0.173527 -0.22384
v -0.772945 0.00050669 0.240541
v -0.793145 -0.000998602 0.235469
v -0.81377 -0.000813536 0.228766
v -0.060248 0.0329015 -0.413421
v -0.822015 -0.0398811 0.215088
v 0.321563 0.334095 0.2649
v -0.425322 -0.173553 0.275301
v 0.292826 0.386201 0.224597
v 0.299079 0.391626 0.207002
v 0.30442 0.39708 0.190354
v -0.0335587 0.0139947 -0.413539
v -0.325777 -0.359088 -0.333005
v -0.367603 -0.367835 -0.302546
v -0.264635 -0.4087 -0.331409
v -0.272895 -0.391848 -0.339304
v -0.320409 0.325954 0.280867
v 0.00382617 0.593135 -0.108458
v -0.436196 -0.168533 0.260804
v -0.0219301 0.0580492 -0.413386
v -0.0581715 0.591252 -0.159828
v -0.0783009 0.589403 -0.154258
v -0.0645033 0.591705 -0.13958
v -0.408937 -0.220335 0.266997
v -0.408078 -0.234768 0.255496
v -0.334538 -0.236376 0.321114
v -0.347998 -0.229053 0.318447
v -0.284578 -0.3011 0.319294
v -0.293597 -0.287722 0.321067
v -0.307511 -0.281405 0.31807
v -0.444041 -0.263572 0.157382
v -0.447982 -0.270773 0.140603
v -0.417022 -0.272838 0.198797
v -0.428589 -0.264957 0.18629
v -0.440349 -0.256079 0.173557
v 0.566687 -0.179151 -0.124344
v 0.566376 -0.178126 -0.159063
v -0.580943 -0.00547112 -0.0281777
v -0.078096 0.0620717 -0.413206
v -0.0393315 0.0663293 -0.413312
v 0.00473277 -0.438265 0.300115
v -0.0808718 -0.40031 0.320338
v -0.100694 -0.398259 0.319607
v -0.17501 -0.397262 0.30596
v 0.262543 -0.276098 -0.399858
v 0.150526 -0.443588 0.255714
v 0.160975 -0.432966 0.268084
v 0.49543 0.329905 -0.155302
v 0.484044 0.345331 -0.162339
v 0.474358 0.359899 -0.15406
v 0.298079 -0.512812 -0.175599
v 0.281054 -0.523018 -0.168789
v 0.253845 -0.512203 -0.23606
v 0.243243 -0.523124 -0.22507
v 0.226423 -0.526971 -0.231516
v -0.577118 -0.0177531 -0.0135751
v 0.124175 -0.550249 -0.24633
v 0.136419 -0.540492 -0.256707
v 0.0848151 -0.572216 -0.219661
v 0.101136 -0.567675 -0.223509
v 0.261133 -0.53217 -0.0891907
v 0.241723 -0.541232 -0.0901612
v -0.0747538 0.10941 -0.412679
v 0.239552 -0.544634 -0.113325
v 0.271699 -0.528665 -0.104112
v 0.280342 -0.522055 -0.0882547
v -0.103639 0.0458341 0.489454
v -0.0989502 0.0402667 0.473351
v 0.0283796 0.592073 -0.170155
v 0.0451743 0.592223 -0.160969
v 0.061857 0.589937 -0.168623
v 0.0741503 0.576557 -0.214431
v 0.0901017 0.57033 -0.223541
v -0.28546 -0.347521 -0.36828
v -0.105352 0.0822396 -0.41272
v -0.161504 -0.434192 -0.352243
v 0.350937 0.345143 0.206807
v 0.356141 0.349993 0.19137
v 0.36375 0.351682 0.176439
v 0.35744 0.365191 0.165246
v 0.352691 0.377089 0.152952
v 0.369033 0.449721 -0.0322268
v -0.570448 -0.0210091 0.00944661
v -0.0542976 0.0813792 -0.413126
v -0.567043 -0.0358025 0.0178472
v 0.371795 0.456069 -0.0617655
v 0.126612 -0.000113165 -0.412735
v 0.293199 0.50136 -0.0305733
v 0.415212 -0.345602 0.0939304
v 0.291568 0.5074 -0.0491658
v 0.286284 0.500415 -0.0147699
v 0.0964963 -0.00837823 -0.413132
v 0.241534 0.496393 0.0613582
v 0.236035 0.5048 0.0465635
v 0.227982 0.484568 0.104859
v 0.239048 0.485316 0.0908831
v 0.249151 0.486797 0.0755221
v -0.549858 -0.190874 -0.218231
v -0.545493 -0.208626 -0.214055
v -0.540056 -0.226662 -0.210194
v -0.568611 -0.174053 -0.173214
v -0.573956 -0.159852 -0.160938
v -0.558716 -0.209037 -0.11509
v -0.564999 -0.19149 -0.120256
v -0.505943 -0.293345 -0.212346
v -0.522709 -0.263383 -0.0410689
v -0.529462 -0.25543 -0.0521762
v -0.532376 -0.256599 -0.0682929
v 0.10487 0.0246815 -0.413035
v 0.141266 0.560568 -0.0218602
v 0.150748 0.562733 -0.0397699
v 0.141754 0.568166 -0.0533156
v 0.207276 0.538855 -0.0171038
v 0.218533 0.538563 -0.0317888
v 0.230574 0.536047 -0.0412743
v 0.217639 0.544012 -0.0523625
v 0.0723985 0.562035 0.0181377
v 0.0897223 0.556429 0.0271275
v -0.501015 -0.155102 0.135307
v -0.491969 -0.161039 0.151438
v -0.0400777 0.534145 0.102974
v 0.0779025 -0.00331906 -0.413339
v -0.551578 -0.189973 -0.0343118
v -0.55204 -0.199721 -0.0502233
v -0.448284 -0.202284 0.211412
v -0.459021 -0.191279 0.198971
v 0.426662 -0.338035 0.0832815
v -0.534057 -0.159117 0.0521307
v -0.0472828 0.539083 0.089221
v -0.0618687 0.395727 -0.396416
v 0.235849 0.246932 -0.404235
v 0.219011 0.252228 -0.404871
v 0.200144 0.258484 -0.40545
v 0.194242 0.278537 -0.404432
v -0.0297796 0.540844 0.0878942
v 0.0521246 0.427904 -0.382288
v 0.0645181 0.417523 -0.387377
v 0.876944 0.00672437 0.302992
v 0.825812 0.0383499 0.13356
v -0.513183 -0.238289 -0.248054
v 0.435544 -0.33272 0.0734579
v -0.405973 -0.291806 -0.320989
v -0.392096 -0.300586 -0.325792
v -0.403174 -0.307998 -0.314459
v -0.15299 0.403918 -0.383421
v -0.170855 0.407131 -0.376519
v -0.113573 -0.347148 0.332353
v -0.125759 -0.330549 0.33444
v -0.167376 -0.187198 0.349023
v -0.178325 -0.201595 0.346484
v -0.199062 -0.200431 0.344632
v -0.186813 -0.217371 0.344025
v -0.194568 -0.234153 0.34148
v -0.175062 -0.234407 0.343191
v -0.264699 -0.226302 0.335061
v -0.258234 -0.207015 0.337759
v -0.276707 -0.210282 0.335235
v -0.470632 0.363921 -0.175946
v -0.477973 0.351276 -0.184714
v -0.512742 0.269169 -0.225512
v -0.518068 0.274786 -0.208593
v -0.507393 0.288342 -0.215847
v 0.442195 -0.333071 0.0583924
v 0.440326 -0.344243 0.043169
v 0.165702 -0.447315 -0.338209
v 0.170428 -0.431482 -0.350365
v 0.1834 -0.43833 -0.340014
v 0.211675 -0.467002 -0.30752
v 0.196358 -0.491696 -0.291247
v 0.0656642 0.0313293 -0.413368
v 0.0214212 -0.479576 -0.335137
v 0.00327466 -0.481304 -0.334044
v 0.0656324 -0.557921 -0.248685
v 0.0455746 -0.558047 -0.251737
v -0.385729 0.0503141 -0.398996
v -0.430754 -0.2274 -0.331715
v 0.0416458 0.0132793 -0.413564
v 0.48271 -0.0883 0.205518
v -0.375141 0.00730037 -0.401065
v 0.362519 0.336336 -0.323828
v 0.367652 0.320028 -0.329677
v 0.345519 0.342787 -0.330577
v -0.236263 -0.131586 0.346545
v -0.220462 -0.124381 0.348953
v -0.204243 -0.117706 0.35141
v -0.216625 -0.102895 0.350919
v -0.254094 -0.136064 0.344105
v -0.143045 -0.0338406 0.36536
v -0.135496 -0.0148891 0.367391
v 0.0495955 0.0288745 -0.413464
v -0.125445 0.00217351 0.369868
v -0.205194 0.140346 -0.410057
v 0.211923 -0.24725 -0.405655
v -0.0383951 -0.126765 0.368425
v 0.0173989 0.0295429 -0.413541
v -0.381627 0.0295863 -0.400001
v -0.102979 -0.222878 0.35007
v -0.111844 -0.238235 0.347594
v -0.0911018 -0.240119 0.348625
v -0.0887343 -0.189772 0.355173
v -0.0958732 -0.206368 0.352604
v 0.113691 0.072001 0.367482
v 0.130035 0.0813797 0.363707
v 0.109096 0.0172094 0.373062
v 0.0977753 0.0281585 0.375784
v -0.123501 0.113249 -0.412104
v -0.276764 -0.301126 -0.394535
v -0.260128 -0.309269 -0.395557
v -0.242485 -0.316989 -0.396735
v 0.0659752 0.044088 0.385185
v 0.0625732 -0.0342036 0.391191
v 0.0498947 -0.0355037 0.405441
v 0.306749 0.485273 -0.232236
v 0.319893 0.470026 -0.241841
v 0.374043 0.423789 -0.246276
v 0.377693 0.431688 -0.231883
v 0.243349 0.50359 -0.255472
v 0.260247 0.495334 -0.255407
v 0.211905 0.506651 -0.268723
v 0.226433 0.511553 -0.254947
v 0.106472 -0.316292 0.336955
v 0.091953 -0.300745 0.33984
v 0.0851151 -0.316883 0.337775
v 0.0673786 -0.314775 0.338738
v 0.0730598 -0.329476 0.336283
v -0.00160465 0.027837 -0.413556
v -0.163639 0.117293 0.356269
v 0.0197093 -0.37986 0.328525
v 0.0272183 -0.397448 0.323844
v 0.0388536 -0.382208 0.327567
v -0.429083 -0.043612 0.308319
v 0.0193902 -0.213629 0.354183
v 0.0066908 -0.202831 0.356013
v -0.00214435 -0.223342 0.353133
v -0.0236968 -0.22233 0.353273
v -0.145756 0.111386 0.358759
v -0.00628056 -0.259163 0.348108
v 0.192605 -0.316168 -0.401255
v 0.0206951 -0.246043 0.349614
v -0.135182 0.128713 0.358095
v 0.0171957 -0.23079 0.351805
v 0.0353575 -0.00530023 -0.413608
v -0.00558444 -0.455135 -0.359317
v -0.0187069 -0.445269 -0.371046
v -0.278042 0.42708 0.172642
v -0.267575 0.424753 0.189243
v -0.259714 0.436975 0.175199
v -0.251654 0.448461 0.161474
v -0.244084 0.459052 0.148008
v -0.263856 0.449431 0.145642
v -0.280273 0.440094 0.144595
v 0.00661747 0.0108026 -0.413601
v -0.000233827 -0.0214721 -0.413581
v -0.208659 0.4206 0.256118
v -0.219268 0.424691 0.239544
v -0.229609 0.412432 0.251446
v -0.152927 -0.374611 -0.3961
v -0.173161 -0.371384 -0.394765
v -0.0356484 -0.360644 -0.40282
v -0.0277278 -0.344436 -0.40451
v -0.0157067 -0.360717 -0.402958
v -0.128182 0.110361 0.360811
v -0.043962 -0.375979 -0.400683
v -0.0534382 -0.360608 -0.402554
v 0.0362158 -0.121691 -0.41279
v -0.419431 -0.0142957 0.314335
v 0.0327006 -0.102802 -0.413021
v -0.110297 0.115974 0.36229
v 0.0640647 -0.092035 -0.413008
v 0.016067 -0.0339915 -0.413532
v 0.097836 -0.0991449 -0.412621
v 0.130771 -0.104669 -0.412136
v 0.0957917 -0.120678 -0.412383
v 0.103123 -0.14163 -0.411944
v 0.069733 -0.134161 -0.412463
v 0.0422723 -0.140922 -0.412469
v -0.304987 -0.0717242 -0.40696
v -0.289197 -0.0629634 -0.407969
v -0.288162 -0.0852375 -0.407722
v -0.271305 -0.0982136 -0.408328
v -0.287486 -0.107045 -0.407321
v -0.287151 -0.128193 -0.40679
v -0.304732 -0.114606 -0.406032
v -0.322997 -0.120486 -0.404348
v -0.322336 -0.10114 -0.405027
v -0.33825 -0.0869109 -0.40393
v -0.320854 -0.0806404 -0.405676
v 0.0775898 -0.256344 -0.409174
v 0.0921327 -0.241727 -0.40952
v 0.116353 -0.260703 -0.408299
v 0.152161 -0.264492 -0.407104
v 0.121576 -0.279594 -0.407184
v 0.0893924 -0.292366 -0.407222
v 0.0752584 -0.306026 -0.406619
v 0.0691502 -0.288206 -0.4078
v 0.036469 -0.291793 -0.407944
v 0.063375 -0.269717 -0.408779
v 0.0575737 -0.251638 -0.409587
v -0.16621 0.0273329 -0.412195
v -0.152648 0.0425497 -0.412336
v -0.144628 0.0030782 -0.412624
v -0.116281 -0.0147169 -0.41293
v -0.129909 -0.0303967 -0.412739
v -0.117066 0.0961286 0.364114
v -0.166179 -0.0274659 -0.41224
v 0.429315 0.179714 0.260107
v -0.18369 -0.0215499 -0.411916
v -0.102918 0.0840816 0.368127
v -0.178936 0.0142008 -0.41202
v -0.190659 0.0444313 -0.411609
v -0.342357 -0.213528 -0.396278
v -0.120551 0.0763157 0.366188
v -0.309728 -0.225105 -0.399729
v -0.315269 -0.24367 -0.397172
v -0.328661 -0.229388 -0.396801
v -0.44925 0.352683 -0.239827
v -0.463506 0.341648 -0.23183
v -0.40116 0.352594 -0.288386
v -0.38469 0.362625 -0.294059
v -0.38129 0.288725 -0.338988
v -0.390816 0.299597 -0.327005
v -0.3831 0.317625 -0.322602
v -0.406043 0.237258 -0.345841
v -0.43122 0.237424 -0.32701
v -0.135773 0.0660554 0.364315
v -0.403039 -0.00672511 0.321513
v 0.922653 -0.0246446 0.280693
v 0.901574 -0.0274335 0.259694
v 0.882504 -0.0460637 0.263601
v 0.382057 -0.402506 0.0548216
v 0.367487 -0.41028 0.0660633
v 0.37163 -0.416741 0.0451235
v 0.0359532 -0.064683 -0.413302
v -0.150668 0.0541571 0.362474
v 0.066345 -0.0305167 -0.413361
v 0.892967 -0.0127057 0.244489
v 0.405732 -0.390217 0.0316162
v 0.394437 -0.39589 0.0438558
v 0.34807 -0.483461 -0.121315
v 0.33211 -0.494923 -0.12438
v 0.327901 -0.498171 -0.141441
v 0.391006 -0.4461 -0.090424
v 0.404612 -0.436335 -0.105024
v 0.402784 -0.430654 -0.0672374
v 0.388965 -0.438613 -0.0509879
v 0.389118 -0.443939 -0.0716118
v 0.288924 -0.437431 0.134604
v 0.273587 -0.443544 0.141817
v 0.283075 -0.446301 0.124079
v 0.276026 -0.456351 0.111713
v 0.293188 -0.447974 0.10678
v 0.157891 0.464645 0.2098
v -0.344428 0.487141 -0.109162
v 0.903507 -0.0101064 0.253867
v -0.151393 0.075291 0.360895
v 0.739532 0.100017 -0.0566856
v 0.285336 -0.432279 0.149477
v 0.439915 0.172839 0.245888
v -0.166494 0.0796126 0.358475
v 0.139014 0.575453 -0.179386
v 0.154834 0.572903 -0.171077
v 0.252353 0.52668 -0.207596
v 0.266498 0.526225 -0.18909
v 0.269415 0.518194 -0.208633
v -0.179233 0.0891273 0.356363
v -0.512049 -0.108594 0.137227
v 0.449848 0.168957 0.229694
v -0.5599 -0.131478 -0.00383287
v 0.0601644 0.580829 -0.0498491
v -0.340422 -0.0687424 0.335421
v -0.355231 -0.0788853 0.332444
v -0.371082 -0.0864602 0.328895
v -0.376074 -0.106808 0.32648
v -0.275183 -0.0639271 0.345125
v -0.257294 -0.0596566 0.347651
v -0.239428 -0.0539588 0.350185
v -0.224195 -0.0474175 0.3524
v -0.234577 -0.0341988 0.351274
v -0.407343 -0.1647 0.302015
v -0.413408 -0.178109 0.28914
v -0.401986 -0.18083 0.300239
v 0.0296762 0.0632193 0.391282
v -0.585215 -0.116111 -0.139595
v -0.578681 -0.0672456 -0.0326565
v -0.57928 -0.0826618 -0.0436046
v 0.826055 0.00686854 0.304365
v -0.395497 -0.0906011 -0.395475
v -0.159037 0.0959809 0.358495
v 0.0514611 -0.0565969 -0.413306
v -0.387846 -0.11841 -0.39563
v 0.240619 -0.0224274 -0.410111
v 0.358606 0.470614 -0.184702
v 0.285019 0.522676 -0.157422
v 0.269975 0.529196 -0.16761
v 0.155251 -0.391359 0.314597
v 0.335518 -0.330101 0.252412
v 0.277894 -0.0253854 -0.408655
v 0.321105 -0.333016 0.267502
v 0.339045 -0.364286 0.195635
v 0.344169 -0.369011 0.180231
v 0.348043 -0.375157 0.163978
v 0.360193 -0.370925 0.151339
v 0.370778 -0.368096 0.138133
v 0.289599 -0.040927 -0.407899
v 0.526657 -0.0452197 -0.290159
v 0.515213 -0.0602788 -0.300352
v 0.0846505 -0.038691 -0.413159
v -0.551254 -0.0717818 -0.260936
v -0.570494 -0.0664455 -0.233651
v 0.190739 0.563435 -0.111218
v 0.184829 0.566263 -0.127176
v -0.426792 -0.107455 0.302125
v -0.449598 -0.0944483 0.276
v -0.457825 -0.0789172 0.266416
v -0.471129 -0.125639 0.217586
v 0.121368 -0.055706 -0.412682
v -0.858287 -0.0589014 0.0781431
v -0.553261 0.0843518 0.0432116
v -0.571873 0.045112 5.7712e-05
v -0.576561 0.0389124 -0.0158592
v 0.0916927 0.010588 -0.413197
v -0.539837 0.00232432 0.0967104
v -0.543948 0.0177845 0.0856258
v -0.547343 0.000348997 0.0776104
v 0.0675202 -0.0486131 -0.413254
v -0.535156 -0.0606766 0.099378
v -0.527511 -0.0663417 0.116275
v -0.590825 -0.0321515 -0.0874297
v -0.592242 -0.0182324 -0.0974643
v -0.59124 -0.0487407 -0.0977322
v -0.329019 0.497918 -0.112833
v 0.923387 0.00404164 0.296908
v 0.0488195 -0.416734 -0.389637
v 0.0587268 -0.42819 -0.382328
v 0.0277195 -0.419947 -0.388725
v -0.373469 0.276417 -0.351805
v 0.349093 0.482255 -0.110244
v 0.339268 0.490264 -0.126531
v 0.327862 0.497965 -0.140903
v 0.448921 -0.277672 0.123187
v 0.482308 -0.289383 0.0316149
v 0.489616 -0.286537 0.0164574
v 0.494976 -0.287333 -0.000270587
v 0.0661446 -0.015033 -0.413432
v 0.388141 -0.311943 0.193924
v 0.141048 0.115793 -0.411768
v 0.458911 -0.356488 -0.0311311
v 0.450629 -0.370784 -0.0404569
v 0.438112 -0.387563 -0.0454546
v 0.452293 -0.375053 -0.0583603
v 0.0723639 0.199321 -0.410962
v 0.46498 -0.343268 -0.0193632
v 0.546503 -0.125298 0.0332372
v 0.15871 -0.374655 0.321316
v 0.159203 -0.35685 0.326392
v 0.142685 -0.363762 0.3263
v 0.125954 -0.371141 0.325951
v 0.537919 0.0109138 0.0915691
v 0.532363 -0.000454388 0.105866
v 0.526287 -0.00954256 0.120943
v 0.533163 -0.0211619 0.103351
v 0.481211 -0.0175757 0.225406
v 0.487327 -0.0264285 0.211305
v 0.296532 -0.0204643 -0.40766
v 0.551814 -0.0490563 0.0501039
v 0.554409 -0.0632441 0.0399933
v 0.156568 -0.41401 -0.374615
v 0.172449 -0.418507 -0.36341
v 0.315227 0.166008 0.333526
v 0.330129 0.159689 0.331659
v 0.348169 0.153645 0.328974
v 0.404663 0.133951 0.309682
v 0.388462 0.142944 0.317777
v 0.418277 0.0509976 0.313546
v 0.429301 0.0638862 0.30393
v 0.446682 0.153791 0.246234
v 0.191574 0.111363 0.352986
v 0.211514 0.116251 0.350232
v 0.230198 0.12253 0.34753
v 0.244114 0.131025 0.345271
v -0.336761 0.086782 -0.404374
v 0.171017 0.54651 -0.232931
v -0.338595 0.107859 -0.403601
v -0.325438 0.123167 -0.404324
v -0.311847 0.13781 -0.404918
v -0.308034 0.116791 -0.405972
v -0.290607 0.110157 -0.407255
v -0.305128 0.0956805 -0.406677
v -0.303113 0.0749595 -0.40711
v -0.320274 0.0805064 -0.4059
v -0.337435 0.0634468 -0.404698
v -0.441027 -0.0137467 -0.375032
v -0.386285 0.162231 -0.391609
v -0.367842 0.173733 -0.395145
v -0.415768 0.118139 -0.385437
v -0.413238 0.0781916 -0.390986
v -0.414604 0.0974643 -0.388998
v 0.0391541 0.0763727 0.45319
v -0.464913 -0.125243 -0.335386
v -0.453784 -0.134159 -0.342908
v -0.453751 -0.150759 -0.338608
v -0.514939 -0.102244 -0.297734
v -0.523304 -0.0820848 -0.292923
v 0.315363 -0.0142239 -0.406473
v 0.0858143 0.187111 -0.411154
v -0.191935 0.225171 0.343402
v -0.180507 0.208434 0.346169
v -0.17123 0.224342 0.345262
v 0.0550268 0.193182 -0.41126
v 0.3037 0.000470552 -0.407313
v -0.173926 0.256332 0.341365
v -0.182818 0.273008 0.338552
v -0.194679 0.257942 0.339401
v -0.0845855 0.0400776 0.379105
v -0.0274338 0.156682 0.362919
v -0.0306827 0.140019 0.365802
v -0.0319293 0.122565 0.369359
v -0.284879 0.0269686 0.344858
v -0.298726 0.0447101 0.342689
v 0.119401 0.137527 -0.411786
v -0.320625 0.0175465 0.339751
v -0.327677 -4.5047e-07 0.338605
v -0.308491 0.00227379 0.341612
v -0.290377 0.00685447 0.344215
v -0.272271 0.0113033 0.346615
v -0.0791485 0.27179 0.344768
v -0.0838592 0.255633 0.34675
v -0.088916 0.237544 0.348874
v -0.093984 0.219164 0.350929
v -0.0748867 0.224762 0.35116
v -0.0439618 0.0695677 0.384883
v -0.063523 0.0685923 0.379812
v -0.0533923 0.0541675 0.387413
v -0.283852 0.145895 0.340284
v 0.0780487 0.127122 -0.412385
v -0.270054 0.13341 0.342917
v -0.256491 0.120823 0.345349
v -0.252286 0.140035 0.344654
v -0.249156 0.156974 0.343775
v -0.417567 0.00476834 0.315802
v -0.255595 0.17291 0.341684
v -0.282688 0.163105 0.339116
v -0.292429 0.178554 0.336423
v -0.0181187 -0.0966165 0.510909
v 0.000817857 -0.102701 0.507094
v -0.000802146 -0.0862059 0.515931
v 0.152778 -0.330972 -0.402032
v 0.147475 -0.349116 -0.400232
v 0.129321 -0.352372 -0.400749
v 0.111167 -0.357197 -0.400965
v 0.0792264 0.14677 -0.412113
v 0.229473 -0.439511 -0.322332
v 0.257758 -0.154527 -0.407469
v 0.277836 -0.145252 -0.406649
v 0.275022 -0.16463 -0.406209
v 0.292904 -0.176811 -0.404377
v 0.273316 -0.184718 -0.405468
v 0.25525 -0.192616 -0.4062
v 0.237828 -0.202884 -0.406673
v 0.237469 -0.183252 -0.407467
v 0.219418 -0.175546 -0.408467
v 0.237998 -0.164259 -0.408077
v 0.239215 -0.143687 -0.40857
v 0.309217 0.120974 -0.405412
v 0.286268 0.119421 -0.406991
v 0.297249 0.135345 -0.405832
v 0.276433 0.160271 -0.406219
v 0.329733 0.124672 -0.403505
v 0.326427 0.10679 -0.404417
v 0.178443 0.19804 -0.409103
v 0.210592 -0.443632 -0.326193
v 0.180701 0.166611 -0.409976
v 0.15838 0.202512 -0.409525
v 0.150161 0.185461 -0.410217
v 0.127587 0.207426 -0.410004
v 0.109819 0.210704 -0.410164
v 0.308479 0.0212168 -0.406996
v 0.102526 0.229128 -0.409673
v 0.2911 0.0154937 -0.408097
v 0.135017 0.241463 -0.408558
v 0.394471 0.0277684 -0.397405
v 0.403615 0.00987876 -0.395541
v 0.388817 -0.109211 -0.395157
v 0.37352 -0.0972272 -0.398825
v 0.391944 -0.0885174 -0.395788
v 0.0297684 0.0727146 -0.413283
v 0.0135686 0.0636285 -0.413362
v -0.00988524 0.0902978 -0.413186
v 0.277381 -0.492943 -0.246397
v -0.0216976 0.121831 -0.412789
v -0.0356263 0.153217 -0.412231
v -0.00183428 0.129275 -0.412724
v 0.0111083 0.144934 -0.412441
v 0.0263885 0.11196 -0.412956
v 0.416046 -0.380491 -0.248575
v 0.0449765 0.0853202 -0.413111
v 0.0677303 0.0620363 -0.413163
v -0.0025284 -0.0701835 0.520245
v -0.0158963 0.013071 0.524055
v 0.255669 -0.422894 -0.324035
v 0.266321 -0.408114 -0.329722
v 0.284041 -0.406345 -0.322716
v 0.328659 -0.476498 -0.222446
v 0.316419 -0.488202 -0.215955
v 0.35629 -0.339155 -0.325582
v 0.341964 -0.355145 -0.324887
v 0.42156 -0.337237 -0.279542
v 0.425653 -0.350767 -0.26591
v 0.410257 -0.351474 -0.279485
v 0.400053 -0.363254 -0.279353
v 0.260241 0.0342407 -0.409401
v 0.212366 0.0196101 -0.410977
v 0.430337 -0.3241 -0.280507
v 0.414005 -0.401709 -0.225086
v 0.399843 -0.414386 -0.226843
v 0.284865 -0.353875 -0.361455
v 0.30012 -0.341366 -0.36164
v 0.313392 -0.326717 -0.363247
v 0.196968 -0.393533 -0.379035
v 0.223638 -0.389248 -0.369425
v 0.223594 -0.374073 -0.382269
v 0.236323 -0.388387 -0.361555
v -0.871944 0.0147265 0.18688
v -0.212795 0.349754 -0.394542
v -0.231154 0.339787 -0.394247
v -0.247966 0.327958 -0.394302
v 0.385712 -0.248388 -0.357598
v -0.248094 0.347043 -0.388043
v -0.457644 0.0624014 -0.354245
v -0.127139 0.365403 -0.399135
v -0.144676 0.352739 -0.400058
v -0.164387 0.374287 -0.394493
v -0.0311488 0.302277 -0.407184
v -0.0154148 0.290544 -0.407858
v -0.0328364 0.283469 -0.408199
v -0.0334872 0.26713 -0.408954
v -0.0491763 0.275883 -0.408478
v -0.0660202 0.265721 -0.408764
v -0.0656573 0.286435 -0.407814
v -0.0809228 0.297006 -0.407018
v -0.0633345 0.306266 -0.406706
v -0.0597034 0.326199 -0.405294
v -0.0456181 0.314637 -0.40632
v -0.311438 0.266855 -0.394881
v -0.306066 0.247745 -0.398289
v -0.318681 0.235126 -0.397744
v 0.861592 0.0212972 0.302934
v 0.621226 -0.119925 -0.149424
v 0.678273 -0.131748 -0.0675107
v 0.670264 -0.122025 -0.0118163
v 0.245878 0.018817 -0.409958
v -0.499487 -0.0681466 0.222812
v -0.483206 -0.0759899 0.227425
v -0.474736 -0.0696665 0.242127
v -0.855152 -0.00294835 -0.0120817
v -0.626924 -0.0594477 0.22477
v -0.648697 -0.0581299 0.224049
v -0.580575 -0.0482775 0.202769
v -0.181785 0.363769 -0.39503
v 0.573338 -0.0125665 0.0219289
v -0.49682 0.0720877 -0.317355
v -0.48431 0.0807045 -0.326856
v -0.57061 0.0959537 -0.22302
v -0.561606 0.101605 -0.237907
v -0.526688 0.105898 -0.283656
v -0.531573 0.124035 -0.273647
v -0.524341 0.141032 -0.277182
v -0.563332 0.0698645 0.0193617
v -0.494356 -0.0433533 -0.322781
v -0.490901 -0.0605147 -0.324133
v 0.209525 -0.12029 0.350261
v 0.195942 -0.111994 0.352491
v 0.0212258 0.460945 0.267203
v 0.21537 -0.134579 0.348517
v -0.243702 0.2827 0.330499
v -0.170962 0.317994 0.33327
v 0.0358389 0.452925 0.279205
v 0.141308 -0.216558 0.347731
v 0.137353 -0.235022 0.345877
v 0.155068 -0.228948 0.345385
v 0.173625 -0.223201 0.344573
v 0.192454 -0.219116 0.34341
v 0.179366 -0.205914 0.345868
v -0.0283637 0.173251 -0.411862
v 0.147696 -0.198247 0.34923
v -0.00312911 -0.078366 0.386331
v 0.11201 -0.0972848 0.364639
v 0.106467 -0.0798734 0.367606
v 0.0922438 -0.0937327 0.367848
v 0.0655639 0.0538497 0.51814
v 0.0171865 0.00565014 0.524019
v -0.0401857 0.201665 -0.411211
v 0.0309944 -0.0108436 0.523529
v 0.219959 0.222985 0.340278
v 0.206175 0.198896 0.344109
v 0.202495 0.182241 0.346007
v 0.221205 0.183321 0.343932
v 0.244287 0.199015 0.339973
v 0.257152 0.20727 0.337674
v 0.23918 0.215791 0.338912
v -0.00524074 0.258932 0.348112
v -0.0150288 0.242725 0.350353
v 0.00314401 0.246931 0.349809
v 0.00455204 0.275576 0.345727
v -0.0164897 0.271184 0.346339
v 0.167882 0.271244 0.339576
v 0.154727 0.259792 0.342031
v 0.144251 0.248893 0.344149
v 0.0669253 0.288612 0.34272
v 0.0830295 0.276087 0.343919
v 0.0865534 0.294204 0.34126
v 0.0359599 0.160666 -0.412065
v 0.34379 -0.207107 -0.396114
v 0.354225 -0.193739 -0.395424
v 0.366914 -0.180214 -0.394254
v 0.429739 -0.0581039 -0.381966
v 0.248163 -0.00379417 -0.409904
v 0.426249 -0.124967 -0.371655
v -0.87347 0.0436503 0.0608631
v -0.465476 -0.0111348 -0.349626
v -0.821955 0.050334 0.123393
v 0.316394 -0.424147 -0.291982
v 0.377172 -0.455857 -0.183251
v -0.554518 0.127687 0.0146586
v -0.548408 0.145283 0.0202843
v -0.541815 0.147179 0.037933
v -0.559655 0.143177 -0.0141689
v -0.00912073 0.179992 -0.411776
v -0.539814 0.0346712 0.0939707
v -0.547014 0.0344916 0.0756161
v -0.502246 0.104083 0.162304
v -0.508242 0.107133 0.147394
v 0.00404745 0.193281 -0.41147
v 0.011206 0.229323 -0.410429
v 0.00806948 0.210219 -0.411014
v -0.584314 0.11937 -0.115125
v -0.583157 0.114112 -0.0955365
v 0.311263 -0.436901 -0.284569
v -0.883602 0.0299746 0.154315
v 0.15309 0.473292 0.195247
v -0.626854 -0.0374626 0.246925
v -0.578584 -0.0456687 0.243837
v -0.589322 -0.0298366 0.250664
v -0.582177 -0.0103351 0.254457
v -0.601205 -0.0139263 0.253726
v -0.619784 -0.0192059 0.252499
v -0.480117 -0.0321815 0.255334
v 0.845104 0.0344791 0.298627
v -0.493824 -0.042067 0.248804
v -0.400971 0.402068 -0.245423
v -0.400387 0.412375 -0.23391
v -0.385383 0.417478 -0.244838
v -0.277546 0.497955 -0.240651
v -0.285467 0.484963 -0.252338
v -0.302671 0.477806 -0.248401
v -0.222098 0.479435 -0.293671
v -0.201925 0.479455 -0.301376
v -0.239777 0.483807 -0.28156
v -0.231036 0.425392 -0.33363
v -0.427518 0.0827788 0.305263
v -0.433956 0.0654472 0.301456
v 0.0173952 0.450467 0.284579
v -0.367 0.0701016 0.330812
v -0.348277 0.09229 0.333615
v -0.366204 0.0911941 0.330117
v 0.508394 -0.310509 -0.146163
v 0.520775 -0.288515 -0.125266
v 0.512003 -0.304182 -0.127125
v 0.461955 -0.351305 -0.218254
v 0.473841 -0.33656 -0.216553
v 0.485146 -0.321287 -0.214363
v 0.505455 -0.291811 -0.0454918
v 0.499711 -0.307519 -0.0593267
v 0.497554 -0.316607 -0.0749804
v 0.3146 -0.210631 0.32917
v 0.320784 -0.191898 0.330154
v 0.324316 -0.175553 0.331107
v -0.022672 0.231051 -0.410402
v 0.308428 -0.176276 0.333793
v 0.273678 -0.188321 0.337659
v 0.284785 -0.199135 0.33527
v 0.351348 -0.231252 0.314829
v -0.0592411 0.208032 -0.410891
v -0.0527868 0.458904 0.267693
v -0.093103 0.423575 0.30514
v -0.106992 0.412495 0.31062
v -0.073665 0.485755 0.207716
v -0.0635921 0.49401 0.192102
v -0.0732898 0.499301 0.177179
v -0.0816367 0.504598 0.162236
v -0.0938006 0.482376 0.208307
v -0.188828 0.458451 0.201299
v -0.177903 0.469289 0.187558
v -0.166999 0.478397 0.175989
v -0.157951 0.487076 0.163415
v -0.179486 0.481491 0.16004
v -0.0580108 0.246389 -0.409639
v -0.581816 -0.000849667 0.189295
v -0.0398637 0.220187 -0.410702
v -0.643631 -0.0162398 -0.123536
v -0.639573 0.0056156 -0.125356
v -0.653969 -0.00113195 -0.115239
v 0.642884 -0.030848 0.037933
v -0.59377 0.0292136 -0.219278
v -0.361997 0.225498 0.312194
v 0.300318 -0.447798 -0.281341
v 0.684795 0.0328706 -0.162893
v -0.283468 0.246152 0.329789
v 0.056532 0.287184 -0.407753
v -0.387939 0.164529 0.315653
v -0.395986 0.178135 0.307086
v 0.0244093 0.363096 0.33181
v 0.040099 0.350922 0.333706
v 0.0241913 0.37965 0.328509
v -0.0135671 0.419577 0.314265
v -0.0232459 0.25136 -0.409621
v -0.473725 0.247398 0.113209
v -0.470254 0.261125 0.104741
v -0.478583 0.261574 0.0855248
v 0.291746 -0.459128 -0.275711
v -0.566626 0.1788 -0.0895558
v -0.560247 0.191049 -0.0747138
v 0.019687 0.195129 -0.411376
v -0.566095 0.186317 -0.105188
v -0.49134 0.295184 0.00744291
v -0.492209 0.310266 -0.0234196
v -0.503889 0.295265 -0.033321
v -0.507369 0.282531 -0.0200912
v -0.503858 0.27829 -0.00155379
v -0.537301 0.252781 -0.0864549
v -0.532394 0.266382 -0.0979164
v -0.523491 0.281594 -0.0895213
v -0.486537 0.177781 0.15169
v -0.491498 0.184797 0.13484
v -0.494988 0.192426 0.120464
v 0.307084 -0.458644 -0.265983
v -0.509224 0.177851 0.0991856
v -0.344582 0.480739 -0.188888
v 0.0439589 0.207914 -0.410926
v -0.360425 0.469249 -0.189774
v -0.375309 0.458694 -0.187254
v -0.370437 0.466555 -0.170716
v -0.751333 0.00974326 -0.022489
v -0.740259 0.00705358 -0.0375035
v -0.791252 -0.0529544 -0.066323
v -0.794727 -0.0574615 -0.0501895
v 0.456772 0.0843741 0.261078
v 0.456992 0.102915 0.253832
v 0.450203 0.0988758 0.267688
v 0.512474 0.0510004 0.148753
v 0.334966 -0.440328 -0.264277
v 0.498464 0.0556658 0.180919
v 0.491924 0.051473 0.196836
v 0.497107 0.0387668 0.187612
v 0.503068 0.0390931 0.173617
v 0.507867 0.0248173 0.164236
v 0.509159 0.0408674 0.158878
v 0.518324 0.0541882 0.133595
v -0.73133 0.0360204 0.186336
v -0.166829 0.473733 -0.317385
v -0.1517 0.482957 -0.313617
v -0.488367 0.0407804 0.251908
v 0.761377 -0.0972362 0.0645491
v -0.334856 0.491783 -0.0944119
v -0.62546 0.0536418 -0.187262
v 0.295837 0.257839 0.325976
v -0.75292 0.0487117 -0.10896
v -0.74978 0.0376541 -0.119181
v -0.750928 0.00529049 -0.126368
v 0.0984006 0.585661 -0.110319
v 0.746237 -0.0920116 -0.0532108
v 0.684593 -0.118476 -0.103254
v 0.770432 -0.08936 0.031298
v 0.772535 -0.0901684 0.0510031
v -0.623035 0.0579137 0.230685
v -0.590825 0.058935 0.215957
v -0.596725 0.0488247 0.202822
v -0.552996 0.0601767 0.218687
v -0.541471 0.0552285 0.207229
v 0.623806 0.0298257 0.0287588
v 0.627299 0.0486538 0.0264429
v 0.577298 0.123811 -0.0285667
v 0.539472 0.152192 0.0337339
v 0.539423 0.136227 0.0451927
v 0.545211 0.150357 0.0180694
v 0.493516 0.129464 0.162344
v 0.487136 0.124437 0.179475
v 0.344621 -0.425179 -0.271442
v 0.507887 0.123562 0.132264
v 0.499668 0.135397 0.14492
v -0.262801 0.52468 -0.0489192
v -0.25019 0.527094 -0.0349243
v -0.243635 0.538791 -0.0720595
v -0.256747 0.53517 -0.0860513
v 0.327292 -0.431236 -0.278829
v -0.276061 0.520954 -0.0620483
v 0.0290068 0.237167 -0.410129
v -0.145154 0.56127 -0.0258783
v 0.0587475 0.21235 -0.41071
v -0.164719 0.562652 -0.0521602
v -0.144936 0.527209 0.0761328
v 0.0451291 0.275437 -0.408463
v -0.126029 0.527835 0.0863587
v -0.106931 0.52887 0.093772
v -0.113655 0.534943 0.0749036
v 0.123004 -0.0841249 0.364617
v 0.0631375 0.23079 -0.410118
v 0.116666 0.58299 -0.115528
v -0.207691 0.270997 -0.404794
v -0.706184 -0.0130492 0.249485
v -0.693781 -0.0287556 0.247155
v -0.217813 0.253781 -0.405447
v -0.748139 0.0267069 0.242311
v 0.627232 -0.0534013 -0.191587
v 0.604169 -0.1049 -0.1754
v 0.68434 -0.0329753 -0.162716
v 0.670568 -0.0314054 -0.172532
v 0.665584 -0.0135387 -0.178306
v 0.308336 0.247694 0.324877
v 0.221085 0.398471 0.278937
v -0.489385 0.0699844 0.229934
v -0.488214 0.0569676 0.243356
v 0.564084 -0.0288087 -0.24329
v -0.69785 -0.053045 0.197587
v 0.555096 0.00309616 -0.257993
v 0.547166 -0.192194 -0.215189
v 0.538099 -0.192671 -0.232779
v 0.545214 -0.176594 -0.229308
v 0.496662 -0.18922 -0.28835
v 0.498357 -0.169511 -0.293394
v 0.509919 -0.176781 -0.27906
v -0.237348 0.253273 -0.404419
v 0.531862 -0.256029 -0.186118
v 0.524053 -0.263726 -0.200634
v -0.228834 0.233532 -0.406078
v 0.420421 -0.271214 -0.317836
v 0.433114 -0.262186 -0.312624
v 0.45419 -0.247796 -0.302304
v -0.215562 0.531514 -0.233866
v -0.197652 0.53454 -0.240066
v -0.103666 0.549784 -0.254116
v -0.0834905 0.553096 -0.254017
v -0.0639717 0.554877 -0.254978
v -0.0474244 0.523454 -0.294751
v -0.24403 0.215528 -0.406168
v -0.227455 0.210786 -0.407199
v 0.42208 -0.250905 0.208137
v 0.429034 -0.25208 0.193205
v -0.135884 0.579702 -0.115533
v -0.120543 0.583117 -0.119234
v -0.182093 0.567943 -0.1234
v -0.165 0.572314 -0.113961
v -0.147461 0.576049 -0.104841
v -0.149191 0.568059 -0.199548
v -0.150158 0.572196 -0.183427
v -0.131591 0.573543 -0.194028
v -0.110403 0.5771 -0.196495
v -0.13287 0.354562 0.329624
v -0.150658 0.345928 0.329946
v -0.114543 0.348723 0.331841
v -0.170618 0.400666 0.304539
v -0.194301 0.381294 0.311935
v -0.277254 0.341358 0.301233
v -0.261081 0.35491 0.30075
v 0.0553597 0.43412 0.300932
v -0.211657 0.173652 -0.408972
v -0.722747 0.0563512 -0.0842848
v -0.702405 0.0599341 -0.122219
v -0.69778 0.0546235 -0.106169
v -0.682098 0.0565558 -0.123135
v -0.556628 0.051684 0.204417
v 0.742266 -0.0226712 0.202203
v 0.734739 -0.017099 0.185877
v 0.740657 -0.0628372 0.15148
v -0.563268 -0.0474417 0.202503
v 0.574637 0.0186349 -0.22993
v 0.502809 0.18644 -0.28278
v 0.499422 0.205638 -0.278635
v -0.727092 -0.0428653 -0.133567
v 0.475668 0.0909739 -0.330532
v 0.459211 0.0955446 -0.344124
v 0.54285 0.178704 -0.233779
v 0.534788 0.199849 -0.234999
v 0.544684 0.193774 -0.22034
v -0.210222 0.207353 -0.407991
v 0.488025 0.158749 -0.3063
v -0.191876 0.207153 -0.408555
v 0.00245664 0.486572 0.216834
v 0.32091 0.235169 0.323856
v 0.0178772 0.492727 0.202564
v 0.014451 0.500782 0.184561
v 0.00721731 0.507922 0.168398
v -0.0695576 0.558818 0.0288769
v -0.0703644 0.56445 0.0109923
v -0.0694018 0.569787 -0.00645057
v 0.0568716 0.532114 0.104179
v 0.0763156 0.529134 0.105546
v -0.167054 0.22746 -0.408505
v 0.0204315 0.557055 0.0465239
v 0.00719205 0.562971 0.0300464
v 0.612278 -0.0108617 0.0256157
v -0.418841 0.180646 -0.361902
v -0.471356 0.142192 -0.32639
v -0.462912 0.16129 -0.328497
v 0.78695 -0.0595717 0.0154779
v 0.591588 -0.0119988 0.0198066
v 0.800973 -0.0112563 0.0253195
v -0.486132 0.262812 0.0664671
v 0.76795 0.0109691 -0.0627734
v 0.767239 0.0294119 -0.0606166
v -0.501143 0.23129 0.0675236
v 0.721407 -0.0103607 -0.132921
v 0.709001 -0.0147837 -0.144986
v -0.402505 0.215432 0.280622
v -0.518455 0.222201 0.0327335
v -0.455375 0.212102 0.188183
v -0.51292 0.102206 -0.298241
v -0.440465 0.203496 0.225155
v 0.389292 0.192317 0.304976
v 0.375595 0.207857 0.30918
v 0.457649 0.255782 0.132596
v 0.448928 0.257153 0.149178
v 0.43959 0.259281 0.16552
v 0.439841 0.246621 0.179246
v 0.440706 0.232882 0.192
v 0.401395 0.237316 0.259132
v 0.391574 0.255585 0.256877
v 0.490351 0.201211 0.117269
v 0.484015 0.196172 0.136229
v 0.476623 0.192193 0.156083
v 0.500791 0.192642 0.100641
v 0.13311 0.406297 -0.384484
v 0.267216 -0.270267 0.329688
v 0.442484 -0.193132 -0.332067
v 0.534409 0.245736 -0.0681041
v 0.537202 0.232962 -0.0543948
v 0.540209 0.238399 -0.0811078
v 0.492119 0.245245 0.0662961
v 0.498915 0.243895 0.0509251
v 0.502288 0.249526 0.0347991
v 0.505268 0.256545 0.0166615
v -0.55163 0.180825 -0.219541
v -0.545156 0.197706 -0.221577
v -0.59556 0.0605289 -0.2016
v -0.554446 0.220289 -0.156579
v -0.547649 0.235831 -0.161808
v -0.550956 0.222563 -0.176122
v 0.631547 0.0299064 -0.195083
v 0.641126 0.0181403 -0.192143
v 0.0837125 0.487224 0.20059
v 0.0815781 0.480434 0.215958
v 0.090912 0.494479 0.18186
v 0.176794 -0.250644 0.341287
v 0.118213 0.451325 0.259292
v 0.106852 0.45942 0.249157
v 0.0978591 0.455065 0.261046
v -0.735166 0.0595958 -0.106855
v -0.184001 0.240068 -0.407555
v -0.175743 0.258556 -0.406875
v -0.196764 0.255897 -0.406273
v 0.67885 0.0950747 -0.139141
v -0.489568 -0.0802513 0.211611
v 0.307254 0.232323 -0.39917
v 0.739585 0.0605698 -0.0963153
v 0.564226 0.17649 -0.0914005
v -0.533795 0.0154788 -0.287674
v 0.595679 0.141208 -0.125746
v 0.630326 0.14001 -0.0892416
v 0.625695 0.139559 -0.070213
v 0.25064 0.290931 0.327951
v -0.534945 0.0347499 -0.285018
v 0.315192 0.217446 -0.399625
v 0.343798 0.25731 0.309167
v 0.383105 0.17597 -0.389636
v 0.350708 0.246049 -0.386848
v 0.334754 0.260076 -0.389172
v -0.557326 0.0673797 0.0386385
v 0.244197 -0.28911 0.330278
v 0.115988 -0.333694 0.333794
v 0.545334 -0.184487 -0.0152101
v 0.540965 -0.179778 0.00547038
v 0.539878 -0.236355 -0.075416
v 0.542494 -0.223899 -0.0619301
v 0.466533 0.304821 0.046857
v 0.490746 -0.224014 0.0936429
v 0.518277 -0.178013 0.0719107
v 0.526496 -0.166625 0.0600705
v 0.521891 -0.158695 0.0781317
v -0.553854 0.0186422 -0.263187
v 0.202312 0.440289 -0.331829
v -0.551299 -0.0159472 -0.266121
v 0.0817653 0.471743 -0.336501
v 0.25921 0.02222 0.347659
v 0.24313 0.0248293 0.349842
v -0.539591 -0.00323406 -0.281007
v 0.0585376 -0.156227 0.361076
v 0.194806 0.00561505 0.356901
v 0.24607 -0.0563575 0.348951
v 0.228947 -0.0454799 0.351606
v 0.211475 -0.03776 0.354233
v 0.210806 -0.0560504 0.353807
v 0.265846 -0.0565003 0.346293
v 0.395723 0.371529 0.0873254
v 0.404344 0.371455 0.0708345
v 0.412771 0.371954 0.0527689
v 0.414116 0.380512 0.0333675
v 0.0764447 -0.159546 0.359342
v 0.40135 0.38995 0.0416584
v 0.465377 0.356698 -0.0531845
v 0.464842 0.362979 -0.0691949
v 0.474627 0.353877 -0.0837972
v 0.0499584 -0.138012 0.3647
v 0.450719 0.384731 -0.0859975
v 0.457242 0.308208 0.0634824
v 0.451665 0.375024 -0.0549548
v 0.513821 0.281003 -0.054447
v 0.506231 0.298122 -0.0630515
v 0.50745 0.302107 -0.0803221
v 0.508376 0.305386 -0.0977433
v 0.398789 0.306293 0.182816
v 0.402601 0.293463 0.192899
v 0.409241 0.318672 0.146458
v 0.403372 0.312228 0.166499
v 0.448074 0.311143 0.0795075
v 0.564578 0.182513 -0.166089
v 0.638107 0.13532 -0.106821
v 0.648229 0.126342 -0.122277
v 0.460526 -0.156741 0.215415
v 0.451867 -0.156672 0.233742
v 0.432653 -0.202647 0.237535
v -0.19894 0.157869 -0.409805
v 0.496539 -0.144515 0.146365
v 0.489826 -0.141925 0.162653
v 0.00568547 0.56017 -0.2523
v 0.0246269 0.555337 -0.25854
v 0.487499 -0.341173 -0.149985
v 0.489849 -0.338295 -0.12068
v 0.161295 0.49065 -0.303327
v 0.18043 0.480405 -0.306654
v 0.360181 -0.00108501 0.332754
v 0.353109 0.0208366 0.333912
v 0.348377 -0.017175 0.334699
v 0.433728 -0.0824154 0.295753
v 0.42965 -0.0293364 0.307269
v 0.395291 -0.149318 0.312893
v 0.230443 0.438755 0.199653
v 0.2454 0.42779 0.205349
f 3902 3905 2
f 3902 2 6579
f 3905 3907 2
f 6581 2 3907
f 6580 6579 2
f 6581 6580 2
f 3 832 736
f 3 736 1351
f 832 3 1026
f 1026 3 10053
f 3 1351 7085
f 3 7085 10053
f 3924 4 3922
f 3922 4 12122
f 3926 4 3924
f 3926 11806 4
f 11806 11805 4
f 11805 12122 4
f 3943 3946 5
f 12119 3943 5
f 3946 3948 5
f 5 3948 11717
f 5 11717 11716
f 12119 5 11716
f 875 4686 6
f 875 6 5729
f 6 1359 5722
f 6 5730 1359
f 6 4686 5730
f 6 5722 5729
f 3981 516 7
f 3982 7 516
f 3981 7 3978
f 3985 3978 7
f 3984 7 3982
f 3984 3985 7
f 525 8 3995
f 525 3996 8
f 3996 526 8
f 8 526 3998
f 3995 8 3994
f 8 3998 3994
f 528 4000 9
f 528 9 4005
f 529 9 4000
f 529 4002 9
f 4002 4003 9
f 4003 4005 9
f 4006 533 10
f 4008 10 533
f 4009 535 10
f 535 4012 10
f 4006 10 4012
f 4008 4009 10
f 539 632 11
f 539 11 4016
f 632 4018 11
f 4014 4016 11
f 4014 11 4020
f 4018 4020 11
f 532 4022 12
f 4025 532 12
f 4024 544 12
f 4025 12 544
f 4023 12 4022
f 4024 12 4023
f 537 13 4027
f 537 4030 13
f 548 4026 13
f 548 13 4032
f 13 4026 4027
f 4032 13 4030
f 1499 14 4048
f 1499 4051 14
f 9993 4048 14
f 4051 4053 14
f 4054 14 4053
f 4054 9993 14
f 4146 15 4144
f 11267 4144 15
f 4146 11275 15
f 11268 11267 15
f 11268 15 11274
f 11274 15 11275
f 4146 620 16
f 4169 16 620
f 4171 622 16
f 11275 16 622
f 4146 16 11275
f 4169 4171 16
f 625 17 4178
f 625 4180 17
f 4187 4178 17
f 17 4180 4183
f 4185 17 4183
f 4187 17 4185
f 18 4194 633
f 18 633 4198
f 18 4189 4191
f 18 4198 4189
f 18 4191 4193
f 18 4193 4194
f 4204 637 19
f 4205 19 637
f 4205 4200 19
f 11145 19 4200
f 4204 19 4202
f 11145 4202 19
f 4206 4208 20
f 4206 20 4214
f 4208 4209 20
f 4209 4211 20
f 4211 4213 20
f 4213 4214 20
f 4216 643 21
f 643 4219 21
f 4216 21 4225
f 4219 4221 21
f 21 4221 4223
f 21 4223 4225
f 22 637 4227
f 22 4235 637
f 22 4227 4229
f 22 4229 4231
f 22 4231 4233
f 22 4233 4235
f 651 23 4236
f 651 4237 23
f 23 4243 4236
f 4237 4239 23
f 23 4239 4241
f 23 4241 4243
f 4261 4263 24
f 4261 24 12115
f 24 4263 4265
f 24 4265 11640
f 24 11640 12116
f 24 12116 12115
f 704 4330 25
f 704 25 12351
f 4330 4331 25
f 4331 10840 25
f 10840 10839 25
f 10839 12351 25
f 10650 26 3389
f 26 12241 3389
f 10649 10648 26
f 10648 12240 26
f 10650 10649 26
f 26 12240 12241
f 719 27 4360
f 719 10716 27
f 27 4358 4359
f 27 4361 4358
f 27 4359 4360
f 27 10716 4361
f 28 4385 1799
f 28 1799 4387
f 28 4384 4385
f 28 4392 4384
f 28 4387 4391
f 28 4391 4392
f 340 807 29
f 340 29 7278
f 807 8047 29
f 7278 29 2108
f 2108 29 8032
f 8032 29 8047
f 30 4431 4437
f 12289 4431 30
f 30 4437 10593
f 30 10593 10592
f 30 10592 12290
f 12290 12289 30
f 31 4441 755
f 31 755 4444
f 31 4444 4439
f 31 4439 10583
f 31 4440 4441
f 31 10583 4440
f 4448 1861 32
f 1861 4450 32
f 4448 32 10997
f 32 4450 4452
f 32 4452 4453
f 10997 32 4453
f 759 33 4456
f 4458 33 759
f 4454 33 4453
f 10969 4453 33
f 4456 33 4454
f 4458 4457 33
f 10969 33 4457
f 34 4527 4529
f 34 4533 4527
f 34 4529 4531
f 4535 34 4531
f 34 4532 4533
f 4535 4532 34
f 35 1344 2267
f 35 4785 1344
f 35 2267 4787
f 2392 35 4787
f 6899 35 2392
f 6899 4785 35
f 36 4538 4539
f 36 11134 4538
f 36 4539 4541
f 36 4541 4545
f 36 4544 4543
f 36 4543 11134
f 36 4545 4544
f 809 4574 37
f 809 37 11196
f 37 4574 4576
f 37 4576 4578
f 37 4578 11196
f 38 4595 823
f 38 823 4598
f 4593 4595 38
f 10189 4593 38
f 38 4598 4600
f 10189 38 4600
f 4611 39 833
f 39 12376 833
f 4612 39 4611
f 4614 39 4612
f 4614 10101 39
f 10101 10100 39
f 10100 12376 39
f 4656 4655 40
f 40 4655 4678
f 4656 40 4657
f 4657 40 4682
f 4680 40 4678
f 4680 4682 40
f 41 4695 4697
f 41 5731 4695
f 4699 41 4697
f 4699 5733 41
f 41 5732 5731
f 41 5733 5732
f 42 892 893
f 4711 892 42
f 4717 42 893
f 4711 42 4710
f 4717 4710 42
f 43 4733 4734
f 43 12465 4733
f 43 4734 8474
f 9782 8471 43
f 43 8471 12466
f 9782 43 8474
f 43 12466 12465
f 44 4776 4778
f 44 8991 4776
f 44 4778 4780
f 44 4780 4784
f 44 4784 8992
f 44 8992 8991
f 427 45 9467
f 427 9574 45
f 45 9574 1936
f 9596 45 1936
f 9467 45 2972
f 9596 2972 45
f 935 3360 46
f 935 46 4804
f 3360 6779 46
f 3386 4802 46
f 3386 46 6779
f 4802 4804 46
f 47 4825 4196
f 6704 47 4196
f 4821 4823 47
f 6704 4821 47
f 47 4823 4825
f 4829 48 4827
f 4835 4827 48
f 4831 48 4829
f 4833 48 4831
f 4835 48 4833
f 49 6630 4837
f 49 4837 6659
f 49 4843 4845
f 49 6646 4843
f 49 4845 6630
f 49 6659 6646
f 50 4851 4591
f 4853 50 4591
f 50 4849 4851
f 4859 4849 50
f 4857 50 4853
f 4857 4859 50
f 4871 51 4869
f 4869 51 12661
f 4871 4873 51
f 4873 4875 51
f 51 4875 5828
f 12661 51 5828
f 2329 52 9343
f 52 2329 12681
f 9343 52 7410
f 52 12711 7410
f 12681 12712 52
f 52 12712 12711
f 4897 970 53
f 970 4898 53
f 4893 4887 53
f 4897 53 4887
f 4893 53 4892
f 53 4898 4892
f 4901 4902 54
f 4901 54 12663
f 54 4902 4904
f 8781 54 4904
f 8781 12664 54
f 12664 12663 54
f 55 4909 977
f 4910 55 977
f 4907 55 4905
f 4910 4905 55
f 4908 55 4907
f 4908 4909 55
f 977 4911 56
f 4917 977 56
f 979 56 4914
f 979 4916 56
f 56 4911 4914
f 4917 56 4916
f 4713 57 702
f 57 4922 702
f 4713 982 57
f 57 982 4920
f 57 4920 4921
f 57 4921 4922
f 4926 58 4927
f 4926 4932 58
f 4927 58 8605
f 4932 4934 58
f 4934 8606 58
f 8605 58 8606
f 3073 59 9854
f 12505 59 3073
f 4952 4954 59
f 12505 4952 59
f 9855 59 4954
f 9854 59 9855
f 4968 1008 60
f 4969 60 1008
f 3256 4965 60
f 3256 60 4971
f 60 4965 4966
f 4968 60 4966
f 4969 4971 60
f 4972 8294 61
f 12167 4972 61
f 61 4976 4975
f 12167 61 4975
f 61 8294 4976
f 62 1022 4997
f 62 5006 1022
f 62 4997 4999
f 62 4999 5001
f 62 5001 5003
f 62 5003 5006
f 63 5007 5009
f 63 8005 5007
f 63 5009 5011
f 63 5011 5012
f 63 5012 8006
f 63 8006 8005
f 5012 5011 64
f 5411 64 5011
f 5012 64 5032
f 5028 5030 64
f 5411 5028 64
f 5030 5032 64
f 1025 65 5035
f 1025 5038 65
f 5033 5035 65
f 5033 65 5043
f 5038 5039 65
f 5039 5043 65
f 66 5063 5065
f 66 12416 5063
f 66 5065 5067
f 66 5067 12417
f 66 12417 12416
f 1052 67 5072
f 1052 10318 67
f 5072 67 5071
f 5071 67 12342
f 10317 67 10318
f 10317 12342 67
f 5167 1832 68
f 1832 5173 68
f 7070 5167 68
f 68 5173 11346
f 7070 68 7071
f 68 11346 7071
f 5214 69 5213
f 5213 69 5222
f 5216 69 5214
f 5218 69 5216
f 5218 5220 69
f 69 5220 5222
f 70 251 9519
f 70 9521 251
f 70 2945 6624
f 70 9519 2945
f 70 6624 6633
f 70 6633 9521
f 71 5230 5232
f 71 5239 5230
f 71 5232 5234
f 71 5234 5238
f 71 5238 5239
f 5243 72 1135
f 72 5262 1135
f 5243 5245 72
f 72 5245 5247
f 72 5247 5249
f 72 5249 5250
f 72 5250 5262
f 73 1139 1128
f 73 1128 5253
f 73 5251 1139
f 73 5257 5251
f 73 5253 5255
f 73 5255 5257
f 5250 74 5262
f 5263 74 5250
f 74 5259 5262
f 74 5267 5259
f 5263 5267 74
f 75 5272 5274
f 5281 5272 75
f 75 5274 5276
f 75 5276 5278
f 5279 75 5278
f 5281 75 5279
f 1150 5284 76
f 1150 76 6731
f 5286 76 5284
f 5288 76 5286
f 6730 76 5288
f 6731 76 6730
f 77 1151 1789
f 5294 1151 77
f 77 1789 6726
f 5292 77 5290
f 77 6726 5290
f 5294 77 5292
f 5816 5298 78
f 6518 78 5298
f 5304 6482 78
f 6504 5304 78
f 5816 78 6482
f 6504 78 6518
f 5310 5312 79
f 5310 79 5318
f 5312 5314 79
f 79 5314 5316
f 79 5316 5318
f 80 1168 5320
f 5328 1168 80
f 80 5320 5321
f 5323 80 5321
f 5323 5325 80
f 5325 5327 80
f 5327 5328 80
f 5331 81 5329
f 81 6456 5329
f 5331 6488 81
f 5333 81 6488
f 5333 6599 81
f 6599 6456 81
f 5343 82 5341
f 5351 5341 82
f 5345 82 5343
f 5345 5349 82
f 5351 82 5349
f 83 181 1001
f 83 1952 181
f 13322 83 1001
f 83 10877 1952
f 13322 10877 83
f 5367 84 5365
f 5365 84 5375
f 5369 84 5367
f 5369 5371 84
f 5371 5373 84
f 5373 5375 84
f 85 5398 5400
f 85 6384 5398
f 85 5400 5401
f 85 5401 5403
f 85 5403 6385
f 85 6385 6384
f 5429 5430 86
f 5438 5429 86
f 5432 86 5430
f 5432 5434 86
f 5434 5436 86
f 5436 5438 86
f 87 5448 5450
f 87 5458 5448
f 87 5450 5452
f 87 5452 5454
f 87 5454 5456
f 87 5456 5458
f 88 5466 6090
f 88 11036 5466
f 5993 88 6090
f 5993 6150 88
f 88 6150 11036
f 89 5472 5474
f 89 5480 5472
f 5476 89 5474
f 5478 89 5476
f 5478 5480 89
f 1320 330 90
f 330 3488 90
f 2896 90 986
f 10925 986 90
f 1320 90 2896
f 10925 90 3488
f 91 1274 5553
f 5565 1274 91
f 91 5552 1279
f 5562 91 1279
f 91 5553 5552
f 5565 91 5562
f 92 5577 1281
f 92 1281 13013
f 5569 5570 92
f 5569 92 13013
f 5570 5574 92
f 5574 5577 92
f 93 12949 1233
f 93 1233 12950
f 1585 7854 93
f 1585 93 12950
f 7854 12948 93
f 93 12948 12949
f 1289 94 1295
f 1289 5597 94
f 1295 94 5580
f 5580 94 5582
f 94 5599 5582
f 5597 5599 94
f 95 5600 5602
f 95 5608 5600
f 95 5602 5604
f 95 5604 5606
f 95 5606 5609
f 95 5609 5608
f 96 5609 5606
f 96 5606 5610
f 96 5607 5609
f 5615 5607 96
f 96 5610 5614
f 5615 96 5614
f 5623 5625 97
f 5623 97 7569
f 5625 5627 97
f 5627 5629 97
f 5629 7570 97
f 7569 97 7570
f 98 1312 5646
f 13017 1312 98
f 98 5646 5647
f 98 5647 5649
f 8463 98 5649
f 8463 8462 98
f 13017 98 8462
f 5664 1322 99
f 1322 5667 99
f 5660 99 5658
f 99 5667 5658
f 5660 5662 99
f 5662 5664 99
f 100 5672 5674
f 100 5964 5672
f 7149 100 5674
f 6595 100 5677
f 7149 5677 100
f 6594 5964 100
f 6595 6594 100
f 101 4651 4650
f 101 4650 5724
f 101 4652 4651
f 5728 4652 101
f 5726 101 5724
f 5728 101 5726
f 102 5612 5613
f 102 5614 5612
f 102 5613 5754
f 5756 5614 102
f 10221 102 5754
f 10221 5756 102
f 5770 103 5768
f 5768 103 6824
f 5772 103 5770
f 5772 6826 103
f 6824 103 6823
f 6826 6823 103
f 104 5777 5779
f 12690 5777 104
f 104 5779 5781
f 7727 104 5781
f 7727 7730 104
f 12690 104 7730
f 5789 5792 105
f 5789 105 5798
f 9436 105 5792
f 5794 5796 105
f 9436 5794 105
f 5796 5798 105
f 4799 931 106
f 106 931 12615
f 106 12613 2762
f 106 2762 12614
f 4799 106 12614
f 106 12615 12613
f 5811 1392 107
f 5812 107 1392
f 5810 5811 107
f 5810 107 8272
f 5812 5814 107
f 5814 8272 107
f 1395 108 1400
f 1395 1401 108
f 1400 108 5825
f 1401 1402 108
f 108 1402 5828
f 108 5828 5825
f 109 5493 1767
f 109 1767 5866
f 109 5889 5493
f 109 5866 5869
f 109 5869 5890
f 109 5890 5889
f 5877 1420 110
f 5879 110 1420
f 5870 5872 110
f 5879 5870 110
f 5876 110 5872
f 5877 110 5876
f 111 5891 1426
f 111 1426 5893
f 111 5887 5888
f 111 5893 5887
f 111 5888 5890
f 111 5890 5891
f 3889 12062 112
f 3889 112 12063
f 5900 5902 112
f 5900 112 12062
f 5903 112 5902
f 5903 12063 112
f 5957 113 1457
f 11948 1457 113
f 5957 5958 113
f 5958 5960 113
f 11950 113 5960
f 11948 113 11950
f 114 5966 5968
f 114 13147 5966
f 5970 114 5968
f 5971 114 5970
f 5971 11974 114
f 114 11974 13147
f 115 5998 6000
f 11043 5998 115
f 115 6000 11047
f 11043 115 11044
f 11044 115 11045
f 11045 115 11047
f 5901 1524 116
f 6109 116 1524
f 5902 5901 116
f 5902 116 6112
f 6109 6110 116
f 6110 6112 116
f 117 6139 6141
f 117 13252 6139
f 117 6141 6143
f 117 6143 11410
f 117 11410 11409
f 117 11409 13252
f 118 6142 1534
f 118 1534 6149
f 118 6143 6142
f 118 6153 6143
f 118 6149 6151
f 118 6151 6153
f 119 223 6180
f 119 13220 223
f 119 6188 459
f 119 459 13220
f 119 6180 13215
f 119 6186 6188
f 119 13215 6186
f 120 128 12609
f 120 12610 128
f 6740 120 1327
f 1327 120 12609
f 6740 6739 120
f 120 6739 12610
f 1563 121 6204
f 1563 6206 121
f 6212 6204 121
f 6208 121 6206
f 6208 6210 121
f 6210 6212 121
f 122 12024 969
f 122 969 12831
f 1575 6225 122
f 1575 122 12830
f 122 6225 6227
f 122 6227 12024
f 122 12831 12830
f 1603 6265 123
f 7468 1603 123
f 12941 123 6265
f 7470 7468 123
f 7470 123 12941
f 6286 6285 124
f 6285 6295 124
f 6287 6286 124
f 6287 124 6299
f 124 6295 6297
f 124 6297 6299
f 4136 125 6293
f 4136 6304 125
f 6293 125 6294
f 125 6308 6294
f 125 6304 6306
f 125 6306 6308
f 126 6435 5229
f 126 5229 12869
f 126 5339 6433
f 126 12869 5339
f 126 6433 12823
f 126 12823 6435
f 127 6447 4234
f 127 4234 12440
f 127 5193 12560
f 127 12762 5193
f 127 12495 6447
f 127 12440 12762
f 127 12560 12495
f 128 133 1740
f 128 12608 133
f 128 1740 12609
f 128 12610 12608
f 6511 6513 129
f 6511 129 12162
f 6513 6514 129
f 6514 8136 129
f 6515 129 8136
f 12162 129 6515
f 1728 130 1730
f 6566 130 1728
f 1730 130 6569
f 6566 6568 130
f 6569 130 6568
f 131 6585 6587
f 131 9819 6585
f 131 6587 6588
f 6590 131 6588
f 6590 9820 131
f 131 9820 9819
f 6594 132 298
f 6602 298 132
f 6596 132 6594
f 6596 11979 132
f 6602 132 6600
f 6600 132 11979
f 6597 1740 133
f 6597 133 8915
f 8915 133 6721
f 6721 133 12608
f 2124 134 6621
f 7425 134 2124
f 134 6619 6621
f 134 7423 6619
f 134 7422 7423
f 7425 7422 134
f 6626 1750 135
f 1750 6629 135
f 6629 1751 135
f 135 1751 6631
f 6626 135 6624
f 6624 135 6633
f 135 6631 6633
f 136 6636 1754
f 136 1754 6637
f 6634 6635 136
f 6634 136 6640
f 136 6635 6636
f 136 6637 6640
f 6642 137 1757
f 6647 1757 137
f 6642 1758 137
f 6643 137 1758
f 6643 6645 137
f 6645 6647 137
f 11670 138 360
f 360 138 12168
f 138 12166 3752
f 138 3752 12168
f 11670 12166 138
f 6657 1760 139
f 6661 139 1760
f 6657 139 1768
f 6667 1768 139
f 6434 139 6661
f 6434 6667 139
f 6666 6668 140
f 6666 140 6676
f 6668 6670 140
f 6670 6672 140
f 6672 6674 140
f 140 6674 6676
f 141 6680 6682
f 141 6685 6680
f 141 6682 6683
f 141 6683 6684
f 141 6684 6685
f 5291 142 5288
f 142 6730 5288
f 5291 5290 142
f 5290 6728 142
f 142 6728 6729
f 142 6729 6730
f 4245 143 6772
f 4245 6776 143
f 6770 6772 143
f 6770 143 6778
f 143 6776 6778
f 6781 6783 144
f 6781 144 6791
f 6783 6785 144
f 6785 6787 144
f 6787 6789 144
f 6789 6791 144
f 145 5676 1820
f 145 1820 6805
f 5676 145 6802
f 6809 6802 145
f 145 6805 6807
f 6809 145 6807
f 146 3895 12086
f 146 13109 3895
f 146 12085 12084
f 146 12084 13109
f 146 12086 12085
f 147 6706 6705
f 6912 147 6705
f 147 7093 6706
f 6912 6911 147
f 6911 10465 147
f 10465 7093 147
f 6932 148 420
f 420 148 6938
f 6932 6934 148
f 148 6934 6936
f 6937 148 6936
f 6937 6938 148
f 149 6957 6959
f 6967 6957 149
f 149 6959 6961
f 6964 149 6961
f 6964 6965 149
f 6967 149 6965
f 6990 150 1889
f 6996 1889 150
f 6990 6992 150
f 6992 6994 150
f 6996 150 6994
f 151 7021 3092
f 9800 151 3092
f 151 7019 7021
f 151 13461 7019
f 9800 9799 151
f 151 9799 13461
f 152 4562 7049
f 152 7057 4562
f 7055 152 4563
f 11616 4563 152
f 11616 152 7049
f 7055 7057 152
f 1161 153 400
f 400 153 1171
f 1161 7071 153
f 7061 1171 153
f 7061 153 11346
f 7071 11346 153
f 1935 154 7113
f 1935 10922 154
f 154 7111 7113
f 12335 7111 154
f 154 10922 10921
f 12335 154 10921
f 11212 155 3589
f 11214 3589 155
f 7124 7126 155
f 7124 155 11212
f 7126 7128 155
f 7128 11214 155
f 417 11214 156
f 13282 417 156
f 7128 7135 156
f 7128 156 11214
f 7135 7137 156
f 13282 156 7137
f 9207 157 7143
f 9212 7143 157
f 9207 9206 157
f 9206 11251 157
f 9212 157 11251
f 1095 2588 158
f 1095 158 12605
f 7070 1921 158
f 158 1921 12595
f 7070 158 2588
f 158 12595 12605
f 159 7174 7172
f 159 7172 7175
f 159 7180 7174
f 159 7175 7177
f 159 7177 7178
f 159 7178 7180
f 1976 7197 160
f 1976 160 7204
f 5164 5163 160
f 160 5163 7204
f 7198 5164 160
f 7198 160 7197
f 7209 7210 161
f 7209 161 7305
f 7210 7212 161
f 7212 7214 161
f 7214 7306 161
f 161 7306 7305
f 162 7217 1984
f 162 1984 7218
f 162 7218 6005
f 162 6005 7500
f 162 12784 7217
f 162 7500 12784
f 2037 7326 163
f 2037 163 7328
f 163 7326 7329
f 163 7327 7328
f 11059 7327 163
f 11059 163 7329
f 164 7335 2041
f 164 2041 7337
f 164 7337 2043
f 164 2043 7339
f 164 7333 7335
f 164 7339 7333
f 1394 165 1401
f 2044 165 1394
f 2046 1401 165
f 2044 7340 165
f 2046 165 7341
f 7341 165 7340
f 11040 166 2047
f 2047 166 12770
f 166 5128 5127
f 166 5127 12770
f 166 5514 5128
f 11040 5514 166
f 167 7110 7109
f 7344 167 7109
f 7348 7110 167
f 7346 167 7344
f 7348 167 7346
f 7352 7353 168
f 7352 168 13459
f 8398 168 7353
f 8380 168 9811
f 8380 13459 168
f 8398 9811 168
f 5141 169 5142
f 5141 12758 169
f 169 5143 5142
f 169 7387 5143
f 169 7383 7385
f 169 12758 7383
f 169 7385 7387
f 2082 2085 170
f 2082 170 7419
f 170 2085 12404
f 170 7421 7419
f 170 7420 7421
f 170 12404 7420
f 7516 7513 171
f 7517 171 7513
f 7516 171 7520
f 7517 7519 171
f 171 7519 7521
f 7520 171 7521
f 869 12610 172
f 172 12611 869
f 172 6732 1794
f 12611 172 1794
f 172 6739 6732
f 12610 6739 172
f 173 2136 7542
f 173 7548 2136
f 173 7542 7544
f 173 7544 10996
f 173 7546 7548
f 173 10996 7546
f 7551 174 2138
f 174 7571 2138
f 7551 7553 174
f 7554 174 7553
f 7555 174 7554
f 7555 7557 174
f 174 7557 7571
f 7572 175 2138
f 7900 2138 175
f 7572 7574 175
f 7574 7576 175
f 175 7576 7578
f 7900 175 7578
f 176 1204 5414
f 7590 1204 176
f 5379 176 5377
f 7589 5377 176
f 7590 176 5379
f 7589 176 5414
f 894 332 177
f 11612 177 332
f 11613 894 177
f 11612 3627 177
f 11613 177 3627
f 178 7648 7647
f 7650 178 7647
f 178 7649 7648
f 7654 7649 178
f 7650 7652 178
f 7654 178 7652
f 3921 179 483
f 10819 483 179
f 3921 7671 179
f 179 7671 7673
f 179 7673 10841
f 10819 179 7675
f 179 10841 7675
f 180 7692 2190
f 180 2190 7696
f 180 7690 7692
f 180 9376 7690
f 7695 180 7696
f 7695 9376 180
f 1001 181 10879
f 1952 7153 181
f 7155 181 7153
f 7155 10879 181
f 2223 182 7772
f 2223 11992 182
f 182 7145 7772
f 182 13133 7145
f 182 11992 11991
f 182 11991 13133
f 183 7813 349
f 7814 183 349
f 183 10581 7813
f 7816 183 7814
f 7816 7818 183
f 183 7818 10581
f 184 7831 7221
f 7833 184 7221
f 7828 7829 184
f 7832 7828 184
f 184 7829 7831
f 7833 7832 184
f 1586 185 7855
f 9853 185 1586
f 7851 7853 185
f 7851 185 9983
f 7853 7855 185
f 9853 9983 185
f 2274 186 7903
f 2274 7906 186
f 7899 186 7897
f 7906 7897 186
f 7901 186 7899
f 7903 186 7901
f 187 5146 5145
f 7908 187 5145
f 187 5147 5146
f 7912 5147 187
f 7910 187 7908
f 7912 187 7910
f 188 7959 7961
f 188 9634 7959
f 188 7961 7963
f 188 7963 9636
f 188 9635 9634
f 188 9636 9635
f 189 7969 2306
f 189 2306 7971
f 7967 7968 189
f 7967 189 7971
f 189 7968 7969
f 190 7972 2307
f 190 2307 7973
f 190 7978 7972
f 190 7973 7974
f 190 7974 7975
f 190 7975 7977
f 190 7977 7978
f 191 7984 2313
f 191 2313 7990
f 191 7980 7984
f 10423 7980 191
f 191 7990 10301
f 10423 191 10301
f 192 2314 7991
f 192 10390 2314
f 192 7987 7989
f 192 7992 7987
f 192 7989 10390
f 192 7991 7992
f 2320 2310 193
f 7995 193 2310
f 2320 193 2319
f 7996 2319 193
f 7995 7996 193
f 2335 194 8026
f 11484 194 2335
f 8024 194 5797
f 13235 5797 194
f 8024 8026 194
f 11484 11487 194
f 11487 13235 194
f 195 8050 8052
f 10769 8050 195
f 195 8052 8054
f 195 8054 8056
f 195 8056 8057
f 10769 195 8057
f 196 8075 8079
f 13257 8075 196
f 196 8079 8080
f 11301 196 8080
f 11300 196 11301
f 11300 13257 196
f 8091 197 2362
f 197 13269 2362
f 8091 8093 197
f 197 8093 11321
f 197 11321 11319
f 197 11319 13269
f 8096 198 8095
f 8106 8095 198
f 8096 8098 198
f 8108 198 8098
f 8107 8106 198
f 8108 8107 198
f 8102 2370 199
f 8104 199 2370
f 8100 199 8099
f 8104 8099 199
f 8101 199 8100
f 8102 199 8101
f 8107 200 8105
f 8111 8105 200
f 8109 200 8107
f 8110 200 8109
f 8110 9621 200
f 8111 200 9627
f 200 9621 9627
f 3990 201 3986
f 201 11463 3986
f 3990 8195 201
f 201 8195 8197
f 201 8197 11464
f 201 11464 11463
f 8214 202 8212
f 8212 202 13222
f 8214 10933 202
f 10932 202 10933
f 10932 13223 202
f 13222 202 13223
f 8256 203 296
f 8257 296 203
f 203 8252 8253
f 8256 8252 203
f 8254 203 8253
f 8257 203 8254
f 2445 1946 204
f 8264 204 1946
f 8273 2445 204
f 8264 8266 204
f 8267 204 8266
f 8267 8273 204
f 2445 205 2449
f 8273 205 2445
f 8281 2449 205
f 8275 2451 205
f 8281 205 2451
f 8275 205 8273
f 206 8334 8333
f 206 8333 10219
f 206 9501 8334
f 206 9502 9501
f 206 9503 9502
f 206 10569 9503
f 206 10219 10569
f 8386 2504 207
f 10452 207 2504
f 8384 207 8379
f 8379 207 10452
f 8385 207 8384
f 8386 207 8385
f 9437 1516 208
f 208 1516 12975
f 1835 208 6845
f 1835 9437 208
f 208 10975 6845
f 208 12975 10975
f 5266 209 5265
f 5265 209 5267
f 5266 8447 209
f 209 5268 5267
f 8449 5268 209
f 8447 8449 209
f 8455 210 1314
f 8458 1314 210
f 2529 210 8456
f 2529 8457 210
f 8456 210 8455
f 8458 210 8457
f 8466 211 8462
f 13017 8462 211
f 10305 211 8466
f 10304 211 10305
f 13018 211 10304
f 13018 13017 211
f 212 8506 8505
f 8508 212 8505
f 212 8512 8506
f 8508 8510 212
f 8510 8512 212
f 213 8543 8545
f 9963 8543 213
f 213 8545 8547
f 9965 213 8547
f 9963 213 9964
f 9964 213 9965
f 8548 8549 214
f 8548 214 9996
f 8549 8551 214
f 8551 8553 214
f 8553 9997 214
f 214 9997 9996
f 2597 215 2598
f 2597 8625 215
f 8359 2598 215
f 3070 8359 215
f 3070 215 8627
f 8627 215 8625
f 216 8718 8719
f 216 9751 8718
f 216 8719 8720
f 216 8720 8722
f 216 8722 9752
f 216 9752 9751
f 8734 217 8732
f 8732 217 8741
f 8736 217 8734
f 8738 217 8736
f 8738 8740 217
f 217 8740 8741
f 8744 8746 218
f 8744 218 8753
f 8746 8748 218
f 8750 218 8748
f 8750 12269 218
f 12269 8753 218
f 8759 2651 219
f 8761 219 2651
f 219 8755 8756
f 8762 8755 219
f 8758 219 8756
f 8759 219 8758
f 8762 219 8761
f 2041 220 2045
f 8775 220 2041
f 8773 2045 220
f 8773 220 8772
f 8777 8772 220
f 8777 220 8775
f 2675 8831 221
f 2675 221 8833
f 8836 221 8831
f 8834 8833 221
f 8838 8834 221
f 8836 8838 221
f 3286 8276 222
f 3286 222 10474
f 222 8276 3287
f 222 3287 10406
f 10405 222 10406
f 10474 222 10405
f 223 1554 6180
f 223 6935 1554
f 223 13220 6935
f 4852 5190 224
f 4852 224 8895
f 8881 224 5190
f 8881 8883 224
f 8883 8885 224
f 8896 224 8885
f 8896 8895 224
f 225 8875 8876
f 225 8877 8875
f 225 8876 8895
f 225 8899 8877
f 225 8895 8897
f 225 8897 8899
f 226 6663 6699
f 8963 6663 226
f 8965 226 6699
f 8963 226 8964
f 8964 226 8967
f 8965 8967 226
f 227 8977 8979
f 8986 8977 227
f 227 8979 8981
f 227 8981 8983
f 227 8983 8984
f 8986 227 8984
f 9012 228 2731
f 2731 228 9014
f 9004 228 9002
f 9012 9002 228
f 9006 228 9004
f 9006 9014 228
f 8213 619 229
f 619 10172 229
f 8213 229 3197
f 8478 3197 229
f 8478 229 10172
f 230 9029 3818
f 230 3818 9175
f 230 9028 9029
f 230 9158 9028
f 9354 9158 230
f 9354 230 9175
f 231 863 2737
f 231 9736 863
f 231 2737 9040
f 9042 231 9040
f 9042 9737 231
f 231 9737 9736
f 9060 2750 232
f 232 2750 9063
f 232 9055 9057
f 232 9063 9055
f 9059 232 9057
f 9060 232 9059
f 9065 2753 233
f 9066 233 2753
f 9068 2755 233
f 9070 233 2755
f 9065 233 9070
f 9067 233 9066
f 9068 233 9067
f 9072 234 9071
f 9071 234 9077
f 9072 9073 234
f 9073 9075 234
f 9075 9076 234
f 9076 9077 234
f 555 1498 235
f 4043 555 235
f 235 1498 1844
f 235 1844 10171
f 4043 235 8213
f 235 10171 8213
f 9090 1790 236
f 9092 236 1790
f 9087 9089 236
f 9087 236 9095
f 9090 236 9089
f 9092 9095 236
f 8911 3632 237
f 3632 9097 237
f 8911 237 3679
f 9099 3679 237
f 9097 9080 237
f 9099 237 9080
f 9111 238 9109
f 9109 238 9697
f 10446 238 9111
f 238 9692 9691
f 238 9691 9697
f 10445 9692 238
f 10446 10445 238
f 3075 239 10164
f 12469 239 3075
f 9858 239 3076
f 12469 3076 239
f 9858 9857 239
f 9857 10164 239
f 2794 9160 240
f 2794 240 9165
f 240 9160 9159
f 240 9159 9162
f 240 9162 9164
f 240 9164 9165
f 4859 241 4860
f 4859 9178 241
f 4860 241 9183
f 9178 9180 241
f 9180 9181 241
f 9181 9183 241
f 2207 242 9305
f 2207 9306 242
f 242 9303 2855
f 9305 242 2855
f 242 8689 9297
f 9306 8689 242
f 242 9297 9303
f 243 2631 8708
f 9309 2631 243
f 9301 243 8708
f 9308 9294 243
f 9309 243 9294
f 9308 243 9301
f 2891 244 9384
f 9386 244 2891
f 9384 244 9383
f 9387 9383 244
f 9387 244 9386
f 4773 245 4749
f 9392 4749 245
f 9390 245 4773
f 9394 245 9390
f 9392 245 9393
f 9394 9393 245
f 2900 2087 246
f 9396 246 2087
f 9396 2898 246
f 9397 246 2898
f 9398 2900 246
f 9397 9398 246
f 9418 247 2911
f 9425 2911 247
f 9414 247 9412
f 9418 9412 247
f 9417 247 9414
f 9425 247 9417
f 9422 2913 248
f 12553 248 2913
f 9422 248 9421
f 9430 9421 248
f 9424 9428 248
f 9424 248 12553
f 9430 248 9428
f 1385 2916 249
f 9435 1385 249
f 9441 249 2916
f 9431 9433 249
f 9431 249 9441
f 9433 9435 249
f 2939 250 9510
f 2939 9512 250
f 250 9514 2941
f 250 2941 9515
f 9510 250 9515
f 250 9512 9514
f 2943 251 9517
f 9518 251 2943
f 9518 2944 251
f 9519 251 2944
f 9517 251 9521
f 6993 252 9533
f 6993 13150 252
f 9528 9530 252
f 9528 252 13150
f 9530 9532 252
f 9532 9533 252
f 1758 2951 253
f 1758 253 11810
f 9538 253 2951
f 9538 9542 253
f 253 9542 9543
f 11810 253 9543
f 9557 254 9556
f 9564 9556 254
f 9559 254 9557
f 9561 254 9559
f 9563 254 9561
f 9564 254 9563
f 255 9589 2969
f 255 2969 9591
f 9596 9589 255
f 255 9591 9592
f 9593 255 9592
f 9593 9596 255
f 256 9600 2974
f 9602 256 2974
f 256 9598 9600
f 256 9605 9598
f 9602 9603 256
f 256 9603 9605
f 9615 2979 257
f 9617 257 2979
f 9617 2981 257
f 257 2981 9619
f 9615 257 9612
f 9612 257 9619
f 258 2373 2982
f 258 9621 2373
f 9623 258 2982
f 9626 9621 258
f 9624 258 9623
f 9624 9626 258
f 259 9628 9629
f 259 9635 9628
f 9631 259 9629
f 9633 259 9631
f 9635 259 9633
f 9638 260 2320
f 9643 2320 260
f 9639 2979 260
f 9641 260 2979
f 9639 260 9638
f 9643 260 9641
f 261 9114 9113
f 261 9113 9711
f 261 9115 9114
f 261 9715 9115
f 261 9711 9713
f 261 9713 9715
f 6566 3038 262
f 3038 9753 262
f 6566 262 6568
f 262 9756 6568
f 262 9753 9754
f 262 9754 9756
f 6453 4913 263
f 4913 12357 263
f 6451 263 12357
f 12402 263 6451
f 6453 263 12358
f 12402 12358 263
f 264 9288 9287
f 9844 264 9287
f 264 9290 9288
f 264 9291 9290
f 9845 9291 264
f 9845 264 9844
f 8618 265 8617
f 8619 8617 265
f 9863 265 8618
f 8619 265 9866
f 9863 9866 265
f 2573 9996 266
f 2573 266 13434
f 266 9992 3137
f 266 3137 13434
f 266 9990 9992
f 266 9996 9990
f 2898 10006 267
f 2898 267 10012
f 267 10006 10007
f 267 10007 10008
f 267 10008 10011
f 267 10011 10012
f 8556 268 8557
f 8556 10014 268
f 8557 268 8558
f 8558 268 10018
f 10014 10016 268
f 10016 10018 268
f 269 2757 10019
f 10024 2757 269
f 269 10019 10020
f 269 10020 10022
f 10023 269 10022
f 10024 269 10023
f 270 9085 9084
f 270 9084 10027
f 270 9086 9085
f 270 10031 9086
f 270 10027 10029
f 270 10029 10031
f 4795 1706 271
f 1706 10058 271
f 6508 4795 271
f 6508 271 6500
f 6500 271 10060
f 271 10058 10060
f 272 1194 10089
f 272 10094 1194
f 272 10093 3175
f 272 3175 10094
f 272 10089 10091
f 272 10091 10093
f 273 4622 3176
f 273 3176 10097
f 273 4623 4622
f 273 10101 4623
f 273 10097 10099
f 273 10099 10101
f 10141 274 3191
f 10192 3191 274
f 274 6473 6485
f 10141 6473 274
f 274 6485 13399
f 10192 274 13399
f 275 6468 6477
f 275 10151 6468
f 6476 275 6477
f 6476 10148 275
f 275 10148 10149
f 275 10149 10151
f 276 6478 6480
f 276 12180 6478
f 276 6480 10178
f 10180 6483 276
f 276 6483 12180
f 10180 276 10178
f 277 10182 10184
f 10189 10182 277
f 10185 277 10184
f 10186 277 10185
f 10186 10188 277
f 10188 10189 277
f 278 6954 6953
f 278 6953 10261
f 278 6955 6954
f 278 6956 6955
f 278 10264 6956
f 278 10261 10262
f 278 10262 10264
f 8715 279 2537
f 279 10127 2537
f 3244 279 8715
f 3244 10303 279
f 279 10305 10127
f 279 10303 10305
f 280 10335 3260
f 280 3260 10337
f 280 9144 9143
f 280 9143 10333
f 280 10337 9144
f 280 10333 10335
f 8971 281 3111
f 10365 3111 281
f 8969 281 8970
f 10362 281 8969
f 8970 281 8971
f 10362 10363 281
f 10363 10365 281
f 10371 10372 282
f 10378 10371 282
f 10372 10374 282
f 10376 282 10374
f 10378 282 10376
f 10427 2081 283
f 10428 283 2081
f 10427 283 10425
f 10429 10425 283
f 10428 10429 283
f 3304 10444 284
f 3304 284 10450
f 10442 284 10440
f 10445 10440 284
f 10450 284 10442
f 10445 284 10444
f 2508 8406 285
f 2508 285 10479
f 285 8406 13236
f 10479 285 10477
f 10477 285 13236
f 286 8540 8539
f 286 8539 10527
f 286 8541 8540
f 10531 8541 286
f 10529 286 10527
f 10529 10531 286
f 287 1014 10572
f 287 10578 1014
f 287 10572 10574
f 287 10574 10576
f 10587 287 10576
f 10587 10578 287
f 288 10582 10584
f 288 10592 10582
f 288 10584 10586
f 288 10586 10589
f 288 10589 10591
f 288 10591 10592
f 8962 289 8958
f 289 10646 8958
f 8961 289 8962
f 8961 12235 289
f 289 10642 10646
f 12235 10642 289
f 419 290 8299
f 419 8301 290
f 8301 3397 290
f 10674 290 3397
f 8299 290 8300
f 10674 8300 290
f 291 4417 4419
f 291 10679 4417
f 291 4419 4421
f 291 4421 4423
f 291 4423 10679
f 4412 4411 292
f 4411 10690 292
f 4413 4412 292
f 4413 292 10694
f 10690 10692 292
f 10692 10694 292
f 717 10753 293
f 717 293 10758
f 3431 293 10753
f 3431 10754 293
f 10755 293 10754
f 10758 293 10755
f 294 10837 3250
f 294 3250 10838
f 294 10840 10837
f 294 10838 10839
f 294 10839 10840
f 4335 4354 295
f 10850 4335 295
f 295 4354 4353
f 12231 295 4353
f 10850 295 10849
f 12231 10849 295
f 8256 296 10862
f 8257 10858 296
f 10860 296 10858
f 10862 296 10860
f 297 8877 8899
f 10889 8877 297
f 10885 297 8899
f 10887 297 10885
f 10888 297 10887
f 10889 297 10888
f 6594 298 5964
f 298 12511 5964
f 6602 12023 298
f 12023 12511 298
f 8884 2546 299
f 299 2546 10895
f 3474 8896 299
f 10895 3474 299
f 8884 299 8885
f 8896 8885 299
f 8221 8220 300
f 300 8220 13318
f 8221 300 10902
f 300 10898 10900
f 300 13318 10898
f 300 10900 10902
f 2425 10929 301
f 2425 301 10932
f 301 3489 3492
f 10930 3489 301
f 301 3492 10932
f 10930 301 10929
f 3310 302 10462
f 3310 10974 302
f 8855 8859 302
f 10974 8855 302
f 8858 302 8859
f 8858 12325 302
f 10462 302 12325
f 303 3506 8192
f 303 10979 3506
f 303 8192 8191
f 303 8191 10977
f 303 10977 10979
f 806 4560 304
f 11006 806 304
f 4559 304 4560
f 11001 304 4559
f 11005 304 11001
f 11006 304 11005
f 305 8185 8184
f 305 8184 11015
f 305 8199 8185
f 305 8200 8199
f 305 11017 8200
f 305 11015 11017
f 3535 306 3533
f 3533 306 11067
f 3535 11071 306
f 3536 306 11071
f 3536 11072 306
f 11065 11067 306
f 11065 306 11072
f 307 10126 2590
f 307 2590 11356
f 8611 307 8609
f 307 8617 8609
f 8611 10126 307
f 307 11356 8617
f 11120 3564 308
f 3564 11121 308
f 11120 308 11125
f 11122 308 11121
f 11123 308 11122
f 11125 308 11123
f 3532 309 3567
f 11131 309 3532
f 309 11126 3567
f 11131 3568 309
f 309 3568 11133
f 309 11133 11126
f 310 11139 3570
f 11141 310 3570
f 3573 11138 310
f 11143 3573 310
f 310 11138 11139
f 11143 310 11141
f 11146 311 635
f 11151 635 311
f 11148 3575 311
f 11149 311 3575
f 11146 11148 311
f 11149 11151 311
f 11152 3577 312
f 312 3577 11154
f 312 11156 3578
f 312 3578 11159
f 11152 312 11159
f 312 11154 11156
f 8151 3579 313
f 11161 313 3579
f 8152 8151 313
f 8153 8152 313
f 8153 313 11164
f 11161 11162 313
f 11162 11164 313
f 8593 2589 314
f 9926 314 2589
f 3286 8190 314
f 3286 314 8276
f 8190 8593 314
f 9926 8276 314
f 2219 315 7786
f 2219 9582 315
f 315 7772 7783
f 315 9582 7772
f 315 7783 7782
f 315 7782 7786
f 316 1478 6004
f 7731 1478 316
f 2204 7731 316
f 2204 316 7745
f 316 6004 6003
f 7745 316 6003
f 11228 11230 317
f 11228 317 11236
f 11230 11232 317
f 11232 11234 317
f 11234 11235 317
f 11235 12994 317
f 11236 317 12994
f 7786 7785 318
f 7785 13104 318
f 7786 318 11245
f 11242 11243 318
f 11242 318 13104
f 11243 11245 318
f 4159 4158 319
f 4158 12246 319
f 11290 4159 319
f 319 11286 11288
f 319 12246 11286
f 11290 319 11288
f 11298 3618 320
f 3618 11301 320
f 8088 8087 320
f 320 8087 11296
f 8089 8088 320
f 8089 320 11301
f 11296 11298 320
f 321 3627 3630
f 321 11317 3627
f 321 3630 11318
f 321 11321 11317
f 321 11318 11319
f 321 11319 11321
f 322 6140 6139
f 322 6139 11402
f 322 11405 6140
f 11403 7402 322
f 7402 11405 322
f 11403 322 11402
f 323 4327 4326
f 323 4326 11420
f 323 4328 4327
f 323 11424 4328
f 323 11420 11422
f 323 11422 11424
f 11483 5797 324
f 13234 324 5797
f 11480 11481 324
f 13234 11480 324
f 11481 11483 324
f 4102 4101 325
f 4101 11530 325
f 4103 4102 325
f 4103 325 11534
f 11532 325 11530
f 11534 325 11532
f 3708 6845 326
f 11538 3708 326
f 6845 10975 326
f 326 10975 11535
f 326 11535 11536
f 11538 326 11536
f 3716 327 2206
f 12034 2206 327
f 8008 327 3544
f 327 8157 3544
f 3716 8157 327
f 12034 327 8008
f 11579 3729 328
f 11580 328 3729
f 11576 11577 328
f 11576 328 11582
f 11577 11579 328
f 11580 11581 328
f 11581 11582 328
f 11584 3729 329
f 11586 329 3729
f 11586 3732 329
f 11587 329 3732
f 11584 329 11588
f 11587 11588 329
f 1320 11591 330
f 330 3491 3488
f 330 11590 3491
f 330 11591 11590
f 11280 331 11606
f 11280 11607 331
f 11606 331 11604
f 11610 11604 331
f 11608 331 11607
f 11610 331 11608
f 332 894 11614
f 11611 332 2316
f 332 11614 2316
f 11611 11612 332
f 333 3742 4010
f 333 11625 3742
f 333 4010 11629
f 333 11623 11624
f 333 11629 11623
f 333 11624 11625
f 11666 539 334
f 539 11667 334
f 3575 334 11662
f 3575 11664 334
f 11660 11662 334
f 11660 334 11667
f 334 11664 11666
f 335 11669 3753
f 11673 335 3753
f 11674 3754 335
f 335 3754 11676
f 335 11676 11669
f 11674 335 11673
f 11678 3755 336
f 3755 11680 336
f 11677 336 3758
f 11682 3758 336
f 11678 336 11677
f 11680 11682 336
f 548 11687 337
f 548 337 11692
f 3760 337 11689
f 3760 11690 337
f 11687 11689 337
f 337 11690 11692
f 700 789 338
f 700 338 7636
f 4324 338 789
f 4324 7637 338
f 7637 7636 338
f 3955 3954 339
f 11725 339 3954
f 3955 339 3956
f 3956 339 11728
f 11727 339 11725
f 11728 339 11727
f 2013 449 340
f 449 2113 340
f 340 2113 807
f 2013 340 7278
f 11761 3760 341
f 3760 11763 341
f 11761 341 11759
f 341 11766 11759
f 11764 341 11763
f 11764 11766 341
f 342 7267 7266
f 342 7266 7605
f 11770 7267 342
f 7603 342 7604
f 7603 11770 342
f 7604 342 7605
f 343 495 11773
f 343 11777 495
f 343 11776 516
f 516 11777 343
f 343 11773 11775
f 343 11775 11776
f 344 543 11778
f 344 11782 543
f 344 11778 11779
f 344 11779 11780
f 11781 344 11780
f 11781 11782 344
f 3936 3802 345
f 345 3802 11802
f 3936 345 3937
f 3937 345 11806
f 345 11802 11804
f 11806 345 11804
f 346 5758 6048
f 346 11823 5758
f 6046 346 6045
f 6047 6045 346
f 6046 11823 346
f 6047 346 6048
f 7846 7862 347
f 7846 347 11826
f 7862 7871 347
f 347 7871 7873
f 347 7873 11826
f 348 4322 3813
f 348 3813 11837
f 348 3814 7866
f 348 11837 3814
f 348 7861 4322
f 348 7860 7861
f 348 7866 7860
f 11892 349 7813
f 7814 349 11895
f 11892 11894 349
f 11895 349 11894
f 11975 5984 350
f 350 5984 13326
f 11970 11971 350
f 11970 350 13326
f 11971 11973 350
f 11973 11975 350
f 3864 11981 351
f 3864 351 13140
f 5980 351 5981
f 5980 13140 351
f 351 5982 5981
f 11982 5982 351
f 11981 11982 351
f 2220 7771 352
f 2220 352 11996
f 352 7769 7768
f 352 7768 11994
f 352 7770 7769
f 352 7771 7770
f 352 11994 11996
f 353 3872 5948
f 353 11184 3872
f 353 5948 5945
f 12011 353 5945
f 12013 11184 353
f 12013 353 12011
f 354 2444 8261
f 354 12794 2444
f 354 8261 2448
f 8262 354 2448
f 8262 8260 354
f 8260 12794 354
f 12021 969 355
f 12024 355 969
f 12020 355 1581
f 12024 1581 355
f 355 12020 12021
f 12080 2849 356
f 12573 356 2849
f 356 3894 7691
f 356 12573 3894
f 12078 356 7691
f 12078 12079 356
f 12080 356 12079
f 12130 523 357
f 357 523 12133
f 3793 357 12129
f 3793 12130 357
f 12134 12129 357
f 12134 357 12133
f 3964 358 3965
f 12141 358 3964
f 3966 3965 358
f 12144 3966 358
f 12143 358 12141
f 12143 12144 358
f 3754 359 12161
f 12163 359 3754
f 11683 12159 359
f 12165 11683 359
f 12161 359 12159
f 12163 12165 359
f 360 12168 3570
f 12170 360 3570
f 11670 360 10760
f 12170 10760 360
f 12173 361 535
f 535 361 12179
f 625 361 12175
f 625 12177 361
f 12175 361 12173
f 12179 361 12177
f 3566 362 12184
f 3566 12186 362
f 12182 362 12181
f 12188 12181 362
f 12182 12184 362
f 12188 362 12186
f 363 4109 4108
f 12207 363 4108
f 363 4110 4109
f 12209 4110 363
f 12207 12208 363
f 12208 12209 363
f 10835 3458 364
f 364 3458 12214
f 364 11519 3702
f 364 3702 12212
f 10835 364 12212
f 12211 11519 364
f 12211 364 12214
f 365 11086 11085
f 365 11085 12253
f 11262 11086 365
f 11262 365 11263
f 11263 365 12254
f 12254 365 12253
f 11153 366 3577
f 366 12265 3577
f 11153 12259 366
f 366 12259 12260
f 366 12260 12262
f 366 12262 12264
f 366 12264 12265
f 1851 2562 367
f 1851 367 6888
f 1977 7201 367
f 1977 367 7203
f 7203 367 2562
f 367 7201 6888
f 368 3580 640
f 368 640 12284
f 368 12280 3580
f 12290 12280 368
f 12288 368 12284
f 12290 368 12288
f 3573 369 12292
f 12294 369 3573
f 11158 12291 369
f 12296 11158 369
f 369 12291 12292
f 12294 12296 369
f 12303 3536 370
f 3536 12305 370
f 370 12298 12300
f 370 12305 12298
f 12302 370 12300
f 12302 12303 370
f 4575 371 4576
f 4575 12318 371
f 4576 371 10394
f 10395 10394 371
f 10395 371 12318
f 372 10553 10552
f 372 10552 12339
f 372 10888 10553
f 372 10889 10888
f 372 12341 10889
f 372 12339 12341
f 373 3362 10595
f 373 12382 3362
f 12383 373 10595
f 12379 12380 373
f 12383 12379 373
f 373 12380 12382
f 2897 374 3143
f 2897 12404 374
f 3153 3143 374
f 3153 374 12400
f 12400 374 3299
f 12404 3299 374
f 3049 10183 375
f 3049 375 12466
f 375 4606 3202
f 375 3202 12466
f 375 4607 4606
f 375 10183 4607
f 7170 7168 376
f 7168 12478 376
f 7170 376 8945
f 8946 8945 376
f 8946 376 12480
f 12478 12480 376
f 4688 4687 377
f 4687 12392 377
f 4688 377 9678
f 4692 4694 377
f 4692 377 12392
f 4694 9678 377
f 378 12552 2913
f 378 2913 12555
f 378 12555 9440
f 12557 378 9440
f 378 12559 12552
f 378 12557 12559
f 12563 379 2969
f 12569 2969 379
f 12563 12565 379
f 12566 379 12565
f 12566 12568 379
f 12568 12569 379
f 5295 380 1151
f 380 12579 1151
f 2798 380 9171
f 2798 12581 380
f 5295 9171 380
f 380 12577 12579
f 380 12581 12577
f 381 2805 2766
f 381 2766 12593
f 381 12587 2805
f 381 6918 2930
f 381 2930 12587
f 381 12593 6918
f 382 12595 12597
f 382 12605 12595
f 382 12597 12599
f 382 12599 12601
f 382 12601 12603
f 382 12603 12605
f 383 2983 869
f 383 869 12611
f 383 12606 2983
f 383 12615 12606
f 383 12611 12613
f 383 12613 12615
f 6714 384 2639
f 12625 2639 384
f 12619 2686 384
f 12623 384 2686
f 12619 384 6714
f 12625 384 12623
f 984 2658 385
f 984 385 12650
f 2658 12656 385
f 385 12648 12650
f 12656 12648 385
f 4877 4876 386
f 12657 386 4876
f 4877 386 5716
f 5716 386 12659
f 12657 12658 386
f 12658 12659 386
f 2046 387 1402
f 12661 1402 387
f 2046 12662 387
f 12660 12661 387
f 12660 387 12664
f 12662 12664 387
f 388 2651 2272
f 388 2272 12665
f 388 8761 2651
f 388 12669 8761
f 388 12665 12667
f 388 12667 12669
f 8015 389 2330
f 9444 2330 389
f 9306 7739 389
f 7739 9444 389
f 8690 389 8015
f 9306 389 8690
f 4960 2521 390
f 12689 390 2521
f 4960 390 4961
f 12691 4961 390
f 12690 390 12689
f 12691 390 12690
f 1114 391 5208
f 1114 8869 391
f 5061 391 5060
f 5062 5060 391
f 5061 5208 391
f 8869 5062 391
f 12801 392 12799
f 12799 392 12808
f 12802 392 12801
f 12802 12804 392
f 12804 12806 392
f 12808 392 12806
f 1823 393 12826
f 1823 12829 393
f 3877 12824 393
f 3877 393 12831
f 393 12824 12826
f 393 12829 12831
f 651 394 12837
f 651 12839 394
f 394 12836 12837
f 12842 12836 394
f 12839 12841 394
f 12842 394 12841
f 395 12859 3873
f 395 3873 12860
f 12852 12854 395
f 12852 395 12860
f 12854 12856 395
f 12856 12857 395
f 12857 12859 395
f 396 12871 12873
f 396 12880 12871
f 396 12873 12875
f 396 12875 12876
f 396 12876 12878
f 396 12878 12880
f 397 1161 7067
f 397 7069 1161
f 397 1920 7068
f 397 9032 1920
f 397 7067 9032
f 397 7068 7069
f 6182 398 2395
f 398 12912 2395
f 2434 398 2458
f 2434 12912 398
f 12906 2458 398
f 6182 12906 398
f 5409 5408 399
f 399 5408 12921
f 5409 399 9746
f 399 6396 6395
f 399 6395 9746
f 399 12922 6396
f 399 12921 12922
f 1161 400 7067
f 400 1171 7065
f 400 7065 7066
f 7067 400 7066
f 12951 12953 401
f 12951 401 12961
f 12953 12955 401
f 12955 12957 401
f 12959 401 12957
f 12959 12961 401
f 13001 1392 402
f 13003 402 1392
f 12996 12998 402
f 12996 402 13003
f 12998 12999 402
f 12999 13001 402
f 403 13012 5569
f 403 5569 13013
f 403 13015 5643
f 403 5643 13016
f 403 13018 13012
f 403 13013 13015
f 403 13016 13018
f 8151 8150 404
f 8150 11999 404
f 8151 404 13029
f 11999 11998 404
f 11998 13027 404
f 404 13027 13029
f 8211 405 4044
f 405 13092 4044
f 10168 405 8211
f 10168 13091 405
f 405 13091 13092
f 13097 477 406
f 13099 406 477
f 13093 406 1426
f 13099 1426 406
f 13094 406 13093
f 13097 406 13094
f 407 7776 7775
f 407 7775 13130
f 407 11992 7776
f 11989 11992 407
f 11989 407 13132
f 407 13130 13132
f 408 13143 1775
f 408 1775 13144
f 13147 13143 408
f 13145 408 13144
f 13146 408 13145
f 13147 408 13146
f 6991 409 6992
f 6991 10501 409
f 409 6993 6992
f 409 13149 6993
f 409 10501 10500
f 409 10500 13149
f 410 3841 3842
f 410 11910 3841
f 7820 410 3842
f 7820 10615 410
f 13165 410 10615
f 13167 11910 410
f 13167 410 13165
f 11652 411 3750
f 11653 3750 411
f 11652 13170 411
f 11653 411 13168
f 411 13175 13168
f 411 13170 13173
f 411 13173 13175
f 13212 2984 412
f 13214 412 2984
f 412 13209 3740
f 13211 412 3740
f 13214 13209 412
f 13212 412 13211
f 413 2315 3734
f 413 3739 2315
f 413 3734 13216
f 413 13218 3739
f 8887 413 13216
f 8887 13218 413
f 3492 3733 414
f 3492 414 13223
f 13219 414 3733
f 13219 13221 414
f 13221 13223 414
f 1843 415 11412
f 1843 13251 415
f 415 11408 11407
f 11412 415 11407
f 415 11409 11408
f 13251 11409 415
f 6136 6137 416
f 6136 416 6138
f 416 6137 13255
f 6138 416 13256
f 10630 416 13255
f 10630 13256 416
f 11209 417 1572
f 13282 1572 417
f 11209 3589 417
f 417 3589 11214
f 418 1616 6289
f 418 13334 1616
f 418 1803 6756
f 418 7819 1803
f 418 6289 13336
f 418 6756 13334
f 418 13336 7819
f 419 8299 8305
f 8303 8301 419
f 10666 8303 419
f 419 8305 8307
f 10666 419 8307
f 6931 6932 420
f 6931 420 6939
f 420 6938 6939
f 8501 421 2553
f 2553 421 8504
f 421 8501 8503
f 8503 8517 421
f 8504 421 13392
f 8517 13392 421
f 422 8528 8530
f 422 8533 8528
f 13410 422 8530
f 8531 8532 422
f 13410 8531 422
f 422 8532 8533
f 423 13428 3141
f 423 3141 13431
f 423 13431 3146
f 423 3146 13433
f 423 13433 13428
f 9013 2769 424
f 424 2769 9696
f 9013 424 9709
f 9735 424 9696
f 9709 424 9735
f 6301 425 2307
f 6457 2307 425
f 6301 4722 425
f 7253 425 4722
f 6457 425 6810
f 7253 6810 425
f 426 2958 11807
f 426 11913 2958
f 426 11696 3245
f 426 3245 13182
f 426 11807 11696
f 426 12671 11913
f 426 13182 12671
f 11112 427 2941
f 11466 2941 427
f 11466 427 9467
f 11112 9574 427
f 428 2903 5362
f 9404 2903 428
f 9392 2905 428
f 9404 428 2905
f 4749 428 5362
f 9392 428 4749
f 429 11206 11113
f 429 11113 11912
f 429 11348 11206
f 429 11438 11348
f 429 11809 11438
f 429 11912 11809
f 8793 430 9304
f 8793 10147 430
f 430 9349 9304
f 430 9420 9349
f 430 10049 9420
f 430 10111 10049
f 430 10147 10111
f 431 7703 7394
f 431 7394 8332
f 431 7754 7703
f 7914 7754 431
f 8012 7914 431
f 8012 431 8013
f 431 8332 8013
f 1079 8972 432
f 1079 432 9810
f 432 6663 5683
f 9810 432 5683
f 432 6792 6663
f 432 8972 6792
f 3901 3560 433
f 433 3560 9413
f 4691 3901 433
f 4691 433 9385
f 11551 9385 433
f 11551 433 9413
f 2437 2431 434
f 434 2431 8238
f 2437 434 8241
f 434 8238 8240
f 434 8240 8241
f 8222 435 8224
f 8222 12453 435
f 8224 435 8225
f 12304 8225 435
f 12439 12304 435
f 12439 435 12453
f 12082 436 7095
f 436 12282 7095
f 11815 436 11835
f 11815 12282 436
f 436 12008 11835
f 12082 12008 436
f 2357 11174 437
f 11215 2357 437
f 11174 11088 437
f 11601 437 11088
f 11215 437 11537
f 11601 11537 437
f 8022 8018 438
f 8018 10765 438
f 8023 8022 438
f 8024 8023 438
f 8024 438 8026
f 8026 438 10765
f 10270 2309 439
f 10705 439 2309
f 10270 439 7988
f 10301 7988 439
f 10423 10301 439
f 10423 439 10705
f 7695 7694 440
f 10812 440 7694
f 9380 7695 440
f 9423 440 9010
f 10812 9010 440
f 9423 9380 440
f 441 8291 8180
f 441 8180 9233
f 441 8296 8291
f 441 8335 8296
f 441 8595 8335
f 441 8685 8595
f 441 9233 8685
f 7213 7206 442
f 7206 7600 442
f 7213 442 7252
f 442 7395 7252
f 7434 7395 442
f 7434 442 7600
f 6819 1882 443
f 7037 443 1882
f 6820 6819 443
f 6820 443 7008
f 7008 443 7037
f 444 1759 1755
f 444 1755 5896
f 444 6416 1759
f 444 5896 6557
f 444 6475 6416
f 444 6557 6475
f 1735 5406 445
f 1735 445 6571
f 12025 445 5406
f 5482 445 5659
f 5482 6571 445
f 12025 5659 445
f 446 6057 5307
f 446 5307 11784
f 446 6056 6057
f 446 6058 6056
f 446 11783 6058
f 446 11784 11783
f 447 2341 1464
f 5970 447 1464
f 2374 2341 447
f 2692 2374 447
f 2692 447 5969
f 5970 5969 447
f 448 1414 5860
f 448 13396 1414
f 448 13351 3172
f 448 3172 13396
f 448 5860 5493
f 448 5493 13351
f 2013 6877 449
f 449 12354 2113
f 449 6877 6876
f 449 6876 12354
f 5767 450 5765
f 450 9472 5765
f 5767 12584 450
f 450 5787 9472
f 450 12858 5787
f 450 12584 12858
f 13389 451 5561
f 13407 5561 451
f 6718 13407 451
f 13413 6718 451
f 13384 451 13389
f 13413 451 13384
f 452 2152 2132
f 452 2132 13253
f 452 13376 2152
f 452 13253 13230
f 452 13230 13378
f 452 13378 13376
f 453 1201 13154
f 453 13169 1201
f 453 13124 13056
f 453 13056 13213
f 453 13154 13124
f 453 13213 13169
f 454 5277 2091
f 454 2091 12897
f 454 12715 5277
f 454 12782 12715
f 454 12828 12782
f 454 12897 12828
f 12580 12554 455
f 12554 12706 455
f 12580 455 12622
f 12630 12622 455
f 12643 12630 455
f 12643 455 12673
f 455 12706 12673
f 456 5119 5118
f 456 5118 12482
f 456 5120 5119
f 456 12445 5120
f 12459 12445 456
f 12481 12459 456
f 12481 456 12482
f 457 1694 6485
f 457 12185 1694
f 457 6473 6472
f 457 6472 12185
f 457 6485 6473
f 11966 982 458
f 982 12077 458
f 11966 458 12016
f 12016 458 12017
f 12017 458 12053
f 458 12077 12053
f 459 6188 1559
f 6961 459 1559
f 6961 6962 459
f 13220 459 6962
f 868 460 4668
f 868 11447 460
f 4668 460 11461
f 11550 460 11447
f 460 11462 11461
f 11550 11462 460
f 461 1980 4599
f 11367 1980 461
f 461 4598 4587
f 11367 461 4587
f 461 4599 4598
f 4566 11196 462
f 4566 462 11256
f 4577 462 11196
f 4577 11351 462
f 11256 462 11314
f 462 11351 11314
f 463 787 11130
f 463 11132 787
f 463 11111 4525
f 463 4525 11173
f 463 11130 11111
f 463 11173 11132
f 1883 4497 464
f 1883 464 11070
f 4494 464 4495
f 4494 11082 464
f 464 4497 4495
f 11070 464 11082
f 751 11008 465
f 751 465 11054
f 465 10969 10955
f 11054 465 10955
f 465 10997 10969
f 11008 10997 465
f 466 10716 719
f 466 719 10788
f 10740 10716 466
f 10777 10740 466
f 10787 10777 466
f 10787 466 10788
f 467 4348 711
f 467 711 10636
f 467 4341 10611
f 467 10636 4341
f 467 10561 4348
f 467 10611 10561
f 10298 468 10330
f 10434 468 10298
f 468 10336 10330
f 468 10347 10336
f 10414 10347 468
f 10434 10414 468
f 10175 469 607
f 10242 607 469
f 10175 10268 469
f 10242 469 10254
f 469 10258 10254
f 469 10268 10258
f 599 470 4119
f 599 10096 470
f 1700 4129 470
f 1700 470 10096
f 4121 4119 470
f 4121 470 4129
f 4049 4048 471
f 471 4048 9993
f 4049 471 4063
f 471 4064 4063
f 471 9927 4064
f 471 9993 9927
f 531 4007 472
f 9864 531 472
f 4007 533 472
f 533 9840 472
f 545 9812 472
f 545 472 9840
f 9864 472 9812
f 9630 473 9673
f 9630 9716 473
f 9673 473 9675
f 473 9695 9675
f 473 9699 9695
f 473 9716 9699
f 3904 474 475
f 474 9324 475
f 3902 474 3904
f 3902 5817 474
f 474 5817 12992
f 474 12992 9324
f 3911 475 480
f 5814 480 475
f 3904 475 3911
f 5814 475 9324
f 3903 3904 476
f 3910 3903 476
f 3904 3911 476
f 3910 476 3909
f 3909 476 3915
f 3915 476 3911
f 478 3907 477
f 13097 478 477
f 477 3907 3906
f 13098 477 3906
f 13098 13099 477
f 478 1728 1730
f 13097 1728 478
f 478 1730 6581
f 478 6581 3907
f 479 3910 3909
f 479 3909 5894
f 13098 3910 479
f 479 5894 5893
f 479 5893 13099
f 13098 479 13099
f 3913 480 481
f 5812 481 480
f 3913 3911 480
f 5812 480 5814
f 3913 481 3914
f 13000 3914 481
f 13001 481 5812
f 13000 481 13001
f 3914 482 3915
f 3914 5871 482
f 3915 482 3916
f 5880 3916 482
f 482 5871 5870
f 5880 482 5870
f 3598 3917 483
f 3598 483 11246
f 3921 483 3917
f 11247 483 10819
f 11247 11246 483
f 521 485 484
f 485 3917 484
f 521 484 8184
f 484 3917 3598
f 484 3598 11016
f 484 11015 8184
f 484 11016 11015
f 521 3989 485
f 485 3919 3917
f 485 3989 3919
f 520 486 3920
f 520 3993 486
f 486 7671 3920
f 486 3993 7670
f 486 7670 7672
f 486 7672 7671
f 3925 1561 487
f 487 1561 3938
f 3933 487 1695
f 487 3938 1695
f 487 3933 3925
f 3922 488 3923
f 11798 488 3922
f 3927 3923 488
f 3927 488 11800
f 11798 11799 488
f 11799 11800 488
f 489 1752 3939
f 11811 1752 489
f 3927 489 3939
f 3927 12121 489
f 11811 489 12121
f 3929 882 490
f 490 882 11594
f 3929 490 12118
f 490 11592 11593
f 490 11594 11592
f 490 11593 12118
f 3930 491 492
f 11820 492 491
f 3930 3929 491
f 3929 11817 491
f 11819 491 11817
f 11820 491 11819
f 3930 492 1738
f 3931 1738 492
f 3931 492 3935
f 11820 3935 492
f 3931 493 1738
f 3933 1738 493
f 3926 3925 493
f 3933 493 3925
f 3937 3926 493
f 3931 3937 493
f 1695 1556 494
f 1556 3942 494
f 1695 494 3934
f 11821 3934 494
f 11821 494 3942
f 495 3944 3943
f 495 3943 11772
f 11777 3944 495
f 495 11772 11773
f 496 3980 515
f 9637 496 515
f 9637 3945 496
f 11777 496 3945
f 496 3981 3980
f 11777 3981 496
f 497 3944 3945
f 497 3946 3944
f 9637 497 3945
f 497 3947 3946
f 9673 3947 497
f 9637 9673 497
f 498 3948 3947
f 498 3947 9675
f 498 3949 3948
f 498 3950 3949
f 498 9676 3950
f 498 9675 9676
f 499 500 1467
f 499 11714 500
f 499 1467 11719
f 499 12154 11714
f 499 11719 11718
f 499 11718 12154
f 3949 1467 500
f 3949 500 11717
f 11713 500 11714
f 11713 11717 500
f 501 507 1467
f 501 3960 507
f 3949 501 1467
f 3950 501 3949
f 3961 501 3950
f 3961 3960 501
f 3953 502 3954
f 3953 11736 502
f 502 12148 3954
f 11735 502 11736
f 11735 12149 502
f 502 12149 12148
f 3957 3956 503
f 11729 503 3956
f 3957 503 3958
f 3958 503 3963
f 3964 3963 503
f 11729 3964 503
f 513 3959 504
f 513 504 9726
f 3957 3958 504
f 3957 504 3959
f 9708 504 3958
f 504 9708 9716
f 504 9716 9726
f 3953 3955 505
f 3953 505 3972
f 3955 3959 505
f 3959 3974 505
f 505 3973 3972
f 505 3974 3973
f 3962 506 3960
f 506 12146 3960
f 3962 11754 506
f 11753 11752 506
f 11752 12147 506
f 11754 11753 506
f 506 12147 12146
f 1467 507 11719
f 507 3960 11721
f 507 11721 11719
f 3961 508 3962
f 3961 9676 508
f 3962 508 3968
f 508 3969 3968
f 508 9695 3969
f 508 9676 9695
f 509 3963 3965
f 509 9708 3963
f 509 3965 3967
f 509 3967 3969
f 509 3969 9699
f 509 9699 9708
f 3966 510 3967
f 12145 510 3966
f 510 3968 3967
f 510 11754 3968
f 11749 11748 510
f 510 11748 11754
f 12145 11749 510
f 7230 3970 511
f 11767 511 3970
f 11765 7230 511
f 11764 11765 511
f 11764 511 11766
f 11766 511 11767
f 512 3972 3971
f 7230 512 3971
f 512 11736 3972
f 7230 11731 512
f 11730 512 11731
f 11730 11736 512
f 513 3974 3959
f 513 3979 3974
f 513 9610 3979
f 513 9726 9610
f 514 1484 1476
f 514 1476 3975
f 3985 1484 514
f 3979 514 3975
f 3979 3978 514
f 3985 514 3978
f 9610 515 3980
f 9610 9726 515
f 9630 9637 515
f 9630 515 9726
f 11777 516 3981
f 11776 3982 516
f 517 530 1380
f 517 5780 530
f 517 1380 12584
f 517 5767 12549
f 517 12584 5767
f 517 12549 5780
f 3985 518 1484
f 518 11759 1484
f 3786 11759 518
f 12134 3786 518
f 3984 518 3985
f 12134 518 3984
f 519 3987 3677
f 519 3677 12723
f 519 3988 3987
f 519 8444 3988
f 519 12724 8444
f 519 12723 12724
f 3989 520 3920
f 520 3986 3988
f 3989 3986 520
f 520 3988 3993
f 521 3990 3989
f 521 8183 3990
f 521 8184 8183
f 522 7670 3993
f 522 3993 8444
f 522 7242 7241
f 522 7241 11140
f 522 7244 7242
f 522 8444 7244
f 522 11140 7670
f 523 3995 3994
f 523 3994 12131
f 12130 3995 523
f 523 12131 12133
f 524 525 3995
f 524 4023 525
f 524 543 4023
f 11778 543 524
f 12130 524 3995
f 12130 11778 524
f 525 4022 3996
f 525 4023 4022
f 9864 526 3996
f 526 3997 3998
f 526 9812 3997
f 9864 9812 526
f 527 4026 548
f 527 548 11692
f 527 3998 3997
f 527 3997 4026
f 527 3999 3998
f 527 11692 3999
f 12187 4000 528
f 11636 528 4005
f 11636 11635 528
f 12188 528 11635
f 12188 12187 528
f 529 4000 11623
f 529 4001 4002
f 529 11629 4001
f 529 11623 11629
f 530 1258 1380
f 530 5779 1258
f 5781 5779 530
f 5781 530 5780
f 531 542 4003
f 9864 542 531
f 531 4003 4002
f 531 4002 4007
f 4003 542 532
f 532 542 4022
f 4003 532 4005
f 4025 4005 532
f 4006 9840 533
f 4007 4008 533
f 4001 534 4008
f 4001 11629 534
f 534 4009 4008
f 534 4010 4009
f 534 11629 4010
f 536 4012 535
f 536 535 12179
f 4009 12173 535
f 4013 4012 536
f 536 11667 4013
f 536 11660 11667
f 536 12179 11660
f 537 4014 4020
f 537 4028 4014
f 537 4020 4030
f 537 4027 4028
f 4006 4013 538
f 4006 538 9840
f 538 4013 4016
f 538 4016 4014
f 538 4014 4028
f 538 4028 9840
f 539 11666 632
f 539 4016 11667
f 540 541 4018
f 540 11669 541
f 540 632 3752
f 540 4018 632
f 540 3752 12166
f 540 12166 11669
f 541 546 4020
f 541 11676 546
f 541 4020 4018
f 541 11669 11676
f 3996 4022 542
f 9864 3996 542
f 4024 4023 543
f 11782 4024 543
f 12124 544 4024
f 11636 4025 544
f 544 11632 11631
f 11636 544 11631
f 12124 11632 544
f 545 4027 1485
f 545 1485 9812
f 545 4028 4027
f 545 9840 4028
f 546 547 4030
f 546 12161 547
f 546 4030 4020
f 546 11676 12161
f 3759 4032 547
f 3759 547 12159
f 547 4032 4030
f 547 12161 12159
f 548 4032 11687
f 549 4034 4035
f 549 4036 4034
f 549 4035 6465
f 549 12761 4036
f 549 6465 6464
f 549 6464 12761
f 4034 4036 550
f 13090 4034 550
f 4036 7343 550
f 550 7342 4038
f 13090 550 4038
f 550 7343 7342
f 6466 4035 551
f 8478 551 4035
f 5671 6466 551
f 5671 551 6479
f 10172 6479 551
f 8478 10172 551
f 552 4037 4040
f 552 13092 4037
f 552 4040 5836
f 5834 552 5835
f 552 5834 13092
f 552 5836 5835
f 554 4040 553
f 554 553 12768
f 4040 6399 553
f 12765 553 6399
f 12765 12766 553
f 12766 12768 553
f 1396 554 5818
f 1396 5836 554
f 554 5836 4040
f 5818 554 12768
f 555 10174 1498
f 4043 4042 555
f 555 4042 13085
f 555 13085 10174
f 4042 4044 556
f 4042 556 13086
f 556 4044 5834
f 556 5834 5833
f 556 5833 5847
f 556 5847 13086
f 1499 4048 557
f 1499 557 4050
f 557 4047 4046
f 11712 557 4046
f 4048 4047 557
f 4050 557 11712
f 558 4045 4047
f 558 12113 4045
f 558 4047 4049
f 558 4049 4062
f 558 4062 11603
f 558 11603 12113
f 559 4059 561
f 559 561 9946
f 559 4054 4055
f 559 9946 4054
f 559 4055 4058
f 559 4058 4059
f 4052 560 4053
f 4052 11562 560
f 4055 4053 560
f 4055 560 4056
f 11564 4056 560
f 11564 560 11562
f 561 4059 4067
f 561 4067 4066
f 561 4066 9927
f 561 9927 9946
f 562 3725 4061
f 562 11568 3725
f 562 4058 4057
f 562 4057 11568
f 562 4060 4058
f 562 4061 4060
f 3726 563 4060
f 3726 11571 563
f 563 4059 4060
f 563 4067 4059
f 563 11575 4067
f 563 11571 11575
f 564 4062 4063
f 564 11599 4062
f 564 4063 4065
f 564 4065 11610
f 564 11600 11599
f 564 11609 11600
f 564 11610 11609
f 565 4068 11575
f 565 12191 4068
f 565 11575 11574
f 565 11574 12189
f 565 12189 12190
f 565 12190 12191
f 566 4065 4064
f 566 4064 4066
f 566 11604 4065
f 566 4066 4068
f 566 4068 11605
f 566 11605 11604
f 567 4069 4071
f 567 4073 4069
f 567 4071 6349
f 567 4074 4073
f 567 6348 4074
f 567 6349 6348
f 568 4070 4069
f 568 4069 13087
f 568 5840 4070
f 568 5841 5840
f 568 5842 5841
f 568 13087 5842
f 569 4073 4072
f 569 4072 6128
f 569 13087 4073
f 569 6128 6127
f 569 6127 13088
f 569 13088 13087
f 570 4072 4074
f 570 6132 4072
f 570 4074 12926
f 570 6133 6132
f 570 12931 6133
f 570 12926 12925
f 570 12925 12931
f 571 4077 1649
f 11403 571 1649
f 571 4075 4077
f 11399 4075 571
f 11399 571 11400
f 11403 11400 571
f 572 4076 4075
f 572 4075 13084
f 13454 4076 572
f 572 5847 5844
f 572 5844 13454
f 572 13084 5847
f 4080 573 4078
f 12142 4078 573
f 4080 4725 573
f 12144 573 4725
f 12142 573 12143
f 12143 573 12144
f 4079 574 581
f 581 574 4091
f 4079 4078 574
f 4078 11502 574
f 4092 4091 574
f 4092 574 11502
f 4080 4079 575
f 10021 575 4079
f 4081 4080 575
f 4081 575 10095
f 10021 10009 575
f 10009 10095 575
f 4081 576 4082
f 4081 10056 576
f 4082 576 4083
f 4083 576 4084
f 4084 576 4085
f 576 10056 4085
f 4087 577 4088
f 4087 11499 577
f 12224 4088 577
f 577 11498 11497
f 12224 577 11497
f 577 11499 11498
f 4084 4086 578
f 4084 578 11496
f 4086 4088 578
f 11493 578 4088
f 11492 578 11493
f 11492 11496 578
f 4085 579 4086
f 4085 4098 579
f 4086 579 4087
f 4087 579 4097
f 4095 4097 579
f 4095 579 4098
f 4090 4089 580
f 4094 580 4089
f 4104 4090 580
f 4100 580 4094
f 4102 580 4100
f 4104 580 4102
f 587 581 4090
f 10021 581 587
f 10021 4079 581
f 581 4091 4090
f 582 4089 4091
f 582 4093 4089
f 582 4091 4092
f 582 4092 11506
f 582 11505 4093
f 582 11506 11505
f 583 4094 4093
f 583 4093 12218
f 583 11520 4094
f 583 11515 11514
f 583 11514 11520
f 583 12218 11515
f 3273 584 11527
f 3273 12217 584
f 4096 4099 584
f 12217 4096 584
f 11525 584 4099
f 11527 584 11525
f 4096 585 4097
f 12217 585 4096
f 4097 585 11499
f 11500 11499 585
f 12216 11500 585
f 12216 585 12217
f 4098 586 4099
f 10056 586 4098
f 4099 586 4112
f 4111 4112 586
f 4111 586 4113
f 10056 4113 586
f 587 4090 4104
f 587 4104 4103
f 4106 587 4103
f 4105 587 4106
f 10021 587 4105
f 588 4101 4100
f 588 4100 11520
f 588 12215 4101
f 588 11520 11519
f 588 11519 12211
f 588 12211 12215
f 4105 4107 589
f 10009 4105 589
f 4107 4109 589
f 4109 4111 589
f 4111 4113 589
f 10009 589 4113
f 4110 590 4111
f 12210 590 4110
f 4111 590 4112
f 11525 4112 590
f 11526 11525 590
f 12210 11526 590
f 4115 4114 591
f 4114 11426 591
f 4115 591 12221
f 11426 11425 591
f 11425 12222 591
f 591 12222 12221
f 4116 592 4114
f 4114 592 11427
f 4125 592 4116
f 7045 592 4125
f 7045 11428 592
f 11428 11427 592
f 599 4119 593
f 599 593 4124
f 4118 593 4117
f 4119 4117 593
f 7045 593 4118
f 7045 4124 593
f 4119 594 4117
f 12230 4117 594
f 4121 594 4119
f 7693 594 4121
f 7693 12231 594
f 12230 594 12231
f 595 11423 3660
f 595 3660 11428
f 595 11428 4118
f 595 4118 12233
f 595 12232 11423
f 595 12233 12232
f 596 7373 3669
f 596 3669 12229
f 596 4122 4123
f 596 12228 4122
f 596 4123 7373
f 596 12229 12228
f 598 597 1700
f 598 11441 597
f 597 4129 1700
f 3415 597 11442
f 3415 12227 597
f 597 12227 4129
f 597 11441 11442
f 598 1700 10096
f 598 4123 4122
f 598 4122 11441
f 598 10096 4123
f 599 601 3063
f 599 4124 601
f 599 3063 10096
f 600 4116 4115
f 600 4115 11513
f 600 4126 4116
f 600 4127 4126
f 600 11512 4127
f 600 11513 11512
f 601 11443 3063
f 601 4124 4125
f 601 4125 4128
f 601 4128 11443
f 603 4134 602
f 5699 603 602
f 602 4134 4135
f 7842 602 4135
f 5699 602 13008
f 7842 13008 602
f 603 4132 4134
f 4137 4132 603
f 5698 4137 603
f 5699 5698 603
f 604 5698 1345
f 13009 604 1345
f 604 4139 4137
f 604 4137 5698
f 604 13011 4139
f 13009 13011 604
f 4137 605 4132
f 4132 605 7665
f 4137 4139 605
f 7660 605 4139
f 7659 605 7660
f 7659 7666 605
f 7665 605 7666
f 1850 606 7398
f 1850 7838 606
f 7838 2172 606
f 9438 606 2172
f 7400 7398 606
f 7400 606 9438
f 4143 607 4142
f 4142 607 4161
f 4143 10175 607
f 4161 607 10242
f 4142 4161 608
f 12255 4142 608
f 4161 4160 608
f 4164 608 4160
f 11263 608 4164
f 11263 12255 608
f 4145 4144 609
f 4144 11270 609
f 4145 609 4153
f 4153 609 4151
f 12248 4151 609
f 12248 609 11270
f 4148 610 611
f 4160 611 610
f 4150 616 610
f 4162 610 616
f 4150 610 4148
f 4163 4160 610
f 4163 610 4162
f 4149 4148 611
f 4149 611 10242
f 4161 611 4160
f 4161 10242 611
f 4150 4148 612
f 4148 4155 612
f 4150 612 4159
f 4154 612 4155
f 4159 612 4154
f 614 613 4157
f 10258 613 614
f 4153 4152 613
f 613 4152 4157
f 10266 4153 613
f 10266 613 10258
f 4154 4155 614
f 4154 614 4157
f 10254 614 4155
f 10254 10258 614
f 4154 4157 615
f 4154 615 4158
f 4157 11313 615
f 615 12247 4158
f 615 11313 11312
f 615 11312 12247
f 4150 11290 616
f 11284 4162 616
f 11284 616 11285
f 11285 616 11289
f 11289 616 11290
f 4143 4166 617
f 4143 617 10175
f 4167 617 4166
f 4170 617 4167
f 4169 4168 617
f 4168 10175 617
f 4169 617 4170
f 11259 3606 618
f 3606 12117 618
f 4143 4142 618
f 11259 618 4142
f 4143 618 4166
f 4166 618 12117
f 619 3198 10172
f 13400 3198 619
f 8213 10171 619
f 13400 619 10171
f 4146 4145 620
f 4145 10266 620
f 4169 620 4168
f 4168 620 10268
f 10268 620 10266
f 4170 621 4171
f 4170 11592 621
f 4171 621 4172
f 11598 4172 621
f 621 11592 11594
f 11598 621 11594
f 4171 4172 622
f 12192 622 4172
f 11272 11275 622
f 11272 622 12192
f 623 1376 4173
f 5766 1376 623
f 623 4173 4465
f 623 4465 4467
f 623 4467 5785
f 623 5785 5766
f 4175 624 4282
f 4175 9472 624
f 4282 624 4281
f 4283 4281 624
f 5787 4283 624
f 5787 624 9472
f 625 4178 12177
f 625 12175 4180
f 4180 626 4182
f 4180 12175 626
f 4182 626 11119
f 626 11118 11119
f 626 12174 11118
f 626 12175 12174
f 4182 627 4183
f 4182 4192 627
f 4183 627 4184
f 627 4190 4184
f 627 4191 4190
f 4192 4191 627
f 4185 4184 628
f 628 4184 10359
f 4186 4185 628
f 4186 628 10415
f 628 10359 10414
f 10415 628 10414
f 4186 791 629
f 4202 629 791
f 4187 4186 629
f 4188 4187 629
f 4201 4188 629
f 4202 4201 629
f 4190 4189 630
f 4208 630 4189
f 4190 630 10359
f 4207 630 4208
f 4207 10347 630
f 630 10347 10359
f 4193 4192 631
f 4192 11119 631
f 4193 631 11117
f 11117 631 11116
f 11116 631 11118
f 631 11119 11118
f 3752 632 11666
f 4194 12306 633
f 4198 633 11135
f 633 11126 11135
f 633 12306 11126
f 4205 634 4200
f 12295 4200 634
f 4205 11160 634
f 634 11159 11158
f 12296 634 11158
f 634 11160 11159
f 12295 634 12296
f 4202 635 4201
f 11151 4201 635
f 11145 635 4202
f 11145 11146 635
f 4227 636 647
f 636 10298 647
f 4204 791 636
f 791 10415 636
f 4227 4204 636
f 10434 10298 636
f 10434 636 10415
f 4227 637 4204
f 4205 637 4235
f 4206 638 4207
f 4206 4215 638
f 4207 638 10336
f 638 4215 4220
f 638 4219 4218
f 638 4218 10336
f 638 4220 4219
f 639 5524 1251
f 639 1251 12874
f 5519 5518 639
f 639 5518 5524
f 5519 639 12874
f 640 3580 11169
f 640 4213 4211
f 640 4211 12284
f 640 11169 4213
f 641 4214 4213
f 641 4213 11169
f 641 4215 4214
f 11179 4215 641
f 641 11169 11168
f 11179 641 11168
f 4217 642 647
f 4229 647 642
f 4217 4216 642
f 4226 642 4216
f 4226 4230 642
f 4229 642 4230
f 4217 643 4216
f 4217 10330 643
f 643 4218 4219
f 643 10330 4218
f 644 4221 4220
f 644 4220 11179
f 644 11177 4221
f 644 11176 11177
f 644 11178 11176
f 644 11179 11178
f 645 11177 3581
f 645 3581 12274
f 645 4223 11177
f 12271 4223 645
f 12271 645 12270
f 645 12274 12270
f 4226 4225 646
f 11193 646 4225
f 4226 646 11203
f 11193 11192 646
f 11192 11203 646
f 4217 647 10298
f 4227 647 4229
f 4231 648 11201
f 4231 11203 648
f 11192 11202 648
f 11192 648 11203
f 11200 11201 648
f 11200 648 11202
f 4233 649 650
f 11153 650 649
f 4232 649 11201
f 12259 649 4232
f 11201 649 4233
f 11153 649 12259
f 4233 650 4235
f 4235 650 11160
f 11152 650 11153
f 11152 11160 650
f 651 4236 12839
f 651 12837 4237
f 652 653 4239
f 652 4245 653
f 652 4239 4237
f 652 4237 12837
f 652 6776 4245
f 652 12837 6776
f 653 656 4240
f 653 4246 656
f 653 4240 4239
f 653 4245 4246
f 654 4241 4240
f 13082 654 4240
f 13081 4241 654
f 13081 654 13083
f 13082 13083 654
f 1378 5769 655
f 1378 655 5774
f 655 4243 4242
f 5774 655 4242
f 655 4244 4243
f 5769 4244 655
f 13082 4240 656
f 4246 4249 656
f 4249 5938 656
f 656 5938 5937
f 13082 656 5937
f 1113 5204 657
f 1113 657 5206
f 5202 657 5200
f 5204 5200 657
f 5203 657 5202
f 5206 657 5203
f 4247 1809 658
f 12854 658 1809
f 4247 658 4248
f 4248 658 5952
f 12852 5952 658
f 12852 658 12854
f 4248 659 4249
f 4248 5952 659
f 4249 659 5950
f 659 5949 5950
f 659 5951 5949
f 659 5952 5951
f 5774 4242 660
f 13081 660 4242
f 660 4250 4252
f 13081 4250 660
f 660 4252 4254
f 5774 660 4254
f 2650 985 661
f 985 4918 661
f 12649 2650 661
f 661 4918 4924
f 661 4924 12650
f 12649 661 12650
f 662 4252 4251
f 12002 662 4251
f 662 4253 4252
f 13078 4253 662
f 12002 12001 662
f 13078 662 12001
f 663 1741 4253
f 663 4283 1741
f 13079 663 4253
f 663 4281 4283
f 13079 4281 663
f 4255 664 4256
f 4255 11073 664
f 4256 664 12302
f 664 11073 11072
f 12303 664 11072
f 12302 664 12303
f 674 4258 665
f 674 665 11125
f 665 4257 4256
f 665 4256 11120
f 665 4258 4257
f 665 11120 11125
f 667 4260 666
f 667 666 4273
f 666 4257 4258
f 666 4260 4257
f 666 4258 4275
f 666 4275 4273
f 667 10466 4260
f 667 4273 10496
f 667 10467 10466
f 667 10496 10467
f 668 4255 4257
f 668 4266 4255
f 668 4257 4260
f 668 4260 4267
f 668 4267 4266
f 669 4263 4262
f 669 4262 4279
f 669 4264 4263
f 669 10496 4264
f 669 4279 4278
f 669 4278 10496
f 4266 7579 670
f 4266 670 11073
f 670 7579 11074
f 670 11066 11065
f 670 11065 11073
f 670 11074 11066
f 4269 671 1745
f 1745 671 7626
f 4269 3541 671
f 3541 12309 671
f 7626 671 12310
f 671 12309 12310
f 672 1745 4268
f 672 4269 1745
f 672 4268 4267
f 672 4267 10466
f 672 4271 4269
f 672 10466 4271
f 673 4272 4271
f 673 4271 10467
f 673 4277 4272
f 673 4278 4277
f 673 10467 4278
f 675 4275 674
f 675 674 12184
f 674 4275 4258
f 674 11125 12184
f 675 4276 4275
f 675 12182 4276
f 675 12184 12182
f 676 4265 4264
f 676 4264 4273
f 676 11637 4265
f 676 4273 4276
f 676 4276 11638
f 676 11638 11637
f 11258 3605 677
f 677 3605 12253
f 677 4262 4261
f 4261 11257 677
f 677 4280 4262
f 677 12253 4280
f 11258 677 11257
f 4279 678 4277
f 678 11087 4277
f 4280 678 4279
f 4280 12253 678
f 678 11085 11087
f 678 12253 11085
f 4284 4286 679
f 4284 679 12198
f 4286 11009 679
f 11009 12199 679
f 679 12199 12198
f 4285 4291 680
f 4285 680 4299
f 4290 680 4291
f 4290 4293 680
f 680 4293 4295
f 680 4295 4300
f 4299 680 4300
f 4284 681 4285
f 4284 11567 681
f 4285 681 4291
f 4287 4289 681
f 4287 681 11567
f 4289 4291 681
f 4298 682 3517
f 3517 682 12318
f 682 4296 4297
f 4298 4296 682
f 8129 682 4297
f 8129 12318 682
f 4286 4299 683
f 4286 683 11007
f 683 4296 4298
f 4299 4296 683
f 11007 683 4298
f 4295 4294 684
f 4294 11020 684
f 4301 4295 684
f 4301 684 11022
f 684 11020 11022
f 4297 4296 685
f 4300 685 4296
f 4297 685 11010
f 4301 685 4300
f 4301 12315 685
f 12315 11010 685
f 4310 686 4311
f 4310 10939 686
f 4311 686 10498
f 686 7059 10498
f 12333 7059 686
f 10939 12334 686
f 12334 12333 686
f 687 4302 689
f 687 689 8742
f 12190 4302 687
f 687 8742 11282
f 11276 11281 687
f 11276 687 11282
f 11281 12190 687
f 688 689 4302
f 688 4305 689
f 688 691 4304
f 688 10952 691
f 688 4302 12189
f 688 4304 4305
f 688 12189 10952
f 4305 10498 689
f 8742 689 10498
f 4304 690 4305
f 4304 4307 690
f 4311 4305 690
f 4309 690 4307
f 4309 4312 690
f 4311 690 4312
f 691 4307 4304
f 691 4306 4307
f 691 10953 4306
f 691 10952 10953
f 692 4307 4306
f 692 4306 10956
f 692 4308 4307
f 692 12332 4308
f 10958 692 10956
f 10958 12332 692
f 4309 4308 693
f 4308 10961 693
f 4309 693 4313
f 4313 693 12331
f 693 10961 10963
f 693 10963 12331
f 3327 694 10512
f 3327 10939 694
f 4310 4313 694
f 4310 694 10939
f 4313 12331 694
f 694 12331 10512
f 10935 2490 695
f 11277 695 2490
f 695 8742 7059
f 10935 695 7059
f 695 11282 8742
f 11277 11282 695
f 696 701 7861
f 13077 701 696
f 696 4316 4315
f 13077 696 4315
f 696 7859 4316
f 696 10493 7859
f 696 7861 10493
f 697 4319 1778
f 697 1778 7628
f 697 4323 4319
f 697 4324 4323
f 7630 4324 697
f 7630 697 7628
f 698 4317 1778
f 698 1778 4319
f 698 4315 4314
f 698 4314 7449
f 698 4319 4315
f 698 7449 4317
f 699 4317 7448
f 7632 4317 699
f 699 7286 7285
f 7633 699 7285
f 699 7448 7286
f 7632 699 7633
f 700 13074 789
f 700 7636 13076
f 700 13076 13074
f 4322 701 4320
f 4323 4320 701
f 4322 7861 701
f 13077 4323 701
f 4713 702 970
f 970 702 4918
f 702 4924 4918
f 4922 4924 702
f 4327 703 4325
f 4330 4325 703
f 4329 703 4327
f 4332 703 4329
f 4330 703 4331
f 4331 703 4332
f 704 10836 4330
f 704 10829 10828
f 704 10828 10836
f 704 12351 10829
f 707 4346 705
f 707 705 10611
f 705 710 4333
f 705 4346 710
f 705 4333 10588
f 705 10588 10611
f 4334 4336 706
f 4334 706 10636
f 4336 10848 706
f 4337 706 4338
f 10636 706 4337
f 4338 706 10848
f 707 4341 4342
f 707 10611 4341
f 707 4342 4344
f 707 4344 4346
f 4339 3467 708
f 10863 708 3467
f 4342 4339 708
f 4342 708 4343
f 4343 708 10864
f 10864 708 10863
f 709 4344 4343
f 709 4343 8410
f 709 4345 4344
f 709 12343 4345
f 709 8410 8409
f 709 8409 12342
f 709 12342 12343
f 710 10840 4333
f 710 4346 4345
f 710 4345 10837
f 710 10837 10840
f 4334 711 4354
f 4334 10636 711
f 4348 4352 711
f 711 4352 4354
f 4350 3661 712
f 12232 712 3661
f 4350 712 4352
f 712 4353 4352
f 12230 4353 712
f 12230 712 12233
f 12232 12233 712
f 3010 713 9683
f 3010 12525 713
f 4692 4693 713
f 4692 713 4694
f 4693 9683 713
f 4694 713 12525
f 4357 4356 714
f 4356 7418 714
f 4357 714 13076
f 11382 714 7418
f 11382 11380 714
f 11380 13076 714
f 4357 715 4355
f 4355 715 13072
f 4357 7636 715
f 7636 7635 715
f 10910 715 7635
f 10910 7638 715
f 7638 13072 715
f 716 4362 11685
f 716 12164 4362
f 716 11685 11684
f 716 11684 12165
f 716 12165 12164
f 718 4360 717
f 718 717 10758
f 717 4359 3430
f 717 3430 10753
f 717 4360 4359
f 718 10788 4360
f 718 4382 4380
f 718 4380 10788
f 718 10758 4382
f 719 4360 10788
f 720 4358 4361
f 720 4362 4358
f 4361 4384 720
f 720 11685 4362
f 720 4384 4392
f 720 4392 11685
f 4616 736 721
f 4617 721 736
f 836 4615 721
f 836 721 10051
f 4615 4616 721
f 4617 10051 721
f 722 4364 4363
f 722 4363 10717
f 722 4366 4364
f 4367 4366 722
f 4367 722 10717
f 723 728 4373
f 723 10777 728
f 723 4365 4364
f 723 4364 10766
f 723 4373 4365
f 723 10766 10777
f 724 4385 731
f 724 731 10740
f 4368 724 4366
f 724 10766 4366
f 4370 724 4368
f 4370 4385 724
f 724 10740 10766
f 4368 4367 725
f 4367 10718 725
f 4369 4368 725
f 4369 725 12228
f 725 10718 11442
f 725 11442 11441
f 725 11441 12228
f 726 732 1799
f 726 11449 732
f 4370 726 1799
f 4370 4369 726
f 4369 12229 726
f 726 12229 11449
f 4373 727 4365
f 10720 4365 727
f 4373 4372 727
f 4372 10200 727
f 727 10200 10199
f 10720 727 10199
f 4373 728 4371
f 10783 4371 728
f 10787 728 10777
f 10787 10783 728
f 4379 4378 729
f 729 4378 10783
f 4379 729 4380
f 729 10788 4380
f 10787 729 10783
f 10787 10788 729
f 730 4383 1791
f 730 1791 10752
f 730 4375 4377
f 730 10752 4375
f 4379 730 4377
f 4379 4381 730
f 730 4381 4383
f 4361 731 4384
f 4361 10716 731
f 4384 731 4385
f 10740 731 10716
f 4387 1799 732
f 4387 732 4388
f 732 11451 4388
f 732 11449 11450
f 732 11450 11451
f 4389 4388 733
f 733 4388 11452
f 4389 733 4390
f 4390 733 12139
f 733 11452 12140
f 733 12140 12139
f 4390 734 4391
f 11678 734 4390
f 4391 734 4392
f 4392 734 11685
f 11678 11677 734
f 11677 11685 734
f 4393 4395 735
f 4393 735 11933
f 4395 7645 735
f 735 7645 11935
f 735 11934 11933
f 735 11935 11934
f 832 10048 736
f 4616 1351 736
f 4617 736 10048
f 4394 737 4395
f 4394 13073 737
f 4395 737 7641
f 10910 737 7638
f 7638 737 13073
f 7641 737 10910
f 4396 738 4397
f 4396 10762 738
f 4397 738 12169
f 10762 10761 738
f 12170 738 10761
f 12170 12169 738
f 4400 4399 739
f 4410 739 4399
f 4401 4400 739
f 4414 4401 739
f 4412 739 4410
f 4414 739 4412
f 4406 1428 740
f 740 1428 10800
f 4406 740 4407
f 4407 740 10856
f 740 10800 10856
f 1707 741 4404
f 1707 12359 741
f 1791 4404 741
f 1791 741 10752
f 10751 10752 741
f 12359 10751 741
f 1814 742 4404
f 1814 10763 742
f 4403 4405 742
f 4403 742 10762
f 4404 742 4405
f 10763 10762 742
f 4419 745 743
f 745 10856 743
f 743 4414 4413
f 4420 743 4413
f 743 10800 4414
f 4419 743 4420
f 743 10856 10800
f 4397 744 4398
f 4397 11139 744
f 4398 744 4399
f 744 4409 4399
f 744 11144 4409
f 744 11139 11138
f 744 11138 11144
f 4415 745 1091
f 4417 1091 745
f 4416 745 4415
f 4416 10856 745
f 4417 745 4419
f 746 4424 748
f 746 748 4427
f 12637 4424 746
f 7654 746 4427
f 7653 746 7654
f 7653 12637 746
f 4424 747 4425
f 12636 747 4424
f 4425 747 8922
f 747 8923 8922
f 747 8924 8923
f 12636 8924 747
f 4424 4425 748
f 4425 4429 748
f 748 4426 4427
f 748 4429 4426
f 4425 749 4428
f 4425 8922 749
f 749 7790 4428
f 7791 7790 749
f 7791 749 8921
f 749 8922 8921
f 750 757 1831
f 750 11060 757
f 750 1831 4432
f 750 3531 11060
f 750 12289 3531
f 750 4432 4431
f 750 4431 12289
f 751 4433 756
f 751 756 11008
f 751 4435 4433
f 751 4436 4435
f 751 11054 4436
f 752 4435 4436
f 752 4437 4435
f 752 4436 4441
f 752 4440 4437
f 4441 4440 752
f 753 3426 4378
f 12360 3426 753
f 753 4377 4376
f 9475 753 4376
f 753 4378 4377
f 12360 753 9475
f 754 755 4441
f 4463 755 754
f 754 4441 4436
f 11054 754 4436
f 10883 4463 754
f 11054 10883 754
f 755 4462 4444
f 4463 4462 755
f 4432 756 4433
f 4432 4445 756
f 756 4445 7009
f 11008 756 7009
f 757 4446 1831
f 11064 4446 757
f 11060 11062 757
f 11062 11064 757
f 758 4456 4455
f 758 4455 12376
f 758 10098 4456
f 758 10099 10098
f 758 10100 10099
f 758 12376 10100
f 761 4458 759
f 761 759 10613
f 759 4456 10098
f 759 10098 10613
f 760 4457 4459
f 760 10955 4457
f 760 4459 4461
f 760 4461 4464
f 4463 760 4464
f 10883 760 4463
f 10883 10955 760
f 761 4459 4458
f 761 4460 4459
f 761 10614 4460
f 761 10613 10614
f 762 3377 10621
f 762 12372 3377
f 762 4461 4460
f 762 4460 12373
f 762 10621 4461
f 762 12373 12372
f 763 4462 4464
f 10597 4462 763
f 763 4464 10621
f 10598 10597 763
f 10619 10598 763
f 10619 763 10620
f 763 10621 10620
f 2198 5783 764
f 2198 764 12731
f 5786 4467 764
f 764 4467 12732
f 5786 764 5783
f 764 12732 12731
f 1863 914 765
f 10934 765 914
f 1863 765 4468
f 4468 765 4481
f 4473 4481 765
f 10934 4473 765
f 4473 766 4474
f 10934 766 4473
f 766 4475 4474
f 766 12333 4475
f 10934 10935 766
f 10935 12333 766
f 1230 4468 767
f 1230 767 12394
f 1879 767 4480
f 1879 4765 767
f 4468 4480 767
f 12394 767 4765
f 3329 4476 768
f 3329 768 4477
f 768 4474 4475
f 768 4476 4474
f 768 4475 12334
f 768 12334 4477
f 4480 4481 769
f 4764 4480 769
f 769 4481 4482
f 9262 769 4482
f 4764 769 9264
f 9264 769 9262
f 770 1371 4484
f 770 13062 1371
f 6046 3808 770
f 11539 770 3808
f 770 4484 11823
f 6046 770 11823
f 11539 13062 770
f 4484 804 771
f 4557 771 804
f 4484 771 11823
f 5757 771 4557
f 5757 5758 771
f 5758 11823 771
f 4487 772 4485
f 4485 772 4492
f 4487 4500 772
f 772 4493 4492
f 4494 4493 772
f 4494 772 4499
f 4499 772 4500
f 3271 4489 773
f 3271 773 12426
f 773 4489 4488
f 10379 773 4488
f 10377 773 10378
f 10377 12426 773
f 10378 773 10379
f 4490 4489 774
f 774 4489 10367
f 4490 774 4504
f 4504 774 4505
f 4505 774 10370
f 10369 774 10367
f 10369 10370 774
f 775 4491 4493
f 12423 4491 775
f 4495 775 4493
f 4495 4497 775
f 10404 775 4497
f 12423 775 10404
f 4490 776 4488
f 776 4498 4488
f 4490 11081 776
f 4499 4498 776
f 4499 776 11082
f 776 11081 11082
f 4487 4486 777
f 4486 11025 777
f 4487 777 4501
f 777 4502 4501
f 777 11025 4502
f 4498 4500 778
f 10379 4498 778
f 778 4500 4501
f 778 4501 4503
f 10371 778 4503
f 10379 778 10371
f 1883 779 780
f 780 779 4508
f 1883 11070 779
f 4504 4506 779
f 4504 779 11081
f 779 4506 4508
f 11070 11081 779
f 1883 780 782
f 780 4511 782
f 780 4508 4510
f 780 4510 4511
f 3289 781 1888
f 1888 781 4508
f 3289 10413 781
f 781 4510 4508
f 781 10412 4510
f 781 10413 10412
f 1883 782 4497
f 10402 4497 782
f 4511 10403 782
f 10402 782 10403
f 803 4552 783
f 803 783 13059
f 783 4552 13061
f 783 13064 13059
f 783 13061 13063
f 13064 783 13063
f 6100 11536 784
f 6100 784 13064
f 11535 784 11536
f 11535 13059 784
f 784 13059 13064
f 4512 4514 785
f 4512 785 12208
f 4514 4516 785
f 4516 4518 785
f 4520 785 4518
f 4520 12208 785
f 4512 786 4513
f 12207 786 4512
f 4513 786 10826
f 786 10827 10826
f 12206 10827 786
f 12206 786 12207
f 4515 787 4516
f 4515 11130 787
f 4516 787 4517
f 787 11132 4517
f 4518 4517 788
f 788 4517 11132
f 4519 4518 788
f 4519 788 4542
f 788 4543 4542
f 788 11132 4543
f 4321 4320 789
f 4324 789 4320
f 13074 4321 789
f 2229 790 9555
f 10695 790 2229
f 7789 7787 790
f 790 7787 9555
f 7789 790 7788
f 10695 7788 790
f 4186 10415 791
f 4204 4202 791
f 4513 792 4515
f 4513 4528 792
f 4515 792 11130
f 792 4528 4527
f 11128 792 4527
f 11128 11130 792
f 793 4529 4528
f 793 4528 10826
f 793 4530 4529
f 793 10824 4530
f 793 10825 10824
f 793 10826 10825
f 794 4531 4530
f 794 4530 12350
f 10312 4531 794
f 10312 794 10313
f 10313 794 12349
f 12349 794 12350
f 795 4533 4532
f 795 4532 4549
f 11128 4533 795
f 795 4549 4548
f 11127 795 4548
f 11127 11128 795
f 796 797 4537
f 10319 797 796
f 4535 796 4537
f 10312 796 4535
f 10311 10310 796
f 10319 796 10310
f 10312 10311 796
f 10325 4537 797
f 10319 10324 797
f 10324 10325 797
f 798 4521 4523
f 798 11173 4521
f 4538 798 4523
f 4538 11134 798
f 798 11134 11173
f 799 10332 3258
f 799 3258 12425
f 799 4546 4545
f 799 4545 10332
f 799 12424 4546
f 799 12425 12424
f 800 4542 4544
f 10384 4542 800
f 800 4544 4546
f 800 4546 10381
f 10380 800 10381
f 10380 10384 800
f 1930 4550 801
f 1930 801 12437
f 10325 801 4550
f 10324 801 10325
f 10324 12438 801
f 801 12438 12437
f 802 4547 4548
f 10294 4547 802
f 4550 802 4548
f 10292 802 4550
f 10294 802 10292
f 803 1834 12974
f 1834 803 13059
f 803 4551 4552
f 12974 4551 803
f 5759 804 4484
f 4555 4557 804
f 6052 4555 804
f 5759 6053 804
f 6053 6052 804
f 805 3515 4559
f 805 7332 3515
f 805 4559 4558
f 805 4558 10960
f 805 10959 7332
f 805 10960 10959
f 806 4561 4560
f 806 4574 4561
f 806 4575 4574
f 11006 4575 806
f 807 2113 8078
f 807 8078 8047
f 808 4564 1356
f 10215 808 1356
f 10960 4564 808
f 10215 10958 808
f 808 10958 10957
f 10960 808 10957
f 809 4565 4561
f 809 4561 4574
f 809 4566 4565
f 809 11196 4566
f 3116 810 4569
f 3116 9936 810
f 4569 810 4570
f 4570 810 12462
f 9936 12460 810
f 12460 12462 810
f 811 10212 4567
f 811 4567 11256
f 811 4568 4570
f 811 11256 4568
f 811 4570 10213
f 811 10213 10212
f 4572 3211 812
f 3211 9940 812
f 4573 4572 812
f 4573 812 10217
f 9939 812 9940
f 10217 812 9939
f 4569 4568 813
f 4568 11314 813
f 4569 813 10216
f 4573 813 4571
f 11320 4571 813
f 4573 10216 813
f 813 11314 11320
f 1469 1328 814
f 10224 814 1328
f 10238 1469 814
f 4572 4571 814
f 4571 9311 814
f 4572 814 10224
f 10238 814 9311
f 4577 4579 815
f 4577 815 11351
f 4579 4581 815
f 9311 815 4581
f 9311 11320 815
f 11351 815 11320
f 4578 816 4579
f 10394 816 4578
f 4579 816 4580
f 10398 4580 816
f 10396 816 10394
f 10398 816 10396
f 4580 817 4581
f 10399 817 4580
f 10238 4581 817
f 10239 10238 817
f 10239 817 12423
f 12423 817 10399
f 2160 818 7617
f 2160 12941 818
f 2199 12050 818
f 2199 818 12941
f 7617 818 13057
f 12050 13057 818
f 7625 2162 819
f 13057 819 2162
f 7625 819 9353
f 12051 9353 819
f 12051 819 13057
f 4584 1980 820
f 1980 11367 820
f 4584 820 4582
f 4602 4582 820
f 4603 4602 820
f 11367 4603 820
f 821 4585 4589
f 821 10156 4585
f 821 4589 10167
f 821 10157 10156
f 821 10166 10157
f 821 10167 10166
f 4586 4585 822
f 822 4585 10159
f 4603 4586 822
f 4603 822 4601
f 4601 822 12346
f 12346 822 10159
f 4587 823 4589
f 4598 823 4587
f 823 4596 4589
f 823 4595 4596
f 2155 4584 824
f 2155 824 6930
f 10713 824 4584
f 824 4590 6930
f 824 10715 4590
f 10713 10715 824
f 825 10715 3416
f 825 3416 12362
f 825 10196 4590
f 825 4590 10715
f 825 10719 10196
f 825 12362 10719
f 4594 4593 826
f 10188 826 4593
f 4594 826 12471
f 10187 826 10188
f 10187 12472 826
f 12471 826 12472
f 4594 827 4595
f 4594 10161 827
f 827 4596 4595
f 827 10167 4596
f 827 10161 10160
f 827 10160 10167
f 828 2042 4592
f 828 4607 2042
f 828 3201 10195
f 828 10196 3201
f 828 4592 10196
f 828 4606 4607
f 828 10195 4606
f 2042 829 2165
f 2042 4607 829
f 829 4600 2165
f 829 10182 4600
f 829 4607 10183
f 829 10183 10182
f 4609 2268 830
f 5160 830 2268
f 4610 4609 830
f 4610 830 13037
f 5576 830 5160
f 13037 830 5576
f 4610 831 4608
f 4608 831 7620
f 4610 11057 831
f 7619 7620 831
f 7619 831 7621
f 7621 831 11057
f 12491 832 1026
f 12492 10048 832
f 12491 12492 832
f 4611 833 10053
f 833 10054 10053
f 833 12375 10054
f 833 12376 12375
f 4612 4611 834
f 4611 7085 834
f 4613 4612 834
f 4613 834 11404
f 11393 834 7085
f 11393 11404 834
f 835 4614 4613
f 835 4613 4625
f 835 4623 4614
f 4621 4623 835
f 4621 835 4624
f 835 4625 4624
f 10067 4615 836
f 836 10051 10064
f 836 10064 10063
f 10067 836 10063
f 837 4616 4615
f 837 4615 4618
f 837 11393 4616
f 837 4618 4628
f 837 4628 4627
f 837 4627 11393
f 10082 838 3060
f 3060 838 13420
f 10082 10081 838
f 13416 838 10081
f 13420 838 13416
f 4621 839 4622
f 4621 10105 839
f 839 12487 4622
f 10102 10104 839
f 10102 839 10105
f 10104 12487 839
f 10103 840 1975
f 10113 1975 840
f 4624 4626 840
f 10105 4624 840
f 10113 840 4626
f 10103 10105 840
f 4625 841 4626
f 4625 11404 841
f 4626 841 4631
f 841 4627 4629
f 841 11404 4627
f 841 4629 4631
f 842 4632 5729
f 842 12062 4632
f 842 5722 5721
f 842 5721 12064
f 842 5729 5722
f 842 12064 12062
f 843 5721 5720
f 843 5720 5735
f 13047 5721 843
f 843 5735 13048
f 13047 843 13048
f 844 10513 3328
f 844 3328 10963
f 844 4637 4636
f 844 4636 10513
f 844 10211 4637
f 844 10962 10211
f 844 10963 10962
f 845 10211 3208
f 845 3208 12461
f 845 4634 4637
f 11413 4634 845
f 845 4637 10211
f 11413 845 12461
f 2254 4689 846
f 2254 846 7117
f 846 4636 4635
f 7117 846 4635
f 846 7136 4636
f 4689 7136 846
f 847 4635 4634
f 9928 847 4634
f 7117 4635 847
f 9929 7117 847
f 9928 9929 847
f 4639 848 849
f 4640 849 848
f 4639 9929 848
f 4640 848 11429
f 9928 848 9929
f 9928 11429 848
f 4638 4639 849
f 4638 849 4644
f 4640 4642 849
f 4642 4644 849
f 4641 850 9936
f 4641 11429 850
f 9936 850 12460
f 11429 11413 850
f 11413 12461 850
f 850 12461 12460
f 9937 3117 851
f 12494 851 3117
f 4641 851 4642
f 4641 9937 851
f 4642 851 4643
f 4643 851 12494
f 4982 4644 852
f 4644 9944 852
f 4983 4982 852
f 4983 852 12171
f 9943 852 9944
f 9943 12171 852
f 4650 3862 853
f 13055 853 3862
f 5725 853 4645
f 13055 4645 853
f 4650 853 5724
f 5725 5724 853
f 4646 4645 854
f 13055 854 4645
f 10485 4646 854
f 10483 854 7424
f 13054 7424 854
f 10483 10485 854
f 13055 13054 854
f 4647 915 855
f 4761 855 915
f 1361 5725 855
f 5747 1361 855
f 5725 4647 855
f 5747 855 4761
f 856 4653 4652
f 5744 856 4652
f 13045 4653 856
f 5744 5743 856
f 13045 856 5743
f 4651 857 4649
f 4649 857 11981
f 4651 4653 857
f 4653 11983 857
f 11981 857 11982
f 11982 857 11983
f 4657 858 4658
f 4657 9775 858
f 4658 858 12518
f 9774 858 9775
f 9774 12519 858
f 12519 12518 858
f 4656 859 4654
f 4654 859 9768
f 4656 4658 859
f 4658 9765 859
f 859 9765 9764
f 9768 859 9764
f 864 860 4662
f 11550 860 864
f 4655 4654 860
f 4654 4662 860
f 4655 860 11440
f 11550 11440 860
f 4660 862 861
f 862 9798 861
f 4660 861 4661
f 4661 861 9795
f 8671 9795 861
f 8671 861 9798
f 4660 11461 862
f 862 4666 9798
f 862 11462 4666
f 862 11461 11462
f 897 2737 863
f 897 863 9705
f 863 9734 9705
f 863 9736 9734
f 864 4662 4663
f 864 4663 4666
f 864 4666 11462
f 11550 864 11462
f 867 865 4667
f 867 8350 865
f 868 4668 865
f 868 865 4673
f 865 4668 4667
f 865 8350 4673
f 866 9802 3056
f 866 3056 12507
f 866 4667 4669
f 866 12506 4667
f 866 4669 9802
f 866 12507 12506
f 867 2527 8446
f 867 12506 2527
f 867 4667 12506
f 867 8446 8350
f 868 4673 872
f 868 872 11447
f 869 2983 12608
f 869 12608 12610
f 870 4675 4674
f 870 4674 9841
f 870 12503 4675
f 870 9841 8438
f 870 8438 12504
f 870 12504 12503
f 871 4676 4675
f 871 4675 9862
f 871 4677 4676
f 871 4679 4677
f 871 9861 4679
f 871 9862 9861
f 872 4673 4671
f 872 4671 4677
f 872 4677 4678
f 872 4678 11440
f 872 11440 11447
f 873 4680 4679
f 873 4679 9861
f 873 4681 4680
f 9860 4681 873
f 9860 873 9859
f 9859 873 9861
f 874 4682 4681
f 12467 874 4681
f 874 9775 4682
f 9770 9769 874
f 9769 9775 874
f 9770 874 12467
f 877 4686 875
f 877 875 13050
f 875 4633 4683
f 875 5729 4633
f 13050 875 4683
f 876 4197 4848
f 6630 4197 876
f 4210 4837 876
f 6628 4210 876
f 6630 876 4837
f 6628 876 4848
f 877 3856 11958
f 877 11959 3856
f 877 11958 4686
f 877 13050 11959
f 878 881 5731
f 878 11958 881
f 878 5730 4686
f 878 4686 11958
f 878 5731 5730
f 879 4693 4692
f 879 4692 10511
f 879 7136 4693
f 879 10513 7136
f 879 10511 10510
f 879 10510 10513
f 2254 880 4689
f 9781 880 2254
f 8988 880 2722
f 9781 2722 880
f 880 9683 4689
f 8988 9683 880
f 881 4695 5731
f 881 11957 4695
f 881 11956 11957
f 881 11958 11956
f 3929 7038 882
f 7038 11595 882
f 11596 11594 882
f 11596 882 11595
f 5741 883 1366
f 13042 1366 883
f 5741 4699 883
f 13044 883 4699
f 13043 13042 883
f 13043 883 13044
f 4703 884 4700
f 4700 884 10055
f 4703 4702 884
f 12492 884 4702
f 12491 10055 884
f 12491 884 12492
f 4704 885 4702
f 4702 885 10045
f 4704 4706 885
f 885 4706 10046
f 885 10046 10045
f 886 887 4707
f 886 5090 887
f 886 4707 4709
f 886 4709 5092
f 886 5091 5090
f 886 5092 5091
f 887 13048 4707
f 887 5090 12742
f 887 12742 12741
f 887 12741 13048
f 5900 888 5901
f 5900 12064 888
f 888 12740 5901
f 888 12064 13047
f 888 12741 12740
f 888 13047 12741
f 4717 889 4710
f 4710 889 12555
f 4717 9442 889
f 9440 889 9441
f 9440 12555 889
f 889 9442 9441
f 4712 890 906
f 9421 906 890
f 4711 4710 890
f 9422 890 4710
f 4712 4711 890
f 9422 9421 890
f 891 901 905
f 907 901 891
f 891 905 11583
f 4743 907 891
f 4743 891 4712
f 4712 891 11583
f 11628 893 892
f 4711 11583 892
f 892 11583 11602
f 11628 892 11602
f 4717 893 4730
f 893 4726 4721
f 893 4721 4730
f 11628 4726 893
f 894 3740 11614
f 13211 3740 894
f 11613 13211 894
f 895 4720 4718
f 4727 895 4718
f 895 4726 4720
f 895 4721 4726
f 4729 4721 895
f 4727 4729 895
f 4720 896 2863
f 4723 2863 896
f 4720 4726 896
f 11665 4723 896
f 11628 896 4726
f 11665 896 11628
f 897 9733 2737
f 897 3021 4732
f 897 9705 3021
f 897 4732 9733
f 4728 898 899
f 9432 899 898
f 4728 9470 898
f 9432 898 12542
f 12543 898 9470
f 12542 898 12543
f 4728 899 4729
f 4729 899 4730
f 899 9442 4730
f 9432 9431 899
f 899 9431 9442
f 4733 900 4734
f 4733 4737 900
f 11553 4734 900
f 4737 4736 900
f 4736 11553 900
f 11553 905 901
f 907 8474 901
f 4734 901 8474
f 11553 901 4734
f 11553 902 905
f 11602 905 902
f 4736 4735 902
f 11665 902 4735
f 4736 902 11553
f 11665 11602 902
f 4736 903 904
f 9475 904 903
f 4737 903 4736
f 4738 903 4737
f 4738 12360 903
f 12360 9475 903
f 4724 4735 904
f 6106 4724 904
f 4736 904 4735
f 9475 6106 904
f 11602 11583 905
f 4743 4712 906
f 4743 906 4744
f 9430 4744 906
f 9430 906 9421
f 4743 4745 907
f 9776 907 4745
f 9776 8474 907
f 908 4748 4747
f 12246 908 4747
f 10486 4748 908
f 10486 908 10487
f 12247 10487 908
f 12247 908 12246
f 909 4746 4748
f 909 4755 4746
f 909 4748 7115
f 909 4756 4755
f 909 7115 4756
f 3318 9334 910
f 3318 910 10487
f 910 9338 7115
f 10486 910 7115
f 9333 910 9334
f 9333 9338 910
f 10486 10487 910
f 911 913 2864
f 911 4752 913
f 911 2864 9321
f 911 12489 4752
f 911 9321 9323
f 911 9323 12489
f 912 4750 4746
f 912 4746 4755
f 10068 4750 912
f 10068 912 4751
f 11672 4751 912
f 11672 912 4755
f 2864 913 5109
f 12561 913 4752
f 5492 5109 913
f 5492 913 12561
f 1863 4469 914
f 4469 3493 914
f 10936 914 3493
f 10934 914 10936
f 4762 915 4647
f 4757 4759 915
f 4757 915 4762
f 4759 4761 915
f 7611 916 1070
f 916 7613 1070
f 916 5747 4761
f 916 4761 7613
f 916 5748 5747
f 7611 5748 916
f 918 4772 917
f 918 917 9179
f 917 4769 4771
f 917 4772 4769
f 917 4771 9180
f 917 9180 9179
f 918 9174 2836
f 918 2836 9254
f 918 9254 4772
f 918 9179 9174
f 4776 919 4777
f 4776 8990 919
f 4777 919 12631
f 12632 919 8990
f 12632 12631 919
f 4777 920 4778
f 4777 8978 920
f 4778 920 4779
f 8987 4779 920
f 920 8978 8977
f 8987 920 8977
f 4781 921 4195
f 4819 4195 921
f 4779 921 4780
f 4779 4820 921
f 4780 921 4781
f 4819 921 4820
f 4781 922 4782
f 11836 922 4781
f 4782 922 4783
f 11853 4783 922
f 4990 922 11836
f 4990 11853 922
f 4782 4783 923
f 4782 923 4784
f 4783 4811 923
f 4784 923 4809
f 923 4810 4809
f 4811 4810 923
f 924 4786 6782
f 924 9163 4786
f 924 6782 9038
f 924 9038 9354
f 924 9175 9163
f 924 9354 9175
f 925 2282 2267
f 925 2267 6496
f 925 2369 2282
f 6538 2369 925
f 925 6496 6509
f 6538 925 6509
f 8834 2676 926
f 11369 926 2676
f 8834 926 8832
f 8832 926 11371
f 11369 11368 926
f 926 11368 11371
f 927 2734 2602
f 927 2602 6825
f 927 3058 2734
f 927 4222 3058
f 927 4434 4222
f 927 6825 4434
f 5100 2146 928
f 12747 928 2146
f 5098 928 5097
f 12746 5097 928
f 5100 928 5098
f 12747 12746 928
f 929 2280 3222
f 929 4165 2280
f 929 3222 4793
f 929 4816 4165
f 929 4793 4816
f 6715 4120 930
f 4120 9108 930
f 6715 930 8860
f 9106 8860 930
f 930 9053 8905
f 9106 930 8905
f 9108 9053 930
f 4799 3356 931
f 931 3356 8860
f 931 8860 12616
f 931 12616 12615
f 4798 932 4800
f 4798 9088 932
f 4800 932 4801
f 9096 4801 932
f 9087 932 9088
f 9087 9096 932
f 4802 933 3450
f 4803 3450 933
f 4591 4803 933
f 4853 4591 933
f 4854 933 4802
f 4854 4853 933
f 934 3538 4803
f 11720 3538 934
f 4701 934 4690
f 4690 934 11697
f 4701 11720 934
f 11697 934 4803
f 935 6628 3360
f 935 4210 6628
f 6719 4210 935
f 6719 935 4804
f 4808 4810 936
f 4808 936 12527
f 4812 936 4810
f 4812 4814 936
f 4814 9266 936
f 12527 936 9266
f 937 4809 4808
f 937 4808 12526
f 937 8992 4809
f 937 8993 8992
f 937 12525 8993
f 937 12526 12525
f 938 4812 4811
f 11853 938 4811
f 4813 4812 938
f 4813 938 11891
f 5005 938 11853
f 5005 11891 938
f 4814 939 4130
f 4831 4130 939
f 4813 939 4814
f 4813 4832 939
f 4832 4831 939
f 4818 4794 940
f 940 4794 4925
f 11836 4818 940
f 11828 940 4925
f 4970 940 11828
f 4970 11836 940
f 941 4821 4820
f 8987 941 4820
f 941 4822 4821
f 8985 4822 941
f 8986 8985 941
f 8986 941 8987
f 942 4823 4822
f 942 4822 12600
f 942 4824 4823
f 942 12598 4824
f 942 12599 12598
f 942 12600 12599
f 943 3320 4826
f 943 9038 3320
f 943 4825 4824
f 943 4824 9158
f 943 4826 4825
f 943 9158 9038
f 4827 944 4828
f 4836 944 4827
f 12575 4828 944
f 4836 9183 944
f 9182 944 9183
f 12575 944 9182
f 4829 4828 945
f 12576 945 4828
f 4829 945 9268
f 9268 945 9263
f 12576 9263 945
f 946 4833 4832
f 11891 946 4832
f 946 4834 4833
f 11694 4834 946
f 11694 946 11896
f 11891 11896 946
f 4834 947 4835
f 4834 4850 947
f 4835 947 4836
f 4836 947 4860
f 4849 947 4850
f 4849 4860 947
f 4212 948 2018
f 4716 2018 948
f 948 6660 3582
f 11720 948 3582
f 4212 6660 948
f 4716 948 11720
f 949 6641 9026
f 949 9520 6641
f 949 9026 9377
f 949 9377 9459
f 949 9459 9520
f 2957 2733 950
f 950 2733 4846
f 6892 2957 950
f 4534 950 4846
f 6632 950 4534
f 6632 6892 950
f 951 9037 3751
f 9108 951 3751
f 4670 4588 951
f 4588 4846 951
f 4670 951 9108
f 4846 9037 951
f 3510 4851 952
f 11697 3510 952
f 952 4851 4850
f 11694 952 4850
f 11694 5047 952
f 11697 952 5047
f 4854 4801 953
f 953 4801 9096
f 4855 4854 953
f 4856 4855 953
f 4856 953 9094
f 953 9096 9094
f 4856 954 4855
f 4855 954 4857
f 4856 12578 954
f 4857 954 4858
f 954 12582 4858
f 954 12578 12577
f 954 12577 12582
f 955 4861 4863
f 955 6346 4861
f 955 4863 5710
f 12921 955 5710
f 12921 6346 955
f 956 4862 4861
f 4867 956 4861
f 13041 4862 956
f 4866 956 4867
f 4866 13041 956
f 1354 4865 957
f 1354 957 4873
f 957 1399 4875
f 957 11308 1399
f 957 4865 11308
f 4873 957 4875
f 4597 4864 958
f 4597 958 5829
f 4866 958 4864
f 4868 958 4866
f 4868 12933 958
f 5829 958 12933
f 4870 4869 959
f 4869 12660 959
f 959 8779 4870
f 959 8781 8779
f 959 12660 8781
f 4871 4870 960
f 960 4870 8780
f 4871 960 4872
f 4878 4872 960
f 4878 960 4876
f 960 8780 4876
f 4889 961 4879
f 12279 4879 961
f 4889 8754 961
f 961 8754 8753
f 961 8753 12269
f 12279 961 12269
f 962 12277 4880
f 962 4880 12279
f 12268 12278 962
f 12268 962 12279
f 12276 12277 962
f 12276 962 12278
f 4881 963 4882
f 12277 963 4881
f 963 4883 4882
f 10572 4883 963
f 10573 10572 963
f 10573 963 12277
f 978 964 4912
f 978 12035 964
f 964 4882 4883
f 964 12035 4882
f 964 4883 4914
f 964 4914 4912
f 965 4888 4886
f 965 4886 12035
f 965 4887 4888
f 965 4897 4887
f 4897 965 12077
f 965 12035 12053
f 965 12053 12077
f 966 6740 1326
f 966 1326 12865
f 966 6733 6732
f 966 6732 6739
f 966 12865 6733
f 966 6739 6740
f 967 2647 4891
f 12669 2647 967
f 4899 967 4891
f 8762 967 4899
f 8762 8761 967
f 8761 12669 967
f 968 4892 4891
f 968 4891 8744
f 4893 4892 968
f 4893 968 8754
f 8754 968 8744
f 3877 969 12021
f 3877 12831 969
f 4713 970 4897
f 970 4719 4898
f 970 4918 4719
f 4900 972 971
f 4901 971 972
f 4900 971 8777
f 4901 12663 971
f 8777 971 8772
f 971 12663 8772
f 973 4901 972
f 973 972 4920
f 4900 4921 972
f 4920 972 4921
f 973 4902 4901
f 973 4903 4902
f 973 11966 4903
f 973 4920 11966
f 976 974 4903
f 976 4909 974
f 974 4902 4903
f 974 4904 4902
f 4908 4904 974
f 4908 974 4909
f 4907 4906 975
f 12657 975 4906
f 4907 975 8782
f 8779 975 8780
f 8779 8782 975
f 12657 8780 975
f 976 4903 12016
f 976 4911 4909
f 976 4912 4911
f 976 12017 4912
f 976 12016 12017
f 4910 977 981
f 4917 981 977
f 977 4909 4911
f 978 4912 12017
f 978 12017 12053
f 978 12053 12035
f 979 4883 1014
f 10579 979 1014
f 979 4914 4883
f 10579 4916 979
f 980 10579 3357
f 12379 980 3357
f 4917 4916 980
f 980 4916 10579
f 12384 4917 980
f 12384 980 12379
f 4910 981 9951
f 12384 981 4917
f 8795 9951 981
f 12384 8795 981
f 982 4713 12077
f 11966 4920 982
f 983 984 4922
f 8776 984 983
f 4900 983 4921
f 4900 8777 983
f 4921 983 4922
f 8777 8776 983
f 8776 2658 984
f 984 4924 4922
f 984 12650 4924
f 8755 985 2650
f 985 4719 4918
f 8763 4719 985
f 8763 985 8755
f 2896 986 3487
f 10928 3487 986
f 10926 986 10925
f 10928 986 10926
f 4927 1066 987
f 8587 987 1066
f 4926 4927 987
f 4926 987 4930
f 8589 4930 987
f 8587 8589 987
f 988 4929 4931
f 4932 4929 988
f 12446 988 4931
f 4932 988 4933
f 8657 4933 988
f 8657 988 12446
f 4933 989 4934
f 4933 8658 989
f 4934 989 8632
f 989 8633 8632
f 989 8660 8633
f 989 8658 8660
f 990 7717 2158
f 11098 990 2158
f 990 4935 4937
f 990 11099 4935
f 990 4937 7717
f 11098 11099 990
f 4939 991 992
f 12344 992 991
f 4941 991 4939
f 8414 991 4941
f 8414 12345 991
f 12344 991 12345
f 4939 992 4938
f 4938 992 10154
f 10152 10154 992
f 10152 992 12344
f 4941 4940 993
f 4940 4956 993
f 4942 4941 993
f 12088 4942 993
f 12102 993 4956
f 12102 12088 993
f 4944 994 995
f 8413 995 994
f 8419 994 4944
f 8413 994 12699
f 8418 994 8419
f 8418 12697 994
f 12699 994 12697
f 4942 995 4943
f 4942 4944 995
f 8412 4943 995
f 8413 8412 995
f 4942 996 4944
f 12088 996 4942
f 8419 4944 996
f 4963 8417 996
f 4963 996 12088
f 8417 8419 996
f 997 4949 4948
f 997 4948 8441
f 997 12692 4949
f 997 8435 8440
f 997 8441 8435
f 997 8440 12693
f 997 12693 12692
f 4945 4947 998
f 4945 998 8434
f 998 4947 4949
f 8431 998 4949
f 8430 998 8431
f 8430 8434 998
f 1005 999 4960
f 1005 12102 999
f 999 4946 4959
f 999 12106 4946
f 999 4959 4960
f 999 12102 12106
f 1000 4947 4946
f 1000 4946 4953
f 1000 4948 4947
f 1000 4951 4948
f 1000 4952 4951
f 1000 4953 4952
f 1001 10879 3471
f 1001 3471 10881
f 13322 1001 10881
f 4953 1002 4954
f 12106 1002 4953
f 4958 4954 1002
f 4956 4955 1002
f 4958 1002 4955
f 12106 4956 1002
f 4939 4938 1003
f 4938 10155 1003
f 4940 4939 1003
f 4940 1003 4955
f 4957 4955 1003
f 4957 1003 10155
f 3072 9855 1004
f 3072 1004 12474
f 4958 4957 1004
f 12475 1004 4957
f 9855 4958 1004
f 12475 12474 1004
f 1005 4960 4961
f 1005 4961 4963
f 1005 4963 12088
f 1005 12088 12102
f 1006 9366 4937
f 1006 4937 13039
f 7891 9366 1006
f 7891 1006 11919
f 11919 1006 13039
f 1007 4966 4965
f 1007 4965 12441
f 1007 4967 4966
f 1007 8580 4967
f 1007 8578 8580
f 1007 12441 8578
f 4968 12167 1008
f 4969 1008 4978
f 4978 1008 12127
f 1008 12167 12127
f 1010 4973 1009
f 1010 1009 10057
f 4968 4967 1009
f 4967 10057 1009
f 4968 1009 12167
f 1009 4973 4972
f 1009 4972 12167
f 1010 2459 4973
f 8288 2459 1010
f 8287 8288 1010
f 8287 1010 10057
f 4969 1011 4971
f 4969 4979 1011
f 10329 4971 1011
f 8344 1011 4979
f 8344 12422 1011
f 10329 1011 12422
f 4980 1013 1012
f 12127 1012 1013
f 4977 1012 4975
f 12127 4975 1012
f 8308 1012 4977
f 4980 1012 8308
f 4980 2475 1013
f 8343 1013 2475
f 4979 4978 1013
f 4978 12127 1013
f 8343 4979 1013
f 1014 4883 10572
f 10579 1014 10578
f 4989 1017 1015
f 1017 8125 1015
f 4989 1015 8120
f 8120 1015 8115
f 1015 12708 8115
f 8125 12708 1015
f 4986 1016 4985
f 4985 1016 8119
f 4988 1016 4986
f 4989 1016 4988
f 4989 8120 1016
f 1016 8120 8119
f 4989 4988 1017
f 4988 8139 1017
f 1017 8126 8125
f 1017 8141 8126
f 8139 8141 1017
f 4984 4983 1018
f 4986 1018 4983
f 4984 1018 8123
f 4986 4985 1018
f 4985 8124 1018
f 8123 1018 8124
f 2723 8997 1019
f 2723 1019 12629
f 4984 8123 1019
f 4984 1019 8998
f 8123 12629 1019
f 8997 8998 1019
f 4993 1020 4919
f 1020 5702 4919
f 4993 8127 1020
f 1020 5703 5702
f 1020 8126 5703
f 1020 8127 8126
f 12810 4994 1021
f 13038 1021 4994
f 11791 1021 11792
f 11791 11794 1021
f 11792 1021 13038
f 11794 12810 1021
f 4997 1022 10697
f 10699 1022 5006
f 1022 10698 10697
f 10699 10698 1022
f 3408 1023 10697
f 3408 12264 1023
f 1023 4998 4997
f 1023 4997 10697
f 1023 12263 4998
f 1023 12264 12263
f 4999 4998 1024
f 8733 1024 4998
f 4999 1024 5000
f 5000 1024 8743
f 8733 8743 1024
f 5000 1025 5001
f 5000 5038 1025
f 5001 1025 5036
f 1025 5035 5036
f 1026 10053 10052
f 12491 1026 10052
f 1027 5003 5004
f 1027 5006 5003
f 1027 5004 5010
f 1027 5008 5006
f 1027 5009 5008
f 1027 5010 5009
f 1028 5008 5007
f 1028 5007 12365
f 1028 10699 5008
f 1028 10700 10699
f 1028 12364 10700
f 1028 12365 12364
f 1029 5018 5017
f 1029 5017 7907
f 1029 12717 5018
f 1029 7906 7905
f 1029 7905 12718
f 1029 7907 7906
f 1029 12718 12717
f 1030 5013 5014
f 1030 7892 5013
f 1030 5014 5016
f 1030 5016 5018
f 1030 5018 7893
f 1030 7893 7892
f 1031 1032 5014
f 1031 5020 1032
f 1031 5014 5013
f 1031 5013 5022
f 1031 5021 5020
f 1031 5022 5021
f 1032 5015 5014
f 1032 12183 5015
f 1032 5020 12285
f 12183 1032 12316
f 1032 12285 12316
f 1033 5016 5015
f 1033 5015 5034
f 1033 5017 5016
f 1033 5044 5017
f 1033 5034 5033
f 1033 5033 5044
f 4792 5019 1034
f 7921 4792 1034
f 5021 1034 5019
f 5021 5023 1034
f 5023 7922 1034
f 7921 1034 7922
f 1035 5020 5019
f 1035 5019 5025
f 1035 12285 5020
f 5024 1035 5025
f 5024 12283 1035
f 1035 12283 12285
f 1036 5024 4806
f 1036 4806 5026
f 5027 5024 1036
f 1036 5026 7957
f 5027 1036 5028
f 5028 1036 5029
f 1036 7957 5029
f 1037 5010 5004
f 1037 5004 12273
f 1037 5411 5010
f 5027 5411 1037
f 5027 1037 12283
f 1037 12273 12275
f 1037 12275 12283
f 1038 5035 5034
f 1038 5034 12183
f 1038 5036 5035
f 1038 12226 5036
f 1038 12183 12226
f 5038 1039 5039
f 5038 8743 1039
f 5039 1039 5040
f 5040 1039 8741
f 8732 8741 1039
f 8732 1039 8743
f 1040 3074 9856
f 1040 9862 3074
f 9858 1040 9856
f 9859 1040 9858
f 9859 9861 1040
f 1040 9861 9862
f 1041 5043 5042
f 1041 5042 7898
f 1041 5044 5043
f 1041 7907 5044
f 1041 7898 7897
f 1041 7897 7907
f 1042 5045 1043
f 9093 1042 1043
f 1045 5045 1042
f 1045 1042 5914
f 5913 5914 1042
f 5913 1042 9093
f 1043 5045 5046
f 5709 1043 5046
f 12987 1043 5709
f 12987 9093 1043
f 5048 3797 1044
f 11792 1044 3797
f 1044 5046 5045
f 5048 1044 5045
f 1044 13038 5046
f 11792 13038 1044
f 5048 5045 1045
f 5049 5048 1045
f 5049 1045 5912
f 1045 5914 5912
f 5050 5049 1046
f 5049 5568 1046
f 5051 5050 1046
f 5051 1046 12979
f 1046 5568 5567
f 1046 5567 12979
f 5053 1047 5054
f 5053 5107 1047
f 5054 1047 7808
f 1047 5107 5106
f 1047 5106 7809
f 1047 7809 7808
f 5054 1048 5055
f 8735 1048 5054
f 1048 5056 5055
f 1048 5058 5056
f 1048 5059 5058
f 8735 5059 1048
f 1049 5056 5058
f 1049 12319 5056
f 1049 5058 5062
f 1049 5062 5064
f 1049 5064 5063
f 1049 5063 12319
f 1050 8671 1553
f 1050 1553 9536
f 1050 3603 1747
f 1050 1747 9796
f 1050 9536 3603
f 1050 9795 8671
f 1050 9796 9795
f 1051 5068 5070
f 11056 5068 1051
f 7773 1051 5070
f 10931 7619 1051
f 11056 1051 7619
f 10931 1051 7773
f 1052 5072 12326
f 5073 10318 1052
f 5073 1052 12337
f 1052 12326 12337
f 1053 5073 5075
f 1053 10318 5073
f 7704 1053 5075
f 7704 12443 1053
f 10315 10314 1053
f 1053 10314 10318
f 10315 1053 12443
f 4716 1054 2018
f 1054 11762 2018
f 4716 11751 1054
f 1054 4915 11762
f 1054 11813 4915
f 1054 11751 11813
f 1055 7707 5074
f 1055 5074 12337
f 1055 5078 5077
f 1055 5077 7707
f 1055 5079 5078
f 1055 12337 5079
f 5080 5079 1056
f 5079 12326 1056
f 7726 5080 1056
f 7726 1056 12697
f 12698 1056 12326
f 12698 12697 1056
f 5076 1057 5077
f 5076 7714 1057
f 5077 1057 7706
f 7705 7706 1057
f 7705 1057 12731
f 1057 7714 12731
f 1058 5076 5078
f 1058 7714 5076
f 5080 1058 5078
f 7725 1058 5080
f 12730 7714 1058
f 12730 1058 7725
f 5083 1059 1060
f 5085 1060 1059
f 5083 5084 1059
f 5084 12403 1059
f 12374 5085 1059
f 12374 1059 12401
f 1059 12403 12401
f 5081 5083 1060
f 5081 1060 12702
f 5085 5086 1060
f 5086 12702 1060
f 4469 1061 3493
f 3493 1061 7052
f 4469 4470 1061
f 4470 10492 1061
f 4471 7052 1061
f 4471 1061 10492
f 5089 5093 1062
f 5089 1062 8502
f 5093 12403 1062
f 5095 1062 5096
f 5095 8502 1062
f 5096 1062 12403
f 5092 1063 5091
f 5091 1063 5093
f 5102 1063 5092
f 5093 1063 12401
f 5102 5101 1063
f 5101 12401 1063
f 1064 7593 2149
f 12742 1064 2149
f 1064 5090 5089
f 1064 5089 7594
f 12742 5090 1064
f 1064 7594 7593
f 5082 1065 5083
f 8293 1065 5082
f 5083 1065 5084
f 5084 1065 5096
f 5094 5096 1065
f 8293 5094 1065
f 4927 8608 1066
f 5094 1066 5095
f 8587 1066 5094
f 8608 5095 1066
f 5085 1067 5088
f 12374 1067 5085
f 5088 1067 5098
f 5098 1067 5099
f 12356 5099 1067
f 12356 1067 12374
f 5103 1069 1068
f 5413 1068 1069
f 5103 1068 5101
f 1068 12374 5101
f 5413 12356 1068
f 1068 12356 12374
f 5104 1069 5103
f 5104 12738 1069
f 7611 5413 1069
f 7611 1069 12738
f 1070 5100 5099
f 5413 1070 5099
f 1070 7613 5100
f 7611 1070 5413
f 6564 1071 9325
f 12753 1071 6564
f 9325 1071 7473
f 12752 7473 1071
f 12751 12752 1071
f 12751 1071 12753
f 5112 5114 1072
f 5115 5112 1072
f 7309 1072 5114
f 5115 1072 6023
f 6023 1072 6022
f 7309 6022 1072
f 5119 1073 5117
f 12655 5117 1073
f 5121 1073 5119
f 5121 5123 1073
f 5123 12656 1073
f 12656 12655 1073
f 5117 1074 5118
f 5117 7334 1074
f 5125 5118 1074
f 5125 1074 5126
f 5126 1074 7333
f 7333 1074 7334
f 5121 5120 1075
f 12407 1075 5120
f 5121 1075 5122
f 5122 1075 5147
f 1075 5148 5147
f 12407 5148 1075
f 5124 1076 5125
f 5124 5128 1076
f 5125 1076 12482
f 5135 1076 5128
f 5135 5133 1076
f 5133 12482 1076
f 5124 5126 1077
f 5124 1077 5127
f 5126 7339 1077
f 12770 5127 1077
f 7338 1077 7339
f 12765 1077 7338
f 12765 12770 1077
f 5129 5131 1078
f 5129 1078 7381
f 1078 5131 7387
f 1078 7382 7381
f 1078 7386 7382
f 1078 7387 7386
f 1079 2716 8968
f 1079 9810 2716
f 8970 1079 8968
f 8970 8972 1079
f 1083 5142 1080
f 1083 1080 12445
f 1080 5131 5130
f 1080 5130 12407
f 1080 5143 5131
f 1080 5142 5143
f 12445 1080 12407
f 1081 5133 5132
f 1081 5132 5137
f 12481 5133 1081
f 1081 5137 5139
f 1081 5139 5138
f 12481 1081 5138
f 5135 1082 5132
f 5132 1082 5136
f 5135 5514 1082
f 12759 5136 1082
f 6403 1082 5514
f 12759 1082 6403
f 1083 5138 5139
f 1083 12459 5138
f 1083 5139 5140
f 1083 5140 5142
f 1083 12445 12459
f 1085 5140 1084
f 1085 1084 7392
f 2071 1084 5137
f 2071 7392 1084
f 1084 5139 5137
f 1084 5140 5139
f 5141 5140 1085
f 5141 1085 10145
f 1085 7392 7393
f 1085 7393 10145
f 1086 5145 5144
f 1086 5144 7381
f 1086 12721 5145
f 1086 7380 7379
f 1086 7379 12721
f 1086 7381 7380
f 1088 5156 1087
f 1088 1087 7257
f 5149 1087 5155
f 5149 7256 1087
f 1087 5156 5155
f 1087 7256 7257
f 5152 1088 5153
f 5152 5156 1088
f 9468 5153 1088
f 9468 1088 7257
f 8888 1089 3487
f 1089 13216 3487
f 8886 3631 1089
f 8887 1089 3631
f 8886 1089 8888
f 8887 13216 1089
f 4415 5157 1090
f 10678 4415 1090
f 5152 5154 1090
f 5152 1090 5157
f 10676 1090 5154
f 10678 1090 10676
f 4415 1091 5157
f 10680 1091 4417
f 1091 5155 5157
f 10680 5155 1091
f 7597 1092 7144
f 1092 11226 7144
f 9208 7146 1092
f 1092 7146 11226
f 7596 1092 7597
f 9208 1092 7596
f 1094 1093 4630
f 1094 5162 1093
f 1093 4631 4630
f 1093 10113 4631
f 1093 5162 5164
f 1093 5164 10113
f 1094 4630 9320
f 1094 5165 5162
f 1094 7471 5165
f 1094 9320 7471
f 1095 5168 2588
f 1095 12604 5168
f 1095 12605 12604
f 1096 5169 5170
f 1096 5171 5169
f 1096 5170 5177
f 1096 5172 5171
f 1096 5179 5172
f 1096 5177 5179
f 5194 1107 1097
f 1107 5595 1097
f 5173 1097 5595
f 5173 12497 1097
f 5194 1097 12514
f 12514 1097 12497
f 1098 5172 5179
f 1098 12497 5172
f 1098 5179 5187
f 1098 5186 5185
f 1098 5185 12497
f 1098 5187 5186
f 1099 1909 5170
f 1099 8117 1909
f 1099 5169 5168
f 1099 5168 8118
f 1099 5170 5169
f 1099 8118 8117
f 5180 1100 1101
f 1101 1100 12815
f 5180 5181 1100
f 5181 7018 1100
f 7018 12814 1100
f 1100 12814 12815
f 5180 1101 5622
f 5622 1101 7014
f 7014 1101 12813
f 1101 12815 12813
f 10951 2497 1102
f 1102 2497 12991
f 1102 8378 2500
f 10948 1102 2500
f 1102 12991 8378
f 10951 1102 10948
f 5184 1103 5185
f 5184 7015 1103
f 5185 1103 12514
f 7018 1103 7015
f 7018 12493 1103
f 12514 1103 12493
f 5189 1106 1104
f 5191 1104 1106
f 5181 5189 1104
f 5181 1104 12493
f 5191 5194 1104
f 5194 12493 1104
f 5189 1105 1106
f 1106 1105 12799
f 5183 1905 1105
f 1105 1905 12801
f 5183 1105 5189
f 1105 12801 12799
f 5191 1106 12809
f 1106 12799 12809
f 5191 1107 5194
f 5191 12809 1107
f 7062 5595 1107
f 7062 1107 12809
f 3118 9942 1108
f 3118 1108 9945
f 1108 5200 5204
f 1108 9942 5200
f 1108 5204 6970
f 9945 1108 6970
f 1109 5202 5200
f 1109 5200 9941
f 1109 5201 5202
f 1109 8306 5201
f 1109 9940 8306
f 1109 9941 9940
f 1110 2217 7762
f 1110 7764 2217
f 1110 2219 7764
f 1110 9706 2219
f 1110 7762 7763
f 1110 7763 7779
f 1110 7779 9706
f 1113 5206 1111
f 1113 1111 12819
f 5206 1864 1111
f 1864 12817 1111
f 12817 12818 1111
f 12819 1111 12818
f 1112 5206 5203
f 1112 5203 5209
f 1112 5205 5206
f 1112 5207 5205
f 1112 5209 5207
f 1113 6969 5204
f 1113 12819 6969
f 1114 5209 1116
f 1114 1116 7845
f 1114 5208 5209
f 1114 7845 7844
f 1114 7844 8869
f 2110 1115 7493
f 2110 8047 1115
f 2111 2112 1115
f 2111 1115 8047
f 1115 2112 7492
f 1115 7492 7493
f 1116 5202 5201
f 1116 5201 7845
f 1116 5203 5202
f 1116 5209 5203
f 1117 5114 5113
f 5684 1117 5113
f 12047 5114 1117
f 5211 1117 5684
f 5211 12048 1117
f 12047 1117 12048
f 1119 5213 1118
f 1119 1118 6789
f 1149 1118 5223
f 1149 6791 1118
f 5223 1118 5213
f 1118 6791 6789
f 1119 5214 5213
f 1119 12856 5214
f 1119 6789 12857
f 1119 12857 12856
f 5216 5214 1120
f 12855 1120 5214
f 5217 5216 1120
f 5217 1120 6780
f 6771 6780 1120
f 6771 1120 12855
f 5218 5217 1121
f 5217 5244 1121
f 5218 1121 5219
f 1121 5242 5219
f 1121 5241 5242
f 5243 5241 1121
f 5243 1121 5244
f 5219 1122 5220
f 12683 1122 5219
f 5220 1122 5221
f 1122 12545 5221
f 1122 12706 12545
f 12683 12706 1122
f 1123 5222 5221
f 1123 5221 5273
f 5223 5222 1123
f 5282 5223 1123
f 1123 5273 5272
f 5282 1123 5272
f 5226 1124 1125
f 12509 1125 1124
f 8449 1124 5226
f 8448 1124 8449
f 8448 12507 1124
f 12509 1124 12507
f 5224 1125 1126
f 1125 5270 1126
f 5224 5226 1125
f 6863 5270 1125
f 6863 1125 12509
f 12652 5224 1126
f 1126 5270 5269
f 12643 1126 5269
f 12643 12652 1126
f 1143 1127 5224
f 5260 1127 1143
f 5224 1127 5226
f 5226 1127 5268
f 5259 1127 5260
f 5259 5268 1127
f 12626 1128 1139
f 5227 1128 5228
f 5227 5253 1128
f 12626 5228 1128
f 5230 1129 1130
f 1129 6812 1130
f 5230 5239 1129
f 1129 5239 6814
f 1129 6813 6812
f 1129 6814 6813
f 5231 5230 1130
f 5231 1130 12847
f 1130 6812 6811
f 1130 6811 12848
f 1130 12848 12847
f 1147 5233 1131
f 1147 1131 6802
f 1131 5232 5231
f 1131 5231 5676
f 1131 5233 5232
f 1131 5676 6802
f 1132 5232 5233
f 1132 5234 5232
f 1132 5233 5276
f 1132 5235 5234
f 1132 5275 5235
f 1132 5276 5275
f 5237 5235 1133
f 12558 1133 5235
f 12586 5237 1133
f 12580 1133 12558
f 12580 12586 1133
f 5238 5237 1134
f 5237 5251 1134
f 5238 1134 5239
f 5239 1134 5258
f 5257 1134 5251
f 5258 1134 5257
f 5241 1135 5240
f 5240 1135 5260
f 5243 1135 5241
f 5260 1135 5262
f 5240 5087 1136
f 12677 1136 5087
f 5241 5240 1136
f 5241 1136 5242
f 5242 1136 12683
f 12677 12683 1136
f 5244 1137 5245
f 5244 6780 1137
f 5245 1137 5246
f 5246 1137 6778
f 6770 6778 1137
f 6770 1137 6780
f 1138 5246 1810
f 1138 1810 12836
f 1138 5247 5246
f 1138 5248 5247
f 12843 5248 1138
f 12843 1138 12836
f 12586 1139 5251
f 12586 12622 1139
f 12626 1139 12622
f 1140 5253 5227
f 12850 1140 5227
f 1140 5254 5253
f 1140 6798 5254
f 12849 6798 1140
f 12850 12849 1140
f 1141 5255 5254
f 1141 5254 6799
f 1141 5256 5255
f 1141 12835 5256
f 1141 6799 12835
f 1142 5258 5256
f 1142 5256 12834
f 1142 6814 5258
f 1142 6815 6814
f 12833 6815 1142
f 12833 1142 12834
f 5240 1143 5087
f 12652 5087 1143
f 12652 1143 5224
f 5240 5260 1143
f 1144 5249 5248
f 1144 5248 6833
f 1144 5250 5249
f 5263 5250 1144
f 5263 1144 5264
f 1144 6832 5264
f 1144 6833 6832
f 1145 6801 5228
f 1145 5228 12626
f 1145 5269 5271
f 1145 12630 5269
f 1145 5271 6801
f 1145 12626 12630
f 5274 5273 1146
f 1146 5273 12545
f 5275 5274 1146
f 5275 1146 12558
f 1146 12545 12554
f 1146 12554 12558
f 1148 5278 1147
f 6809 1148 1147
f 1147 5278 5233
f 6809 1147 6802
f 5279 5278 1148
f 5279 1148 12825
f 6809 12826 1148
f 1148 12826 12825
f 5282 1149 5223
f 5281 5280 1149
f 5280 6781 1149
f 5282 5281 1149
f 1149 6781 6791
f 1150 5283 5284
f 1150 6717 5283
f 12868 6717 1150
f 12868 1150 6731
f 1789 1151 12579
f 5295 1151 5294
f 5295 5293 1152
f 5293 7494 1152
f 5295 1152 9171
f 7494 5499 1152
f 5499 9172 1152
f 9171 1152 9172
f 1153 5291 5287
f 12751 1153 5287
f 5292 5291 1153
f 5293 5292 1153
f 5293 1153 12753
f 12751 12753 1153
f 1154 5296 9329
f 12747 5296 1154
f 1154 9329 8600
f 12748 1154 8600
f 12747 1154 12746
f 12748 12746 1154
f 1155 5296 1156
f 1155 1156 12057
f 1155 3886 5211
f 1155 12057 3886
f 1155 5211 9329
f 1155 9329 5296
f 1156 5296 9583
f 7086 1156 12056
f 7086 12057 1156
f 12056 1156 9583
f 1157 5687 1321
f 1157 1321 12427
f 5108 5688 1157
f 5108 1157 12427
f 5827 5687 1157
f 5827 1157 5688
f 2400 5301 1158
f 5892 2400 1158
f 1158 5301 5701
f 5827 1158 5701
f 12915 1158 5827
f 12915 5892 1158
f 1159 5742 5301
f 1159 5301 6428
f 1159 6428 5407
f 1159 5407 6438
f 5763 5742 1159
f 5763 1159 6438
f 5791 5304 1160
f 6504 1160 5304
f 5788 1160 6504
f 5788 6523 1160
f 5791 1160 6444
f 6488 6444 1160
f 6523 6488 1160
f 1161 7069 7071
f 1162 5359 6202
f 1162 7276 5359
f 1162 5822 5806
f 1162 5806 7276
f 1162 7028 5822
f 1162 6202 7028
f 5311 1276 1163
f 1163 1276 6495
f 5311 1163 12902
f 1163 6495 6494
f 1163 6494 12903
f 1163 12903 12902
f 5311 1164 5312
f 6487 1164 5311
f 5312 1164 5313
f 6493 5313 1164
f 6486 1164 6487
f 6493 1164 6486
f 5313 1165 5314
f 5370 1165 5313
f 5314 1165 5315
f 5368 5315 1165
f 5369 5368 1165
f 5369 1165 5370
f 1166 5316 5315
f 12722 1166 5315
f 1166 5317 5316
f 12822 5317 1166
f 12722 12782 1166
f 12822 1166 12782
f 5317 1167 5318
f 5317 5324 1167
f 5318 1167 5319
f 5319 1167 6174
f 5323 1167 5324
f 5323 6174 1167
f 12899 5320 1168
f 5328 12162 1168
f 12162 12160 1168
f 12160 12899 1168
f 1169 5418 1206
f 1169 1206 12176
f 5320 1169 5321
f 12900 1169 5320
f 1169 12176 5321
f 12900 5418 1169
f 5324 1170 5325
f 12822 1170 5324
f 1170 5326 5325
f 1170 12895 5326
f 12822 12828 1170
f 12895 1170 12828
f 7061 7063 1171
f 7065 1171 7063
f 1172 5344 5330
f 1172 5330 6262
f 1172 5345 5344
f 5346 5345 1172
f 5346 1172 6230
f 1172 6262 6230
f 6521 1173 5134
f 12969 5134 1173
f 5330 1173 6521
f 5330 12929 1173
f 12929 12969 1173
f 5336 1174 5236
f 5236 1174 12838
f 5336 6539 1174
f 6539 6354 1174
f 12764 1174 6354
f 1174 12764 6438
f 1174 6438 12838
f 1877 1175 6951
f 6982 1175 1877
f 1878 6949 1175
f 6982 1878 1175
f 11675 1175 6949
f 11675 6951 1175
f 6536 1176 6236
f 1176 6599 6236
f 6541 6456 1176
f 1176 6456 6599
f 6536 12097 1176
f 6541 1176 12097
f 1177 5110 5344
f 1177 12897 5110
f 1177 5343 5342
f 1177 5342 12895
f 1177 5344 5343
f 1177 12895 12897
f 12098 1716 1178
f 1178 1716 12883
f 1178 6774 6541
f 1178 6541 12097
f 1178 12883 6774
f 12098 1178 12097
f 1179 5349 5347
f 1179 5347 12883
f 1179 5350 5349
f 1179 12887 5350
f 1179 12883 12882
f 1179 12882 12887
f 1180 4742 5352
f 1180 6511 4742
f 1180 5341 5351
f 1180 5352 5341
f 1180 5351 5350
f 1180 5350 6512
f 1180 6512 6511
f 1181 6922 1269
f 1181 1269 11927
f 1181 6614 5354
f 1181 5354 6922
f 1181 6615 6614
f 1181 11927 6615
f 5354 1182 6922
f 12590 1182 5354
f 6777 5356 1182
f 1182 5356 6941
f 6777 1182 12590
f 1182 6941 6922
f 4987 1183 5215
f 7035 1183 4987
f 6440 5215 1183
f 6440 1183 12734
f 1183 7025 6963
f 12734 1183 6963
f 7035 7025 1183
f 1627 6315 1184
f 1627 1184 10703
f 1628 1184 6318
f 1628 10703 1184
f 1184 6315 6317
f 1184 6317 6318
f 5366 5365 1185
f 5365 5376 1185
f 5366 1185 9588
f 1185 5376 9025
f 1185 9025 8774
f 1185 8774 9588
f 5261 1186 8429
f 12715 1186 5261
f 5367 5366 1186
f 5366 8429 1186
f 5368 5367 1186
f 5368 1186 12722
f 12722 1186 12715
f 5370 1187 5371
f 6493 1187 5370
f 5371 1187 5372
f 6491 5372 1187
f 6492 6491 1187
f 6492 1187 6493
f 5372 1188 5373
f 5372 12872 1188
f 5373 1188 5374
f 5374 1188 12881
f 12872 12871 1188
f 1188 12871 12881
f 6606 4708 1189
f 4708 9416 1189
f 5374 1189 5375
f 5374 6606 1189
f 5375 1189 5376
f 1189 9416 5376
f 5382 1190 5380
f 10089 5380 1190
f 12907 1190 5382
f 10090 1190 6397
f 12907 6397 1190
f 10089 1190 10090
f 1193 5381 1191
f 5385 1193 1191
f 1194 1191 5380
f 1194 5383 1191
f 5381 5380 1191
f 5385 1191 5383
f 1192 5382 5381
f 1192 5381 13138
f 1192 9746 5382
f 5409 9746 1192
f 5409 1192 13154
f 1192 13138 13154
f 5410 1202 1193
f 1202 13124 1193
f 1193 13138 5381
f 5410 1193 5385
f 1193 13124 13138
f 10089 1194 5380
f 10094 5383 1194
f 1578 1195 12913
f 1578 12932 1195
f 1195 6351 6350
f 12913 1195 6350
f 1195 12933 6351
f 1195 12932 12933
f 1196 5390 5388
f 1196 5388 6347
f 13206 5390 1196
f 1196 6347 5405
f 13169 1196 5405
f 13169 13206 1196
f 5386 5390 1197
f 5386 1197 5394
f 5396 1197 5390
f 5394 1197 5395
f 5396 5395 1197
f 1198 1644 6350
f 12928 1644 1198
f 5392 1198 5393
f 5392 12928 1198
f 5393 1198 5394
f 5394 1198 6350
f 5393 1199 5391
f 5399 5391 1199
f 5393 5395 1199
f 1199 5395 5397
f 5400 1199 5397
f 5399 1199 5400
f 5396 1200 5397
f 5396 13206 1200
f 5401 5397 1200
f 5401 1200 5402
f 5402 1200 13040
f 13040 1200 13213
f 1200 13206 13213
f 1201 5405 1643
f 1201 1643 5408
f 13169 5405 1201
f 1201 5408 5409
f 1201 5409 13154
f 5412 1203 1202
f 1203 13040 1202
f 5412 1202 5410
f 1202 13040 13056
f 1202 13056 13124
f 5402 1203 5403
f 5402 13040 1203
f 6386 5403 1203
f 6386 1203 5412
f 12903 5414 1204
f 7590 7970 1204
f 12901 1204 7970
f 12903 1204 12901
f 6494 1205 5414
f 7589 5414 1205
f 5416 5415 1205
f 13034 1205 5415
f 5416 1205 6494
f 7589 1205 13034
f 5416 1206 5415
f 5417 5415 1206
f 5416 12176 1206
f 5418 5417 1206
f 5420 1207 5421
f 5420 12918 1207
f 1207 6401 5421
f 1207 12870 6401
f 1207 6402 12870
f 12918 6402 1207
f 5423 1211 1208
f 6342 1208 1211
f 5420 9023 1208
f 5420 1208 12919
f 5423 1208 9023
f 6342 12919 1208
f 1209 5421 6312
f 1209 9023 5421
f 1209 6312 6311
f 1209 6311 12938
f 1209 12940 9023
f 1209 12938 12940
f 1210 6313 6312
f 1210 6312 6401
f 12485 6313 1210
f 1210 6401 12889
f 6404 12485 1210
f 6404 1210 12889
f 5425 1211 5423
f 5425 6340 1211
f 6340 6339 1211
f 6342 1211 6339
f 5430 1212 1213
f 12805 1213 1212
f 5429 1212 5430
f 11430 1212 5429
f 11430 11431 1212
f 11431 12805 1212
f 5431 5430 1213
f 5431 1213 12803
f 12803 1213 12804
f 12805 12804 1213
f 5431 1214 5432
f 5431 6167 1214
f 5432 1214 5433
f 5433 1214 6170
f 6166 1214 6167
f 6166 6170 1214
f 5433 1215 5434
f 5433 5445 1215
f 5434 1215 5435
f 5435 1215 5443
f 1215 5444 5443
f 1215 5445 5444
f 5289 5437 1216
f 5289 1216 13264
f 5435 1216 5436
f 5435 13263 1216
f 5436 1216 5437
f 13263 13264 1216
f 5437 1217 5438
f 5437 5483 1217
f 5438 1217 5439
f 1217 5830 5439
f 5483 5830 1217
f 1242 1218 5447
f 1242 5498 1218
f 5440 1218 5441
f 5440 5447 1218
f 5497 5441 1218
f 5498 5497 1218
f 5441 1219 5442
f 13250 1219 5441
f 1219 5443 5442
f 13263 5443 1219
f 13250 13253 1219
f 13253 13263 1219
f 5440 1220 1221
f 12963 1221 1220
f 5440 5442 1220
f 1220 5442 5444
f 1220 5444 5446
f 12963 1220 5446
f 5440 1221 5447
f 1221 6179 5447
f 12962 6179 1221
f 12962 1221 12963
f 5448 1222 5449
f 5459 1222 5448
f 5449 1222 6211
f 5459 6213 1222
f 6212 6211 1222
f 6213 6212 1222
f 5449 1223 5450
f 5449 12958 1223
f 5450 1223 5451
f 12956 5451 1223
f 12956 1223 12957
f 12957 1223 12958
f 5452 5451 1224
f 5451 6193 1224
f 5453 5452 1224
f 5453 1224 10122
f 1224 6193 5594
f 1224 5594 10122
f 5456 5454 1225
f 10778 1225 5454
f 5456 1225 5455
f 10590 5455 1225
f 10590 1225 10778
f 5456 5455 1226
f 13316 1226 5455
f 5457 5456 1226
f 13377 5457 1226
f 13316 13376 1226
f 13377 1226 13376
f 5458 5457 1227
f 5477 1227 5457
f 5459 5458 1227
f 5459 1227 5475
f 5476 5475 1227
f 5477 5476 1227
f 5986 1845 1228
f 1228 1845 6036
f 5322 5461 1228
f 5322 1228 9204
f 5461 10218 1228
f 5986 1228 10218
f 9204 1228 6036
f 5322 5348 1229
f 5322 1229 5461
f 5348 5384 1229
f 5463 1229 5384
f 5461 1229 10299
f 5463 10299 1229
f 1863 4468 1230
f 1863 1230 4469
f 1230 4470 4469
f 1230 12394 4470
f 2462 5469 1231
f 2462 1231 6087
f 1231 5469 11522
f 1231 12909 6087
f 1231 11522 6107
f 1231 6107 12909
f 6462 1232 4981
f 12381 4981 1232
f 12293 1232 6462
f 11965 11552 1232
f 12381 1232 11552
f 12293 11965 1232
f 5472 1233 5473
f 5472 6242 1233
f 5473 1233 12949
f 12977 1233 6242
f 12977 12950 1233
f 5473 1234 5474
f 6205 1234 5473
f 5474 1234 5475
f 6213 5475 1234
f 6205 6204 1234
f 6213 1234 6204
f 5477 1235 5478
f 5477 13377 1235
f 5478 1235 5479
f 5479 1235 13227
f 13378 13227 1235
f 13378 1235 13377
f 5479 1236 5480
f 5479 5495 1236
f 5480 1236 5481
f 5501 5481 1236
f 5495 5494 1236
f 5501 1236 5494
f 5348 1237 5297
f 5297 1237 13284
f 5322 1237 5348
f 5322 9204 1237
f 13449 1237 9204
f 13449 13284 1237
f 5489 1895 1238
f 1895 5935 1238
f 5489 1238 4874
f 12393 4874 1238
f 12524 1238 5935
f 6462 12393 1238
f 12524 6462 1238
f 2235 1239 3761
f 2235 6603 1239
f 2717 1239 6603
f 2717 12628 1239
f 3761 1239 6436
f 12628 6436 1239
f 5886 4430 1240
f 4430 11626 1240
f 1240 4554 10050
f 1240 11626 4554
f 5886 1240 11921
f 1240 10050 11921
f 1241 5496 5495
f 13227 1241 5495
f 1241 5497 5496
f 13250 5497 1241
f 13227 13230 1241
f 13250 1241 13230
f 1242 5447 6177
f 1242 6176 5498
f 1242 6175 6176
f 1242 6177 6175
f 5496 1243 5494
f 5500 5494 1243
f 5498 1243 5496
f 5498 6176 1243
f 5500 1243 12944
f 6176 12944 1243
f 5501 1244 5481
f 1244 6242 5481
f 5500 1244 5501
f 5500 12943 1244
f 12942 6242 1244
f 12942 1244 12943
f 1254 1245 5506
f 1254 5523 1245
f 5502 5504 1245
f 5502 1245 13031
f 1245 5504 5506
f 1245 5523 13031
f 5502 1246 5503
f 5502 13032 1246
f 5503 1246 5507
f 5507 1246 5530
f 13033 5530 1246
f 13032 13033 1246
f 1247 5512 5513
f 5512 1247 13380
f 5535 1247 5513
f 5715 5533 1247
f 5533 13380 1247
f 5715 1247 5535
f 5512 1487 1248
f 6051 1248 1487
f 1248 5509 5511
f 1248 6123 5509
f 1248 5511 5513
f 1248 5513 5512
f 6051 6123 1248
f 5510 1249 5511
f 5515 1249 5510
f 1249 5535 5511
f 5517 1249 5515
f 5517 6125 1249
f 6125 5535 1249
f 5516 5515 1250
f 5515 6111 1250
f 5516 1250 12745
f 6109 1250 6110
f 6109 7591 1250
f 6110 1250 6111
f 12745 1250 7591
f 5663 1251 5524
f 5661 1251 5663
f 5661 12875 1251
f 1251 12875 12874
f 6281 1252 3680
f 9439 3680 1252
f 6280 1252 6281
f 6309 1252 6280
f 6309 6310 1252
f 6310 9439 1252
f 5520 1253 5518
f 5518 1253 5523
f 5520 5522 1253
f 1253 5522 13032
f 1253 13031 5523
f 1253 13032 13031
f 1254 5506 5679
f 1254 5524 5523
f 1254 5681 5524
f 1254 5679 5681
f 5525 1255 5522
f 5522 1255 13033
f 5525 5527 1255
f 5529 1255 5527
f 7587 1255 5529
f 7587 13033 1255
f 1256 5525 5521
f 6490 1256 5521
f 1256 5526 5525
f 6486 5526 1256
f 6492 6486 1256
f 6492 1256 6490
f 5526 1257 5527
f 6487 1257 5526
f 5527 1257 5528
f 12901 5528 1257
f 6487 12902 1257
f 12902 12901 1257
f 1380 1258 1263
f 5772 1263 1258
f 5772 1258 5778
f 5779 5778 1258
f 5533 5532 1259
f 7700 1259 5532
f 5538 5533 1259
f 5538 1259 5537
f 5537 1259 12733
f 7700 12733 1259
f 1260 1262 5536
f 6126 1262 1260
f 1260 5715 5535
f 6125 1260 5535
f 1260 5536 5715
f 6125 6126 1260
f 4551 1261 4552
f 1261 4551 6032
f 1261 13060 4552
f 6032 6033 1261
f 6053 1261 6033
f 1261 6053 13060
f 2614 8665 1262
f 12684 2614 1262
f 8665 5536 1262
f 12684 1262 6126
f 12644 1380 1263
f 5771 1263 5772
f 5771 12644 1263
f 1264 5539 5543
f 1264 13027 5539
f 1264 5543 7544
f 1264 7544 7543
f 1264 7543 13028
f 1264 13028 13027
f 1265 5540 5539
f 11998 1265 5539
f 11993 5540 1265
f 11993 1265 11994
f 11994 1265 11995
f 11998 11995 1265
f 1266 1267 5541
f 7567 1267 1266
f 1266 5541 5540
f 13022 1266 5540
f 13021 7567 1266
f 13019 13021 1266
f 13019 1266 13022
f 1267 5543 5541
f 1267 10996 5543
f 7567 7566 1267
f 1267 7566 10996
f 5545 5544 1268
f 1268 5544 5548
f 5545 1268 13026
f 1268 5548 7553
f 7552 1268 7553
f 7552 13026 1268
f 5355 5353 1269
f 5353 6178 1269
f 5355 1269 6922
f 6178 11927 1269
f 1271 5544 1270
f 1271 1270 13028
f 3579 1270 5546
f 3579 13029 1270
f 1270 5544 5546
f 1270 13029 13028
f 1271 5548 5544
f 1271 7550 5548
f 1271 7543 7550
f 1271 13028 7543
f 5557 1272 5558
f 5557 13413 1272
f 5558 1272 5913
f 1272 5914 5913
f 1272 5915 5914
f 1272 13413 5915
f 5550 1273 5921
f 5550 13409 1273
f 8730 1273 5557
f 5557 1273 13409
f 1273 5919 5921
f 8730 5919 1273
f 5555 5553 1274
f 12983 5555 1274
f 5565 5927 1274
f 5927 5926 1274
f 12983 1274 5926
f 1275 5552 5553
f 1275 5566 5552
f 1275 5553 5555
f 1275 5555 5923
f 1275 5567 5566
f 1275 5923 5567
f 5310 1276 5311
f 5310 5319 1276
f 5319 6121 1276
f 1276 6121 6495
f 5551 1278 1277
f 5560 1277 1278
f 13407 5551 1277
f 5562 1277 5560
f 5562 5561 1277
f 13407 1277 5561
f 1437 1278 5551
f 1437 12029 1278
f 5560 1278 5559
f 5559 1278 12029
f 13389 1279 5552
f 5562 1279 5561
f 13389 5561 1279
f 1280 5566 5568
f 1280 13389 5566
f 1280 5568 5912
f 1280 5912 5915
f 1280 5915 13384
f 1280 13384 13389
f 7578 1281 5577
f 7577 1281 7578
f 7577 13014 1281
f 13014 13013 1281
f 5570 1282 5572
f 5570 13012 1282
f 5571 5572 1282
f 5571 1282 10303
f 10303 1282 10304
f 1282 13012 10304
f 5572 5573 1283
f 5572 1283 5574
f 5573 13024 1283
f 5574 1283 5575
f 13025 5575 1283
f 13025 1283 13024
f 5574 5575 1284
f 5574 1284 5577
f 7552 1284 5575
f 7900 5577 1284
f 7551 1284 7552
f 7900 1284 7551
f 1285 2909 1286
f 1285 1286 5582
f 1285 9415 2909
f 1285 5582 5764
f 1285 5764 12512
f 1285 12512 9415
f 2909 9412 1286
f 5580 1286 5578
f 5578 1286 9412
f 5580 5582 1286
f 11141 1287 3571
f 1287 11664 3571
f 3752 11666 1287
f 3752 1287 12168
f 11141 12168 1287
f 1287 11666 11664
f 1288 5584 5583
f 5586 1288 5583
f 1288 13007 5584
f 5586 5756 1288
f 13005 1288 5756
f 13005 13007 1288
f 5749 1289 1290
f 1289 13430 1290
f 1289 1295 13430
f 1289 5596 5597
f 5749 5596 1289
f 1290 5583 5584
f 1290 5585 5583
f 5749 1290 5584
f 1290 13430 5585
f 1291 5583 5585
f 5586 5583 1291
f 1291 5585 13425
f 5586 1291 5607
f 1291 5608 5607
f 1291 13425 5608
f 1295 7999 1292
f 1295 1292 13430
f 5587 1292 7999
f 5587 13414 1292
f 13430 1292 13414
f 5590 1293 5589
f 5589 1293 5592
f 5590 12551 1293
f 5591 5592 1293
f 12550 5591 1293
f 12551 12550 1293
f 1294 1384 5790
f 1384 1294 6923
f 5591 1294 5593
f 5591 6923 1294
f 1294 5799 5593
f 1294 5790 5789
f 1294 5789 5799
f 1295 5580 7999
f 5587 5592 1296
f 5587 1296 13414
f 5592 5593 1296
f 1296 5593 5601
f 1296 5601 5600
f 1296 5600 13425
f 1296 13425 13414
f 1297 5602 5601
f 1297 5601 5799
f 1297 5603 5602
f 1297 5796 5603
f 1297 5798 5796
f 5798 1297 5799
f 1298 5603 1387
f 12996 1298 1387
f 1298 5604 5603
f 5605 5604 1298
f 5605 1298 13003
f 12996 13003 1298
f 5605 1299 5606
f 5605 5811 1299
f 1299 5610 5606
f 5611 5610 1299
f 5611 1299 5810
f 5810 1299 5811
f 5618 5617 1300
f 5617 12845 1300
f 5619 5618 1300
f 5619 1300 12848
f 1300 12845 12846
f 1300 12846 12848
f 5619 1301 5620
f 5619 6811 1301
f 5620 1301 5624
f 5624 1301 5625
f 5625 1301 5626
f 5626 1301 6811
f 5620 1302 5618
f 5621 5618 1302
f 5620 13020 1302
f 5621 1302 13023
f 13019 1302 13020
f 13019 13023 1302
f 1303 3869 7767
f 13023 3869 1303
f 5621 1303 5616
f 1303 7781 5616
f 5621 13023 1303
f 1303 7767 7781
f 5623 1304 5624
f 5623 7568 1304
f 5624 1304 13020
f 7567 1304 7568
f 13021 1304 7567
f 13020 1304 13021
f 5626 1305 5627
f 5626 6812 1305
f 5627 1305 5628
f 5628 1305 6815
f 1305 6812 6813
f 1305 6813 6815
f 5628 1306 5629
f 5628 12833 1306
f 7533 5629 1306
f 7528 1306 7529
f 7528 7533 1306
f 1306 12833 7529
f 1307 12937 5635
f 1307 5635 12939
f 1307 6311 12937
f 1307 12938 6311
f 1307 12939 12938
f 1308 5637 5638
f 5639 5637 1308
f 1308 5638 12796
f 5639 1308 5640
f 1308 12797 5640
f 1308 12796 12797
f 5641 5640 1309
f 1309 5640 12798
f 5641 1309 5642
f 1309 7107 5642
f 1309 7108 7107
f 1309 12798 7108
f 1310 5639 5641
f 5644 5639 1310
f 1310 5641 13015
f 5644 1310 13014
f 1310 13015 13014
f 5644 1311 5637
f 1311 5645 5637
f 7577 1311 5644
f 7575 5645 1311
f 7575 1311 7576
f 7576 1311 7577
f 5643 5642 1312
f 5642 5646 1312
f 5643 1312 13016
f 13016 1312 13017
f 1313 5647 5646
f 7107 1313 5646
f 1313 5648 5647
f 7110 5648 1313
f 7109 1313 7107
f 7110 1313 7109
f 1314 5647 5648
f 1314 5649 5647
f 12787 1314 5648
f 8458 5649 1314
f 12787 8455 1314
f 5428 1315 5426
f 5426 1315 5654
f 5428 9852 1315
f 1315 5650 5652
f 9852 5650 1315
f 1315 5652 5654
f 1316 1325 5651
f 5685 1325 1316
f 1316 5636 1333
f 5685 1316 1333
f 1316 5650 5636
f 1316 5651 5650
f 5427 5426 1317
f 5655 1317 5426
f 6344 5427 1317
f 5657 1317 5655
f 5657 6344 1317
f 1318 5654 5653
f 1318 5653 11474
f 1318 5655 5654
f 5656 5655 1318
f 5656 1318 12363
f 1318 11474 12363
f 5656 1319 5657
f 5656 11544 1319
f 1319 10564 5657
f 9198 10562 1319
f 9198 1319 11544
f 1319 10562 10564
f 1320 3734 2314
f 10390 1320 2314
f 1320 2896 3734
f 10390 11591 1320
f 5687 5298 1321
f 5816 1321 5298
f 5816 6449 1321
f 1321 6449 12427
f 5664 5665 1322
f 5665 5666 1322
f 5666 5667 1322
f 5666 1323 5667
f 5666 11474 1323
f 1323 5668 5667
f 1323 12511 5668
f 1323 5673 5672
f 1323 5672 12511
f 11474 5673 1323
f 1324 5652 5651
f 1324 5651 12556
f 1324 5653 5652
f 1324 5673 5653
f 1324 5674 5673
f 5675 5674 1324
f 5675 1324 12556
f 1325 1334 5669
f 5685 1334 1325
f 12556 5651 1325
f 12556 1325 5669
f 3123 5670 1326
f 3123 1326 6740
f 1326 5670 5669
f 1326 5669 12865
f 3123 6740 1327
f 3123 1327 7149
f 7149 1327 5677
f 1327 12609 5677
f 10225 1328 1469
f 10226 10224 1328
f 10226 1328 10225
f 5663 1329 5664
f 5663 5681 1329
f 5664 1329 5665
f 5665 1329 11544
f 5681 5680 1329
f 5680 11544 1329
f 5424 5423 1330
f 5423 12940 1330
f 5424 1330 9852
f 9852 1330 12939
f 12939 1330 12938
f 12940 12938 1330
f 1331 5199 5198
f 1331 5198 7582
f 1331 5684 5199
f 1331 9329 5684
f 1331 7582 8600
f 1331 8600 9329
f 5631 1332 5632
f 5631 11069 1332
f 5632 1332 5633
f 5633 1332 5634
f 6713 5634 1332
f 6713 1332 11069
f 5633 5634 1333
f 5633 1333 5635
f 5685 1333 5634
f 5636 5635 1333
f 5685 5634 1334
f 6713 1334 5634
f 5669 1334 12865
f 6713 12866 1334
f 1334 12866 12865
f 1338 1335 8341
f 1338 8342 1335
f 1335 5197 5196
f 5691 1335 5196
f 1335 10173 5197
f 8341 1335 5691
f 1335 8342 10173
f 1336 5929 1443
f 1336 1443 12727
f 5106 5105 1336
f 5105 5690 1336
f 5106 1336 12727
f 1336 5690 5930
f 1336 5930 5929
f 1337 4553 5113
f 1337 5689 4553
f 5112 1337 5113
f 5116 1337 5112
f 5116 5690 1337
f 1337 5690 5689
f 7805 1338 7804
f 1338 7806 7804
f 7805 8342 1338
f 1338 8341 7806
f 5107 1339 5105
f 5105 1339 5689
f 5107 5692 1339
f 1339 5691 5689
f 1339 5692 5691
f 5053 5055 1340
f 5053 1340 5692
f 5055 5057 1340
f 5057 7806 1340
f 1340 8341 5692
f 1340 7806 8341
f 1342 12917 1341
f 1342 1341 13009
f 1341 5694 5693
f 13009 1341 5693
f 1341 6419 5694
f 12917 6419 1341
f 7517 7512 1342
f 1342 7512 12917
f 7517 1342 7518
f 7518 1342 13009
f 5693 5695 1343
f 5693 1343 13011
f 5695 5697 1343
f 7661 1343 5697
f 7660 1343 7661
f 7660 13011 1343
f 2267 1344 4786
f 4796 1344 4785
f 6782 4786 1344
f 6782 1344 4796
f 5700 1345 5698
f 5700 7519 1345
f 7518 1345 7519
f 7518 13009 1345
f 1346 4919 1347
f 5907 1346 1347
f 4991 4919 1346
f 4991 1346 5707
f 1346 5708 5707
f 5907 5708 1346
f 5702 1347 4919
f 5702 12818 1347
f 5907 1347 12817
f 12817 1347 12818
f 4992 1348 4995
f 4992 5707 1348
f 4995 1348 4996
f 4996 1348 5704
f 5704 1348 5706
f 5706 1348 5707
f 5704 5706 1349
f 5704 1349 5709
f 5706 5708 1349
f 5908 1349 5708
f 12988 5709 1349
f 5908 12988 1349
f 7428 7841 1350
f 7428 1350 12028
f 7843 1350 7841
f 7894 1350 7843
f 7894 11887 1350
f 11887 11886 1350
f 12028 1350 11886
f 1351 4616 11393
f 11393 7085 1351
f 5700 5699 1352
f 5699 13008 1352
f 5700 1352 7521
f 7521 1352 7522
f 11887 7522 1352
f 11888 11887 1352
f 11888 1352 13008
f 1353 4863 4862
f 1353 4862 7322
f 1353 5711 4863
f 4877 5716 1353
f 4877 1353 7322
f 5712 5711 1353
f 5712 1353 5716
f 1354 13041 4865
f 1354 4873 4872
f 4878 1354 4872
f 4878 7322 1354
f 1354 7322 13041
f 1355 5710 5711
f 1355 12922 5710
f 1355 5711 5713
f 6393 1355 5713
f 6392 1355 6393
f 6392 12922 1355
f 4564 4565 1356
f 4565 4567 1356
f 4567 10212 1356
f 10215 1356 10212
f 4041 1358 1357
f 12737 1357 1358
f 4041 1357 12986
f 1357 5718 5719
f 12737 5718 1357
f 1357 5719 12986
f 4041 5746 1358
f 5745 1358 5746
f 5745 5748 1358
f 12738 1358 5748
f 12738 12737 1358
f 5720 1359 2684
f 2684 1359 5732
f 5720 5722 1359
f 5730 5732 1359
f 1364 5735 1360
f 13395 1364 1360
f 2684 5734 1360
f 2684 1360 5735
f 12736 1360 5734
f 12736 13395 1360
f 5726 5725 1361
f 5727 5726 1361
f 5745 5727 1361
f 5745 1361 5747
f 5737 1362 4041
f 4041 1362 5746
f 5728 5727 1362
f 5727 5746 1362
f 5744 5728 1362
f 5737 5736 1362
f 5744 1362 5736
f 1366 5738 1363
f 5741 1366 1363
f 1363 5734 5733
f 5741 1363 5733
f 12736 5734 1363
f 12736 1363 5738
f 4709 4707 1364
f 1364 4707 5735
f 4709 1364 5719
f 13395 5719 1364
f 5738 5737 1365
f 5737 12986 1365
f 5738 1365 12736
f 12736 1365 13395
f 13395 1365 12986
f 1366 5736 5738
f 13042 5736 1366
f 5597 5596 1367
f 10033 1367 5596
f 5597 1367 5598
f 1367 10036 5598
f 11322 1367 10033
f 11322 10036 1367
f 1368 10749 1393
f 1368 1393 12990
f 1368 5613 5612
f 1368 5612 10749
f 1368 5751 5613
f 1368 12990 5751
f 1369 5752 3168
f 1369 3168 10071
f 1369 5754 5752
f 1369 10073 5754
f 1369 10071 10072
f 1369 10072 10073
f 1370 1949 12972
f 1370 13067 1949
f 1370 4466 4465
f 1370 4465 13065
f 1370 12972 4466
f 1370 13065 13067
f 5759 4484 1371
f 5759 1371 13060
f 13060 1371 13061
f 13062 13061 1371
f 1372 4556 1949
f 1372 1949 13067
f 1372 4557 4556
f 1372 5757 4557
f 13067 5757 1372
f 1373 12732 4466
f 1373 4466 12972
f 1373 6050 6049
f 1373 6049 7705
f 1373 12972 6050
f 1373 7705 12732
f 5598 1374 5599
f 13004 1374 5598
f 5764 5599 1374
f 5761 1374 5760
f 5760 1374 13004
f 5764 1374 5761
f 4665 1375 3054
f 5761 3054 1375
f 4664 1375 4665
f 4664 12512 1375
f 5764 5761 1375
f 5764 1375 12512
f 4174 4173 1376
f 4177 4174 1376
f 4177 1376 5765
f 5766 5765 1376
f 1377 4236 4244
f 12839 4236 1377
f 1377 4244 5769
f 5768 1377 5769
f 12840 1377 5768
f 12840 12839 1377
f 3684 1378 5774
f 3684 5776 1378
f 5770 5769 1378
f 5771 5770 1378
f 5771 1378 5776
f 5777 1379 5778
f 12689 1379 5777
f 6826 5778 1379
f 6826 1379 6821
f 6821 1379 12688
f 12689 12688 1379
f 12644 12584 1380
f 5781 5780 1381
f 5782 1381 5780
f 7727 5781 1381
f 5784 1381 5782
f 7728 1381 5784
f 7727 1381 7728
f 5767 5766 1382
f 1382 5766 5785
f 5767 1382 12549
f 5782 1382 5786
f 12549 1382 5782
f 5786 1382 5785
f 1383 3684 1741
f 1383 1741 4283
f 1383 5776 3684
f 1383 4283 5787
f 1383 12858 5776
f 1383 5787 12858
f 5790 1384 2916
f 12557 2916 1384
f 12559 1384 6923
f 12559 12557 1384
f 5790 2916 1385
f 5790 1385 5792
f 9436 5792 1385
f 9435 9436 1385
f 1386 5795 5794
f 1386 5794 5803
f 5801 5795 1386
f 5801 1386 5800
f 5800 1386 5802
f 1386 5803 5802
f 1387 5603 5796
f 1387 5796 5795
f 12997 1387 5795
f 12996 1387 12997
f 5801 5809 1388
f 5801 1388 12997
f 5809 5875 1388
f 12998 1388 5873
f 1388 13371 5873
f 1388 5875 13371
f 12997 1388 12998
f 1389 5803 5794
f 9436 1389 5794
f 1389 5805 5803
f 9434 5805 1389
f 9434 1389 9435
f 9435 1389 9436
f 1390 5802 5805
f 1390 5808 5802
f 12540 1390 5805
f 5807 5808 1390
f 5807 1390 12539
f 12540 12539 1390
f 5800 5808 1391
f 5800 1391 5809
f 1391 5808 5849
f 5809 1391 5855
f 1391 5849 5848
f 5855 1391 5848
f 5811 13003 1392
f 13001 5812 1392
f 9324 1393 10749
f 9324 12992 1393
f 12990 1393 12989
f 12992 12989 1393
f 1394 1401 1395
f 1394 1395 5819
f 2044 1394 5818
f 1394 5819 5818
f 5821 1395 1400
f 5821 5819 1395
f 1396 5819 1405
f 1405 5837 1396
f 1396 5818 5819
f 1396 5837 5836
f 1397 4685 4597
f 1397 4597 5831
f 1397 5823 4685
f 1397 5824 5823
f 1397 5832 5824
f 1397 5831 5832
f 1398 5824 3991
f 1398 3991 5825
f 1398 5823 5824
f 1398 5826 5823
f 1398 5825 5826
f 1399 4685 5823
f 1399 11308 4685
f 1399 5826 4875
f 1399 5823 5826
f 1400 3991 5422
f 1400 5825 3991
f 5821 1400 5422
f 2046 1402 1401
f 12661 5828 1402
f 1403 3991 5824
f 1403 6314 3991
f 5832 1403 5824
f 5832 5840 1403
f 5840 5839 1403
f 5839 6314 1403
f 1404 1578 4071
f 1404 12932 1578
f 1404 4071 4070
f 1404 4070 5831
f 1404 5831 5829
f 1404 5829 12932
f 1405 3715 3683
f 1405 3683 5838
f 5821 3715 1405
f 5821 1405 5819
f 1405 5838 5837
f 5833 5835 1406
f 5833 1406 13455
f 5835 5837 1406
f 5837 5838 1406
f 5838 13455 1406
f 5841 1407 5839
f 7132 5839 1407
f 5841 5843 1407
f 1407 5843 5846
f 1407 5846 6382
f 7132 1407 6382
f 4077 1408 1649
f 13089 1649 1408
f 5843 1408 4077
f 5842 1408 5843
f 5842 13088 1408
f 13088 13089 1408
f 1409 5849 5807
f 1409 5807 12539
f 1409 5850 5849
f 1409 5851 5850
f 1409 13397 5851
f 1409 12539 13397
f 5848 5852 1410
f 5854 5848 1410
f 5883 1410 5852
f 5853 5854 1410
f 5853 1410 5882
f 5883 5882 1410
f 1415 5861 1411
f 5882 1415 1411
f 1982 1411 5861
f 1982 5877 1411
f 5853 1411 5877
f 5853 5882 1411
f 5853 1412 5854
f 5853 5876 1412
f 5854 1412 5855
f 5855 1412 5875
f 1412 5874 5875
f 1412 5876 5874
f 4806 4792 1413
f 7921 1413 4792
f 5026 4806 1413
f 5026 1413 5858
f 5858 1413 5859
f 5859 1413 7479
f 7921 7479 1413
f 5856 5858 1414
f 5856 1414 5861
f 5858 5859 1414
f 5859 5860 1414
f 13396 5861 1414
f 5856 5861 1415
f 5856 1415 5862
f 5881 5862 1415
f 5882 5881 1415
f 1416 1767 5493
f 1416 5863 1767
f 1416 5493 5860
f 1416 5860 5864
f 1416 5864 5863
f 1417 1767 5863
f 1417 5866 1767
f 1417 5863 5865
f 1417 5865 12104
f 1417 12104 5866
f 1418 5868 5867
f 1418 5867 12105
f 13100 5868 1418
f 1418 11330 11329
f 13100 1418 11329
f 1418 12105 11330
f 5871 1419 5872
f 13000 1419 5871
f 13371 5872 1419
f 12999 5873 1419
f 5873 13371 1419
f 12999 1419 13000
f 1982 1420 5877
f 1982 13396 1420
f 3172 5879 1420
f 3172 1420 13396
f 1424 1421 3172
f 1424 5887 1421
f 1421 5879 3172
f 1421 3916 5880
f 1421 5894 3916
f 1421 5880 5879
f 1421 5887 5894
f 5850 5851 1422
f 5850 1422 5852
f 5851 11100 1422
f 5884 5852 1422
f 5885 5884 1422
f 5885 1422 12773
f 12773 1422 11100
f 5883 1423 5881
f 5881 1423 7261
f 5884 1423 5883
f 5885 1423 5884
f 5885 7259 1423
f 1423 7259 7261
f 1424 3172 13351
f 1424 5888 5887
f 1424 5889 5888
f 1424 13351 5889
f 1425 12107 3900
f 13093 1425 3900
f 1425 5867 5868
f 1425 5869 5867
f 1425 5868 12107
f 1425 5891 5869
f 13093 5891 1425
f 13093 1426 5891
f 13099 5893 1426
f 1427 5895 5897
f 1427 6412 5895
f 1427 5897 6408
f 1427 6408 6413
f 1427 6413 6412
f 4401 1428 1813
f 1428 4405 1813
f 4401 10800 1428
f 4406 4405 1428
f 6112 1430 1429
f 1430 7205 1429
f 5903 1429 2226
f 2226 1429 7205
f 5903 5902 1429
f 5902 6112 1429
f 5510 1430 6111
f 5510 12068 1430
f 6111 1430 6112
f 1430 12068 7205
f 3822 5904 1431
f 3822 1431 11864
f 5905 1431 5904
f 13116 1431 5905
f 11864 1431 12065
f 12065 1431 13116
f 5910 1432 1434
f 6921 1434 1432
f 5906 1432 5908
f 5906 6920 1432
f 5908 1432 5910
f 6921 1432 6920
f 5909 1433 5910
f 5909 5911 1433
f 5910 1433 12988
f 5911 9093 1433
f 12987 1433 9093
f 12988 1433 12987
f 5909 5910 1434
f 12821 5909 1434
f 6921 12820 1434
f 12821 1434 12820
f 1435 3886 12057
f 13119 3886 1435
f 5917 5916 1435
f 13119 1435 5916
f 7086 5917 1435
f 7086 1435 12057
f 1659 5918 1436
f 1659 1436 6381
f 4763 6381 1436
f 4763 1436 12054
f 5918 5917 1436
f 12054 1436 5917
f 1444 1445 1437
f 1444 1437 5551
f 12031 1437 1445
f 12031 12029 1437
f 1438 6011 3883
f 1438 3883 12042
f 6009 6011 1438
f 12044 6009 1438
f 12041 1438 12042
f 12041 12044 1438
f 6020 6019 1439
f 7309 1439 6019
f 12044 6020 1439
f 1439 7309 12047
f 12044 1439 12049
f 12049 1439 12047
f 1440 12979 5923
f 13335 1440 5923
f 10871 1440 5925
f 13335 5925 1440
f 10871 10870 1440
f 10870 12980 1440
f 1440 12980 12979
f 5564 1441 5563
f 5565 5563 1441
f 12982 1441 5564
f 5565 1441 5927
f 5928 5927 1441
f 12982 5928 1441
f 5928 1442 5926
f 5926 1442 12984
f 5928 10525 1442
f 10521 10520 1442
f 12984 1442 10520
f 10525 10521 1442
f 1443 5921 5920
f 1443 5920 12727
f 1443 5934 5921
f 1443 5929 5934
f 5550 1445 1444
f 5550 1444 13409
f 1444 5551 6718
f 1444 6718 13409
f 5550 5934 1445
f 1445 5929 5931
f 1445 5934 5929
f 12031 1445 5931
f 5560 5559 1446
f 10514 1446 5559
f 5563 5560 1446
f 5564 5563 1446
f 5564 1446 10516
f 10516 1446 10514
f 1447 5937 5936
f 12007 1447 5936
f 1447 13083 5937
f 12006 1447 12003
f 12007 12003 1447
f 12006 13083 1447
f 2250 5940 1448
f 2250 1448 5949
f 1448 5936 5938
f 1448 5939 5936
f 1448 5938 5950
f 5940 5939 1448
f 5949 1448 5950
f 3451 1449 12010
f 3451 13129 1449
f 12009 1449 5942
f 13128 5942 1449
f 12010 1449 12009
f 13128 1449 13129
f 5942 1450 5939
f 12007 5939 1450
f 13128 1450 5942
f 6302 12004 1450
f 6302 1450 13128
f 12007 1450 12004
f 1451 5943 5945
f 5955 5943 1451
f 1451 5945 5948
f 1451 5948 5947
f 5956 1451 5947
f 5956 5955 1451
f 2250 1452 5940
f 2250 5946 1452
f 1452 5942 5940
f 12009 5942 1452
f 1452 5946 5947
f 1452 5947 12009
f 1453 5947 5948
f 12009 5947 1453
f 13123 1453 5948
f 12010 1453 10803
f 13123 10803 1453
f 12010 12009 1453
f 2250 1454 5946
f 2250 5949 1454
f 5956 5946 1454
f 5951 1454 5949
f 5954 1454 5951
f 5956 1454 5954
f 5952 1455 5951
f 5954 5951 1455
f 12852 1455 5952
f 12861 5954 1455
f 12852 12860 1455
f 12860 12861 1455
f 6788 1456 3873
f 12861 3873 1456
f 5955 1456 12019
f 12861 1456 5955
f 12015 1456 6788
f 12019 1456 12015
f 5957 1457 11944
f 11944 1457 11946
f 13155 11946 1457
f 1457 11948 13155
f 5958 1458 5959
f 5958 13329 1458
f 13333 5959 1458
f 1458 5984 5985
f 13329 5984 1458
f 13333 1458 5985
f 1459 2341 5977
f 13333 2341 1459
f 1459 5960 5959
f 13333 1459 5959
f 1459 5976 5960
f 1459 5975 5976
f 1459 5977 5975
f 1460 1461 5965
f 5980 1461 1460
f 5962 1460 5965
f 5962 11964 1460
f 7161 5980 1460
f 7161 1460 11964
f 2875 5965 1461
f 2875 1461 5981
f 5980 5981 1461
f 2875 1462 5965
f 5969 1462 2875
f 5961 5965 1462
f 5961 1462 5967
f 1462 5968 5967
f 5969 5968 1462
f 5966 1463 5967
f 5966 13146 1463
f 11968 5967 1463
f 11968 1463 11969
f 11969 1463 13145
f 13146 13145 1463
f 13333 1464 2341
f 5971 5970 1464
f 5971 1464 5985
f 13333 5985 1464
f 5972 3865 1465
f 7998 1465 3865
f 5973 5972 1465
f 5974 5973 1465
f 13043 5974 1465
f 13043 1465 7998
f 11951 1466 4698
f 13044 4698 1466
f 5974 1466 5975
f 13044 1466 5974
f 5975 1466 5976
f 11951 5976 1466
f 2692 2875 1468
f 2692 1468 5978
f 2875 5981 1468
f 5978 1468 5979
f 5979 1468 5982
f 5982 1468 5981
f 10237 10225 1469
f 10239 10237 1469
f 10239 1469 10238
f 3853 5983 1470
f 7173 3853 1470
f 5957 11944 1470
f 5957 1470 13329
f 5983 13329 1470
f 7173 1470 11944
f 5989 1471 5987
f 5987 1471 11925
f 5989 11920 1471
f 1471 11097 9107
f 9107 11925 1471
f 11920 11097 1471
f 5988 5987 1472
f 11926 1472 5987
f 6013 5988 1472
f 6013 1472 6014
f 1472 6017 6014
f 11926 6017 1472
f 1473 5990 5992
f 1473 7210 5990
f 7926 1473 5992
f 1473 7924 7210
f 1473 7925 7924
f 7926 7925 1473
f 1474 5991 5990
f 1474 5990 7209
f 1474 7498 5991
f 1474 7209 12783
f 1474 7499 7498
f 1474 12783 7499
f 1475 7947 5992
f 1475 5992 12978
f 1475 5994 7949
f 1475 13324 5994
f 1475 7949 7947
f 1475 12978 13324
f 11767 1476 1484
f 1476 3970 3971
f 11767 3970 1476
f 1476 3971 3973
f 1476 3973 3975
f 5995 1477 5996
f 5995 13163 1477
f 5996 1477 11914
f 1477 6249 11915
f 1477 13163 6249
f 1477 11915 11914
f 1478 6007 6004
f 1478 6008 6007
f 12033 6008 1478
f 12033 1478 7731
f 1479 6003 6002
f 1479 6002 7271
f 7745 6003 1479
f 1479 6062 6061
f 7745 1479 6061
f 1479 7271 6062
f 1480 6007 6006
f 13319 1480 6006
f 7496 6007 1480
f 7496 1480 7495
f 13324 7495 1480
f 13319 13324 1480
f 6010 1481 6011
f 6010 6012 1481
f 6011 1481 11889
f 6012 6014 1481
f 6014 6018 1481
f 6018 11889 1481
f 6010 1482 1483
f 1482 13118 1483
f 6009 1482 6010
f 6009 12049 1482
f 1482 12049 12048
f 1482 12048 13118
f 6010 1483 6012
f 6012 1483 6016
f 6016 1483 13120
f 1483 13118 13120
f 11767 1484 11759
f 3997 1485 4026
f 3997 9812 1485
f 1485 4027 4026
f 6033 1486 6052
f 6033 13293 1486
f 6051 6052 1486
f 6051 1486 6123
f 1486 6124 6123
f 13293 6124 1486
f 4555 1487 4556
f 6051 1487 4555
f 4556 1487 12970
f 1487 5512 12970
f 1488 6032 4551
f 4551 12974 1488
f 6032 1488 5820
f 5820 1488 11850
f 1488 11851 11850
f 11851 1488 12974
f 1489 3003 2887
f 1489 2887 6035
f 1489 6039 3003
f 1489 6035 6037
f 1489 6037 6038
f 1489 6038 6039
f 2887 2966 1490
f 2887 1490 6035
f 11868 1490 2966
f 6035 1490 11845
f 1490 11842 11845
f 11868 11842 1490
f 6040 1491 6039
f 7331 6039 1491
f 6040 11858 1491
f 7331 1491 11617
f 11617 1491 11857
f 11857 1491 11858
f 11622 11866 1492
f 11870 11622 1492
f 11865 11843 1492
f 11868 1492 11843
f 11866 11865 1492
f 11870 1492 11868
f 3809 1493 6048
f 13065 1493 3809
f 4174 1493 4173
f 13065 4173 1493
f 6044 1493 4174
f 6043 1493 6044
f 6043 6048 1493
f 1494 6047 6042
f 1494 6042 13180
f 1494 6045 6047
f 1494 6113 6045
f 1494 6114 6113
f 1494 13180 6114
f 7044 1495 1911
f 1911 1495 12810
f 4994 1495 4995
f 12810 1495 4994
f 4995 1495 6054
f 7044 6054 1495
f 6267 1496 6277
f 7016 1496 6267
f 6277 1496 6278
f 6278 1496 11791
f 7016 11793 1496
f 11791 1496 11793
f 1497 5995 5997
f 5995 1497 13164
f 1497 5997 6058
f 1497 5999 5998
f 1497 5998 11916
f 1497 6058 5999
f 1497 11916 13164
f 6868 1844 1498
f 6868 1498 10174
f 1499 4050 4051
f 6067 1500 3036
f 11738 3036 1500
f 11740 1500 6027
f 11880 6027 1500
f 6067 6069 1500
f 11880 1500 6069
f 11738 1500 11740
f 6072 3036 1501
f 11739 1501 3036
f 6072 1501 6070
f 6391 6070 1501
f 6074 6389 1501
f 11739 6074 1501
f 6391 1501 6389
f 6076 1502 1503
f 1503 1502 11737
f 6076 6075 1502
f 11739 1502 6075
f 11738 11737 1502
f 11739 11738 1502
f 13187 6076 1503
f 1503 11737 11741
f 13187 1503 11741
f 6067 1504 6068
f 6072 1504 6067
f 8989 6068 1504
f 6072 6071 1504
f 6071 11724 1504
f 8989 1504 11724
f 7485 1505 3881
f 12968 3881 1505
f 6079 1505 6078
f 7485 6078 1505
f 7849 1505 6079
f 12968 1505 7849
f 7485 1506 6078
f 6078 1506 12967
f 7484 1506 7485
f 7484 7487 1506
f 1506 7487 12967
f 1507 3253 6082
f 1507 13197 3253
f 1507 6082 11861
f 1507 11863 6086
f 1507 6086 13289
f 1507 11861 11863
f 1507 13289 13197
f 1508 2226 11862
f 1508 12063 2226
f 1508 6085 6084
f 1508 6084 12063
f 1508 11861 6085
f 1508 11862 11861
f 1509 7489 7493
f 1509 11708 7489
f 1509 7493 7492
f 1509 7492 11706
f 1509 11706 11707
f 1509 11707 11708
f 1510 1511 2966
f 1510 11618 1511
f 3003 1510 2966
f 7331 1510 3003
f 7296 1510 7331
f 7296 11618 1510
f 11868 2966 1511
f 11620 1511 11618
f 11870 1511 11620
f 11870 11868 1511
f 6089 7491 1512
f 7858 6089 1512
f 6092 1512 7491
f 8045 1512 6092
f 8046 7858 1512
f 8045 8046 1512
f 1513 1514 6092
f 1513 10798 1514
f 1513 8078 2113
f 1513 2113 10798
f 1513 6092 7491
f 1513 7491 8078
f 6091 6092 1514
f 6091 1514 11439
f 1514 10798 12355
f 11439 1514 12355
f 6091 1515 2342
f 2342 1515 8048
f 6091 11439 1515
f 8048 1515 8043
f 1515 11437 8043
f 11439 11437 1515
f 6093 6096 1516
f 1516 9437 6093
f 1516 6096 11847
f 11851 1516 11847
f 1516 11851 12975
f 3816 1517 11844
f 3816 13116 1517
f 1517 5905 11849
f 1517 13116 5905
f 1517 11848 11844
f 1517 11849 11848
f 7584 6101 1518
f 11524 1518 6101
f 11524 6417 1518
f 6417 13231 1518
f 11523 7584 1518
f 11523 1518 13231
f 7584 3705 1519
f 13228 1519 3705
f 1519 6104 6102
f 7584 1519 6102
f 6103 6104 1519
f 6103 1519 13228
f 1675 1520 5037
f 1675 6101 1520
f 11470 5037 1520
f 6101 6102 1520
f 11471 1520 6102
f 11471 11470 1520
f 1521 11968 3859
f 1521 3859 13148
f 1521 5962 5961
f 1521 5961 11968
f 1521 13148 5962
f 6099 1522 6100
f 6108 1522 6099
f 6100 1522 11536
f 6104 1522 6108
f 11538 1522 6104
f 11538 11536 1522
f 1913 9499 1523
f 1913 1523 10043
f 10040 1523 7526
f 12529 7526 1523
f 12529 1523 9499
f 10043 1523 10040
f 1524 2149 7592
f 12740 2149 1524
f 12740 1524 5901
f 6109 1524 7592
f 5509 6123 1525
f 12068 5509 1525
f 5904 1525 6124
f 12066 1525 5904
f 6123 6124 1525
f 12066 12068 1525
f 1526 5041 6424
f 1526 13239 5041
f 1526 6115 6114
f 1526 6114 13240
f 6115 1526 6424
f 1526 13240 13239
f 1527 6116 6115
f 1527 6115 6423
f 1527 6118 6116
f 1527 11465 6118
f 1527 6423 13196
f 1527 13196 11465
f 1528 3807 6120
f 1528 13180 3807
f 1528 6120 6122
f 1528 6122 10771
f 1528 10771 10770
f 1528 10770 13240
f 1528 13240 13180
f 6127 6129 1529
f 6127 1529 13089
f 6129 6131 1529
f 1529 6131 11405
f 7402 1529 11405
f 13089 1529 7402
f 1530 3281 3234
f 1530 3234 6142
f 1530 6130 3281
f 1530 6131 6130
f 1530 6140 6131
f 1530 6141 6140
f 1530 6142 6141
f 1531 6129 6128
f 1531 6128 6132
f 1531 6130 6129
f 6135 6130 1531
f 1531 6132 6134
f 6135 1531 6134
f 1532 6134 6133
f 1532 6133 11389
f 6136 6134 1532
f 6136 1532 6137
f 1532 11388 6137
f 1532 11389 11388
f 6135 1533 3281
f 1533 6144 3281
f 6135 6138 1533
f 6138 11392 1533
f 1533 6145 6144
f 1533 11392 6145
f 1534 6142 3234
f 1534 3234 6144
f 1534 6144 6146
f 1534 6146 6148
f 1534 6148 6149
f 3382 1535 6145
f 11394 1535 3382
f 1535 6146 6145
f 1535 6147 6146
f 11395 6147 1535
f 11394 11395 1535
f 6148 3658 1536
f 1536 3658 11418
f 6149 6148 1536
f 6151 6149 1536
f 6151 1536 11417
f 1536 11418 11417
f 6154 1537 1538
f 12714 1538 1537
f 12099 3898 1537
f 12716 1537 3898
f 12103 1537 6154
f 12103 12099 1537
f 12714 1537 12716
f 6154 1538 6155
f 6155 1538 6156
f 7372 6156 1538
f 7372 1538 12714
f 1539 6154 6155
f 7565 6154 1539
f 6157 1539 6155
f 6157 6159 1539
f 6158 1539 6159
f 6158 7565 1539
f 11327 1540 3633
f 11336 3633 1540
f 6158 6160 1540
f 6158 1540 11332
f 6160 11336 1540
f 11327 11332 1540
f 3635 1541 9908
f 3635 11334 1541
f 6161 1541 11334
f 6161 11341 1541
f 13265 9908 1541
f 11340 1541 11341
f 11340 13265 1541
f 6159 1543 1542
f 6161 1542 1543
f 6159 1542 6160
f 6160 1542 11333
f 6161 11334 1542
f 11333 1542 11334
f 6157 1543 6159
f 6157 6163 1543
f 6161 1543 6165
f 6165 1543 6163
f 1544 6163 6156
f 7372 1544 6156
f 1544 6164 6163
f 7375 6164 1544
f 7374 1544 7372
f 7375 1544 7374
f 6167 1545 6168
f 6167 12803 1545
f 7034 6168 1545
f 7034 1545 7036
f 7036 1545 12802
f 12802 1545 12803
f 6166 6168 1546
f 6166 1546 6169
f 6173 1546 6168
f 6169 1546 6172
f 6172 1546 6171
f 6173 6171 1546
f 1547 6169 1548
f 1547 1548 12964
f 1547 5446 5445
f 1547 5445 6170
f 1547 12964 5446
f 1547 6170 6169
f 6169 6172 1548
f 6172 6316 1548
f 6316 6315 1548
f 12964 1548 6315
f 6173 6168 1549
f 7034 1549 6168
f 6173 1549 12812
f 7034 7033 1549
f 7033 12812 1549
f 6173 1550 6171
f 6171 1550 7399
f 6173 12812 1550
f 10711 7399 1550
f 10712 10711 1550
f 10712 1550 12812
f 3409 1551 2014
f 10701 2014 1551
f 6175 1551 3409
f 6177 1551 6175
f 10702 1551 6177
f 10702 10701 1551
f 1552 5762 5760
f 11266 1552 5760
f 1552 9797 5762
f 11264 9797 1552
f 11266 11264 1552
f 1553 6702 9536
f 11264 6702 1553
f 1553 8671 9797
f 11264 1553 9797
f 6180 1554 13225
f 6181 1554 6933
f 6181 13225 1554
f 6933 1554 6934
f 1554 6935 6934
f 12823 1555 5252
f 1555 12894 5252
f 6183 6181 1555
f 6181 12896 1555
f 6183 1555 12769
f 12823 12769 1555
f 1555 12896 12894
f 1556 3938 1565
f 1556 1565 3940
f 1695 3938 1556
f 1556 3940 3942
f 6187 6186 1557
f 6186 13052 1557
f 6187 1557 13134
f 6196 1557 13052
f 6196 13096 1557
f 13096 13134 1557
f 6189 6187 1558
f 6187 13134 1558
f 12952 6189 1558
f 12952 1558 12953
f 12953 1558 12954
f 12954 1558 13134
f 6189 1559 6188
f 6964 1559 6189
f 6964 6961 1559
f 13115 1560 6194
f 6194 1560 13134
f 12954 1560 12955
f 12954 13134 1560
f 12955 1560 12956
f 12956 1560 13115
f 1561 3924 3923
f 3923 3939 1561
f 3925 3924 1561
f 3938 1561 3939
f 6034 1562 5953
f 13046 5953 1562
f 6080 1562 6034
f 6080 12909 1562
f 12909 13002 1562
f 13046 1562 13002
f 1563 6204 6205
f 1563 6205 12949
f 1563 12948 6206
f 1563 12949 12948
f 6241 1564 1583
f 1564 7854 1583
f 6207 6206 1564
f 1564 6206 12948
f 6241 6207 1564
f 1564 12948 7854
f 1752 3771 1565
f 1752 1565 3939
f 3940 1565 3771
f 3938 3939 1565
f 6209 1566 6210
f 12960 1566 6209
f 6210 1566 6211
f 1566 12958 6211
f 12959 12958 1566
f 12959 1566 12960
f 6215 6218 1567
f 12960 6215 1567
f 6968 1567 6218
f 6967 6966 1567
f 12961 1567 6966
f 6968 6967 1567
f 12960 1567 12961
f 3227 6217 1568
f 12448 3227 1568
f 6217 6214 1568
f 6241 1568 6214
f 6241 6240 1568
f 12448 1568 6240
f 1881 1569 6954
f 1881 6968 1569
f 6218 6217 1569
f 6217 6953 1569
f 6968 6218 1569
f 1569 6953 6954
f 6219 6221 1570
f 6219 1570 11188
f 6221 11205 1570
f 11189 11188 1570
f 11189 1570 11191
f 11191 1570 11205
f 6220 1571 3442
f 1571 6226 3442
f 6219 1571 6220
f 6219 6237 1571
f 6226 1571 6239
f 6239 1571 6237
f 6223 1574 1572
f 6231 1572 1574
f 6223 1572 13282
f 6231 11209 1572
f 6220 1573 6221
f 6220 6223 1573
f 6221 1573 13281
f 6223 13282 1573
f 13281 1573 13282
f 1574 3442 3440
f 6232 1574 3440
f 6223 3442 1574
f 6231 1574 6232
f 1575 6224 6225
f 1575 11236 6224
f 1575 11228 11236
f 1575 12830 11228
f 6226 1576 3440
f 3440 1576 6234
f 6225 6224 1576
f 6235 1576 6224
f 6226 6225 1576
f 6235 6234 1576
f 6229 1577 6228
f 6233 6228 1577
f 6232 1577 6229
f 6232 6234 1577
f 6234 6233 1577
f 4071 1578 6349
f 1578 12913 6349
f 6235 1579 6233
f 11223 6233 1579
f 6235 12994 1579
f 11223 1579 13277
f 11235 1579 12994
f 11235 13277 1579
f 1581 1580 6238
f 1581 12993 1580
f 11188 1580 6237
f 1580 12993 6237
f 1580 11186 6238
f 11187 11186 1580
f 11188 11187 1580
f 12020 1581 6238
f 12024 12993 1581
f 3825 1582 7848
f 12448 1582 3825
f 7852 1582 6240
f 12448 6240 1582
f 7850 7848 1582
f 7852 7850 1582
f 6241 1583 6240
f 7852 6240 1583
f 7852 1583 7853
f 1583 7854 7853
f 1584 6979 1591
f 1584 1591 12464
f 1584 6244 6978
f 1584 9027 6244
f 1584 6978 6979
f 1584 12464 9027
f 1585 7855 7854
f 1585 12463 7855
f 1585 9027 12463
f 1585 12950 9027
f 1586 7855 12463
f 9853 1586 9830
f 9830 1586 12463
f 1587 12058 11102
f 1587 11102 13288
f 1587 11924 11923
f 1587 11923 12058
f 1587 13287 11924
f 1587 13288 13287
f 1588 5989 5988
f 1588 5988 11922
f 1588 6246 5989
f 1588 6247 6246
f 1588 11924 6247
f 1588 11922 11924
f 12052 1589 5916
f 12059 5916 1589
f 1589 11101 11102
f 1589 11103 11101
f 12059 1589 11102
f 12052 11103 1589
f 6245 13287 1590
f 1590 13375 6245
f 1590 13286 10416
f 1590 10416 13375
f 1590 13287 13286
f 1591 6979 7859
f 1591 11668 7857
f 1591 7857 12464
f 1591 7859 11668
f 1592 1885 6971
f 1592 12942 1885
f 1592 9049 6243
f 1592 6243 12942
f 1592 6971 6972
f 1592 6972 9049
f 1595 1593 6250
f 1595 6255 1593
f 1593 6248 6250
f 1593 11032 6248
f 1593 6255 11031
f 1593 11031 11032
f 1594 3781 11743
f 11745 3781 1594
f 1594 11744 11032
f 11746 1594 11032
f 1594 11743 11744
f 11745 1594 11746
f 3728 1595 6250
f 6256 1595 3728
f 6254 6255 1595
f 6256 6254 1595
f 3537 1596 6256
f 3537 6258 1596
f 6254 1596 6252
f 1596 6257 6252
f 6256 1596 6254
f 6258 6257 1596
f 3728 1597 1598
f 11916 1598 1597
f 3728 6250 1597
f 1597 6250 13163
f 11916 1597 13164
f 13164 1597 13163
f 3537 6256 1598
f 11042 3537 1598
f 6256 3728 1598
f 11042 1598 11043
f 11043 1598 11916
f 3537 1599 6258
f 11042 1599 3537
f 6258 1599 8470
f 11046 8470 1599
f 11042 11044 1599
f 11044 11046 1599
f 1600 11039 6259
f 12973 1600 6259
f 11052 1600 8470
f 12973 8470 1600
f 11051 11039 1600
f 11051 1600 11052
f 6260 1602 1601
f 1601 1602 6847
f 1601 4672 6846
f 1601 6847 4672
f 6260 1601 6836
f 1601 6837 6836
f 1601 6846 6837
f 6261 1602 6260
f 6261 6695 1602
f 1602 6695 6848
f 1602 6848 6847
f 1603 6266 6265
f 7506 6266 1603
f 7469 1603 7468
f 7469 7506 1603
f 6271 1604 1606
f 1604 12947 1606
f 6269 6268 1604
f 12947 1604 6268
f 6269 1604 6272
f 6271 6272 1604
f 3798 6270 1605
f 3798 1605 10867
f 1605 6270 6269
f 1605 6269 10866
f 1605 10866 10867
f 5051 1606 5052
f 5051 12980 1606
f 5052 1606 6277
f 6271 1606 12980
f 6277 1606 12947
f 6272 1608 1607
f 6273 1607 1608
f 6272 1607 10866
f 6273 6274 1607
f 6274 6275 1607
f 6275 10866 1607
f 6271 1608 6272
f 6271 10870 1608
f 10872 6273 1608
f 10872 1608 10870
f 1609 10868 6425
f 1609 6425 10869
f 1609 10881 10868
f 1609 10869 10884
f 1609 10884 10881
f 6300 12001 1610
f 12004 6300 1610
f 12002 1610 12001
f 12003 1610 12002
f 12004 1610 12003
f 1611 3767 6282
f 6309 3767 1611
f 7888 1611 6282
f 6309 1611 6310
f 6310 1611 10771
f 7888 10771 1611
f 5534 3928 1612
f 3928 6285 1612
f 5534 1612 6282
f 6283 6282 1612
f 6284 6283 1612
f 6285 6284 1612
f 6288 6287 1613
f 6287 11960 1613
f 6288 1613 13049
f 1613 11960 11959
f 13050 1613 11959
f 13050 13049 1613
f 6286 1614 6284
f 10776 6284 1614
f 6288 1614 6286
f 10773 1614 6288
f 10773 10772 1614
f 10776 1614 10772
f 1615 6289 6291
f 13336 6289 1615
f 1615 6291 6292
f 1615 6292 6294
f 1615 6294 10793
f 1615 10793 7822
f 1615 7822 13336
f 1616 1619 6296
f 1616 10786 1619
f 1616 6290 6289
f 1616 6296 6290
f 1616 13334 10786
f 5534 4004 1617
f 4004 6293 1617
f 5534 1617 5581
f 1617 6291 5581
f 1617 6292 6291
f 1617 6293 6292
f 3928 5581 1618
f 3928 1618 6295
f 1618 5581 6290
f 1618 6290 6296
f 1618 6296 6295
f 1619 6297 6296
f 1619 6298 6297
f 1619 10789 6298
f 1619 10786 10789
f 1620 6299 6298
f 13151 1620 6298
f 11960 6299 1620
f 11952 1620 11953
f 11952 11960 1620
f 13151 11953 1620
f 4181 6279 1621
f 6304 4181 1621
f 1621 6279 6300
f 6303 1621 6300
f 6305 1621 6303
f 6305 6304 1621
f 6305 1622 1623
f 1622 13129 1623
f 6302 1622 6303
f 6302 13128 1622
f 6305 6303 1622
f 1622 13128 13129
f 6305 1623 6306
f 1623 6307 6306
f 10801 6307 1623
f 13129 10801 1623
f 1624 4004 3767
f 6309 1624 3767
f 1624 4136 4004
f 1624 4181 4136
f 1624 6280 4181
f 6309 6280 1624
f 5630 5632 1625
f 12786 5630 1625
f 5632 12937 1625
f 6313 1625 6311
f 1625 12937 6311
f 12786 1625 6313
f 1626 6317 6316
f 1626 6316 7399
f 1626 6319 6317
f 1626 10203 6319
f 1626 7399 10204
f 1626 10204 10203
f 12964 6315 1627
f 12962 1627 10703
f 12962 12963 1627
f 12963 12964 1627
f 1628 6318 3411
f 1628 3411 7282
f 1628 7282 10709
f 1628 10709 10703
f 6321 1629 6322
f 6321 6336 1629
f 1629 12936 6322
f 1629 6336 6335
f 1629 6335 12936
f 6325 6324 1630
f 10631 1630 6324
f 6325 1630 13254
f 10631 10630 1630
f 10630 13255 1630
f 13254 1630 13255
f 5588 6323 1631
f 5588 1631 6330
f 6325 1631 6323
f 6325 11390 1631
f 6331 6330 1631
f 6331 1631 11390
f 6326 1635 1632
f 10632 1632 1635
f 10631 6326 1632
f 10631 1632 10628
f 10628 1632 13352
f 10632 13352 1632
f 6329 1633 1635
f 10656 1635 1633
f 5507 1633 5508
f 5507 5531 1633
f 5508 1633 6329
f 5531 10656 1633
f 6324 6323 1634
f 6323 12945 1634
f 6326 6324 1634
f 6326 1634 6329
f 6328 6329 1634
f 6328 1634 12945
f 6326 6329 1635
f 10632 1635 10633
f 10633 1635 10656
f 4620 4714 1636
f 4620 1636 6320
f 6330 1636 4714
f 6320 1636 6334
f 6332 1636 6330
f 6334 1636 6332
f 6321 6334 1637
f 6321 1637 6336
f 1637 6334 6333
f 1637 6333 12923
f 1637 6338 6336
f 1637 12923 6338
f 1639 6335 1638
f 1639 1638 6383
f 1638 6335 6336
f 1638 6336 6338
f 1638 6338 12924
f 1638 6384 6383
f 1638 12924 6384
f 1639 12935 6335
f 1639 6341 6340
f 1639 6340 12934
f 1639 6383 6341
f 1639 12934 12935
f 1640 6339 6341
f 1640 6342 6339
f 1640 6341 6383
f 1640 12920 6342
f 1640 6383 6385
f 1640 6385 6386
f 1640 6386 12920
f 1641 5425 5424
f 1641 5424 5428
f 1641 12934 5425
f 1641 5428 5427
f 1641 5427 6343
f 1641 6343 12934
f 4868 4867 1642
f 4867 6345 1642
f 4868 1642 5387
f 5387 1642 5388
f 5388 1642 6347
f 6347 1642 6345
f 6347 1643 5405
f 6346 5408 1643
f 6345 6346 1643
f 6347 6345 1643
f 12913 1644 6348
f 12926 6348 1644
f 12913 6350 1644
f 12927 12926 1644
f 12927 1644 12928
f 4715 4884 1645
f 4715 1645 6363
f 6355 1645 4884
f 6355 6352 1645
f 6352 6363 1645
f 3321 10497 1646
f 13142 3321 1646
f 6359 1646 6357
f 6357 1646 10497
f 6359 11980 1646
f 13142 1646 11980
f 6358 1647 4715
f 1647 6372 4715
f 6358 6357 1647
f 6360 1647 6357
f 6362 1647 6360
f 6362 6373 1647
f 1647 6373 6372
f 6362 6361 1648
f 6361 13363 1648
f 6362 1648 10508
f 1648 10509 10508
f 1648 13365 10509
f 13363 13365 1648
f 11403 1649 7402
f 13089 7402 1649
f 6359 6358 1650
f 6358 6363 1650
f 6359 1650 11976
f 1650 6363 6364
f 13054 1650 6364
f 11976 1650 11977
f 13054 11977 1650
f 1651 6366 6368
f 1651 12981 6366
f 1651 6368 10526
f 1651 10526 10525
f 12982 1651 10525
f 12982 12981 1651
f 6356 6355 1652
f 6355 6367 1652
f 6356 1652 6370
f 1652 6366 6365
f 1652 6365 6370
f 1652 6367 6366
f 4884 1653 6367
f 4884 6372 1653
f 1653 6368 6367
f 1653 6375 6368
f 1653 6372 6371
f 1653 6371 6375
f 6371 6373 1654
f 6371 1654 6374
f 10508 1654 6373
f 13360 6374 1654
f 10507 1654 10508
f 13360 1654 10507
f 5398 1655 5399
f 5398 12924 1655
f 6376 5399 1655
f 6376 1655 6377
f 6377 1655 12923
f 1655 12924 12923
f 1656 6332 6331
f 1656 6331 11391
f 1656 6333 6332
f 6377 6333 1656
f 6377 1656 6378
f 6378 1656 6379
f 6379 1656 11391
f 6376 1657 5392
f 5392 1657 12928
f 6376 6378 1657
f 6378 6380 1657
f 12927 1657 6380
f 12927 12928 1657
f 4757 4762 1658
f 4757 1658 4763
f 4762 10485 1658
f 4763 1658 6381
f 1658 10484 6381
f 1658 10485 10484
f 3557 5918 1659
f 3557 1659 10463
f 8783 1659 6381
f 8783 10463 1659
f 6356 1660 6353
f 6353 1660 10483
f 6356 8799 1660
f 8783 1660 8799
f 8783 10484 1660
f 1660 10484 10483
f 3293 1661 6388
f 6391 1661 3293
f 1661 6387 6388
f 1661 11103 6387
f 6390 1661 6391
f 1661 6390 11101
f 1661 11101 11103
f 6073 1662 6389
f 6073 13286 1662
f 6390 6389 1662
f 6390 1662 13288
f 13286 13288 1662
f 6395 1663 1664
f 10617 1664 1663
f 6392 6394 1663
f 6392 1663 6396
f 10617 1663 6394
f 6395 6396 1663
f 12907 6395 1664
f 12371 6397 1664
f 12907 1664 6397
f 10616 1664 10617
f 10616 12371 1664
f 1665 13122 4890
f 1665 4890 13362
f 1665 10514 5559
f 1665 5559 13122
f 1665 10515 10514
f 1665 13362 10515
f 3784 1666 11755
f 1666 3784 13183
f 1666 4923 4890
f 1666 4890 11756
f 1666 13183 4923
f 11755 1666 11756
f 1668 5383 1667
f 1668 1667 6400
f 1667 5383 10094
f 1667 12486 6400
f 1667 10094 8263
f 1667 8263 12486
f 1668 5385 5383
f 1668 7298 5385
f 1668 6400 12870
f 1668 6402 7298
f 1668 12870 6402
f 5412 5410 1669
f 5410 7298 1669
f 12920 5412 1669
f 12918 1669 7298
f 12919 1669 12918
f 12920 1669 12919
f 1670 6400 12486
f 1670 12889 6400
f 1670 10102 6404
f 1670 6404 12889
f 1670 10104 10102
f 1670 12486 10104
f 6406 6405 1671
f 6405 8237 1671
f 6407 6406 1671
f 6407 1671 7440
f 1671 7431 7441
f 1671 8237 7431
f 1671 7441 7440
f 1672 2094 6409
f 1672 7440 2094
f 1672 6413 6407
f 1672 6407 7440
f 1672 6409 6411
f 1672 6411 6413
f 6415 1673 6414
f 6414 1673 6766
f 6417 1673 6415
f 6418 1673 6417
f 6418 6664 1673
f 11760 1673 6664
f 11760 6766 1673
f 1674 6664 4950
f 11619 1674 4950
f 7303 6664 1674
f 7303 1674 11615
f 11615 1674 11619
f 11524 1675 4950
f 11619 4950 1675
f 11619 1675 5037
f 11524 6101 1675
f 1676 5695 5694
f 1676 5694 6422
f 1676 5696 5695
f 1676 7445 5696
f 1676 6422 7446
f 1676 7446 7445
f 1677 7439 7438
f 1677 7438 12862
f 1677 7445 7439
f 12916 7445 1677
f 1677 12862 12864
f 12916 1677 12864
f 6764 1678 6762
f 12863 6762 1678
f 7658 1678 6764
f 7657 1678 7658
f 7657 12864 1678
f 12863 1678 12864
f 1679 10869 1898
f 1679 1898 12813
f 1679 10866 6275
f 1679 6275 10869
f 10867 10866 1679
f 10867 1679 12813
f 10852 1680 3663
f 3663 1680 12227
f 4121 4129 1680
f 7693 4121 1680
f 4129 12227 1680
f 10852 7693 1680
f 4402 1681 2421
f 2421 1681 6015
f 3159 1681 5924
f 12912 1681 3159
f 4402 6429 1681
f 5924 1681 6429
f 12912 6015 1681
f 2549 4386 1682
f 2549 1682 12893
f 1682 4386 6435
f 1682 6435 5252
f 1682 5252 12894
f 1682 12894 12893
f 6839 2893 1683
f 1683 2893 12651
f 6803 12587 1683
f 6803 1683 12707
f 6839 1683 12587
f 1683 12651 12707
f 3983 1684 9618
f 3983 12571 1684
f 1684 9022 9618
f 12588 9022 1684
f 12588 1684 12571
f 4896 1685 12330
f 4896 12544 1685
f 12301 1685 5161
f 5161 1685 12570
f 12301 12330 1685
f 1685 12544 12570
f 5111 2481 1686
f 5878 1686 2481
f 5111 1686 12508
f 5688 12488 1686
f 12915 5688 1686
f 12915 1686 5878
f 12508 1686 12488
f 4238 1687 6162
f 4238 12338 1687
f 12358 6094 1687
f 6094 12906 1687
f 6162 1687 12906
f 12358 1687 12338
f 6458 4147 1688
f 1688 4147 12297
f 6458 1688 9666
f 1688 9632 9682
f 1688 12297 9632
f 1688 9682 9666
f 6651 2710 1689
f 2710 12195 1689
f 12266 6567 1689
f 1689 6567 12619
f 6651 1689 12619
f 12266 1689 12195
f 6463 1690 6464
f 10151 1690 6463
f 6464 1690 12760
f 10150 1690 10151
f 10150 12759 1690
f 12759 12760 1690
f 5166 1691 6466
f 5166 12185 1691
f 6463 6465 1691
f 6463 1691 6467
f 6465 6466 1691
f 12185 6467 1691
f 6469 6471 1692
f 6469 1692 13404
f 1692 6471 6473
f 10141 1692 6473
f 13405 1692 10141
f 13405 13404 1692
f 6467 1693 6468
f 6467 6472 1693
f 6477 6468 1693
f 6470 1693 6471
f 6470 6477 1693
f 6471 1693 6472
f 5166 12180 1694
f 5166 1694 12185
f 1694 6481 6485
f 12180 6481 1694
f 3933 1695 3932
f 3932 1695 3934
f 6490 6489 1696
f 6489 12874 1696
f 6491 6490 1696
f 6491 1696 12872
f 12873 12872 1696
f 1696 12874 12873
f 5750 3604 1697
f 6498 1697 3604
f 5750 1697 10033
f 6498 10034 1697
f 8268 10033 1697
f 8268 1697 10034
f 1698 6497 5192
f 1698 5192 10041
f 1698 6498 6497
f 1698 10037 6498
f 1698 7526 10037
f 1698 10041 7526
f 5299 1702 1699
f 1702 6499 1699
f 5299 1699 10041
f 1699 6499 12172
f 1699 10040 10041
f 1699 12172 10040
f 5299 5192 1701
f 1701 5192 13006
f 5299 1701 6503
f 1701 10073 6503
f 1701 13224 10073
f 1701 13006 13224
f 1702 6503 1703
f 1702 1703 6507
f 5299 6503 1702
f 1702 6507 6499
f 10072 1703 6503
f 6508 1703 6505
f 10072 6505 1703
f 6508 6507 1703
f 6505 1704 1705
f 13418 1705 1704
f 10071 1704 6505
f 10070 1704 10071
f 10070 13419 1704
f 13418 1704 13419
f 4795 1705 1706
f 10087 1706 1705
f 6505 1705 4795
f 13418 10087 1705
f 1706 13415 10058
f 10086 1706 10087
f 10086 13415 1706
f 1707 4404 4405
f 4406 1707 4405
f 4408 1707 4406
f 4408 12359 1707
f 3115 1708 7246
f 3115 11784 1708
f 1708 5307 6519
f 1708 11784 5307
f 1708 6519 6522
f 1708 6522 7246
f 1709 6526 6528
f 12451 6526 1709
f 1709 6528 6530
f 1709 6530 6532
f 1709 6532 6534
f 12451 1709 6534
f 1710 6527 6526
f 12450 1710 6526
f 1710 12055 6527
f 1710 8511 12055
f 12449 8511 1710
f 12450 12449 1710
f 1711 6528 6527
f 12158 1711 6527
f 1711 6529 6528
f 1711 12110 6529
f 1711 6537 12110
f 12158 6537 1711
f 1712 6190 6531
f 12891 6190 1712
f 1712 6530 6529
f 12888 1712 6529
f 1712 6531 6530
f 12891 1712 12888
f 1713 6532 6531
f 12898 1713 6531
f 1713 6533 6532
f 6940 6533 1713
f 6940 1713 6931
f 12898 6931 1713
f 5338 1714 6236
f 5338 12890 1714
f 1714 6536 6236
f 12110 1714 6398
f 12890 6398 1714
f 1714 6537 6536
f 12110 6537 1714
f 1715 4741 6535
f 1715 6562 4741
f 1715 6535 6537
f 12158 1715 6537
f 12158 6562 1715
f 1716 8497 12884
f 1716 12885 8497
f 12098 12885 1716
f 1716 12884 12883
f 1717 6551 6543
f 1717 6543 12076
f 1717 6547 6549
f 1717 9892 6547
f 1717 6549 6551
f 1717 12076 9892
f 1718 6548 6547
f 1718 6547 9891
f 1718 13450 6548
f 1718 9891 9895
f 1718 9895 9894
f 1718 9894 13450
f 3097 1719 9915
f 3097 13448 1719
f 1719 9907 9909
f 13448 9907 1719
f 12061 1719 9909
f 12061 9915 1719
f 5378 1721 1720
f 6550 1720 1721
f 5378 1720 6556
f 12061 1720 6550
f 1720 6558 6556
f 12061 6558 1720
f 5378 6551 1721
f 6550 1721 6552
f 1721 6551 6552
f 1722 6549 6548
f 1722 6548 13451
f 1722 6552 6549
f 1722 6553 6552
f 1722 9904 6553
f 1722 9902 9904
f 1722 13451 9902
f 6546 1723 10144
f 6546 12067 1723
f 1723 10145 10144
f 1723 12758 10145
f 11345 1723 12067
f 11345 12758 1723
f 1724 1725 6555
f 1724 6556 1725
f 6543 5378 1724
f 5378 6556 1724
f 6545 6543 1724
f 6545 1724 6555
f 11342 6555 1725
f 1725 6556 6559
f 11343 1725 6559
f 11342 1725 11343
f 6560 1726 6561
f 8499 1726 6560
f 6561 1726 12885
f 8497 1726 8498
f 8497 12885 1726
f 8498 1726 8499
f 6560 6562 1727
f 6560 1727 8509
f 12055 1727 6562
f 1727 8510 8509
f 1727 8511 8510
f 12055 8511 1727
f 13095 6566 1728
f 13097 13095 1728
f 5485 1729 5482
f 5482 1729 6571
f 5485 6569 1729
f 1729 6569 6568
f 1729 6568 6572
f 1729 6572 6571
f 1730 6569 6583
f 1730 6582 6581
f 1730 6583 6582
f 1731 6570 6572
f 1731 6573 6570
f 9756 1731 6572
f 13463 6573 1731
f 9756 9755 1731
f 13463 1731 9755
f 1732 9790 6575
f 12030 1732 6575
f 1732 9788 9787
f 1732 9787 9790
f 1732 9791 9788
f 12030 9791 1732
f 6579 1733 5817
f 10079 5817 1733
f 6579 6578 1733
f 10080 1733 6578
f 10079 1733 10074
f 10080 10074 1733
f 1734 6578 6580
f 1734 6586 6578
f 1734 6580 6582
f 1734 6582 6584
f 1734 6584 6587
f 1734 6587 6586
f 1735 6576 5406
f 1735 6571 6570
f 1735 6570 6574
f 8752 1735 6574
f 8752 6576 1735
f 1736 6586 6585
f 1736 6585 13420
f 1736 10080 6586
f 1736 10075 10080
f 1736 13416 10075
f 1736 13420 13416
f 5485 5659 1737
f 5485 1737 6583
f 1737 5659 6589
f 1737 6584 6583
f 1737 6588 6584
f 1737 6589 6588
f 3932 3930 1738
f 3933 3932 1738
f 1739 6590 6589
f 12025 1739 6589
f 1739 9813 6590
f 6593 6592 1739
f 6592 9814 1739
f 6593 1739 12025
f 1739 9814 9813
f 6596 6595 1740
f 6595 12609 1740
f 6597 6596 1740
f 3684 4254 1741
f 4254 4253 1741
f 6601 6600 1742
f 6600 6610 1742
f 6601 1742 6608
f 6608 1742 11911
f 6610 11911 1742
f 6602 6601 1743
f 6601 12879 1743
f 6602 1743 11963
f 12877 11963 1743
f 12878 12877 1743
f 12879 12878 1743
f 6607 1744 6608
f 6607 11943 1744
f 6608 1744 12879
f 11943 12881 1744
f 12880 12879 1744
f 12881 12880 1744
f 4268 1745 11075
f 1745 7626 11075
f 1746 6614 11869
f 1746 12590 6614
f 6773 1746 6727
f 6727 1746 11869
f 6775 1746 6773
f 6775 12590 1746
f 1747 3603 5686
f 1747 5686 6618
f 9803 1747 6618
f 9803 9796 1747
f 6617 1748 3012
f 7183 3012 1748
f 6618 5686 1748
f 7490 1748 5686
f 6618 1748 6617
f 7545 7183 1748
f 7545 1748 7490
f 6626 1749 1750
f 1749 6650 1750
f 1749 1762 6650
f 9510 1762 1749
f 11824 1749 6626
f 11824 9510 1749
f 1750 6649 6629
f 1750 6650 6649
f 6557 5740 1751
f 5740 6631 1751
f 6510 6557 1751
f 6629 6510 1751
f 11812 3771 1752
f 11812 1752 11811
f 1753 2950 1774
f 1753 1774 6636
f 1753 9535 2950
f 6635 1753 6636
f 6635 9537 1753
f 1753 9537 9535
f 1754 6636 6682
f 1754 6681 6637
f 1754 6680 6681
f 1754 6682 6680
f 6644 1755 1759
f 5896 1755 5922
f 5922 1755 6638
f 6644 6638 1755
f 6634 6640 1756
f 6634 1756 9543
f 1756 6640 6639
f 11810 1756 6639
f 11810 9543 1756
f 6642 1757 9562
f 6647 9564 1757
f 9563 9562 1757
f 9564 9563 1757
f 6642 2951 1758
f 6643 1758 11810
f 6434 1759 6416
f 6434 6661 1759
f 6644 1759 6661
f 6647 1760 1766
f 6657 1766 1760
f 6645 1760 6647
f 6645 6661 1760
f 6510 1761 6475
f 6475 1761 6669
f 6510 6649 1761
f 6648 1761 6649
f 6648 6656 1761
f 6656 6671 1761
f 6669 1761 6670
f 6670 1761 6671
f 1762 1763 6653
f 9515 1763 1762
f 6650 1762 6653
f 9510 9515 1762
f 1763 2973 6654
f 11466 2973 1763
f 1763 6654 6653
f 11466 1763 9515
f 1764 6655 6654
f 9598 1764 6654
f 1764 6656 6655
f 1764 9606 6656
f 9598 9605 1764
f 1764 9605 9606
f 6658 6665 1765
f 6658 1765 11807
f 1765 6665 9620
f 1765 9620 9619
f 11696 1765 9619
f 11807 1765 11696
f 6647 1766 9564
f 6657 6658 1766
f 1766 6658 9556
f 9564 1766 9556
f 6657 1768 6665
f 1768 6677 6665
f 6666 1768 6667
f 6666 6677 1768
f 6434 6416 1769
f 6416 6669 1769
f 6434 1769 6667
f 6667 1769 6668
f 6668 1769 6669
f 6671 1770 6672
f 9606 1770 6671
f 6672 1770 6673
f 9604 6673 1770
f 9606 9604 1770
f 1771 4722 6675
f 7253 4722 1771
f 6672 6673 1771
f 6672 1771 6674
f 6673 7253 1771
f 1771 6675 6674
f 1772 6677 6676
f 9613 1772 6676
f 1772 9620 6677
f 9613 9612 1772
f 9612 9620 1772
f 5896 1773 5740
f 5740 1773 6679
f 5896 5922 1773
f 5922 6681 1773
f 1773 6678 6679
f 1773 6681 6678
f 13144 1774 2950
f 1774 6682 6636
f 6682 1774 6683
f 13144 6683 1774
f 6684 1775 2942
f 13143 2942 1775
f 6684 6683 1775
f 13144 1775 6683
f 6684 2942 1776
f 1776 2942 9517
f 6685 6684 1776
f 6686 6685 1776
f 9521 6686 1776
f 9517 9521 1776
f 7426 1777 7427
f 7426 11018 1777
f 7427 1777 12816
f 1777 7758 7757
f 1777 7757 12816
f 11018 7758 1777
f 1778 4317 4318
f 7628 1778 4318
f 6041 1779 3820
f 3820 1779 11852
f 6041 6694 1779
f 6687 1779 6694
f 11795 1779 6687
f 11795 11852 1779
f 6689 1780 6690
f 6689 10965 1780
f 6693 6690 1780
f 6693 1780 6691
f 1780 10964 6691
f 10965 10964 1780
f 1781 6705 6698
f 1781 6698 6707
f 1781 6701 6700
f 1781 6700 6703
f 1781 6707 6701
f 1781 6703 6705
f 5284 5283 1782
f 1782 5283 6711
f 5285 5284 1782
f 5285 1782 6710
f 1782 6709 6710
f 1782 6711 6709
f 2105 1783 6712
f 12752 1783 2105
f 1783 5286 5285
f 5285 6712 1783
f 5287 5286 1783
f 12751 5287 1783
f 12751 1783 12752
f 1784 6713 11069
f 1784 12866 6713
f 1784 6716 6717
f 1784 11069 6716
f 1784 6717 12867
f 1784 12867 12866
f 3521 1787 1785
f 6720 1785 1787
f 3521 1785 11747
f 10424 1785 6720
f 13185 1785 10424
f 13185 11747 1785
f 6722 1786 6720
f 7141 6720 1786
f 6722 6724 1786
f 1786 6724 9211
f 7141 1786 7142
f 1786 9211 7142
f 3521 7443 1787
f 6722 6720 1787
f 6725 6722 1787
f 6725 1787 7443
f 1788 3279 10165
f 1788 10818 3279
f 8130 1788 10388
f 8130 10818 1788
f 1788 10165 8395
f 1788 8395 10388
f 2763 9092 1789
f 2763 1789 12579
f 9092 6726 1789
f 6728 6726 1790
f 9092 1790 6726
f 9091 6728 1790
f 9091 1790 9090
f 1791 4383 1814
f 1791 1814 4404
f 6733 1792 6732
f 6734 6732 1792
f 6733 12867 1792
f 6735 6734 1792
f 12868 6735 1792
f 12867 12868 1792
f 9090 2762 1793
f 12612 1793 2762
f 6738 6737 1793
f 9091 1793 6737
f 12612 6738 1793
f 9091 9090 1793
f 1794 6732 6734
f 1794 6734 6738
f 12612 1794 6738
f 12611 1794 12612
f 1795 1796 6743
f 1795 10782 1796
f 9522 1795 6743
f 9522 13136 1795
f 1795 13135 10782
f 1795 13136 13135
f 1796 6741 6743
f 1796 10785 6741
f 1796 10782 10781
f 1796 10781 10785
f 1797 6749 11559
f 1797 12205 6749
f 1797 11559 11558
f 1797 11558 12203
f 1797 12203 12204
f 1797 12204 12205
f 1798 6745 6747
f 1798 9507 6745
f 1798 6747 6749
f 1798 6749 12205
f 1798 9508 9507
f 1798 12205 9508
f 4370 1799 4385
f 1800 6746 6627
f 1800 6627 6754
f 1800 6750 6746
f 1800 6751 6750
f 1800 6757 6751
f 1800 6754 6757
f 1801 6627 6742
f 1801 6754 6627
f 1801 6742 6741
f 1801 6741 6755
f 1801 6753 6754
f 1801 6755 6753
f 1802 6753 6755
f 1802 6756 6753
f 1802 6755 10785
f 1802 13334 6756
f 1802 10785 10784
f 1802 10784 13334
f 6756 1803 6757
f 1803 10794 6757
f 1803 7819 10795
f 1803 10795 10794
f 6742 6627 1804
f 1804 6627 6746
f 6742 1804 6758
f 1804 6746 6745
f 1804 6745 6759
f 1804 6759 6758
f 1805 6743 6742
f 1805 6742 6758
f 9522 6743 1805
f 1805 6758 6760
f 9523 1805 6760
f 9522 1805 9523
f 2888 7220 1806
f 7436 2888 1806
f 6761 1806 7220
f 1806 6761 7438
f 7436 1806 7437
f 7437 1806 7438
f 7304 11470 1807
f 7304 1807 11618
f 11470 11468 1807
f 11621 1807 11468
f 1807 11620 11618
f 1807 11621 11620
f 6769 1808 6767
f 1808 12155 6767
f 6769 6895 1808
f 1808 6895 6894
f 1808 6894 7490
f 1808 7490 12155
f 4247 6772 1809
f 6771 1809 6772
f 6771 12855 1809
f 12854 1809 12855
f 1810 5246 6778
f 6776 1810 6778
f 6776 12837 1810
f 1810 12837 12836
f 5280 1811 6781
f 5280 12825 1811
f 1811 6783 6781
f 1811 6784 6783
f 1811 12824 6784
f 1811 12825 12824
f 1812 3874 6786
f 12021 3874 1812
f 1812 6783 6784
f 1812 6785 6783
f 12021 1812 6784
f 1812 6786 6785
f 4396 4400 1813
f 4396 1813 4403
f 4401 1813 4400
f 1813 4405 4403
f 1814 4383 10756
f 1814 10756 10763
f 1815 6795 6794
f 1815 6794 7147
f 1815 6796 6795
f 11250 6796 1815
f 11251 1815 7147
f 11251 11250 1815
f 9206 9205 1816
f 9205 12258 1816
f 9206 1816 11250
f 9284 9302 1816
f 9284 1816 12258
f 9302 11250 1816
f 1817 6799 6798
f 1817 6798 6886
f 6851 6799 1817
f 6851 1817 6852
f 6852 1817 6885
f 1817 6886 6885
f 4935 11099 1818
f 12307 4935 1818
f 6748 1818 11099
f 6748 11860 1818
f 11860 11859 1818
f 12307 1818 11859
f 1819 3821 6765
f 7207 3821 1819
f 11760 1819 6765
f 13177 7207 1819
f 7303 1819 11760
f 7303 13177 1819
f 1820 5676 12847
f 1820 6804 6805
f 1820 12846 6804
f 1820 12847 12846
f 1821 6806 6804
f 1821 6804 12845
f 11239 6806 1821
f 11239 1821 11240
f 1821 12844 11240
f 1821 12845 12844
f 6808 1822 3595
f 11230 3595 1822
f 1822 6805 6806
f 6807 6805 1822
f 11231 1822 6806
f 6808 6807 1822
f 11230 1822 11231
f 6808 1823 6807
f 6809 6807 1823
f 6808 12829 1823
f 6809 1823 12826
f 4445 1831 1824
f 4446 1824 1831
f 1859 1824 3367
f 1859 4447 1824
f 3367 1824 4446
f 4445 1824 4447
f 1825 6817 6818
f 1825 10984 6817
f 7467 1825 6818
f 7467 7466 1825
f 7466 7616 1825
f 1825 7616 10984
f 1826 6818 6817
f 1826 6817 10965
f 1826 10981 6818
f 1826 10965 10967
f 12324 1826 10967
f 12324 10981 1826
f 1827 6822 6821
f 1827 6821 12688
f 1827 8432 6822
f 1827 8430 8432
f 1827 8433 8430
f 1827 12688 8433
f 6823 6822 1828
f 6822 6828 1828
f 6824 6823 1828
f 12840 6824 1828
f 6827 1828 6828
f 12841 1828 6827
f 12840 1828 12841
f 6827 6829 1829
f 12842 6827 1829
f 6829 6831 1829
f 1829 6831 6833
f 12843 1829 6833
f 12843 12842 1829
f 6830 1830 6831
f 12693 1830 6830
f 6832 6831 1830
f 12696 6832 1830
f 12693 12694 1830
f 12694 12696 1830
f 4432 1831 4445
f 5167 5171 1832
f 1832 5171 5172
f 1832 5172 12497
f 1832 12497 5173
f 1833 6838 6837
f 1833 6837 6841
f 1833 10982 6838
f 1833 6841 12320
f 1833 12321 10982
f 1833 12320 12321
f 11535 10975 1834
f 12975 1834 10975
f 11535 1834 13059
f 12975 12974 1834
f 1835 6845 11695
f 1835 10970 9437
f 1835 11691 10970
f 1835 11695 11691
f 1836 3872 11184
f 13123 3872 1836
f 1836 6857 6856
f 13123 1836 6856
f 1836 11183 6857
f 1836 11184 11183
f 1837 6855 6854
f 1837 6854 10921
f 1837 7615 6855
f 1837 10920 7615
f 10918 10920 1837
f 10918 1837 10921
f 6856 6858 1838
f 6856 1838 10804
f 1838 6858 10808
f 10804 1838 13332
f 13332 1838 10808
f 1839 6853 6855
f 1839 11181 6853
f 1839 6855 6860
f 1839 6860 6859
f 1839 6859 11183
f 1839 11182 11181
f 1839 11183 11182
f 6857 1840 6858
f 6857 6859 1840
f 1840 10805 6858
f 1840 6859 6861
f 1840 6861 10806
f 1840 10806 10805
f 6617 1841 3055
f 6863 3055 1841
f 1841 5271 5270
f 6863 1841 5270
f 1841 12832 5271
f 6617 12832 1841
f 6866 1842 6864
f 6864 1842 11396
f 6868 1842 6866
f 6868 10174 1842
f 10174 11397 1842
f 1842 11397 11396
f 1843 6865 6864
f 6864 11401 1843
f 6865 1843 11412
f 1843 11401 13251
f 6868 6867 1844
f 6869 1844 6867
f 6869 10171 1844
f 1845 5487 4438
f 1845 4438 6036
f 5986 5487 1845
f 10176 3200 1846
f 13401 1846 3200
f 6869 6875 1846
f 6869 1846 13400
f 6875 10176 1846
f 13401 13400 1846
f 6867 6866 1847
f 6871 1847 6866
f 6870 6867 1847
f 6870 1847 6878
f 6871 6873 1847
f 6878 1847 6873
f 6870 1848 6875
f 6870 6878 1848
f 6876 6875 1848
f 6879 6876 1848
f 6879 1848 6878
f 6882 1849 6880
f 7004 6880 1849
f 6884 1849 6882
f 6884 10653 1849
f 7004 1849 7005
f 7005 1849 10653
f 1850 7398 11686
f 1850 7837 7838
f 1850 11686 7837
f 1851 7401 2562
f 1851 6888 6887
f 1851 6887 11686
f 1851 7398 7401
f 1851 11686 7398
f 6897 1854 1852
f 10653 1852 1854
f 6896 1852 6894
f 7545 6894 1852
f 6897 1852 6896
f 7545 1852 10652
f 10652 1852 10653
f 1853 6620 6619
f 6893 1853 6619
f 1853 6622 6620
f 10657 6622 1853
f 6890 1853 6893
f 10657 1853 6890
f 6890 6893 1854
f 6897 6890 1854
f 6891 1854 6893
f 6891 10653 1854
f 3393 1855 6896
f 9189 1855 3393
f 6897 6896 1855
f 10658 6897 1855
f 10658 1855 9189
f 1856 6767 3656
f 6902 1856 3656
f 6769 6767 1856
f 6769 1856 10660
f 6902 6901 1856
f 10661 1856 6901
f 10660 1856 10661
f 6903 2889 1857
f 6904 1857 2889
f 6903 1857 6901
f 6906 6901 1857
f 6906 1857 6904
f 10568 1858 6906
f 10661 6906 1858
f 10568 12386 1858
f 10661 1858 10662
f 12386 10662 1858
f 1859 1861 4447
f 1859 10607 1861
f 1859 3367 10605
f 1859 10605 10607
f 3311 1860 6912
f 3311 6914 1860
f 6913 6912 1860
f 6917 6913 1860
f 6915 1860 6914
f 6917 1860 6915
f 4447 1861 4448
f 10607 4450 1861
f 1862 2201 4536
f 1862 12945 2201
f 5505 1862 4536
f 1862 5504 5503
f 6328 1862 5503
f 5505 5504 1862
f 6328 12945 1862
f 5206 5205 1864
f 1864 5205 6920
f 5906 5907 1864
f 5906 1864 6920
f 5907 12817 1864
f 6924 1865 6919
f 1865 12820 6919
f 6924 7835 1865
f 6925 1865 6926
f 6925 12820 1865
f 6926 1865 7835
f 1867 6929 1866
f 1867 1866 12726
f 6925 6927 1866
f 12821 6925 1866
f 1866 6927 7807
f 12821 1866 6929
f 1866 7807 12726
f 8730 1867 5919
f 1867 12726 5919
f 8730 6929 1867
f 2524 12896 1868
f 12898 2524 1868
f 6931 1868 6932
f 12898 1868 6931
f 6932 1868 6933
f 6933 1868 12896
f 6819 1870 1869
f 6937 1869 1870
f 6960 6819 1869
f 6937 6936 1869
f 1869 6936 13127
f 6960 1869 6962
f 1869 13127 6962
f 6820 1870 6819
f 6820 6982 1870
f 6937 1870 6872
f 6982 6872 1870
f 6940 6939 1871
f 1871 6939 6947
f 6940 1871 6946
f 1871 6944 6946
f 1871 11681 6944
f 1871 6947 11681
f 6942 1872 1873
f 6997 1873 1872
f 6942 3401 1872
f 3401 10257 1872
f 6997 1872 6949
f 10257 6949 1872
f 6943 1873 1874
f 7037 1874 1873
f 6942 1873 6943
f 7008 1873 6997
f 7008 7037 1873
f 3219 6955 1874
f 3219 1874 7037
f 6956 6943 1874
f 6956 1874 6955
f 1875 6945 6944
f 6948 1875 6944
f 10272 6945 1875
f 11679 1875 6948
f 10272 1875 10269
f 11679 10269 1875
f 1876 6945 3233
f 12452 1876 3233
f 1876 6534 6533
f 1876 6533 6946
f 12452 6534 1876
f 1876 6946 6945
f 6872 1877 6947
f 6982 1877 6872
f 11681 6947 1877
f 6952 1877 6951
f 6952 11681 1877
f 6820 1878 6982
f 6820 7008 1878
f 6997 6949 1878
f 7008 6997 1878
f 2870 4765 1879
f 2870 1879 4767
f 1879 4480 4764
f 4767 1879 4764
f 6950 1880 6951
f 6950 10684 1880
f 6952 6951 1880
f 6952 1880 11679
f 10682 1880 10683
f 11679 1880 10682
f 10683 1880 10684
f 3219 1881 6954
f 3219 6958 1881
f 1881 6958 6957
f 1881 6957 6968
f 6960 1882 6819
f 6958 1882 6959
f 6958 7037 1882
f 6959 1882 6960
f 5703 1884 5702
f 1884 12818 5702
f 5703 8141 1884
f 8140 6969 1884
f 12819 1884 6969
f 8140 1884 8141
f 12819 12818 1884
f 6974 6971 1885
f 6974 1885 12946
f 12942 12943 1885
f 12943 12946 1885
f 6176 6977 1886
f 6176 1886 12944
f 6975 6976 1886
f 6975 1886 6977
f 12946 1886 6976
f 12944 1886 12946
f 1969 1887 7184
f 10874 1887 1969
f 1970 7185 1887
f 12985 1970 1887
f 7185 7184 1887
f 12985 1887 10874
f 3288 1888 4506
f 3288 10409 1888
f 3289 1888 10409
f 1888 4508 4506
f 6983 1889 1891
f 1889 6987 1891
f 6983 6990 1889
f 1889 6988 6987
f 6996 6988 1889
f 1890 6986 6987
f 1890 12479 6986
f 6989 1890 6987
f 10137 1890 6989
f 10137 12480 1890
f 1890 12480 12479
f 6983 1891 6984
f 1891 10506 6984
f 1891 6987 6986
f 1891 6986 10506
f 6996 6994 1892
f 6994 9533 1892
f 6996 1892 6995
f 6995 1892 7000
f 1892 6998 7000
f 1892 9533 6998
f 1893 6999 6998
f 1893 6998 9532
f 7676 6999 1893
f 7676 1893 7732
f 1893 9531 7732
f 1893 9532 9531
f 6989 6988 1894
f 1894 6988 6995
f 10135 6989 1894
f 1894 6995 7001
f 1894 7001 7003
f 10135 1894 7003
f 5488 2083 1895
f 2083 5935 1895
f 5488 1895 2235
f 5489 2235 1895
f 6693 6692 1896
f 6692 10038 1896
f 6693 1896 6696
f 6696 1896 7011
f 1896 7010 7011
f 1896 10038 7010
f 1897 7007 7010
f 1897 7761 7007
f 1897 7010 10038
f 1897 10032 7761
f 1897 10039 10032
f 1897 10038 10039
f 7336 1898 6425
f 6425 1898 10869
f 7014 1898 7012
f 7336 7012 1898
f 7014 12813 1898
f 5182 7012 1899
f 5182 1899 7032
f 12811 1899 7012
f 7033 7032 1899
f 7033 1899 12811
f 1900 6267 6268
f 7016 6267 1900
f 1900 6268 6270
f 7017 1900 6270
f 7016 1900 7015
f 7017 7015 1900
f 1901 7020 7019
f 1901 7019 9762
f 1901 7029 7020
f 1901 9759 7029
f 1901 9761 9759
f 1901 9762 9761
f 9921 3099 1902
f 1902 3099 13447
f 1902 7022 7023
f 9920 7022 1902
f 9921 1902 7023
f 9920 1902 13447
f 1903 1904 7022
f 1903 7027 1904
f 9919 1903 7022
f 1903 7026 7027
f 1903 9918 7026
f 9919 9918 1903
f 1904 7021 7020
f 1904 7020 7023
f 1904 7024 7021
f 1904 7023 7022
f 1904 7027 7024
f 5183 7030 1905
f 7036 1905 7030
f 7036 12801 1905
f 3005 1906 9727
f 3005 12523 1906
f 7040 1906 7041
f 7040 9727 1906
f 7041 1906 12522
f 12523 12522 1906
f 7040 7039 1907
f 1907 7039 9743
f 7040 1907 9727
f 9727 1907 12520
f 1907 9743 9742
f 12521 1907 9742
f 12521 12520 1907
f 1908 9739 9741
f 1908 10061 9739
f 1908 9741 9743
f 1908 9743 10062
f 1908 10062 10061
f 5170 1909 5176
f 7042 5176 1909
f 7042 1909 12705
f 1909 8117 12705
f 1910 5177 5176
f 7043 1910 5176
f 1910 5178 5177
f 7044 5178 1910
f 7044 1910 7043
f 1911 5187 5178
f 7044 1911 5178
f 1911 5188 5187
f 1911 12810 5188
f 4993 4739 1912
f 4739 7043 1912
f 4993 1912 8128
f 7043 7042 1912
f 7042 8128 1912
f 1913 7046 7048
f 1913 10042 7046
f 1913 7048 11663
f 1913 11663 9499
f 1913 10043 10042
f 8372 1914 1979
f 1979 1914 12528
f 7047 7046 1914
f 9672 1914 7046
f 7047 1914 8372
f 9672 12528 1914
f 6460 2649 1915
f 1915 2649 11578
f 5174 1915 11661
f 5174 12628 1915
f 6604 6460 1915
f 6604 1915 12628
f 1915 11578 11661
f 9032 7054 1916
f 1916 7054 11585
f 9032 1916 9322
f 9034 9322 1916
f 11485 9034 1916
f 11485 1916 11585
f 7056 7055 1917
f 7055 11448 1917
f 7056 1917 7064
f 1917 7065 7064
f 1917 7066 7065
f 1917 11448 7066
f 7056 1918 7057
f 7056 12807 1918
f 1918 11431 7057
f 1918 12805 11431
f 1918 12806 12805
f 1918 12807 12806
f 7062 1919 7063
f 7062 12809 1919
f 1919 7064 7063
f 1919 12807 7064
f 12808 12807 1919
f 12808 1919 12809
f 9030 7068 1920
f 9031 9030 1920
f 9031 1920 9322
f 9032 9322 1920
f 1921 7069 7068
f 1921 7068 12596
f 7070 7069 1921
f 12595 1921 12596
f 1923 7073 1922
f 1923 1922 7080
f 1922 7073 7075
f 1922 7075 7077
f 1922 7077 7078
f 1922 7078 7080
f 1923 6908 7084
f 7087 6908 1923
f 7083 7073 1923
f 7087 1923 7080
f 1923 7084 7083
f 6915 3312 1924
f 3312 7083 1924
f 6916 6915 1924
f 6916 1924 9506
f 1924 7083 7084
f 1924 7084 9506
f 2414 7088 1925
f 2414 1925 7092
f 3316 1925 7090
f 3316 7092 1925
f 1925 7088 7090
f 1926 7099 1929
f 1926 1929 7561
f 1926 12521 7099
f 1926 7541 7540
f 1926 7540 12521
f 1926 7561 7541
f 1927 1928 7096
f 9740 1928 1927
f 7097 1927 7096
f 7099 1927 7097
f 7099 9742 1927
f 9740 1927 9741
f 9741 1927 9742
f 12795 7096 1928
f 7100 1928 7101
f 7100 12795 1928
f 7101 1928 9740
f 7099 7097 1929
f 7562 1929 7097
f 7560 1929 7559
f 7562 7559 1929
f 7560 7561 1929
f 1930 3239 2613
f 1930 2613 10292
f 1930 12437 3239
f 1930 10292 4550
f 7101 1931 7102
f 7101 9740 1931
f 7102 1931 7103
f 10107 7103 1931
f 9739 1931 9740
f 9739 10108 1931
f 10107 1931 10108
f 7103 1932 7104
f 7103 10106 1932
f 7105 7104 1932
f 9375 7105 1932
f 9375 1932 10112
f 10112 1932 10106
f 1933 5648 7110
f 1933 12787 5648
f 1933 7110 7366
f 1933 7366 7365
f 1933 7365 12788
f 1933 12788 12787
f 1934 7113 7112
f 7135 1934 7112
f 1934 7114 7113
f 1934 7182 7114
f 7127 1934 7135
f 7127 7182 1934
f 1935 1942 10922
f 1935 11229 1942
f 1935 7114 7091
f 1935 7091 11229
f 1935 7113 7114
f 7119 1936 7116
f 7116 1936 9925
f 7119 9597 1936
f 9925 1936 9574
f 9596 1936 9597
f 7116 1937 1938
f 7122 1938 1937
f 2968 1937 9584
f 2968 9587 1937
f 7116 9925 1937
f 7122 1937 9587
f 1937 9925 9584
f 7118 7116 1938
f 7118 1938 7120
f 7120 1938 7121
f 7121 1938 7122
f 7118 1939 1940
f 7130 1940 1939
f 7120 7091 1939
f 1939 7091 7169
f 7118 7120 1939
f 7130 1939 7169
f 7118 1940 7119
f 7119 1940 7134
f 7129 1940 7130
f 7129 7134 1940
f 7121 7122 1941
f 7121 1941 7123
f 7122 9587 1941
f 7123 1941 12202
f 1941 9587 12203
f 1941 12203 12202
f 7123 10919 1942
f 7123 1942 11229
f 10918 1942 10919
f 10918 10922 1942
f 8701 1943 7082
f 12574 7082 1943
f 7124 1943 7125
f 7124 12574 1943
f 7125 1943 9286
f 9286 1943 8701
f 7125 1944 7126
f 7125 7131 1944
f 7126 1944 7127
f 7127 1944 7182
f 7130 1944 7131
f 7130 7169 1944
f 7169 7182 1944
f 7129 7131 1945
f 7129 1945 7133
f 7131 9286 1945
f 7133 1945 12564
f 9286 9285 1945
f 9285 12564 1945
f 12685 1946 2445
f 8264 1946 8259
f 8259 1946 12794
f 12685 12794 1946
f 7133 1947 7134
f 7133 9590 1947
f 7134 1947 9597
f 1947 9590 9589
f 1947 9589 9597
f 7139 7138 1948
f 7138 11909 1948
f 7139 1948 7358
f 1948 7356 7358
f 1948 7359 7356
f 1948 12790 7359
f 1948 11909 12790
f 4556 12970 1949
f 1949 12970 12971
f 1949 12971 12972
f 7150 1950 1951
f 1950 12789 1951
f 1950 7148 10764
f 1950 12791 7148
f 7150 12791 1950
f 1950 10764 12789
f 7150 1951 7364
f 7361 7364 1951
f 7361 1951 7365
f 7365 1951 12789
f 1952 7151 7153
f 1952 10876 7151
f 1952 10877 10876
f 1969 7184 1953
f 1969 1953 10876
f 1953 7152 7151
f 1953 7151 10876
f 1953 7181 7152
f 1953 7184 7181
f 1968 1954 7152
f 1968 7600 1954
f 1954 7153 7152
f 1954 7154 7153
f 1954 7206 7154
f 1954 7600 7206
f 1961 1955 7168
f 1961 7480 1955
f 1955 7160 7159
f 1955 7159 10519
f 1955 7480 7160
f 1955 10519 7168
f 1968 1956 7160
f 1968 7181 1956
f 1956 7156 7158
f 1956 7185 7156
f 1956 7158 7160
f 1956 7181 7185
f 1957 7155 7154
f 1957 7154 7213
f 1957 10880 7155
f 1957 7162 7164
f 1957 7213 7162
f 1957 7164 10880
f 7166 1958 1963
f 1963 1958 7258
f 7163 7162 1958
f 1958 7162 7252
f 7163 1958 7165
f 7165 1958 7166
f 1958 7252 7258
f 1959 7165 7167
f 1959 8871 7165
f 1959 7167 8904
f 1959 8872 8871
f 1959 12639 8872
f 1959 8904 8903
f 1959 8903 12639
f 7174 1962 1960
f 8904 1960 1962
f 7166 1960 7167
f 7171 1960 7166
f 7167 1960 8904
f 7171 7174 1960
f 1964 1961 7170
f 1964 7434 1961
f 1961 7168 7170
f 1961 7434 7480
f 7174 8925 1962
f 8900 1962 8901
f 8904 1962 8900
f 1962 8924 8901
f 1962 8925 8924
f 7171 7166 1963
f 7171 1963 7172
f 7172 1963 7279
f 1963 7258 7279
f 1964 7170 7176
f 1964 7176 7175
f 1964 7175 7279
f 1964 7279 7395
f 1964 7395 7434
f 7177 1965 1966
f 8948 1966 1965
f 7177 7176 1965
f 1965 7176 8945
f 8947 1965 8945
f 8948 1965 8947
f 7177 1966 7178
f 7178 1966 7179
f 7179 1966 12635
f 8948 12635 1966
f 7179 1967 7180
f 7179 12634 1967
f 7180 1967 8925
f 8921 8923 1967
f 12634 8921 1967
f 8925 1967 8923
f 1968 7152 7181
f 1968 7160 7480
f 1968 7480 7600
f 10874 1969 10875
f 1969 10876 10875
f 1970 10524 7185
f 10520 10522 1970
f 10520 1970 12985
f 1970 10522 10524
f 1973 7187 1971
f 1973 1971 7193
f 1971 9757 3899
f 11328 1971 3899
f 1971 7187 9757
f 7193 1971 11328
f 1972 7187 7186
f 1972 7186 9755
f 1972 9757 7187
f 1972 9754 9753
f 1972 9753 9757
f 1972 9755 9754
f 1973 11157 7187
f 1973 7195 7191
f 1973 7191 11157
f 1973 7193 7195
f 1974 7186 7188
f 1974 13463 7186
f 1974 7188 11210
f 1974 7189 9760
f 1974 11210 7189
f 1974 9760 13463
f 7198 7197 1975
f 12483 1975 7197
f 10113 7198 1975
f 10103 1975 12483
f 1976 12484 7197
f 1976 7204 12785
f 1976 12786 12484
f 1976 12785 12786
f 1977 2068 7201
f 1977 7388 2068
f 7048 7047 1977
f 7047 7388 1977
f 7048 1977 7203
f 1978 11069 5631
f 1978 5631 12785
f 1978 6709 6711
f 1978 7204 6709
f 1978 6711 6716
f 1978 6716 11069
f 1978 12785 7204
f 8372 1979 7609
f 1979 12700 7609
f 1979 8390 8391
f 1979 12528 8390
f 1979 8391 12700
f 2155 1980 4584
f 2155 4599 1980
f 7211 1981 7212
f 12776 1981 7211
f 12779 7212 1981
f 12776 12777 1981
f 12779 1981 12777
f 1982 5861 13396
f 1983 7216 11059
f 1983 12771 7216
f 7330 1983 7329
f 1983 11059 7329
f 7330 10143 1983
f 1983 10143 12771
f 1984 7215 7216
f 1984 7217 7215
f 7290 1984 7216
f 7290 7218 1984
f 1985 7225 7224
f 12781 1985 7224
f 7226 7225 1985
f 7226 1985 11147
f 12780 11147 1985
f 12780 1985 12781
f 7833 1986 2248
f 2248 1986 12780
f 7833 7221 1986
f 7221 11147 1986
f 12780 1986 11147
f 3837 1987 7313
f 12781 1987 3837
f 7223 1987 7224
f 7223 7314 1987
f 12781 7224 1987
f 1987 7312 7313
f 1987 7314 7312
f 7223 7224 1988
f 7223 1988 7310
f 7224 7225 1988
f 7225 7227 1988
f 12496 1988 7227
f 12496 7310 1988
f 7228 7321 1989
f 12778 7228 1989
f 1989 7321 7320
f 12779 1989 7320
f 12779 12778 1989
f 11903 1990 3840
f 3840 1990 12778
f 7228 1990 7229
f 12778 1990 7228
f 11904 7229 1990
f 11903 11904 1990
f 11899 1991 3838
f 3838 1991 13174
f 1991 7231 7229
f 11904 1991 7229
f 1991 11900 7231
f 11899 11900 1991
f 11904 13174 1991
f 7231 2035 1992
f 2035 7311 1992
f 7228 7229 1992
f 7228 1992 7316
f 7229 7231 1992
f 1992 7311 7316
f 7234 1993 7232
f 13248 7232 1993
f 11416 1993 7234
f 11416 11415 1993
f 13249 1993 11415
f 13249 13248 1993
f 7233 7232 1994
f 1994 7232 10626
f 7766 7233 1994
f 7766 1994 10641
f 1994 10626 10625
f 1994 10625 10638
f 10641 1994 10638
f 7236 1995 7237
f 11434 1995 7236
f 11416 7237 1995
f 11416 1995 11414
f 11433 11414 1995
f 11434 11433 1995
f 7233 1997 1996
f 7243 1996 1997
f 7233 1996 7234
f 7234 1996 7237
f 7235 7237 1996
f 7235 1996 7238
f 7238 1996 7243
f 7766 1997 7233
f 7240 7242 1997
f 7766 7240 1997
f 7242 7243 1997
f 7238 1998 7239
f 7238 7243 1998
f 7875 7239 1998
f 7244 1998 7243
f 12724 1998 7244
f 12724 7875 1998
f 7246 7245 1999
f 9284 1999 7245
f 7246 1999 7250
f 1999 7249 7250
f 1999 7251 7249
f 9284 7251 1999
f 2001 7255 2000
f 12543 2001 2000
f 7254 2000 7255
f 13397 2000 7254
f 12539 12541 2000
f 13397 12539 2000
f 12541 12543 2000
f 2001 9468 7255
f 2001 9469 9468
f 2001 9470 9469
f 12543 9470 2001
f 7254 2003 2002
f 2003 12775 2002
f 2002 11100 5851
f 13397 2002 5851
f 13397 7254 2002
f 2002 12774 11100
f 2002 12775 12774
f 7254 7255 2003
f 2003 7255 7257
f 2003 7257 7256
f 2003 7256 12775
f 2004 5153 9469
f 2004 12548 5153
f 2004 9469 9471
f 2004 9471 9473
f 2004 9473 12548
f 5151 5150 2005
f 12713 2005 5150
f 5151 2005 12775
f 12772 2005 12713
f 12772 12774 2005
f 12774 12775 2005
f 5031 7259 2006
f 5031 2006 7958
f 5885 2006 7259
f 5885 12773 2006
f 12772 7958 2006
f 12772 2006 12773
f 5029 2007 5030
f 5029 7260 2007
f 5030 2007 5031
f 5031 2007 7259
f 2007 7261 7259
f 2007 7260 7261
f 11751 2008 2028
f 11877 2028 2008
f 11701 2008 11751
f 11701 11896 2008
f 11877 2008 11896
f 6691 4374 2009
f 7262 2009 4374
f 6692 6691 2009
f 6692 2009 7655
f 7262 7263 2009
f 7263 7655 2009
f 7264 2010 7265
f 7264 7269 2010
f 7265 2010 7268
f 7266 7268 2010
f 7266 2010 12735
f 7269 12735 2010
f 7610 3507 2011
f 12322 2011 3507
f 2011 7506 7469
f 7610 2011 7469
f 12322 7506 2011
f 7274 2012 7272
f 12321 7272 2012
f 7274 10255 2012
f 7507 2012 10255
f 12322 2012 7507
f 12322 12321 2012
f 11688 6877 2013
f 2013 7278 7275
f 11688 2013 7275
f 3409 2014 10704
f 7281 2014 7280
f 10701 7280 2014
f 7281 10704 2014
f 7281 7280 2015
f 7282 2015 7280
f 7461 7281 2015
f 7282 7284 2015
f 7456 2015 7284
f 7461 2015 7456
f 6974 2016 6973
f 7449 6973 2016
f 6974 6976 2016
f 6976 10707 2016
f 7449 2016 7448
f 7448 2016 10707
f 7287 2017 7285
f 7634 7285 2017
f 7289 2017 7287
f 7289 7461 2017
f 7461 7460 2017
f 7462 2017 7460
f 7634 2017 7462
f 4840 4212 2018
f 4840 2018 11762
f 2019 6063 6062
f 2019 6062 7292
f 2019 7481 6063
f 2019 7292 7612
f 7482 2019 7295
f 2019 7612 7295
f 7482 7481 2019
f 7293 7294 2020
f 7293 2020 13398
f 7294 10193 2020
f 10192 2020 10193
f 10192 13399 2020
f 13398 2020 13399
f 10191 7293 2021
f 7293 13398 2021
f 10180 10179 2021
f 10190 2021 10179
f 10180 2021 13398
f 10191 2021 10190
f 7297 2022 2025
f 7612 2025 2022
f 7294 2022 10193
f 7294 11076 2022
f 10193 2022 7297
f 7612 2022 11076
f 7275 7277 2023
f 7275 2023 10190
f 2023 7277 11076
f 10191 10190 2023
f 10191 2023 11076
f 7290 2024 7291
f 7290 12771 2024
f 7291 2024 7299
f 7297 7299 2024
f 10194 7297 2024
f 10194 2024 12771
f 7271 7270 2025
f 7270 7299 2025
f 7271 2025 7292
f 7292 2025 7612
f 7297 2025 7299
f 6002 6001 2026
f 6005 2026 6001
f 7270 6002 2026
f 6005 7218 2026
f 7291 2026 7218
f 7270 2026 7291
f 2027 7300 7302
f 13450 7300 2027
f 9901 2027 7302
f 9901 9900 2027
f 13451 2027 9900
f 13451 13450 2027
f 11751 2028 11813
f 11828 11813 2028
f 11840 11828 2028
f 11840 2028 11877
f 2030 7302 2029
f 7724 2030 2029
f 7713 2029 7302
f 7856 2029 7713
f 7738 7724 2029
f 7856 7738 2029
f 2033 2030 7307
f 9901 2030 2033
f 9901 7302 2030
f 7724 7307 2030
f 7217 2031 7215
f 11150 7215 2031
f 12784 2031 7217
f 11150 2031 7305
f 12783 7305 2031
f 12784 12783 2031
f 2032 7306 7319
f 11150 7306 2032
f 2032 7319 7318
f 7318 7856 2032
f 2032 7328 7327
f 11150 2032 7327
f 7856 7328 2032
f 2033 7307 7308
f 9898 2033 7308
f 9898 9897 2033
f 9901 2033 9897
f 2034 7308 7307
f 2034 7307 7315
f 2034 7314 7308
f 2034 7311 7312
f 2034 7315 7311
f 2034 7312 7314
f 11900 2035 7231
f 2035 7312 7311
f 2035 7313 7312
f 11900 7313 2035
f 2036 7316 7315
f 2036 7315 7724
f 2036 7321 7316
f 2036 7317 7321
f 2036 7738 7317
f 2036 7724 7738
f 2037 7301 7324
f 2037 7713 7301
f 2037 7324 7326
f 2037 7328 7713
f 7325 2038 3189
f 3189 2038 9896
f 2038 7324 7323
f 2038 7323 9895
f 7325 7324 2038
f 2038 9895 9896
f 2039 7329 7326
f 13406 2039 7326
f 7330 7329 2039
f 10142 7330 2039
f 13405 10142 2039
f 13406 13405 2039
f 8776 2040 2658
f 2658 2040 12655
f 2040 7335 7334
f 12655 2040 7334
f 8775 7335 2040
f 8776 8775 2040
f 2041 2045 7337
f 8775 2041 7335
f 6930 2042 2165
f 6930 4592 2042
f 12767 2043 7337
f 7338 7339 2043
f 12766 7338 2043
f 12766 2043 12767
f 2044 5818 12768
f 2044 12767 7340
f 2044 12768 12767
f 12767 7337 2045
f 8773 7340 2045
f 12767 2045 7340
f 2046 7341 12662
f 2047 6399 4039
f 2047 4039 7342
f 2047 12770 6399
f 11040 2047 7342
f 6403 5514 2048
f 11040 2048 5514
f 12760 6403 2048
f 11040 7343 2048
f 12761 2048 7343
f 12760 2048 12761
f 2049 7106 7105
f 2049 7105 7345
f 2049 12797 7106
f 2049 7344 7108
f 2049 7108 12798
f 2049 7345 7344
f 2049 12798 12797
f 7347 2238 2050
f 2050 2238 7362
f 7347 2050 7348
f 7348 2050 7366
f 2050 7362 7361
f 2050 7361 7366
f 7349 7350 2051
f 7349 2051 9804
f 7350 13459 2051
f 2051 9785 9804
f 2051 9805 9785
f 2051 13459 9805
f 7349 2052 7351
f 7349 7355 2052
f 7913 7351 2052
f 2052 7355 7358
f 2052 7358 7357
f 7913 2052 7357
f 2053 2054 7352
f 7965 2054 2053
f 7350 7351 2053
f 7350 2053 7352
f 7948 2053 7351
f 7948 7965 2053
f 2054 7353 7352
f 2054 7367 7353
f 11038 7367 2054
f 7965 11038 2054
f 2055 2056 7355
f 2055 12792 2056
f 2055 7355 9804
f 2055 9804 9784
f 2055 9784 12792
f 7140 7139 2056
f 7139 7355 2056
f 7140 2056 12793
f 2056 12792 12793
f 7356 2057 7357
f 7356 7360 2057
f 7913 7357 2057
f 2057 7360 7364
f 2057 7364 7363
f 7913 2057 7363
f 2058 7362 2238
f 7965 2058 2238
f 2058 7363 7362
f 7913 7363 2058
f 7948 7913 2058
f 7948 2058 7965
f 2059 10106 3179
f 2059 3179 13412
f 2059 7371 7370
f 10112 2059 7370
f 2059 13411 7371
f 10112 10106 2059
f 2059 13412 13411
f 7353 7367 2060
f 8398 7353 2060
f 2060 7367 7369
f 2060 7369 7371
f 2060 7371 9807
f 8398 2060 8373
f 8373 2060 9807
f 7346 7345 2061
f 9375 2061 7345
f 7346 2061 7368
f 2061 7369 7368
f 2061 7370 7369
f 9375 7370 2061
f 2062 2270 7374
f 2062 7893 2270
f 2062 7374 7372
f 2062 7372 7895
f 2062 7892 7893
f 2062 7895 7892
f 2063 7376 2064
f 2063 2064 12763
f 2063 6164 7375
f 2063 12763 6164
f 2063 7375 7376
f 2064 7376 7378
f 2064 7378 7380
f 2064 7380 7382
f 2064 7382 11033
f 2064 11033 12763
f 7378 7377 2065
f 7377 12718 2065
f 7378 2065 7379
f 12720 7379 2065
f 12718 12719 2065
f 12719 12720 2065
f 2066 7384 7383
f 2066 7383 11345
f 2066 11344 7384
f 2066 11342 11344
f 2066 11345 11342
f 2067 7385 7384
f 2067 7384 11339
f 2067 7386 7385
f 2067 11028 7386
f 2067 11338 11028
f 2067 11339 11338
f 2068 6980 7201
f 7391 6980 2068
f 7388 7389 2068
f 7391 2068 7389
f 6880 2069 6881
f 6880 7390 2069
f 2069 7609 6881
f 7388 2069 7389
f 7388 7609 2069
f 7389 2069 7390
f 7004 7006 2070
f 7004 2070 7390
f 7006 7821 2070
f 7391 7390 2070
f 7391 2070 12816
f 12816 2070 7821
f 2071 5137 5136
f 2071 5136 10150
f 10149 7392 2071
f 10149 2071 10150
f 6476 10146 2072
f 6476 2072 10148
f 2072 10144 7393
f 2072 7393 10148
f 2072 10146 10144
f 2074 4140 2073
f 2074 2073 7396
f 2073 4140 6900
f 2073 6900 6898
f 2073 6898 6910
f 2073 6910 7396
f 2074 9438 4140
f 2074 7396 7400
f 2074 7400 9438
f 2075 2562 7401
f 2075 8519 2562
f 2075 7396 7397
f 2075 7400 7396
f 2075 7397 8519
f 2075 7401 7400
f 2076 6763 6762
f 7624 2076 6762
f 7405 6763 2076
f 2076 7624 6916
f 6916 9506 2076
f 7405 2076 9506
f 2077 7406 7408
f 2077 9408 7406
f 12757 2077 7408
f 2077 9409 9408
f 12756 9409 2077
f 12757 12756 2077
f 6426 2078 9461
f 12756 2078 6426
f 9462 2078 7411
f 12757 7411 2078
f 9462 9461 2078
f 12757 2078 12756
f 7409 7408 2079
f 9345 2079 7408
f 7410 7409 2079
f 9343 7410 2079
f 9344 9343 2079
f 9345 9344 2079
f 2080 7409 7410
f 2080 7411 7409
f 12711 2080 7410
f 2080 9449 7411
f 2080 9447 9449
f 12711 9447 2080
f 2082 2081 2085
f 2082 7415 2081
f 10427 2085 2081
f 7415 7414 2081
f 7414 10428 2081
f 2082 7416 7415
f 2082 7419 7416
f 2083 5486 4438
f 2083 4438 5935
f 2083 5899 5486
f 5488 5899 2083
f 2084 7412 7414
f 2084 9460 7412
f 2084 7414 7415
f 2084 7415 9461
f 2084 9461 9460
f 10427 3299 2085
f 12404 2085 3299
f 6197 2086 5361
f 8304 5361 2086
f 6197 12709 2086
f 8304 2086 9588
f 8429 9588 2086
f 8429 2086 12709
f 2900 9406 2087
f 2087 7421 7420
f 9396 2087 7420
f 2087 9411 7421
f 2087 9406 9411
f 2088 2089 7737
f 2088 7841 2089
f 7425 2088 7422
f 7422 2088 7737
f 7430 2088 7425
f 7430 7841 2088
f 7427 2089 7428
f 7427 7821 2089
f 7428 2089 7841
f 7737 2089 7821
f 2090 7476 7475
f 7475 8870 2090
f 2090 12754 7476
f 2090 8870 8872
f 2090 8872 12638
f 2090 12638 12754
f 5110 2091 2095
f 5277 2095 2091
f 5110 12897 2091
f 7433 2093 2092
f 7447 2092 2093
f 7435 7433 2092
f 7435 2092 7441
f 7441 2092 7442
f 7442 2092 7444
f 7444 2092 7447
f 7433 7437 2093
f 7437 7439 2093
f 7439 7446 2093
f 7446 7447 2093
f 6409 2094 6421
f 7444 6421 2094
f 7440 7442 2094
f 7442 7444 2094
f 5110 2095 12929
f 5277 13035 2095
f 2095 12969 12929
f 13035 12969 2095
f 5210 5225 2096
f 6197 5210 2096
f 13035 2096 5225
f 6197 2096 12709
f 13035 12709 2096
f 2097 4314 4316
f 2097 6973 4314
f 2097 4316 6979
f 2097 6972 6971
f 2097 6971 6973
f 2097 6978 6972
f 2097 6979 6978
f 6692 7655 2098
f 6692 2098 10038
f 2098 7455 7453
f 2098 7453 10039
f 2098 7655 7455
f 2098 10039 10038
f 2099 7452 7451
f 2099 7451 7759
f 2099 7454 7452
f 2099 10032 7454
f 2099 7759 7761
f 2099 7761 10032
f 7283 2100 7284
f 7283 12638 2100
f 7457 7284 2100
f 7457 2100 12640
f 12638 12639 2100
f 2100 12639 12640
f 7457 2101 7456
f 7460 7456 2101
f 7459 2101 7457
f 7463 2101 7459
f 7463 7460 2101
f 7463 7459 2102
f 7464 2102 7459
f 7463 2102 7462
f 7462 2102 7651
f 7464 7653 2102
f 2102 7652 7651
f 2102 7653 7652
f 7467 2103 7465
f 7468 7465 2103
f 7467 10981 2103
f 7469 7468 2103
f 7610 7469 2103
f 7610 2103 10981
f 2104 2160 4774
f 7470 2160 2104
f 2104 4774 4775
f 7466 2104 4775
f 7466 7465 2104
f 7470 2104 7465
f 2105 6712 5165
f 7471 2105 5165
f 7471 7473 2105
f 12752 2105 7473
f 2106 5163 5162
f 2106 5162 5165
f 2106 6710 5163
f 2106 5165 6712
f 2106 6712 6710
f 2107 3413 7477
f 2107 10203 3413
f 2107 7474 10203
f 2107 12641 7474
f 2107 7477 10893
f 2107 10893 12641
f 7278 2108 7277
f 2108 7295 7277
f 7482 7295 2108
f 7482 2108 7483
f 2108 8032 7483
f 2109 6066 6065
f 7481 2109 6065
f 7484 6066 2109
f 7481 7483 2109
f 2109 7483 7488
f 7484 2109 7486
f 2109 7488 7486
f 2110 7486 7488
f 2110 7489 7486
f 2110 7488 8032
f 2110 7493 7489
f 2110 8032 8047
f 2111 6089 2112
f 2111 7491 6089
f 2111 8078 7491
f 2111 8047 8078
f 2112 2331 7492
f 2112 12966 2331
f 6089 12966 2112
f 2113 12354 10798
f 9252 2114 4754
f 2114 12562 4754
f 5499 2114 9172
f 5499 12562 2114
f 9251 9172 2114
f 9252 9251 2114
f 6004 2115 6001
f 6005 6001 2115
f 7496 2115 6004
f 6005 2115 7500
f 7496 7497 2115
f 7500 2115 7497
f 7503 2116 7501
f 2116 9382 7501
f 2116 7503 9348
f 9348 12645 2116
f 9382 2116 12645
f 7502 2117 7503
f 12112 2117 7502
f 9273 7503 2117
f 9272 9271 2117
f 9271 9273 2117
f 12112 9272 2117
f 2118 2429 6406
f 2429 2118 10568
f 6408 2118 6406
f 7720 2118 6408
f 2118 7720 12385
f 10568 2118 12385
f 5897 2120 2119
f 7504 2119 2120
f 2119 7720 5897
f 7505 2119 7504
f 7720 2119 7505
f 5895 2120 5897
f 5895 6623 2120
f 2120 6623 6622
f 7504 2120 6622
f 2121 6621 6620
f 2121 6620 6623
f 7511 6621 2121
f 7508 2121 6623
f 7509 2121 7508
f 7511 2121 7509
f 2123 2122 5898
f 7513 2122 2123
f 2122 7509 5898
f 7510 7509 2122
f 7516 7510 2122
f 7516 2122 7513
f 2123 5898 6412
f 2123 6411 6410
f 7512 2123 6410
f 2123 6412 6411
f 7513 2123 7512
f 7429 2124 2125
f 7511 2125 2124
f 7511 2124 6621
f 7429 7425 2124
f 7515 7429 2125
f 7511 7510 2125
f 7510 8094 2125
f 7515 2125 8094
f 2126 7524 7523
f 2126 7523 8393
f 2126 7536 7524
f 2126 7534 7536
f 2126 8391 7534
f 2126 8393 8391
f 6850 6852 2127
f 6850 2127 7527
f 6852 8392 2127
f 2127 7523 7525
f 2127 8392 7523
f 2127 7525 7527
f 2128 7525 7524
f 2128 7524 8315
f 2128 8408 7525
f 2128 8315 8335
f 2128 8335 8408
f 7528 2129 2131
f 2131 2129 8408
f 7527 7525 2129
f 2129 7525 8408
f 7530 7527 2129
f 7528 7530 2129
f 6851 6850 2130
f 6850 7530 2130
f 6851 2130 12835
f 2130 7530 7529
f 12834 2130 7529
f 12835 2130 12834
f 7528 2131 7532
f 7532 2131 8674
f 2131 8408 8595
f 8674 2131 8595
f 2152 13303 2132
f 13253 2132 13264
f 13264 2132 13303
f 2133 7536 7535
f 2133 7535 7537
f 2133 8315 7536
f 2133 7537 7538
f 2133 7538 8296
f 2133 8296 8315
f 2134 7547 7546
f 2134 7546 7566
f 2134 7564 7547
f 7569 7564 2134
f 7568 2134 7566
f 7568 7569 2134
f 2137 7549 2135
f 2137 2135 9233
f 2135 7549 7548
f 2135 7548 8778
f 2135 8778 9018
f 2135 9018 9233
f 2136 7550 7542
f 2136 7548 7549
f 2136 7549 7555
f 2136 7554 7550
f 2136 7555 7554
f 2137 7555 7549
f 2137 7557 7555
f 2137 8179 7557
f 2137 9233 8179
f 7900 7551 2138
f 7572 2138 7571
f 2139 7559 7563
f 2139 7573 7559
f 7575 2139 7563
f 7572 7573 2139
f 7572 2139 7574
f 7574 2139 7575
f 2140 7538 7541
f 2140 8291 7538
f 2140 7541 7561
f 2140 7561 7560
f 8248 2140 7560
f 8248 8291 2140
f 5645 2141 5638
f 12795 5638 2141
f 7563 2141 5645
f 7562 7096 2141
f 12795 2141 7096
f 7562 2141 7563
f 2142 7547 7531
f 8674 2142 7531
f 2142 8778 7547
f 8674 8685 2142
f 2142 8685 9018
f 2142 9018 8778
f 7572 7571 2143
f 2143 7571 8179
f 7572 2143 7573
f 2143 8248 7573
f 2143 8179 8180
f 2143 8180 8248
f 7583 5097 2144
f 2144 5097 12746
f 2144 7580 7585
f 2144 12748 7580
f 7583 2144 7585
f 2144 12746 12748
f 4974 2145 8294
f 4974 12703 2145
f 7586 7585 2145
f 2145 7585 8295
f 7586 2145 12703
f 2145 8295 8294
f 7608 2146 5100
f 7607 2146 7608
f 7607 9583 2146
f 12747 2146 9583
f 7588 5528 2147
f 7970 2147 5528
f 7588 2147 10655
f 7590 2147 7970
f 7590 13036 2147
f 13036 10655 2147
f 2148 7591 7592
f 12744 7591 2148
f 2148 7592 7593
f 2148 7593 7595
f 12744 2148 7595
f 2149 7593 7592
f 12742 2149 12740
f 2150 7595 7594
f 2150 7594 8502
f 8607 7595 2150
f 2150 8502 8608
f 8605 8607 2150
f 8605 2150 8608
f 8606 2151 8607
f 8606 8632 2151
f 12744 8607 2151
f 8631 2151 8632
f 12745 2151 8631
f 12745 12744 2151
f 5360 13305 2152
f 5360 2152 13376
f 13305 13303 2152
f 2153 5159 7598
f 13037 5159 2153
f 11041 2153 7598
f 11041 11058 2153
f 11057 2153 11058
f 13037 2153 11057
f 5092 4709 2154
f 2154 4709 5718
f 5102 5092 2154
f 5103 5102 2154
f 5104 5103 2154
f 5104 2154 5718
f 2155 2165 4599
f 2155 6930 2165
f 2156 5069 5068
f 11049 2156 5068
f 12735 5069 2156
f 7606 7605 2156
f 12735 2156 7605
f 11049 7606 2156
f 2868 3319 2157
f 2868 2157 9335
f 2157 3319 4470
f 12394 2157 4470
f 12394 9335 2157
f 7716 2158 7715
f 2158 7717 7715
f 7716 9548 2158
f 11098 2158 9548
f 4775 2159 7616
f 4775 7623 2159
f 11093 7616 2159
f 7623 7622 2159
f 7823 2159 7622
f 7677 2159 7823
f 7677 11093 2159
f 2160 7617 4774
f 7470 12941 2160
f 2161 8469 7620
f 10931 2161 7620
f 7773 7622 2161
f 10971 2161 7622
f 10931 7773 2161
f 10971 8469 2161
f 7618 7617 2162
f 7617 13057 2162
f 10971 7618 2162
f 7625 8469 2162
f 10971 2162 8469
f 2163 4928 7627
f 8366 4928 2163
f 8848 2163 7627
f 8847 8366 2163
f 8848 8847 2163
f 7628 4318 2164
f 7632 2164 4318
f 7629 7628 2164
f 7629 2164 9327
f 7632 7631 2164
f 9327 2164 7631
f 4599 2165 4600
f 7633 2166 7631
f 9310 7631 2166
f 7633 7634 2166
f 7634 7651 2166
f 2166 7651 7650
f 9310 2166 7650
f 7641 2167 7645
f 7641 10882 2167
f 2167 7646 7645
f 2167 7647 7646
f 9310 7647 2167
f 9310 2167 10882
f 2168 4427 4426
f 2168 4426 13070
f 7649 4427 2168
f 2168 7643 7642
f 7649 2168 7642
f 2168 13070 7643
f 2169 4633 3763
f 6081 2169 3763
f 2169 4683 4633
f 10773 4683 2169
f 10774 2169 6081
f 10773 2169 10774
f 7656 7658 2170
f 7656 2170 7661
f 7658 7664 2170
f 7659 7661 2170
f 7659 2170 7663
f 7663 2170 7664
f 6764 6763 2171
f 7403 2171 6763
f 7664 6764 2171
f 7404 2171 7403
f 7404 7662 2171
f 7662 7664 2171
f 4133 7665 2172
f 2172 7838 4133
f 7665 4141 2172
f 4141 9438 2172
f 4140 4141 2173
f 4140 2173 6900
f 7666 2173 4141
f 7662 6900 2173
f 7662 2173 7663
f 7663 2173 7666
f 7264 2181 2174
f 7677 2174 2181
f 2174 5070 5069
f 7269 2174 5069
f 7823 5070 2174
f 7264 2174 7269
f 7677 7823 2174
f 5379 7667 2175
f 13036 5379 2175
f 2175 7667 10659
f 7765 2175 8062
f 7765 13036 2175
f 2175 10659 8062
f 3864 3863 2176
f 3863 11978 2176
f 3864 2176 11981
f 2176 11978 4649
f 2176 4649 11981
f 7241 2177 4351
f 2177 10659 4351
f 7240 2177 7241
f 10641 2177 7240
f 10641 10640 2177
f 2177 10640 10659
f 2178 7674 4347
f 2178 4347 10865
f 7589 2178 5377
f 5377 2178 7668
f 7589 13034 2178
f 2178 10865 7668
f 13034 7674 2178
f 2179 4347 7673
f 2179 10865 4347
f 7670 2179 7672
f 7670 11140 2179
f 2179 7673 7672
f 2179 11140 10865
f 2180 5415 5417
f 2180 7674 5415
f 5419 2180 5417
f 5419 7675 2180
f 2180 10841 7674
f 2180 7675 10841
f 7262 2181 7263
f 7262 11093 2181
f 7263 2181 7264
f 7677 2181 11093
f 2182 7680 7679
f 12091 2182 7679
f 2182 13110 7680
f 12091 12090 2182
f 12090 13111 2182
f 2182 13111 13110
f 2183 7678 7680
f 2183 7690 7678
f 12078 2183 7680
f 2183 7691 7690
f 12078 7691 2183
f 2184 7679 7678
f 2184 7678 9376
f 2184 7681 7679
f 2184 7682 7681
f 2184 7683 7682
f 2184 9380 7683
f 2184 9376 9380
f 2185 2186 7682
f 2185 12084 2186
f 7684 2185 7682
f 12096 2185 7684
f 13109 12084 2185
f 12096 12095 2185
f 12095 13109 2185
f 2186 7681 7682
f 12091 7681 2186
f 12083 2186 12084
f 12091 2186 12083
f 7684 7683 2187
f 9423 2187 7683
f 7684 2187 7689
f 7687 2187 7685
f 9423 7685 2187
f 7687 7689 2187
f 7686 7685 2188
f 2188 7685 9010
f 7686 2188 13103
f 10812 2188 9010
f 11225 2188 10812
f 11225 13104 2188
f 13103 2188 13104
f 7688 2189 7689
f 7688 13102 2189
f 12096 7689 2189
f 12093 12092 2189
f 12092 12096 2189
f 12093 2189 13102
f 3590 11216 2190
f 3590 2190 12572
f 2190 7692 12572
f 11219 7696 2190
f 11219 2190 11216
f 2191 3090 7694
f 11227 3090 2191
f 2191 7694 7696
f 2191 7696 11219
f 2191 11219 13279
f 11227 2191 13279
f 3252 2192 7698
f 10322 2192 3252
f 7698 2192 7697
f 7700 7697 2192
f 7699 7700 2192
f 7699 2192 10322
f 7699 2193 7700
f 7699 7702 2193
f 7700 2193 12733
f 7702 10797 2193
f 10797 12733 2193
f 7699 2194 7702
f 7699 10322 2194
f 7701 7702 2194
f 7701 2194 7704
f 7704 2194 12444
f 10321 2194 10322
f 10321 12444 2194
f 5537 2195 6049
f 5537 12733 2195
f 7706 6049 2195
f 7706 2195 7707
f 10797 7707 2195
f 10797 2195 12733
f 3888 2196 11115
f 11919 2196 3888
f 7708 2196 7709
f 7708 11115 2196
f 2196 13039 7709
f 11919 13039 2196
f 2197 7248 7247
f 2197 7247 7712
f 2197 7759 7248
f 2197 7712 11115
f 2197 7760 7759
f 2197 11115 7760
f 5784 5783 2198
f 12730 5784 2198
f 12730 2198 7714
f 2198 12731 7714
f 2199 6265 6264
f 7716 2199 6264
f 2199 12941 6265
f 7716 12050 2199
f 7723 7725 2200
f 7723 2200 8416
f 7725 7726 2200
f 7726 8418 2200
f 2200 8417 8416
f 2200 8418 8417
f 2201 4714 4536
f 5588 4714 2201
f 5588 2201 12945
f 2202 7728 7723
f 2202 7723 8416
f 2202 7727 7728
f 2202 7730 7727
f 2202 12691 7730
f 2202 8416 12691
f 2203 7735 3880
f 12033 2203 3880
f 2203 7731 7733
f 12033 7731 2203
f 2203 7733 7735
f 2204 7733 7731
f 2204 7734 7733
f 12037 7734 2204
f 2204 7745 7834
f 12037 2204 7834
f 2205 7734 3882
f 2205 3882 7877
f 2205 7733 7734
f 2205 7735 7733
f 12038 7735 2205
f 12038 2205 7877
f 12039 3716 2206
f 12034 3880 2206
f 12039 2206 3880
f 2207 7740 7739
f 2207 7739 9306
f 2207 9305 7740
f 7739 7740 2208
f 7739 2208 7741
f 7740 8703 2208
f 2208 7742 7741
f 2208 7746 7742
f 8703 7746 2208
f 2209 7743 7742
f 2209 7742 12729
f 9457 7743 2209
f 9455 9457 2209
f 9455 2209 9458
f 9458 2209 12728
f 2209 12729 12728
f 2210 7747 7749
f 2210 12430 7747
f 2210 7749 7751
f 2210 7751 9361
f 2210 9361 9360
f 2210 9360 12430
f 2211 7750 6430
f 2211 6430 9356
f 2211 7749 7750
f 2211 7751 7749
f 2211 9358 7751
f 2211 9356 9358
f 2212 7749 7748
f 2212 7748 7752
f 2212 7750 7749
f 9458 7750 2212
f 2212 7752 7753
f 2212 7753 8662
f 9458 2212 8662
f 7748 7747 2213
f 7747 12429 2213
f 10354 7748 2213
f 10353 10354 2213
f 10353 2213 10355
f 10355 2213 12429
f 6889 6888 2214
f 2214 6888 7201
f 6889 2214 6981
f 2214 7201 6980
f 7758 2214 6980
f 7758 6981 2214
f 7756 6981 2215
f 7758 2215 6981
f 11018 7199 2215
f 12027 2215 7199
f 12027 7756 2215
f 11018 2215 7758
f 6889 2216 6887
f 11686 6887 2216
f 6889 7755 2216
f 12026 2216 7755
f 7837 11686 2216
f 12026 7837 2216
f 7762 2217 13278
f 7764 11245 2217
f 11244 2217 11245
f 11244 13278 2217
f 2218 7558 7763
f 2218 11237 7558
f 2218 7763 7762
f 2218 7762 11238
f 2218 11238 11237
f 2219 7786 7764
f 9706 9582 2219
f 2220 7774 7771
f 2220 7775 7774
f 2220 11997 7775
f 2220 11996 11997
f 2221 7767 7769
f 7781 7767 2221
f 2221 7769 7770
f 2221 7770 10750
f 7781 2221 7777
f 2221 10750 7777
f 2222 7783 7145
f 2222 7145 11988
f 2222 7784 7783
f 2222 11986 7784
f 2222 11987 11986
f 2222 11988 11987
f 2223 7772 9582
f 2223 7774 7776
f 9686 7774 2223
f 2223 7776 11992
f 9686 2223 9582
f 2224 7770 7771
f 2224 10750 7770
f 9686 2224 7771
f 9706 7779 2224
f 2224 7779 10750
f 9706 2224 9686
f 2225 7778 7558
f 2225 7558 11241
f 2225 7777 7778
f 7780 7777 2225
f 11240 7780 2225
f 11240 2225 11241
f 5903 2226 12063
f 11862 2226 7205
f 2227 7784 3867
f 2227 3867 13103
f 2227 7782 7784
f 2227 7785 7782
f 2227 13103 7785
f 2228 7787 7789
f 2228 9553 7787
f 2228 7789 8953
f 2228 8953 8952
f 2228 8952 12476
f 2228 12476 9553
f 7797 2229 8477
f 7797 10695 2229
f 8477 2229 8325
f 2229 9555 8325
f 2234 2230 7788
f 2234 10637 2230
f 7789 7788 2230
f 7789 2230 7792
f 7792 2230 7790
f 2230 10637 7790
f 2231 2232 7794
f 2231 11938 2232
f 7796 2231 7794
f 7796 9568 2231
f 2231 9568 13159
f 2231 13159 11938
f 7794 2232 7793
f 11937 7793 2232
f 11937 2232 11936
f 11938 11936 2232
f 2233 7794 7795
f 7796 7794 2233
f 10695 2233 7795
f 9565 7796 2233
f 9566 2233 7797
f 7797 2233 10695
f 9566 9565 2233
f 7795 2234 7788
f 7795 7793 2234
f 7800 2234 7793
f 7800 10637 2234
f 2235 3761 5490
f 5488 2235 5490
f 5489 6603 2235
f 3291 10412 2236
f 3291 2236 12417
f 10413 7803 2236
f 7803 12416 2236
f 10413 2236 10412
f 2236 12416 12417
f 5576 2237 5158
f 2237 12256 5158
f 5576 5160 2237
f 11917 2237 5160
f 12060 2237 11917
f 12060 12256 2237
f 7347 11038 2238
f 7965 2238 11038
f 2239 7812 7811
f 7825 2239 7811
f 9720 7812 2239
f 7827 2239 7825
f 7828 2239 7827
f 9720 2239 7828
f 7820 3842 2240
f 2240 3842 12793
f 2240 7810 7812
f 2240 12793 7810
f 10580 2240 7812
f 10580 7820 2240
f 2241 11897 3838
f 2241 3838 13172
f 10581 2241 7813
f 2241 13171 7813
f 10581 11897 2241
f 2241 13172 13171
f 2242 11895 3836
f 13165 2242 3836
f 7815 7814 2242
f 7814 11895 2242
f 7815 2242 10615
f 13165 10615 2242
f 2243 7811 7810
f 2243 7810 12792
f 7824 7811 2243
f 7824 2243 9786
f 2243 9784 9786
f 2243 12792 9784
f 2244 9786 3050
f 2244 3050 9787
f 2244 7825 7824
f 2244 7824 9786
f 2244 7826 7825
f 2244 9788 7826
f 2244 9787 9788
f 2245 7827 7826
f 2245 7826 13462
f 7829 7827 2245
f 7830 7829 2245
f 7830 2245 9793
f 2245 13462 9793
f 2246 7222 7831
f 2246 11142 7222
f 2246 7831 7830
f 2246 7830 9794
f 9800 2246 9794
f 9800 11142 2246
f 7816 7815 2247
f 10580 2247 7815
f 7817 7816 2247
f 7832 7817 2247
f 9720 7832 2247
f 10580 9720 2247
f 7817 2248 7818
f 7833 2248 7817
f 2248 11897 7818
f 2248 11898 11897
f 2248 12780 11898
f 6926 2249 6927
f 6926 7836 2249
f 7807 6927 2249
f 7808 7807 2249
f 8735 7808 2249
f 8735 2249 7836
f 2251 4134 4133
f 2251 4133 7838
f 2251 4135 4134
f 12026 4135 2251
f 7837 2251 7838
f 12026 2251 7837
f 8865 2252 3210
f 10226 3210 2252
f 5201 2252 7845
f 5201 8306 2252
f 8865 7845 2252
f 10228 2252 8306
f 10228 10226 2252
f 5065 5064 2253
f 8869 2253 5064
f 5066 5065 2253
f 8865 5066 2253
f 8865 2253 7844
f 8869 7844 2253
f 2254 7117 3009
f 9781 2254 3009
f 7850 2255 7846
f 7846 2255 7862
f 7852 2255 7850
f 7852 7851 2255
f 2255 7851 7863
f 7862 2255 7863
f 2256 9830 7857
f 2256 7857 11668
f 2256 7860 7866
f 2256 11668 7860
f 2256 7866 7865
f 2256 7865 9830
f 7869 2259 2257
f 2259 9983 2257
f 7867 2257 7865
f 2257 9853 7865
f 7869 2257 7867
f 2257 9983 9853
f 11361 2258 2346
f 2346 2258 13179
f 7869 7868 2258
f 13179 2258 7868
f 7870 7869 2258
f 7870 2258 11841
f 11361 11841 2258
f 2259 7864 7863
f 2259 7863 9983
f 7872 7864 2259
f 7870 2259 7869
f 7872 2259 7870
f 7873 2260 2261
f 2260 11838 2261
f 7872 2260 7871
f 7873 7871 2260
f 7872 11839 2260
f 11838 2260 11839
f 2261 11352 3812
f 11830 2261 3812
f 11829 7873 2261
f 2261 11838 11352
f 11829 2261 11830
f 7874 7875 2262
f 7874 2262 11456
f 7875 12723 2262
f 11457 11456 2262
f 11460 11457 2262
f 12723 11460 2262
f 7235 2263 7236
f 7235 7239 2263
f 7236 2263 8053
f 7874 2263 7239
f 7874 8055 2263
f 8053 2263 8054
f 2263 8055 8054
f 2264 3027 7877
f 9994 3027 2264
f 7876 2264 7878
f 7876 7879 2264
f 2264 7877 7878
f 7879 9994 2264
f 2265 7884 3800
f 2265 3800 11796
f 2265 7885 7884
f 7886 7885 2265
f 7886 2265 9995
f 2265 9994 9995
f 2265 11796 9994
f 7879 7880 2266
f 7879 2266 9995
f 7880 7916 2266
f 7916 11700 2266
f 2266 11699 9995
f 2266 11700 11699
f 2267 2282 4787
f 6496 2267 4786
f 4609 7889 2268
f 11918 5160 2268
f 7889 7891 2268
f 7891 11918 2268
f 4609 4608 2269
f 4608 7625 2269
f 4609 2269 7889
f 7625 9353 2269
f 7890 7889 2269
f 7890 2269 9353
f 7375 7374 2270
f 7376 7375 2270
f 7377 7376 2270
f 7377 2270 12717
f 7893 12717 2270
f 5022 2271 5023
f 5022 7896 2271
f 12716 5023 2271
f 7895 2271 7896
f 7895 12714 2271
f 12714 12716 2271
f 2272 2651 2273
f 2272 2273 7899
f 2272 7899 7898
f 2272 7898 12675
f 2272 12675 12665
f 2273 2651 8759
f 2273 7901 7899
f 2273 8759 7901
f 2274 7903 7904
f 2274 7904 12719
f 7905 7906 2274
f 7905 2274 12719
f 2275 7903 7902
f 7909 2275 7902
f 2275 7904 7903
f 2275 12720 7904
f 7909 7908 2275
f 7908 12721 2275
f 2275 12721 12720
f 7910 7909 2276
f 7909 8758 2276
f 7911 7910 2276
f 7911 2276 8757
f 2276 8756 8757
f 2276 8758 8756
f 2277 5123 5122
f 7912 2277 5122
f 2277 12648 5123
f 7912 7911 2277
f 7911 12649 2277
f 2277 12649 12648
f 3803 2279 2278
f 7915 2278 2279
f 7880 3803 2278
f 7880 2278 7916
f 7915 7917 2278
f 7916 2278 7917
f 11808 2279 3803
f 7915 2279 7919
f 7919 2279 11704
f 11808 11704 2279
f 3222 2280 4785
f 4165 6662 2280
f 4796 4785 2280
f 6662 4796 2280
f 7916 7917 2281
f 7916 2281 11700
f 10861 2281 7917
f 10860 10859 2281
f 10859 11698 2281
f 10861 10860 2281
f 2281 11698 11700
f 2369 4788 2282
f 2380 4787 2282
f 2380 2282 4788
f 2285 2283 7925
f 2285 7951 2283
f 2283 7211 7924
f 2283 12776 7211
f 2283 7924 7925
f 2283 7951 11907
f 2283 11907 12776
f 2295 2284 7947
f 2295 10227 2284
f 7926 2284 7927
f 7926 7947 2284
f 7927 2284 10117
f 2284 10227 10117
f 7927 2285 7925
f 7927 7952 2285
f 10443 7951 2285
f 7952 10443 2285
f 2286 7929 7928
f 2286 7928 7934
f 11659 7929 2286
f 11656 2286 7934
f 11656 11657 2286
f 11657 11659 2286
f 2287 7929 3418
f 2287 3418 13207
f 2287 7930 7929
f 11654 7930 2287
f 11654 2287 11647
f 2287 13207 11647
f 2288 7928 7930
f 2288 7933 7928
f 2288 7930 7955
f 2288 7931 7933
f 2288 10481 7931
f 7955 7954 2288
f 2288 7954 10481
f 2289 5678 7931
f 2289 10181 5678
f 2289 7931 10443
f 2289 7952 10117
f 2289 10443 7952
f 2289 10117 10181
f 2290 7937 8000
f 2290 10448 7937
f 2290 8000 13203
f 2290 13202 10448
f 2290 13201 13202
f 2290 13203 13201
f 2291 7933 7932
f 7935 2291 7932
f 2291 7934 7933
f 11655 7934 2291
f 7935 11655 2291
f 2292 5682 7940
f 2292 10220 5682
f 2292 7940 7937
f 2292 7937 10448
f 2292 10478 10220
f 2292 10448 10478
f 2293 7938 7940
f 2293 13200 7938
f 2293 7940 7945
f 2293 7945 7944
f 2293 7944 10343
f 2293 10343 10342
f 2293 10342 13200
f 2294 7945 5682
f 2294 5682 10181
f 2294 7942 7946
f 2294 10227 7942
f 2294 7946 7945
f 2294 10181 10227
f 2295 7943 7942
f 2295 7942 10227
f 2295 7950 7943
f 2295 7947 7950
f 2296 7956 7955
f 11654 2296 7955
f 2296 13176 7956
f 11653 2296 11646
f 11654 11646 2296
f 11653 13176 2296
f 2297 7951 10481
f 2297 11907 7951
f 2297 7954 7956
f 2297 10481 7954
f 2297 7956 11902
f 2297 11902 11901
f 2297 11901 11907
f 2299 7959 2298
f 12567 2299 2298
f 2298 9634 2986
f 2298 2986 12568
f 2298 7959 9634
f 12567 2298 12568
f 2304 7960 2299
f 12075 2304 2299
f 2299 7960 7959
f 12075 2299 12567
f 2300 7961 7960
f 2300 7960 7967
f 2300 7962 7961
f 2300 7966 7962
f 2300 7967 7966
f 2302 7963 2301
f 2302 2301 7976
f 2301 7963 7962
f 2301 7962 10575
f 2301 10705 7976
f 2301 10575 10705
f 2308 2302 7974
f 2308 9636 2302
f 2302 9636 7963
f 2302 7976 7974
f 7966 7971 2303
f 7966 2303 10575
f 2303 7971 7981
f 2303 7981 7980
f 10423 2303 7980
f 10423 10575 2303
f 2304 7967 7960
f 2304 7968 7967
f 2304 12074 7968
f 12075 12074 2304
f 11576 2305 3727
f 2305 13114 3727
f 2305 7969 7968
f 7968 12074 2305
f 11576 7969 2305
f 2305 12074 13114
f 2306 2311 7981
f 11582 2311 2306
f 11582 2306 7969
f 2306 7981 7971
f 7972 6301 2307
f 6457 7973 2307
f 2308 7973 2985
f 2308 2985 9628
f 2308 7974 7973
f 2308 9628 9636
f 7976 2309 7975
f 10251 7975 2309
f 10705 2309 7976
f 10270 10251 2309
f 9643 2310 2320
f 7977 2310 7978
f 7977 7995 2310
f 9643 7978 2310
f 2311 7982 7981
f 2311 7983 7982
f 11581 7983 2311
f 11581 2311 11582
f 2312 7982 7983
f 2312 7984 7982
f 13219 2312 7983
f 2312 7985 7984
f 13219 7985 2312
f 2313 7984 7985
f 2313 7985 11590
f 7990 2313 11591
f 2313 11590 11591
f 3734 2315 2314
f 7991 2314 2315
f 3739 11611 2315
f 7991 2315 11611
f 7991 2316 7992
f 7991 11611 2316
f 7992 2316 10366
f 10366 2316 11614
f 7988 7993 2317
f 10270 7988 2317
f 7993 7997 2317
f 7995 2317 7997
f 10251 2317 7995
f 10270 2317 10251
f 7996 7997 2318
f 7996 2318 13210
f 7997 10366 2318
f 10366 11614 2318
f 13210 2318 11614
f 9638 2320 2319
f 9638 2319 2987
f 2987 2319 13209
f 7996 13210 2319
f 13209 2319 13210
f 5149 2321 5150
f 10680 2321 5149
f 2321 8003 5150
f 2321 8004 8003
f 10679 8004 2321
f 10680 10679 2321
f 2322 5032 7958
f 2322 8006 5032
f 12713 2322 7958
f 2322 8003 8002
f 2322 8002 8006
f 12713 8003 2322
f 2323 4423 4422
f 2323 4422 12365
f 2323 8004 4423
f 2323 8002 8004
f 2323 8005 8002
f 2323 12365 8005
f 2710 4017 2324
f 2710 2324 12195
f 2324 4017 4874
f 12195 2324 4179
f 12196 4179 2324
f 12196 2324 4874
f 2327 2325 8010
f 8011 2325 2327
f 8009 8008 2325
f 8008 8010 2325
f 8011 8009 2325
f 4684 2326 8014
f 4684 13198 2326
f 8014 2326 8011
f 8011 2326 8695
f 2326 8724 8695
f 13198 8724 2326
f 3717 8014 2327
f 3717 2327 11554
f 11554 2327 8010
f 8014 8011 2327
f 8015 8017 2328
f 8690 8015 2328
f 2328 8017 12681
f 8688 8690 2328
f 8688 2328 12680
f 2328 12681 12680
f 2329 9341 9342
f 2329 9343 9341
f 2329 9342 12682
f 2329 12682 12681
f 8015 2330 8017
f 2330 8016 8017
f 2330 9443 8016
f 9445 9443 2330
f 9445 2330 9444
f 2331 11706 7492
f 8020 8019 2331
f 8019 11706 2331
f 8020 2331 12966
f 8021 7979 2332
f 2332 7979 11707
f 8022 2332 8019
f 8019 2332 11706
f 8022 8021 2332
f 2332 11707 11706
f 8023 2333 8021
f 8021 2333 11478
f 8023 11483 2333
f 11482 11478 2333
f 11482 2333 11481
f 11481 2333 11483
f 7858 2334 12966
f 13233 2334 7858
f 8020 2334 8018
f 8018 2334 10765
f 8020 12966 2334
f 8028 10765 2334
f 13233 8028 2334
f 2335 8026 8027
f 8029 2335 8027
f 13232 2335 8029
f 11484 2335 13232
f 8031 2336 2337
f 2336 8036 2337
f 12534 2336 8031
f 2336 9579 8036
f 9581 9579 2336
f 9581 2336 12534
f 8034 8031 2337
f 8034 2337 8033
f 2337 8035 8033
f 2337 8036 8035
f 2338 9345 7407
f 2338 7407 12710
f 2338 8035 8037
f 2338 12710 8035
f 2338 8037 8039
f 2338 8039 9345
f 2339 8037 8036
f 9579 2339 8036
f 2339 8038 8037
f 2339 12532 8038
f 9580 2339 9579
f 9580 12532 2339
f 2340 8040 8042
f 10769 8040 2340
f 2340 8042 13233
f 10890 2340 8046
f 2340 13233 8046
f 10890 10769 2340
f 5977 2341 2374
f 6091 2342 8045
f 2342 8046 8045
f 10890 8046 2342
f 10890 2342 8048
f 2343 8041 8040
f 2343 8040 8057
f 11453 8041 2343
f 2343 8057 8058
f 2343 8058 8060
f 11453 2343 8060
f 2344 8054 8055
f 2344 8056 8054
f 2344 8055 11458
f 2344 8058 8056
f 2344 8059 8058
f 2344 11458 8059
f 7435 7432 2345
f 7432 9379 2345
f 7435 2345 7433
f 7436 7433 2345
f 7436 2345 8061
f 8061 2345 9379
f 2348 2346 8063
f 2348 11362 2346
f 2346 13179 8063
f 2346 11362 11361
f 8064 2347 7936
f 2347 13178 7936
f 8066 8063 2347
f 2347 8063 13179
f 8066 2347 8064
f 2347 13179 13178
f 2348 8063 11014
f 8074 11011 2348
f 8074 2348 11014
f 2348 11011 11362
f 3644 11359 2349
f 3644 2349 11363
f 8069 2349 8049
f 2349 11359 8049
f 8069 8068 2349
f 8068 11363 2349
f 8069 2350 8067
f 8067 2350 11379
f 8069 11011 2350
f 8073 2350 8074
f 8073 11379 2350
f 8074 2350 11011
f 2351 8066 8065
f 8070 2351 8065
f 2351 11014 8066
f 8072 2351 8070
f 8074 2351 8072
f 8074 11014 2351
f 8073 8072 2352
f 8072 11299 2352
f 8073 2352 11378
f 11297 2352 11298
f 11297 11378 2352
f 11298 2352 11299
f 2353 2354 6761
f 2354 2353 6913
f 7220 2353 6761
f 2353 6911 6913
f 2353 7220 6911
f 2354 12862 6761
f 6917 2354 6913
f 7624 2354 6917
f 2354 7624 12863
f 12862 2354 12863
f 2355 7418 4356
f 2355 4356 11385
f 2355 11383 7418
f 2355 8076 8075
f 2355 8075 11383
f 2355 11385 8076
f 2356 8077 8076
f 2356 8076 11386
f 2356 11175 8077
f 2356 8081 8083
f 2356 11386 8081
f 2356 8083 11175
f 2357 8079 8077
f 2357 8077 11175
f 11215 8079 2357
f 2357 11175 11174
f 8089 2358 2361
f 2361 2358 8092
f 8089 8080 2358
f 2358 8080 11215
f 2358 11454 8092
f 2358 11215 11454
f 2359 8083 8084
f 2359 11175 8083
f 2359 8084 8095
f 2359 8095 11129
f 2359 11129 11174
f 2359 11174 11175
f 11302 3621 2360
f 13273 2360 3621
f 8088 2360 8087
f 13273 8087 2360
f 8088 8090 2360
f 8090 11302 2360
f 8089 2361 8088
f 8088 2361 8090
f 8091 8090 2361
f 8091 2361 8092
f 11302 2362 5775
f 5775 2362 13269
f 8091 2362 8090
f 8090 2362 11302
f 8093 2363 2364
f 8101 2364 2363
f 8093 8092 2363
f 8092 11454 2363
f 8101 2363 11537
f 2363 11454 11537
f 2364 8100 2368
f 2364 2368 11321
f 8093 2364 11321
f 8101 8100 2364
f 2365 10352 8082
f 2365 8082 11930
f 2365 8096 8084
f 2365 8084 10352
f 2365 8097 8096
f 2365 11932 8097
f 2365 11930 11932
f 2976 8615 2366
f 13156 2976 2366
f 8097 2366 8098
f 8097 13156 2366
f 8098 2366 9611
f 2366 8615 9611
f 9626 2984 2367
f 13212 2367 2984
f 8104 2367 8099
f 8099 2367 13212
f 8104 9627 2367
f 9626 2367 9627
f 8099 3626 2368
f 2368 3626 11317
f 8100 8099 2368
f 2368 11317 11321
f 2369 6517 4788
f 6540 6517 2369
f 6538 6540 2369
f 8102 2371 2370
f 8105 2370 2371
f 8111 8104 2370
f 8111 2370 8105
f 8102 11088 2371
f 8106 8105 2371
f 8106 2371 11129
f 2371 11088 11129
f 2977 2372 9607
f 2977 12671 2372
f 8109 8108 2372
f 8108 9611 2372
f 8109 2372 12749
f 2372 9611 9607
f 12749 2372 12671
f 2982 2373 13182
f 8110 2373 9621
f 8110 12749 2373
f 12749 13182 2373
f 2692 5978 2374
f 5977 2374 5978
f 2375 8112 8114
f 2375 12602 8112
f 2375 8114 8116
f 2375 8116 8118
f 12604 2375 8118
f 2375 12603 12602
f 12604 12603 2375
f 2376 2720 8983
f 2376 12602 2720
f 2376 8113 8112
f 2376 8112 12602
f 8982 8113 2376
f 8982 2376 8983
f 2381 12705 2377
f 2381 2377 12708
f 2377 8117 8116
f 2377 8116 12708
f 2377 12705 8117
f 2378 8114 8113
f 8121 2378 8113
f 2378 8115 8114
f 8120 8115 2378
f 8119 8120 2378
f 8121 8119 2378
f 8121 2379 8124
f 8121 8982 2379
f 8122 8124 2379
f 8122 2379 8980
f 8980 2379 8981
f 8982 8981 2379
f 2388 2392 2380
f 2577 2388 2380
f 2380 2392 4787
f 2577 2380 6874
f 2380 4788 6874
f 2381 8125 8127
f 2381 12708 8125
f 2381 8127 8128
f 2381 8128 12705
f 2382 8131 8132
f 2382 8133 8131
f 2382 8132 8135
f 2382 11247 8133
f 2382 8135 11247
f 2383 5419 5418
f 2383 5418 12900
f 2383 10819 5419
f 2383 8131 8133
f 2383 12900 8131
f 2383 8133 10819
f 2384 6516 6515
f 2384 6515 8136
f 2384 8132 6516
f 2384 8134 8132
f 2384 10323 8134
f 2384 8136 10323
f 4021 6517 2385
f 4021 2385 9685
f 6540 2385 6517
f 6540 9681 2385
f 9685 2385 9681
f 8143 8142 2386
f 8484 2386 8142
f 13131 8143 2386
f 8484 11990 2386
f 13132 2386 11990
f 13131 2386 13130
f 13130 2386 13132
f 8147 2387 8145
f 8149 8145 2387
f 11110 2387 8147
f 11104 8149 2387
f 11105 11104 2387
f 11110 11105 2387
f 2388 4789 2392
f 2577 4790 2388
f 2602 4789 2388
f 2602 2388 4790
f 8144 8143 2389
f 12000 2389 8143
f 8154 8144 2389
f 8152 2389 8150
f 8150 2389 12000
f 8154 2389 8152
f 8147 8146 2390
f 8154 2390 8146
f 11107 8147 2390
f 8154 8153 2390
f 11108 2390 8153
f 11108 11107 2390
f 8155 8156 2391
f 8155 2391 8157
f 8156 8162 2391
f 8157 2391 11090
f 8159 2391 8161
f 8159 11090 2391
f 2391 8162 8161
f 6899 2392 4789
f 2393 7883 7882
f 2393 7882 7994
f 2393 7884 7883
f 2393 8163 7884
f 2393 7994 8160
f 2393 8160 8162
f 2393 8162 8163
f 2394 8161 8160
f 2394 8160 8164
f 11627 8161 2394
f 2394 8164 8166
f 2394 8166 8173
f 11627 2394 8173
f 12912 3159 2395
f 12914 2395 3159
f 6182 2395 12904
f 12914 12904 2395
f 2396 8907 3546
f 11092 2396 3546
f 2396 8172 8171
f 2396 8171 8912
f 11092 8172 2396
f 2396 8912 8907
f 8171 2397 3548
f 3548 2397 11094
f 8171 8170 2397
f 2397 8170 8173
f 2397 8173 10293
f 2397 10293 11094
f 8178 2399 2398
f 13066 2398 2399
f 8178 2398 8176
f 8176 2398 9492
f 9328 2398 9326
f 13066 9326 2398
f 9328 9492 2398
f 8178 2845 2399
f 12704 2399 2845
f 8182 2399 12704
f 13066 2399 8182
f 2400 4418 5301
f 2400 5753 4418
f 5892 5753 2400
f 2401 8183 8185
f 2401 8195 8183
f 12213 2401 8185
f 8196 8195 2401
f 12272 8196 2401
f 12272 2401 12213
f 2402 8186 8188
f 2402 8192 8186
f 11835 2402 8188
f 2402 8193 8192
f 2402 12008 8193
f 11835 12008 2402
f 8203 2403 8202
f 8202 2403 10986
f 8203 8468 2403
f 2403 8468 10991
f 10990 10986 2403
f 10990 2403 10991
f 8191 2405 2404
f 2405 8201 2404
f 3512 2404 10992
f 3512 13300 2404
f 8191 2404 10977
f 10992 2404 8201
f 2404 13300 10977
f 8193 2409 2405
f 8202 2405 2409
f 8193 2405 8191
f 8202 8201 2405
f 8197 8196 2406
f 12282 2406 8196
f 8207 8197 2406
f 8207 2406 8205
f 8210 8205 2406
f 8210 2406 12282
f 12082 7095 2407
f 12213 2407 7095
f 8199 8198 2407
f 8198 8468 2407
f 12213 8199 2407
f 12082 2407 8468
f 8200 2408 8198
f 8198 2408 10991
f 8200 13298 2408
f 10987 2408 10988
f 10987 10991 2408
f 13298 10988 2408
f 8193 12008 2409
f 8203 8202 2409
f 12082 8203 2409
f 12082 2409 12008
f 8202 2410 8201
f 10992 8201 2410
f 8202 10986 2410
f 2410 10986 10985
f 10993 2410 10985
f 10993 10992 2410
f 8209 2411 8205
f 8205 2411 13243
f 8206 13243 2411
f 8206 2411 13294
f 8208 2411 8209
f 8208 13294 2411
f 8209 2412 2413
f 10976 2413 2412
f 10976 2412 8189
f 11815 8189 2412
f 8209 8210 2412
f 8210 11815 2412
f 8208 8209 2413
f 8208 2413 10469
f 10470 10469 2413
f 10976 10470 2413
f 2414 7208 7088
f 2414 7092 9379
f 7208 2414 7432
f 7432 2414 9379
f 11584 2415 3731
f 13222 3731 2415
f 8212 2415 11589
f 8212 13222 2415
f 11584 11588 2415
f 11588 11589 2415
f 8212 2416 2417
f 8216 2417 2416
f 8215 2416 2418
f 11589 2418 2416
f 8212 11589 2416
f 8216 2416 8215
f 8214 2417 2423
f 12447 2423 2417
f 8214 8212 2417
f 12439 2417 8216
f 12439 12447 2417
f 8217 8215 2418
f 8217 2418 11587
f 11587 2418 11588
f 11588 2418 11589
f 8218 8217 2419
f 8217 13108 2419
f 8218 2419 10945
f 10946 10945 2419
f 13107 10946 2419
f 13107 2419 13108
f 8221 2420 8219
f 8219 2420 8222
f 8221 8230 2420
f 8222 2420 12453
f 2420 8230 8229
f 12453 2420 8229
f 12911 3908 2421
f 3908 13030 2421
f 13030 4402 2421
f 12911 2421 6015
f 8223 8224 2422
f 8223 2422 10903
f 8224 8226 2422
f 8226 8228 2422
f 10904 2422 8228
f 10904 10903 2422
f 8233 8214 2423
f 2423 8229 8231
f 12447 8229 2423
f 8233 2423 8231
f 2424 8231 8230
f 2424 8230 10902
f 2424 8232 8231
f 2424 13311 8232
f 2424 10900 10901
f 2424 10902 10900
f 2424 10901 13311
f 2425 8233 8232
f 2425 8232 10929
f 2425 10933 8233
f 2425 10932 10933
f 8216 8215 2426
f 8218 2426 8215
f 8216 2426 12304
f 8218 8235 2426
f 8234 8225 2426
f 12304 2426 8225
f 8234 2426 8235
f 5755 2427 10944
f 5755 13310 2427
f 8235 2427 8236
f 8235 10945 2427
f 8236 2427 13310
f 10944 2427 10945
f 8226 2428 8227
f 8234 2428 8226
f 2428 10914 8227
f 8234 8236 2428
f 8236 10915 2428
f 2428 10915 10914
f 2429 6405 6406
f 2429 6904 6405
f 2429 6906 6904
f 10568 6906 2429
f 8238 2430 8239
f 10862 2430 8238
f 8239 2430 13189
f 10862 10861 2430
f 10861 11702 2430
f 13189 2430 11702
f 2437 8252 2431
f 10862 8238 2431
f 8256 2431 8252
f 8256 10862 2431
f 8240 2433 2432
f 8243 2432 2433
f 8240 2432 8241
f 8241 2432 8246
f 10815 2432 8243
f 10815 8246 2432
f 8239 2433 8240
f 11472 2433 8239
f 11473 8243 2433
f 11472 11473 2433
f 2434 2458 12910
f 2434 12910 6015
f 2434 6015 12912
f 2438 2435 8245
f 2438 8249 2435
f 8241 8246 2435
f 8241 2435 8249
f 8245 2435 8246
f 8245 8246 2436
f 8245 2436 8247
f 10815 2436 8246
f 10814 8247 2436
f 10814 2436 10810
f 10815 10810 2436
f 2437 8241 8249
f 2437 8249 8251
f 2437 8251 8252
f 7711 2438 8245
f 7711 10273 2438
f 2438 8250 8249
f 2438 10273 8250
f 2439 5723 10821
f 2439 13327 5723
f 2439 8251 8250
f 2439 8250 13327
f 2439 10820 8251
f 2439 10821 10820
f 2989 7710 2440
f 2989 2440 10822
f 7710 8254 2440
f 2440 8254 8253
f 2440 8253 10820
f 2440 10820 10822
f 7710 2441 8254
f 7710 10843 2441
f 8257 8254 2441
f 8257 2441 13323
f 2441 10843 10842
f 2441 10842 13323
f 8260 2442 8258
f 8258 2442 13166
f 8262 2442 8260
f 8262 11910 2442
f 13167 2442 11910
f 13166 2442 13167
f 8259 8258 2443
f 8258 11642 2443
f 8264 8259 2443
f 8264 2443 11641
f 11641 2443 11642
f 2444 2457 8261
f 2444 12624 2457
f 12676 12624 2444
f 12676 2444 12794
f 12685 2445 2449
f 11641 3747 2446
f 2446 3747 11644
f 8264 2446 8266
f 8264 11641 2446
f 2446 11645 8266
f 2446 11644 11645
f 8267 8266 2447
f 2447 8266 13205
f 10727 8267 2447
f 10727 2447 10728
f 2447 13204 10728
f 2447 13205 13204
f 2448 8261 8271
f 8262 2448 11908
f 2448 8271 11909
f 2448 11909 11908
f 8279 2449 8280
f 8279 12685 2449
f 8280 2449 8281
f 8274 2450 8275
f 8274 10727 2450
f 13348 8275 2450
f 10725 2450 10726
f 10725 13348 2450
f 10726 2450 10727
f 8281 2451 2455
f 2451 10739 2455
f 8275 10741 2451
f 2451 10741 10739
f 8277 2452 8283
f 8277 10748 2452
f 10236 8283 2452
f 8285 8286 2452
f 8285 2452 10742
f 10236 2452 8286
f 2452 10748 10742
f 8278 2453 2454
f 8279 2454 2453
f 8277 2453 8278
f 8277 12624 2453
f 12676 8279 2453
f 12676 2453 12624
f 3186 2454 2456
f 8280 2456 2454
f 3186 8278 2454
f 8279 8280 2454
f 8281 2455 8282
f 8282 2455 13343
f 2455 10739 10738
f 2455 10738 13343
f 3186 2456 10745
f 8280 8282 2456
f 8282 10746 2456
f 2456 10746 10745
f 2457 8269 8261
f 10236 8269 2457
f 10236 2457 8283
f 8283 2457 12624
f 12906 3912 2458
f 12908 2458 3912
f 12908 12910 2458
f 4974 4973 2459
f 4974 2459 12703
f 8288 8290 2459
f 8290 12703 2459
f 2460 9474 3425
f 2460 3425 9478
f 2460 8516 9476
f 2460 9478 8516
f 2460 9476 9474
f 8287 2461 8288
f 8287 12686 2461
f 8288 2461 8292
f 8586 8292 2461
f 8588 8586 2461
f 8588 2461 12686
f 2462 3912 4964
f 2462 12908 3912
f 4228 2462 4964
f 4228 5469 2462
f 2462 6087 12908
f 4977 4976 2463
f 4976 8295 2463
f 8309 4977 2463
f 7581 2463 7580
f 7580 2463 8295
f 7581 7582 2463
f 8309 2463 7582
f 3231 2464 2465
f 10687 2465 2464
f 3231 10269 2464
f 10682 2464 10269
f 10681 2464 10682
f 10681 10687 2464
f 3231 2465 8299
f 8299 2465 8305
f 8305 2465 10686
f 10686 2465 10687
f 8025 3397 2466
f 2466 3397 8301
f 10663 8025 2466
f 10665 2466 8301
f 10663 2466 10664
f 10665 10664 2466
f 5197 2467 5195
f 5198 5195 2467
f 5197 12701 2467
f 5198 2467 8309
f 8309 2467 8308
f 12701 8308 2467
f 2468 3350 8310
f 2468 8312 3350
f 2468 8310 8311
f 2468 8311 8337
f 2468 8322 8312
f 2468 8320 8322
f 2468 8337 8320
f 8319 2629 2469
f 8698 2469 2629
f 8318 2469 8317
f 8699 8317 2469
f 8318 8319 2469
f 8699 2469 8698
f 8318 2470 2471
f 8324 2471 2470
f 2470 8317 8316
f 8324 2470 8316
f 8318 8317 2470
f 8326 2783 2471
f 2471 2783 8329
f 8318 2471 8329
f 8326 2471 8324
f 8331 3374 2472
f 8333 2472 3374
f 8330 2472 8328
f 8334 8328 2472
f 8331 2472 8330
f 8334 2472 8333
f 2473 7477 3413
f 2473 3413 10710
f 2473 10891 7477
f 2473 10710 7953
f 13320 2473 7953
f 13320 10891 2473
f 2474 11814 7881
f 2474 7881 13181
f 2474 8311 8310
f 2474 8310 11814
f 2474 8336 8311
f 2474 13181 8336
f 12701 2475 4980
f 8343 2475 8338
f 8338 2475 10173
f 12701 10173 2475
f 8343 8338 2476
f 12420 2476 8338
f 8344 8343 2476
f 8344 2476 10410
f 10410 2476 10411
f 12420 10411 2476
f 8347 10534 2477
f 8347 2477 10729
f 2477 10534 10533
f 2477 10533 13349
f 2477 10730 10729
f 2477 13349 10730
f 2478 8346 8345
f 10732 2478 8345
f 2478 8348 8346
f 2478 13201 8348
f 10732 10731 2478
f 10731 13201 2478
f 2479 8346 2480
f 8354 2479 2480
f 2479 8345 8346
f 2479 8347 8345
f 8347 2479 8353
f 8354 8353 2479
f 2480 8346 10170
f 8354 2480 8355
f 8355 2480 8357
f 8357 2480 10170
f 12513 2481 5111
f 12904 5878 2481
f 6446 2481 12513
f 6446 12905 2481
f 12905 12904 2481
f 8353 2482 8351
f 2482 13358 8351
f 8354 2482 8353
f 8354 8356 2482
f 8356 10539 2482
f 10539 13359 2482
f 13359 13358 2482
f 8352 8351 2483
f 2483 8351 13357
f 8352 2483 10534
f 2483 10535 10534
f 2483 13356 10535
f 2483 13357 13356
f 8357 2485 2484
f 8358 2484 2485
f 8355 2484 2487
f 2484 8360 2487
f 8355 8357 2484
f 8358 8360 2484
f 8357 10544 2485
f 9253 8358 2485
f 10543 9253 2485
f 10543 2485 10544
f 8358 2486 8360
f 8358 10549 2486
f 2486 8361 8360
f 2486 10548 8361
f 2486 10549 10548
f 8355 2487 8356
f 8356 2487 10536
f 2487 8360 8362
f 10536 2487 8362
f 8363 2867 2488
f 8847 2488 2867
f 8363 2488 9351
f 8847 8846 2488
f 8846 9346 2488
f 9351 2488 9346
f 2489 7502 3022
f 8365 2489 3022
f 2489 12456 7502
f 8365 8364 2489
f 8364 9332 2489
f 9332 12456 2489
f 10934 2490 10935
f 10934 10936 2490
f 10938 2490 10936
f 11277 2490 10938
f 2491 10470 10472
f 2491 10476 10470
f 2491 10472 10471
f 2491 10471 10474
f 2491 10474 10475
f 2491 10475 10476
f 2492 10169 8370
f 2492 8370 10482
f 2492 8371 10169
f 2492 11455 8371
f 2492 10482 10480
f 2492 10480 11455
f 8368 8370 2493
f 8368 2493 10468
f 2493 8370 11030
f 2493 10469 10468
f 2493 13294 10469
f 2493 11030 13294
f 2494 10479 3315
f 2494 3315 10482
f 8367 2494 8368
f 8367 13366 2494
f 8368 2494 10482
f 2494 13367 10479
f 2494 13366 13367
f 8375 8377 2495
f 8375 2495 11987
f 10950 2495 8377
f 10950 13102 2495
f 11987 2495 11985
f 2495 13102 11985
f 2496 8376 8375
f 2496 8375 11988
f 2496 8389 8376
f 2496 8387 8389
f 2496 13133 8387
f 2496 11988 13133
f 8377 8376 2497
f 2497 8376 13080
f 10951 8377 2497
f 2497 13080 12991
f 2498 7986 12995
f 2498 13283 7986
f 8389 8388 2498
f 11137 2498 8388
f 8389 2498 13080
f 11137 13283 2498
f 2498 12995 13080
f 2500 8379 2499
f 13306 2500 2499
f 8379 10452 2499
f 10451 2499 10452
f 13308 2499 10451
f 13308 13306 2499
f 2500 8378 8379
f 13306 10948 2500
f 8384 8378 2501
f 12991 2501 8378
f 8383 8382 2501
f 8384 2501 8382
f 12995 8383 2501
f 12995 2501 12991
f 7986 2502 8383
f 10433 2502 7986
f 8383 2502 8381
f 8381 2502 10432
f 10431 10432 2502
f 10433 10431 2502
f 8385 8381 2503
f 13374 2503 8381
f 8386 8385 2503
f 8386 2503 10439
f 10437 10439 2503
f 13373 10437 2503
f 13373 2503 13374
f 3305 10447 2504
f 3305 2504 13368
f 8386 13369 2504
f 10452 2504 10447
f 13369 13368 2504
f 6882 6881 2505
f 2505 6881 12700
f 6882 2505 6883
f 2505 6885 6883
f 2505 8392 6885
f 2505 8393 8392
f 2505 12700 8393
f 10165 2506 8394
f 8394 2506 13125
f 10165 8396 2506
f 8396 10817 2506
f 10817 8407 2506
f 2506 8407 13125
f 2507 8395 8397
f 2507 10388 8395
f 10393 2507 8397
f 2507 10389 10388
f 10392 10389 2507
f 10392 2507 10393
f 2508 8399 8401
f 2508 13367 8399
f 2508 8401 8406
f 2508 10479 13367
f 8400 2509 8401
f 8400 10406 2509
f 2509 13125 8401
f 2509 8403 8402
f 2509 8402 13125
f 2509 10406 8403
f 8397 2510 8405
f 8397 10162 2510
f 2510 8402 8403
f 2510 10162 8402
f 2510 8403 8404
f 2510 8404 8405
f 2511 8406 8407
f 13236 8406 2511
f 2511 8407 10817
f 2511 10817 10816
f 13234 2511 10816
f 13234 13235 2511
f 13235 13236 2511
f 8412 2512 4943
f 8414 4943 2512
f 8411 8410 2512
f 8410 10864 2512
f 8412 8411 2512
f 8414 2512 10863
f 2512 10864 10863
f 5072 5071 2513
f 8409 2513 5071
f 12698 5072 2513
f 8409 8411 2513
f 8413 2513 8411
f 8413 12699 2513
f 12698 2513 12699
f 8420 8422 2514
f 8420 2514 10546
f 2514 8422 8423
f 2514 8423 10549
f 9253 10546 2514
f 9253 2514 10549
f 2515 8175 8427
f 10338 8175 2515
f 8425 2515 8424
f 8424 2515 8427
f 8425 10342 2515
f 10338 2515 10341
f 10342 10341 2515
f 2516 2519 8422
f 2516 9177 2519
f 8421 2516 8422
f 8421 8424 2516
f 8424 8426 2516
f 8426 9177 2516
f 3102 10358 2517
f 3102 2517 13386
f 8426 8427 2517
f 8426 2517 10358
f 8427 13387 2517
f 2517 13387 13386
f 2518 8421 8420
f 2518 8420 10547
f 2518 8425 8421
f 13200 8425 2518
f 13200 2518 10547
f 8423 2519 3270
f 2519 13383 3270
f 8422 2519 8423
f 9177 8428 2519
f 2519 8428 13383
f 2520 6829 6828
f 8432 2520 6828
f 2520 6830 6829
f 2520 12692 6830
f 8431 2520 8432
f 8431 12692 2520
f 4959 2521 4960
f 4959 8434 2521
f 2521 8434 8433
f 12688 2521 8433
f 12689 2521 12688
f 2522 8435 8436
f 2522 8437 8435
f 12501 2522 8436
f 12504 8437 2522
f 12501 12502 2522
f 12502 12504 2522
f 8443 2523 2526
f 9841 2526 2523
f 2523 8439 8438
f 9841 2523 8438
f 8442 8439 2523
f 8442 2523 8443
f 6190 12893 2524
f 12898 6190 2524
f 2524 12893 12894
f 2524 12894 12896
f 5265 5264 2525
f 2525 5264 12696
f 5266 5265 2525
f 8442 5266 2525
f 8442 2525 12695
f 2525 12696 12695
f 8446 2526 8350
f 9842 8350 2526
f 8443 2526 8446
f 9842 2526 9841
f 8445 8446 2527
f 8445 2527 8447
f 8447 2527 8448
f 8448 2527 12506
f 2528 10767 3435
f 10768 2528 3435
f 2528 8450 10767
f 2528 13338 8450
f 13337 2528 10768
f 13337 13338 2528
f 2529 8450 8452
f 2529 8456 8450
f 2529 8452 8454
f 2529 8454 8457
f 2530 8456 8455
f 12788 2530 8455
f 2530 10767 8456
f 2530 10764 10767
f 12789 10764 2530
f 12788 12789 2530
f 2531 8458 8457
f 2531 8457 13307
f 2531 8463 8458
f 2531 8464 8463
f 2531 8465 8464
f 2531 13237 8465
f 2531 13307 13237
f 2532 8459 8461
f 2532 10279 8459
f 2532 8461 10283
f 2532 10281 10279
f 2532 10282 10281
f 2532 10283 10282
f 2535 8460 2533
f 10127 2535 2533
f 2537 10127 2533
f 2537 2533 13388
f 10278 2533 8460
f 10277 2533 10278
f 10277 13388 2533
f 2536 8461 2534
f 2536 2534 8467
f 2534 8459 8460
f 2534 8461 8459
f 2534 8460 13184
f 2534 13237 8467
f 2534 13184 13237
f 2535 13184 8460
f 2535 8464 8465
f 2535 8466 8464
f 2535 8465 13184
f 10127 8466 2535
f 2536 2787 10287
f 2536 13391 2787
f 2536 10287 8461
f 2536 8467 13391
f 8715 2537 13388
f 2538 8472 2539
f 10246 2538 2539
f 2538 13299 8472
f 10246 10989 2538
f 10988 2538 10989
f 2538 10988 13299
f 8480 2539 8472
f 8480 8479 2539
f 10246 2539 8479
f 2540 3519 8473
f 2540 13299 3519
f 2540 8473 3599
f 2540 3599 8475
f 2540 8475 8476
f 2540 8476 13299
f 8137 2541 8476
f 8137 11249 2541
f 2541 8472 8476
f 8480 8472 2541
f 8482 8480 2541
f 8482 2541 11249
f 8479 2544 2542
f 2542 2544 10233
f 10246 8479 2542
f 10243 2542 10233
f 10243 10245 2542
f 10246 2542 10245
f 8482 2543 8481
f 8481 2543 8845
f 8482 11248 2543
f 2543 10222 8845
f 2543 10223 10222
f 2543 11248 10223
f 8481 2544 8479
f 8481 8845 2544
f 2544 8845 10234
f 2544 10234 10233
f 8488 8485 2545
f 2545 8485 8664
f 10895 8488 2545
f 2545 8664 10560
f 10896 2545 10560
f 10896 10895 2545
f 8486 8487 2546
f 8884 8486 2546
f 8488 2546 8487
f 10895 2546 8488
f 2547 9318 3260
f 2547 3260 10335
f 2547 8489 8491
f 2547 10334 8489
f 2547 8491 9318
f 2547 10335 10334
f 2886 8490 2548
f 2886 2548 9374
f 2548 8490 8489
f 2548 8489 8492
f 8494 2548 8492
f 8494 9363 2548
f 9363 9374 2548
f 2549 3977 4386
f 2549 12892 3977
f 2549 6251 12892
f 2549 12893 6251
f 7556 2550 8496
f 7556 12886 2550
f 2550 8497 8496
f 2550 12884 8497
f 2550 12882 12884
f 12882 2550 12886
f 8500 2557 2551
f 2557 8515 2551
f 8495 2551 2559
f 2559 2551 8515
f 8495 8498 2551
f 8498 8500 2551
f 7556 8496 2552
f 7556 2552 11255
f 8495 2552 8496
f 8495 8503 2552
f 8501 2552 8503
f 8501 11255 2552
f 8501 2553 11252
f 10223 2553 8504
f 10223 11253 2553
f 2553 11253 11252
f 8507 2554 8505
f 2554 13381 8505
f 8507 10205 2554
f 2554 8514 8513
f 2554 8513 13381
f 2554 13394 8514
f 10205 13394 2554
f 8499 2555 8500
f 8499 8509 2555
f 8500 2555 13390
f 8509 8508 2555
f 8508 13381 2555
f 2555 13381 13390
f 2556 8512 8511
f 12449 2556 8511
f 2556 10673 8512
f 10668 10667 2556
f 10667 10673 2556
f 10668 2556 12449
f 2558 2557 8513
f 2558 10208 2557
f 8500 13390 2557
f 2557 13390 8513
f 2557 10208 8515
f 2558 8513 8514
f 2558 8514 13393
f 2558 10209 10208
f 2558 13393 10209
f 8495 2559 8503
f 8503 2559 10114
f 2559 8515 10114
f 2560 6910 6909
f 2560 6909 7087
f 2560 7397 6910
f 2560 7080 7079
f 2560 7079 7397
f 2560 7087 7080
f 2561 7079 7078
f 12530 2561 7078
f 2561 8519 7079
f 11663 8519 2561
f 11663 2561 9499
f 12530 9499 2561
f 7203 2562 8519
f 8529 2563 8415
f 12454 8415 2563
f 8523 8524 2563
f 2563 8528 8523
f 2563 8524 12455
f 8529 8528 2563
f 12454 2563 12455
f 8522 2564 8520
f 8520 2564 13350
f 8522 8534 2564
f 8527 2564 8537
f 10202 2564 8527
f 8537 2564 8534
f 10202 13350 2564
f 2565 8522 8521
f 2565 8521 8523
f 8535 8522 2565
f 8533 2565 8523
f 8533 8532 2565
f 8535 2565 8532
f 8535 2566 8534
f 8536 8534 2566
f 9828 2566 8535
f 9826 8536 2566
f 9826 2566 9827
f 9827 2566 9828
f 8525 8537 2567
f 8525 2567 10116
f 8536 2567 8537
f 9822 2567 8536
f 9821 2567 9822
f 9821 10116 2567
f 8539 8538 2568
f 9961 2568 8538
f 8539 2568 13339
f 9960 2568 9961
f 9960 13340 2568
f 13340 13339 2568
f 8541 2569 8542
f 8570 2569 8541
f 2569 13442 8542
f 8570 8569 2569
f 8569 13432 2569
f 2569 13432 13442
f 8540 2570 8538
f 8538 2570 8544
f 8540 8542 2570
f 2570 8542 8546
f 2570 8545 8544
f 8545 2570 8546
f 2571 8544 8543
f 13440 2571 8543
f 9961 8544 2571
f 9953 2571 9954
f 9953 9961 2571
f 13440 9954 2571
f 2572 8547 8546
f 13442 2572 8546
f 8568 8547 2572
f 8561 8560 2572
f 8568 2572 8560
f 8561 2572 13442
f 8548 9996 2573
f 8548 2573 10088
f 13435 10088 2573
f 13435 2573 13434
f 2574 8551 8550
f 8555 2574 8550
f 8552 8551 2574
f 8552 2574 8559
f 8555 8557 2574
f 2574 8557 8559
f 2575 3871 3098
f 2575 3098 8577
f 8552 3871 2575
f 8552 2575 8553
f 2575 8576 8553
f 2575 8577 8576
f 2576 3871 8559
f 2576 8563 3871
f 2576 8559 8558
f 2576 8558 8565
f 2576 8564 8563
f 2576 8565 8564
f 2577 3827 4790
f 2577 9725 3827
f 2577 6874 9725
f 2578 3098 8563
f 2578 13402 3098
f 2578 8562 8561
f 2578 8561 13432
f 2578 8563 8562
f 2578 13432 13402
f 2579 8560 8562
f 2579 8567 8560
f 2579 8562 8564
f 2579 8564 8566
f 2579 8566 13423
f 2579 13423 8567
f 8568 8567 2580
f 8567 13422 2580
f 8568 2580 9965
f 2580 9966 9965
f 2580 13421 9966
f 2580 13422 13421
f 8571 2581 8569
f 13402 8569 2581
f 8571 8573 2581
f 2581 8573 8575
f 8577 2581 8575
f 13402 2581 8577
f 2582 8575 8574
f 2582 8574 13359
f 2582 8576 8575
f 2582 9997 8576
f 2582 9991 9990
f 2582 9990 9997
f 2582 13359 9991
f 4540 4539 2583
f 4539 10289 2583
f 4540 2583 8578
f 2583 8579 8578
f 2583 10291 8579
f 10289 10291 2583
f 8580 8579 2584
f 8585 2584 8579
f 8580 2584 8581
f 2584 12686 8581
f 8585 8584 2584
f 2584 8584 12686
f 2585 4931 8583
f 12446 4931 2585
f 8585 2585 8583
f 8585 10291 2585
f 2585 10291 10290
f 12446 2585 10290
f 8590 2586 8591
f 8590 8603 2586
f 8591 2586 8593
f 8593 2586 8594
f 8594 2586 8602
f 8602 2586 8603
f 8594 2587 8598
f 8594 8602 2587
f 2587 8596 8597
f 8602 8596 2587
f 13385 2587 8597
f 8598 2587 13385
f 5167 2588 5169
f 7070 2588 5167
f 5168 5169 2588
f 8593 8594 2589
f 8594 8598 2589
f 8598 8599 2589
f 8599 9926 2589
f 11833 2590 10126
f 11831 11356 2590
f 11831 2590 11832
f 11832 2590 11833
f 2591 8611 8610
f 2591 8610 10035
f 2591 10026 8611
f 2591 8614 8613
f 2591 8613 10026
f 2591 10035 8614
f 2592 8616 8614
f 2592 8614 10035
f 8623 8616 2592
f 8623 2592 8625
f 2592 8626 8625
f 2592 10035 8626
f 2593 9829 8531
f 2593 8531 13410
f 2593 8612 8616
f 2593 13410 8612
f 2593 8616 8622
f 2593 8622 8621
f 2593 8621 9829
f 2594 8610 8609
f 2594 8609 8619
f 2594 10025 8610
f 2594 8619 8629
f 2594 8629 8628
f 2594 8628 10025
f 8618 8617 2595
f 8617 11356 2595
f 8618 2595 13262
f 11354 2595 11355
f 13262 2595 11354
f 2595 11356 11355
f 2596 8621 8620
f 2596 8620 9834
f 2596 9829 8621
f 2596 9825 9827
f 2596 9834 9825
f 2596 9827 9829
f 2597 2598 9835
f 2597 8620 8622
f 2597 9835 8620
f 8623 2597 8622
f 8623 8625 2597
f 8359 9832 2598
f 9835 2598 9832
f 2599 8630 8629
f 2599 8629 9866
f 2599 13453 8630
f 2599 9866 9865
f 2599 9865 13452
f 2599 13452 13453
f 2600 8627 8626
f 10025 2600 8626
f 9846 8627 2600
f 2600 8628 8630
f 10025 8628 2600
f 9847 2600 8630
f 9847 9846 2600
f 5517 5516 2601
f 5516 8631 2601
f 5517 2601 6126
f 12684 6126 2601
f 8631 8633 2601
f 12684 2601 8633
f 2734 6843 2602
f 6843 4789 2602
f 2602 4790 6825
f 3181 3128 2603
f 8638 2603 3128
f 3181 2603 8634
f 8634 2603 8635
f 2603 8637 8635
f 8638 8637 2603
f 8641 9710 2604
f 12670 8641 2604
f 9702 9709 2604
f 9702 2604 9710
f 9709 9735 2604
f 13058 2604 9735
f 13058 12670 2604
f 8639 2605 8637
f 9701 8637 2605
f 8641 2605 8639
f 12670 2605 8641
f 9698 9701 2605
f 12670 9698 2605
f 8644 3128 2606
f 8650 2606 3128
f 8644 2606 8642
f 8642 2606 9723
f 8650 8649 2606
f 2606 8649 9723
f 8638 2607 8639
f 8644 2607 8638
f 8640 8639 2607
f 8648 8640 2607
f 8644 8643 2607
f 8648 2607 8643
f 8643 8642 2608
f 8642 9281 2608
f 8645 8643 2608
f 8645 2608 9721
f 9281 8862 2608
f 8862 9721 2608
f 8646 8645 2609
f 8645 9722 2609
f 8647 8646 2609
f 8647 2609 13464
f 13465 2609 9722
f 13465 13464 2609
f 8648 2610 8640
f 8640 2610 9710
f 8647 2610 8646
f 8648 8646 2610
f 8647 9703 2610
f 2610 9703 9710
f 2611 8649 8651
f 2611 9724 8649
f 2611 8651 9749
f 2611 8760 9724
f 2611 9748 8760
f 2611 9749 9748
f 3181 2612 8650
f 8653 2612 3181
f 8650 2612 8651
f 2612 8656 8651
f 8653 8652 2612
f 2612 8652 8656
f 2613 3239 8660
f 2613 8658 8659
f 2613 8660 8658
f 10292 2613 8659
f 2615 2614 8663
f 2615 8665 2614
f 2614 8661 8663
f 12684 8661 2614
f 2615 7698 8665
f 12438 7698 2615
f 12437 2615 8663
f 12438 2615 12437
f 2616 9652 5723
f 2616 5723 13328
f 2616 8667 8669
f 2616 13328 8667
f 2616 8669 9652
f 2617 8667 8668
f 2617 8669 8667
f 2617 8668 8678
f 2617 8670 8669
f 2617 8677 8670
f 2617 8678 8677
f 2618 8670 8679
f 2618 9650 8670
f 2618 8672 8673
f 2618 8679 8672
f 2618 8673 9651
f 2618 9651 9650
f 2619 8672 8680
f 2619 9654 8672
f 2619 8680 9668
f 2619 9660 9654
f 2619 9670 9660
f 2619 9668 9670
f 2620 2995 8678
f 2620 12674 2995
f 2620 8678 8668
f 2620 8668 8681
f 2620 8681 9665
f 2620 9665 12674
f 2621 8668 8667
f 2621 8667 10387
f 2621 8681 8668
f 2621 8682 8681
f 2621 10386 8682
f 2621 10387 10386
f 2622 8677 8676
f 2622 8676 9661
f 2622 8679 8677
f 2622 8680 8679
f 2622 9667 8680
f 2622 9661 9667
f 2871 2623 2624
f 2623 12536 2624
f 2871 9339 2623
f 2623 9339 9550
f 2623 9550 9549
f 2623 9549 12536
f 2871 2624 2625
f 8686 2625 2624
f 8686 2624 12535
f 12535 2624 12536
f 12682 2871 2625
f 8686 9295 2625
f 9295 12680 2625
f 12680 12682 2625
f 2627 2626 8693
f 8697 2626 2627
f 8691 8693 2626
f 11080 8691 2626
f 8697 11083 2626
f 11083 11080 2626
f 8699 2627 8693
f 8697 2627 8696
f 8698 8696 2627
f 8699 8698 2627
f 8698 2629 2628
f 8702 2628 2629
f 8698 2628 8696
f 9485 8696 2628
f 8702 8700 2628
f 9485 2628 8700
f 9501 2629 8319
f 8702 2629 9501
f 2630 8703 7740
f 9305 2630 7740
f 2630 12679 8703
f 2630 9298 9299
f 9305 9298 2630
f 2630 9299 12679
f 8704 8706 2631
f 12391 8704 2631
f 2631 8706 8708
f 12391 2631 9309
f 8705 2632 8706
f 8705 8710 2632
f 8706 2632 8707
f 8707 2632 9367
f 8710 9368 2632
f 9367 2632 9368
f 8704 2633 8705
f 12390 2633 8704
f 8705 2633 8709
f 10542 8709 2633
f 10542 2633 10540
f 12390 10540 2633
f 8709 2634 8710
f 8709 12389 2634
f 8710 2634 9371
f 9369 9371 2634
f 9369 2634 9372
f 9372 2634 12389
f 2635 3031 8725
f 2635 9744 3031
f 2635 8725 8713
f 2635 8713 10297
f 2635 10297 9744
f 2636 8713 8712
f 2636 8712 8717
f 2636 8716 8713
f 2636 8714 8716
f 2636 8717 8714
f 2637 8717 8712
f 2637 8712 8720
f 2637 8728 8717
f 2637 8720 8719
f 2637 8719 8726
f 2637 8726 8728
f 2638 8718 11163
f 2638 11167 8718
f 11161 2638 11162
f 11161 11165 2638
f 2638 11163 11162
f 2638 11165 11167
f 6460 2639 6448
f 12625 6448 2639
f 12627 2639 6460
f 12627 6714 2639
f 2640 8722 8723
f 2640 9752 8722
f 2640 8723 8760
f 2640 8760 9748
f 2640 9748 9747
f 2640 9747 9750
f 2640 9750 9752
f 8726 2641 8727
f 11167 2641 8726
f 8727 2641 13024
f 11165 11166 2641
f 11165 2641 11167
f 2641 11166 13024
f 2642 8729 9999
f 10243 8729 2642
f 2642 9999 8731
f 10983 2642 8731
f 10243 2642 10244
f 10983 10244 2642
f 2643 8732 8733
f 2643 8734 8732
f 2643 8733 12263
f 2643 12261 8734
f 2643 12262 12261
f 2643 12263 12262
f 2644 8737 8736
f 2644 8736 11199
f 2644 11197 8737
f 2644 11194 11197
f 2644 11198 11194
f 2644 11199 11198
f 8738 8737 2645
f 8749 2645 8737
f 8738 2645 8739
f 8739 2645 8747
f 8747 2645 8748
f 8749 8748 2645
f 8739 2646 8740
f 12668 2646 8739
f 8740 2646 8741
f 12666 8741 2646
f 12666 2646 12667
f 12667 2646 12668
f 8746 4891 2647
f 8746 2647 8747
f 12668 8747 2647
f 12668 2647 12669
f 8749 2648 8750
f 8749 11197 2648
f 8750 2648 8751
f 8751 2648 11195
f 2648 11194 11195
f 2648 11197 11194
f 6460 6448 2649
f 6448 9307 2649
f 11485 2649 9307
f 11485 11578 2649
f 8755 2650 8756
f 8757 8756 2650
f 8757 2650 12649
f 2653 8766 2652
f 2653 2652 8768
f 7060 2652 12128
f 7060 13290 2652
f 2652 8766 12128
f 2652 13290 8768
f 8764 8765 2653
f 8764 2653 8767
f 2653 8765 8766
f 2653 8768 8767
f 2654 9210 2991
f 12128 2654 2991
f 10675 2654 8766
f 12128 8766 2654
f 2654 9209 9210
f 10675 9209 2654
f 8764 8767 2655
f 8771 8764 2655
f 8769 2655 8767
f 9485 2655 8769
f 9484 8771 2655
f 9485 9484 2655
f 8771 2933 2656
f 2656 2933 11788
f 2656 8765 8764
f 8771 2656 8764
f 2656 11787 8765
f 2656 11788 11787
f 7341 8773 2657
f 12662 7341 2657
f 8773 8772 2657
f 8772 12663 2657
f 12662 2657 12663
f 2658 12655 12656
f 8789 3714 2659
f 2659 3714 12156
f 8785 8786 2659
f 8785 2659 12157
f 8786 8789 2659
f 2659 12156 12157
f 8789 8788 2660
f 2660 8788 8814
f 8789 2660 8790
f 2660 9385 8790
f 2660 8814 8813
f 2660 8813 9385
f 8795 2661 8791
f 2661 10594 8791
f 12383 2661 8795
f 2661 10595 10594
f 12383 10595 2661
f 2662 4906 4905
f 2662 4905 4910
f 2662 12658 4906
f 2662 4910 9951
f 2662 9951 8792
f 2662 8792 12658
f 2663 5714 5717
f 2663 8797 5714
f 2663 5717 12659
f 2663 8792 8796
f 2663 12659 8792
f 2663 8796 8797
f 2736 6502 2664
f 2736 2664 9163
f 6496 4786 2664
f 2664 4786 9163
f 6502 6496 2664
f 8801 2669 2665
f 2665 2669 11547
f 8801 2665 8803
f 11545 8803 2665
f 11545 2665 11547
f 8801 2666 2669
f 8807 2669 2666
f 8687 3192 2666
f 3192 8807 2666
f 8800 8687 2666
f 8800 2666 8801
f 8800 8802 2667
f 8800 2667 10339
f 8926 2667 8802
f 8926 8929 2667
f 8929 10340 2667
f 10339 2667 10340
f 3192 8804 2668
f 3192 2668 8807
f 8804 8806 2668
f 9924 2668 8806
f 8807 2668 8808
f 9924 8808 2668
f 8807 8809 2669
f 11548 2669 8809
f 11547 2669 11548
f 4483 4691 2670
f 4483 2670 8818
f 4691 8813 2670
f 2670 8813 8815
f 2670 8815 8816
f 2670 8816 8818
f 2671 2674 8820
f 2671 13296 2674
f 2671 8820 8821
f 11029 2671 8821
f 11029 11027 2671
f 11027 13296 2671
f 2673 4760 2672
f 2673 2672 8820
f 4760 8840 2672
f 2672 8821 8820
f 2672 8843 8821
f 2672 8840 8843
f 2673 8826 4760
f 2673 8820 8819
f 2673 8819 8823
f 2673 8823 8825
f 2673 8825 8826
f 3508 8819 2674
f 11026 3508 2674
f 2674 8819 8820
f 11026 2674 13296
f 2675 4753 8826
f 2675 8833 4753
f 2675 8826 8827
f 2675 8827 8831
f 8834 11377 2676
f 11369 2676 12240
f 11376 2676 11377
f 11376 12240 2676
f 2677 8829 8830
f 8831 8829 2677
f 2677 8830 11349
f 8836 8831 2677
f 8837 8836 2677
f 8837 2677 11350
f 11350 2677 11349
f 8833 2678 4753
f 2678 8840 4753
f 8833 8832 2678
f 8832 8841 2678
f 2678 8839 8840
f 2678 8841 8839
f 2679 8842 8841
f 2679 8841 11371
f 2679 12234 8842
f 2679 11371 11370
f 2679 11370 12235
f 2679 12235 12234
f 10999 3514 2680
f 11029 2680 3514
f 2680 8839 8842
f 2680 8843 8839
f 2680 8842 12236
f 11029 8843 2680
f 10999 2680 12236
f 8883 3486 2681
f 2681 3486 9313
f 8883 2681 8885
f 8884 8885 2681
f 8884 2681 9312
f 2681 9313 9312
f 2682 8850 8849
f 2682 8849 10205
f 8852 8850 2682
f 8852 2682 10206
f 2682 10205 10206
f 2683 8853 8852
f 2683 8852 10207
f 2683 9185 8853
f 2683 9186 9185
f 2683 10664 9186
f 2683 10207 10664
f 5720 2684 5735
f 2684 5732 5734
f 2685 8854 8855
f 2685 8861 8854
f 2685 8855 8856
f 9717 2685 8856
f 2685 9719 8861
f 9717 9719 2685
f 6506 2686 4015
f 12619 4015 2686
f 12623 2686 6506
f 3032 2687 8863
f 3032 8866 2687
f 2687 8854 8863
f 2687 8868 8854
f 2687 8866 9905
f 2687 9905 8868
f 8867 9910 2688
f 8867 2688 10280
f 2688 9910 10274
f 2688 10274 10275
f 2688 10275 10281
f 2688 10281 10280
f 7163 8871 2689
f 7163 2689 12642
f 8870 7475 2689
f 2689 7475 12641
f 8871 8870 2689
f 10894 2689 12641
f 10894 12642 2689
f 11315 2690 3623
f 12340 3623 2690
f 2690 8874 8873
f 12341 2690 8873
f 11316 8874 2690
f 11315 11316 2690
f 12340 2690 12341
f 2691 5190 5739
f 8879 5190 2691
f 2691 5739 8890
f 8880 8879 2691
f 8880 2691 8889
f 2691 8890 8889
f 2692 5969 2875
f 2693 8886 8888
f 2693 8894 8886
f 2693 8888 8890
f 8890 8892 2693
f 2693 8892 8891
f 2693 8891 8894
f 4852 2694 5739
f 4852 8876 2694
f 2694 8892 5739
f 2694 8875 8874
f 2694 8874 8893
f 2694 8876 8875
f 2694 8893 8892
f 2696 8891 2695
f 2696 2695 13268
f 2695 8891 8893
f 2695 8893 11316
f 2695 11316 11315
f 2695 11315 13268
f 2696 3629 8894
f 2696 13271 3629
f 2696 8894 8891
f 13267 2696 13268
f 13267 13271 2696
f 2698 2697 7458
f 2698 8901 2697
f 7464 7458 2697
f 7464 2697 12637
f 2697 8901 12636
f 2697 12636 12637
f 2698 7458 12640
f 2698 8900 8901
f 2698 8903 8900
f 2698 12640 8903
f 2699 8906 8907
f 8908 8906 2699
f 2699 8907 8913
f 8909 8908 2699
f 8909 2699 8913
f 2700 8815 8814
f 9975 2700 8814
f 10780 8815 2700
f 8910 2700 8908
f 9975 8908 2700
f 8910 10780 2700
f 3548 2701 8912
f 11096 2701 3548
f 2701 8913 8912
f 8914 8913 2701
f 8916 8914 2701
f 8916 2701 9887
f 11096 9887 2701
f 8918 2702 3437
f 3437 2702 9688
f 8918 8916 2702
f 8916 9843 2702
f 12126 9688 2702
f 12126 2702 9843
f 8909 2703 8910
f 8909 8914 2703
f 8910 2703 10779
f 8918 2703 8914
f 8919 2703 8918
f 8919 10779 2703
f 8926 8927 2704
f 8926 2704 8928
f 2704 8927 8935
f 8928 2704 8942
f 2704 8935 8942
f 8928 2705 8929
f 8928 8940 2705
f 8929 2705 8932
f 2705 8930 8932
f 2705 8937 8930
f 2705 8939 8937
f 2705 8940 8939
f 2999 2706 8941
f 10391 2706 2999
f 2706 3280 8938
f 10391 3280 2706
f 2706 8938 8939
f 8941 2706 8939
f 3000 2707 8943
f 3000 9663 2707
f 8941 8940 2707
f 8942 2707 8940
f 8941 2707 9663
f 8942 8943 2707
f 8948 8947 2708
f 10137 2708 8947
f 8950 8948 2708
f 8951 8950 2708
f 10136 8951 2708
f 10135 10136 2708
f 10135 2708 10137
f 7791 2709 7792
f 7791 12634 2709
f 7792 2709 8953
f 8950 8949 2709
f 8953 2709 8949
f 8950 2709 12635
f 2709 12634 12635
f 2710 12618 4017
f 6651 12618 2710
f 2711 8954 8956
f 8965 8954 2711
f 2711 8956 9931
f 8965 2711 8966
f 8966 2711 9930
f 2711 9931 9930
f 2712 9783 8959
f 2712 8959 9981
f 2712 8975 8974
f 2712 8974 9783
f 2712 9980 8975
f 2712 9981 9980
f 8960 2713 8961
f 8960 8964 2713
f 8961 2713 12234
f 11000 2713 8964
f 11000 10999 2713
f 10999 12236 2713
f 2713 12236 12234
f 2714 8957 5683
f 8963 2714 5683
f 2714 8958 8957
f 8962 8958 2714
f 8960 8962 2714
f 8960 2714 8963
f 6699 6792 2715
f 6699 2715 8954
f 8972 2715 6792
f 2715 8955 8954
f 9267 8955 2715
f 8972 9267 2715
f 8968 2716 8976
f 8976 2716 8974
f 9783 8974 2716
f 9783 2716 9810
f 2717 6603 12618
f 2717 12617 6604
f 2717 6604 12628
f 2717 12618 12617
f 3138 10000 2718
f 13436 3138 2718
f 2718 8976 8973
f 13437 2718 8973
f 10000 8976 2718
f 13437 13436 2718
f 2719 8979 8978
f 2719 8978 12631
f 8980 8979 2719
f 8980 2719 12629
f 12629 2719 12633
f 12633 2719 12631
f 8984 8983 2720
f 8985 8984 2720
f 8985 2720 12600
f 2720 12601 12600
f 2720 12602 12601
f 3010 8988 2721
f 3010 2721 8993
f 8988 8990 2721
f 8991 2721 8990
f 8993 2721 8991
f 8988 2722 8990
f 12632 8990 2722
f 8994 2722 9781
f 8994 12632 2722
f 8994 8995 2723
f 8994 2723 12633
f 8995 8997 2723
f 2723 12629 12633
f 2724 9001 6928
f 9008 2724 6928
f 2724 8999 9001
f 2724 13452 8999
f 9008 9007 2724
f 2724 9007 9872
f 2724 9872 13452
f 2725 6816 9001
f 2725 9002 6816
f 2725 9000 8086
f 2725 8086 9003
f 2725 9001 9000
f 2725 9003 9002
f 2726 9003 8086
f 2726 8086 13261
f 2726 11294 9003
f 2726 11295 11294
f 2726 13260 11295
f 2726 13261 13260
f 2727 9005 9004
f 2727 9004 11294
f 2727 13275 9005
f 2727 11293 11292
f 2727 11292 13275
f 2727 11294 11293
f 2728 9007 9009
f 9869 9007 2728
f 10541 2728 9009
f 9870 9869 2728
f 9870 2728 10540
f 10541 10540 2728
f 9008 7031 2729
f 2729 7031 10556
f 2729 8902 9009
f 2729 10554 8902
f 9008 2729 9009
f 2729 10555 10554
f 2729 10556 10555
f 9012 2732 2730
f 10556 2730 2732
f 6816 2730 6928
f 6816 9012 2730
f 2730 7031 6928
f 10556 7031 2730
f 9012 2731 2732
f 2732 2731 10552
f 2731 9014 12339
f 2731 12339 10552
f 2732 10552 10551
f 10556 2732 10551
f 2957 12594 2733
f 2733 3690 9098
f 12594 3690 2733
f 4846 2733 9037
f 2733 9098 9037
f 2734 3058 3077
f 2734 3077 4791
f 2734 4791 6843
f 9029 9028 2735
f 9028 12598 2735
f 9030 9029 2735
f 9030 2735 12596
f 2735 12597 12596
f 2735 12598 12597
f 2736 9307 6448
f 2736 6448 12625
f 2736 12625 6502
f 2736 9163 9035
f 2736 9035 9307
f 9039 9040 2737
f 9733 9039 2737
f 9039 2738 9040
f 9039 9052 2738
f 9040 2738 9041
f 9146 9041 2738
f 9146 2738 9052
f 2739 7729 7754
f 2739 9041 7729
f 9046 2739 7754
f 9042 9041 2739
f 9044 9042 2739
f 9046 9044 2739
f 9047 2743 2740
f 2740 2743 9050
f 9045 2740 9043
f 12415 9043 2740
f 9047 2740 9045
f 9051 2740 9050
f 9051 12415 2740
f 9044 9043 2741
f 9043 12414 2741
f 9044 2741 9737
f 9737 2741 9738
f 2741 12413 9738
f 2741 12414 12413
f 8012 2742 7914
f 9046 7914 2742
f 9048 2742 8012
f 9046 2742 9045
f 9047 9045 2742
f 9047 2742 9048
f 9047 9048 2743
f 9048 9067 2743
f 9066 9050 2743
f 9067 9066 2743
f 7703 2744 2760
f 9081 2760 2744
f 7729 2744 7703
f 9146 2744 7729
f 9082 2744 9054
f 9146 9054 2744
f 9081 2744 9082
f 2746 9104 2745
f 2746 2745 12329
f 2745 9104 9732
f 2745 9731 9730
f 2745 9730 12329
f 2745 9732 9731
f 2746 10458 9104
f 2746 10457 10458
f 2746 10459 10457
f 2746 12329 10459
f 9057 9056 2747
f 9056 13422 2747
f 9058 9057 2747
f 13426 9058 2747
f 13423 2747 13422
f 13426 2747 13423
f 3152 10019 2748
f 13426 3152 2748
f 9059 9058 2748
f 13426 2748 9058
f 9059 2748 9074
f 9074 2748 10019
f 9060 9059 2749
f 9059 9074 2749
f 9061 9060 2749
f 9061 2749 9072
f 9072 2749 9073
f 9073 2749 9074
f 8194 8332 2750
f 9060 8194 2750
f 9062 2750 8332
f 9063 2750 9062
f 9062 2760 2751
f 9079 2751 2760
f 9063 9062 2751
f 9063 2751 9064
f 9064 2751 9086
f 9079 9086 2751
f 9065 2752 7058
f 10429 7058 2752
f 9065 9070 2752
f 9070 10430 2752
f 10429 2752 10430
f 9065 10418 2753
f 9066 2753 10421
f 10417 2753 10418
f 10417 10421 2753
f 2756 2754 8013
f 2756 9069 2754
f 8012 8013 2754
f 9048 8012 2754
f 9048 2754 9067
f 9068 9067 2754
f 9069 9068 2754
f 9068 9071 2755
f 9070 2755 9078
f 2755 9071 9077
f 2755 9077 9078
f 2756 8013 8194
f 9061 2756 8194
f 9061 9069 2756
f 9073 9074 2757
f 9073 2757 9075
f 9074 10019 2757
f 10024 9075 2757
f 10024 3153 2758
f 3153 12400 2758
f 9075 2758 9076
f 10024 2758 9075
f 2758 10426 9076
f 10426 2758 12400
f 2759 9077 9076
f 2759 9076 10426
f 2759 9078 9077
f 2759 10430 9078
f 2759 10426 10425
f 2759 10425 10430
f 7703 2760 7394
f 9062 7394 2760
f 9079 2760 9081
f 9082 2761 9083
f 10458 2761 9082
f 9083 2761 9084
f 12399 9084 2761
f 10456 2761 10457
f 10456 12399 2761
f 10457 2761 10458
f 9090 9089 2762
f 12614 2762 9089
f 12613 12612 2762
f 2763 9095 9092
f 2763 9094 9095
f 2763 12578 9094
f 2763 12579 12578
f 6862 2764 3690
f 2764 9080 3690
f 6744 9036 2764
f 6744 2764 12593
f 6862 12593 2764
f 2764 9036 9099
f 2764 9099 9080
f 9105 3640 2765
f 2765 3640 12607
f 9105 2765 9106
f 9106 2765 12616
f 2765 12607 12606
f 2765 12606 12616
f 2766 2805 12591
f 6744 2766 12591
f 6744 12593 2766
f 9139 2767 2778
f 2778 2767 10049
f 9111 9110 2767
f 9110 9616 2767
f 9111 2767 9139
f 2767 9616 10049
f 9115 2768 9116
f 9115 9121 2768
f 9116 2768 9616
f 2768 9121 9120
f 9420 2768 9120
f 9420 9616 2768
f 9013 9113 2769
f 9112 2769 9113
f 9112 9697 2769
f 2769 9697 9696
f 9119 2770 9117
f 9117 2770 10147
f 10911 2770 9119
f 2770 9135 9134
f 2770 9134 10147
f 10911 9135 2770
f 2771 8793 8798
f 2771 9117 8793
f 2771 8798 9141
f 2771 9118 9117
f 2771 9144 9118
f 2771 9141 9140
f 2771 9140 9144
f 2772 9120 9122
f 2772 9349 9120
f 2772 9122 9124
f 2772 9124 9126
f 2772 9126 9128
f 2772 9128 9349
f 2773 9124 9123
f 2773 9123 12414
f 2773 9125 9124
f 2773 12411 9125
f 12415 12411 2773
f 12415 2773 12414
f 2774 9126 9125
f 2774 9125 12412
f 9127 9126 2774
f 9127 2774 10344
f 10345 10344 2774
f 10345 2774 12412
f 2775 9129 8798
f 2775 8798 9304
f 9127 2775 9128
f 9127 9130 2775
f 2775 9304 9128
f 2775 9130 9129
f 2776 8794 9132
f 10346 8794 2776
f 2776 9131 9130
f 2776 9130 10344
f 2776 9132 9131
f 10346 2776 10344
f 2777 3267 10353
f 2777 12431 3267
f 2777 9133 9132
f 2777 9132 12431
f 2777 10356 9133
f 2777 10353 10356
f 2778 9134 9136
f 10111 9134 2778
f 9138 2778 9136
f 9139 2778 9138
f 10111 2778 10049
f 9139 9138 2779
f 9138 13315 2779
f 10446 9139 2779
f 2779 10441 10440
f 10446 2779 10440
f 2779 13315 10441
f 2780 9140 9142
f 2780 9143 9140
f 2780 9142 10356
f 2780 12428 9143
f 2780 10356 10355
f 2780 10355 12428
f 3459 9649 2781
f 3459 2781 10845
f 9648 2781 9649
f 9648 10600 2781
f 10599 2781 10600
f 10846 2781 10599
f 10846 10845 2781
f 8265 9151 2782
f 8265 2782 10600
f 9147 9145 2782
f 9145 10601 2782
f 9151 9147 2782
f 2782 10601 10600
f 8326 8327 2783
f 8327 9148 2783
f 8329 2783 10602
f 9148 10602 2783
f 9648 2784 8265
f 8265 2784 9658
f 9648 9647 2784
f 9655 2784 9647
f 9655 9657 2784
f 9657 9658 2784
f 9152 9151 2785
f 9151 9658 2785
f 12457 9152 2785
f 9195 9194 2785
f 9194 12457 2785
f 9195 2785 9658
f 9152 2786 9147
f 9147 2786 10235
f 9149 9148 2786
f 2786 9148 10235
f 10247 9149 2786
f 10247 2786 9152
f 9153 9155 2787
f 9153 2787 10286
f 9155 10288 2787
f 2787 13391 10286
f 10288 10287 2787
f 3238 2788 10285
f 3238 13345 2788
f 9153 2788 9154
f 9153 10285 2788
f 9154 2788 9156
f 9156 2788 13345
f 9157 2789 2793
f 9950 2793 2789
f 9950 2789 3429
f 13345 3429 2789
f 9156 2789 9157
f 9156 13345 2789
f 2790 9161 9160
f 2790 9160 9967
f 2790 12395 9161
f 2790 9967 9974
f 2790 9974 12396
f 2790 12396 12395
f 2791 9159 9161
f 2791 9167 9159
f 10461 2791 9161
f 2791 9168 9167
f 10460 9168 2791
f 10461 10460 2791
f 9154 2792 2795
f 9167 2795 2792
f 9154 9156 2792
f 9156 9157 2792
f 9162 2792 9157
f 9167 2792 9162
f 9165 2793 3122
f 3122 2793 9952
f 9157 2793 9164
f 9164 2793 9165
f 9950 9952 2793
f 2794 9967 9160
f 2794 9165 13439
f 9968 9967 2794
f 9968 2794 13438
f 2794 13439 13438
f 9154 2795 9155
f 9170 9155 2795
f 9167 9166 2795
f 9170 2795 9166
f 2796 9166 9168
f 2796 9169 9166
f 2796 9168 10462
f 2796 12325 9169
f 2796 10462 12325
f 2797 9169 3235
f 2797 3235 10282
f 2797 9170 9169
f 2797 10288 9170
f 2797 10282 10283
f 2797 10283 10288
f 2798 9171 9173
f 2798 9173 9176
f 2798 9176 12581
f 2799 9178 4858
f 2799 4858 12582
f 2799 9176 9174
f 2799 9174 9179
f 2799 12581 9176
f 2799 9179 9178
f 2799 12582 12581
f 4768 2800 4766
f 4770 4766 2800
f 9182 2800 4768
f 4771 4770 2800
f 9181 4771 2800
f 9181 2800 9182
f 2801 9185 9184
f 2801 9184 9190
f 10130 9185 2801
f 9878 2801 9190
f 9878 10129 2801
f 10130 2801 10129
f 8244 2802 8307
f 10121 2802 8244
f 10666 8307 2802
f 10121 9188 2802
f 10666 2802 9188
f 3182 10119 2803
f 3182 2803 10134
f 3183 2803 10119
f 10120 2803 3183
f 10121 8244 2803
f 8244 10134 2803
f 10120 10121 2803
f 2842 2804 9193
f 2842 9269 2804
f 2804 9191 9193
f 2804 12005 9191
f 9269 9272 2804
f 2804 9272 12005
f 4029 2805 12587
f 4029 12589 2805
f 2805 12589 12591
f 9196 2806 9194
f 9194 2806 9978
f 9196 10001 2806
f 9979 9978 2806
f 9979 2806 12225
f 10001 12225 2806
f 9196 9195 2807
f 9195 9657 2807
f 9199 9196 2807
f 9199 2807 9197
f 9197 2807 9656
f 9656 2807 9657
f 2808 8297 8289
f 8302 2808 8289
f 9201 8297 2808
f 9889 2808 8302
f 9201 2808 9889
f 9200 2809 2812
f 10231 2812 2809
f 9200 3638 2809
f 11825 2809 3638
f 10232 10231 2809
f 10232 2809 11825
f 8828 3639 2810
f 11347 2810 3639
f 8340 2810 8298
f 2810 8770 8298
f 8340 8828 2810
f 9202 8770 2810
f 9202 2810 11347
f 8339 8302 2811
f 10128 2811 8302
f 9890 8339 2811
f 9876 2811 9877
f 9876 9890 2811
f 9877 2811 10128
f 9200 2812 9203
f 10230 9203 2812
f 10230 2812 10229
f 10231 10229 2812
f 9207 7146 2813
f 9208 2813 7146
f 9207 2813 9205
f 9205 2813 12257
f 9208 12256 2813
f 2813 12256 12257
f 2814 9489 2928
f 2814 2928 9687
f 2814 3013 9209
f 2814 9687 3013
f 2814 9209 9690
f 2814 9689 9489
f 2814 9690 9689
f 2815 8349 9491
f 10675 8349 2815
f 2815 9491 9490
f 2815 9490 9690
f 10675 2815 9690
f 9213 2816 3523
f 11037 3523 2816
f 9211 6724 2816
f 11037 2816 6724
f 9212 2816 7143
f 9213 7143 2816
f 9212 9211 2816
f 9214 2817 2824
f 2824 2817 13408
f 9214 9215 2817
f 2817 9215 10133
f 2817 10133 10132
f 2817 10132 13408
f 9214 2818 9215
f 9231 2818 9214
f 2818 9216 9215
f 2818 9228 9216
f 2818 9232 9228
f 9231 9232 2818
f 9218 9217 2819
f 9229 2819 9217
f 9218 2819 10809
f 11846 2819 9229
f 11912 10809 2819
f 11846 11912 2819
f 9879 2820 3082
f 12500 3082 2820
f 9220 9222 2820
f 9220 2820 9879
f 9222 9885 2820
f 12500 2820 9885
f 2831 2821 9243
f 2831 11206 2821
f 9220 2821 9221
f 9220 9243 2821
f 9221 2821 11213
f 11213 2821 11206
f 9221 2822 9222
f 9223 2822 9221
f 9222 2822 9880
f 9225 2822 9223
f 9227 2822 9225
f 9227 9881 2822
f 9880 2822 9881
f 2823 2825 9229
f 2823 9236 2825
f 2823 9216 9228
f 2823 9229 9216
f 2823 9228 9235
f 2823 9235 9236
f 9230 2824 3061
f 3061 2824 13408
f 9231 9214 2824
f 9230 9231 2824
f 11846 9229 2825
f 2825 9236 9241
f 2825 9241 9240
f 11809 2825 9240
f 11846 2825 11809
f 3065 2826 9232
f 3065 9839 2826
f 3066 9234 2826
f 3066 2826 9839
f 2826 9235 9232
f 2826 9234 9235
f 9237 2827 2828
f 9577 2828 2827
f 9237 9239 2827
f 9581 2827 9239
f 12533 9577 2827
f 9581 12533 2827
f 2828 9226 9224
f 9237 2828 9224
f 2828 9576 9226
f 9577 9576 2828
f 2829 9224 9223
f 2829 9223 11213
f 9237 9224 2829
f 9237 2829 9238
f 9238 2829 11348
f 11348 2829 11213
f 9238 2830 9239
f 9238 11438 2830
f 9239 2830 9580
f 2830 9240 9242
f 11438 9240 2830
f 2830 9242 9580
f 2831 9243 9244
f 2831 9244 9246
f 2831 9246 11113
f 2831 11113 11206
f 9218 2832 10131
f 9218 10809 2832
f 2832 9246 9247
f 2832 10809 9246
f 2832 9247 10131
f 2929 2833 9248
f 2929 9482 2833
f 9248 2833 9249
f 9249 2833 12225
f 9482 9979 2833
f 9979 12225 2833
f 2929 9248 2834
f 2929 2834 9483
f 9250 3437 2834
f 2834 3437 9684
f 9248 9250 2834
f 2834 9684 9483
f 9252 4756 2835
f 2835 4756 9338
f 9254 2835 4772
f 4772 2835 9337
f 9254 9252 2835
f 2835 9338 9337
f 9173 2836 9176
f 9251 2836 9173
f 9174 9176 2836
f 9254 2836 9251
f 2837 9257 9256
f 2837 9256 9976
f 2837 9258 9257
f 2837 9481 9258
f 2837 9479 9481
f 2837 9976 9479
f 2838 4767 4764
f 2838 4764 9264
f 2838 4768 4767
f 2838 12575 4768
f 2838 9264 12576
f 2838 12576 12575
f 2839 9265 8721
f 2839 8721 9268
f 2839 9263 9262
f 2839 9262 9680
f 2839 9268 9263
f 2839 9680 9265
f 2840 4688 9678
f 2840 9679 4688
f 2840 9266 9265
f 2840 9265 9679
f 2840 12527 9266
f 2840 9678 12527
f 2841 9193 9192
f 2841 9192 9275
f 9498 9193 2841
f 9274 2841 9275
f 9495 2841 9274
f 9495 9494 2841
f 9494 9498 2841
f 2842 9193 9498
f 2842 9505 9269
f 9497 2842 9498
f 9497 9505 2842
f 8182 8181 2843
f 2843 8181 12005
f 12965 8182 2843
f 2843 12005 12112
f 2843 12112 12456
f 12965 2843 12456
f 4029 7013 2844
f 4029 2844 12589
f 4274 5356 2844
f 7013 4274 2844
f 6777 2844 5356
f 6777 12589 2844
f 8178 8177 2845
f 2845 8177 9276
f 2845 9276 9275
f 12704 2845 9275
f 2846 3375 10570
f 2846 12654 3375
f 2846 9277 9279
f 10612 9277 2846
f 2846 9279 12654
f 10612 2846 10570
f 2847 9280 9282
f 2847 12672 9280
f 2847 9282 12645
f 2847 12645 9348
f 2847 9348 12646
f 2847 12646 12672
f 8848 2848 8846
f 8846 2848 9347
f 8848 9280 2848
f 9347 2848 9279
f 12654 9279 2848
f 12672 2848 9280
f 12672 12654 2848
f 8701 7082 2849
f 12573 2849 7082
f 9283 8701 2849
f 12080 9283 2849
f 9285 9283 2850
f 12070 2850 9283
f 9285 2850 12564
f 12069 2850 12070
f 12069 12565 2850
f 12564 2850 12565
f 2851 9287 9288
f 2851 12537 9287
f 2851 9288 9289
f 9296 2851 9289
f 9296 12538 2851
f 2851 12538 12537
f 2852 9290 9291
f 12800 9290 2852
f 2852 9291 9292
f 9308 2852 9292
f 9308 9300 2852
f 9300 12800 2852
f 8689 8688 2853
f 8688 9295 2853
f 8689 2853 9297
f 9296 9289 2853
f 9297 2853 9289
f 9296 2853 9295
f 2854 8708 8707
f 12678 2854 8707
f 9301 8708 2854
f 9299 9298 2854
f 9301 2854 9298
f 9299 2854 12678
f 9300 9298 2855
f 9305 2855 9298
f 9300 2855 12800
f 9303 12800 2855
f 9288 2856 9289
f 9288 9290 2856
f 9297 9289 2856
f 12800 2856 9290
f 9303 9297 2856
f 9303 2856 12800
f 9294 8694 2857
f 9849 2857 8694
f 9309 9294 2857
f 9309 2857 9851
f 9851 2857 9849
f 2858 3479 9317
f 2858 13318 3479
f 2858 9314 9313
f 2858 9313 10897
f 2858 9317 9314
f 2858 10897 13318
f 8666 8486 2859
f 9312 2859 8486
f 8666 2859 9316
f 9312 9314 2859
f 9314 9316 2859
f 8666 2860 8487
f 8487 2860 12687
f 8490 2860 8491
f 8490 12687 2860
f 9315 8491 2860
f 8666 9315 2860
f 9315 9316 2861
f 9315 2861 9318
f 9316 9317 2861
f 10909 2861 9317
f 12435 9318 2861
f 10909 12435 2861
f 2862 4628 3167
f 2862 3167 9319
f 2862 4629 4628
f 2862 4630 4629
f 9320 4630 2862
f 9320 2862 9319
f 2927 4720 2863
f 2927 2863 9476
f 4723 4724 2863
f 9476 2863 4724
f 2864 5109 9325
f 9321 2864 7472
f 7472 2864 9325
f 8363 2865 9330
f 8363 9351 2865
f 9328 2865 9261
f 9351 9261 2865
f 9328 9326 2865
f 9330 2865 9326
f 2866 9330 9326
f 13066 2866 9326
f 2866 9331 9330
f 2866 9332 9331
f 12965 9332 2866
f 13066 12965 2866
f 9331 2867 8363
f 8366 2867 8364
f 9331 8364 2867
f 2867 8366 8847
f 2868 2869 9333
f 2868 9335 2869
f 2868 10488 3319
f 2868 9333 9334
f 2868 9334 10488
f 2869 4770 4769
f 2869 4769 9337
f 2869 9336 4770
f 2869 9337 9333
f 2869 9335 9336
f 2870 9336 4765
f 2870 4767 4766
f 2870 4766 9336
f 9342 9339 2871
f 12682 9342 2871
f 8038 2872 8039
f 8038 12531 2872
f 9344 8039 2872
f 9341 2872 9340
f 9340 2872 12531
f 9344 2872 9341
f 9278 2873 9256
f 9256 2873 10250
f 9277 2873 9278
f 10610 2873 9277
f 10248 10250 2873
f 10610 10248 2873
f 9257 2874 9255
f 9346 9255 2874
f 9259 2874 9257
f 9261 2874 9259
f 9351 2874 9261
f 9351 9346 2874
f 3344 2876 10559
f 3344 10560 2876
f 2876 8664 9352
f 2876 10560 8664
f 2876 9352 9373
f 2876 9373 10559
f 2877 8483 2886
f 2877 2886 9374
f 2877 8485 8483
f 2877 10115 8485
f 2877 9374 9355
f 2877 9355 10115
f 2878 9373 9352
f 2878 9352 10115
f 2878 9355 9370
f 2878 10115 9355
f 2878 9370 9369
f 2878 9369 9373
f 2879 7744 2880
f 2879 2880 9356
f 2879 9356 6430
f 2879 6430 12729
f 2879 7746 7744
f 2879 12729 7746
f 2880 7744 9364
f 2880 9357 9356
f 2880 9365 9357
f 2880 9364 9365
f 2881 9358 9357
f 2881 9357 13226
f 2881 9361 9358
f 2881 9359 9361
f 2881 9362 9359
f 2881 13226 9362
f 2882 9364 7744
f 2882 7744 12679
f 2882 9367 9364
f 12678 9367 2882
f 12678 2882 12679
f 2883 9365 9368
f 2883 13226 9365
f 2883 9368 9371
f 2883 9371 9370
f 13188 2883 9370
f 13188 13226 2883
f 2884 9373 9372
f 2884 9372 12388
f 2884 10559 9373
f 2884 10557 10559
f 2884 12388 10557
f 2885 9355 9374
f 13188 9355 2885
f 2885 9363 9362
f 13188 2885 9362
f 2885 9374 9363
f 2886 8483 12687
f 2886 12687 8490
f 2887 3003 2966
f 8061 7094 2888
f 10465 2888 7094
f 7220 2888 10465
f 7436 8061 2888
f 6903 7088 2889
f 6904 2889 8237
f 7208 2889 7088
f 8237 2889 7208
f 2890 10011 3146
f 2890 3146 13431
f 9387 2890 9383
f 2890 13431 9383
f 9387 10012 2890
f 2890 10012 10011
f 4773 2892 2891
f 9386 2891 2892
f 4773 2891 9388
f 9388 2891 9384
f 2899 2892 5362
f 2899 9386 2892
f 4773 4749 2892
f 4749 5362 2892
f 6835 6442 2893
f 6442 12651 2893
f 6835 2893 12585
f 6839 12585 2893
f 2894 9388 9384
f 2894 9384 10002
f 2894 9389 9388
f 2894 10005 9389
f 10004 2894 10002
f 10004 10005 2894
f 2895 9390 9389
f 2895 9389 12368
f 9394 9390 2895
f 9394 2895 10650
f 2895 10651 10650
f 2895 12368 10651
f 2896 3487 13216
f 2896 13216 3734
f 2897 3143 10006
f 9396 7420 2897
f 2897 7420 12404
f 9396 2897 10006
f 9396 10006 2898
f 9397 2898 10012
f 9398 2899 2900
f 2899 9407 2900
f 2899 5362 9407
f 9398 9386 2899
f 2900 9407 9406
f 7407 7406 2901
f 9400 2901 7406
f 12710 7407 2901
f 9400 9399 2901
f 12710 2901 9399
f 9401 9400 2902
f 9400 9408 2902
f 9407 9401 2902
f 9407 2902 9406
f 9406 2902 9410
f 9408 9410 2902
f 9407 5362 2903
f 2903 9402 9401
f 9407 2903 9401
f 9404 9402 2903
f 8034 8033 2904
f 8033 9399 2904
f 9403 8034 2904
f 2904 9399 9402
f 9404 2904 9402
f 9404 9403 2904
f 2905 9393 9391
f 2905 9391 9405
f 9392 9393 2905
f 9404 2905 9405
f 2907 9403 2906
f 2907 2906 9572
f 2906 9403 9405
f 2906 9405 9573
f 2906 9573 9572
f 2907 8031 8034
f 2907 12534 8031
f 2907 8034 9403
f 2907 9572 12534
f 7421 2908 7419
f 12755 7419 2908
f 7421 9411 2908
f 9409 2908 9410
f 12755 2908 9409
f 2908 9411 9410
f 2909 9414 9412
f 9415 9414 2909
f 9415 2910 9414
f 9417 9414 2910
f 9767 2910 9415
f 9417 2910 9766
f 2910 9764 9766
f 9767 9764 2910
f 9418 2911 2912
f 12553 2912 2911
f 9425 9424 2911
f 9424 12553 2911
f 9419 9418 2912
f 12551 9419 2912
f 12551 2912 12552
f 12552 2912 12553
f 9422 12555 2913
f 12552 12553 2913
f 2914 9426 9427
f 9428 9426 2914
f 12519 2914 9427
f 9429 9428 2914
f 12517 9429 2914
f 12517 2914 12515
f 12519 12515 2914
f 9432 2915 9433
f 9432 12542 2915
f 2915 9434 9433
f 2915 12540 9434
f 2915 12541 12540
f 2915 12542 12541
f 9440 9441 2916
f 9440 2916 12557
f 2917 5554 2918
f 9443 2917 2918
f 9456 5554 2917
f 9457 2917 9443
f 9455 9456 2917
f 9455 2917 9457
f 2919 8016 2918
f 2919 2918 9447
f 5554 9448 2918
f 9443 2918 8016
f 2918 9448 9447
f 12712 8016 2919
f 12711 2919 9447
f 12712 2919 12711
f 2920 9448 5963
f 9466 2920 5963
f 2920 9449 9448
f 9462 9449 2920
f 9462 2920 9460
f 9465 9460 2920
f 9466 9465 2920
f 10757 7753 2921
f 7753 12434 2921
f 2921 9450 9452
f 2921 12434 9450
f 9454 2921 9452
f 9454 10757 2921
f 9450 2922 9451
f 12433 2922 9450
f 10351 9451 2922
f 10348 10350 2922
f 10348 2922 12433
f 10350 10351 2922
f 5554 2923 5963
f 9456 2923 5554
f 2923 9453 5963
f 9454 9453 2923
f 9454 2923 9456
f 2924 9452 9451
f 2924 9451 9463
f 2924 9453 9452
f 9466 9453 2924
f 9464 2924 9463
f 9466 2924 9464
f 7478 2925 7627
f 2925 7478 12750
f 9282 7627 2925
f 8745 9282 2925
f 12750 8745 2925
f 2926 7413 7412
f 2926 7412 9465
f 2926 12408 7413
f 2926 9465 9464
f 2926 9464 12408
f 2927 4718 4720
f 12546 4718 2927
f 2927 9476 9477
f 12546 2927 9477
f 9483 2928 9488
f 9684 2928 9483
f 9488 2928 9489
f 9687 2928 9684
f 2929 9480 9482
f 2929 9483 9480
f 6839 2930 12585
f 6839 12587 2930
f 12583 2930 6918
f 12583 12585 2930
f 8697 8769 2931
f 8697 2931 11083
f 8769 8768 2931
f 8768 13290 2931
f 11083 2931 11084
f 13290 11084 2931
f 2932 9487 9489
f 2932 9493 9487
f 9689 2932 9489
f 2932 9490 9492
f 9689 9490 2932
f 2932 9492 9493
f 9486 2933 8771
f 9495 2933 9486
f 2933 9495 11788
f 8700 2935 2934
f 9496 2934 2935
f 9484 8700 2934
f 9486 9484 2934
f 9494 9486 2934
f 9494 2934 9497
f 9496 9497 2934
f 8702 2935 8700
f 8702 9502 2935
f 9496 2935 9504
f 9502 9504 2935
f 2936 6908 6907
f 7403 2936 6907
f 7084 6908 2936
f 7084 2936 9506
f 7405 2936 7403
f 7405 9506 2936
f 2968 9585 2937
f 2968 2937 12204
f 2937 9509 9508
f 12205 2937 9508
f 2937 9586 9509
f 2937 9585 9586
f 12204 2937 12205
f 2938 6760 6759
f 2938 6759 9507
f 2938 6768 6760
f 2938 9511 6768
f 9509 2938 9507
f 9509 9513 2938
f 2938 9513 9511
f 2939 6117 6263
f 2939 11824 6117
f 2939 6263 9511
f 2939 9510 11824
f 2939 9511 9512
f 2940 9585 2967
f 11112 2940 2967
f 9586 2940 9514
f 11112 9514 2940
f 9586 9585 2940
f 11112 2941 9514
f 11466 9515 2941
f 11972 9517 2942
f 11972 2942 13143
f 2943 9517 11972
f 9518 2943 11970
f 11970 2943 11971
f 2943 11972 11971
f 9518 9526 2944
f 9519 2944 9525
f 9526 9525 2944
f 2945 6105 6117
f 9519 6105 2945
f 2945 6117 6625
f 2945 6625 6624
f 2946 6263 6105
f 2946 6105 9525
f 2946 6768 6263
f 9523 6768 2946
f 9523 2946 9524
f 9524 2946 9525
f 2947 9526 3860
f 2947 3860 13137
f 2947 9522 9524
f 2947 13136 9522
f 2947 9524 9526
f 2947 13137 13136
f 7514 9531 2948
f 7514 2948 9537
f 9529 2948 9530
f 9529 9535 2948
f 9530 2948 9531
f 9535 9537 2948
f 9528 2949 9529
f 9528 11967 2949
f 2949 9534 9529
f 2949 11969 9534
f 2949 11967 11969
f 9534 2950 9535
f 13145 2950 9534
f 13145 13144 2950
f 6642 8284 2951
f 8284 8325 2951
f 8325 9538 2951
f 8325 2952 9538
f 8325 9555 2952
f 9538 2952 9539
f 9544 9539 2952
f 9552 9544 2952
f 9555 9552 2952
f 6634 2953 6635
f 6634 9543 2953
f 6635 2953 7514
f 7514 2953 9541
f 9540 9541 2953
f 9540 2953 9542
f 2953 9543 9542
f 7676 9541 2954
f 7676 2954 9547
f 9539 2954 9540
f 9544 2954 9539
f 2954 9541 9540
f 9546 2954 9544
f 9547 2954 9546
f 9234 2955 9235
f 9234 12536 2955
f 2955 9236 9235
f 9551 9236 2955
f 9551 2955 9549
f 12536 9549 2955
f 2956 9242 9241
f 9551 2956 9241
f 2956 12532 9242
f 9551 9550 2956
f 12531 2956 9550
f 12531 12532 2956
f 6892 6844 2957
f 12583 2957 6844
f 12583 12594 2957
f 9557 2958 2959
f 11913 2959 2958
f 9557 9556 2958
f 9556 11807 2958
f 2977 9609 2959
f 2977 2959 11913
f 9558 9557 2959
f 9558 2959 9609
f 9558 2962 2960
f 2962 9568 2960
f 9559 9558 2960
f 9560 9559 2960
f 9565 9560 2960
f 9565 2960 9568
f 2961 8477 8284
f 2961 8284 9562
f 9566 8477 2961
f 2961 9561 9560
f 9566 2961 9560
f 2961 9562 9561
f 9558 9609 2962
f 13160 9568 2962
f 2962 9609 9608
f 13160 2962 9608
f 2963 9569 9571
f 2963 11375 9569
f 2963 9571 9573
f 2963 9573 9575
f 2963 9575 12242
f 2963 12242 11375
f 2964 9570 9569
f 2964 9569 11374
f 2964 9576 9570
f 2964 9578 9576
f 2964 11373 9578
f 2964 11374 11373
f 2965 9571 9570
f 2965 9570 9577
f 2965 9572 9571
f 12534 9572 2965
f 12533 2965 9577
f 12533 12534 2965
f 9925 9574 2967
f 11112 2967 9574
f 9585 9584 2967
f 9925 2967 9584
f 2968 9584 9585
f 2968 12204 9587
f 9589 9590 2969
f 12563 2969 9590
f 9591 2969 12569
f 2986 2970 9591
f 9633 2970 2986
f 9592 9591 2970
f 9601 9592 2970
f 9631 9601 2970
f 9633 9631 2970
f 9593 9592 2971
f 9601 2971 9592
f 9593 2971 9594
f 9594 2971 9599
f 9599 2971 9600
f 9600 2971 9601
f 9594 9467 2972
f 9593 9594 2972
f 9593 2972 9596
f 9599 6654 2973
f 9594 2973 9467
f 11466 9467 2973
f 9594 9599 2973
f 9600 9601 2974
f 9631 2974 9601
f 9602 2974 9629
f 9631 9629 2974
f 6673 2975 7253
f 9604 2975 6673
f 7253 2975 6810
f 9602 6810 2975
f 9602 2975 9603
f 9603 2975 9604
f 2976 9608 8615
f 13160 9608 2976
f 13158 2976 13156
f 13158 13160 2976
f 2977 9607 9609
f 2977 11913 12671
f 2978 4722 5404
f 6675 4722 2978
f 9615 2978 5404
f 9613 6675 2978
f 9613 2978 9612
f 9615 9612 2978
f 9615 9641 2979
f 9617 2979 9639
f 9622 9617 2980
f 9617 9639 2980
f 9623 9622 2980
f 9623 2980 9625
f 9639 9625 2980
f 9622 3245 2981
f 3245 11696 2981
f 9622 2981 9617
f 11696 9619 2981
f 9622 2982 3245
f 3245 2982 13182
f 9623 2982 9622
f 6721 2983 12607
f 6721 12608 2983
f 2983 12606 12607
f 9624 2984 9626
f 13214 2984 9624
f 2985 6457 6810
f 2985 7973 6457
f 2985 6810 9602
f 2985 9602 9629
f 2985 9629 9628
f 2986 9591 12569
f 9634 9633 2986
f 12568 2986 12569
f 9638 2987 9625
f 13214 9625 2987
f 13214 2987 13209
f 2988 5404 6301
f 9641 5404 2988
f 2988 6301 7972
f 2988 7972 7978
f 9643 2988 7978
f 9643 9641 2988
f 2989 13325 7710
f 2989 9645 9644
f 2989 9644 13325
f 2989 10822 9645
f 2990 9011 9647
f 2990 9653 9011
f 2990 9644 9646
f 2990 9649 9644
f 2990 9646 9653
f 2990 9647 9649
f 12126 2991 9210
f 9843 12125 2991
f 12126 9843 2991
f 12128 2991 12125
f 2992 9651 9645
f 2992 9645 10822
f 2992 9650 9651
f 2992 9652 9650
f 2992 10821 9652
f 2992 10822 10821
f 2993 9011 9653
f 9655 9011 2993
f 2993 9653 9654
f 2993 9654 9660
f 9655 2993 9656
f 9656 2993 9660
f 2994 3712 2997
f 2994 2997 8675
f 2994 8933 3712
f 2994 8675 9659
f 2994 8934 8933
f 2994 9659 8934
f 2995 2996 9659
f 2995 12674 2996
f 2995 8675 8676
f 2995 9659 8675
f 2995 8676 8678
f 2996 8935 8934
f 2996 8934 9659
f 2996 8943 8935
f 2996 12674 8943
f 2997 3712 8812
f 2997 9661 8675
f 2997 8812 9677
f 2997 9677 9661
f 2998 9664 8682
f 2998 8682 13382
f 2998 9662 9664
f 10392 9662 2998
f 10392 2998 10389
f 2998 13382 10389
f 2999 8941 9663
f 2999 9663 9662
f 10392 2999 9662
f 10391 2999 10392
f 3000 8943 12674
f 3000 9664 9663
f 3000 9665 9664
f 3000 12674 9665
f 4483 3001 3901
f 3901 3001 9669
f 4483 8683 3001
f 8582 3001 8683
f 8582 9670 3001
f 3001 9670 9669
f 3002 4791 3077
f 4830 3002 3077
f 3002 3088 4793
f 3002 4915 3088
f 3002 4793 4791
f 4830 11762 3002
f 3002 11762 4915
f 7331 3003 6039
f 3004 3006 7535
f 3004 9674 3006
f 3004 7535 7534
f 3004 7534 8390
f 8518 3004 8390
f 8518 9674 3004
f 8518 9671 3005
f 8518 3005 9674
f 9671 12523 3005
f 9674 3005 9727
f 7535 3006 7537
f 7537 3006 7540
f 3006 12520 7540
f 9674 12520 3006
f 3007 8811 3560
f 3007 3560 9669
f 3007 9677 8811
f 3007 9668 9667
f 3007 9667 9677
f 3007 9669 9668
f 4472 4476 3008
f 4482 4472 3008
f 4476 4479 3008
f 9679 3008 4479
f 9680 4482 3008
f 9680 3008 9679
f 9929 3009 7117
f 8995 3009 8996
f 8995 9781 3009
f 8996 3009 9929
f 3010 9683 8988
f 3010 8993 12525
f 6884 6883 3011
f 3011 6883 6886
f 6884 3011 10652
f 12849 3011 6886
f 10652 3011 7183
f 12851 7183 3011
f 12851 3011 12849
f 6617 3012 12832
f 3012 6800 12832
f 12851 6800 3012
f 12851 3012 7183
f 3013 9210 9209
f 12126 9210 3013
f 3013 9687 9688
f 12126 3013 9688
f 8349 3014 8369
f 8349 11790 3014
f 8369 3014 11789
f 3014 11787 11789
f 3014 11790 11787
f 3016 10438 3015
f 3016 3015 13368
f 9694 9693 3015
f 13370 3015 9693
f 9694 3015 10438
f 13370 13368 3015
f 3016 10439 10438
f 3016 13369 10439
f 3016 13368 13369
f 9694 3018 3017
f 13058 3017 3018
f 9693 3017 9691
f 3017 9696 9691
f 9694 3017 9693
f 3017 9735 9696
f 13058 9735 3017
f 9694 9700 3018
f 9698 3018 9700
f 12670 3018 9698
f 13058 3018 12670
f 3020 9701 3019
f 3020 3019 10437
f 9698 9700 3019
f 9698 3019 9701
f 9700 10438 3019
f 3019 10438 10437
f 3020 8635 9701
f 13372 8635 3020
f 13373 3020 10437
f 13372 3020 13373
f 13464 4732 3021
f 3021 9704 9703
f 13464 3021 9703
f 3021 9705 9704
f 7501 3022 7502
f 7501 9382 3022
f 12750 8365 3022
f 12750 3022 9382
f 3023 3024 9013
f 3023 9707 3024
f 3023 9013 9709
f 3023 9702 9704
f 3023 9709 9702
f 3023 9704 9707
f 9013 3024 9711
f 9712 3024 9707
f 9712 9711 3024
f 9713 9712 3025
f 9734 3025 9712
f 9714 9713 3025
f 9714 3025 9738
f 9734 9736 3025
f 9736 9738 3025
f 3026 9122 9121
f 9715 3026 9121
f 3026 9123 9122
f 12413 9123 3026
f 9715 9714 3026
f 9714 12413 3026
f 12038 7877 3027
f 9994 11796 3027
f 12038 3027 11796
f 3028 9717 9718
f 3028 9719 9717
f 3028 9718 9728
f 9721 9719 3028
f 9722 9721 3028
f 9722 3028 9728
f 8864 3029 3031
f 3029 9745 3031
f 13238 3029 8864
f 9723 9724 3029
f 13238 9723 3029
f 3029 9724 9745
f 8862 3030 8861
f 3030 8863 8861
f 9281 3030 8862
f 8864 8863 3030
f 13238 8864 3030
f 13238 3030 9281
f 8864 3031 3032
f 3031 9744 3032
f 3031 9745 8725
f 8864 3032 8863
f 3032 9744 8866
f 3033 9733 4732
f 13465 3033 4732
f 3033 9728 9729
f 13465 9728 3033
f 3033 9729 9731
f 3033 9731 9733
f 3034 9718 9717
f 3034 9717 12327
f 3034 9729 9718
f 3034 9730 9729
f 3034 12328 9730
f 3034 12327 12328
f 3035 8656 8655
f 11110 3035 8655
f 3035 9749 8656
f 3035 9747 9749
f 11109 9747 3035
f 11109 3035 11107
f 11110 11107 3035
f 6072 6067 3036
f 11739 3036 11738
f 3037 9751 9750
f 11109 3037 9750
f 11163 9751 3037
f 11109 11108 3037
f 11108 11164 3037
f 11163 3037 11164
f 3038 3900 12109
f 13094 3900 3038
f 13095 3038 6566
f 3038 12109 9753
f 13095 13094 3038
f 3039 7029 9759
f 9921 7029 3039
f 7189 3039 9759
f 7189 9916 3039
f 9921 3039 9916
f 3040 6574 6573
f 9760 3040 6573
f 9763 6574 3040
f 9759 3040 9760
f 9759 9761 3040
f 9761 9763 3040
f 3041 9792 6577
f 12046 3041 6577
f 9763 3041 8752
f 12046 8752 3041
f 9762 3041 9763
f 9762 13461 3041
f 3041 13461 9792
f 9425 9417 3042
f 9417 9766 3042
f 9425 3042 9426
f 9427 9426 3042
f 12518 9427 3042
f 9765 3042 9766
f 12518 3042 9765
f 3043 4663 4662
f 3043 4662 9768
f 3043 4664 4663
f 3043 9767 4664
f 3043 9768 9767
f 9770 3044 9771
f 9770 12468 3044
f 3044 9772 9771
f 3044 12472 9772
f 3044 12468 12470
f 3044 12470 12472
f 3045 9773 9772
f 3045 9772 10187
f 3045 9778 9773
f 3045 9779 9778
f 3045 10186 9779
f 3045 10187 10186
f 9769 9771 3046
f 9769 3046 9774
f 3046 9771 9773
f 3046 9773 12516
f 3046 12515 9774
f 3046 12516 12515
f 3047 4745 4744
f 3047 4744 12517
f 3047 9777 4745
f 3047 9778 9777
f 3047 12516 9778
f 3047 12517 12516
f 3412 9777 3048
f 3412 3048 9780
f 9777 9779 3048
f 10185 3048 9779
f 10185 9780 3048
f 3049 8471 9780
f 3049 12466 8471
f 3049 9780 10184
f 3049 10184 10183
f 3050 9786 9785
f 3050 9785 9805
f 9787 3050 9789
f 9789 3050 9805
f 6592 6591 3051
f 6591 9790 3051
f 6592 3051 13460
f 3051 9790 9789
f 3051 9789 13458
f 3051 13458 13460
f 3052 9791 6577
f 3052 6577 9792
f 3052 13462 9791
f 3052 9792 9799
f 9794 9793 3052
f 3052 9793 13462
f 9794 3052 9799
f 4659 4661 3053
f 4659 3053 9802
f 4661 9796 3053
f 3053 9796 9803
f 3053 9801 9802
f 3053 9803 9801
f 4665 3054 4666
f 4666 3054 9798
f 5762 3054 5761
f 5762 9798 3054
f 6618 6617 3055
f 9803 6618 3055
f 9801 3055 6863
f 9803 3055 9801
f 3056 9802 9801
f 3056 9801 12509
f 3056 12509 12507
f 3057 9808 9807
f 3057 9807 13411
f 10082 9808 3057
f 10082 3057 10083
f 3057 10084 10083
f 3057 13411 10084
f 4830 3077 3058
f 6652 3058 4222
f 6652 4830 3058
f 3059 8380 9811
f 3059 13460 8380
f 3059 9811 9809
f 3059 9809 9815
f 3059 9815 9814
f 3059 9814 13460
f 3060 9818 9817
f 10082 3060 9817
f 3060 9819 9818
f 3060 13420 9819
f 9230 3061 9824
f 9821 9824 3061
f 9821 3061 13408
f 9822 3062 9824
f 9822 9826 3062
f 9824 3062 13457
f 9825 3062 9826
f 9825 13456 3062
f 13457 3062 13456
f 4123 3063 7373
f 4123 10096 3063
f 3063 11443 7373
f 3064 9831 9833
f 9834 9831 3064
f 3064 9833 9845
f 9834 3064 13456
f 3064 9845 9837
f 13456 3064 9837
f 9230 3065 9231
f 9230 9838 3065
f 9231 3065 9232
f 3065 9838 9839
f 3066 12535 9234
f 3066 9839 12537
f 3066 12538 12535
f 3066 12537 12538
f 3067 9844 9287
f 3067 9287 12537
f 9836 3067 9838
f 9836 9844 3067
f 3067 9839 9838
f 3067 12537 9839
f 3068 9292 9291
f 3068 9291 9833
f 3068 9293 9292
f 3068 9832 9293
f 3068 9831 9832
f 3068 9833 9831
f 3069 9848 9847
f 13453 3069 9847
f 9871 9848 3069
f 9871 3069 9869
f 9872 9869 3069
f 9872 3069 13453
f 3070 8694 8359
f 3070 8627 9846
f 9849 8694 3070
f 9849 3070 9846
f 9851 9850 3071
f 9871 3071 9850
f 12391 9851 3071
f 9871 9870 3071
f 9870 12390 3071
f 12391 3071 12390
f 3072 9854 9855
f 3072 10164 9854
f 3072 10163 10164
f 3072 12474 10163
f 3073 9854 9857
f 9856 3073 9857
f 12501 3073 9856
f 12501 12505 3073
f 3074 12502 9856
f 9862 12503 3074
f 3074 12503 12502
f 3195 3075 8242
f 12469 3075 3195
f 3075 10163 8242
f 3075 10164 10163
f 9859 9858 3076
f 9860 9859 3076
f 9860 3076 12467
f 12467 3076 12468
f 12468 3076 12469
f 9000 8999 3078
f 8999 9865 3078
f 9000 3078 9868
f 9863 3078 9865
f 9863 9867 3078
f 9868 3078 9867
f 3079 9868 9867
f 3079 9867 11366
f 13261 9868 3079
f 11364 3079 11365
f 11364 13261 3079
f 3079 11366 11365
f 3080 8851 8850
f 8853 3080 8850
f 9877 8851 3080
f 8853 10130 3080
f 9875 3080 9873
f 9873 3080 10130
f 9875 9877 3080
f 9875 9874 3081
f 9874 12500 3081
f 9875 3081 9876
f 9876 3081 12499
f 12499 3081 12498
f 12500 12498 3081
f 9874 10129 3082
f 9874 3082 12500
f 9878 9879 3082
f 9878 3082 10129
f 9245 3083 9190
f 9878 9190 3083
f 9244 9243 3083
f 9879 3083 9243
f 9245 9244 3083
f 9878 3083 9879
f 9881 3084 9882
f 12237 3084 9881
f 9882 3084 9883
f 11350 9883 3084
f 11350 3084 12239
f 12237 12239 3084
f 3085 8065 3648
f 3085 3648 11380
f 3085 11384 8065
f 3085 11380 11382
f 3085 11382 11384
f 3376 3086 9886
f 3376 9890 3086
f 9883 3086 9884
f 9883 11349 3086
f 12499 9884 3086
f 11349 9886 3086
f 9890 12499 3086
f 3087 8828 8340
f 3087 8340 9888
f 3087 8829 8828
f 8830 8829 3087
f 8830 3087 9886
f 9886 3087 9888
f 4816 4793 3088
f 4816 3088 4794
f 4925 4794 3088
f 3088 4915 4925
f 3089 9892 6542
f 3089 6542 9893
f 3089 9891 9892
f 3089 9896 9891
f 3089 9893 10139
f 3089 10139 9896
f 11225 3090 3594
f 11227 3594 3090
f 10812 7694 3090
f 11225 10812 3090
f 3091 7027 7026
f 3091 7026 7227
f 9906 7027 3091
f 3091 7225 7226
f 3091 7227 7225
f 9906 3091 7226
f 3092 7021 7024
f 9906 3092 7024
f 9800 3092 11142
f 9906 11142 3092
f 7195 7194 3093
f 7194 11336 3093
f 7195 3093 9100
f 3093 11335 9100
f 3093 11333 11335
f 3093 11336 11333
f 3635 3094 9100
f 3635 9907 3094
f 7196 9100 3094
f 7196 3094 9914
f 3094 9907 13448
f 3094 13448 9914
f 3095 6559 6558
f 3095 6558 9909
f 3095 13266 6559
f 3095 9909 9908
f 3095 9908 13265
f 3095 13265 13266
f 3096 9911 3097
f 3096 3097 9915
f 3096 9915 6554
f 3096 6554 13446
f 3096 13447 9911
f 3096 13446 13447
f 3097 9911 9912
f 3097 9912 13448
f 3871 8563 3098
f 13402 8577 3098
f 3099 9912 9911
f 3099 9911 13447
f 3099 9913 9912
f 3099 9916 9913
f 9921 9916 3099
f 3100 6553 9904
f 3100 13446 6553
f 3100 9904 9903
f 3100 9903 9917
f 9919 3100 9917
f 9919 9920 3100
f 9920 13446 3100
f 9898 3101 9897
f 9899 9897 3101
f 9898 12496 3101
f 9917 9899 3101
f 9917 3101 9918
f 9918 3101 12496
f 3102 3107 9922
f 3102 13444 3107
f 3102 9922 10357
f 3102 10357 10358
f 3102 13386 13444
f 3103 8931 8930
f 3103 8930 8936
f 3103 13386 8931
f 3103 8936 13444
f 3103 13444 13386
f 3104 3106 8938
f 3104 9923 3106
f 3104 8938 3280
f 3104 3280 13379
f 3104 10408 9923
f 3104 13379 10408
f 3105 8599 3107
f 3105 3107 13445
f 3105 9926 8599
f 3105 9923 10407
f 3105 13445 9923
f 3105 10407 9926
f 3106 8936 8937
f 3106 13445 8936
f 3106 8937 8938
f 3106 9923 13445
f 3107 8599 9922
f 3107 13444 13445
f 3108 8030 8590
f 3108 10978 8030
f 3108 8590 8592
f 3108 8592 10980
f 3108 10979 10978
f 3108 10980 10979
f 8030 3109 8603
f 8030 9932 3109
f 8603 3109 8601
f 8601 3109 8604
f 13443 8604 3109
f 9932 9931 3109
f 9931 13443 3109
f 9932 3110 9930
f 13302 9930 3110
f 9932 10978 3110
f 10978 10977 3110
f 13300 3110 10977
f 13302 3110 13300
f 8971 3111 9267
f 9935 9267 3111
f 9935 3111 9933
f 9933 3111 10365
f 8596 3112 8597
f 8596 8604 3112
f 10360 8597 3112
f 8604 9934 3112
f 10361 3112 9934
f 10360 3112 10361
f 3113 8956 8955
f 9935 3113 8955
f 13443 8956 3113
f 9935 9934 3113
f 13443 3113 9934
f 3114 7249 7248
f 3114 7248 7451
f 3114 7250 7249
f 3114 7736 7250
f 3114 7451 7450
f 3114 7450 7736
f 3115 7246 7736
f 9949 3115 7736
f 9949 9948 3115
f 9948 11784 3115
f 3116 4569 10216
f 3116 9937 9936
f 3116 9938 9937
f 3116 10216 9938
f 9937 9938 3117
f 9938 9939 3117
f 9939 9941 3117
f 9941 9942 3117
f 12494 3117 9942
f 3118 9944 4643
f 3118 4643 12494
f 3118 12494 9942
f 3118 9945 9944
f 3119 6970 8140
f 3119 9945 6970
f 3119 8139 8138
f 3119 8138 9943
f 3119 8140 8139
f 3119 9943 9945
f 3120 7450 7452
f 9949 7450 3120
f 3120 7452 11771
f 9949 3120 9947
f 9947 3120 11769
f 3120 11770 11769
f 3120 11771 11770
f 3199 3186 3121
f 3186 10745 3121
f 3199 3121 3429
f 9950 3429 3121
f 9950 3121 10747
f 3121 10745 10747
f 9165 3122 13439
f 9958 3122 9952
f 9957 3122 9958
f 9957 13439 3122
f 5675 5670 3123
f 5675 3123 7149
f 9955 3124 9953
f 9953 3124 9960
f 9955 9957 3124
f 9957 9959 3124
f 9959 13341 3124
f 9960 3124 13341
f 3125 9962 9964
f 3125 10028 9962
f 3125 9964 9966
f 3125 9966 10030
f 3125 10029 10028
f 3125 10030 10029
f 3126 9963 9962
f 3126 9962 9972
f 3126 13440 9963
f 3126 9971 9970
f 3126 9970 13440
f 3126 9972 9971
f 10273 3127 3277
f 3127 10385 3277
f 7711 3127 10273
f 7711 10818 3127
f 8130 10385 3127
f 8130 3127 10818
f 3181 8650 3128
f 8644 8638 3128
f 9149 3129 9150
f 9149 9977 3129
f 3129 10249 9150
f 9977 9976 3129
f 3129 9976 10250
f 3129 10250 10249
f 3130 9480 9479
f 9977 3130 9479
f 9482 9480 3130
f 9482 3130 9978
f 10247 3130 9977
f 12457 9978 3130
f 12457 3130 10247
f 3131 3134 9989
f 10004 3134 3131
f 3131 9982 3142
f 3131 3142 10005
f 3131 9989 9982
f 10004 3131 10005
f 3132 8975 9980
f 3132 13437 8975
f 3132 9980 9982
f 3132 9982 9989
f 3132 9989 9987
f 3132 9987 13437
f 3133 9988 9986
f 3133 9986 10088
f 3133 9987 9988
f 3133 13436 9987
f 3133 10088 13435
f 3133 13435 13436
f 3134 9988 9989
f 13429 9988 3134
f 10004 10003 3134
f 10003 13429 3134
f 3135 9984 9986
f 13427 9984 3135
f 3135 9986 9988
f 13429 3135 9988
f 13428 13427 3135
f 13428 3135 13429
f 9992 9991 3136
f 10539 3136 9991
f 9992 3136 10537
f 10536 10537 3136
f 10536 3136 10539
f 10537 3137 9992
f 10538 9998 3137
f 3137 9998 13434
f 10537 10538 3137
f 3138 9998 10000
f 13434 9998 3138
f 13435 13434 3138
f 13436 13435 3138
f 8969 8968 3139
f 3139 8968 10000
f 8969 3139 13355
f 3139 10000 9998
f 3139 9998 13353
f 3139 13353 13355
f 8683 8818 3140
f 9197 8683 3140
f 3140 8818 8817
f 10001 3140 8817
f 9199 9197 3140
f 9199 3140 10001
f 10003 10002 3141
f 10002 13431 3141
f 10003 3141 13429
f 3141 13428 13429
f 3142 9982 9981
f 12366 3142 9981
f 12368 10005 3142
f 12367 3142 12366
f 12368 3142 12367
f 10023 3143 3153
f 10007 10006 3143
f 10023 10007 3143
f 10008 3144 3145
f 10015 3145 3144
f 10008 10007 3144
f 10023 3144 10007
f 10015 3144 10022
f 10023 10022 3144
f 10010 10008 3145
f 10010 3145 10013
f 10013 3145 10014
f 10014 3145 10015
f 3146 10011 10010
f 3146 10010 13433
f 8554 3147 8555
f 13427 3147 8554
f 8555 3147 8556
f 10013 8556 3147
f 10013 3147 13433
f 13427 13433 3147
f 3152 10017 3148
f 3152 3148 10020
f 10015 3148 10016
f 10015 10022 3148
f 3148 10017 10016
f 3148 10022 10020
f 3149 8566 8565
f 3149 8565 10018
f 13424 8566 3149
f 3149 10018 10017
f 13424 3149 10017
f 3151 3150 7007
f 3151 7709 3150
f 3150 7709 4936
f 3150 4936 12307
f 3150 12308 7007
f 3150 12307 12308
f 3151 7007 7761
f 3151 7708 7709
f 3151 7760 7708
f 3151 7761 7760
f 13424 10017 3152
f 3152 10020 10019
f 13426 13424 3152
f 10024 10023 3153
f 3154 9973 9972
f 3154 9972 10028
f 3154 12398 9973
f 3154 10028 10027
f 3154 10027 12399
f 3154 12399 12398
f 3155 9056 9055
f 3155 9055 9064
f 3155 13421 9056
f 3155 9064 10031
f 3155 10031 10030
f 3155 10030 13421
f 3156 7075 7074
f 3156 7074 11265
f 7076 7075 3156
f 7076 3156 10036
f 10036 3156 13004
f 11266 3156 11265
f 11266 13004 3156
f 4617 3157 3158
f 3157 10047 3158
f 4617 10048 3157
f 3157 10045 10047
f 12492 10045 3157
f 12492 3157 10048
f 4617 3158 10051
f 11283 3158 10047
f 3158 12249 10051
f 11283 12249 3158
f 3159 5924 5753
f 12914 3159 5753
f 3160 12172 7539
f 3160 7539 12522
f 10043 10040 3160
f 3160 10040 12172
f 10043 3160 10044
f 3160 12522 10044
f 3161 10109 3162
f 13415 3161 3162
f 10085 3161 10086
f 10085 10110 3161
f 10086 3161 13415
f 3161 10110 10109
f 10058 3162 10059
f 13415 3162 10058
f 3162 10061 10059
f 3162 10108 10061
f 3162 10109 10108
f 6501 3163 7539
f 6501 10060 3163
f 7041 3163 7039
f 3163 10062 7039
f 7041 7539 3163
f 3163 10060 10059
f 3163 10059 10062
f 10065 10064 3164
f 12250 3164 10064
f 10065 3164 11287
f 3164 11288 11287
f 11289 11288 3164
f 11289 3164 12250
f 10065 3165 10063
f 10066 10063 3165
f 10069 3165 10065
f 12490 10066 3165
f 10069 10068 3165
f 12490 3165 10068
f 3166 4747 4746
f 3166 4746 4750
f 3166 11286 4747
f 10069 3166 4750
f 10069 11287 3166
f 3166 11287 11286
f 3167 4618 4619
f 3167 4628 4618
f 9323 3167 4619
f 9323 9319 3167
f 5752 5751 3168
f 10078 3168 5751
f 10070 10071 3168
f 10070 3168 10077
f 10078 10077 3168
f 10076 10075 3169
f 13416 3169 10075
f 10077 10076 3169
f 10077 3169 13419
f 13416 13417 3169
f 13417 13419 3169
f 10076 3170 10074
f 10079 10074 3170
f 10078 3170 10076
f 10078 12990 3170
f 10079 3170 12989
f 3170 12990 12989
f 10081 10083 3171
f 10081 3171 13417
f 10083 10085 3171
f 3171 10085 10087
f 3171 10087 13418
f 13417 3171 13418
f 3173 3174 10091
f 3173 12373 3174
f 3173 10091 10090
f 3173 10090 12371
f 3173 12371 12372
f 3173 12372 12373
f 3174 3177 10092
f 3174 10614 3177
f 3174 10092 10091
f 3174 12373 10614
f 8263 10094 3175
f 8263 3175 12487
f 12487 3175 10093
f 12487 3176 4622
f 3176 10093 10092
f 3176 10092 10097
f 12487 10093 3176
f 10097 10092 3177
f 10613 10097 3177
f 10613 3177 10614
f 3178 6404 10102
f 3178 12485 6404
f 3178 10102 10103
f 3178 10103 12483
f 3178 12483 12485
f 10107 3179 10106
f 10107 10109 3179
f 3179 10109 10110
f 13412 3179 10110
f 8526 3204 3180
f 3204 10688 3180
f 8525 8526 3180
f 8525 3180 8527
f 8527 3180 10201
f 3180 10688 10201
f 8653 3181 8634
f 8526 10118 3182
f 8526 3182 10134
f 3182 10118 10132
f 3182 10132 10119
f 9219 10131 3183
f 9219 3183 10133
f 3183 10119 10133
f 10120 3183 10131
f 3184 9187 9188
f 3184 9245 9187
f 3184 9188 10121
f 3184 9247 9245
f 3184 10120 9247
f 3184 10121 10120
f 10123 3185 10124
f 10123 11875 3185
f 11833 10124 3185
f 11833 3185 11834
f 11834 3185 11874
f 11875 11874 3185
f 3199 8278 3186
f 3187 8255 10026
f 3187 10125 8255
f 3187 8530 8529
f 3187 8529 10125
f 3187 8613 8530
f 3187 10026 8613
f 7002 3188 7003
f 7002 9546 3188
f 10136 7003 3188
f 9546 9545 3188
f 9545 12476 3188
f 10136 3188 12477
f 12477 3188 12476
f 13406 7325 3189
f 3189 9896 10139
f 3189 10139 10138
f 13404 3189 10138
f 13406 3189 13404
f 6470 6469 3190
f 6469 10138 3190
f 6474 6470 3190
f 6474 3190 10140
f 3190 10138 10140
f 10141 3191 10142
f 10142 3191 10143
f 3191 10194 10143
f 10192 10194 3191
f 8687 8804 3192
f 10153 3193 10154
f 10153 10158 3193
f 10154 3193 10155
f 12475 10155 3193
f 3193 10158 10157
f 12473 3193 10157
f 12475 3193 12473
f 3194 10158 3461
f 3194 3461 12348
f 3194 10156 10158
f 3194 10159 10156
f 3194 12347 10159
f 3194 12348 12347
f 3195 8242 10161
f 3195 10161 12471
f 12469 3195 12470
f 12470 3195 12471
f 3196 10160 8242
f 3196 8242 10163
f 3196 10166 10160
f 12474 3196 10163
f 12473 10166 3196
f 12474 12473 3196
f 8213 3197 8211
f 10168 8211 3197
f 8478 13090 3197
f 10168 3197 13090
f 3198 6480 6479
f 3198 6479 10172
f 13401 6480 3198
f 13401 3198 13400
f 3199 3429 13344
f 3199 10748 8278
f 3199 13344 10748
f 10177 3200 10176
f 10177 10179 3200
f 3200 10179 10178
f 13401 3200 10178
f 10195 3201 10198
f 10719 3201 10196
f 3201 10199 10198
f 10719 10199 3201
f 4606 10195 3202
f 10195 10197 3202
f 12465 3202 10197
f 12465 12466 3202
f 4738 4731 3203
f 4731 10197 3203
f 4738 3203 12361
f 3203 10197 10198
f 3203 10198 10200
f 12361 3203 10200
f 3204 10134 3402
f 3204 3402 10686
f 8526 10134 3204
f 3204 10686 10688
f 11875 3205 3229
f 3229 3205 11876
f 10125 8415 3205
f 8415 11876 3205
f 10123 10125 3205
f 10123 3205 11875
f 3206 8289 8204
f 3206 8204 13393
f 3206 10128 8289
f 8851 3206 8849
f 8849 3206 13394
f 8851 10128 3206
f 3206 13393 13394
f 8517 3207 3214
f 10210 3214 3207
f 10114 3207 8517
f 10208 3207 10114
f 10208 10209 3207
f 10210 3207 10209
f 3208 10211 10214
f 3208 10214 10213
f 12462 3208 10213
f 12462 12461 3208
f 3209 10212 10214
f 10215 10212 3209
f 3209 10214 10962
f 10215 3209 12332
f 3209 10962 10961
f 12332 3209 10961
f 8865 3210 5066
f 12458 5066 3210
f 10226 10225 3210
f 10225 12458 3210
f 4572 10224 3211
f 3211 8306 9940
f 10228 8306 3211
f 10228 3211 10224
f 10232 8729 3212
f 10233 3212 8729
f 10231 3212 10229
f 10229 3212 10234
f 10232 3212 10231
f 10233 10234 3212
f 10230 3213 3214
f 13392 3214 3213
f 8504 3213 10222
f 8504 13392 3213
f 8844 10222 3213
f 10230 8844 3213
f 8517 3214 13392
f 10230 3214 10210
f 10239 3215 10237
f 10240 10237 3215
f 10239 10404 3215
f 10240 3215 10241
f 10241 3215 10402
f 10402 3215 10404
f 5067 3216 3217
f 10240 3217 3216
f 5066 3216 5065
f 5067 5065 3216
f 12458 3216 5066
f 10240 3216 12458
f 5067 3217 12418
f 10240 10241 3217
f 10241 10403 3217
f 3217 10403 12418
f 3218 10245 10244
f 3218 10244 13304
f 3218 10989 10245
f 3218 10987 10989
f 3218 10990 10987
f 3218 13304 10990
f 3219 6954 6955
f 3219 7037 6958
f 11465 3220 3710
f 3220 11542 3710
f 3220 11465 3764
f 3764 13194 3220
f 10252 11542 3220
f 13194 10252 3220
f 6415 6414 3221
f 6414 10267 3221
f 7273 6415 3221
f 7274 7273 3221
f 7274 3221 10256
f 10267 10256 3221
f 3222 4785 6899
f 4793 3222 4791
f 4791 3222 6843
f 6843 3222 6899
f 7718 3223 3556
f 3556 3223 7721
f 7718 7719 3223
f 7719 10255 3223
f 7721 3223 10256
f 10256 3223 10255
f 6266 3224 6264
f 6264 3224 9548
f 7719 3224 6266
f 7718 3224 7719
f 7718 9548 3224
f 3401 8524 3225
f 3401 3225 10257
f 3225 8521 8520
f 10259 3225 8520
f 3225 8524 8521
f 10257 3225 10259
f 10260 3226 6950
f 3226 10684 6950
f 10259 3226 10260
f 10259 13350 3226
f 3226 10685 10684
f 3226 13350 10685
f 3825 10261 3227
f 12448 3825 3227
f 3227 6953 6217
f 3227 10261 6953
f 8374 3228 10262
f 8374 11873 3228
f 10263 10262 3228
f 10263 3228 11874
f 3228 11873 11872
f 3228 11872 11874
f 10264 10263 3229
f 10263 11875 3229
f 10264 3229 10265
f 3229 11876 10265
f 6942 6943 3230
f 12455 6942 3230
f 6943 10265 3230
f 11876 3230 10265
f 12454 3230 11876
f 12454 12455 3230
f 3231 8299 8300
f 3231 8300 10271
f 3231 10271 10269
f 10272 3232 3233
f 10670 3233 3232
f 3232 10271 8300
f 10674 3232 8300
f 10272 10271 3232
f 10670 3232 10674
f 10272 3233 6945
f 12452 3233 10670
f 3281 6144 3234
f 8857 3235 8858
f 8857 10280 3235
f 8858 3235 12325
f 3235 9169 12325
f 3235 10280 10282
f 3236 8453 8451
f 3236 8451 10744
f 3236 10286 8453
f 10284 10285 3236
f 10284 3236 10744
f 10285 10286 3236
f 3237 8452 8453
f 3237 8454 8452
f 3237 8453 13391
f 3237 13307 8454
f 3237 8467 13307
f 3237 13391 8467
f 3238 10285 10284
f 3238 10284 10743
f 3238 10743 10742
f 3238 10742 13344
f 3238 13344 13345
f 3239 8661 8660
f 3239 8663 8661
f 12437 8663 3239
f 4526 3240 4522
f 3240 12446 4522
f 10294 3240 4526
f 8657 3240 8659
f 8657 12446 3240
f 10294 8659 3240
f 8716 8714 3241
f 3241 8714 13388
f 8716 3241 10296
f 3241 10277 10295
f 3241 13388 10277
f 3241 10295 10296
f 9744 3242 8866
f 3242 9910 8866
f 9744 10297 3242
f 3242 10274 9910
f 3242 10296 10274
f 10297 10296 3242
f 3244 3243 5571
f 3244 10300 3243
f 3243 5573 5571
f 8727 5573 3243
f 8728 8727 3243
f 8728 3243 10300
f 3244 5571 10303
f 3244 8715 10300
f 10308 3246 10306
f 3246 12353 10306
f 10309 3246 10308
f 10311 3246 10309
f 10313 3246 10311
f 10313 12353 3246
f 3247 10307 10306
f 3247 10306 12352
f 10838 10307 3247
f 10839 10838 3247
f 10839 3247 12351
f 3247 12352 12351
f 10308 3249 3248
f 3249 12443 3248
f 10310 3248 3251
f 3251 3248 12444
f 10309 10308 3248
f 10310 10309 3248
f 3248 12443 12444
f 10308 10307 3249
f 3249 10307 10316
f 10315 3249 10316
f 10315 12443 3249
f 3250 10314 10316
f 3250 10317 10314
f 10838 3250 10316
f 3250 12343 10317
f 3250 10837 12343
f 10319 10310 3251
f 10319 3251 10320
f 10320 3251 10321
f 10321 3251 12444
f 3252 7698 12438
f 10320 10322 3252
f 10320 3252 10324
f 10324 3252 12438
f 3253 6083 6082
f 3253 6424 6083
f 3253 6423 6424
f 3253 13197 6423
f 10326 10328 3254
f 10326 3254 10370
f 10328 10329 3254
f 10329 12421 3254
f 3254 12421 10370
f 3255 3258 10331
f 10368 3258 3255
f 10326 3255 10327
f 10369 3255 10326
f 10327 3255 10331
f 10368 3255 10369
f 3256 12442 4965
f 10328 3256 4971
f 10327 3256 10328
f 10327 12442 3256
f 4540 3257 4541
f 4540 12441 3257
f 4541 3257 10332
f 10332 3257 10331
f 10331 3257 12442
f 3257 12441 12442
f 10332 10331 3258
f 10368 12426 3258
f 12426 12425 3258
f 8492 3259 8493
f 10334 3259 8492
f 12430 8493 3259
f 10334 10333 3259
f 10333 12428 3259
f 12429 3259 12428
f 12430 3259 12429
f 12435 3260 9318
f 10337 3260 12436
f 12436 3260 12435
f 3261 8175 10338
f 3261 13387 8175
f 3261 8932 8931
f 3261 8931 13387
f 3261 10340 8932
f 3261 10338 10340
f 8687 3262 8804
f 8687 10339 3262
f 3262 8805 8804
f 3262 10343 8805
f 3262 10339 10341
f 3262 10341 10343
f 7946 7941 3263
f 8684 3263 7941
f 7946 3263 7944
f 3263 8805 7944
f 8684 8806 3263
f 3263 8806 8805
f 10346 3264 8174
f 8174 3264 10419
f 10345 3264 10346
f 10345 10420 3264
f 3264 10417 10419
f 3264 10420 10417
f 8794 8174 3265
f 10349 3265 8174
f 8794 3265 12431
f 10348 3265 10349
f 10348 12432 3265
f 3265 12432 12431
f 10351 8158 3266
f 12409 3266 8158
f 10351 3266 9463
f 12408 9463 3266
f 12408 3266 12406
f 12409 12406 3266
f 10354 3267 7752
f 7752 3267 12434
f 10353 3267 10354
f 3267 12431 12432
f 3267 12432 12434
f 9177 3268 8428
f 10360 8428 3268
f 10360 3268 8597
f 13385 8597 3268
f 10358 3268 9177
f 10358 10357 3268
f 10357 13385 3268
f 10360 3269 8428
f 3269 13383 8428
f 10361 9933 3269
f 9933 10365 3269
f 10360 10361 3269
f 10364 3269 10365
f 10364 13383 3269
f 8423 3270 10550
f 10363 3270 10364
f 10363 10550 3270
f 10364 3270 13383
f 3271 10367 4489
f 3271 10368 10367
f 3271 12426 10368
f 3272 4503 4502
f 3272 4502 11024
f 10372 4503 3272
f 10372 3272 10373
f 10373 3272 12216
f 3272 11024 11023
f 3272 11023 12216
f 10373 3273 10374
f 10373 12217 3273
f 10374 3273 10375
f 10375 3273 11528
f 3273 11527 11528
f 10376 10375 3274
f 3274 10375 10382
f 10377 10376 3274
f 10377 3274 12424
f 10381 3274 10382
f 12424 3274 10381
f 10380 10382 3275
f 10380 3275 10383
f 3275 10382 11528
f 10383 3275 11526
f 3275 11527 11526
f 3275 11528 11527
f 4520 4519 3276
f 4519 10384 3276
f 4520 3276 12209
f 10384 10383 3276
f 10383 12210 3276
f 3276 12210 12209
f 10273 3277 13327
f 3277 10385 10387
f 3277 10387 13328
f 3277 13328 13327
f 8130 3278 10385
f 8130 10388 3278
f 10386 10385 3278
f 13382 10386 3278
f 3278 10388 10389
f 13382 3278 10389
f 10165 3279 8396
f 13330 8396 3279
f 10276 3279 10818
f 10276 13330 3279
f 10391 8405 3280
f 8405 13379 3280
f 6135 3281 6130
f 3282 4492 4491
f 10399 3282 4491
f 3282 10401 4492
f 10398 10397 3282
f 10397 10401 3282
f 10399 10398 3282
f 10395 8129 3283
f 11013 3283 8129
f 10396 10395 3283
f 10397 10396 3283
f 10397 3283 11012
f 11013 11012 3283
f 3284 10400 3518
f 3284 3518 12317
f 4486 4485 3284
f 4485 10401 3284
f 4486 3284 12317
f 3284 10401 10400
f 3285 3314 10475
f 3285 13366 3314
f 3285 8400 8399
f 3285 8399 13366
f 3285 10405 8400
f 3285 10475 10405
f 3286 10471 8190
f 3286 10474 10471
f 8276 10407 3287
f 8404 8403 3287
f 8403 10406 3287
f 8404 3287 10408
f 10408 3287 10407
f 3288 4506 4505
f 3288 4505 12421
f 3288 10410 10409
f 3288 12422 10410
f 3288 12421 12422
f 3289 10409 10411
f 3289 10411 12419
f 3289 12419 10413
f 3290 7802 7803
f 3290 7804 7802
f 3290 7803 10413
f 7805 7804 3290
f 7805 3290 12419
f 12419 3290 10413
f 3291 4511 4510
f 3291 4510 10412
f 3291 12418 4511
f 3291 12417 12418
f 3557 3292 6387
f 3557 10463 3292
f 3292 6388 6387
f 3292 11722 6388
f 10463 10464 3292
f 10464 13183 3292
f 3292 13183 11722
f 6071 6070 3293
f 6391 3293 6070
f 6071 3293 11723
f 3293 6388 11723
f 6077 3295 3294
f 3295 10416 3294
f 6074 3294 6073
f 6073 3294 10416
f 6075 3294 6074
f 6077 3294 6075
f 13186 3295 6077
f 3295 13375 10416
f 13185 3295 13186
f 13185 13375 3295
f 10350 3296 8158
f 3296 10418 8158
f 10349 3296 10350
f 10349 10419 3296
f 3296 10417 10418
f 3296 10419 10417
f 9051 9050 3297
f 9050 10421 3297
f 9051 3297 12411
f 3297 10421 10420
f 12412 3297 10420
f 12412 12411 3297
f 3298 10422 3553
f 13285 3298 3553
f 6245 3298 13285
f 3298 6245 13375
f 10422 3298 10424
f 13375 10424 3298
f 10427 10426 3299
f 12400 3299 10426
f 10429 3300 7058
f 12406 7058 3300
f 10428 7413 3300
f 12408 3300 7413
f 10428 3300 10429
f 12408 12406 3300
f 8654 8636 3301
f 8636 13372 3301
f 8654 3301 10435
f 3301 10432 10435
f 3301 13374 10432
f 3301 13372 13374
f 8654 3302 8652
f 3302 8655 8652
f 8654 10435 3302
f 3302 11105 8655
f 3302 10435 10436
f 3302 10436 11105
f 10441 3303 10440
f 10442 10440 3303
f 10917 3303 10441
f 10916 10442 3303
f 10916 3303 10914
f 10917 10914 3303
f 3305 3304 10449
f 13370 3304 3305
f 13370 10444 3304
f 3304 10450 10449
f 3305 10449 10447
f 13370 3305 13368
f 3306 10449 3482
f 13309 3306 3482
f 3306 10447 10449
f 3306 10451 10447
f 13308 10451 3306
f 13309 13308 3306
f 3307 10453 10455
f 10973 10453 3307
f 3307 10455 10459
f 3307 10459 12329
f 10973 3307 12328
f 3307 12329 12328
f 3308 10455 10454
f 3308 10454 12396
f 3308 10456 10455
f 3308 12398 10456
f 3308 12396 12397
f 3308 12397 12398
f 8103 3309 10453
f 8103 10461 3309
f 3309 10454 10453
f 3309 12395 10454
f 3309 10461 12395
f 3310 10460 8103
f 3310 8103 10972
f 3310 10462 10460
f 3310 10972 10974
f 3311 6703 3608
f 3311 3608 6914
f 3311 6705 6703
f 3311 6912 6705
f 6915 6914 3312
f 3312 6914 7081
f 3312 7081 7083
f 8591 8190 3313
f 3313 8190 10471
f 8591 3313 8592
f 8592 3313 10473
f 3313 10471 10473
f 3314 8367 10476
f 3314 13366 8367
f 3314 10476 10475
f 3687 10480 3315
f 3687 3315 11486
f 10479 10477 3315
f 11486 3315 10477
f 10480 10482 3315
f 3316 3765 6706
f 3316 7090 3765
f 3316 6706 7093
f 3316 7093 7092
f 10464 3317 4923
f 13362 4923 3317
f 6370 6369 3317
f 6369 13362 3317
f 8799 6370 3317
f 8799 3317 10464
f 3318 10488 9334
f 3318 10487 11312
f 3318 10489 10488
f 3318 11312 10489
f 4470 3319 10492
f 3319 10488 10490
f 10490 10492 3319
f 4796 4826 3320
f 6782 4796 3320
f 6782 3320 9038
f 3321 10494 3322
f 3321 3322 10497
f 3321 11962 10494
f 13142 11962 3321
f 6361 6360 3322
f 6360 10497 3322
f 6361 3322 10495
f 3322 10494 10495
f 3323 10495 10499
f 13363 10495 3323
f 3323 10499 10501
f 3323 10501 10502
f 3323 10502 13364
f 13363 3323 13364
f 3324 10505 10506
f 3324 10518 10505
f 3324 10506 12479
f 3324 10519 10518
f 3324 12478 10519
f 3324 12479 12478
f 3325 10504 10503
f 3325 10503 10517
f 3325 10509 10504
f 3325 10507 10509
f 13361 10507 3325
f 13361 3325 10517
f 6985 6984 3326
f 3326 6984 10505
f 6985 3326 13364
f 3326 10505 10504
f 13365 3326 10504
f 13364 3326 13365
f 3327 4478 4477
f 3327 4477 10939
f 3327 12392 4478
f 3327 10512 10511
f 3327 10511 12392
f 3328 10510 10512
f 3328 10513 10510
f 3328 10512 12331
f 3328 12331 10963
f 3329 4479 4476
f 3329 4477 4478
f 4687 3329 4478
f 4687 4479 3329
f 6366 3330 6365
f 6369 6365 3330
f 12981 3330 6366
f 6369 3330 10515
f 10516 10515 3330
f 12981 10516 3330
f 7158 7157 3331
f 7157 10517 3331
f 7159 7158 3331
f 7159 3331 10518
f 3331 10517 10503
f 3331 10503 10518
f 6375 6374 3332
f 3332 6374 10523
f 6375 3332 10526
f 10521 3332 10522
f 10526 3332 10521
f 3332 10523 10522
f 7157 7156 3333
f 7156 10524 3333
f 13361 7157 3333
f 3333 10524 10523
f 13360 3333 10523
f 13360 13361 3333
f 10528 10527 3334
f 3334 10527 13339
f 10528 3334 10734
f 10734 3334 10735
f 3334 10736 10735
f 3334 13339 10736
f 3335 10528 3337
f 3335 3337 10532
f 3335 10529 10528
f 3335 10530 10529
f 3335 10535 10530
f 3335 10532 10533
f 3335 10533 10535
f 3336 8571 8570
f 10531 3336 8570
f 3336 8572 8571
f 3336 13356 8572
f 3336 10531 10530
f 3336 10530 13356
f 3337 10528 10734
f 3337 13346 10532
f 3337 10734 10733
f 3337 10733 13346
f 8361 3338 8362
f 13354 3338 8361
f 10537 8362 3338
f 10537 3338 10538
f 10538 3338 13354
f 10541 8902 3339
f 3339 8902 12387
f 10542 10541 3339
f 10542 3339 12389
f 3339 12387 12388
f 3339 12388 12389
f 7938 3340 7939
f 10547 3340 7938
f 7939 3340 8000
f 8000 3340 10545
f 3340 10543 10545
f 3340 10546 10543
f 10547 10546 3340
f 10362 3341 10550
f 10362 13355 3341
f 10548 10550 3341
f 10548 3341 13354
f 13354 3341 13353
f 3341 13355 13353
f 10555 3342 3343
f 10558 3343 3342
f 10553 3342 10551
f 10555 10551 3342
f 10887 3342 10553
f 10558 3342 10886
f 10887 10886 3342
f 10555 3343 10554
f 10554 3343 12387
f 10558 10557 3343
f 3343 10557 12387
f 10558 3344 10559
f 10558 10886 3344
f 12336 10560 3344
f 10886 12336 3344
f 3656 6697 3345
f 6902 3656 3345
f 3765 3345 6697
f 3765 7090 3345
f 6902 3345 7090
f 3346 6320 6322
f 3346 10566 6320
f 3346 6322 10563
f 3346 10563 10562
f 3346 10562 10567
f 3346 10567 10566
f 3347 5506 5505
f 3347 5505 10565
f 5679 5506 3347
f 5680 5679 3347
f 9198 5680 3347
f 9198 3347 10567
f 3347 10565 10567
f 8691 3348 8692
f 13292 3348 8691
f 11816 8692 3348
f 11079 3348 11077
f 13292 11077 3348
f 11816 3348 11079
f 8314 3349 8001
f 8692 8001 3349
f 8316 3349 8314
f 8699 3349 8316
f 8692 3349 8693
f 8699 8693 3349
f 8310 3350 3804
f 11816 3804 3350
f 8312 8001 3350
f 11816 3350 8001
f 3351 7505 7504
f 3351 7504 10657
f 12385 7505 3351
f 10658 9189 3351
f 9189 12386 3351
f 10658 3351 10657
f 12385 3351 12386
f 3352 9270 9269
f 3352 9269 9505
f 3352 10571 9270
f 3352 9504 9503
f 3352 9503 10569
f 3352 9505 9504
f 3352 10569 10571
f 3353 9271 9270
f 3353 9270 12647
f 9273 9271 3353
f 3353 9350 9273
f 3353 12647 9350
f 3354 3581 3355
f 10574 3354 3355
f 12274 3581 3354
f 10574 10573 3354
f 12276 3354 10573
f 12274 3354 12276
f 11176 3355 3581
f 10576 10574 3355
f 10576 3355 11172
f 11176 11172 3355
f 4797 3356 4798
f 4797 6715 3356
f 4798 3356 4799
f 6715 8860 3356
f 3357 10579 10578
f 3357 10578 10585
f 3357 10585 12380
f 12379 3357 12380
f 3358 10583 4439
f 12382 3358 4439
f 3358 10582 10583
f 3358 10584 10582
f 12380 10584 3358
f 12380 3358 12382
f 10589 10577 3359
f 3359 10577 11172
f 10589 3359 12281
f 3359 11170 11171
f 3359 11172 11170
f 3359 11171 12281
f 4797 3360 4807
f 4797 6779 3360
f 3360 6628 4807
f 8797 8796 3361
f 8796 10594 3361
f 8797 3361 12370
f 10596 3361 10594
f 10598 3361 10596
f 12370 3361 10598
f 3362 4444 10597
f 3362 12382 4444
f 3362 10596 10595
f 3362 10597 10596
f 10844 3363 3460
f 3460 3363 10857
f 8321 8320 3363
f 8320 10857 3363
f 8321 3363 10846
f 10844 10845 3363
f 3363 10845 10846
f 8322 8321 3364
f 8321 10599 3364
f 8323 8322 3364
f 8323 3364 9145
f 3364 10601 9145
f 3364 10599 10601
f 8326 8323 3365
f 3365 8323 9145
f 8326 3365 8327
f 8327 3365 10235
f 3365 9145 10235
f 8331 8330 3366
f 8330 10602 3366
f 10248 8331 3366
f 3366 9150 10249
f 3366 10602 9150
f 10248 3366 10249
f 12313 3367 4446
f 3367 10603 10605
f 12312 10603 3367
f 12312 3367 12313
f 3368 4451 4450
f 3368 4450 10607
f 3368 12378 4451
f 10606 3368 10607
f 10606 12377 3368
f 3368 12377 12378
f 10606 3369 4700
f 3369 10609 4700
f 10604 3369 10605
f 10604 10609 3369
f 10605 3369 10606
f 3370 7626 10608
f 3370 11075 7626
f 3370 10604 10603
f 12314 3370 10603
f 3370 10608 10604
f 3370 11074 11075
f 12314 11074 3370
f 3371 4704 4703
f 3371 4703 10609
f 3371 4705 4704
f 3371 12310 4705
f 10608 3371 10609
f 10608 12310 3371
f 7098 3372 10054
f 7098 12378 3372
f 3372 10052 10054
f 3372 10055 10052
f 3372 12377 10055
f 3372 12378 12377
f 3373 4452 4451
f 7098 3373 4451
f 3373 4454 4452
f 3373 4455 4454
f 3373 12375 4455
f 7098 12375 3373
f 10610 3374 8331
f 10219 8333 3374
f 10612 10219 3374
f 10612 3374 10610
f 9350 3375 12646
f 9350 12647 3375
f 10571 10570 3375
f 10571 3375 12647
f 12654 12646 3375
f 3376 9888 8339
f 3376 8339 9890
f 3376 9886 9888
f 10616 10618 3377
f 12372 10616 3377
f 10618 10620 3377
f 10621 3377 10620
f 6393 3378 6394
f 12369 3378 6393
f 10617 6394 3378
f 10617 3378 10618
f 10619 10618 3378
f 12370 10619 3378
f 12370 3378 12369
f 6344 3379 6343
f 12935 6343 3379
f 6344 10564 3379
f 3379 10564 10563
f 12936 3379 10563
f 12935 3379 12936
f 10622 10624 3380
f 10622 3380 11395
f 10626 3380 10624
f 13248 3380 10626
f 11395 3380 13247
f 13248 13247 3380
f 3381 10623 10622
f 11394 3381 10622
f 10628 10623 3381
f 10628 3381 10627
f 11394 10627 3381
f 3382 6145 11392
f 11394 3382 10627
f 10627 3382 13256
f 3382 11392 13256
f 3384 3383 10639
f 3384 13352 3383
f 10632 10634 3383
f 10632 3383 13352
f 3383 10634 10635
f 3383 10635 10639
f 3384 10624 10623
f 3384 10623 13352
f 10625 10624 3384
f 10625 3384 10639
f 10635 8062 3385
f 3385 8062 10640
f 10635 3385 10639
f 10639 3385 10638
f 3385 10640 10638
f 4800 4801 3386
f 4800 3386 6779
f 4854 3386 4801
f 4854 4802 3386
f 9823 3387 8959
f 12366 8959 3387
f 9823 10646 3387
f 10645 3387 10644
f 10646 10644 3387
f 12366 3387 10645
f 10645 10644 3388
f 10647 3388 10644
f 12367 10645 3388
f 10649 3388 10647
f 10651 3388 10649
f 10651 12367 3388
f 9394 3389 9395
f 9394 10650 3389
f 9395 3389 12242
f 12242 3389 12241
f 7005 6891 3390
f 3390 6891 7423
f 7005 3390 7006
f 3390 7737 7006
f 3390 7423 7422
f 3390 7422 7737
f 7587 5529 3391
f 3391 5529 7588
f 7587 3391 5531
f 3391 10656 5531
f 3391 7588 10654
f 3391 10654 10656
f 3392 7765 10635
f 3392 10655 7765
f 10633 3392 10634
f 10633 10654 3392
f 3392 10635 10634
f 3392 10654 10655
f 3393 6896 6895
f 10660 3393 6895
f 9189 3393 10662
f 10660 10662 3393
f 8507 8506 3394
f 3394 8506 10673
f 8507 3394 10206
f 10207 10206 3394
f 10663 10207 3394
f 10663 3394 10672
f 3394 10673 10672
f 10668 3395 10669
f 10668 12450 3395
f 10669 3395 10670
f 12452 10670 3395
f 12451 3395 12450
f 12452 3395 12451
f 3396 10671 8025
f 3396 8025 10672
f 10669 3396 10667
f 3396 10672 10667
f 10669 10671 3396
f 8025 10671 3397
f 10671 10674 3397
f 9477 8516 3398
f 9478 3398 8516
f 12547 9477 3398
f 10677 3398 9478
f 10677 10676 3398
f 12547 3398 10676
f 4408 4407 3399
f 4416 3399 4407
f 10677 4408 3399
f 4416 10678 3399
f 10678 10677 3399
f 10202 10201 3400
f 10201 10688 3400
f 10202 3400 10685
f 10681 10683 3400
f 10681 3400 10687
f 10683 10685 3400
f 10687 3400 10688
f 12455 3401 6942
f 12455 8524 3401
f 8244 8307 3402
f 8244 3402 10134
f 3402 8307 8305
f 10686 3402 8305
f 3403 4410 4409
f 3403 4409 12292
f 4411 4410 3403
f 4411 3403 10689
f 3403 12291 10689
f 3403 12292 12291
f 3407 10691 3404
f 3407 3404 11156
f 7964 3404 10689
f 7964 11156 3404
f 10689 3404 10690
f 10690 3404 10691
f 10691 3405 10692
f 10691 10696 3405
f 10692 3405 10693
f 10693 3405 10700
f 10696 10698 3405
f 10698 10700 3405
f 4421 4420 3406
f 4420 10694 3406
f 4422 4421 3406
f 12364 4422 3406
f 3406 10694 10693
f 12364 3406 10693
f 3408 10696 3407
f 3408 3407 11154
f 3407 10696 10691
f 3407 11156 11154
f 3408 10697 10696
f 3408 11154 12265
f 3408 12265 12264
f 6175 3409 6977
f 6977 3409 10706
f 3409 10704 10706
f 6975 10706 3410
f 6975 3410 10707
f 7287 7286 3410
f 7286 10707 3410
f 7288 7287 3410
f 7288 3410 10706
f 6318 10708 3411
f 7282 3411 7283
f 7283 3411 12754
f 3411 10708 12754
f 3412 9776 4745
f 3412 4745 9777
f 3412 9782 9776
f 3412 9780 9782
f 10204 3413 10203
f 10204 10711 3413
f 10711 10710 3413
f 7336 7953 3414
f 7336 3414 12811
f 10710 3414 7953
f 10712 3414 10710
f 10712 12811 3414
f 10713 4583 3415
f 3415 4583 12227
f 10714 10713 3415
f 10714 3415 11442
f 10714 3416 10715
f 10714 10718 3416
f 10718 10717 3416
f 12362 3416 10717
f 3417 10721 10723
f 3417 13208 10721
f 3417 10723 10724
f 3417 10724 10726
f 3417 10726 10728
f 3417 10728 13208
f 11659 3418 7929
f 10722 10721 3418
f 3418 10721 13207
f 10722 3418 11659
f 3420 3419 10723
f 3420 13349 3419
f 3419 10724 10723
f 3419 10725 10724
f 3419 13347 10725
f 3419 13346 13347
f 3419 13349 13346
f 3420 10723 10722
f 3420 10722 11658
f 3420 11658 10730
f 3420 10730 13349
f 3421 3422 10732
f 3421 11656 3422
f 3421 10729 10730
f 3421 10732 10729
f 3421 10730 11658
f 3421 11657 11656
f 3421 11658 11657
f 10732 3422 10731
f 13202 10731 3422
f 11655 3422 11656
f 13202 3422 11655
f 10733 10735 3423
f 13347 10733 3423
f 10735 10737 3423
f 10737 10741 3423
f 13348 3423 10741
f 13347 3423 13348
f 10736 3424 10737
f 10736 13340 3424
f 10737 3424 10738
f 13342 10738 3424
f 13341 3424 13340
f 13342 3424 13341
f 3425 4376 4375
f 3425 4375 10751
f 9474 4376 3425
f 3425 10751 9478
f 3426 4372 4371
f 3426 4371 4378
f 12361 4372 3426
f 12360 12361 3426
f 8285 3427 8286
f 8285 10743 3427
f 13337 8286 3427
f 10743 10744 3427
f 10744 13338 3427
f 13337 3427 13338
f 9958 9952 3428
f 9952 10747 3428
f 9958 3428 9959
f 9959 3428 13342
f 10747 10746 3428
f 13343 3428 10746
f 13343 13342 3428
f 13345 13344 3429
f 4359 12164 3430
f 11674 10753 3430
f 11674 3430 12163
f 12163 3430 12164
f 3434 10754 3431
f 11671 3434 3431
f 11673 3431 10753
f 11673 11671 3431
f 3432 10755 10754
f 3432 10754 10759
f 3432 10756 10755
f 3432 10763 10756
f 3432 10759 10761
f 3432 10761 10763
f 4381 4382 3433
f 4381 3433 4383
f 4382 10758 3433
f 4383 3433 10756
f 3433 10755 10756
f 3433 10758 10755
f 3434 10759 10754
f 3434 10760 10759
f 11670 10760 3434
f 11671 11670 3434
f 3435 10764 7148
f 10768 3435 7148
f 3435 10767 10764
f 10768 7148 3436
f 12791 3436 7148
f 8270 3436 8269
f 8271 8269 3436
f 10768 3436 8270
f 8271 3436 12790
f 12791 12790 3436
f 8919 8918 3437
f 8919 3437 9250
f 3437 9688 9684
f 7888 6283 3438
f 10776 3438 6283
f 7888 3438 10770
f 3438 13239 10770
f 10775 3438 10776
f 10775 13239 3438
f 3439 6083 5041
f 10775 3439 5041
f 3439 6081 6083
f 10774 6081 3439
f 10774 3439 10772
f 10775 10772 3439
f 6226 3440 3442
f 6232 3440 6234
f 3441 8817 8816
f 10780 3441 8816
f 12225 8817 3441
f 9249 3441 8920
f 10779 8920 3441
f 9249 12225 3441
f 10780 10779 3441
f 6220 3442 6223
f 3444 10789 3443
f 3444 3443 11940
f 3443 10784 10781
f 3443 10781 11940
f 3443 10786 10784
f 3443 10789 10786
f 3444 13151 10789
f 11939 3444 11940
f 3444 11939 13152
f 3444 13152 13151
f 6307 3445 6308
f 10802 3445 6307
f 10793 6308 3445
f 10790 7798 3445
f 10793 3445 7798
f 13332 10790 3445
f 13332 3445 10802
f 10791 3446 3447
f 10807 3447 3446
f 10790 3446 10791
f 10790 10808 3446
f 10805 10807 3446
f 10805 3446 10808
f 10791 3447 10792
f 10792 3447 10795
f 10794 10795 3447
f 10794 3447 10807
f 6752 6751 3448
f 10794 3448 6751
f 12201 6752 3448
f 10794 10807 3448
f 10806 3448 10807
f 12200 3448 10806
f 12201 3448 12200
f 3666 3449 3655
f 11411 3655 3449
f 3666 12355 3449
f 6873 3449 10796
f 6873 11411 3449
f 10796 3449 12355
f 4803 3538 3450
f 4805 3450 3538
f 4802 3450 4804
f 4804 3450 4805
f 3451 10802 10801
f 3451 10801 13129
f 3451 10804 10802
f 3451 10803 10804
f 3451 12010 10803
f 10810 3452 3453
f 10813 3453 3452
f 10811 3452 10810
f 11479 3452 10811
f 11482 10813 3452
f 11479 11482 3452
f 10813 3454 3453
f 13331 3453 3454
f 10814 10810 3453
f 10814 3453 13330
f 13331 13330 3453
f 10813 11480 3454
f 3454 11480 10816
f 13331 3454 10816
f 3455 10823 10825
f 3455 11531 10823
f 3455 10825 10827
f 3455 10827 11533
f 3455 11532 11531
f 3455 11533 11532
f 3456 10824 10823
f 3456 10823 10833
f 3456 12350 10824
f 3456 10832 10831
f 3456 10831 12350
f 3456 10833 10832
f 10830 10829 3457
f 10829 12352 3457
f 10831 10830 3457
f 12349 10831 3457
f 12349 3457 12353
f 3457 12352 12353
f 10830 3458 10828
f 10828 3458 10835
f 10832 3458 10830
f 10832 10834 3458
f 10834 12214 3458
f 13325 9649 3459
f 10844 10843 3459
f 10843 13325 3459
f 10844 3459 10845
f 10844 3460 10842
f 10855 10842 3460
f 10855 3460 10854
f 10854 3460 10857
f 10152 3461 10153
f 10152 10847 3461
f 10153 3461 10158
f 3461 10847 10848
f 3461 10848 12348
f 4335 3462 4336
f 10851 3462 4335
f 3462 12348 4336
f 10851 12346 3462
f 3462 12346 12347
f 3462 12347 12348
f 10850 3464 3463
f 10853 3463 3464
f 4601 3463 4602
f 10851 3463 4601
f 10853 4602 3463
f 10851 10850 3463
f 10850 10849 3464
f 10852 3464 10849
f 10853 3464 10852
f 8336 3465 8337
f 13192 3465 8336
f 8337 3465 10857
f 10854 10857 3465
f 10854 3465 13192
f 10855 10854 3466
f 10854 13191 3466
f 10855 3466 13323
f 10859 10858 3466
f 10858 13323 3466
f 10859 3466 13191
f 4338 3467 4339
f 4338 10847 3467
f 12344 3467 10847
f 10863 3467 12345
f 12344 12345 3467
f 10872 10871 3468
f 10873 3468 10871
f 10872 3468 13321
f 10873 10875 3468
f 3468 10875 10877
f 3468 10877 13321
f 5925 3469 10874
f 13335 3469 5925
f 3469 12985 10874
f 12983 12984 3469
f 13335 12983 3469
f 12984 12985 3469
f 3470 10878 10879
f 10893 10878 3470
f 3470 10879 10880
f 3470 10880 12642
f 10894 10893 3470
f 10894 3470 12642
f 10868 3471 3473
f 3473 3471 10878
f 10868 10881 3471
f 10878 3471 10879
f 6273 3472 6274
f 6273 13321 3472
f 6274 3472 10884
f 3472 10881 10884
f 3472 13322 10881
f 3472 13321 13322
f 13320 10868 3473
f 10891 3473 10878
f 13320 3473 10891
f 3474 8897 8896
f 3474 8898 8897
f 10896 8898 3474
f 10896 3474 10895
f 9313 3486 3475
f 10923 3475 3486
f 9313 3475 10897
f 10898 10897 3475
f 10899 10898 3475
f 10923 10899 3475
f 3476 9137 3481
f 10913 3476 3481
f 3476 13315 9137
f 10913 10905 3476
f 10905 13314 3476
f 3476 13314 13315
f 10905 3477 10903
f 10906 10903 3477
f 10913 3477 10905
f 10907 10906 3477
f 10907 3477 10908
f 10908 3477 10913
f 8220 8219 3478
f 8219 8223 3478
f 8220 3478 13317
f 3478 8223 10906
f 3478 10906 13317
f 10909 9317 3479
f 10907 10909 3479
f 10907 3479 13317
f 13318 13317 3479
f 10908 3480 10909
f 10908 10912 3480
f 10909 3480 12435
f 10911 3480 10912
f 10911 12436 3480
f 12436 12435 3480
f 3481 9136 9135
f 10912 3481 9135
f 3481 9137 9136
f 10913 3481 10912
f 10449 10450 3482
f 10450 10916 3482
f 10916 10915 3482
f 10915 13310 3482
f 13309 3482 13310
f 3483 10920 10919
f 3483 10919 12202
f 3483 11556 10920
f 3483 11557 11556
f 3483 11558 11557
f 3483 12202 11558
f 6861 6860 3484
f 7615 3484 6860
f 12200 6861 3484
f 11556 3484 7615
f 11556 11555 3484
f 12200 3484 11555
f 10901 10899 3485
f 10923 3485 10899
f 10901 3485 13312
f 10924 3485 10923
f 10924 13313 3485
f 13313 13312 3485
f 8882 3486 8883
f 8882 10923 3486
f 8888 3487 8889
f 8889 3487 10928
f 3491 3489 3488
f 10925 3488 3489
f 3492 3489 3491
f 10930 10925 3489
f 10927 10926 3490
f 10930 3490 10926
f 10927 3490 13312
f 10930 10929 3490
f 10929 13311 3490
f 13312 3490 13311
f 3492 3491 3733
f 3491 11590 3733
f 3492 13223 10932
f 10937 3493 7052
f 10937 10936 3493
f 3494 10940 10942
f 3494 13106 10940
f 10944 3494 10942
f 10946 3494 10944
f 10946 13106 3494
f 10941 10940 3495
f 10940 13105 3495
f 12094 10941 3495
f 12094 3495 12092
f 12092 3495 12095
f 12095 3495 13105
f 5755 10943 3496
f 13309 5755 3496
f 13306 3496 10943
f 13308 3496 13306
f 13309 3496 13308
f 10942 10941 3497
f 10949 3497 10941
f 10943 10942 3497
f 13306 10943 3497
f 10949 10948 3497
f 13306 3497 10948
f 10949 3498 10947
f 10950 10947 3498
f 12094 3498 10949
f 12093 10950 3498
f 12094 12093 3498
f 10953 10952 3499
f 11574 3499 10952
f 10954 10953 3499
f 10954 3499 11572
f 11571 11572 3499
f 11571 3499 11574
f 10953 3500 4306
f 10956 4306 3500
f 10954 3500 10953
f 10959 3500 10954
f 3500 10957 10956
f 10959 10957 3500
f 3501 6836 6838
f 6836 3501 10968
f 3501 6838 6840
f 3501 6840 10967
f 3501 10967 10966
f 3501 10966 10968
f 6261 3502 6687
f 3502 6261 10968
f 6688 6687 3502
f 3502 6689 6688
f 6689 3502 10966
f 3502 10968 10966
f 3503 6694 6095
f 3503 6095 13242
f 3503 6695 6694
f 3503 6848 6695
f 10970 6848 3503
f 3503 13242 10970
f 10974 3504 8856
f 8856 3504 12327
f 10973 3504 10972
f 10974 10972 3504
f 10973 12327 3504
f 8187 3505 8186
f 8188 8186 3505
f 10473 3505 8187
f 8189 8188 3505
f 10976 8189 3505
f 10473 10472 3505
f 10976 3505 10472
f 8187 8186 3506
f 8192 3506 8186
f 10980 8187 3506
f 10979 10980 3506
f 3507 6840 10982
f 12324 6840 3507
f 12324 3507 7610
f 12322 3507 10982
f 3508 8731 8822
f 3508 10983 8731
f 3508 8822 8819
f 11026 10983 3508
f 11026 3509 10983
f 3509 13304 10983
f 3509 10985 10986
f 3509 13295 10985
f 3509 10986 13304
f 11026 13295 3509
f 3510 4803 4591
f 3510 4591 4851
f 11697 4803 3510
f 3512 10994 3511
f 3512 3511 13301
f 3511 3514 10998
f 11027 3514 3511
f 3511 10994 10995
f 11027 3511 10995
f 3511 10998 13301
f 3512 10992 10994
f 3512 13301 13300
f 3513 8967 8966
f 3513 8966 13302
f 11000 8967 3513
f 11000 3513 10998
f 10998 3513 13301
f 3513 13302 13301
f 10999 10998 3514
f 11029 3514 11027
f 11001 4559 3515
f 7332 12194 3515
f 11002 11001 3515
f 11002 3515 12194
f 11004 11003 3516
f 11003 11570 3516
f 11007 11004 3516
f 11009 11007 3516
f 11009 3516 11569
f 3516 11570 11569
f 11004 4298 3517
f 11005 11004 3517
f 11006 11005 3517
f 11006 3517 12318
f 11012 3518 10400
f 11010 3518 11012
f 12315 3518 11010
f 12315 12317 3518
f 3519 11016 8473
f 11017 11016 3519
f 13298 11017 3519
f 13298 3519 13299
f 11021 3520 11022
f 11021 11024 3520
f 12315 11022 3520
f 11024 11025 3520
f 12317 3520 11025
f 12315 3520 12317
f 3521 11746 7443
f 11745 11746 3521
f 11745 3521 11747
f 3522 6253 3524
f 3522 3524 6723
f 3522 6255 6253
f 3522 11031 6255
f 3522 6723 6725
f 3522 6725 7443
f 3522 7443 11031
f 9213 3523 7599
f 11035 7599 3523
f 11034 11035 3523
f 11034 3523 11037
f 6253 6252 3524
f 11034 3524 6252
f 6723 3524 11037
f 11034 11037 3524
f 6258 3525 6257
f 11035 6257 3525
f 12973 3525 6258
f 11035 3525 7601
f 12973 7601 3525
f 6259 3526 3527
f 7597 3527 3526
f 11039 3526 6259
f 7597 3526 7598
f 11041 7598 3526
f 11039 11041 3526
f 7601 6259 3527
f 7597 7144 3527
f 7599 3527 7144
f 7599 7601 3527
f 3528 11046 11045
f 3528 11045 11048
f 3528 11052 11046
f 3528 11048 11050
f 3528 11050 11053
f 3528 11053 11052
f 11049 3529 7606
f 3529 11050 7606
f 11049 11055 3529
f 3529 11053 11050
f 3529 11051 11053
f 3529 11055 11051
f 3530 7619 7621
f 3530 11056 7619
f 3530 7621 11058
f 3530 7669 11055
f 3530 11058 7669
f 3530 11055 11056
f 12287 11060 3531
f 12287 3531 12286
f 12288 12286 3531
f 12289 12288 3531
f 3535 11063 3532
f 3535 3532 11071
f 3532 3567 11071
f 11131 3532 11063
f 3535 3533 11063
f 3533 11062 11063
f 3533 11064 11062
f 3533 11067 11064
f 3534 11064 11067
f 12313 11064 3534
f 3534 11067 11066
f 12314 3534 11066
f 12312 12313 3534
f 12312 3534 12314
f 3536 11071 12305
f 12303 11072 3536
f 3582 4805 3538
f 11720 3582 3538
f 3539 10293 10302
f 3539 11094 10293
f 10302 11080 3539
f 11084 3539 11080
f 13291 3539 11084
f 3539 11095 11094
f 13291 11095 3539
f 11261 8624 3540
f 3540 8624 12311
f 3540 11085 11086
f 3540 11087 11085
f 11261 3540 11086
f 3540 12311 11087
f 4269 4272 3541
f 4272 11087 3541
f 3541 11087 12311
f 3541 12311 12309
f 3542 4706 4705
f 3542 4705 12309
f 3542 12243 4706
f 3542 8624 12244
f 3542 12311 8624
f 3542 12244 12243
f 3542 12309 12311
f 3543 8167 8169
f 3543 11089 8167
f 11092 3543 8169
f 3543 11554 11089
f 11092 11091 3543
f 11091 11554 3543
f 8008 3544 8010
f 8010 3544 11089
f 8157 11090 3544
f 11090 11089 3544
f 3545 9381 3717
f 11091 3545 3717
f 3545 8784 8785
f 3545 8787 8784
f 3545 8785 9381
f 11091 8787 3545
f 8787 3546 3681
f 3681 3546 8906
f 11092 3546 8787
f 3546 8907 8906
f 10665 8303 3547
f 10666 3547 8303
f 3547 9184 9186
f 3547 9187 9184
f 10665 3547 9186
f 3547 9188 9187
f 10666 9188 3547
f 8171 3548 8912
f 11096 3548 11094
f 3550 8297 3549
f 9203 3550 3549
f 9201 3549 8297
f 9200 3549 8770
f 9201 8770 3549
f 9200 9203 3549
f 8204 8297 3550
f 8204 3550 10209
f 9203 10210 3550
f 10210 10209 3550
f 6795 3551 6793
f 3551 11097 6793
f 6797 3551 6795
f 6797 13161 3551
f 3551 9107 11097
f 3551 13162 9107
f 3551 13161 13162
f 3553 3554 3552
f 3553 3552 11920
f 3554 3555 3552
f 3555 6793 3552
f 3552 6793 11097
f 11920 3552 11097
f 10422 3554 3553
f 3553 11920 6246
f 13285 3553 6246
f 7141 3555 3554
f 7141 3554 10422
f 3555 6794 6793
f 3555 7142 6794
f 7141 7142 3555
f 7718 3556 11098
f 3556 7721 7722
f 3556 7722 11099
f 3556 11099 11098
f 3557 12052 5918
f 3557 6387 12052
f 3558 6766 6765
f 3558 6765 6790
f 3558 10267 6766
f 3558 6790 7722
f 3558 7722 7721
f 3558 7721 10267
f 10433 3559 10431
f 10436 10431 3559
f 10433 13283 3559
f 11104 10436 3559
f 11106 11104 3559
f 11106 3559 13283
f 3901 9669 3560
f 9413 3560 8811
f 3561 3742 11625
f 3561 12174 3742
f 3561 11114 11118
f 3561 11625 11114
f 3561 11118 12174
f 11116 3562 3563
f 3563 3562 11121
f 3562 11114 3565
f 3562 3565 11122
f 11116 11114 3562
f 3562 11122 11121
f 11117 11116 3563
f 11117 3563 12299
f 3563 11121 12300
f 3563 12298 12299
f 3563 12300 12298
f 11120 12302 3564
f 12300 11121 3564
f 12302 12300 3564
f 3565 11114 11625
f 3565 11123 11122
f 3565 11124 11123
f 3565 11624 11124
f 3565 11625 11624
f 3566 11123 11124
f 3566 11125 11123
f 3566 11124 12186
f 3566 12184 11125
f 11071 3567 12305
f 3567 11126 12306
f 3567 12306 12305
f 4211 11133 3568
f 4211 3568 12284
f 11131 12287 3568
f 12286 12284 3568
f 12287 12286 3568
f 8149 3569 8148
f 8484 8148 3569
f 11106 3569 8149
f 11136 8484 3569
f 11137 3569 11106
f 11136 3569 11137
f 11139 12169 3570
f 11141 3570 12168
f 12170 3570 12169
f 11141 3571 3572
f 11148 3572 3571
f 11148 3571 11664
f 11143 3572 3574
f 11146 3574 3572
f 11143 11141 3572
f 11146 3572 11148
f 3573 11144 11138
f 12294 3573 11143
f 3573 12292 11144
f 11145 4200 3574
f 12295 3574 4200
f 12294 11143 3574
f 11145 3574 11146
f 12294 3574 12295
f 11148 11664 3575
f 11149 3575 11662
f 4188 3576 4178
f 4178 3576 12177
f 11151 3576 4188
f 11149 3576 11151
f 11149 12178 3576
f 3576 12178 12177
f 11152 11153 3577
f 3577 12265 11154
f 3578 11156 7964
f 3578 7964 12291
f 11158 11159 3578
f 11158 3578 12291
f 3579 5546 5547
f 11161 3579 5547
f 8151 13029 3579
f 11171 11169 3580
f 12281 11171 3580
f 12280 12281 3580
f 11177 11176 3581
f 3582 4838 4805
f 3582 6660 4838
f 3583 11181 11180
f 3583 11180 11185
f 11190 11181 3583
f 3583 11185 11187
f 11189 3583 11187
f 11189 11190 3583
f 12011 5944 3584
f 3584 5944 13126
f 3584 11186 11185
f 12012 3584 11185
f 3584 13126 11186
f 12012 12011 3584
f 3585 6854 6853
f 11190 3585 6853
f 3585 12335 6854
f 11190 11191 3585
f 11191 11204 3585
f 11204 12335 3585
f 8751 11195 3586
f 8751 3586 12268
f 11193 3586 11192
f 11195 11192 3586
f 11193 12271 3586
f 3586 12270 12268
f 3586 12271 12270
f 11198 3587 4232
f 12259 4232 3587
f 11198 11199 3587
f 11199 12261 3587
f 12259 3587 12260
f 12260 3587 12261
f 3588 7112 7111
f 11204 3588 7111
f 3588 7137 7112
f 13281 7137 3588
f 11204 11205 3588
f 13281 3588 11205
f 11207 3589 11209
f 11207 11211 3589
f 11211 11212 3589
f 11211 3590 11212
f 11211 11217 3590
f 12574 11212 3590
f 11217 11216 3590
f 12574 3590 12572
f 11207 11208 3591
f 11207 3591 11217
f 11208 13280 3591
f 11217 3591 11216
f 11218 11216 3591
f 11218 3591 13280
f 11222 3592 11220
f 11220 3592 11243
f 11222 11224 3592
f 11224 13276 3592
f 3592 11244 11243
f 3592 13276 11244
f 11223 3593 6228
f 3593 13280 6228
f 11218 3593 13279
f 11218 13280 3593
f 11222 11221 3593
f 11221 13279 3593
f 11223 11222 3593
f 11221 11220 3594
f 3594 11220 11242
f 11221 3594 11227
f 11225 3594 11242
f 6808 3595 12829
f 11228 3595 11230
f 11228 12830 3595
f 12830 12829 3595
f 11231 3596 11232
f 11231 11239 3596
f 11232 3596 11233
f 11233 3596 11237
f 11237 3596 11241
f 11239 11241 3596
f 11233 3597 11234
f 11233 11238 3597
f 11234 3597 11235
f 11235 3597 13277
f 3597 11238 13278
f 3597 13276 13277
f 3597 13278 13276
f 3598 8473 11016
f 3598 11246 8473
f 8135 8134 3599
f 8134 8475 3599
f 8135 3599 11246
f 3599 8473 11246
f 7247 7251 3600
f 7712 7247 3600
f 3600 7251 12258
f 12060 7712 3600
f 12060 3600 12257
f 3600 12258 12257
f 6514 3601 8136
f 6514 11254 3601
f 8136 3601 10323
f 10323 3601 11249
f 3601 11248 11249
f 3601 11253 11248
f 3601 11254 11253
f 3602 6513 6512
f 3602 6512 12887
f 3602 11254 6513
f 3602 11252 11254
f 3602 11255 11252
f 3602 12886 11255
f 3602 12887 12886
f 3603 12155 5686
f 3603 6707 6708
f 9536 6707 3603
f 3603 6708 12155
f 5749 5584 3604
f 13007 3604 5584
f 5749 3604 5750
f 6497 6498 3604
f 6497 3604 13007
f 11258 11260 3605
f 11260 11259 3605
f 12255 3605 11259
f 12254 12253 3605
f 12254 3605 12255
f 11260 3606 11259
f 11260 11818 3606
f 11818 11817 3606
f 3606 11817 12118
f 3606 12118 12117
f 4163 4162 3607
f 4162 12245 3607
f 4164 4163 3607
f 11262 4164 3607
f 11261 11262 3607
f 11261 3607 12244
f 12244 3607 12245
f 3608 6703 6700
f 3608 6700 11265
f 6914 3608 7081
f 3608 7074 7081
f 3608 11265 7074
f 10938 10937 3609
f 10937 11269 3609
f 10938 3609 12252
f 11268 3609 11269
f 11268 12251 3609
f 12252 3609 12251
f 3610 7052 4471
f 4471 11270 3610
f 3610 11269 7052
f 11267 11269 3610
f 11267 3610 11270
f 11271 11273 3611
f 11271 3611 11274
f 11273 11607 3611
f 11274 3611 12251
f 11279 3611 11607
f 11279 12251 3611
f 11276 11277 3612
f 11276 3612 11278
f 11277 12252 3612
f 11278 3612 11280
f 11279 11280 3612
f 11279 3612 12252
f 11278 3613 11281
f 11278 11606 3613
f 11281 3613 12191
f 3613 11606 11605
f 3613 11605 12191
f 11283 3615 3614
f 11284 3614 3615
f 11283 3614 12249
f 11284 11285 3614
f 11285 12250 3614
f 3614 12250 12249
f 3615 10047 10046
f 12243 3615 10046
f 11283 10047 3615
f 11284 3615 12245
f 12243 12245 3615
f 11293 3616 11291
f 11291 3616 11378
f 11295 3616 11293
f 11295 13259 3616
f 3616 11379 11378
f 3616 13259 11379
f 11292 11291 3617
f 11297 3617 11291
f 11292 3617 13274
f 11297 11296 3617
f 11296 13272 3617
f 3617 13272 13274
f 8071 3618 11299
f 8071 13258 3618
f 11298 11299 3618
f 3618 11300 11301
f 3618 13258 11300
f 11303 5775 3619
f 5775 13270 3619
f 11303 3619 11304
f 13267 11304 3619
f 13267 3619 13271
f 13271 3619 13270
f 11306 3620 3623
f 11315 3623 3620
f 11304 3620 11305
f 11304 13268 3620
f 11305 3620 11306
f 11315 3620 13268
f 11303 3621 11302
f 11303 11305 3621
f 11305 11307 3621
f 13273 3621 11307
f 11306 3622 11307
f 11306 11310 3622
f 13274 11307 3622
f 11309 3622 11310
f 11309 13275 3622
f 13275 13274 3622
f 11306 3623 11310
f 11310 3623 11311
f 12340 11311 3623
f 9006 9005 3624
f 11309 3624 9005
f 9006 3624 9014
f 12340 9014 3624
f 11309 11311 3624
f 12340 3624 11311
f 4152 4151 3625
f 10491 3625 4151
f 11313 4152 3625
f 10489 3625 10490
f 11313 3625 10489
f 10490 3625 10491
f 8099 13212 3626
f 11317 3626 11613
f 11613 3626 13211
f 13212 13211 3626
f 3630 3627 11612
f 11613 3627 11317
f 5773 3628 11323
f 5773 13270 3628
f 11319 11318 3628
f 11323 3628 11318
f 11319 3628 13269
f 13270 13269 3628
f 11325 3629 5773
f 5773 3629 13271
f 11326 8894 3629
f 11326 3629 11325
f 11323 11318 3630
f 11324 11323 3630
f 11324 3630 11612
f 11326 3631 8886
f 8887 3631 13218
f 11326 11325 3631
f 11325 13218 3631
f 3632 8905 9053
f 9105 8905 3632
f 9105 3632 8911
f 3632 9053 9097
f 7193 3633 7194
f 7193 11328 3633
f 7194 3633 11336
f 11328 11327 3633
f 11331 3634 7565
f 3634 12103 7565
f 12105 3634 11331
f 3634 12100 12103
f 12104 12100 3634
f 12104 3634 12105
f 3635 9100 11335
f 3635 9908 9907
f 3635 11335 11334
f 3636 11341 6165
f 3636 6165 12763
f 3636 11033 11028
f 3636 11028 11338
f 3636 12763 11033
f 3636 11338 11337
f 3636 11337 11341
f 3637 11337 11339
f 3637 11340 11337
f 3637 11339 11344
f 3637 13266 11340
f 3637 11344 11343
f 3637 11343 13266
f 8824 3638 11347
f 8824 11825 3638
f 9200 9202 3638
f 9202 11347 3638
f 8825 8824 3639
f 8824 11347 3639
f 8827 8825 3639
f 8828 8827 3639
f 9103 3640 8911
f 9105 8911 3640
f 9103 12022 3640
f 12022 12607 3640
f 3644 11354 3641
f 3644 3641 11359
f 3641 11353 11352
f 3641 11352 11360
f 3641 11354 11353
f 3641 11360 11359
f 3642 11358 11360
f 3642 11361 11358
f 3642 11360 11838
f 3642 11841 11361
f 3642 11838 11839
f 3642 11839 11841
f 8068 8067 3643
f 3643 8067 13259
f 8068 3643 11363
f 11364 11363 3643
f 11364 3643 13260
f 3643 13259 13260
f 3644 13262 11354
f 3644 11363 11365
f 3644 11365 13262
f 3645 10647 10643
f 11368 3645 10643
f 10648 10647 3645
f 10648 3645 11369
f 11369 3645 11368
f 8837 3646 8838
f 8837 12239 3646
f 8838 3646 11377
f 11372 3646 11373
f 11372 11377 3646
f 11373 3646 12238
f 3646 12239 12238
f 11372 11374 3647
f 11372 3647 11376
f 11374 11375 3647
f 11375 12241 3647
f 11376 3647 12241
f 3648 8065 8064
f 3648 8064 13075
f 3648 13074 11380
f 3648 13075 13074
f 7417 3649 11384
f 7417 13258 3649
f 8071 8070 3649
f 8070 11384 3649
f 8071 3649 13258
f 6379 3650 6380
f 6379 11387 3650
f 3650 12925 6380
f 11387 11389 3650
f 3650 11389 12931
f 3650 12931 12925
f 11388 3651 6137
f 3651 13254 6137
f 11387 3651 11388
f 11391 3651 11387
f 11391 11390 3651
f 11390 13254 3651
f 3652 11396 11397
f 3652 11398 11396
f 3652 11397 13085
f 3652 11399 11398
f 3652 13084 11399
f 3652 13086 13084
f 3652 13085 13086
f 11398 11400 3653
f 11398 3653 11401
f 11400 11402 3653
f 11401 3653 13251
f 13252 3653 11402
f 13252 13251 3653
f 6153 6152 3654
f 13245 3654 6152
f 6153 3654 11410
f 11406 11408 3654
f 13244 11406 3654
f 3654 11408 11410
f 13245 13244 3654
f 3666 3655 11436
f 11406 3655 11407
f 11406 11436 3655
f 11411 11407 3655
f 3656 6708 6697
f 3656 6767 6708
f 11414 3657 11415
f 11414 11432 3657
f 3657 11418 11415
f 3657 11417 11418
f 13245 11417 3657
f 13246 3657 11432
f 13246 13245 3657
f 6148 6147 3658
f 13247 3658 6147
f 13249 11418 3658
f 13249 3658 13247
f 4326 4325 3659
f 3659 4325 10836
f 11419 4326 3659
f 3659 10836 10835
f 3659 10835 12212
f 11419 3659 12212
f 11421 3660 11422
f 11421 11426 3660
f 3660 11423 11422
f 3660 11426 11427
f 3660 11427 11428
f 4349 4328 3661
f 4328 11424 3661
f 4349 3661 4350
f 12232 3661 11424
f 11419 3662 11420
f 11419 11518 3662
f 11420 3662 11421
f 11421 3662 11425
f 3662 11517 11425
f 3662 11518 11517
f 3663 4583 4582
f 10853 3663 4582
f 3663 12227 4583
f 10853 10852 3663
f 8043 3667 3664
f 13246 3664 3667
f 8044 8043 3664
f 11435 8044 3664
f 11435 3664 11432
f 13246 11432 3664
f 8051 3665 8052
f 11435 3665 8051
f 3665 8053 8052
f 11434 8053 3665
f 11434 3665 11433
f 11435 11433 3665
f 3666 11436 11437
f 3666 11437 11439
f 3666 11439 12355
f 8043 11437 3667
f 11437 11436 3667
f 13244 3667 11436
f 13246 3667 13244
f 4126 4127 3668
f 4128 4126 3668
f 3668 4127 12152
f 4128 3668 11444
f 3668 11445 11444
f 3668 12151 11445
f 3668 12152 12151
f 3669 7373 11446
f 3669 11446 11450
f 3669 11450 11449
f 12229 3669 11449
f 11445 3670 11444
f 11446 11444 3670
f 11445 11734 3670
f 11451 11446 3670
f 11451 3670 11452
f 3670 11733 11452
f 3670 11734 11733
f 3687 3671 10480
f 3687 13232 3671
f 3671 9554 8041
f 3671 8041 11453
f 3671 13232 9554
f 3671 11455 10480
f 3671 11453 11455
f 3672 8029 8028
f 3672 8028 8042
f 3672 9554 8029
f 3672 8040 8041
f 3672 8042 8040
f 3672 8041 9554
f 3674 3673 10169
f 3674 13241 3673
f 8206 3673 7354
f 3673 13241 7354
f 8206 11030 3673
f 3673 11030 10169
f 3674 8060 8059
f 3674 8059 13241
f 3674 8371 8060
f 3674 10169 8371
f 3675 8059 11458
f 3675 13241 8059
f 3675 11456 11457
f 11458 11456 3675
f 3675 11457 11459
f 3675 11459 13241
f 8207 3676 11464
f 8207 13243 3676
f 3676 11459 11457
f 3676 11457 11460
f 13243 11459 3676
f 3676 11460 11464
f 3677 3987 11463
f 3677 11464 11460
f 3677 11460 12723
f 3677 11463 11464
f 8802 8803 3678
f 8926 8802 3678
f 3678 8803 11546
f 8926 3678 8927
f 3678 8933 8927
f 3678 11546 8933
f 9099 4031 3679
f 9101 3679 4031
f 9103 8911 3679
f 9103 3679 9101
f 13078 6281 3680
f 9446 3680 9439
f 9446 13079 3680
f 13078 3680 13079
f 8784 3681 8786
f 8784 8787 3681
f 8786 3681 8788
f 3681 9975 8788
f 3681 8906 9975
f 3682 6099 6098
f 11529 3682 6098
f 3682 6108 6099
f 11469 6108 3682
f 11469 3682 11467
f 11529 11467 3682
f 7132 3683 3715
f 3683 5845 5838
f 3683 6382 5845
f 7132 6382 3683
f 3684 5774 4254
f 3685 10811 8243
f 3685 8243 11473
f 3685 11479 10811
f 11475 3685 11473
f 11475 11477 3685
f 11477 11479 3685
f 11478 3686 7979
f 13190 7979 3686
f 11475 11476 3686
f 11475 3686 11477
f 13190 3686 11476
f 11477 3686 11478
f 3687 11486 11484
f 3687 11484 13232
f 4019 3688 4031
f 6612 3688 4019
f 9101 4031 3688
f 6612 11905 3688
f 9102 9101 3688
f 11905 9102 3688
f 4287 3689 4288
f 4287 11566 3689
f 11488 4288 3689
f 11488 3689 12147
f 11566 11565 3689
f 11565 12147 3689
f 6862 3690 12594
f 9098 3690 9080
f 3691 4289 4288
f 3691 4288 11489
f 3691 4290 4289
f 3691 4292 4290
f 3691 11491 4292
f 3691 11489 11491
f 11491 11494 3692
f 11491 3692 12223
f 11492 11493 3692
f 11492 3692 11494
f 11493 12224 3692
f 12223 3692 12224
f 11490 3693 11494
f 11490 11750 3693
f 11492 11494 3693
f 11492 3693 11495
f 11749 11495 3693
f 11750 11749 3693
f 4083 3694 4725
f 4083 11496 3694
f 12144 4725 3694
f 11495 3694 11496
f 12145 3694 11495
f 12144 3694 12145
f 3695 11020 11019
f 3695 11019 11498
f 3695 11021 11020
f 3695 11023 11021
f 3695 11500 11023
f 3695 11498 11500
f 4292 3696 4293
f 12223 3696 4292
f 4294 4293 3696
f 4294 3696 11019
f 3696 11497 11019
f 12223 11497 3696
f 3697 11501 11503
f 3697 11506 11501
f 3697 11503 11727
f 3697 11504 11506
f 3697 11726 11504
f 3697 11727 11726
f 3698 11505 11504
f 3698 11504 11508
f 12218 11505 3698
f 3698 11508 11507
f 12219 3698 11507
f 12219 12218 3698
f 3699 11507 11509
f 12220 11507 3699
f 3699 11509 11511
f 3699 11511 11513
f 12221 3699 11513
f 12221 12220 3699
f 3700 11511 11510
f 12149 3700 11510
f 3700 11512 11511
f 3700 12152 11512
f 12149 12150 3700
f 12150 12152 3700
f 3701 11516 11515
f 12219 3701 11515
f 3701 11517 11516
f 12222 11517 3701
f 12220 3701 12219
f 12222 3701 12220
f 3702 11514 11516
f 3702 11519 11514
f 3702 11516 11518
f 3702 11518 12212
f 3703 12320 3704
f 13231 3703 3704
f 7273 7272 3703
f 7272 12320 3703
f 7273 3703 13231
f 11521 3704 6841
f 6841 3704 12320
f 11521 11523 3704
f 11523 13231 3704
f 11521 6842 3705
f 6842 13228 3705
f 11523 3705 7584
f 11521 3705 11523
f 10834 10833 3706
f 10833 11531 3706
f 10834 3706 12214
f 3706 11531 11530
f 3706 11530 12215
f 3706 12215 12214
f 3707 4107 4106
f 3707 4106 11534
f 3707 4108 4107
f 3707 12206 4108
f 3707 11534 11533
f 3707 11533 12206
f 11538 6103 3708
f 3708 6103 13229
f 3708 13229 6845
f 3709 6098 6097
f 3709 6097 13063
f 3709 11543 6098
f 11539 11541 3709
f 11539 3709 13062
f 3709 11541 11543
f 3709 13063 13062
f 11465 3710 6118
f 11540 6118 3710
f 11540 3710 11541
f 3710 11542 11541
f 3711 3808 6046
f 3711 6119 3808
f 3711 6046 6045
f 6113 3711 6045
f 6113 6116 3711
f 6116 6119 3711
f 8810 8812 3712
f 11546 8810 3712
f 8933 11546 3712
f 3713 8811 8810
f 11545 3713 8810
f 3713 9413 8811
f 3713 11549 9413
f 11545 11547 3713
f 11547 11549 3713
f 8789 8790 3714
f 3714 8790 11549
f 3714 11549 11548
f 3714 11548 12156
f 5821 5422 3715
f 3715 5422 6314
f 7132 3715 6314
f 3716 7219 8155
f 12039 7219 3716
f 3716 8155 8157
f 3717 9381 8014
f 11091 3717 11554
f 3718 7941 7943
f 8684 7941 3718
f 3718 7943 11693
f 8684 3718 9924
f 3718 13199 9924
f 3718 11693 13199
f 3719 8808 5813
f 3719 5813 9378
f 3719 8809 8808
f 12156 8809 3719
f 12157 3719 9378
f 12156 3719 12157
f 6749 3720 11559
f 6749 11560 3720
f 11557 3720 11555
f 12201 11555 3720
f 11559 3720 11557
f 12201 3720 11560
f 3721 6038 3722
f 3721 3722 6095
f 3721 6040 6038
f 3721 6041 6040
f 3721 6694 6041
f 3721 6095 6694
f 3722 6038 6037
f 3722 6037 6093
f 3722 6093 13242
f 3722 13242 6095
f 11564 11563 3723
f 11566 3723 11563
f 12197 11564 3723
f 11567 3723 11566
f 11567 12198 3723
f 12198 12197 3723
f 4057 4056 3724
f 12197 3724 4056
f 11568 4057 3724
f 11568 3724 11569
f 12199 11569 3724
f 12199 3724 12197
f 3725 12194 4061
f 11002 3725 11570
f 11002 12194 3725
f 11568 11570 3725
f 3726 4060 4061
f 3726 4061 11573
f 3726 11572 11571
f 3726 11573 11572
f 11576 3727 11577
f 11577 3727 13113
f 13114 13113 3727
f 11579 11586 3729
f 11580 3729 11584
f 11580 3731 3730
f 13221 3730 3731
f 11581 3730 7983
f 13219 7983 3730
f 11580 3730 11581
f 13219 3730 13221
f 11580 11584 3731
f 13221 3731 13222
f 11586 12087 3732
f 11587 3732 13108
f 12086 3732 12087
f 12086 13108 3732
f 11590 7985 3733
f 13219 3733 7985
f 3735 11596 11597
f 3735 11598 11596
f 3735 11597 11600
f 3735 12192 11598
f 3735 11600 12193
f 3735 12193 12192
f 3736 3737 11597
f 3736 11822 3737
f 3736 11596 11595
f 3736 11595 11821
f 3736 11597 11596
f 3736 11821 11822
f 3737 11599 11597
f 3737 11603 11599
f 3737 12113 11603
f 3737 11822 12113
f 11271 11272 3738
f 11271 3738 11273
f 11272 12193 3738
f 11273 3738 11608
f 3738 11609 11608
f 3738 12193 11609
f 11324 11612 3739
f 11324 3739 13218
f 3739 11612 11611
f 13210 11614 3740
f 13209 13210 3740
f 3741 11623 4000
f 12187 3741 4000
f 11124 11624 3741
f 11124 3741 12186
f 3741 11624 11623
f 12187 12186 3741
f 3742 12173 4010
f 3742 12174 12173
f 3743 11633 11632
f 12123 3743 11632
f 11634 11633 3743
f 11634 3743 11803
f 11804 11803 3743
f 11805 11804 3743
f 11805 3743 12123
f 11634 3745 3744
f 3745 12181 3744
f 3744 11631 11633
f 3744 11635 11631
f 11634 3744 11633
f 3744 12181 11635
f 11634 11639 3745
f 3745 11639 11638
f 12182 3745 11638
f 12182 12181 3745
f 3746 11637 11639
f 3746 11640 11637
f 3746 11639 11803
f 3746 11801 11640
f 3746 11802 11801
f 3746 11803 11802
f 11641 11643 3747
f 11643 11894 3747
f 11893 11644 3747
f 11893 3747 11894
f 3748 11645 11644
f 11651 3748 11644
f 13205 11645 3748
f 3748 11650 11649
f 13205 3748 11649
f 11651 11650 3748
f 3749 11648 11647
f 13207 3749 11647
f 3749 11649 11648
f 13204 11649 3749
f 13208 13204 3749
f 13208 3749 13207
f 3750 11646 11648
f 11653 11646 3750
f 3750 11648 11650
f 11652 3750 11650
f 9098 3751 9037
f 9097 9053 3751
f 9053 9108 3751
f 9098 9097 3751
f 12166 3753 11669
f 11671 3753 11670
f 11670 3753 12166
f 11673 3753 11671
f 11674 12163 3754
f 3754 12161 11676
f 11678 12139 3755
f 3755 12137 11680
f 3755 12138 12137
f 3755 12139 12138
f 11680 3756 3757
f 3756 11689 3757
f 3756 3787 11763
f 3756 12137 3787
f 11680 12137 3756
f 3756 11763 11689
f 3757 3759 11682
f 3757 11687 3759
f 11680 3757 11682
f 3757 11689 11687
f 11677 3758 11684
f 11682 12159 3758
f 11684 3758 11683
f 3758 12159 11683
f 3759 11687 4032
f 11682 3759 12159
f 3760 11689 11763
f 11761 11690 3760
f 5490 3761 4430
f 3761 5491 4430
f 3761 6436 5491
f 7949 5994 3762
f 5994 8724 3762
f 7949 3762 7950
f 11693 7950 3762
f 13198 3762 8724
f 11693 3762 13198
f 3889 3763 4632
f 3889 6084 3763
f 3763 4633 4632
f 6085 6081 3763
f 6085 3763 6084
f 13194 3764 6088
f 3764 13289 6088
f 13196 3764 11465
f 3764 13196 13289
f 3765 6697 6698
f 3765 6698 6706
f 13193 10252 3766
f 13194 3766 10252
f 11621 3766 11622
f 3766 11621 13193
f 13195 11622 3766
f 13194 13195 3766
f 5534 3767 4004
f 5534 6282 3767
f 7886 3768 7887
f 7886 11699 3768
f 3768 13181 7887
f 3768 11699 11698
f 3768 11698 13191
f 3768 13192 13181
f 3768 13191 13192
f 11708 3769 7487
f 3769 12967 7487
f 11476 11703 3769
f 13190 11476 3769
f 3769 11703 12967
f 13190 3769 11708
f 3770 7920 7919
f 3770 7919 11704
f 11475 7920 3770
f 11475 3770 11476
f 3770 11703 11476
f 3770 11704 11703
f 3940 3771 3941
f 11710 3941 3771
f 11812 11710 3771
f 11711 3772 11712
f 11711 11715 3772
f 11712 3772 12153
f 11714 3772 11715
f 11714 12154 3772
f 3772 12154 12153
f 11713 11715 3773
f 11713 3773 11716
f 11812 3773 11715
f 12120 11716 3773
f 11812 11811 3773
f 11811 12120 3773
f 11562 11561 3774
f 11561 11721 3774
f 11563 11562 3774
f 11565 11563 3774
f 11565 3774 12146
f 3774 11721 12146
f 4050 3775 4051
f 4050 12153 3775
f 4051 3775 4052
f 3775 11561 4052
f 3775 11718 11561
f 3775 12153 11718
f 3776 11509 11508
f 11726 3776 11508
f 3776 11510 11509
f 12148 11510 3776
f 11726 11725 3776
f 12148 3776 11725
f 3777 11501 11502
f 3777 11503 11501
f 12142 3777 11502
f 3777 11728 11503
f 11729 11728 3777
f 12141 11729 3777
f 12142 12141 3777
f 3778 11732 11731
f 3778 11731 12135
f 3778 11733 11732
f 3778 12140 11733
f 3778 12135 12136
f 12138 3778 12136
f 12138 12140 3778
f 3779 11730 11732
f 3779 11735 11730
f 3779 11732 11734
f 3779 11734 12151
f 3779 12150 11735
f 3779 12151 12150
f 3780 6027 6029
f 3780 11740 6027
f 13297 3780 6029
f 3780 6031 11737
f 13297 6031 3780
f 3780 11737 11740
f 3781 11741 11742
f 13187 11741 3781
f 3781 11742 11743
f 13187 3781 11745
f 6077 6076 3782
f 13187 3782 6076
f 13186 6077 3782
f 11745 11747 3782
f 13187 11745 3782
f 13186 3782 11747
f 5933 3785 3783
f 11756 3783 3785
f 12031 5933 3783
f 11756 13122 3783
f 12031 3783 12029
f 13122 12029 3783
f 11722 3784 11723
f 11722 13183 3784
f 11723 3784 11724
f 3784 11758 11724
f 11755 11758 3784
f 5933 5932 3785
f 5932 11757 3785
f 11755 11756 3785
f 11755 3785 11757
f 11761 11759 3786
f 11761 3786 12132
f 12133 12132 3786
f 12134 12133 3786
f 3787 11764 11763
f 3787 11765 11764
f 3787 12136 11765
f 3787 12137 12136
f 7602 3788 7603
f 11048 3788 7602
f 7603 3788 11769
f 11047 3788 11048
f 11047 11768 3788
f 3788 11768 11769
f 3789 6000 5999
f 3789 5999 11783
f 3789 11768 6000
f 9948 9947 3789
f 9947 11768 3789
f 9948 3789 11783
f 3794 11775 3790
f 3794 3790 11798
f 11774 3790 11773
f 11775 11773 3790
f 11799 3790 11774
f 11798 3790 11799
f 3792 11776 3791
f 3792 3791 11779
f 3794 3791 11775
f 3794 11780 3791
f 3791 11776 11775
f 3791 11780 11779
f 3793 3792 11779
f 3793 12129 3792
f 3792 3982 11776
f 3792 12129 3982
f 3793 11779 11778
f 3793 11778 12130
f 3794 11781 11780
f 3794 11797 11781
f 3794 11798 11797
f 3795 11782 11781
f 3795 11781 11797
f 12124 11782 3795
f 12122 3795 11797
f 12123 3795 12122
f 12124 3795 12123
f 3796 6056 6055
f 3796 6055 6060
f 3796 6057 6056
f 3796 11786 6057
f 3796 6060 11785
f 3796 11785 11786
f 5050 3797 5048
f 5050 5052 3797
f 5052 6278 3797
f 6278 11792 3797
f 3798 7017 6270
f 3798 12814 7017
f 3798 10867 12815
f 3798 12815 12814
f 5184 5186 3799
f 5184 3799 7016
f 5188 3799 5186
f 5188 11794 3799
f 3799 11793 7016
f 3799 11794 11793
f 7219 3800 8156
f 7219 11796 3800
f 8163 3800 7884
f 8156 3800 8163
f 3801 11774 11772
f 12119 3801 11772
f 3801 11800 11774
f 3801 12121 11800
f 12119 12120 3801
f 3801 12120 12121
f 3935 3802 3936
f 3935 12114 3802
f 3802 11801 11802
f 12116 11801 3802
f 12114 12116 3802
f 7876 7849 3803
f 11808 3803 7849
f 7876 3803 7880
f 8310 3804 11814
f 11079 11078 3804
f 11814 3804 11078
f 11816 11079 3804
f 11258 11257 3805
f 11257 12115 3805
f 11258 3805 11818
f 11819 11818 3805
f 11820 11819 3805
f 11820 3805 12114
f 12114 3805 12115
f 3806 3940 3941
f 3806 3942 3940
f 3806 3941 12111
f 3806 11822 3942
f 3806 12113 11822
f 3806 12111 12113
f 3807 6044 4176
f 6120 3807 4176
f 3807 6042 6044
f 3807 13180 6042
f 3808 6119 11540
f 11539 3808 11540
f 5757 3809 5758
f 5757 13067 3809
f 3809 6048 5758
f 13065 3809 13067
f 8822 8731 3810
f 9999 3810 8731
f 8823 8822 3810
f 8824 8823 3810
f 8824 3810 11825
f 11825 3810 9999
f 11827 11829 3811
f 11827 3811 11872
f 11829 11830 3811
f 11830 11832 3811
f 11832 11834 3811
f 11834 11872 3811
f 3812 11352 11353
f 3812 11353 11355
f 11831 3812 11355
f 11830 3812 11831
f 4322 4321 3813
f 13075 3813 4321
f 7936 11837 3813
f 7936 3813 13075
f 3814 7867 7866
f 3814 7868 7867
f 13178 7868 3814
f 13178 3814 11837
f 3815 7077 7076
f 8268 3815 7076
f 3815 12530 7077
f 8268 10034 3815
f 3815 10034 10037
f 3815 10037 12529
f 3815 12529 12530
f 11843 3816 11844
f 11865 3816 11843
f 11867 3816 11865
f 11867 13116 3816
f 3817 11842 11844
f 3817 11845 11842
f 11848 3817 11844
f 3817 11847 11845
f 11850 11847 3817
f 11850 3817 11848
f 3818 9029 9031
f 3818 9031 9033
f 3818 9033 9035
f 3818 9035 9175
f 6688 6690 3819
f 11795 6688 3819
f 6696 3819 6690
f 6696 11871 3819
f 11795 3819 11871
f 6041 3820 11858
f 3820 11852 11854
f 3820 11854 11856
f 3820 11856 11858
f 3821 6790 6765
f 3821 11860 6790
f 7207 11855 3821
f 3821 11855 11860
f 3822 12066 5904
f 11862 3822 11863
f 11862 12066 3822
f 3822 11864 11863
f 6086 3823 6088
f 6086 11864 3823
f 13195 6088 3823
f 11864 12065 3823
f 11867 11866 3823
f 13195 3823 11866
f 11867 3823 12065
f 3824 11871 7011
f 3824 7011 12308
f 3824 11854 11852
f 3824 11852 11871
f 3824 11859 11854
f 3824 12308 11859
f 8374 3825 7848
f 8374 10261 3825
f 3826 5932 7202
f 3826 11757 5932
f 3826 7200 8989
f 3826 11878 7200
f 3826 7202 11878
f 3826 8989 11758
f 3826 11758 11757
f 9026 3827 4033
f 4033 3827 9725
f 4605 4790 3827
f 9026 4605 3827
f 3828 11742 6031
f 13297 3828 6031
f 3828 11885 11742
f 11881 11883 3828
f 13297 11881 3828
f 3828 11883 11885
f 6248 3829 6249
f 6248 11744 3829
f 3829 11915 6249
f 3829 11744 11743
f 3829 11743 11885
f 3829 11885 11884
f 3829 11884 11915
f 3992 3951 3830
f 3830 3951 9459
f 3992 3830 9758
f 9377 9015 3830
f 3830 9015 9758
f 9377 3830 9459
f 11886 3831 7199
f 12027 7199 3831
f 12027 3831 7842
f 7842 3831 13008
f 3831 11886 11888
f 11888 13008 3831
f 3833 3832 6018
f 6060 3832 3833
f 3832 11889 6018
f 6060 12045 3832
f 3832 7089 11889
f 12045 7089 3832
f 3833 6018 6017
f 11926 3833 6017
f 6060 3833 11785
f 11926 11785 3833
f 11786 3834 6525
f 3834 13162 6525
f 11786 11785 3834
f 11926 3834 11785
f 11926 11925 3834
f 3834 11925 13162
f 11652 11651 3835
f 11651 11893 3835
f 11652 3835 13170
f 11892 3835 11893
f 11892 13171 3835
f 3835 13171 13170
f 11642 3836 11643
f 13166 3836 11642
f 11643 3836 11895
f 13166 13165 3836
f 3837 7313 11900
f 11899 11898 3837
f 12781 3837 11898
f 11899 3837 11900
f 11897 11899 3838
f 3838 13173 13172
f 3838 13174 13173
f 11902 3839 11903
f 11902 13176 3839
f 11903 3839 11904
f 11904 3839 13174
f 3839 13168 13175
f 3839 13176 13168
f 3839 13175 13174
f 11901 11903 3840
f 11901 3840 11906
f 3840 12777 11906
f 3840 12778 12777
f 7140 3842 3841
f 7140 3841 7138
f 7138 3841 11908
f 3841 11910 11908
f 7140 12793 3842
f 6020 3843 6021
f 12041 3843 6020
f 6021 3843 6028
f 6028 3843 6029
f 12043 6029 3843
f 12041 12043 3843
f 11881 6030 3844
f 12043 3844 6030
f 11882 3844 7089
f 12042 7089 3844
f 3844 11882 11881
f 3844 12043 12042
f 11914 3845 6059
f 12045 6059 3845
f 11882 3845 11883
f 3845 11882 12045
f 11883 3845 11884
f 3845 11914 11884
f 3846 6522 6520
f 3846 6520 6797
f 3846 7245 6522
f 3846 6797 6796
f 3846 6796 9302
f 3846 9302 7245
f 6013 6012 3847
f 3847 6012 6016
f 6013 3847 11922
f 11928 3847 6016
f 11923 11922 3847
f 11928 11923 3847
f 10352 8081 3848
f 13071 3848 8081
f 10352 3848 8082
f 8082 3848 11929
f 13073 11929 3848
f 13072 3848 13071
f 13073 3848 13072
f 3849 11933 3850
f 13158 3849 3850
f 3849 11932 11931
f 3849 11931 11933
f 13156 11932 3849
f 13158 13156 3849
f 3850 11933 11934
f 3850 11934 11936
f 3850 11936 11938
f 13159 3850 11938
f 13159 13158 3850
f 11935 7643 3851
f 3851 7643 13070
f 7801 11937 3851
f 7801 3851 13070
f 11934 11935 3851
f 11934 3851 11936
f 11937 11936 3851
f 7173 3852 11941
f 7173 11944 3852
f 3852 11939 11941
f 13153 11939 3852
f 3852 11944 11946
f 13153 3852 11946
f 3853 13137 5983
f 7173 11942 3853
f 3853 11942 13135
f 3853 13135 13136
f 3853 13136 13137
f 3854 11948 11947
f 11957 3854 11947
f 13155 11948 3854
f 11957 11955 3854
f 13155 3854 11955
f 13153 11946 3855
f 13155 3855 11946
f 3855 11954 11953
f 13152 3855 11953
f 3855 11955 11954
f 13155 11955 3855
f 13153 3855 13152
f 3856 11952 11954
f 3856 11959 11952
f 3856 11954 11956
f 3856 11956 11958
f 3857 11964 5962
f 3857 5962 13148
f 3857 10500 10499
f 3857 10499 11961
f 3857 13148 10500
f 11964 3857 11961
f 3858 7161 11962
f 3858 13140 7161
f 13142 3858 11962
f 3858 13139 13140
f 13142 13139 3858
f 3859 11968 11967
f 3859 11967 13150
f 3859 13149 13148
f 3859 13150 13149
f 9518 3860 9526
f 9518 11970 3860
f 3860 11970 13326
f 3860 13326 13137
f 11971 11972 3861
f 11971 3861 11973
f 11972 13143 3861
f 11973 3861 11974
f 11974 3861 13147
f 13147 3861 13143
f 4650 4649 3862
f 4649 11978 3862
f 3862 11978 11977
f 13055 3862 11977
f 3864 13139 3863
f 3863 11976 11978
f 3863 11980 11976
f 3863 13139 11980
f 3864 13140 13139
f 5972 5979 3865
f 11984 3865 5979
f 13045 7998 3865
f 11983 3865 11984
f 13045 3865 11983
f 3867 3866 7686
f 11986 3866 3867
f 7686 3866 7687
f 7687 3866 7688
f 7688 3866 11985
f 11986 11985 3866
f 3867 7686 13103
f 11986 3867 7784
f 3868 8388 8387
f 3868 8387 11991
f 3868 11136 8388
f 3868 11990 11136
f 3868 11989 11990
f 3868 11991 11989
f 3869 7768 7767
f 11993 7768 3869
f 11993 3869 13022
f 13022 3869 13023
f 11996 11995 3870
f 11999 3870 11995
f 11996 3870 11997
f 13131 11997 3870
f 12000 3870 11999
f 13131 3870 12000
f 8552 8559 3871
f 13123 5948 3872
f 12859 6788 3873
f 12860 3873 12861
f 12018 3874 3876
f 12020 3876 3874
f 12018 6786 3874
f 12021 12020 3874
f 12018 3876 3875
f 13126 3875 3876
f 3875 5944 5943
f 12019 3875 5943
f 13126 5944 3875
f 12019 12018 3875
f 12020 6238 3876
f 13126 3876 6238
f 3877 12021 6784
f 3877 6784 12824
f 5116 5115 3878
f 5115 7202 3878
f 5116 3878 5930
f 3878 5931 5930
f 3878 5933 5931
f 3878 5932 5933
f 3878 7202 5932
f 3879 6006 6008
f 8007 6006 3879
f 12032 3879 6008
f 13121 8007 3879
f 12032 13121 3879
f 12039 3880 7735
f 12033 3880 12032
f 12034 12032 3880
f 6066 3881 6064
f 12037 6064 3881
f 7485 3881 6066
f 12037 3881 12036
f 12036 3881 12968
f 12036 3882 7734
f 3882 7878 7877
f 12968 7878 3882
f 12036 12968 3882
f 6011 11889 3883
f 3883 11889 7089
f 7089 12042 3883
f 3884 7715 7717
f 12051 7715 3884
f 9366 3884 7717
f 7890 9353 3884
f 7890 3884 9366
f 12051 3884 9353
f 4758 4763 3885
f 7607 4758 3885
f 4763 12054 3885
f 7607 3885 12056
f 12056 3885 12054
f 3886 12048 5211
f 3886 13118 12048
f 13119 13118 3886
f 12058 11928 3887
f 11928 13120 3887
f 12058 3887 12059
f 12059 3887 13119
f 3887 13120 13119
f 3888 11115 7712
f 11917 3888 7712
f 11918 3888 11917
f 11919 3888 11918
f 3889 4632 12062
f 3889 12063 6084
f 5905 5904 3890
f 3890 5904 6124
f 5905 3890 11849
f 3890 6124 13293
f 3890 12976 11849
f 12976 3890 13293
f 12071 3891 12069
f 12069 3891 12566
f 12073 3891 12071
f 12075 3891 12073
f 12075 12567 3891
f 12566 3891 12567
f 12073 12072 3892
f 12072 13111 3892
f 12073 3892 12074
f 13114 12074 3892
f 13111 13112 3892
f 13112 13114 3892
f 12071 12070 3893
f 3893 12070 12080
f 12071 3893 12072
f 3893 13110 12072
f 3893 12080 12079
f 3893 12079 13110
f 3894 7692 7691
f 3894 12572 7692
f 12573 12572 3894
f 13107 12086 3895
f 3895 13105 13106
f 13109 13105 3895
f 13107 3895 13106
f 12083 12085 3896
f 12083 3896 12090
f 3896 12085 12087
f 3896 12087 12089
f 3896 12089 13113
f 12090 3896 13112
f 13112 3896 13113
f 5863 5864 3897
f 5863 3897 5865
f 3897 5864 7479
f 3897 12101 5865
f 3897 7479 7923
f 3897 7923 12101
f 7923 7922 3898
f 12716 3898 7922
f 7923 3898 12101
f 12101 3898 12099
f 12109 3899 9757
f 11329 11328 3899
f 13100 11329 3899
f 12107 3899 12109
f 13100 3899 12107
f 12107 12109 3900
f 13094 13093 3900
f 4483 3901 4691
f 3903 3902 3904
f 3903 3905 3902
f 3902 6579 5817
f 3906 3905 3903
f 3906 3903 3910
f 3906 3907 3905
f 13098 3906 3910
f 3908 6199 5389
f 3908 5389 13030
f 3908 5953 6199
f 12911 5953 3908
f 3909 3915 3916
f 5894 3909 3916
f 3913 3915 3911
f 6094 4964 3912
f 6094 3912 12906
f 3913 3914 3915
f 13000 5871 3914
f 3919 3921 3917
f 3918 4507 4449
f 3918 4449 9520
f 3918 4844 4507
f 3918 9024 4844
f 3918 9500 9024
f 3918 9520 9500
f 3919 3920 3921
f 3989 3920 3919
f 3920 7671 3921
f 3924 3922 3923
f 3922 11797 11798
f 3922 12122 11797
f 3927 3939 3923
f 3926 3924 3925
f 3937 11806 3926
f 3927 11800 12121
f 5534 5581 3928
f 3928 6295 6285
f 3930 7038 3929
f 3929 12118 11817
f 3932 7038 3930
f 3931 3935 3936
f 3931 3936 3937
f 3932 3934 7038
f 7038 3934 11595
f 11821 11595 3934
f 11820 12114 3935
f 11709 3941 11710
f 11709 12111 3941
f 11821 3942 11822
f 3943 3944 3946
f 12119 11772 3943
f 11777 3945 3944
f 3946 3947 3948
f 9673 9675 3947
f 3948 3949 11717
f 3961 3950 9676
f 3992 9527 3951
f 3951 9500 9459
f 3951 9567 9500
f 3951 9527 9567
f 3952 5175 6442
f 3952 9022 5175
f 3952 6442 6835
f 3952 6835 9614
f 9022 3952 9595
f 3952 9614 9595
f 3953 3954 3955
f 3953 3972 11736
f 12148 11725 3954
f 3957 3955 3956
f 3957 3959 3955
f 11729 3956 11728
f 3958 3963 9708
f 3961 3962 3960
f 12146 11721 3960
f 3962 3968 11754
f 3964 3965 3963
f 12141 3964 11729
f 3966 3967 3965
f 12144 12145 3966
f 3967 3968 3969
f 9695 9699 3969
f 7230 3971 3970
f 3971 3972 3973
f 3973 3974 3975
f 3979 3975 3974
f 6446 3976 4238
f 4238 3976 12338
f 6454 3976 4896
f 4896 3976 12544
f 6446 12544 3976
f 6454 12338 3976
f 3977 5236 4386
f 5336 5236 3977
f 5336 3977 6276
f 12892 6276 3977
f 3980 3978 3979
f 3981 3978 3980
f 9610 3980 3979
f 12129 3984 3982
f 3983 4138 9020
f 3983 9618 4138
f 3983 9020 4199
f 3983 4199 12571
f 12134 3984 12129
f 3986 3987 3988
f 3986 11463 3987
f 3990 3986 3989
f 8444 3993 3988
f 3990 8183 8195
f 3991 6314 5422
f 3992 9019 9021
f 3992 9758 9019
f 3992 9021 9527
f 3999 3994 3998
f 3999 12131 3994
f 3999 11692 11690
f 3999 11690 12131
f 4001 4007 4002
f 4001 4008 4007
f 4136 6293 4004
f 11636 4005 4025
f 4006 4012 4013
f 4009 4010 12173
f 4011 4156 4021
f 4011 4021 9017
f 4011 9015 4156
f 4011 9758 9015
f 4011 9017 9640
f 4011 9640 9758
f 4013 11667 4016
f 12621 6506 4015
f 12619 6567 4015
f 6567 12620 4015
f 12621 4015 12620
f 5489 4874 4017
f 5489 4017 6603
f 12618 6603 4017
f 4019 4031 9036
f 6727 6612 4019
f 6727 4019 12592
f 12592 4019 9036
f 4021 4156 9016
f 4021 9016 6517
f 4021 9685 9017
f 12124 4024 11782
f 4029 6803 7013
f 4029 12587 6803
f 9099 9036 4031
f 4156 9015 4033
f 4156 4033 9725
f 9377 4033 9015
f 9377 9026 4033
f 8478 4035 4034
f 8478 4034 13090
f 6465 4035 6466
f 4036 12761 7343
f 4039 4037 4038
f 13091 4038 4037
f 4040 4037 4039
f 13091 4037 13092
f 4039 4038 7342
f 13090 4038 13091
f 4040 4039 6399
f 5737 4041 12986
f 4043 4044 4042
f 4042 13086 13085
f 4043 8211 4044
f 4043 8213 8211
f 5834 4044 13092
f 4045 4046 4047
f 11709 4046 4045
f 11709 4045 12111
f 12111 4045 12113
f 11709 11711 4046
f 11711 11712 4046
f 4049 4047 4048
f 4049 4063 4062
f 4050 11712 12153
f 4051 4052 4053
f 4052 11561 11562
f 4054 4053 4055
f 9946 9993 4054
f 4055 4056 4057
f 4055 4057 4058
f 12197 4056 11564
f 4058 4060 4059
f 12194 11573 4061
f 11603 4062 11599
f 4065 4063 4064
f 4064 9927 4066
f 11610 4065 11604
f 4066 4067 4068
f 11575 4068 4067
f 11605 4068 12191
f 4071 4069 4070
f 4073 13087 4069
f 5831 4070 5832
f 5832 4070 5840
f 4074 4072 4073
f 4072 6132 6128
f 4074 6348 12926
f 4077 4075 4076
f 11399 13084 4075
f 5843 4077 4076
f 5843 4076 5846
f 5846 4076 13454
f 4080 4078 4079
f 12142 11502 4078
f 4081 4082 4080
f 4080 4082 4725
f 4081 10095 10056
f 4082 4083 4725
f 4083 4084 11496
f 4084 4085 4086
f 4085 10056 4098
f 4086 4087 4088
f 4087 4097 11499
f 11493 4088 12224
f 4091 4089 4090
f 4094 4089 4093
f 4092 11502 11501
f 4092 11501 11506
f 12218 4093 11505
f 4100 4094 11520
f 4095 4096 4097
f 4095 4099 4096
f 4095 4098 4099
f 11525 4099 4112
f 4102 4100 4101
f 4101 12215 11530
f 4104 4102 4103
f 4106 4103 11534
f 4105 4106 4107
f 10009 10021 4105
f 4107 4108 4109
f 12206 12207 4108
f 4109 4110 4111
f 12209 12210 4110
f 10009 4113 10095
f 10095 4113 10056
f 4116 4114 4115
f 4114 11427 11426
f 4115 12221 11513
f 4125 4116 4126
f 12233 4118 4117
f 12230 12233 4117
f 7045 4118 11428
f 4670 4120 4848
f 4670 9108 4120
f 4807 4848 4120
f 6715 4807 4120
f 4122 12228 11441
f 7045 4125 4124
f 4125 4126 4128
f 4127 11512 12152
f 4128 11444 11443
f 4814 4130 8721
f 4831 4829 4130
f 4829 9268 4130
f 9268 8721 4130
f 4131 4815 4165
f 4131 4165 4816
f 4131 4816 4794
f 4131 4794 4818
f 4131 4817 4815
f 4131 4818 4817
f 4134 4132 4133
f 4132 7665 4133
f 7842 4135 7840
f 12026 7840 4135
f 4136 4181 6304
f 9021 9019 4138
f 9019 9642 4138
f 9020 4138 9642
f 9021 4138 9618
f 7660 4139 13011
f 4140 9438 4141
f 7665 7666 4141
f 12255 11259 4142
f 4146 4144 4145
f 11267 11270 4144
f 4145 4153 10266
f 6458 4894 4147
f 4894 12267 4147
f 6455 4147 12267
f 12297 4147 6455
f 4149 4155 4148
f 4149 10254 4155
f 4149 10242 10254
f 4150 4159 11290
f 4153 4151 4152
f 12248 10491 4151
f 4157 4152 11313
f 4159 4154 4158
f 4156 9725 9016
f 4158 12247 12246
f 4164 4160 4163
f 11284 12245 4162
f 11262 11263 4164
f 4165 4815 6662
f 4167 4166 11593
f 4166 12117 11593
f 4170 4167 11592
f 4167 11593 11592
f 4168 10268 10175
f 4169 4170 4171
f 11598 12192 4172
f 13065 4465 4173
f 4176 4174 4177
f 4176 6044 4174
f 4175 4176 4177
f 6120 4176 4175
f 4175 4177 9472
f 6120 4175 4282
f 4177 5765 9472
f 4188 4178 4187
f 4179 4847 6459
f 4179 6461 4847
f 12195 4179 6459
f 12196 6461 4179
f 4180 4182 4183
f 6280 6279 4181
f 4182 11119 4192
f 4185 4183 4184
f 4190 10359 4184
f 4187 4185 4186
f 11151 4188 4201
f 4191 4189 4190
f 4198 4208 4189
f 4193 4191 4192
f 4193 11117 4194
f 4194 11117 12299
f 4194 12299 12306
f 11836 4781 4195
f 4818 4195 4817
f 4817 4195 4819
f 11836 4195 4818
f 6662 4815 4196
f 6704 4196 4815
f 4825 4826 4196
f 6662 4196 4826
f 4670 4197 4588
f 4588 4197 4845
f 4670 4848 4197
f 6630 4845 4197
f 4198 4209 4208
f 4198 11135 4209
f 4199 12301 5161
f 4199 5161 12571
f 4199 9020 9632
f 4199 9632 12301
f 6454 4896 4203
f 4203 4896 12330
f 6454 4203 6453
f 6453 4203 12323
f 6455 12323 4203
f 6455 4203 12330
f 4205 4235 11160
f 4206 4207 4208
f 4206 4214 4215
f 4207 10336 10347
f 4209 11133 4211
f 4209 11135 11133
f 4648 4837 4210
f 4648 4210 4838
f 6719 4838 4210
f 4212 4224 4839
f 4840 4224 4212
f 4212 4839 6660
f 11179 4220 4215
f 4226 4216 4225
f 4217 10298 10330
f 4218 10330 10336
f 4219 4220 4221
f 11177 4223 4221
f 4222 4340 4224
f 6652 4222 4224
f 4222 4303 4340
f 4222 4434 4303
f 11193 4225 4223
f 11193 4223 12271
f 4224 4340 4839
f 4840 6652 4224
f 4226 11203 4230
f 6452 4228 4964
f 12381 5469 4228
f 12381 4228 6452
f 4229 4230 4231
f 4230 11203 4231
f 4231 11201 4233
f 11198 4232 11200
f 11200 4232 11201
f 5108 4234 12488
f 5108 12739 4234
f 12488 4234 6447
f 12440 4234 12739
f 4244 4236 4243
f 4238 6162 12905
f 6446 4238 12905
f 4241 4239 4240
f 4243 4241 4242
f 13081 4242 4241
f 4245 4247 4246
f 4245 6772 4247
f 4246 4247 4248
f 4246 4248 4249
f 4249 5950 5938
f 4252 4250 4251
f 12006 4251 4250
f 12006 4250 13083
f 13081 13083 4250
f 12006 12002 4251
f 4254 4252 4253
f 13078 13079 4253
f 4255 4256 4257
f 4255 4266 11073
f 4256 12302 11120
f 4259 5161 12570
f 4259 12571 5161
f 4259 12560 6443
f 12588 4259 6443
f 4259 6445 12560
f 4259 12570 6445
f 12588 12571 4259
f 4260 10466 4267
f 4261 4262 4263
f 11257 4261 12115
f 4262 4280 4279
f 4263 4264 4265
f 4264 10496 4273
f 11637 11640 4265
f 4266 4267 4268
f 4266 4268 7579
f 4268 11075 7579
f 4269 4271 4272
f 12588 4270 5175
f 5175 4270 12651
f 6441 4270 6443
f 6441 12707 4270
f 6443 4270 12588
f 4270 12707 12651
f 10466 10467 4271
f 4272 4277 11087
f 4273 4275 4276
f 6440 4274 5212
f 7013 5212 4274
f 12734 5356 4274
f 6440 12734 4274
f 12182 11638 4276
f 4279 4277 4278
f 10467 10496 4278
f 9446 4282 4281
f 9446 4281 13079
f 6120 4282 6122
f 9446 6122 4282
f 4284 4285 4286
f 4284 12198 11567
f 4285 4299 4286
f 4286 11007 11009
f 4287 4288 4289
f 4287 11567 11566
f 11488 11489 4288
f 4289 4290 4291
f 4290 4292 4293
f 11491 12223 4292
f 4295 4293 4294
f 4294 11019 11020
f 4301 4300 4295
f 4299 4300 4296
f 11013 8129 4297
f 11013 4297 11010
f 11007 4298 11004
f 4301 11022 12315
f 12190 12189 4302
f 4340 4303 4841
f 4842 4303 4434
f 4303 4443 4841
f 4842 4443 4303
f 4311 10498 4305
f 4309 4307 4308
f 4308 12332 10961
f 4309 4313 4312
f 4310 4311 4312
f 4310 4312 4313
f 4316 4314 4315
f 7449 4314 6973
f 13077 4315 4319
f 4316 7859 6979
f 7632 4318 4317
f 7449 7448 4317
f 13077 4319 4323
f 4322 4320 4321
f 4323 4324 4320
f 13075 4321 13074
f 7630 7637 4324
f 4327 4325 4326
f 4330 10836 4325
f 11419 11420 4326
f 4329 4327 4328
f 4329 4328 4349
f 4332 4329 10588
f 4329 4349 10561
f 10588 4329 10561
f 4331 4332 4333
f 4331 4333 10840
f 4332 10588 4333
f 4335 4336 4334
f 4335 4334 4354
f 10851 4335 10850
f 4336 12348 10848
f 4337 4338 4339
f 4341 4337 4339
f 4341 10636 4337
f 4338 10848 10847
f 4341 4339 4342
f 4340 6659 4839
f 4340 4841 6659
f 4342 4343 4344
f 4343 10864 8410
f 4344 4345 4346
f 4345 12343 10837
f 10841 7673 4347
f 10841 4347 7674
f 4348 4349 4350
f 4348 10561 4349
f 4348 4350 4352
f 7241 4351 11140
f 4351 7667 7668
f 4351 10659 7667
f 4351 7668 11140
f 4354 4352 4353
f 12230 12231 4353
f 4357 4355 4356
f 4356 4355 11385
f 4355 13071 11385
f 4355 13072 13071
f 4357 13076 7636
f 4362 4359 4358
f 4362 12164 4359
f 4364 4365 4363
f 10720 4363 4365
f 12362 10717 4363
f 12362 4363 10720
f 4366 10766 4364
f 4368 4366 4367
f 4367 10717 10718
f 4370 4368 4369
f 4369 12228 12229
f 4373 4371 4372
f 10783 4378 4371
f 12361 10200 4372
f 6691 10964 4374
f 7262 4374 7614
f 10984 7614 4374
f 10964 10984 4374
f 4377 4375 4376
f 10751 4375 10752
f 9474 6106 4376
f 9475 4376 6106
f 4379 4377 4378
f 4379 4380 4381
f 4380 4382 4381
f 6437 4386 5236
f 6435 4386 6437
f 4387 4388 4389
f 4387 4389 4391
f 11451 11452 4388
f 4389 4390 4391
f 11678 4390 12139
f 4393 4394 4395
f 4393 11929 4394
f 4393 11930 11929
f 4393 11931 11930
f 4393 11933 11931
f 4394 11929 13073
f 4395 7641 7645
f 4396 4397 4398
f 4396 4398 4400
f 4396 4403 10762
f 4397 12169 11139
f 4398 4399 4400
f 4410 4399 4409
f 4414 10800 4401
f 5339 6429 4402
f 5339 4402 6431
f 13030 6431 4402
f 4408 4406 4407
f 4416 4407 10856
f 10677 12359 4408
f 11144 12292 4409
f 4412 4410 4411
f 4411 10689 10690
f 4414 4412 4413
f 4420 4413 10694
f 4416 4415 10678
f 10680 4417 10679
f 5301 4418 6428
f 5924 4418 5753
f 5924 12853 4418
f 12853 6428 4418
f 4421 4419 4420
f 4423 4421 4422
f 12365 4422 12364
f 4423 8004 10679
f 12636 4424 12637
f 4425 4428 4429
f 13068 4426 4429
f 13068 13070 4426
f 7654 4427 7649
f 13068 4429 4428
f 7799 4428 7790
f 7799 13068 4428
f 5490 4430 5886
f 4430 5491 11626
f 4431 4432 4433
f 4431 4433 4435
f 4431 4435 4437
f 4842 4434 4605
f 4434 6825 4605
f 4437 4440 10593
f 6036 4438 5486
f 5487 5935 4438
f 12382 4439 4444
f 10583 10593 4440
f 4442 5466 5467
f 4442 6090 5466
f 4442 5467 6107
f 5468 6090 4442
f 5468 4442 11522
f 11522 4442 6107
f 4449 4496 4443
f 6641 4449 4443
f 4496 4841 4443
f 6641 4443 4842
f 4462 10597 4444
f 4445 4447 7009
f 12313 4446 11064
f 4447 4448 7009
f 11008 7009 4448
f 11008 4448 10997
f 4449 4507 4496
f 6641 9520 4449
f 4452 4450 4451
f 7098 4451 12378
f 4454 4453 4452
f 10969 10997 4453
f 4456 4454 4455
f 4455 12375 12376
f 4458 4459 4457
f 10955 10969 4457
f 4459 4460 4461
f 4460 10614 12373
f 10621 4464 4461
f 4463 4464 4462
f 4465 4466 4467
f 4466 12732 4467
f 5786 5785 4467
f 4468 4481 4480
f 12248 4471 10492
f 12248 11270 4471
f 4472 4473 4474
f 4472 4481 4473
f 4472 4474 4476
f 4472 4482 4481
f 4475 12333 12334
f 10939 4477 12334
f 4687 4478 12392
f 4688 4479 4687
f 9679 4479 4688
f 9262 4482 9680
f 4483 8818 8683
f 4487 4485 4486
f 4485 4492 10401
f 4486 12317 11025
f 4487 4501 4500
f 4490 4488 4489
f 10379 4488 4498
f 4490 4504 11081
f 4491 4492 4493
f 12423 10399 4491
f 4494 4495 4493
f 4494 4499 11082
f 4507 4843 4496
f 6646 4841 4496
f 6646 4496 4843
f 10402 10404 4497
f 4499 4500 4498
f 4501 4502 4503
f 4502 11025 11024
f 10371 4503 10372
f 4504 4505 4506
f 4505 10370 12421
f 4507 4604 4843
f 4844 4604 4507
f 5791 4509 5304
f 5304 4509 6482
f 5791 5305 4509
f 5305 6484 4509
f 5306 6482 4509
f 5306 4509 6484
f 4511 12418 10403
f 4512 4513 4514
f 12207 4512 12208
f 4513 4515 4514
f 4513 10826 4528
f 4514 4515 4516
f 4516 4517 4518
f 4520 4518 4519
f 4519 4542 10384
f 4520 12209 12208
f 4521 4522 4523
f 4526 4522 4521
f 4525 4526 4521
f 4525 4521 11173
f 10290 4523 4522
f 12446 10290 4522
f 4538 4523 10289
f 10289 4523 10290
f 6632 4844 4524
f 4524 4844 9024
f 6632 4524 6892
f 4524 9516 6892
f 4524 9024 9516
f 4525 4547 4526
f 11111 4547 4525
f 10294 4526 4547
f 4527 4528 4529
f 11128 4527 4533
f 4529 4530 4531
f 12350 4530 10824
f 10312 4535 4531
f 4535 4537 4532
f 4549 4532 4537
f 4534 4588 4845
f 4534 4846 4588
f 4534 4845 4604
f 6632 4534 4604
f 4620 4536 4714
f 4620 10565 4536
f 10565 5505 4536
f 10325 4549 4537
f 4539 4538 10289
f 4540 4541 4539
f 4540 8578 12441
f 4541 10332 4545
f 4542 4543 4544
f 4543 11132 11134
f 4544 4545 4546
f 12424 10381 4546
f 11127 4548 4547
f 11111 11127 4547
f 4550 4548 4549
f 10325 4550 4549
f 13060 13061 4552
f 5199 5113 4553
f 5196 5195 4553
f 5199 4553 5195
f 5689 5196 4553
f 4562 4554 7049
f 11630 4554 4562
f 11626 7049 4554
f 10050 4554 11381
f 11381 4554 11630
f 4555 4556 4557
f 6051 4555 6052
f 4558 4559 4560
f 4558 4560 4564
f 10960 4558 4564
f 4560 4561 4564
f 4561 4565 4564
f 11431 4562 7057
f 11431 11630 4562
f 7053 4563 7051
f 11616 7051 4563
f 7053 11448 4563
f 7055 4563 11448
f 4565 4566 4567
f 4566 11256 4567
f 4569 4570 4568
f 4568 11256 11314
f 4570 12462 10213
f 4573 4571 4572
f 4571 11320 9311
f 4573 10217 10216
f 4574 4575 4576
f 11006 12318 4575
f 4576 10394 4578
f 4577 4578 4579
f 4577 11196 4578
f 4579 4580 4581
f 10399 4580 10398
f 10238 9311 4581
f 4584 4582 4583
f 10853 4582 4602
f 10713 4584 4583
f 4586 4589 4585
f 4585 10156 10159
f 4587 4589 4586
f 11367 4587 4586
f 11367 4586 4603
f 4596 10167 4589
f 6930 4590 4592
f 4590 10196 4592
f 4594 4595 4593
f 10188 4593 10189
f 4594 12471 10161
f 4597 4685 4864
f 4597 5829 5831
f 4598 4599 4600
f 10189 4600 10182
f 4603 4601 4602
f 10851 4601 12346
f 4845 4843 4604
f 6632 4604 4844
f 4605 6825 4790
f 9026 4842 4605
f 4610 4608 4609
f 4608 7620 8469
f 4608 8469 7625
f 4610 13037 11057
f 4611 10053 7085
f 4613 4614 4612
f 4625 4613 11404
f 4614 4623 10101
f 10067 4618 4615
f 10067 4619 4618
f 9323 4619 12489
f 10067 10066 4619
f 4619 10066 12489
f 4620 6320 10566
f 4620 10566 10565
f 4621 4622 4623
f 4621 4624 10105
f 4624 4625 4626
f 10113 4626 4631
f 4627 4628 4629
f 11393 4627 11404
f 4631 4629 4630
f 5729 4632 4633
f 4634 4635 4637
f 9928 4634 11413
f 4635 4636 4637
f 10513 4636 7136
f 4638 8997 4639
f 4638 4644 4982
f 4638 4982 8998
f 4638 8998 8997
f 4639 8997 8996
f 4639 8996 9929
f 4640 4641 4642
f 4640 11429 4641
f 4641 9936 9937
f 4642 4643 4644
f 4643 9944 4644
f 4647 4645 4646
f 5725 4645 4647
f 4762 4647 4646
f 4762 4646 10485
f 4648 6659 4837
f 6660 4648 4838
f 4648 4839 6659
f 6660 4839 4648
f 4651 4649 4650
f 4651 4652 4653
f 5744 4652 5728
f 13045 11983 4653
f 4656 4654 4655
f 4654 9768 4662
f 4655 11440 4678
f 4656 4657 4658
f 4657 4682 9775
f 4658 12518 9765
f 4659 4660 4661
f 4659 4669 4660
f 4659 9802 4669
f 4660 4669 11461
f 4661 9795 9796
f 4663 4664 4665
f 4665 4666 4663
f 4664 9767 12512
f 4667 4668 4669
f 4668 11461 4669
f 4671 4673 9842
f 4671 4674 4676
f 4671 9842 4674
f 4671 4676 4677
f 6842 4672 6834
f 6849 6834 4672
f 6846 4672 6842
f 6849 4672 6847
f 4673 8350 9842
f 4674 4675 4676
f 4674 9842 9841
f 4675 12503 9862
f 4677 4679 4678
f 4680 4678 4679
f 4680 4681 4682
f 9860 12467 4681
f 10773 13049 4683
f 13050 4683 13049
f 4684 9378 5813
f 4684 5813 13199
f 4684 8014 9378
f 4684 13199 13198
f 4864 4685 11308
f 4693 7136 4689
f 4693 4689 9683
f 4701 4690 11701
f 4690 11697 5047
f 4690 5047 11701
f 4691 9385 8813
f 4692 12392 10511
f 4694 12526 9678
f 4694 12525 12526
f 4697 4695 11947
f 4695 11957 11947
f 4696 6609 6611
f 4696 11945 6609
f 4696 6611 11890
f 6613 6615 4696
f 6613 4696 11890
f 4696 6615 11945
f 4699 4697 4698
f 4697 11949 4698
f 4697 11947 11949
f 13044 4699 4698
f 11949 11951 4698
f 5741 5733 4699
f 10609 4703 4700
f 4700 10055 12377
f 10606 4700 12377
f 4716 11720 4701
f 4716 4701 11751
f 4701 11701 11751
f 4704 4702 4703
f 12492 4702 10045
f 4704 4705 4706
f 12310 12309 4705
f 12243 10046 4706
f 13048 5735 4707
f 6605 6616 4708
f 6605 4708 11943
f 6606 11943 4708
f 4708 6616 9416
f 4709 5719 5718
f 9422 4710 12555
f 4712 11583 4711
f 4713 4897 12077
f 5588 6330 4714
f 4715 6372 4884
f 6358 4715 6363
f 4717 4730 9442
f 4727 4718 9473
f 12546 9473 4718
f 8763 4898 4719
f 4729 4730 4721
f 6301 5404 4722
f 4723 4735 4724
f 11665 4735 4723
f 9474 4724 6106
f 9474 9476 4724
f 4727 4728 4729
f 4727 9471 4728
f 4727 9473 9471
f 4728 9471 9470
f 4737 4733 4731
f 12465 4731 4733
f 4731 4738 4737
f 12465 10197 4731
f 13465 4732 13464
f 4738 12361 12360
f 4739 4991 4992
f 4993 4991 4739
f 4739 4992 6054
f 4739 6054 7043
f 6542 6544 4740
f 6542 4740 9893
f 6544 6546 4740
f 10146 4740 6546
f 13403 9893 4740
f 13403 4740 10146
f 6535 4741 12108
f 6561 4741 6562
f 12108 4741 6561
f 6905 4742 5328
f 5328 4742 12162
f 5352 4742 6905
f 4742 6511 12162
f 4743 4744 4745
f 9430 9429 4744
f 12517 4744 9429
f 4746 4747 4748
f 12246 4747 11286
f 10486 7115 4748
f 10069 4750 10068
f 12490 4751 4752
f 12561 4752 4751
f 12490 10068 4751
f 11672 12561 4751
f 12490 4752 12489
f 8826 4753 4760
f 4760 4753 8840
f 4756 4754 4755
f 11672 4755 4754
f 9252 4754 4756
f 12562 11672 4754
f 7115 9338 4756
f 4757 4758 4759
f 4757 4763 4758
f 4758 7608 4759
f 7607 7608 4758
f 4759 7613 4761
f 4759 7608 7613
f 4765 9336 9335
f 12394 4765 9335
f 4768 4766 4767
f 4770 9336 4766
f 12575 9182 4768
f 4771 4769 4770
f 4772 9337 4769
f 9180 4771 9181
f 9390 4773 9388
f 4775 4774 7623
f 4774 7617 7618
f 4774 7618 7623
f 7466 4775 7616
f 4776 4777 4778
f 4776 8991 8990
f 4777 12631 8978
f 4778 4779 4780
f 8987 4820 4779
f 4780 4781 4782
f 4780 4782 4784
f 11853 4811 4783
f 4784 4809 8992
f 9016 4788 6517
f 9016 6874 4788
f 6843 6899 4789
f 4806 5025 4792
f 4792 5025 5019
f 6508 6505 4795
f 6662 4826 4796
f 4797 4798 6779
f 4797 4807 6715
f 4798 4799 9088
f 4798 4800 6779
f 4799 12614 9088
f 6719 4804 4805
f 6719 4805 4838
f 4806 5024 5025
f 4807 6628 4848
f 4808 4809 4810
f 4808 12527 12526
f 4812 4810 4811
f 4813 4814 4812
f 4813 11891 4832
f 4814 8721 9266
f 6704 4815 4817
f 6704 4817 4819
f 4819 4820 4821
f 6704 4819 4821
f 4821 4822 4823
f 8985 12600 4822
f 4823 4824 4825
f 9158 4824 9028
f 9028 4824 12598
f 4829 4827 4828
f 4835 4836 4827
f 12576 4828 12575
f 4840 4830 6652
f 4840 11762 4830
f 4833 4831 4832
f 4834 4835 4833
f 11694 4850 4834
f 4836 4860 9183
f 6646 6659 4841
f 6641 4842 9026
f 4847 4913 4895
f 6459 4847 4895
f 4847 12357 4913
f 4847 6461 12357
f 4849 4850 4851
f 4859 4860 4849
f 4852 5739 5190
f 4852 8895 8876
f 4855 4853 4854
f 4855 4857 4853
f 4856 9094 12578
f 4857 4858 4859
f 4858 9178 4859
f 4863 4861 4862
f 4867 4861 6345
f 6345 4861 6346
f 7322 4862 13041
f 4863 5711 5710
f 4866 4864 4865
f 4864 11308 4865
f 4866 4865 13041
f 4868 4866 4867
f 4868 5387 12933
f 4871 4869 4870
f 12660 4869 12661
f 8779 8780 4870
f 4871 4872 4873
f 12196 4874 12393
f 4875 5826 5828
f 4878 4876 4877
f 12657 4876 8780
f 4878 4877 7322
f 4881 4879 4880
f 12279 4880 4879
f 4881 4886 4879
f 4888 4879 4886
f 4889 4879 4888
f 12277 4881 4880
f 4881 4882 4886
f 12035 4886 4882
f 6355 4884 6367
f 6458 4885 4894
f 12266 4894 4885
f 4885 6458 6563
f 12620 4885 6563
f 12266 4885 6567
f 6567 4885 12620
f 4889 4888 4887
f 4893 4889 4887
f 4893 8754 4889
f 4890 4923 13362
f 11756 4890 13122
f 4899 4891 4892
f 8744 4891 8746
f 4899 4892 4898
f 6459 4895 4894
f 4894 4895 12267
f 12266 6459 4894
f 4895 4913 12323
f 4895 12323 12267
f 8763 4899 4898
f 8763 8762 4899
f 11966 12016 4903
f 4908 8782 4904
f 8781 4904 8782
f 4907 4905 4906
f 12657 4906 12658
f 4908 4907 8782
f 4911 4912 4914
f 6453 12323 4913
f 4925 4915 11813
f 4993 4919 4991
f 10464 4923 13183
f 11828 4925 11813
f 4926 4930 4929
f 4926 4929 4932
f 4927 8605 8608
f 4928 7478 7627
f 7478 4928 8365
f 4928 8366 8365
f 4929 4930 4931
f 8583 4931 4930
f 8589 8583 4930
f 4932 4933 4934
f 8657 8658 4933
f 4934 8632 8606
f 4937 4935 4936
f 12307 4936 4935
f 4937 4936 13039
f 4936 7709 13039
f 4937 9366 7717
f 4938 10154 10155
f 4941 4939 4940
f 4940 4955 4956
f 4942 4943 4941
f 8414 4941 4943
f 4945 4946 4947
f 4959 4946 4945
f 4959 4945 8434
f 12106 4953 4946
f 4947 4948 4949
f 8441 4948 4951
f 8431 4949 12692
f 6418 4950 6664
f 11524 4950 6418
f 12505 4951 4952
f 8436 8441 4951
f 12505 8436 4951
f 4953 4954 4952
f 9855 4954 4958
f 4958 4955 4957
f 12106 12102 4956
f 12475 4957 10155
f 4961 4962 4963
f 12691 4962 4961
f 4962 8417 4963
f 4962 8416 8417
f 12691 8416 4962
f 12402 4964 6094
f 12402 6452 4964
f 4965 12442 12441
f 4968 4966 4967
f 8580 10057 4967
f 4979 4969 4978
f 4990 11836 4970
f 4990 4970 11840
f 4970 11828 11840
f 10328 4971 10329
f 4974 4972 4973
f 4974 8294 4972
f 4977 4975 4976
f 12127 12167 4975
f 4976 8294 8295
f 8309 8308 4977
f 8344 4979 8343
f 12701 4980 8308
f 6452 6451 4981
f 12393 4981 6451
f 12381 6452 4981
f 6462 4981 12393
f 4984 4982 4983
f 4984 8998 4982
f 4986 4983 12171
f 4985 8119 8124
f 4988 4986 8138
f 4986 12171 8138
f 4987 5215 12410
f 6450 12405 4987
f 4987 12410 6450
f 7035 4987 12405
f 4988 8138 8139
f 5005 4990 11840
f 5005 11853 4990
f 4991 5707 4992
f 4992 4995 6054
f 4993 8128 8127
f 4995 4996 4994
f 4994 4996 5705
f 13038 4994 5705
f 4996 5704 5705
f 4999 4997 4998
f 12263 8733 4998
f 4999 5000 5001
f 5000 8743 5038
f 5001 5002 5003
f 5001 5036 5002
f 5002 5004 5003
f 5002 12273 5004
f 5002 5036 12226
f 5002 12226 12273
f 5005 11840 11877
f 5005 11877 11891
f 10699 5006 5008
f 5009 5007 5008
f 12365 5007 8005
f 5011 5009 5010
f 5411 5011 5010
f 5012 5032 8006
f 5022 5013 7896
f 5013 7892 7896
f 5014 5015 5016
f 5015 12183 5034
f 5016 5017 5018
f 7907 5017 5044
f 7893 5018 12717
f 5021 5019 5020
f 5021 5022 5023
f 5023 12716 7922
f 5027 12283 5024
f 5857 5026 5858
f 7957 5026 5857
f 5027 5028 5411
f 5028 5029 5030
f 5029 7957 7260
f 5030 5031 5032
f 5031 7958 5032
f 5033 5034 5035
f 5033 5043 5044
f 7304 5037 11470
f 7304 11619 5037
f 5039 5040 5042
f 5039 5042 5043
f 5042 5040 12675
f 5040 8741 12666
f 5040 12666 12675
f 5041 6083 6424
f 10775 5041 13239
f 5042 12675 7898
f 5705 5709 5046
f 13038 5705 5046
f 11694 11896 5047
f 11701 5047 11896
f 5050 5048 5049
f 5049 5912 5568
f 5051 5052 5050
f 12979 12980 5051
f 5052 6277 6278
f 5053 5054 5055
f 5053 5692 5107
f 8735 5054 7808
f 5055 5056 5057
f 5057 5056 7802
f 7802 5056 12319
f 5057 7802 7804
f 5057 7804 7806
f 5059 5060 5058
f 5062 5058 5060
f 5059 5061 5060
f 5059 7835 5061
f 5059 7836 7835
f 8735 7836 5059
f 6924 5208 5061
f 6924 5061 7835
f 8869 5064 5062
f 5065 5063 5064
f 5063 12416 12319
f 5067 12418 12417
f 5070 5068 5069
f 11049 5068 11056
f 7269 5069 12735
f 7773 5070 7823
f 8409 5071 12342
f 12698 12326 5072
f 5075 5073 5074
f 5074 5073 12337
f 5075 5074 10799
f 5074 7707 10799
f 7701 7704 5075
f 7701 5075 10799
f 5076 5077 5078
f 5077 7706 7707
f 5080 5078 5079
f 5079 12337 12326
f 7725 5080 7726
f 5081 5082 5083
f 8292 5082 5081
f 8290 8292 5081
f 8290 5081 12702
f 8292 8293 5082
f 5084 5096 12403
f 5085 5088 5086
f 7583 5086 5088
f 7583 7586 5086
f 5086 7586 12702
f 12652 12673 5087
f 12673 12677 5087
f 5088 5098 5097
f 7583 5088 5097
f 5090 5091 5089
f 5089 5091 5093
f 5089 8502 7594
f 5093 12401 12403
f 5094 5095 5096
f 8587 5094 8293
f 8608 8502 5095
f 5100 5098 5099
f 5413 5099 12356
f 7608 5100 7613
f 5103 5101 5102
f 12374 12401 5101
f 5104 5718 12737
f 5104 12737 12738
f 5107 5105 5106
f 5105 5689 5690
f 5106 12727 7809
f 5108 12488 5688
f 5108 12427 12739
f 5492 6564 5109
f 5109 6564 9325
f 5110 12929 5344
f 12495 6445 5111
f 12513 5111 6445
f 12495 5111 12508
f 5112 5113 5114
f 5116 5112 5115
f 5199 5684 5113
f 12047 7309 5114
f 5115 6023 7202
f 5116 5930 5690
f 5119 5117 5118
f 12655 7334 5117
f 5125 12482 5118
f 5121 5119 5120
f 12445 12407 5120
f 5121 5122 5123
f 7912 5122 5147
f 5123 12648 12656
f 5124 5125 5126
f 5124 5127 5128
f 5126 7333 7339
f 5135 5128 5514
f 5129 5130 5131
f 5129 5144 5130
f 5129 7381 5144
f 5130 5144 5148
f 12407 5130 5148
f 5131 5143 7387
f 5135 5132 5133
f 5137 5132 5136
f 12481 12482 5133
f 12930 5134 5225
f 12969 5225 5134
f 5793 6521 5134
f 5793 5134 12930
f 10150 5136 12759
f 12481 5138 12459
f 5141 5142 5140
f 5141 10145 12758
f 5144 5145 5146
f 5144 5146 5148
f 7908 5145 12721
f 5148 5146 5147
f 5149 5150 5151
f 5149 5151 7256
f 10680 5149 5155
f 12713 5150 8003
f 5151 12775 7256
f 5152 5153 5154
f 5152 5157 5156
f 12548 5154 5153
f 9468 9469 5153
f 12547 10676 5154
f 12547 5154 12548
f 5155 5156 5157
f 5576 5158 5159
f 7596 5159 5158
f 9208 7596 5158
f 9208 5158 12256
f 13037 5576 5159
f 7596 7598 5159
f 11918 11917 5160
f 5164 5162 5163
f 5163 6710 6709
f 7204 5163 6709
f 10113 5164 7198
f 5671 5166 6466
f 5671 6478 5166
f 5166 6478 12180
f 5167 5169 5171
f 12604 8118 5168
f 5170 5176 5177
f 5173 5595 11346
f 5174 5491 6436
f 5174 7050 5491
f 5174 6436 12628
f 5174 11661 7050
f 6442 5175 12651
f 12588 5175 9022
f 7043 5176 7042
f 5177 5178 5179
f 5178 5187 5179
f 5180 5189 5181
f 5180 5183 5189
f 5180 5622 5183
f 5181 12493 7018
f 5182 5622 7014
f 5622 5182 7030
f 5182 7014 7012
f 5182 7032 7030
f 5183 5622 7030
f 5184 5185 5186
f 5184 7016 7015
f 5185 12514 12497
f 5187 5188 5186
f 5188 12810 11794
f 8881 5190 8879
f 5299 10041 5192
f 6497 13006 5192
f 6441 6443 5193
f 6441 5193 12653
f 6443 12560 5193
f 12762 12653 5193
f 5194 12514 12493
f 5197 5195 5196
f 5198 5199 5195
f 5691 5196 5689
f 5197 10173 12701
f 5198 8309 7582
f 5200 9942 9941
f 5204 6969 6970
f 6919 5205 5207
f 6920 5205 6919
f 5209 5208 5207
f 6924 5207 5208
f 6924 6919 5207
f 5210 12930 5225
f 5210 7276 5804
f 5210 5804 12930
f 6197 5815 5210
f 5815 7276 5210
f 5211 5684 9329
f 6440 5212 12725
f 6803 5212 7013
f 12743 5212 6803
f 12743 12725 5212
f 5223 5213 5222
f 12855 5214 12856
f 6439 12410 5215
f 6439 5215 12725
f 6440 12725 5215
f 5218 5216 5217
f 5217 6780 5244
f 5218 5219 5220
f 5242 12683 5219
f 5220 5221 5222
f 12545 5273 5221
f 13035 5225 12969
f 8449 5226 5268
f 12850 5227 5228
f 6801 6800 5228
f 12850 5228 6800
f 6437 6427 5229
f 5229 6427 12869
f 6435 6437 5229
f 5232 5230 5231
f 5676 5231 12847
f 5278 5276 5233
f 5234 5235 5237
f 5234 5237 5238
f 5275 12558 5235
f 6437 5236 12838
f 12586 5251 5237
f 6814 5239 5258
f 5243 5244 5245
f 5245 5246 5247
f 5247 5248 5249
f 12843 6833 5248
f 12823 5252 6435
f 5255 5253 5254
f 5254 6798 6799
f 5257 5255 5256
f 5258 5257 5256
f 5256 12835 12834
f 5259 5260 5262
f 5259 5267 5268
f 12715 5261 5277
f 5261 13035 5277
f 5261 8429 12709
f 5261 12709 13035
f 5265 5263 5264
f 5265 5267 5263
f 5264 6832 12696
f 8442 8443 5266
f 8443 8445 5266
f 5266 8445 8447
f 5271 5269 5270
f 12643 5269 12630
f 12832 6801 5271
f 5274 5272 5273
f 5282 5272 5281
f 5276 5274 5275
f 5281 5279 5280
f 5280 5279 12825
f 6716 6711 5283
f 6716 5283 6717
f 5286 5284 5285
f 5285 6710 6712
f 5288 5286 5287
f 5291 5288 5287
f 5297 13284 5289
f 5297 5289 13303
f 13284 5437 5289
f 5289 13264 13303
f 5292 5290 5291
f 5290 6726 6728
f 5292 5293 5294
f 5295 5294 5293
f 5293 12753 7494
f 12747 9583 5296
f 5348 5297 13305
f 5297 13303 13305
f 5300 5298 5687
f 6518 5298 5300
f 5742 5302 5300
f 6518 5300 5302
f 5701 5300 5687
f 5742 5300 5701
f 5742 5701 5301
f 5763 5303 5302
f 5788 5302 5303
f 5763 5302 5742
f 5788 6504 5302
f 6504 6518 5302
f 5788 5303 5334
f 5334 5303 6354
f 5763 12764 5303
f 5303 12764 6354
f 5793 5305 5332
f 5332 5305 6444
f 5791 6444 5305
f 5793 6484 5305
f 5806 5308 5306
f 5306 5308 6482
f 5804 5806 5306
f 5804 5306 6484
f 6057 6524 5307
f 5307 6524 6519
f 5816 5308 5309
f 5822 5309 5308
f 5806 5822 5308
f 5816 6482 5308
f 5358 5309 5822
f 12405 5309 5358
f 5816 5309 6449
f 12405 6449 5309
f 5310 5311 5312
f 5310 5318 5319
f 6487 5311 12902
f 5312 5313 5314
f 6493 5370 5313
f 5314 5315 5316
f 5368 12722 5315
f 5316 5317 5318
f 12822 5324 5317
f 5319 6174 6121
f 12899 12900 5320
f 5323 5321 6174
f 5321 6121 6174
f 5321 12176 6121
f 5323 5324 5325
f 5325 5326 5327
f 6905 5327 5326
f 5352 5326 5342
f 5342 5326 12895
f 5352 6905 5326
f 6905 5328 5327
f 5331 5329 6230
f 5340 6230 5329
f 5340 5329 6456
f 5330 5344 12929
f 5330 6521 6262
f 5332 5331 6262
f 5332 6444 5331
f 5331 6230 6262
f 5331 6444 6488
f 5793 5332 6521
f 6521 5332 6262
f 5333 6523 6337
f 5333 6337 6599
f 5333 6488 6523
f 5335 6337 5334
f 5335 5334 6354
f 5788 5334 6523
f 5334 6337 6523
f 5337 6337 5335
f 5337 5335 6539
f 5335 6354 6539
f 5336 6276 6565
f 5336 6565 6539
f 5338 6236 5337
f 5338 5337 6539
f 5337 6236 6599
f 5337 6599 6337
f 5338 6539 6565
f 5338 6565 12890
f 5339 12869 6429
f 5339 6431 6433
f 5346 6230 5340
f 5346 5340 6774
f 6541 5340 6456
f 6541 6774 5340
f 5343 5341 5342
f 5352 5342 5341
f 5345 5343 5344
f 5346 5347 5345
f 5345 5347 5349
f 5346 6774 5347
f 5347 6774 12883
f 5348 13305 5384
f 5351 5349 5350
f 12887 6512 5350
f 6222 5353 5355
f 5353 8835 6178
f 6222 6191 5353
f 5353 6191 8835
f 12590 5354 6614
f 6222 5355 5357
f 5355 6963 5357
f 5355 6922 6941
f 5355 6941 6963
f 12734 6941 5356
f 6222 5357 6202
f 6202 5357 7028
f 5357 6963 7025
f 5357 7025 7028
f 5358 5822 7028
f 5358 7028 7025
f 7035 5358 7025
f 7035 12405 5358
f 6195 5359 5815
f 5359 7276 5815
f 6202 5359 6195
f 5360 5384 13305
f 5360 13316 5384
f 5360 13376 13316
f 6195 5361 5363
f 8304 5363 5361
f 6195 5815 5361
f 6197 5361 5815
f 6195 5363 6191
f 6191 5363 8835
f 8304 8774 5363
f 8774 8835 5363
f 6178 5364 6616
f 6178 8835 5364
f 6616 5364 9416
f 8774 5364 8835
f 8774 9025 5364
f 9416 5364 9025
f 5367 5365 5366
f 5365 5375 5376
f 5366 9588 8429
f 5369 5367 5368
f 5369 5370 5371
f 5371 5372 5373
f 6491 12872 5372
f 5373 5374 5375
f 5374 12881 6606
f 9416 9025 5376
f 5379 5377 7667
f 5377 7668 7667
f 6543 6551 5378
f 7590 5379 13036
f 5382 5380 5381
f 12907 5382 9746
f 5463 5384 13316
f 5410 5385 7298
f 5386 5387 5388
f 5386 6351 5387
f 5386 5388 5390
f 5386 5394 6351
f 12933 5387 6351
f 5389 6199 13141
f 5389 6432 6431
f 5389 6431 13030
f 5389 13141 6432
f 5396 5390 13206
f 5392 5393 5391
f 6376 5392 5391
f 6376 5391 5399
f 5393 5394 5395
f 5394 6350 6351
f 5396 5397 5395
f 5400 5397 5401
f 5398 5399 5400
f 6384 12924 5398
f 5401 5402 5403
f 6385 5403 6386
f 9615 5404 9641
f 12040 5406 6576
f 12025 5406 6593
f 12040 6593 5406
f 5407 6428 6427
f 5407 6427 12838
f 5407 12838 6438
f 12921 5408 6346
f 12920 6386 5412
f 12903 6494 5414
f 13034 5415 7674
f 5416 6494 6495
f 5416 6495 12176
f 5419 5417 5418
f 10819 7675 5419
f 5420 5421 9023
f 5420 12919 12918
f 6312 5421 6401
f 5425 5423 5424
f 5423 9023 12940
f 5424 9852 5428
f 5425 12934 6340
f 5428 5426 5427
f 5655 5426 5654
f 6344 6343 5427
f 5438 5439 5429
f 11430 5429 5439
f 5431 5432 5430
f 5431 12803 6167
f 5432 5433 5434
f 5433 6170 5445
f 5434 5435 5436
f 5435 5443 13263
f 5436 5437 5438
f 13284 5483 5437
f 5830 10050 5439
f 10050 11381 5439
f 11430 5439 11381
f 5440 5441 5442
f 13250 5441 5497
f 5442 5443 5444
f 5444 5445 5446
f 12963 5446 12964
f 6177 5447 6179
f 5448 5449 5450
f 5459 5448 5458
f 5449 6211 12958
f 5450 5451 5452
f 12956 6193 5451
f 5454 5452 5453
f 10778 5454 5453
f 5465 5453 10122
f 5465 10778 5453
f 5463 5455 10590
f 5463 13316 5455
f 5458 5456 5457
f 5477 5457 13377
f 5459 5475 6213
f 5462 6150 5460
f 5462 5460 10218
f 5986 10218 5460
f 5986 5460 12081
f 5993 5460 6150
f 5993 12081 5460
f 5461 10299 10218
f 5464 6150 5462
f 5464 5462 10590
f 5462 10218 10299
f 5462 10299 10590
f 5463 10590 10299
f 5465 5464 10778
f 5465 11036 5464
f 5464 11036 6150
f 5464 10590 10778
f 5465 10122 10629
f 5465 10629 11036
f 11068 5467 5466
f 11068 5466 11036
f 11068 5542 5467
f 11357 5467 5542
f 11357 6107 5467
f 5470 6090 5468
f 5470 5468 11965
f 5468 11522 11552
f 11965 5468 11552
f 5469 11552 11522
f 12381 11552 5469
f 5471 5470 11965
f 12081 5470 5471
f 5993 6090 5470
f 5993 5470 12081
f 12081 5471 5487
f 12524 5487 5471
f 12293 5471 11965
f 12293 12524 5471
f 5472 5473 5474
f 5472 5480 5481
f 5472 5481 6242
f 6205 5473 12949
f 5476 5474 5475
f 5477 5478 5476
f 5478 5479 5480
f 5479 13227 5495
f 5485 5482 5659
f 12510 5830 5483
f 13449 12510 5483
f 13449 5483 13284
f 5486 5941 5484
f 6036 5486 5484
f 5484 5941 12510
f 9204 6036 5484
f 13449 9204 5484
f 13449 5484 12510
f 5485 6583 6569
f 5486 5899 5941
f 12524 5935 5487
f 5986 12081 5487
f 5488 5490 5899
f 5490 5886 5899
f 5491 7050 11626
f 7494 5492 5499
f 5499 5492 12562
f 7494 6564 5492
f 5492 12561 12562
f 5889 13351 5493
f 5496 5494 5495
f 5500 5501 5494
f 5498 5496 5497
f 5500 12944 12943
f 5502 5503 5504
f 5502 13031 13032
f 5503 5507 5508
f 6328 5503 5508
f 5506 5504 5505
f 5507 5530 5531
f 6328 5508 6329
f 5510 5511 5509
f 5510 5509 12068
f 5515 5510 6111
f 5535 5513 5511
f 5512 13380 12970
f 5517 5515 5516
f 5516 12745 8631
f 5517 6126 6125
f 5520 5518 5519
f 5518 5523 5524
f 5520 5519 6489
f 5519 12874 6489
f 5520 5521 5522
f 5520 6489 5521
f 5525 5522 5521
f 6490 5521 6489
f 5522 13033 13032
f 5663 5524 5681
f 5525 5526 5527
f 6486 6487 5526
f 5529 5527 5528
f 5529 5528 7588
f 12901 7970 5528
f 7587 5531 5530
f 7587 5530 13033
f 5715 5532 5533
f 5715 5536 5532
f 5536 7697 5532
f 7700 5532 7697
f 5538 13380 5533
f 8665 7697 5536
f 6050 5538 5537
f 6050 5537 6049
f 6050 12971 5538
f 5538 12971 13380
f 5539 5540 5541
f 5539 5541 5543
f 11998 5539 13027
f 11993 13022 5540
f 6201 11357 5542
f 6201 5542 13010
f 11068 13101 5542
f 13010 5542 13101
f 7544 5543 10996
f 5545 5546 5544
f 5545 11166 5546
f 5545 13025 11166
f 5545 13026 13025
f 11166 5547 5546
f 11161 5547 11165
f 11165 5547 11166
f 7554 5548 7550
f 7554 7553 5548
f 6198 5549 6196
f 6196 5549 13096
f 6200 5549 6198
f 6200 13010 5549
f 13117 5549 13010
f 13117 13096 5549
f 5550 5921 5934
f 6718 5551 13407
f 5566 13389 5552
f 5554 5963 9448
f 13335 5923 5555
f 13335 5555 12983
f 5556 5557 5558
f 8730 5557 5556
f 5556 5558 5911
f 5556 5911 5909
f 5556 5909 6929
f 8730 5556 6929
f 5557 13409 13413
f 5558 5913 5911
f 5559 12029 13122
f 5563 5562 5560
f 5565 5562 5563
f 12981 5564 10516
f 12982 5564 12981
f 5566 5567 5568
f 5923 12979 5567
f 5569 13012 5570
f 5570 5572 5574
f 5571 5573 5572
f 8727 13024 5573
f 7552 5575 13026
f 13026 5575 13025
f 7900 7578 5577
f 5580 5578 5579
f 5578 9419 5579
f 5578 9412 9418
f 5578 9418 9419
f 5580 5579 7999
f 5590 5589 5579
f 5579 5589 7999
f 5590 5579 9419
f 6291 6290 5581
f 5764 5582 5599
f 5585 13414 13425
f 5585 13430 13414
f 5615 5586 5607
f 5615 5756 5586
f 5587 5589 5592
f 5587 7999 5589
f 5588 12945 6323
f 5590 9419 12551
f 5591 5593 5592
f 12550 6923 5591
f 5593 5799 5601
f 6203 5594 6192
f 13115 6192 5594
f 13115 5594 6193
f 6203 10122 5594
f 7061 5595 7062
f 7061 11346 5595
f 5749 5750 5596
f 5750 10033 5596
f 5597 5598 5599
f 10036 13004 5598
f 5600 5601 5602
f 5600 5608 13425
f 5602 5603 5604
f 5605 5606 5604
f 5605 13003 5811
f 5607 5608 5609
f 5611 5612 5610
f 5610 5612 5614
f 5611 10749 5612
f 5611 5810 8272
f 5611 8272 10749
f 5752 5613 5751
f 5754 5613 5752
f 5615 5614 5756
f 5618 5616 5617
f 5617 5616 7780
f 5621 5616 5618
f 5616 7781 7780
f 5617 7780 12844
f 5617 12844 12845
f 5619 5620 5618
f 5619 12848 6811
f 5620 5624 13020
f 5623 5624 5625
f 5623 7569 7568
f 5625 5626 5627
f 5626 6811 6812
f 5627 5628 5629
f 5628 6815 12833
f 7533 7570 5629
f 5630 5631 5632
f 12785 5631 5630
f 12785 5630 12786
f 5632 5633 12937
f 5633 5635 12937
f 12939 5635 5636
f 9852 5636 5650
f 9852 12939 5636
f 5645 5638 5637
f 5644 5637 5639
f 12795 12796 5638
f 5641 5639 5640
f 12797 12798 5640
f 5643 5641 5642
f 5643 13015 5641
f 7107 5646 5642
f 7577 5644 13014
f 7575 7563 5645
f 8463 5649 8458
f 5650 5651 5652
f 5654 5652 5653
f 11474 5653 5673
f 5656 5657 5655
f 5656 12363 11544
f 5657 10564 6344
f 5660 5658 12877
f 5658 5667 5668
f 5658 5668 11963
f 12877 5658 11963
f 12025 6589 5659
f 5660 5661 5662
f 5660 12876 5661
f 5660 12877 12876
f 5661 5663 5662
f 5661 12876 12875
f 5662 5663 5664
f 5665 12363 5666
f 5665 11544 12363
f 5666 12363 11474
f 12023 11963 5668
f 12023 5668 12511
f 12556 5669 5670
f 5675 12556 5670
f 5671 6479 6478
f 5674 5672 5673
f 12511 5672 5964
f 5675 7149 5674
f 6595 5677 12609
f 5678 7932 7931
f 10478 7932 5678
f 10181 10220 5678
f 10220 10478 5678
f 5681 5679 5680
f 9198 11544 5680
f 5682 7945 7940
f 10181 5682 10220
f 8963 5683 6663
f 9810 5683 8957
f 7490 5686 12155
f 5827 5701 5687
f 12915 5827 5688
f 8341 5691 5692
f 5693 5694 5695
f 13009 5693 13011
f 5694 6419 6420
f 6422 5694 6420
f 5696 5697 5695
f 5696 7656 5697
f 12916 5696 7445
f 5696 7657 7656
f 12916 7657 5696
f 7656 7661 5697
f 5700 5698 5699
f 5700 7521 7519
f 8126 8141 5703
f 5704 5709 5705
f 5706 5707 5708
f 5906 5708 5907
f 5906 5908 5708
f 12988 12987 5709
f 12921 5710 12922
f 5712 5713 5711
f 5712 5714 5713
f 5712 5717 5714
f 5712 5716 5717
f 5714 12369 5713
f 12369 6393 5713
f 5714 8797 12369
f 5716 12659 5717
f 13395 12986 5719
f 5720 5721 5722
f 13047 12064 5721
f 5723 9652 10821
f 5723 13327 13328
f 5726 5724 5725
f 5728 5726 5727
f 5745 5746 5727
f 5730 5731 5732
f 5732 5733 5734
f 5738 5736 5737
f 5744 5736 5743
f 13042 5743 5736
f 8892 8890 5739
f 5896 5740 6557
f 5740 6679 6631
f 13042 7998 5743
f 13045 5743 7998
f 5745 5747 5748
f 7611 12738 5748
f 10078 5751 12990
f 12914 5753 5892
f 10221 5754 10073
f 5755 10944 10943
f 13309 13310 5755
f 10221 13005 5756
f 5759 13060 6053
f 5762 5761 5760
f 11266 5760 13004
f 5762 9797 9798
f 5763 6438 12764
f 5767 5765 5766
f 5770 5768 5769
f 12840 5768 6824
f 5771 5772 5770
f 12644 5771 5776
f 5772 5778 6826
f 11325 5773 11323
f 5773 13271 13270
f 11303 11302 5775
f 5775 13269 13270
f 12644 5776 12858
f 5777 5778 5779
f 12690 12689 5777
f 12549 5782 5780
f 5784 5782 5783
f 5782 5786 5783
f 12730 7728 5784
f 5789 5790 5792
f 5789 5798 5799
f 5793 12930 6484
f 5794 5795 5796
f 5801 12997 5795
f 8024 5797 11483
f 13234 5797 13235
f 5801 5800 5809
f 5800 5802 5808
f 5805 5802 5803
f 7276 5806 5804
f 5804 6484 12930
f 12540 5805 9434
f 5807 5849 5808
f 5809 5855 5875
f 9924 5813 8808
f 9924 13199 5813
f 5814 9324 8272
f 10079 12992 5817
f 12976 6032 5820
f 5820 11848 11849
f 5820 11850 11848
f 12976 5820 11849
f 5828 5826 5825
f 5829 12933 12932
f 5830 11921 10050
f 12510 11921 5830
f 5833 5834 5835
f 5833 13455 5847
f 5835 5836 5837
f 5838 5845 13455
f 5840 5841 5839
f 7132 6314 5839
f 5841 5842 5843
f 5842 13087 13088
f 5844 5845 13454
f 5844 13455 5845
f 5844 5847 13455
f 5845 6382 13454
f 5846 13454 6382
f 5847 13084 13086
f 5848 5849 5850
f 5848 5850 5852
f 5854 5855 5848
f 5884 5883 5852
f 5853 5877 5876
f 5856 5857 5858
f 5856 5862 5857
f 5857 5862 7260
f 7957 5857 7260
f 5859 5864 5860
f 5859 7479 5864
f 5881 7261 5862
f 5862 7261 7260
f 12101 12100 5865
f 12104 5865 12100
f 5869 5866 5867
f 5867 5866 12105
f 5866 12104 12105
f 13100 12107 5868
f 5869 5891 5890
f 5870 5871 5872
f 5880 5870 5879
f 5876 5872 5874
f 13371 5874 5872
f 12998 5873 12999
f 13371 5875 5874
f 12914 5892 5878
f 12915 5878 5892
f 12914 5878 12904
f 5883 5881 5882
f 5886 5941 5899
f 5886 11921 5941
f 5887 5893 5894
f 5888 5889 5890
f 5895 6412 5898
f 5895 5898 7508
f 5895 7508 6623
f 7720 6408 5897
f 7509 7508 5898
f 5900 5901 5902
f 5900 12062 12064
f 5908 5910 12988
f 12821 6929 5909
f 5911 5913 9093
f 5912 5914 5915
f 13413 13384 5915
f 5918 5916 5917
f 12052 5916 5918
f 12059 13119 5916
f 7086 12054 5917
f 5921 5919 5920
f 5920 5919 12726
f 5920 12726 7809
f 5920 7809 12727
f 5922 6638 6637
f 5922 6637 6681
f 5924 6429 12853
f 10873 10871 5925
f 10873 5925 10874
f 5928 5926 5927
f 12983 5926 12984
f 12982 10525 5928
f 5931 5929 5930
f 12031 5931 5933
f 5936 5937 5938
f 12007 5936 5939
f 13082 5937 13083
f 5940 5942 5939
f 12510 5941 11921
f 5945 5943 5944
f 5943 5955 12019
f 12011 5945 5944
f 5956 5947 5946
f 12911 6034 5953
f 13046 6199 5953
f 5956 5954 5955
f 12861 5955 5954
f 5957 13329 5958
f 5958 5959 5960
f 11950 5960 5976
f 5962 5965 5961
f 11968 5961 5967
f 9466 5963 9453
f 5966 5967 5968
f 13147 13146 5966
f 5970 5968 5969
f 5971 5985 11975
f 5971 11975 11974
f 5973 5977 5972
f 5972 5977 5978
f 5972 5978 5979
f 5974 5975 5973
f 5973 5975 5977
f 13043 13044 5974
f 11950 5976 11951
f 11984 5979 5982
f 7161 13140 5980
f 11982 11984 5982
f 5983 13326 5984
f 5983 5984 13329
f 5983 13137 13326
f 11975 5985 5984
f 5989 5987 5988
f 11926 5987 11925
f 6013 11922 5988
f 5989 6246 11920
f 5992 5990 5991
f 5990 7210 7209
f 5992 5991 12978
f 5991 7498 12978
f 7926 5992 7947
f 5994 13319 8724
f 5994 13324 13319
f 5995 5996 5997
f 13164 13163 5995
f 6055 5997 5996
f 6055 5996 6059
f 5996 11914 6059
f 6055 6056 5997
f 6056 6058 5997
f 5998 5999 6000
f 11043 11916 5998
f 6058 11783 5999
f 11047 6000 11768
f 6003 6001 6002
f 6003 6004 6001
f 7271 6002 7270
f 7496 6004 6007
f 6008 6006 6007
f 13319 6006 8007
f 12033 12032 6008
f 6009 6010 6011
f 12044 12049 6009
f 6013 6014 6012
f 6014 6017 6018
f 12910 12911 6015
f 11928 6016 13120
f 6020 6021 6019
f 6021 6026 6019
f 6026 6022 6019
f 7309 6019 6022
f 12041 6020 12044
f 6021 6028 6026
f 6025 6023 6022
f 6025 6022 6026
f 6025 11878 6023
f 6023 11878 7202
f 6025 6026 6024
f 6025 6024 11879
f 11880 6024 6026
f 11879 6024 6069
f 11880 6069 6024
f 6025 11879 11878
f 11880 6026 6028
f 6027 6028 6029
f 11880 6028 6027
f 12043 6030 6029
f 13297 6029 6030
f 13297 6030 11881
f 11737 6031 11741
f 11741 6031 11742
f 6033 6032 12976
f 6033 6052 6053
f 12976 13293 6033
f 6080 6034 12910
f 12910 6034 12911
f 6037 6035 6096
f 6035 11845 6096
f 6093 6037 6096
f 6040 6039 6038
f 6041 11858 6040
f 6042 6043 6044
f 6042 6047 6043
f 6043 6047 6048
f 7705 6049 7706
f 6050 12972 12971
f 7044 7043 6054
f 6055 6059 6060
f 6057 11786 6524
f 6059 12045 6060
f 6063 6061 6062
f 7834 6061 6063
f 7745 6061 7834
f 6062 7271 7292
f 6065 6064 6063
f 7834 6063 6064
f 7481 6065 6063
f 6066 6064 6065
f 12037 7834 6064
f 7484 7485 6066
f 6067 6068 6069
f 11879 6069 6068
f 7200 6068 8989
f 7200 11879 6068
f 6072 6070 6071
f 6071 11723 11724
f 6074 6073 6389
f 6073 10416 13286
f 11739 6075 6074
f 6077 6075 6076
f 11705 6079 6078
f 11705 6078 12967
f 11808 7849 6079
f 11808 6079 11705
f 6087 6080 12908
f 6087 12909 6080
f 6080 12910 12908
f 6083 6081 6082
f 6085 6082 6081
f 11861 6082 6085
f 6086 6088 13289
f 11863 11864 6086
f 13194 6088 13195
f 7858 12966 6089
f 6091 8045 6092
f 9437 13242 6093
f 12402 6094 12358
f 11847 6096 11845
f 6098 6099 6097
f 6099 6100 6097
f 6100 13064 6097
f 6097 13064 13063
f 11529 6098 11543
f 7584 6102 6101
f 11471 6102 6104
f 11538 6104 6103
f 6103 13228 13229
f 11471 6104 6108
f 6105 6263 6117
f 9519 9525 6105
f 11357 12909 6107
f 11471 6108 11469
f 6109 7592 7591
f 6110 6111 6112
f 6113 6114 6115
f 6113 6115 6116
f 6114 13180 13240
f 6115 6424 6423
f 6116 6118 6119
f 11824 6625 6117
f 11540 6119 6118
f 6495 6121 12176
f 9446 9439 6122
f 6122 9439 10771
f 6128 6129 6127
f 6127 13089 13088
f 6129 6130 6131
f 11405 6131 6140
f 6134 6132 6133
f 11389 6133 12931
f 6135 6134 6136
f 6135 6136 6138
f 13254 13255 6137
f 6138 13256 11392
f 6141 6139 6140
f 13252 11402 6139
f 6143 6141 6142
f 6153 11410 6143
f 6146 6144 6145
f 6148 6146 6147
f 11395 13247 6147
f 6153 6151 6152
f 6152 6151 11417
f 13245 6152 11417
f 7565 12103 6154
f 6157 6155 6156
f 6157 6156 6163
f 6158 6159 6160
f 11331 7565 6158
f 11331 6158 11332
f 6160 11333 11336
f 6161 6165 11341
f 6182 12905 6162
f 6182 6162 12906
f 6165 6163 6164
f 6165 6164 12763
f 6166 6167 6168
f 6166 6169 6170
f 6172 6171 6316
f 6171 7399 6316
f 6175 6977 6176
f 10702 6177 6179
f 6178 6616 11927
f 10702 6179 12962
f 6184 13215 6180
f 6184 6180 13225
f 6183 13225 6181
f 6181 6933 12896
f 6182 12904 12905
f 6183 12769 13217
f 6183 13217 13225
f 6184 13157 6185
f 6184 6185 13215
f 6184 13217 13157
f 6184 13225 13217
f 6185 6432 13141
f 6185 13157 6432
f 6185 13053 13052
f 6185 13052 13215
f 6185 13141 13053
f 6188 6186 6187
f 13215 13052 6186
f 6189 6188 6187
f 6964 6189 12952
f 12891 6251 6190
f 6251 12893 6190
f 12898 6531 6190
f 6222 6195 6191
f 13115 6194 6192
f 13117 6192 6194
f 6203 6192 13101
f 13117 13101 6192
f 12956 13115 6193
f 13117 6194 13096
f 6194 13134 13096
f 6222 6202 6195
f 6198 6196 13053
f 6196 13052 13053
f 13046 6200 6198
f 13046 6198 13051
f 13051 6198 13053
f 13046 13051 6199
f 13141 6199 13051
f 6201 6200 13002
f 6201 13010 6200
f 13046 13002 6200
f 6201 13002 11357
f 6203 10629 10122
f 6203 13101 10629
f 6213 6204 6212
f 6207 6208 6206
f 6207 6216 6208
f 6241 6216 6207
f 6208 6209 6210
f 6208 6216 6209
f 6209 6216 6215
f 12960 6209 6215
f 6210 6211 6212
f 6214 6215 6216
f 6218 6215 6214
f 6241 6214 6216
f 6218 6214 6217
f 6219 6220 6221
f 6219 11188 6237
f 6221 13281 11205
f 6235 6224 12994
f 11236 12994 6224
f 6226 6227 6225
f 6226 6239 6227
f 6239 12993 6227
f 12024 6227 12993
f 6229 6228 13280
f 11223 6228 6233
f 6231 6232 6229
f 6231 6229 11208
f 11208 6229 13280
f 6231 11208 11209
f 6235 6233 6234
f 6239 6237 12993
f 13126 6238 11186
f 12942 6243 6242
f 12977 6242 6243
f 12977 6243 9049
f 6244 9049 6978
f 6244 9027 12950
f 12977 9049 6244
f 12977 6244 12950
f 13285 6247 6245
f 13287 6245 6247
f 13285 6246 6247
f 13287 6247 11924
f 6248 6249 6250
f 6248 11032 11744
f 6249 13163 6250
f 12892 6251 12891
f 6254 6252 6253
f 11034 6252 6257
f 6254 6253 6255
f 11034 6257 11035
f 12973 6258 8470
f 12973 6259 7601
f 6261 6260 10968
f 6260 6836 10968
f 6261 6687 6695
f 6768 9511 6263
f 6266 6264 6265
f 7716 6264 9548
f 7506 7507 6266
f 7719 6266 7507
f 6268 6267 12947
f 6267 6277 12947
f 6270 6268 6269
f 6269 6272 10866
f 6271 12980 10870
f 10872 13321 6273
f 6274 10884 6275
f 10869 6275 10884
f 12890 6276 6327
f 12892 6327 6276
f 12890 6565 6276
f 6278 11791 11792
f 6280 6281 6279
f 6281 12001 6279
f 6300 6279 12001
f 13078 12001 6281
f 7888 6282 6283
f 10776 6283 6284
f 6286 6284 6285
f 6288 6286 6287
f 6287 6299 11960
f 10773 6288 13049
f 6291 6289 6290
f 6293 6294 6292
f 10793 6294 6308
f 6297 6295 6296
f 6299 6297 6298
f 13151 6298 10789
f 6303 6300 12004
f 6302 6303 12004
f 6305 6306 6304
f 6306 6307 6308
f 10801 10802 6307
f 6310 10771 9439
f 6313 6311 6312
f 12485 12484 6313
f 12484 12786 6313
f 6317 6315 6316
f 6319 6318 6317
f 6319 10708 6318
f 6319 7474 7476
f 10203 7474 6319
f 6319 7476 10708
f 6321 6322 6320
f 6321 6320 6334
f 6322 12936 10563
f 6325 6323 6324
f 10631 6324 6326
f 6325 13254 11390
f 12888 6398 6327
f 12890 6327 6398
f 12891 12888 6327
f 12892 12891 6327
f 6332 6330 6331
f 11391 6331 11390
f 6334 6332 6333
f 6377 12923 6333
f 12935 12936 6335
f 6338 12923 12924
f 6341 6339 6340
f 12920 12919 6342
f 12935 12934 6343
f 12913 6348 6349
f 6356 6353 6352
f 6353 6364 6352
f 6356 6352 6355
f 6352 6364 6363
f 6353 7424 6364
f 6353 10483 7424
f 6356 6370 8799
f 6359 6357 6358
f 6360 6357 10497
f 6359 11976 11980
f 6362 6360 6361
f 6361 10495 13363
f 6362 10508 6373
f 13054 6364 7424
f 6370 6365 6369
f 6368 6366 6367
f 6375 10526 6368
f 6369 10515 13362
f 6371 6372 6373
f 6375 6371 6374
f 13360 10523 6374
f 6376 6377 6378
f 6378 6379 6380
f 6379 11391 11387
f 12927 6380 12925
f 8783 6381 10484
f 6383 6384 6385
f 12052 6387 11103
f 11722 11723 6388
f 6391 6389 6390
f 6390 13288 11101
f 6392 6393 6394
f 6392 6396 12922
f 12907 9746 6395
f 12371 10090 6397
f 12888 12110 6398
f 12765 6399 12770
f 6400 12889 12870
f 6401 12870 12889
f 12918 7298 6402
f 12759 6403 12760
f 6405 6904 8237
f 6408 6406 6407
f 6413 6408 6407
f 6411 6409 6410
f 6410 6409 6421
f 6410 6421 6419
f 6410 6419 12917
f 7512 6410 12917
f 6413 6411 6412
f 6414 6766 10267
f 6417 6415 13231
f 7273 13231 6415
f 6416 6475 6669
f 11524 6418 6417
f 6421 6420 6419
f 7444 6420 6421
f 7447 6422 6420
f 7444 7447 6420
f 7446 6422 7447
f 13197 13196 6423
f 7336 6425 7953
f 13320 7953 6425
f 13320 6425 10868
f 6426 9461 7416
f 6426 7416 12755
f 12756 6426 12755
f 12853 6427 6428
f 6437 12838 6427
f 12869 6427 12853
f 12869 12853 6429
f 12728 6430 7750
f 12728 12729 6430
f 12827 6431 6432
f 12827 6433 6431
f 12827 6432 13157
f 12823 6433 12769
f 12827 12769 6433
f 6439 12440 12410
f 6439 12762 12440
f 6439 12725 12653
f 6439 12653 12762
f 6441 12653 12743
f 6441 12743 12707
f 12560 6445 12495
f 12513 6445 12570
f 6446 12513 12544
f 12508 12488 6447
f 12495 12508 6447
f 12405 6450 6449
f 12427 6449 6450
f 12410 12739 6450
f 12427 6450 12739
f 12402 6451 6452
f 6451 12357 6461
f 12393 6451 6461
f 6454 6453 12358
f 6454 12358 12338
f 6455 12267 12323
f 12297 6455 12330
f 6458 9666 6563
f 12266 12195 6459
f 12627 6460 6604
f 12196 12393 6461
f 12293 6462 12524
f 6463 6464 6465
f 6463 6467 6468
f 10151 6463 6468
f 6464 12760 12761
f 12185 6472 6467
f 6470 6471 6469
f 6469 13404 10138
f 6474 6477 6470
f 6471 6472 6473
f 6476 6477 6474
f 6476 6474 13403
f 6474 10140 13403
f 6510 6475 6557
f 6476 13403 10146
f 6478 6479 6480
f 13401 10178 6480
f 12180 6483 6481
f 13398 6481 6483
f 13399 6485 6481
f 13398 13399 6481
f 10180 13398 6483
f 6492 6493 6486
f 6492 6490 6491
f 6509 6496 6502
f 6497 13007 13006
f 6498 10037 10034
f 6499 6500 6501
f 6499 6507 6500
f 6499 6501 12172
f 6501 6500 10060
f 6508 6500 6507
f 12172 6501 7539
f 12623 6509 6502
f 12625 12623 6502
f 10072 6503 10073
f 10071 6505 10072
f 6538 6509 6506
f 12623 6506 6509
f 6538 6506 12621
f 6629 6649 6510
f 6512 6513 6511
f 6513 11254 6514
f 12160 6515 6516
f 12162 6515 12160
f 6516 8132 8131
f 6516 8131 12899
f 12160 6516 12899
f 6519 6520 6522
f 6519 13161 6520
f 6519 6524 6525
f 6519 6525 13161
f 6520 13161 6797
f 7246 6522 7245
f 11786 6525 6524
f 6525 13162 13161
f 6526 6527 6528
f 12451 12450 6526
f 12158 6527 12055
f 6528 6529 6530
f 12888 6529 12110
f 6530 6531 6532
f 6532 6533 6534
f 6940 6946 6533
f 12452 12451 6534
f 6535 6536 6537
f 6535 12097 6536
f 6535 12108 12097
f 6538 12621 6540
f 6540 12621 9681
f 6542 12076 6544
f 6542 9892 12076
f 12076 6543 6545
f 6544 6545 12067
f 6544 12076 6545
f 6544 12067 6546
f 6545 6555 12067
f 10146 6546 10144
f 6549 6547 6548
f 9891 6547 9892
f 6548 13450 13451
f 6549 6552 6551
f 6554 6550 6552
f 6554 9915 6550
f 12061 6550 9915
f 6553 6554 6552
f 6553 13446 6554
f 11342 11345 6555
f 11345 12067 6555
f 6556 6558 6559
f 12061 9909 6558
f 13266 11343 6559
f 6560 6561 6562
f 8499 6560 8509
f 12108 6561 12885
f 12158 12055 6562
f 9685 6563 9666
f 9685 9681 6563
f 12620 6563 9681
f 7494 12753 6564
f 9756 6572 6568
f 6572 6570 6571
f 6574 6570 6573
f 13463 9760 6573
f 9763 8752 6574
f 12040 6576 6575
f 12046 6575 6576
f 6591 6575 9790
f 12040 6575 6591
f 12046 12030 6575
f 12046 6576 8752
f 12030 6577 9791
f 12046 6577 12030
f 6580 6578 6579
f 10080 6578 6586
f 6582 6580 6581
f 6584 6582 6583
f 6588 6587 6584
f 6587 6585 6586
f 6585 9819 13420
f 6590 6588 6589
f 6590 9813 9820
f 6593 6591 6592
f 12040 6591 6593
f 6592 13460 9814
f 6596 6594 6595
f 6597 11979 6596
f 6598 6597 8944
f 6598 11979 6597
f 6597 8915 8944
f 6598 6610 11979
f 6598 12014 6610
f 6598 8944 9102
f 6598 9102 12014
f 6602 6600 6601
f 6600 11979 6610
f 6601 6608 12879
f 6602 11963 12023
f 12617 12627 6604
f 6605 11943 6607
f 6605 6607 11945
f 6605 11927 6616
f 6605 11945 11927
f 6606 12881 11943
f 6607 6608 6609
f 6607 6609 11945
f 6608 11911 6609
f 6609 11911 6611
f 6610 12014 11911
f 6611 11905 11890
f 6611 12014 11905
f 6611 11911 12014
f 6727 11869 6612
f 11869 11890 6612
f 6612 11890 11905
f 6613 6614 6615
f 6613 11869 6614
f 6613 11890 11869
f 6615 11927 11945
f 6620 6621 6619
f 7423 6893 6619
f 6623 6620 6622
f 10657 7504 6622
f 6626 6624 6625
f 11824 6626 6625
f 6631 6686 6633
f 6631 6679 6686
f 6633 6686 9521
f 6635 7514 9537
f 6637 6638 6640
f 6638 6639 6640
f 6644 6639 6638
f 6643 6639 6644
f 6643 11810 6639
f 6642 9562 8284
f 6643 6644 6645
f 6644 6661 6645
f 6648 6649 6650
f 6648 6650 6653
f 6648 6653 6655
f 6648 6655 6656
f 6651 6714 12617
f 6651 12619 6714
f 6651 12617 12618
f 6655 6653 6654
f 9598 6654 9599
f 9606 6671 6656
f 6657 6665 6658
f 6658 11807 9556
f 6663 6792 6699
f 7303 11760 6664
f 6677 9620 6665
f 6666 6667 6668
f 6666 6676 6677
f 6668 6669 6670
f 6670 6671 6672
f 9613 6674 6675
f 9613 6676 6674
f 6686 6679 6678
f 6681 6680 6678
f 6685 6678 6680
f 6686 6678 6685
f 6687 6688 11795
f 6687 6694 6695
f 6688 6689 6690
f 10966 10965 6689
f 6693 6696 6690
f 6693 6691 6692
f 6696 7011 11871
f 6697 6707 6698
f 6697 6708 6707
f 6698 6705 6706
f 8965 6699 8954
f 6700 6701 6702
f 11265 6700 6702
f 9536 6702 6701
f 9536 6701 6707
f 11264 11265 6702
f 12155 6708 6767
f 12617 6714 12627
f 12867 6717 12868
f 13413 13409 6718
f 7141 10422 6720
f 10424 6720 10422
f 8915 6721 12022
f 12022 6721 12607
f 6723 6724 6722
f 6725 6723 6722
f 6723 11037 6724
f 6773 6727 12592
f 9091 6729 6728
f 6737 6730 6729
f 9091 6737 6729
f 6736 6731 6730
f 6737 6736 6730
f 6736 6735 6731
f 12868 6731 6735
f 6733 12865 12866
f 6733 12866 12867
f 6736 6734 6735
f 6738 6734 6736
f 6738 6736 6737
f 6741 6742 6743
f 6741 10785 6755
f 6744 12592 9036
f 6744 12591 12592
f 6747 6745 6746
f 6745 9507 6759
f 6750 6747 6746
f 6749 6747 11560
f 6750 11560 6747
f 7722 6790 6748
f 6748 6790 11860
f 7722 6748 11099
f 6752 6750 6751
f 6752 11560 6750
f 10794 6751 6757
f 12201 11560 6752
f 6753 6757 6754
f 6753 6756 6757
f 6758 6759 6760
f 9523 6760 6768
f 12862 7438 6761
f 6764 6762 6763
f 12863 7624 6762
f 7405 7403 6763
f 7658 6764 7664
f 11760 6765 6766
f 6769 10660 6895
f 6770 6771 6772
f 6770 6780 6771
f 6775 6773 12591
f 6773 12592 12591
f 6777 6775 12589
f 6777 12590 6775
f 6775 12591 12589
f 6785 6786 6787
f 6786 6788 6787
f 12015 6788 6786
f 12018 12015 6786
f 12859 6787 6788
f 12859 6789 6787
f 12857 6789 12859
f 6795 6793 6794
f 6794 7142 7147
f 6797 6795 6796
f 9302 6796 11250
f 12849 6886 6798
f 6851 12835 6799
f 12832 6800 6801
f 12851 12850 6800
f 12743 6803 12707
f 6806 6805 6804
f 6804 12846 12845
f 11231 6806 11239
f 6814 6815 6813
f 6816 6928 9001
f 6816 9002 9012
f 6817 10964 10965
f 6817 10984 10964
f 7467 6818 10981
f 6823 6821 6822
f 6826 6821 6823
f 8432 6828 6822
f 6827 6828 6829
f 12842 12841 6827
f 6829 6830 6831
f 12692 12693 6830
f 6833 6831 6832
f 6842 6834 13228
f 11695 6834 6849
f 11695 13229 6834
f 13228 6834 13229
f 9516 6835 6844
f 6835 12585 6844
f 9614 6835 9516
f 6838 6836 6837
f 6846 6841 6837
f 6840 6838 10982
f 12324 10967 6840
f 11521 6841 6846
f 11521 6846 6842
f 6892 9516 6844
f 12583 6844 12585
f 11695 6845 13229
f 11691 6847 6848
f 11691 6849 6847
f 6848 10970 11691
f 11691 11695 6849
f 6851 6852 6850
f 6850 7527 7530
f 6852 6885 8392
f 6854 6855 6853
f 11190 6853 11181
f 12335 10921 6854
f 7615 6860 6855
f 6857 6858 6856
f 6856 10804 10803
f 13123 6856 10803
f 6857 11183 6859
f 6858 10805 10808
f 6861 6859 6860
f 12200 10806 6861
f 6862 6918 12593
f 6862 12594 6918
f 9801 6863 12509
f 6866 6864 6865
f 6864 11396 11401
f 6871 6866 6865
f 6871 6865 11412
f 6868 6866 6867
f 6870 6869 6867
f 6870 6875 6869
f 6869 13400 10171
f 6871 11411 6873
f 6871 11412 11411
f 6937 6872 6938
f 6872 6947 6938
f 6878 6873 10796
f 9016 9725 6874
f 6877 6875 6876
f 10176 6875 6877
f 6879 12354 6876
f 11688 10176 6877
f 6879 6878 10796
f 6879 10796 12354
f 6882 6880 6881
f 7004 7390 6880
f 6881 7609 12700
f 6884 6882 6883
f 6883 6885 6886
f 6884 10652 10653
f 6889 6887 6888
f 6889 6981 7755
f 10658 6890 6897
f 10658 10657 6890
f 7423 6891 6893
f 7005 10653 6891
f 6896 6894 6895
f 7545 7490 6894
f 6900 7404 6898
f 6898 6907 6909
f 7404 6907 6898
f 6898 6909 6910
f 7404 6900 7662
f 6903 6901 6902
f 10661 6901 6906
f 6903 6902 7090
f 6903 7090 7088
f 6907 6908 6909
f 7404 7403 6907
f 7087 6909 6908
f 7397 7396 6910
f 6913 6911 6912
f 7220 10465 6911
f 6917 6915 6916
f 6917 6916 7624
f 12583 6918 12594
f 6921 6920 6919
f 6921 6919 12820
f 12559 6923 12550
f 6925 6926 6927
f 12821 12820 6925
f 6926 7835 7836
f 9008 6928 7031
f 6940 6931 6939
f 6932 6933 6934
f 6936 6934 6935
f 13127 6936 6935
f 13220 13127 6935
f 6947 6939 6938
f 12734 6963 6941
f 6956 10265 6943
f 6946 6944 6945
f 11681 6948 6944
f 6952 11679 6948
f 6952 6948 11681
f 10257 11675 6949
f 11675 6950 6951
f 11675 10260 6950
f 10264 10265 6956
f 6958 6959 6957
f 6968 6957 6967
f 6959 6960 6961
f 6960 6962 6961
f 13220 6962 13127
f 6964 12952 6965
f 6967 6965 6966
f 12951 6966 6965
f 12951 6965 12952
f 12951 12961 6966
f 8140 6970 6969
f 6974 6973 6971
f 6972 6978 9049
f 6974 12946 6976
f 6975 10707 6976
f 6975 6977 10706
f 7391 7757 6980
f 7757 7758 6980
f 7755 6981 7756
f 6985 6983 6984
f 6985 10502 6983
f 6983 10502 6990
f 10505 6984 10506
f 6985 13364 10502
f 12479 10506 6986
f 6989 6987 6988
f 6996 6995 6988
f 10135 10137 6989
f 6990 6991 6992
f 6990 10502 6991
f 6991 10502 10501
f 6992 6993 6994
f 6993 9533 6994
f 6993 13149 13150
f 6995 7000 7001
f 6998 6999 7000
f 6998 9533 9532
f 6999 7001 7000
f 6999 7002 7001
f 9547 7002 6999
f 7676 9547 6999
f 7001 7002 7003
f 9547 9546 7002
f 10135 7003 10136
f 7004 7005 7006
f 7006 7737 7821
f 7010 7007 12308
f 7011 7010 12308
f 7336 12811 7012
f 7018 7015 7017
f 7018 7017 12814
f 7019 7020 7021
f 7019 13461 9762
f 7029 7023 7020
f 9919 7022 9920
f 9921 7023 7029
f 9906 7024 7027
f 7026 12496 7227
f 7026 9918 12496
f 7036 7030 7032
f 7034 7032 7033
f 7034 7036 7032
f 7033 12811 12812
f 7036 12802 12801
f 7040 7041 7039
f 9743 7039 10062
f 7041 12522 7539
f 7042 12705 8128
f 7048 7046 7047
f 9672 7046 10042
f 7047 8372 7388
f 7048 7203 11663
f 11616 7049 7050
f 7050 7049 11626
f 11616 7050 11661
f 7053 7051 11585
f 7051 11578 11585
f 7051 11661 11578
f 11616 11661 7051
f 10937 7052 11269
f 7054 11448 7053
f 7054 7053 11585
f 7067 7066 7054
f 7054 7066 11448
f 9032 7067 7054
f 7056 7057 7055
f 7056 7064 12807
f 12409 9065 7058
f 12409 7058 12406
f 8742 10498 7059
f 10935 7059 12333
f 7060 12125 7072
f 13291 7060 7072
f 7060 12128 12125
f 13291 13290 7060
f 7061 7062 7063
f 7065 7063 7064
f 9030 12596 7068
f 7070 7071 7069
f 9887 7072 8917
f 8917 7072 12125
f 9887 11095 7072
f 13291 7072 11095
f 7074 7075 7073
f 7074 7073 7081
f 7081 7073 7083
f 7076 7077 7075
f 8268 7076 11322
f 11322 7076 10036
f 12530 7078 7077
f 7080 7078 7079
f 8519 7397 7079
f 12574 12573 7082
f 7086 12056 12054
f 7089 12045 11882
f 7169 7091 7114
f 7120 11229 7091
f 7092 7093 7094
f 9379 7092 7094
f 10465 7094 7093
f 8061 9379 7094
f 12272 12213 7095
f 12282 12272 7095
f 7562 7097 7096
f 7098 10054 12375
f 12521 9742 7099
f 7100 7101 7102
f 7100 7102 7106
f 7100 7106 12796
f 7100 12796 12795
f 7102 7103 7104
f 7102 7104 7106
f 10107 10106 7103
f 7105 7106 7104
f 9375 7345 7105
f 7106 12797 12796
f 7109 7107 7108
f 7344 7109 7108
f 7348 7366 7110
f 7111 7112 7113
f 11204 7111 12335
f 7135 7112 7137
f 7169 7114 7182
f 7118 7119 7116
f 7119 7134 9597
f 7120 7121 11229
f 7121 7123 11229
f 7123 12202 10919
f 7124 7125 7126
f 7124 11212 12574
f 7125 9286 7131
f 7126 7127 7128
f 7127 7135 7128
f 7129 7130 7131
f 7129 7133 7134
f 7133 12563 9590
f 7133 12564 12563
f 13281 13282 7137
f 7140 7138 7139
f 7138 11908 11909
f 7139 7358 7355
f 9211 7147 7142
f 9207 7143 7146
f 11226 7146 7143
f 9213 11226 7143
f 9213 7599 7144
f 9213 7144 11226
f 7145 7783 7772
f 13133 11988 7145
f 9212 7147 9211
f 9212 11251 7147
f 7150 7360 7359
f 7150 7359 12791
f 7150 7364 7360
f 7153 7151 7152
f 7155 7153 7154
f 7213 7154 7206
f 7155 10880 10879
f 7158 7156 7157
f 7185 10524 7156
f 13361 10517 7157
f 7160 7158 7159
f 7159 10518 10519
f 7161 11961 11962
f 7161 11964 11961
f 7163 7164 7162
f 7213 7252 7162
f 7163 12642 7164
f 7163 7165 8871
f 12642 10880 7164
f 7165 7166 7167
f 7168 10519 12478
f 7176 7170 8945
f 7171 7172 7174
f 7172 7279 7175
f 7173 11941 11942
f 7174 7180 8925
f 7177 7175 7176
f 7178 7179 7180
f 7179 12635 12634
f 7185 7181 7184
f 7545 10652 7183
f 7188 7186 7187
f 13463 9755 7186
f 7188 7187 11157
f 7188 11157 7190
f 7188 7190 11210
f 7189 9759 9760
f 7189 11210 9916
f 7191 11155 7190
f 11157 7191 7190
f 7192 7190 11155
f 11210 7190 7192
f 7196 7191 7195
f 7196 11155 7191
f 7192 9913 9916
f 7192 11155 9913
f 11210 7192 9916
f 7193 7194 7195
f 7196 7195 9100
f 7196 9914 11155
f 12483 7197 12484
f 12028 7199 11018
f 7199 12028 11886
f 7200 11878 11879
f 7203 8519 11663
f 11862 7205 12066
f 12066 7205 12068
f 7207 11856 11855
f 7207 11857 11856
f 13177 11857 7207
f 7432 7431 7208
f 7431 8237 7208
f 12783 7209 7305
f 7210 7211 7212
f 7924 7211 7210
f 12779 7214 7212
f 7214 7319 7306
f 7214 7320 7319
f 12779 7320 7214
f 7216 7215 11059
f 7215 7327 11059
f 11150 7327 7215
f 7290 7216 12771
f 7290 7291 7218
f 7219 8156 8155
f 12038 11796 7219
f 12039 12038 7219
f 7831 7222 7221
f 7222 11147 7221
f 11142 7226 7222
f 7226 11147 7222
f 7223 7310 7314
f 9906 7226 11142
f 7228 7316 7321
f 7230 12135 11731
f 11765 12135 7230
f 7233 7234 7232
f 13248 10626 7232
f 11416 7234 7237
f 7235 7236 7237
f 7235 7238 7239
f 11434 7236 8053
f 7874 7239 7875
f 7240 7241 7242
f 7766 10641 7240
f 7242 7244 7243
f 12724 7244 8444
f 9284 7245 9302
f 7736 7246 7250
f 7247 7248 7249
f 7251 7247 7249
f 7451 7248 7759
f 9284 12258 7251
f 7252 7395 7258
f 9468 7257 7255
f 7258 7395 7279
f 7262 7614 11093
f 7263 7264 7265
f 7263 7265 7655
f 7265 7268 7455
f 7265 7455 7655
f 7266 7267 7268
f 7266 12735 7605
f 7267 7453 7268
f 7267 11771 7453
f 11770 11771 7267
f 7268 7453 7455
f 7270 7291 7299
f 7274 7272 7273
f 12321 12320 7272
f 7274 10256 10255
f 7278 7277 7275
f 11688 7275 10190
f 7277 7295 11076
f 7282 7280 10709
f 10701 10709 7280
f 7289 7281 7461
f 7289 10704 7281
f 7282 7283 7284
f 7283 12754 12638
f 7457 7456 7284
f 7287 7285 7286
f 7633 7285 7634
f 7286 7448 10707
f 7289 7287 7288
f 7288 10704 7289
f 7288 10706 10704
f 10191 7294 7293
f 10191 11076 7294
f 7612 11076 7295
f 7296 7304 11618
f 7296 11619 7304
f 7296 7331 11615
f 7296 11615 11619
f 10193 7297 10194
f 7300 7301 7302
f 7323 7301 7300
f 9894 7323 7300
f 13450 9894 7300
f 7713 7302 7301
f 7324 7301 7323
f 7303 11615 11617
f 7303 11617 13177
f 11150 7305 7306
f 7724 7315 7307
f 7308 7314 7310
f 9898 7308 7310
f 9898 7310 12496
f 7316 7311 7315
f 7319 7317 7318
f 7738 7318 7317
f 7320 7317 7319
f 7321 7317 7320
f 7318 7738 7856
f 9895 7323 9894
f 7325 7326 7324
f 13406 7326 7325
f 7856 7713 7328
f 10142 10143 7330
f 7331 11617 11615
f 10959 10954 7332
f 10954 11573 7332
f 7332 11573 12194
f 7333 7334 7335
f 12765 7338 12766
f 7341 7340 8773
f 11040 7342 7343
f 7346 7344 7345
f 7347 7348 7346
f 7347 7346 7368
f 7347 7368 11038
f 7349 7351 7350
f 7349 9804 7355
f 7350 7352 13459
f 7948 7351 7913
f 8206 7354 13243
f 11459 7354 13241
f 13243 7354 11459
f 7356 7357 7358
f 7356 7359 7360
f 7359 12790 12791
f 7361 7362 7363
f 7361 7363 7364
f 7361 7365 7366
f 7365 12789 12788
f 7367 7368 7369
f 11038 7368 7367
f 7369 7370 7371
f 9375 10112 7370
f 9807 7371 13411
f 7372 12714 7895
f 11446 7373 11443
f 7378 7376 7377
f 7377 12717 12718
f 7378 7379 7380
f 12720 12721 7379
f 7380 7381 7382
f 11033 7382 7386
f 7383 7384 7385
f 11345 7383 12758
f 11339 7384 11344
f 7385 7386 7387
f 11033 7386 11028
f 7388 8372 7609
f 7391 7389 7390
f 7391 12816 7757
f 10148 7393 7392
f 10149 10148 7392
f 7393 10144 10145
f 9062 8332 7394
f 7401 7398 7400
f 10204 7399 10711
f 7408 7406 7407
f 9400 7406 9408
f 9345 7408 7407
f 12757 7408 7409
f 12757 7409 7411
f 9462 7411 9449
f 7414 7412 7413
f 9465 7412 9460
f 7414 7413 10428
f 7415 7416 9461
f 12755 7416 7419
f 7417 11382 11383
f 7417 11384 11382
f 7417 11383 13257
f 7417 13257 13258
f 11383 11382 7418
f 7430 7425 7429
f 7426 7427 7428
f 7426 7428 12028
f 7426 12028 11018
f 7427 12816 7821
f 7429 7839 7430
f 7839 7429 7515
f 7430 7839 7843
f 7430 7843 7841
f 7435 7431 7432
f 7435 7441 7431
f 7436 7437 7433
f 7434 7600 7480
f 7437 7438 7439
f 7439 7445 7446
f 7440 7441 7442
f 7443 11746 11031
f 7450 7451 7452
f 7450 9949 7736
f 7452 7454 11771
f 7453 7454 10039
f 7453 11771 7454
f 7454 10032 10039
f 7461 7456 7460
f 7459 7457 7458
f 7458 7457 12640
f 7464 7459 7458
f 7463 7462 7460
f 7634 7462 7651
f 7464 12637 7653
f 7467 7465 7466
f 7470 7465 7468
f 7472 7473 7471
f 9320 7472 7471
f 7472 9325 7473
f 9320 9319 7472
f 9321 7472 9319
f 7474 7475 7476
f 7474 12641 7475
f 10708 7476 12754
f 10893 7477 10891
f 7478 8365 12750
f 7923 7479 7921
f 7482 7483 7481
f 8032 7488 7483
f 7484 7486 7487
f 7489 7487 7486
f 11708 7487 7489
f 7496 7495 7497
f 7498 7497 7495
f 7498 7495 12978
f 13324 12978 7495
f 7499 7497 7498
f 7500 7497 7499
f 7500 7499 12784
f 7499 12783 12784
f 7501 7502 7503
f 12456 12112 7502
f 9273 9348 7503
f 12385 7720 7505
f 12322 7507 7506
f 7719 7507 10255
f 7511 7509 7510
f 7516 8094 7510
f 7517 7513 7512
f 7732 9531 7514
f 7732 7514 9541
f 8085 7839 7515
f 8085 7515 8094
f 7516 7520 8094
f 7517 7518 7519
f 7520 7521 7522
f 7520 7522 8085
f 7520 8085 8094
f 8085 7522 7894
f 7894 7522 11887
f 7524 7525 7523
f 8392 8393 7523
f 7524 7536 8315
f 12529 10037 7526
f 10041 10040 7526
f 7528 7529 7530
f 7528 7532 7533
f 12833 12834 7529
f 7532 7531 7564
f 7532 8674 7531
f 7531 7547 7564
f 7533 7532 7564
f 7533 7564 7570
f 7534 7535 7536
f 7534 8391 8390
f 7537 7541 7538
f 7537 7540 7541
f 8291 8296 7538
f 7540 12520 12521
f 7542 7543 7544
f 7542 7550 7543
f 8778 7546 7547
f 7548 7546 8778
f 7546 10996 7566
f 7551 7552 7553
f 7556 11255 12886
f 7557 8179 7571
f 7558 7778 7763
f 7558 11237 11241
f 7573 7560 7559
f 7563 7559 7562
f 7573 8248 7560
f 7569 7570 7564
f 7567 7568 7566
f 7574 7575 7576
f 7576 7577 7578
f 11074 7579 11075
f 12748 7581 7580
f 7585 7580 8295
f 7582 7581 8600
f 12748 8600 7581
f 7583 7585 7586
f 7586 12703 12702
f 10654 7588 10655
f 12745 7591 12744
f 7595 7593 7594
f 12744 7595 8607
f 7596 7597 7598
f 11035 7601 7599
f 7602 7603 7604
f 11050 7602 7604
f 11048 7602 11050
f 7603 11769 11770
f 7604 7605 7606
f 11050 7604 7606
f 7607 12056 9583
f 12324 7610 10981
f 10984 7616 7614
f 11093 7614 7616
f 10920 11556 7615
f 10971 7623 7618
f 10931 7620 7619
f 7621 11057 11058
f 10971 7622 7623
f 7773 7823 7622
f 7626 12310 10608
f 8848 7627 9280
f 9282 9280 7627
f 7630 7628 7629
f 7630 7629 10892
f 7629 9327 7640
f 7629 7640 10892
f 7630 10892 7637
f 7632 7633 7631
f 9310 9327 7631
f 7637 7635 7636
f 7637 10892 7635
f 7639 7635 10892
f 7639 10910 7635
f 7638 13073 13072
f 7639 7640 10882
f 7639 10892 7640
f 7641 7639 10882
f 7641 10910 7639
f 9327 10882 7640
f 7644 7642 7643
f 7648 7642 7644
f 7649 7642 7648
f 11935 7644 7643
f 7646 7644 7645
f 11935 7645 7644
f 7648 7644 7646
f 7648 7646 7647
f 9310 7650 7647
f 7650 7651 7652
f 7653 7654 7652
f 7657 7658 7656
f 12916 12864 7657
f 7659 7660 7661
f 7659 7663 7666
f 7662 7663 7664
f 10865 11140 7668
f 7669 11041 11039
f 11051 7669 11039
f 7669 11058 11041
f 11051 11055 7669
f 7671 7672 7673
f 7676 7732 9541
f 7680 7678 7679
f 7678 7690 9376
f 12091 7679 7681
f 12078 7680 13110
f 7684 7682 7683
f 9423 7683 9380
f 12096 7684 7689
f 7686 7687 7685
f 9423 9010 7685
f 7687 7688 7689
f 7688 11985 13102
f 7692 7690 7691
f 10852 10849 7693
f 7693 10849 12231
f 7695 7696 7694
f 9380 9376 7695
f 8665 7698 7697
f 7701 10799 7702
f 7702 10799 10797
f 7754 7729 7703
f 7704 12444 12443
f 7705 12731 12732
f 10799 7707 10797
f 7708 7760 11115
f 7710 13325 10843
f 7711 8245 8247
f 8247 10818 7711
f 12060 11917 7712
f 7716 7715 12050
f 12050 7715 12051
f 7718 11098 9548
f 7721 10256 10267
f 7723 12730 7725
f 7723 7728 12730
f 7726 12697 8418
f 9146 7729 9041
f 12691 12690 7730
f 12037 12036 7734
f 12039 7735 12038
f 7739 7741 9444
f 7741 7742 7743
f 9444 7741 7743
f 12729 7742 7746
f 9445 9444 7743
f 9457 9445 7743
f 8703 7744 7746
f 8703 12679 7744
f 7749 7747 7748
f 7747 12430 12429
f 10354 7752 7748
f 9458 12728 7750
f 9358 9361 7751
f 7753 7752 12434
f 8662 7753 10757
f 9046 7754 7914
f 7840 7755 7756
f 7840 12026 7755
f 12027 7840 7756
f 7761 7759 7760
f 7762 13278 11238
f 7779 7763 7778
f 7786 11245 7764
f 10635 7765 8062
f 7765 10655 13036
f 7767 7768 7769
f 11993 11994 7768
f 9686 7771 7774
f 7776 7774 7775
f 7775 11997 13130
f 7778 7777 10750
f 7781 7777 7780
f 7779 7778 10750
f 11240 12844 7780
f 7784 7782 7783
f 7786 7782 7785
f 13103 13104 7785
f 9553 9552 7787
f 9555 7787 9552
f 10695 7795 7788
f 7789 7792 8953
f 7791 7792 7790
f 7799 7790 10637
f 7791 8921 12634
f 7795 7794 7793
f 7801 7800 7793
f 7801 7793 11937
f 9565 9568 7796
f 9566 7797 8477
f 10791 7822 7798
f 10793 7798 7822
f 10790 10791 7798
f 7800 7799 10637
f 7800 13069 7799
f 7799 13069 13068
f 7801 13069 7800
f 7801 13070 13069
f 7803 7802 12319
f 7803 12319 12416
f 7805 12420 8342
f 7805 12419 12420
f 7809 7807 7808
f 7809 12726 7807
f 7812 7810 7811
f 7810 12793 12792
f 7825 7811 7824
f 10580 7812 9720
f 11892 7813 13171
f 7816 7814 7815
f 10580 7815 10615
f 7817 7818 7816
f 7833 7817 7832
f 10581 7818 11897
f 10792 10795 7819
f 13336 10792 7819
f 10580 10615 7820
f 10791 10792 7822
f 13336 7822 10792
f 7827 7825 7826
f 9788 13462 7826
f 7828 7827 7829
f 9720 7828 7832
f 7831 7829 7830
f 9794 7830 9793
f 7839 7894 7843
f 8085 7894 7839
f 12027 7842 7840
f 8865 7844 7845
f 7850 7846 7847
f 7847 7846 11826
f 7850 7847 7848
f 8374 7848 7847
f 8374 7847 11873
f 7847 11826 11873
f 7876 7878 7849
f 12968 7849 7878
f 7852 7853 7851
f 7863 7851 9983
f 7853 7854 7855
f 9830 12464 7857
f 13233 7858 8046
f 11668 7859 10493
f 7861 7860 10493
f 7860 11668 10493
f 7862 7863 7864
f 7862 7864 7871
f 7872 7871 7864
f 7867 7865 7866
f 9853 9830 7865
f 7869 7867 7868
f 13178 13179 7868
f 7872 7870 11839
f 7870 11841 11839
f 11826 7873 11829
f 7874 11456 8055
f 12724 12723 7875
f 7876 7880 7879
f 7879 9995 9994
f 7881 7882 7883
f 11814 7882 7881
f 7881 7883 7887
f 7881 7887 13181
f 7882 11078 7994
f 11814 11078 7882
f 7883 7884 7885
f 7883 7885 7887
f 7886 7887 7885
f 7886 9995 11699
f 7888 10770 10771
f 7891 7889 7890
f 9366 7891 7890
f 7891 11919 11918
f 7892 7895 7896
f 7899 7897 7898
f 7907 7897 7906
f 7903 7901 7902
f 8759 7902 7901
f 7909 7902 8758
f 8759 8758 7902
f 7904 12720 12719
f 7905 12719 12718
f 7910 7908 7909
f 7912 7910 7911
f 7911 8757 12649
f 7915 11702 7917
f 7915 7919 7918
f 7915 7918 11702
f 10861 7917 11702
f 7918 7919 7920
f 11472 7918 7920
f 11472 13189 7918
f 7918 13189 11702
f 11472 7920 11473
f 11475 11473 7920
f 7923 7921 7922
f 7926 7927 7925
f 7927 10117 7952
f 7930 7928 7929
f 7934 7928 7933
f 11654 7955 7930
f 7933 7931 7932
f 10443 7931 10481
f 7935 7932 10478
f 11655 11656 7934
f 7935 10478 10448
f 7935 10448 13202
f 7935 13202 11655
f 8064 7936 13075
f 11837 7936 13178
f 7937 7940 7939
f 7937 7939 8000
f 7938 7939 7940
f 13200 10547 7938
f 7942 7943 7941
f 7942 7941 7946
f 11693 7943 7950
f 7945 7946 7944
f 10343 7944 8805
f 7947 7949 7950
f 10443 10481 7951
f 7956 7954 7955
f 11902 7956 13176
f 12772 12713 7958
f 7959 7960 7961
f 7961 7962 7963
f 7962 7966 10575
f 7964 10689 12291
f 7966 7967 7971
f 11576 11582 7969
f 7976 7975 7974
f 10251 7977 7975
f 10251 7995 7977
f 8021 11478 7979
f 13190 11707 7979
f 7980 7981 7982
f 7984 7980 7982
f 12995 7986 8383
f 10433 7986 13283
f 7987 7988 7989
f 7987 7993 7988
f 7987 7992 7993
f 10301 7989 7988
f 10301 7990 7989
f 10390 7989 7990
f 10390 7990 11591
f 7992 10366 7993
f 7993 10366 7997
f 8164 8160 7994
f 8164 7994 11077
f 11078 11077 7994
f 7995 7997 7996
f 13043 7998 13042
f 8000 10545 13203
f 8314 8001 8312
f 11816 8001 8692
f 8002 8003 8004
f 8005 8006 8002
f 8009 8695 8007
f 13121 8009 8007
f 13319 8007 8695
f 13121 8008 8009
f 12034 8008 13121
f 8011 8695 8009
f 11554 8010 11089
f 8194 8013 8332
f 8014 9381 9378
f 12712 8017 8016
f 12681 8017 12712
f 8020 8018 8019
f 8022 8019 8018
f 8023 8021 8022
f 8024 11483 8023
f 10663 10672 8025
f 8026 10765 8027
f 8029 8027 8028
f 8027 10765 8028
f 8042 8028 13233
f 9554 13232 8029
f 8590 8030 8603
f 8030 10978 9932
f 8033 8035 12710
f 8033 12710 9399
f 8035 8036 8037
f 8037 8038 8039
f 8038 12532 12531
f 9345 8039 9344
f 10769 8057 8040
f 8044 8048 8043
f 8044 8051 8048
f 11435 8051 8044
f 8048 8051 8050
f 10890 8048 8050
f 8069 8049 11011
f 11011 8049 11362
f 8049 11359 11358
f 8049 11358 11362
f 8050 8051 8052
f 10890 8050 10769
f 8052 8053 8054
f 11458 8055 11456
f 8056 8058 8057
f 8058 8059 8060
f 11453 8060 8371
f 10640 8062 10659
f 8066 11014 8063
f 8066 8064 8065
f 8070 8065 11384
f 8069 8067 8068
f 8067 11379 13259
f 8072 8070 8071
f 8072 8071 11299
f 8073 8074 8072
f 8073 11378 11379
f 8075 8076 8077
f 8075 8077 8079
f 13257 11383 8075
f 11386 8076 11385
f 11215 8080 8079
f 8089 11301 8080
f 10352 8083 8081
f 11386 13071 8081
f 8082 11929 11930
f 10352 8084 8083
f 8096 8095 8084
f 9000 9868 8086
f 13261 8086 9868
f 11296 8087 13272
f 13273 13272 8087
f 8091 8092 8093
f 8106 11129 8095
f 8097 8098 8096
f 8097 11932 13156
f 8108 8098 9611
f 8102 8101 11601
f 8101 11537 11601
f 8102 11601 11088
f 10972 8103 10453
f 8103 10460 10461
f 8111 9627 8104
f 8107 8105 8106
f 8109 8107 8108
f 8110 8109 12749
f 8112 8113 8114
f 8121 8113 8982
f 8114 8115 8116
f 12708 8116 8115
f 8118 8116 8117
f 8121 8124 8119
f 8122 8123 8124
f 8122 12629 8123
f 8122 8980 12629
f 8125 8126 8127
f 10395 12318 8129
f 12899 8131 12900
f 8135 8132 8134
f 8133 11247 10819
f 8137 8475 8134
f 8137 8134 10323
f 8135 11246 11247
f 8137 8476 8475
f 8137 10323 11249
f 8138 12171 9943
f 8139 8140 8141
f 8144 8142 8143
f 8145 8142 8144
f 8148 8142 8145
f 8484 8142 8148
f 13131 12000 8143
f 8145 8144 8146
f 8154 8146 8144
f 8147 8145 8146
f 8149 8148 8145
f 11110 8147 11107
f 11104 11106 8149
f 8152 8150 8151
f 8150 12000 11999
f 8154 8152 8153
f 11108 8153 11164
f 8156 8163 8162
f 10350 8158 10351
f 12409 8158 10418
f 8159 8161 11627
f 8159 8168 8167
f 8159 8167 11090
f 8159 11627 8168
f 8162 8160 8161
f 8166 8164 8165
f 8165 8164 11077
f 8166 8165 10302
f 13292 10302 8165
f 13292 8165 11077
f 8173 8166 10293
f 8166 10302 10293
f 8167 8168 8169
f 8167 11089 11090
f 8168 8172 8169
f 8168 8170 8172
f 8168 11627 8170
f 11092 8169 8172
f 8171 8172 8170
f 11627 8173 8170
f 10346 8174 8794
f 10349 8174 10419
f 8175 13387 8427
f 8178 8176 8177
f 8369 8177 8176
f 8369 8176 9491
f 8176 9492 9491
f 9276 8177 8369
f 8180 8179 9233
f 8180 8291 8248
f 8182 12704 8181
f 8181 9192 9191
f 8181 9191 12005
f 12704 9192 8181
f 13066 8182 12965
f 8185 8183 8184
f 12213 8185 8199
f 8592 10473 8187
f 8592 8187 10980
f 11835 8188 8189
f 11815 11835 8189
f 8591 8593 8190
f 8193 8191 8192
f 9061 8194 9060
f 8197 8195 8196
f 12282 8196 12272
f 8207 11464 8197
f 8200 8198 8199
f 8198 10991 8468
f 8200 11017 13298
f 12082 8468 8203
f 8204 8289 8297
f 13393 8204 10209
f 8207 8205 13243
f 8209 8205 8210
f 8206 13294 11030
f 8208 10469 13294
f 8210 12282 11815
f 8233 10933 8214
f 8218 8215 8217
f 12439 8216 12304
f 8217 11587 13108
f 8218 10945 8235
f 8221 8219 8220
f 8219 8222 8223
f 13318 8220 13317
f 8221 10902 8230
f 8222 8224 8223
f 8223 10903 10906
f 8224 8225 8226
f 8234 8226 8225
f 8226 8227 8228
f 10917 8228 8227
f 10917 8227 10914
f 10917 10904 8228
f 8229 8230 8231
f 12447 12453 8229
f 8232 8233 8231
f 10929 8232 13311
f 8234 8235 8236
f 8236 13310 10915
f 8238 8239 8240
f 11472 8239 13189
f 8242 10160 10161
f 10815 8243 10811
f 10276 8247 10814
f 10276 10818 8247
f 8249 8250 8251
f 8250 10273 13327
f 8251 8253 8252
f 10820 8253 8251
f 8255 10124 10026
f 8255 10123 10124
f 8255 10125 10123
f 8257 13323 10858
f 8260 8258 8259
f 8258 13166 11642
f 8260 8259 12794
f 8261 8269 8271
f 8262 11908 11910
f 10104 12486 8263
f 10104 8263 12487
f 8265 9658 9151
f 9648 8265 10600
f 13205 8266 11645
f 8274 8273 8267
f 8274 8267 10727
f 8268 11322 10033
f 10236 8270 8269
f 10236 8286 8270
f 13337 8270 8286
f 13337 10768 8270
f 8271 12790 11909
f 8272 9324 10749
f 8274 8275 8273
f 13348 10741 8275
f 9926 10407 8276
f 8277 8278 10748
f 8277 8283 12624
f 12676 12685 8279
f 8280 8281 8282
f 8282 13343 10746
f 8477 8325 8284
f 8285 10742 10743
f 8287 10057 8581
f 8287 8581 12686
f 8288 8292 8290
f 10128 8302 8289
f 8290 12702 12703
f 8586 8293 8292
f 8587 8293 8586
f 8296 8335 8315
f 8340 8298 9888
f 9201 8298 8770
f 9201 9889 8298
f 9888 8298 9889
f 10665 8301 8303
f 9889 8302 8339
f 8304 9588 8774
f 8336 8337 8311
f 8314 8312 8313
f 8322 8313 8312
f 8324 8314 8313
f 8323 8313 8322
f 8326 8313 8323
f 8326 8324 8313
f 8324 8316 8314
f 8699 8316 8317
f 8318 8328 8319
f 8318 8329 8328
f 8319 8328 8334
f 9501 8319 8334
f 8322 8320 8321
f 8337 10857 8320
f 8321 10846 10599
f 8327 10235 9148
f 8330 8328 8329
f 8330 8329 10602
f 10610 8331 10248
f 8595 8408 8335
f 13192 8336 13181
f 8342 8338 10173
f 12420 8338 8342
f 9888 9889 8339
f 8344 10410 12422
f 8347 10729 8345
f 10729 10732 8345
f 8348 10170 8346
f 8347 8353 8352
f 8347 8352 10534
f 10544 10170 8348
f 10544 8348 10545
f 10545 8348 13203
f 8348 13201 13203
f 8349 8369 9491
f 10675 11790 8349
f 8352 8353 8351
f 13358 13357 8351
f 8354 8355 8356
f 8356 10536 10539
f 8357 10170 10544
f 9253 10549 8358
f 8359 8694 9293
f 8359 9293 9832
f 8360 8361 8362
f 10548 13354 8361
f 10536 8362 10537
f 9331 8363 9330
f 8364 8365 8366
f 8364 9331 9332
f 8367 8368 10468
f 8367 10468 10476
f 8368 10482 8370
f 9276 8369 11789
f 10169 11030 8370
f 11453 8371 11455
f 8398 8373 9806
f 9808 9806 8373
f 9808 8373 9807
f 8374 10262 10261
f 8375 8376 8377
f 8375 11987 11988
f 8389 13080 8376
f 10951 10950 8377
f 8384 8379 8378
f 13458 13459 8380
f 13460 13458 8380
f 8383 8381 8382
f 8385 8382 8381
f 13374 8381 10432
f 8385 8384 8382
f 8386 10439 13369
f 8387 8388 8389
f 8387 13133 11991
f 11136 11137 8388
f 8518 8390 12528
f 12700 8391 8393
f 8395 8394 10162
f 10165 8394 8395
f 8402 10162 8394
f 8402 8394 13125
f 8395 10162 8397
f 13331 10817 8396
f 13331 8396 13330
f 10393 8397 8405
f 8398 9806 9811
f 8399 8400 8401
f 8399 13367 13366
f 8400 10405 10406
f 8407 8406 8401
f 8407 8401 13125
f 8405 8404 13379
f 8404 10408 13379
f 10391 10393 8405
f 8409 8410 8411
f 8413 8411 8412
f 8414 10863 12345
f 10125 8529 8415
f 12454 11876 8415
f 8417 8418 8419
f 8421 8422 8420
f 10547 8420 10546
f 8421 8425 8424
f 10549 8423 10550
f 8424 8427 8426
f 13200 10342 8425
f 8426 10358 9177
f 8430 8431 8432
f 8433 8434 8430
f 8435 8441 8436
f 8435 8437 8440
f 12501 8436 12505
f 8437 8438 8439
f 12504 8438 8437
f 8437 8439 8440
f 12694 8440 8439
f 8442 12695 8439
f 12694 8439 12695
f 12693 8440 12694
f 8443 8446 8445
f 8447 8448 8449
f 8448 12506 12507
f 8452 8450 8451
f 13338 8451 8450
f 8456 10767 8450
f 8453 8452 8451
f 10744 8451 13338
f 10286 13391 8453
f 8457 8454 13307
f 12788 8455 12787
f 10278 8460 8459
f 10279 10278 8459
f 10283 8461 10287
f 8464 8462 8463
f 8466 8462 8464
f 8465 13237 13184
f 10127 10305 8466
f 8467 13237 13307
f 11046 11052 8470
f 9782 9780 8471
f 8476 8472 13299
f 9776 9782 8474
f 8481 8479 8480
f 8482 8481 8480
f 8482 11249 11248
f 8488 8483 8485
f 8488 8487 8483
f 8487 12687 8483
f 11136 11990 8484
f 10115 8664 8485
f 8666 8487 8486
f 8884 9312 8486
f 8489 8490 8491
f 10334 8492 8489
f 9315 9318 8491
f 8494 8492 8493
f 8494 8493 9360
f 9360 8493 12430
f 8494 9360 9359
f 8494 9359 9363
f 8495 8496 8498
f 8496 8497 8498
f 8498 8499 8500
f 8501 11252 11255
f 8503 10114 8517
f 10223 8504 10222
f 8507 8505 8506
f 8508 8505 13381
f 8512 10673 8506
f 8507 10206 10205
f 8509 8510 8508
f 8510 8511 8512
f 8513 13390 13381
f 13394 13393 8514
f 10208 10114 8515
f 9476 8516 9477
f 8518 12528 9671
f 8522 8520 8521
f 10259 8520 13350
f 8524 8523 8521
f 8535 8534 8522
f 8533 8523 8528
f 8525 10116 8526
f 8525 8527 8537
f 8526 10116 10118
f 10202 8527 10201
f 8530 8528 8529
f 8613 8612 8530
f 13410 8530 8612
f 9828 8532 8531
f 9828 8531 9829
f 9828 8535 8532
f 8536 8537 8534
f 9822 8536 9826
f 8540 8538 8539
f 9961 8538 8544
f 8539 13339 10527
f 8541 8542 8540
f 10531 8570 8541
f 13442 8546 8542
f 8543 8544 8545
f 9963 13440 8543
f 8545 8546 8547
f 8568 9965 8547
f 8548 9985 8549
f 8548 10088 9985
f 8549 8550 8551
f 8549 9985 8550
f 8554 8555 8550
f 8554 8550 9984
f 8550 9985 9984
f 8552 8553 8551
f 8553 8576 9997
f 13427 8554 9984
f 8555 8556 8557
f 10013 10014 8556
f 8557 8558 8559
f 8558 10018 8565
f 8562 8560 8561
f 8568 8560 8567
f 8561 13442 13432
f 8564 8562 8563
f 8566 8564 8565
f 13424 13423 8566
f 13423 13422 8567
f 8571 8569 8570
f 13402 13432 8569
f 8571 8572 8573
f 8572 8574 8573
f 13358 8574 8572
f 13357 8572 13356
f 13358 8572 13357
f 8575 8573 8574
f 13359 8574 13358
f 8577 8575 8576
f 8580 8578 8579
f 8585 8579 10291
f 8580 8581 10057
f 9197 8582 8683
f 9197 9656 8582
f 8582 9656 9660
f 8582 9660 9670
f 8585 8583 8584
f 8588 8584 8583
f 8588 8583 8589
f 8588 12686 8584
f 8587 8586 8589
f 8588 8589 8586
f 8592 8590 8591
f 8674 8595 8685
f 8602 8601 8596
f 8596 8601 8604
f 8598 9922 8599
f 8598 13385 9922
f 8602 8603 8601
f 13443 9934 8604
f 8605 8606 8607
f 8611 8609 8610
f 8619 8609 8617
f 10035 8610 10025
f 10026 10126 8611
f 8614 8612 8613
f 8616 8612 8614
f 8615 9608 9607
f 8615 9607 9611
f 8623 8622 8616
f 9863 8618 11366
f 8618 13262 11366
f 8619 9866 8629
f 8622 8620 8621
f 9834 8620 9835
f 11261 12244 8624
f 8627 8625 8626
f 10035 10025 8626
f 8628 8629 8630
f 13453 9847 8630
f 8631 8632 8633
f 8633 8660 8661
f 12684 8633 8661
f 8636 8634 8635
f 8653 8634 8636
f 8636 8635 13372
f 9701 8635 8637
f 8654 8653 8636
f 8638 8639 8637
f 8640 8641 8639
f 8640 9710 8641
f 8644 8642 8643
f 8642 13238 9281
f 8642 9723 13238
f 8646 8643 8645
f 8648 8643 8646
f 8645 9721 9722
f 8647 13464 9703
f 8650 8651 8649
f 9723 8649 9724
f 9749 8651 8656
f 8654 8652 8653
f 8652 8655 8656
f 11110 8655 11105
f 8657 8659 8658
f 10294 10292 8659
f 9455 9458 8662
f 9455 8662 10757
f 9352 8664 10115
f 8666 9316 9315
f 8667 13328 10387
f 9650 8669 8670
f 9652 8669 9650
f 8670 8677 8679
f 8671 9798 9797
f 9654 8673 8672
f 8672 8679 8680
f 9651 8673 9646
f 9653 9646 8673
f 9654 9653 8673
f 9661 8676 8675
f 8676 8677 8678
f 9668 8680 9667
f 9665 8681 8682
f 9665 8682 9664
f 13382 8682 10386
f 8684 9924 8806
f 9018 8685 9233
f 8686 9296 9295
f 8686 12538 9296
f 8686 12535 12538
f 8800 10339 8687
f 8689 8690 8688
f 8688 12680 9295
f 9306 8690 8689
f 8691 8692 8693
f 11080 13292 8691
f 9294 9293 8694
f 8724 13319 8695
f 8697 8696 8769
f 9485 8769 8696
f 9485 8700 9484
f 9285 8701 9283
f 9286 8701 9285
f 8702 9501 9502
f 8704 8705 8706
f 12391 12390 8704
f 8705 8709 8710
f 8706 8707 8708
f 12678 8707 9367
f 10542 12389 8709
f 8710 9371 9368
f 8711 8712 8713
f 8711 8720 8712
f 8725 8711 8713
f 8711 8722 8720
f 8711 8723 8722
f 8725 8723 8711
f 10297 8713 8716
f 8715 8714 10300
f 8715 13388 8714
f 8717 10300 8714
f 10297 8716 10296
f 8717 8728 10300
f 11167 8719 8718
f 11163 8718 9751
f 11167 8726 8719
f 8721 9265 9266
f 9745 8723 8725
f 9745 8760 8723
f 8726 8727 8728
f 10232 9999 8729
f 10243 10233 8729
f 8732 8743 8733
f 8736 8734 11199
f 8734 12261 11199
f 8738 8736 8737
f 8749 8737 11197
f 8738 8739 8740
f 12668 8739 8747
f 8754 8744 8753
f 8745 12645 9282
f 8745 9382 12645
f 12750 9382 8745
f 8746 8747 8748
f 8749 8750 8748
f 8750 8751 12269
f 8751 12268 12269
f 8763 8755 8762
f 9724 8760 9745
f 8765 11790 8766
f 8765 11787 11790
f 10675 8766 11790
f 8769 8767 8768
f 9200 8770 9202
f 9486 8771 9484
f 8777 8775 8776
f 8779 8781 8782
f 12660 12664 8781
f 8783 8799 10463
f 8784 8786 8785
f 8785 12157 9381
f 8786 8788 8789
f 11092 8787 11091
f 9975 8814 8788
f 11551 8790 9385
f 11551 11549 8790
f 8796 8792 8791
f 9951 8791 8792
f 8795 8791 9951
f 8796 8791 10594
f 12658 8792 12659
f 8793 9304 8798
f 9117 10147 8793
f 8794 12431 9132
f 12384 12383 8795
f 8797 12370 12369
f 9129 9141 8798
f 8799 10464 10463
f 8800 8801 8802
f 8801 8803 8802
f 11545 11546 8803
f 8804 8805 8806
f 8807 8808 8809
f 12156 11548 8809
f 8810 8811 8812
f 11545 8810 11546
f 9677 8812 8811
f 8813 8814 8815
f 10780 8816 8815
f 8816 8817 8818
f 10001 8817 12225
f 8823 8819 8822
f 11029 8821 8843
f 8825 8823 8824
f 8826 8825 8827
f 8829 8827 8828
f 8831 8827 8829
f 8830 9886 11349
f 8834 8832 8833
f 8832 11371 8841
f 8838 11377 8834
f 8837 8838 8836
f 8837 11350 12239
f 8843 8840 8839
f 8842 8839 8841
f 8842 12234 12236
f 8844 8845 10222
f 8844 10234 8845
f 10230 10229 8844
f 10229 10234 8844
f 8848 8846 8847
f 8846 9347 9346
f 8851 8849 8850
f 8849 13394 10205
f 8853 8850 8852
f 9877 10128 8851
f 8852 10206 10207
f 8853 9185 10130
f 8854 8868 8855
f 8854 8861 8863
f 10974 8856 8855
f 8855 8868 8859
f 9717 8856 12327
f 8857 8858 8859
f 8857 8859 8867
f 8857 8867 10280
f 8868 8867 8859
f 9106 12616 8860
f 8862 8861 9719
f 8862 9719 9721
f 9905 8866 9910
f 9905 8867 8868
f 9905 9910 8867
f 8872 8870 8871
f 8872 12639 12638
f 8873 8874 8875
f 8873 8875 8877
f 10889 8873 8877
f 10889 12341 8873
f 11316 8893 8874
f 8880 8878 8879
f 8881 8879 8878
f 8880 13313 8878
f 8882 8881 8878
f 8882 8878 10924
f 8878 13313 10924
f 8880 8889 10928
f 8880 10928 10927
f 8880 10927 13313
f 8882 8883 8881
f 8882 10924 10923
f 11326 8886 8894
f 8888 8889 8890
f 8893 8891 8892
f 8897 8895 8896
f 8899 8897 8898
f 10885 8899 8898
f 10885 8898 12336
f 10896 12336 8898
f 8904 8900 8903
f 12636 8901 8924
f 10541 9009 8902
f 8902 10554 12387
f 8903 12640 12639
f 9105 9106 8905
f 9975 8906 8908
f 8907 8912 8913
f 8909 8910 8908
f 8909 8913 8914
f 8910 10779 10780
f 8918 8914 8916
f 9103 8944 8915
f 9103 8915 12022
f 8916 8917 9843
f 8916 9887 8917
f 9843 8917 12125
f 8919 9250 8920
f 8919 8920 10779
f 9249 8920 9250
f 8921 8922 8923
f 8925 8923 8924
f 8926 8928 8929
f 8927 8933 8934
f 8927 8934 8935
f 8928 8942 8940
f 8929 8932 10340
f 8932 8930 8931
f 8937 8936 8930
f 13386 13387 8931
f 8935 8943 8942
f 13445 13444 8936
f 8939 8938 8937
f 8941 8939 8940
f 8944 9101 9102
f 9103 9101 8944
f 8947 8945 8946
f 10137 8947 8946
f 10137 8946 12480
f 8950 12635 8948
f 8951 8949 8950
f 8952 8949 8951
f 8953 8949 8952
f 12477 8952 8951
f 10136 12477 8951
f 12477 12476 8952
f 8956 8954 8955
f 9935 8955 9267
f 9931 8956 13443
f 9823 8957 8958
f 9783 9810 8957
f 9823 9783 8957
f 9823 8958 10646
f 9823 8959 9783
f 12366 9981 8959
f 8960 8961 8962
f 8960 8963 8964
f 8961 12234 12235
f 11000 8964 8967
f 8965 8966 8967
f 8966 9930 13302
f 8969 8970 8968
f 10000 8968 8976
f 10362 8969 13355
f 8970 8971 8972
f 8971 9267 8972
f 8974 8975 8973
f 8976 8974 8973
f 13437 8973 8975
f 8979 8977 8978
f 8986 8987 8977
f 8980 8981 8979
f 8982 8983 8981
f 8986 8984 8985
f 8989 11724 11758
f 8993 8991 8992
f 8994 9781 8995
f 8994 12633 12632
f 8995 8996 8997
f 9001 8999 9000
f 8999 13452 9865
f 9004 9002 9003
f 11294 9004 9003
f 9006 9004 9005
f 11309 9005 13275
f 9008 9009 9007
f 9872 9007 9869
f 9655 9647 9011
f 9013 9711 9113
f 12339 9014 12340
f 9682 9640 9017
f 9682 9017 9666
f 9685 9666 9017
f 9019 9640 9642
f 9758 9640 9019
f 9020 9642 9632
f 9595 9527 9021
f 9595 9021 9618
f 9022 9595 9618
f 9024 9500 9567
f 9024 9567 9516
f 12463 9027 12464
f 9031 9029 9030
f 9033 9031 9322
f 9034 9307 9033
f 9034 9033 9322
f 9035 9033 9307
f 11485 9307 9034
f 9163 9175 9035
f 9354 9038 9158
f 9732 9052 9039
f 9733 9732 9039
f 9042 9040 9041
f 9044 9737 9042
f 9045 9043 9044
f 12415 12414 9043
f 9046 9045 9044
f 9066 10421 9050
f 9051 12411 12415
f 9104 9054 9052
f 9146 9052 9054
f 9732 9104 9052
f 10458 9082 9054
f 10458 9054 9104
f 9057 9055 9056
f 9063 9064 9055
f 9056 13421 13422
f 9059 9057 9058
f 9061 9072 9069
f 9064 9086 10031
f 12409 10418 9065
f 9069 9071 9068
f 9072 9071 9069
f 9070 9078 10430
f 9079 9081 9085
f 9079 9085 9086
f 9098 9080 9097
f 9081 9082 9083
f 9081 9083 9085
f 9083 9084 9085
f 12399 10027 9084
f 9087 9088 9089
f 9087 9095 9096
f 9088 12614 9089
f 9094 9096 9095
f 11905 12014 9102
f 11925 9107 13162
f 9111 9109 9110
f 9110 9109 9116
f 9112 9116 9109
f 9112 9109 9697
f 9110 9116 9616
f 10446 9111 9139
f 9112 9113 9114
f 9112 9114 9116
f 9114 9115 9116
f 9715 9121 9115
f 9119 9117 9118
f 9119 9118 10337
f 9118 9144 10337
f 9119 10337 12436
f 10911 9119 12436
f 9120 9121 9122
f 9420 9120 9349
f 9122 9123 9124
f 12414 9123 12413
f 9126 9124 9125
f 12412 9125 12411
f 9127 9128 9126
f 9127 10344 9130
f 9304 9349 9128
f 9129 9130 9131
f 9129 9131 9133
f 9129 9133 9141
f 9131 9132 9133
f 9133 9142 9141
f 10356 9142 9133
f 9136 9134 9135
f 10111 10147 9134
f 10911 10912 9135
f 9138 9136 9137
f 9138 9137 13315
f 9140 9141 9142
f 9140 9143 9144
f 10333 9143 12428
f 9147 10235 9145
f 9152 9147 9151
f 9149 9150 9148
f 9150 10602 9148
f 10247 9977 9149
f 12457 10247 9152
f 9153 9154 9155
f 9153 10286 10285
f 9170 10288 9155
f 9162 9157 9164
f 9161 9159 9160
f 9167 9162 9159
f 10461 9161 12395
f 9168 9166 9167
f 9170 9166 9169
f 10462 9168 10460
f 9171 9172 9173
f 9251 9173 9172
f 9179 9180 9178
f 9181 9182 9183
f 9184 9185 9186
f 9184 9187 9190
f 10665 9186 10664
f 9245 9190 9187
f 9189 10662 12386
f 9193 9191 9192
f 12704 9275 9192
f 9196 9194 9195
f 9194 9978 12457
f 9195 9658 9657
f 9199 10001 9196
f 9198 10567 10562
f 10230 10210 9203
f 9207 9205 9206
f 9205 12257 12258
f 9206 11250 11251
f 10675 9690 9209
f 9216 9217 9215
f 9219 9215 9217
f 9219 10133 9215
f 9216 9229 9217
f 9219 9217 9218
f 9219 9218 10131
f 9220 9221 9222
f 9220 9879 9243
f 9223 9221 11213
f 9222 9880 9885
f 9225 9223 9224
f 9226 9225 9224
f 9227 9225 9226
f 9578 9227 9226
f 9578 9226 9576
f 9578 12237 9227
f 12237 9881 9227
f 9232 9235 9228
f 9230 9824 13457
f 9230 13457 9838
f 12535 12536 9234
f 9551 9241 9236
f 9237 9238 9239
f 9238 11348 11438
f 9239 9580 9579
f 9581 9239 9579
f 9241 9242 9240
f 11438 11809 9240
f 9580 9242 12532
f 9247 9244 9245
f 9247 9246 9244
f 9246 10809 11113
f 10120 10131 9247
f 9248 9249 9250
f 9254 9251 9252
f 10543 10546 9253
f 9257 9255 9256
f 9278 9256 9255
f 9347 9278 9255
f 9347 9255 9346
f 9976 9256 10250
f 9259 9257 9258
f 9260 9259 9258
f 9260 9258 9487
f 9258 9481 9488
f 9258 9488 9487
f 9261 9259 9260
f 9261 9260 9493
f 9260 9487 9493
f 9328 9261 9493
f 9264 9262 9263
f 12576 9264 9263
f 9680 9679 9265
f 9271 9269 9270
f 9269 9271 9272
f 10571 12647 9270
f 12112 12005 9272
f 9348 9273 9350
f 9276 9274 9275
f 9276 11789 9274
f 9495 9274 11788
f 11788 9274 11789
f 9277 9278 9279
f 10612 10610 9277
f 9347 9279 9278
f 12080 12070 9283
f 9845 9833 9291
f 9294 9292 9293
f 9308 9292 9294
f 9301 9298 9300
f 9299 12678 12679
f 9308 9301 9300
f 12391 9309 9851
f 9310 10882 9327
f 9312 9313 9314
f 9314 9317 9316
f 9323 9321 9319
f 9328 9493 9492
f 12965 12456 9332
f 9333 9337 9338
f 9342 9340 9339
f 9340 12531 9339
f 9339 12531 9550
f 9342 9341 9340
f 9344 9341 9343
f 9350 12646 9348
f 13188 9370 9355
f 9356 9357 9358
f 9357 9365 13226
f 9359 9360 9361
f 9359 9362 9363
f 13188 9362 13226
f 9364 9368 9365
f 9364 9367 9368
f 9369 9370 9371
f 9369 9372 9373
f 9372 12389 12388
f 12157 9378 9381
f 10002 9384 9383
f 10002 9383 13431
f 9397 9387 9386
f 9397 9386 9398
f 9397 10012 9387
f 9390 9388 9389
f 9389 10005 12368
f 9395 9391 9393
f 9395 9575 9391
f 9405 9391 9575
f 9394 9395 9393
f 9395 12242 9575
f 9401 9399 9400
f 9402 9399 9401
f 9404 9405 9403
f 9405 9575 9573
f 9406 9410 9411
f 9408 9409 9410
f 12756 12755 9409
f 11551 9413 11549
f 9767 9415 12512
f 9420 10049 9616
f 9425 9426 9424
f 9424 9426 9428
f 12519 9427 12518
f 9430 9428 9429
f 9432 9433 9431
f 9431 9441 9442
f 9433 9434 9435
f 9437 10970 13242
f 9457 9443 9445
f 9447 9448 9449
f 9450 9451 9452
f 12434 12433 9450
f 10351 9463 9451
f 9454 9452 9453
f 9454 9456 10757
f 9455 10757 9456
f 9459 9500 9520
f 9462 9460 9461
f 9464 9463 12408
f 9466 9464 9465
f 9469 9470 9471
f 12546 12548 9473
f 12546 9477 12547
f 10677 9478 12359
f 12359 9478 10751
f 9479 9480 9481
f 9977 9479 9976
f 9480 9483 9481
f 9481 9483 9488
f 9482 9978 9979
f 9495 9486 9494
f 9487 9488 9489
f 9490 9491 9492
f 9690 9490 9689
f 9494 9497 9498
f 9496 9505 9497
f 9496 9504 9505
f 12530 12529 9499
f 9502 9503 9504
f 9509 9507 9508
f 9509 9586 9513
f 9513 9512 9511
f 9514 9512 9513
f 9586 9514 9513
f 9614 9516 9567
f 9522 9523 9524
f 9524 9525 9526
f 9527 9614 9567
f 9595 9614 9527
f 9528 9529 9530
f 9528 13150 11967
f 9529 9534 9535
f 9530 9531 9532
f 11969 13145 9534
f 9538 9539 9542
f 9539 9540 9542
f 9546 9544 9545
f 9552 9545 9544
f 9553 9545 9552
f 9553 12476 9545
f 9551 9549 9550
f 9559 9557 9558
f 9561 9559 9560
f 9566 9560 9565
f 9563 9561 9562
f 13159 9568 13160
f 9569 9570 9571
f 9569 11375 11374
f 9577 9570 9576
f 9571 9572 9573
f 9578 11373 12238
f 9578 12238 12237
f 9581 12534 12533
f 9706 9686 9582
f 12203 9587 12204
f 9596 9597 9589
f 9598 9599 9600
f 9603 9604 9605
f 9605 9604 9606
f 9607 9608 9609
f 9612 9619 9620
f 9626 9627 9621
f 9624 9623 9625
f 13214 9624 9625
f 9639 9638 9625
f 9636 9628 9635
f 9630 9673 9637
f 9630 9726 9716
f 9682 9632 9642
f 12301 9632 12297
f 9635 9633 9634
f 9682 9642 9640
f 9646 9644 9645
f 13325 9644 9649
f 9651 9646 9645
f 9648 9649 9647
f 9655 9656 9657
f 9677 9667 9661
f 9664 9662 9663
f 9670 9668 9669
f 9672 10042 9671
f 9672 9671 12528
f 9671 10042 10044
f 9671 10044 12523
f 9674 9727 12520
f 9695 9676 9675
f 12527 9678 12526
f 12621 12620 9681
f 9688 9687 9684
f 9693 9691 9692
f 9691 9696 9697
f 13370 9693 9692
f 10445 10444 9692
f 13370 9692 10444
f 9694 10438 9700
f 9699 9716 9708
f 9702 9703 9704
f 9702 9710 9703
f 9704 9705 9707
f 9734 9707 9705
f 9734 9712 9707
f 9713 9711 9712
f 9715 9713 9714
f 9714 9738 12413
f 9718 9729 9728
f 13465 9722 9728
f 9731 9729 9730
f 12329 9730 12328
f 9733 9731 9732
f 9737 9738 9736
f 9739 9740 9741
f 9739 10061 10108
f 9741 9742 9743
f 9747 9748 9749
f 11109 9750 9747
f 9750 9751 9752
f 12109 9757 9753
f 9756 9754 9755
f 9761 9762 9763
f 9764 9765 9766
f 9768 9764 9767
f 9770 9771 9769
f 9769 9774 9775
f 9770 12467 12468
f 9772 9773 9771
f 9772 12472 10187
f 9773 9778 12516
f 9774 12515 12519
f 9777 9778 9779
f 10186 10185 9779
f 10185 10184 9780
f 9784 9785 9786
f 9784 9804 9785
f 9787 9789 9790
f 9788 9791 13462
f 9789 9805 13458
f 13461 9799 9792
f 9800 9794 9799
f 13458 9805 13459
f 9808 9817 9806
f 9809 9811 9806
f 9809 9806 9817
f 10082 9817 9808
f 9809 9816 9815
f 9809 9817 9816
f 9813 9814 9815
f 9813 9815 9816
f 9813 9816 9820
f 9816 9817 9818
f 9816 9818 9820
f 9818 9819 9820
f 9821 9822 9824
f 9821 13408 10116
f 9825 9826 9827
f 9825 9834 13456
f 9827 9828 9829
f 9830 12463 12464
f 9835 9832 9831
f 9834 9835 9831
f 9836 9837 9844
f 13456 9837 9836
f 13457 9836 9838
f 13457 13456 9836
f 9845 9844 9837
f 9848 9846 9847
f 9850 9846 9848
f 9850 9849 9846
f 9871 9850 9848
f 9851 9849 9850
f 9854 10164 9857
f 9858 9856 9857
f 12501 9856 12502
f 9863 9865 9866
f 9863 11366 9867
f 9871 9869 9870
f 9870 10540 12390
f 13452 9872 13453
f 9875 9873 9874
f 9874 9873 10129
f 9873 10130 10129
f 9875 9876 9877
f 9876 12499 9890
f 9880 9881 9882
f 9880 9882 9885
f 9882 9883 9884
f 9882 9884 12498
f 9882 12498 9885
f 11350 11349 9883
f 12499 12498 9884
f 12500 9885 12498
f 11096 11095 9887
f 9891 9896 9895
f 9893 10140 10139
f 13403 10140 9893
f 9900 9897 9899
f 9901 9897 9900
f 9902 9900 9899
f 9903 9902 9899
f 9903 9899 9917
f 13451 9900 9902
f 9904 9902 9903
f 9907 9908 9909
f 9912 9913 9914
f 13448 9912 9914
f 11155 9914 9913
f 9919 9917 9918
f 9920 13447 13446
f 10357 9922 13385
f 9923 10408 10407
f 9946 9927 9993
f 9928 11413 11429
f 9932 9930 9931
f 9935 9933 9934
f 10361 9934 9933
f 10217 9939 9938
f 10217 9938 10216
f 9939 9940 9941
f 9943 9944 9945
f 9949 9947 9948
f 9947 11769 11768
f 9948 11783 11784
f 9950 10747 9952
f 9955 9953 9954
f 9953 9960 9961
f 9955 9954 9956
f 9956 9954 13441
f 13441 9954 13440
f 9955 9956 9957
f 9956 13439 9957
f 13438 13439 9956
f 13438 9956 13441
f 9957 9958 9959
f 9959 13342 13341
f 9960 13341 13340
f 9962 9963 9964
f 9962 10028 9972
f 9964 9965 9966
f 9966 13421 10030
f 9969 9967 9968
f 9969 9974 9967
f 9969 9968 9970
f 9968 13441 9970
f 9968 13438 13441
f 9969 9970 9971
f 9969 9971 9973
f 9969 9973 12397
f 9969 12397 9974
f 13441 13440 9970
f 9973 9971 9972
f 12397 9973 12398
f 12397 12396 9974
f 9980 9981 9982
f 9984 9985 9986
f 9985 10088 9986
f 9987 9989 9988
f 13437 9987 13436
f 9992 9990 9991
f 9997 9990 9996
f 10539 9991 13359
f 10538 13353 9998
f 10232 11825 9999
f 10004 10002 10003
f 10011 10008 10010
f 10010 10013 13433
f 10014 10015 10016
f 10016 10017 10018
f 10026 10124 10126
f 10027 10028 10029
f 10029 10030 10031
f 10043 10044 10042
f 10044 12522 12523
f 10045 10046 10047
f 12249 10064 10051
f 10054 10052 10053
f 12491 10052 10055
f 10058 10059 10060
f 10062 10059 10061
f 10065 10063 10064
f 10067 10063 10066
f 12250 10064 12249
f 10069 10065 11287
f 12490 12489 10066
f 10070 10077 13419
f 10221 10073 13224
f 10076 10074 10075
f 10080 10075 10074
f 10078 10076 10077
f 10079 12989 12992
f 10082 10083 10081
f 13416 10081 13417
f 10083 10084 10085
f 10085 10084 10110
f 13412 10110 10084
f 13411 13412 10084
f 10085 10086 10087
f 10091 10089 10090
f 10093 10091 10092
f 10099 10097 10098
f 10613 10098 10097
f 10101 10099 10100
f 10102 10105 10103
f 10107 10108 10109
f 10116 13408 10118
f 10181 10117 10227
f 10132 10118 13408
f 10132 10133 10119
f 11833 10126 10124
f 10140 10138 10139
f 13405 10141 10142
f 10194 12771 10143
f 10149 10150 10151
f 10152 10153 10154
f 10152 12344 10847
f 10156 10157 10158
f 12473 10157 10166
f 12346 10159 12347
f 10167 10160 10166
f 10168 13090 13091
f 10174 13085 11397
f 11688 10177 10176
f 10177 10190 10179
f 11688 10190 10177
f 10180 10178 10179
f 10182 10183 10184
f 10186 10187 10188
f 10192 10193 10194
f 10195 10198 10197
f 10200 10198 10199
f 10719 10720 10199
f 10202 10685 13350
f 10663 10664 10207
f 10962 10214 10211
f 10214 10212 10213
f 10215 12332 10958
f 10570 10569 10219
f 10612 10570 10219
f 10221 13224 13005
f 10223 11248 11253
f 10228 10224 10226
f 10237 12458 10225
f 10240 12458 10237
f 10239 12423 10404
f 10241 10402 10403
f 10243 10244 10245
f 13304 10244 10983
f 10246 10245 10989
f 10248 10249 10250
f 10252 10253 11542
f 10252 13193 10253
f 11467 11529 10253
f 13193 11467 10253
f 11529 11543 10253
f 10253 11543 11542
f 10257 10259 10260
f 10257 10260 11675
f 10268 10266 10258
f 10264 10262 10263
f 10263 11874 11875
f 10272 10269 10271
f 11679 10682 10269
f 10295 10275 10274
f 10296 10295 10274
f 10277 10278 10275
f 10295 10277 10275
f 10279 10275 10278
f 10281 10275 10279
f 10276 10814 13330
f 10282 10280 10281
f 10288 10283 10287
f 10284 10744 10743
f 10289 10290 10291
f 11080 10302 13292
f 10303 10304 10305
f 13018 10304 13012
f 10308 10306 10307
f 10306 12353 12352
f 10838 10316 10307
f 10311 10309 10310
f 10312 10313 10311
f 10313 12349 12353
f 10315 10316 10314
f 10314 10317 10318
f 10317 12343 12342
f 10319 10320 10324
f 10320 10321 10322
f 10326 10327 10328
f 10369 10326 10370
f 10327 10331 12442
f 10329 12422 12421
f 10335 10333 10334
f 10338 10339 10340
f 10338 10341 10339
f 10341 10342 10343
f 10345 10346 10344
f 10345 12412 10420
f 10414 10359 10347
f 10348 10349 10350
f 10348 12433 12432
f 10353 10355 10356
f 10355 12429 12428
f 10362 10550 10363
f 10363 10364 10365
f 10368 10369 10367
f 10378 10379 10371
f 10372 10373 10374
f 10373 12216 12217
f 10376 10374 10375
f 10375 11528 10382
f 10377 10378 10376
f 10377 12424 12425
f 10377 12425 12426
f 10380 10381 10382
f 10380 10383 10384
f 10383 11526 12210
f 10385 10386 10387
f 10391 10392 10393
f 10396 10394 10395
f 10398 10396 10397
f 10397 10400 10401
f 10397 11012 10400
f 10475 10474 10405
f 10409 10410 10411
f 12419 10411 12420
f 10434 10415 10414
f 10417 10420 10421
f 10423 10705 10575
f 10424 13375 13185
f 10427 10425 10426
f 10429 10430 10425
f 10431 10435 10432
f 10436 10435 10431
f 11105 10436 11104
f 10437 10438 10439
f 10446 10440 10445
f 10917 10441 13314
f 10441 13315 13314
f 10450 10442 10916
f 10452 10447 10451
f 10455 10453 10454
f 10973 10972 10453
f 12396 10454 12395
f 10455 10456 10457
f 10459 10455 10457
f 10456 12398 12399
f 10470 10468 10469
f 10476 10468 10470
f 10976 10472 10470
f 10473 10471 10472
f 11486 10477 11487
f 11487 10477 13236
f 10483 10484 10485
f 12247 11312 10487
f 10488 10489 10490
f 11313 10489 11312
f 10490 10491 10492
f 12248 10492 10491
f 10494 10499 10495
f 11961 10499 10494
f 11962 11961 10494
f 10501 10499 10500
f 13149 10500 13148
f 10503 10504 10505
f 10503 10505 10518
f 13365 10504 10509
f 10507 10508 10509
f 13360 10507 13361
f 10512 10510 10511
f 10516 10514 10515
f 10521 10522 10520
f 12984 10520 12985
f 10526 10521 10525
f 10522 10523 10524
f 10528 10529 10527
f 10529 10530 10531
f 10530 10535 13356
f 10532 13349 10533
f 10532 13346 13349
f 10533 10534 10535
f 10538 13354 13353
f 10542 10540 10541
f 10543 10544 10545
f 10548 10549 10550
f 10553 10551 10552
f 10556 10551 10555
f 10888 10887 10553
f 10558 10559 10557
f 10557 12388 12387
f 10896 10560 12336
f 10611 10588 10561
f 10562 10563 10564
f 10567 10565 10566
f 10568 12385 12386
f 10571 10569 10570
f 10574 10572 10573
f 12276 10573 12277
f 10587 10576 10577
f 10577 10576 11172
f 10586 10587 10577
f 10586 10577 10589
f 10585 10578 10587
f 10582 10593 10583
f 10582 10592 10593
f 10584 10585 10586
f 12380 10585 10584
f 10585 10587 10586
f 10591 10589 12281
f 12290 10592 10591
f 12280 10591 12281
f 12290 10591 12280
f 10596 10594 10595
f 10598 10596 10597
f 12370 10598 10619
f 10599 10600 10601
f 10603 10604 10605
f 12312 12314 10603
f 10604 10608 10609
f 10605 10606 10607
f 10616 10617 10618
f 12372 12371 10616
f 10619 10620 10618
f 10622 10623 10624
f 11394 10622 11395
f 10628 13352 10623
f 10625 10626 10624
f 10625 10639 10638
f 10631 10628 10627
f 10631 10627 10630
f 10630 10627 13256
f 11068 11036 10629
f 11068 10629 13101
f 10632 10633 10634
f 10633 10656 10654
f 10641 10638 10640
f 10644 10642 10643
f 11370 10643 10642
f 10646 10642 10644
f 12235 11370 10642
f 10647 10644 10643
f 11370 11368 10643
f 12367 12366 10645
f 10649 10647 10648
f 10648 11369 12240
f 10651 10649 10650
f 10651 12368 12367
f 10660 10661 10662
f 10668 10669 10667
f 10667 10672 10673
f 10668 12449 12450
f 10669 10670 10671
f 10670 10674 10671
f 10678 10676 10677
f 10681 10682 10683
f 10683 10684 10685
f 10686 10687 10688
f 10690 10691 10692
f 10692 10693 10694
f 12364 10693 10700
f 10696 10697 10698
f 10699 10700 10698
f 10702 10703 10701
f 10701 10703 10709
f 10702 12962 10703
f 10712 10710 10711
f 10712 12812 12811
f 10714 10715 10713
f 10714 11442 10718
f 12362 10720 10719
f 10722 10723 10721
f 13208 13207 10721
f 10722 11659 11658
f 10724 10725 10726
f 10725 13347 13348
f 10726 10727 10728
f 13208 10728 13204
f 13202 13201 10731
f 10733 10734 10735
f 13346 10733 13347
f 10735 10736 10737
f 10736 13339 13340
f 10737 10738 10739
f 10737 10739 10741
f 13343 10738 13342
f 10777 10766 10740
f 13344 10742 10748
f 10747 10745 10746
f 11674 11673 10753
f 10761 10759 10760
f 12170 10761 10760
f 10763 10761 10762
f 13240 10770 13239
f 10773 10774 10772
f 10775 10776 10772
f 11940 10781 10782
f 10785 10781 10784
f 11940 10782 11941
f 11941 10782 11942
f 11942 10782 13135
f 13334 10784 10786
f 13332 10808 10790
f 10796 10798 12354
f 10796 12355 10798
f 10804 13332 10802
f 10805 10806 10807
f 11912 11113 10809
f 10815 10811 10810
f 10813 11481 11480
f 11482 11481 10813
f 13331 10816 10817
f 13234 10816 11480
f 10820 10821 10822
f 10825 10823 10824
f 10823 11531 10833
f 10827 10825 10826
f 12206 11533 10827
f 10830 10828 10829
f 10828 10835 10836
f 10829 12351 12352
f 10832 10830 10831
f 12349 12350 10831
f 10832 10833 10834
f 10844 10842 10843
f 10855 13323 10842
f 10854 13192 13191
f 10860 10858 10859
f 10859 13191 11698
f 10862 10860 10861
f 10867 12813 12815
f 10872 10870 10871
f 10873 10874 10875
f 10875 10876 10877
f 13321 10877 13322
f 10893 10891 10878
f 11054 10955 10883
f 10887 10885 10886
f 10886 10885 12336
f 10894 12641 10893
f 13318 10897 10898
f 10900 10898 10899
f 10901 10900 10899
f 10901 13312 13311
f 10905 10903 10904
f 10905 10904 13314
f 10917 13314 10904
f 10907 13317 10906
f 10907 10908 10909
f 10908 10913 10912
f 10916 10914 10915
f 10918 10919 10920
f 10918 10921 10922
f 10930 10926 10925
f 10928 10926 10927
f 10927 13312 13313
f 10938 10936 10937
f 11277 10938 12252
f 10942 10940 10941
f 10940 13106 13105
f 12094 10949 10941
f 10944 10942 10943
f 10946 10944 10945
f 13107 13106 10946
f 10949 10947 10948
f 10951 10948 10947
f 10951 10947 10950
f 12093 13102 10950
f 11574 10952 12189
f 10954 11572 11573
f 10958 10956 10957
f 10960 10957 10959
f 10961 10962 10963
f 10967 10965 10966
f 10973 12328 12327
f 10979 10977 10978
f 12322 10982 12321
f 10993 10985 13295
f 10990 13304 10986
f 10987 10988 10989
f 10987 10990 10991
f 13298 13299 10988
f 10994 10992 10993
f 10995 10994 10993
f 10995 10993 13295
f 11027 10995 13296
f 10995 13295 13296
f 11000 10998 10999
f 11003 11001 11002
f 11005 11001 11003
f 11003 11002 11570
f 11005 11003 11004
f 11009 11569 12199
f 11013 11010 11012
f 11015 11016 11017
f 11019 11497 11498
f 11020 11021 11022
f 11021 11023 11024
f 12216 11023 11500
f 11026 13296 13295
f 11746 11032 11031
f 11042 11043 11044
f 11044 11045 11046
f 11045 11047 11048
f 11049 11056 11055
f 11051 11052 11053
f 11060 11061 11062
f 12287 11061 11060
f 11061 11063 11062
f 11131 11063 11061
f 11131 11061 12287
f 11065 11066 11067
f 11065 11072 11073
f 12314 11066 11074
f 11070 11082 11081
f 11079 11077 11078
f 11083 11084 11080
f 13291 11084 13290
f 11261 11086 11262
f 11174 11129 11088
f 11096 11094 11095
f 12773 11100 12774
f 13288 11102 11101
f 12058 12059 11102
f 11137 11106 13283
f 11109 11107 11108
f 11111 11130 11127
f 11116 11118 11114
f 11135 11126 11133
f 11127 11130 11128
f 11132 11173 11134
f 11149 11662 12178
f 11152 11159 11160
f 11162 11163 11164
f 13025 13024 11166
f 11171 11168 11169
f 11171 11170 11168
f 11178 11168 11170
f 11179 11168 11178
f 11178 11170 11172
f 11178 11172 11176
f 11182 11180 11181
f 12013 11180 11182
f 12012 11185 11180
f 12013 12012 11180
f 11184 11182 11183
f 12013 11182 11184
f 11187 11185 11186
f 11189 11187 11188
f 11189 11191 11190
f 11191 11205 11204
f 11195 11202 11192
f 11195 11194 11202
f 11194 11198 11200
f 11194 11200 11202
f 11348 11213 11206
f 11207 11209 11208
f 11207 11217 11211
f 11215 11537 11454
f 11218 11219 11216
f 11218 13279 11219
f 11222 11220 11221
f 11220 11243 11242
f 11221 11227 13279
f 11223 11224 11222
f 11223 13277 11224
f 11224 13277 13276
f 11225 11242 13104
f 11230 11231 11232
f 11232 11233 11234
f 11233 11237 11238
f 11239 11240 11241
f 11243 11244 11245
f 11244 13276 13278
f 11254 11252 11253
f 11258 11818 11260
f 11263 12254 12255
f 11266 11265 11264
f 11268 11269 11267
f 11268 11274 12251
f 11271 11275 11272
f 11271 11274 11275
f 11272 12192 12193
f 11273 11608 11607
f 11276 11282 11277
f 11276 11278 11281
f 11278 11280 11606
f 11279 11607 11280
f 11279 12252 12251
f 11281 12191 12190
f 11285 11289 12250
f 11288 11286 11287
f 11289 11290 11288
f 11293 11291 11292
f 11297 11291 11378
f 11292 13274 13275
f 11295 11293 11294
f 11295 13260 13259
f 11297 11298 11296
f 11300 13258 13257
f 11303 11304 11305
f 13267 13268 11304
f 11305 11306 11307
f 13274 13273 11307
f 11309 11310 11311
f 11351 11320 11314
f 11325 11323 11324
f 11325 11324 13218
f 11329 11327 11328
f 11330 11327 11329
f 11330 11332 11327
f 11331 11332 11330
f 12105 11331 11330
f 11333 11334 11335
f 11337 11338 11339
f 11337 11340 11341
f 13266 13265 11340
f 11342 11343 11344
f 11838 11360 11352
f 11353 11354 11355
f 11831 11355 11356
f 11357 13002 12909
f 11360 11358 11359
f 11362 11358 11361
f 11364 11365 11363
f 11364 13260 13261
f 13262 11365 11366
f 11371 11368 11370
f 11372 11373 11374
f 11372 11376 11377
f 11375 12242 12241
f 11376 12241 12240
f 11380 13074 13076
f 11430 11381 11630
f 11386 11385 13071
f 11387 11388 11389
f 11396 11398 11401
f 11398 11399 11400
f 11403 11402 11400
f 11406 11407 11408
f 13244 11436 11406
f 11412 11407 11411
f 11408 11409 11410
f 13252 11409 13251
f 11416 11414 11415
f 11433 11432 11414
f 13249 11415 11418
f 11419 12212 11518
f 11420 11421 11422
f 11421 11425 11426
f 11424 11422 11423
f 12232 11424 11423
f 11425 11517 12222
f 11430 11630 11431
f 11435 11432 11433
f 11550 11447 11440
f 11446 11443 11444
f 11445 12151 11734
f 11451 11450 11446
f 11733 12140 11452
f 11469 11467 11468
f 13193 11468 11467
f 11468 11470 11469
f 11468 13193 11621
f 11471 11469 11470
f 11477 11478 11479
f 11479 11478 11482
f 11484 11486 11487
f 11485 11585 11578
f 11487 13236 13235
f 11488 11490 11489
f 11488 11752 11490
f 11488 12147 11752
f 11489 11490 11494
f 11489 11494 11491
f 11490 11752 11750
f 11492 11495 11496
f 12145 11495 11749
f 12223 12224 11497
f 11500 11498 11499
f 11728 11727 11503
f 11504 11505 11506
f 11726 11508 11504
f 11509 11507 11508
f 12220 12219 11507
f 11511 11509 11510
f 12148 12149 11510
f 11513 11511 11512
f 11516 11514 11515
f 11520 11514 11519
f 12219 11515 12218
f 11518 11516 11517
f 11527 11525 11526
f 11532 11530 11531
f 11534 11532 11533
f 11539 11540 11541
f 11541 11542 11543
f 11547 11548 11549
f 11557 11555 11556
f 12201 12200 11555
f 11559 11557 11558
f 12202 12203 11558
f 11561 11718 11719
f 11561 11719 11721
f 11564 11562 11563
f 11566 11563 11565
f 11565 12146 12147
f 11568 11569 11570
f 11571 11574 11575
f 11577 12089 11579
f 11577 13113 12089
f 11579 12089 11586
f 11586 12089 12087
f 11593 12117 12118
f 11598 11594 11596
f 11600 11597 11599
f 11609 12193 11600
f 11665 11628 11602
f 11606 11604 11605
f 11610 11608 11609
f 11617 11857 13177
f 11622 11620 11621
f 11870 11620 11622
f 13195 11866 11622
f 11633 11631 11632
f 11636 11631 11635
f 12124 12123 11632
f 11634 11803 11639
f 12188 11635 12181
f 11637 11638 11639
f 12116 11640 11801
f 11641 11642 11643
f 11643 11895 11894
f 11651 11644 11893
f 11648 11646 11647
f 11654 11647 11646
f 11650 11648 11649
f 13205 11649 13204
f 11652 11650 11651
f 11653 13168 13176
f 11658 11659 11657
f 11660 12178 11662
f 11660 12179 12178
f 12562 12561 11672
f 11677 11684 11685
f 11684 11683 12165
f 11761 12132 11690
f 11690 12132 12131
f 11693 13198 13199
f 11700 11698 11699
f 11704 11705 11703
f 11705 12967 11703
f 11808 11705 11704
f 13190 11708 11707
f 11709 11710 11711
f 11710 11715 11711
f 11812 11715 11710
f 11713 11714 11715
f 11713 11716 11717
f 12119 11716 12120
f 12154 11718 12153
f 11727 11725 11726
f 11730 11731 11732
f 11730 11735 11736
f 11732 11733 11734
f 11735 12150 12149
f 11738 11740 11737
f 11885 11743 11742
f 13185 13186 11747
f 11750 11748 11749
f 11750 11753 11748
f 11754 11748 11753
f 11750 11752 11753
f 11755 11757 11758
f 11766 11767 11759
f 11765 12136 12135
f 11774 11773 11772
f 11799 11774 11800
f 11788 11789 11787
f 11791 11793 11794
f 11795 11871 11852
f 11804 11802 11803
f 11806 11804 11805
f 11805 12123 12122
f 11846 11809 11912
f 11811 12121 12120
f 11819 11817 11818
f 11826 11829 11827
f 11873 11826 11827
f 11873 11827 11872
f 11830 11831 11832
f 11832 11833 11834
f 11834 11874 11872
f 11843 11844 11842
f 11868 11843 11842
f 11851 11847 11850
f 12974 12975 11851
f 11856 11854 11855
f 11859 11855 11854
f 11860 11855 11859
f 11856 11857 11858
f 12308 12307 11859
f 11862 11863 11861
f 11867 11865 11866
f 11867 12065 13116
f 11877 11896 11891
f 11881 11882 11883
f 11883 11884 11885
f 11884 11914 11915
f 11888 11886 11887
f 11892 11893 11894
f 11897 11898 11899
f 12781 11898 12780
f 11901 11902 11903
f 11901 11906 11907
f 12776 11907 11906
f 12776 11906 12777
f 11924 11922 11923
f 12058 11923 11928
f 11930 11931 11932
f 11939 11940 11941
f 13153 13152 11939
f 11947 11948 11949
f 11948 11950 11949
f 11949 11950 11951
f 11952 11953 11954
f 11952 11959 11960
f 13152 11953 13151
f 11956 11954 11955
f 11956 11955 11957
f 11967 11968 11969
f 11973 11974 11975
f 11976 11977 11978
f 13055 11977 13054
f 13142 11980 13139
f 11982 11983 11984
f 11986 11987 11985
f 11989 13132 11990
f 11989 11991 11992
f 11994 11995 11996
f 11999 11995 11998
f 13131 13130 11997
f 12006 12003 12002
f 12007 12004 12003
f 12013 12011 12012
f 12019 12015 12018
f 12034 13121 12032
f 12041 12042 12043
f 12047 12048 12049
f 12050 12051 13057
f 12060 12257 12256
f 12071 12069 12070
f 12069 12566 12565
f 12073 12071 12072
f 12072 13110 13111
f 12075 12073 12074
f 12078 13110 12079
f 12083 12084 12085
f 12091 12083 12090
f 12086 12087 12085
f 13107 13108 12086
f 12090 13112 13111
f 12094 12092 12093
f 12092 12095 12096
f 12095 13105 13109
f 12098 12097 12108
f 12098 12108 12885
f 12101 12099 12100
f 12100 12099 12103
f 12114 12115 12116
f 12133 12131 12132
f 12137 12138 12136
f 12138 12139 12140
f 12142 12143 12141
f 12150 12151 12152
f 12163 12164 12165
f 12175 12173 12174
f 12179 12177 12178
f 12316 12226 12183
f 12188 12186 12187
f 12199 12197 12198
f 12211 12214 12215
f 12222 12220 12221
f 12273 12226 12316
f 12237 12238 12239
f 12243 12244 12245
f 12260 12261 12262
f 12262 12263 12264
f 12268 12279 12269
f 12270 12278 12268
f 12270 12274 12278
f 12273 12316 12275
f 12274 12276 12278
f 12275 12285 12283
f 12275 12316 12285
f 12288 12284 12286
f 12290 12288 12289
f 12294 12295 12296
f 12301 12297 12330
f 12298 12306 12299
f 12298 12305 12306
f 12339 12340 12341
f 12384 12379 12383
f 12440 12739 12410
f 12434 12432 12433
f 12439 12453 12447
f 12460 12461 12462
f 12468 12469 12470
f 12470 12471 12472
f 12475 12473 12474
f 12478 12479 12480
f 12483 12484 12485
f 12503 12504 12502
f 12513 12570 12544
f 12516 12517 12515
f 12539 12540 12541
f 12541 12542 12543
f 12554 12545 12706
f 12546 12547 12548
f 12551 12552 12550
f 12552 12559 12550
f 12580 12558 12554
f 12563 12564 12565
f 12566 12567 12568
f 12574 12572 12573
f 12577 12578 12579
f 12577 12581 12582
f 12580 12622 12586
f 12644 12858 12584
f 12595 12596 12597
f 12597 12598 12599
f 12599 12600 12601
f 12601 12602 12603
f 12604 12605 12603
f 12616 12606 12615
f 12613 12611 12612
f 12630 12626 12622
f 12633 12631 12632
f 12643 12673 12652
f 12672 12646 12654
f 12649 12650 12648
f 12743 12653 12725
f 12662 12663 12664
f 12665 12666 12667
f 12675 12666 12665
f 12667 12668 12669
f 12749 12671 13182
f 12673 12706 12677
f 12676 12794 12685
f 12677 12706 12683
f 12680 12681 12682
f 12694 12695 12696
f 12698 12699 12697
f 12722 12715 12782
f 12742 12740 12741
f 13047 13048 12741
f 12766 12767 12768
f 12827 13217 12769
f 12772 12773 12774
f 12779 12777 12778
f 12822 12782 12828
f 12799 12808 12809
f 12802 12803 12804
f 12804 12805 12806
f 12808 12806 12807
f 12826 12824 12825
f 13157 13217 12827
f 12828 12897 12895
f 12831 12829 12830
f 12843 12836 12842
f 12840 12841 12839
f 12848 12846 12847
f 12851 12849 12850
f 12854 12855 12856
f 12862 12863 12864
f 12872 12873 12871
f 12871 12880 12881
f 12873 12874 12875
f 12876 12877 12878
f 12880 12878 12879
f 12882 12883 12884
f 12887 12882 12886
f 12903 12901 12902
f 12927 12925 12926
f 12943 12944 12946
f 12951 12952 12953
f 12953 12954 12955
f 12955 12956 12957
f 12959 12957 12958
f 12959 12960 12961
f 13380 12971 12970
f 13080 12995 12991
f 12996 12997 12998
f 12999 13000 13001
f 13005 13006 13007
f 13005 13224 13006
f 13117 13010 13101
f 13015 13013 13014
f 13018 13016 13017
f 13019 13020 13021
f 13019 13022 13023
f 13027 13028 13029
f 13040 13213 13056
f 13141 13051 13053
f 13063 13061 13062
f 13068 13069 13070
f 13097 13094 13095
f 13112 13113 13114
f 13119 13120 13118
f 13124 13154 13138
f 13159 13160 13158
f 13166 13167 13165
f 13169 13213 13206
f 13172 13170 13171
f 13173 13170 13172
f 13175 13173 13174
f 13197 13289 13196
f 13221 13222 13223
f 13378 13230 13227
f 13250 13230 13253
f 13246 13244 13245
f 13249 13247 13248
f 13253 13264 13263
f 13274 13272 13273
f 13286 13287 13288
f 13302 13300 13301
f 13363 13364 13365
f 13372 13373 13374
f 13378 13377 13376
f 13406 13404 13405
f 13417 13418 13419
f 13426 13423 13424
f 13428 13433 13427
